Episode,Steps,RewardZ1,RewardZ2,GoalReached,Epsilon,WastedByPenalty,WastedByNoEffect
0,0,0.00,0.00,0,0.300000,0,0
1,3,12.00,28.00,1,0.299100,2,1
2,20,16.00,-50.00,1,0.300000,11,3
3,20,-175.00,80.00,0,0.299100,15,4
4,20,-185.00,-150.00,0,0.298203,19,4
5,20,30.00,-119.00,0,0.297308,11,4
6,20,-175.00,80.00,0,0.296416,15,4
7,2,89.00,8.00,1,0.295527,0,0
8,20,-36.00,-32.00,0,0.294640,14,4
9,20,-9.00,41.00,0,0.293756,18,1
10,20,-11.00,4.00,0,0.292875,16,4
11,20,-190.00,80.00,0,0.291997,16,3
12,20,119.00,-186.00,0,0.291121,19,2
13,20,-205.00,80.00,0,0.290247,18,3
14,20,-165.00,-83.00,0,0.289376,18,3
15,20,37.00,-67.00,0,0.288508,12,3
16,20,-185.00,80.00,0,0.287643,16,2
17,2,89.00,8.00,1,0.286780,0,0
18,20,55.00,-62.00,0,0.285920,15,5
19,20,18.00,27.00,0,0.285062,16,3
20,20,73.00,-82.00,0,0.284207,15,4
21,20,-195.00,80.00,0,0.283354,17,2
22,20,41.00,-49.00,0,0.282504,18,2
23,20,-110.00,80.00,0,0.281656,3,14
24,20,-180.00,-29.00,0,0.280811,18,1
25,20,6.00,-114.00,0,0.279969,11,4
26,20,-170.00,80.00,0,0.279129,15,4
27,2,89.00,8.00,1,0.278292,0,0
28,20,8.00,-100.00,0,0.277457,17,2
29,20,-49.00,82.00,0,0.276624,19,2
30,20,18.00,-47.00,0,0.275795,18,3
31,20,-205.00,80.00,0,0.274967,18,3
32,20,49.00,-46.00,0,0.274142,19,1
33,20,-75.00,80.00,0,0.273320,5,4
34,20,-185.00,-99.00,0,0.272500,18,3
35,20,72.00,-84.00,0,0.271682,11,5
36,20,-190.00,80.00,0,0.270867,17,4
37,3,88.00,12.00,1,0.270055,0,1
38,20,11.00,-16.00,0,0.269245,16,4
39,20,-12.00,34.00,0,0.268437,17,5
40,20,76.00,-79.00,0,0.267632,13,3
41,20,-215.00,80.00,0,0.266829,19,2
42,20,68.00,-95.00,0,0.266028,19,1
43,20,-145.00,80.00,0,0.265230,12,2
44,20,-160.00,-83.00,0,0.264434,14,2
45,20,54.00,-79.00,0,0.263641,11,1
46,20,-210.00,80.00,0,0.262850,19,4
47,2,89.00,8.00,1,0.262062,0,0
48,20,-2.00,-2.00,0,0.261275,19,0
49,20,-49.00,97.00,0,0.260492,17,2
50,20,14.00,-16.00,0,0.259710,16,2
51,20,-205.00,80.00,0,0.258931,18,5
52,20,121.00,-181.00,0,0.258154,20,0
53,20,-130.00,80.00,0,0.257380,11,1
54,20,-185.00,-53.00,0,0.256608,18,3
55,20,54.00,-79.00,0,0.255838,11,1
56,20,-210.00,80.00,0,0.255070,19,2
57,3,88.00,12.00,1,0.254305,0,1
58,20,54.00,-67.00,0,0.253542,17,1
59,20,-49.00,77.00,0,0.252781,19,2
60,20,-8.00,2.00,0,0.252023,14,6
61,20,-205.00,80.00,0,0.251267,17,4
62,20,51.00,-54.00,0,0.250513,18,2
63,20,-185.00,80.00,0,0.249762,16,4
64,20,-205.00,-61.00,0,0.249012,19,2
65,20,40.00,-87.00,0,0.248265,11,3
66,20,-150.00,80.00,0,0.247521,12,4
67,4,27.00,16.00,1,0.246778,2,2
68,20,0.00,-2.00,0,0.246038,19,0
69,20,-10.00,46.00,0,0.245300,18,3
70,20,0.00,0.00,0,0.244564,20,0
71,20,-180.00,80.00,0,0.243830,13,10
72,20,6.00,-24.00,0,0.243099,18,2
73,20,-60.00,80.00,0,0.242369,4,4
74,20,-150.00,-48.00,0,0.241642,14,2
75,20,33.00,-65.00,0,0.240917,13,3
76,20,-120.00,80.00,0,0.240194,8,7
77,5,66.00,20.00,1,0.239474,2,3
78,20,1.00,-4.00,0,0.238755,17,2
79,20,-68.00,85.00,0,0.238039,17,4
80,20,-23.00,17.00,0,0.237325,15,4
81,20,-155.00,80.00,0,0.236613,10,8
82,20,110.00,-185.00,0,0.235903,16,5
83,20,-110.00,80.00,0,0.235196,9,1
84,20,-170.00,35.00,0,0.234490,14,3
85,20,-9.00,-84.00,0,0.233786,11,4
86,20,-160.00,80.00,0,0.233085,14,4
87,2,89.00,8.00,1,0.232386,0,0
88,20,1.00,-7.00,0,0.231689,19,2
89,20,-27.00,4.00,0,0.230994,18,3
90,20,11.00,-29.00,0,0.230301,19,2
91,20,-160.00,80.00,0,0.229610,8,12
92,20,86.00,-124.00,0,0.228921,18,4
93,20,-70.00,80.00,0,0.228234,5,4
94,20,-100.00,52.00,0,0.227549,9,1
95,20,54.00,-70.00,0,0.226867,12,1
96,20,-150.00,80.00,0,0.226186,12,4
97,3,78.00,12.00,1,0.225508,1,1
98,20,21.00,-56.00,0,0.224831,19,1
99,20,-65.00,87.00,0,0.224157,17,2
100,20,53.00,-82.00,0,0.223484,17,2
101,20,-130.00,80.00,0,0.222814,4,16
102,20,54.00,-61.00,0,0.222145,20,1
103,20,-210.00,80.00,0,0.221479,19,2
104,20,-150.00,39.00,0,0.220814,14,3
105,20,39.00,-70.00,0,0.220152,19,1
106,20,-135.00,80.00,0,0.219492,11,3
107,4,32.00,16.00,1,0.218833,1,2
108,20,44.00,-65.00,0,0.218177,18,1
109,20,-47.00,87.00,0,0.217522,17,2
110,20,15.00,-35.00,0,0.216869,18,1
111,20,-135.00,80.00,0,0.216219,8,8
112,20,70.00,-90.00,0,0.215570,18,1
113,20,-165.00,80.00,0,0.214923,14,2
114,20,-95.00,11.00,0,0.214279,7,4
115,20,62.00,-75.00,0,0.213636,18,1
116,20,-105.00,80.00,0,0.212995,8,4
117,2,89.00,8.00,1,0.212356,0,0
118,20,-23.00,6.00,0,0.211719,18,4
119,20,-11.00,41.00,0,0.211084,16,3
120,20,14.00,-26.00,0,0.210450,17,2
121,20,-135.00,80.00,0,0.209819,6,15
122,20,60.00,-75.00,0,0.209190,17,3
123,20,-150.00,80.00,0,0.208562,12,5
124,20,-85.00,-52.00,0,0.207936,8,2
125,20,16.00,-14.00,0,0.207313,18,2
126,20,-75.00,80.00,0,0.206691,5,2
127,2,89.00,8.00,1,0.206071,0,0
128,20,-13.00,-26.00,0,0.205452,18,2
129,20,-25.00,37.00,0,0.204836,15,3
130,20,50.00,-75.00,0,0.204222,18,3
131,20,-180.00,80.00,0,0.203609,13,8
132,20,183.00,-209.00,0,0.202998,19,0
133,20,-185.00,80.00,0,0.202389,16,2
134,20,-90.00,32.00,0,0.201782,9,2
135,20,57.00,-58.00,0,0.201177,18,3
136,20,-130.00,80.00,0,0.200573,11,1
137,3,78.00,12.00,1,0.199971,1,1
138,20,-13.00,-7.00,0,0.199371,20,2
139,20,10.00,41.00,0,0.198773,18,1
140,20,11.00,1.00,0,0.198177,16,2
141,20,-190.00,80.00,0,0.197582,14,6
142,20,46.00,-54.00,0,0.196990,18,2
143,20,-200.00,80.00,0,0.196399,18,0
144,20,-60.00,80.00,0,0.195809,4,2
145,20,37.00,-48.00,0,0.195222,18,3
146,20,-110.00,80.00,0,0.194636,9,3
147,2,89.00,8.00,1,0.194052,0,0
148,20,56.00,-65.00,0,0.193470,15,5
149,20,-42.00,77.00,0,0.192890,17,2
150,20,32.00,-43.00,0,0.192311,19,1
151,20,-205.00,80.00,0,0.191734,18,4
152,20,70.00,-100.00,0,0.191159,19,3
153,20,-70.00,80.00,0,0.190586,5,1
154,20,-30.00,80.00,0,0.190014,1,0
155,20,8.00,-17.00,0,0.189444,19,2
156,20,-115.00,80.00,0,0.188876,9,5
157,2,89.00,8.00,1,0.188309,0,0
158,20,55.00,-82.00,0,0.187744,15,5
159,20,16.00,19.00,0,0.187181,15,3
160,20,52.00,-68.00,0,0.186619,19,1
161,20,-185.00,80.00,0,0.186059,13,8
162,20,66.00,-74.00,0,0.185501,12,7
163,20,-100.00,80.00,0,0.184945,8,3
164,20,-105.00,-82.00,0,0.184390,10,2
165,20,8.00,-73.00,0,0.183837,20,2
166,20,-90.00,80.00,0,0.183285,7,0
167,2,89.00,8.00,1,0.182735,0,0
168,20,-10.00,-6.00,0,0.182187,15,4
169,20,22.00,-10.00,0,0.181641,14,5
170,20,-6.00,-1.00,0,0.181096,16,2
171,20,-140.00,80.00,0,0.180552,7,11
172,20,-26.00,14.00,0,0.180011,14,6
173,20,-65.00,80.00,0,0.179471,4,2
174,20,-90.00,67.00,0,0.178932,7,3
175,20,-4.00,-59.00,0,0.178395,16,2
176,20,-65.00,80.00,0,0.177860,4,2
177,4,82.00,16.00,1,0.177327,0,2
178,20,22.00,-71.00,0,0.176795,13,5
179,20,-57.00,66.00,0,0.176264,13,8
180,20,54.00,-61.00,0,0.175735,20,1
181,20,-140.00,80.00,0,0.175208,4,16
182,20,20.00,-55.00,0,0.174683,15,6
183,20,-30.00,80.00,0,0.174159,1,0
184,20,-75.00,26.00,0,0.173636,5,4
185,20,0.00,-8.00,0,0.173115,16,0
186,20,-70.00,80.00,0,0.172596,5,2
187,2,89.00,8.00,1,0.172078,0,0
188,20,15.00,-11.00,0,0.171562,16,4
189,20,-69.00,93.00,0,0.171047,14,6
190,20,-2.00,-7.00,0,0.170534,19,2
191,20,-140.00,80.00,0,0.170022,4,17
192,20,28.00,-42.00,0,0.169512,14,7
193,20,-50.00,80.00,0,0.169004,3,1
194,20,-30.00,80.00,0,0.168497,1,1
195,20,8.00,-30.00,0,0.167991,16,2
196,20,-30.00,80.00,0,0.167487,1,0
197,2,89.00,8.00,1,0.166985,0,0
198,20,-20.00,4.00,0,0.166484,15,6
199,20,-1.00,22.00,0,0.165984,14,7
200,20,-36.00,24.00,0,0.165487,14,6
201,20,-145.00,80.00,0,0.164990,6,14
202,20,45.00,-90.00,0,0.164495,15,6
203,20,-75.00,80.00,0,0.164002,5,1
204,20,-50.00,80.00,0,0.163510,3,0
205,20,8.00,-69.00,0,0.163019,16,0
206,20,-45.00,80.00,0,0.162530,2,2
207,3,78.00,12.00,1,0.162042,1,1
208,20,-8.00,-4.00,0,0.161556,16,4
209,20,6.00,27.00,0,0.161072,13,5
210,20,-41.00,24.00,0,0.160588,15,6
211,20,-140.00,80.00,0,0.160107,4,17
212,20,23.00,-42.00,0,0.159626,15,7
213,20,-75.00,80.00,0,0.159147,5,4
214,20,-80.00,52.00,0,0.158670,6,1
215,20,52.00,-64.00,0,0.158194,15,1
216,20,-55.00,80.00,0,0.157719,3,1
217,2,89.00,8.00,1,0.157246,0,0
218,20,27.00,-48.00,0,0.156775,17,3
219,20,5.00,9.00,0,0.156304,16,5
220,20,8.00,-22.00,0,0.155835,14,7
221,20,-145.00,80.00,0,0.155368,5,17
222,20,161.00,-174.00,0,0.154902,15,3
223,20,-65.00,80.00,0,0.154437,4,2
224,20,-45.00,80.00,0,0.153974,2,4
225,20,37.00,-82.00,0,0.153512,17,3
226,20,-50.00,80.00,0,0.153051,3,0
227,2,89.00,8.00,1,0.152592,0,0
228,20,-6.00,-97.00,0,0.152134,15,4
229,20,-48.00,113.00,0,0.151678,14,4
230,20,21.00,-54.00,0,0.151223,16,5
231,20,-135.00,80.00,0,0.150769,3,17
232,20,21.00,-39.00,0,0.150317,13,7
233,20,-70.00,80.00,0,0.149866,5,2
234,20,-30.00,80.00,0,0.149416,1,0
235,20,57.00,-55.00,0,0.148968,16,3
236,20,-130.00,80.00,0,0.148521,11,2
237,4,87.00,16.00,1,0.148076,1,0
238,20,32.00,-21.00,0,0.147631,16,4
239,20,-4.00,39.00,0,0.147188,15,3
240,20,-41.00,24.00,0,0.146747,15,6
241,20,-145.00,80.00,0,0.146307,5,17
242,20,80.00,-90.00,0,0.145868,12,6
243,20,-60.00,80.00,0,0.145430,4,2
244,20,-40.00,80.00,0,0.144994,2,2
245,20,57.00,-67.00,0,0.144559,15,3
246,20,-50.00,80.00,0,0.144125,3,0
247,2,89.00,8.00,1,0.143693,0,0
248,20,24.00,-93.00,0,0.143262,18,2
249,20,-48.00,83.00,0,0.142832,14,4
250,20,-23.00,-3.00,0,0.142403,15,4
251,20,-130.00,80.00,0,0.141976,3,17
252,20,0.00,-10.00,0,0.141550,10,8
253,20,-40.00,80.00,0,0.141126,2,1
254,20,-30.00,80.00,0,0.140702,1,0
255,20,27.00,-78.00,0,0.140280,14,3
256,20,-50.00,80.00,0,0.139859,3,3
257,3,78.00,12.00,1,0.139440,1,1
258,20,-25.00,4.00,0,0.139021,15,6
259,20,-63.00,95.00,0,0.138604,16,4
260,20,-13.00,-13.00,0,0.138189,15,4
261,20,-120.00,80.00,0,0.137774,3,15
262,20,69.00,-86.00,0,0.137361,12,9
263,20,-90.00,80.00,0,0.136949,7,2
264,20,-45.00,80.00,0,0.136538,2,5
265,20,-14.00,-21.00,0,0.136128,19,4
266,20,-70.00,80.00,0,0.135720,5,0
267,2,89.00,8.00,1,0.135313,0,0
268,20,-8.00,-4.00,0,0.134907,16,4
269,20,-53.00,85.00,0,0.134502,16,4
270,20,46.00,-64.00,0,0.134098,11,9
271,20,-140.00,80.00,0,0.133696,4,17
272,20,35.00,-55.00,0,0.133295,12,8
273,20,-65.00,80.00,0,0.132895,4,2
274,20,-75.00,-8.00,0,0.132496,7,4
275,20,0.00,-77.00,0,0.132099,17,0
276,20,-90.00,80.00,0,0.131703,7,2
277,3,88.00,12.00,1,0.131308,0,1
278,20,-20.00,9.00,0,0.130914,15,6
279,20,-43.00,63.00,0,0.130521,16,4
280,20,-33.00,12.00,0,0.130129,13,8
281,20,-125.00,80.00,0,0.129739,4,14
282,20,126.00,-139.00,0,0.129350,13,6
283,20,-30.00,80.00,0,0.128962,1,1
284,20,-40.00,80.00,0,0.128575,2,1
285,20,8.00,-58.00,0,0.128189,18,2
286,20,-70.00,80.00,0,0.127805,5,2
287,2,89.00,8.00,1,0.127421,0,0
288,20,-23.00,6.00,0,0.127039,17,4
289,20,-9.00,39.00,0,0.126658,15,5
290,20,59.00,-86.00,0,0.126278,12,9
291,20,-135.00,80.00,0,0.125899,4,17
292,20,71.00,-99.00,0,0.125521,13,6
293,20,-70.00,80.00,0,0.125145,5,2
294,20,-70.00,72.00,0,0.124769,7,2
295,20,54.00,-75.00,0,0.124395,18,1
296,20,-30.00,80.00,0,0.124022,1,1
297,2,89.00,8.00,1,0.123650,0,0
298,20,86.00,-46.00,0,0.123279,11,9
299,20,52.00,14.00,0,0.122909,7,11
300,20,7.00,-28.00,0,0.122540,14,8
301,20,-125.00,80.00,0,0.122173,2,19
302,20,5.00,-20.00,0,0.121806,11,8
303,20,-35.00,80.00,0,0.121441,1,1
304,20,-30.00,80.00,0,0.121076,1,0
305,20,27.00,-114.00,0,0.120713,17,2
306,20,-60.00,80.00,0,0.120351,4,1
307,2,89.00,8.00,1,0.119990,0,0
308,20,116.00,-72.00,0,0.119630,3,17
309,20,68.00,9.00,0,0.119271,5,15
310,20,10.00,-45.00,0,0.118913,13,10
311,20,-140.00,80.00,0,0.118556,6,13
312,20,-22.00,-12.00,0,0.118201,12,10
313,20,-35.00,80.00,0,0.117846,1,1
314,20,-30.00,80.00,0,0.117493,1,1
315,20,62.00,-67.00,0,0.117140,16,1
316,20,-55.00,80.00,0,0.116789,3,1
317,2,89.00,8.00,1,0.116438,0,0
318,20,118.00,-77.00,0,0.116089,4,17
319,20,38.00,34.00,0,0.115741,6,15
320,20,-16.00,49.00,0,0.115394,5,14
321,20,-150.00,80.00,0,0.115047,6,15
322,20,-16.00,-6.00,0,0.114702,9,11
323,20,-50.00,80.00,0,0.114358,3,0
324,20,-20.00,80.00,0,0.114015,0,1
325,20,16.00,-18.00,0,0.113673,16,0
326,20,-55.00,80.00,0,0.113332,3,1
327,2,89.00,8.00,1,0.112992,0,0
328,20,110.00,-79.00,0,0.112653,4,15
329,20,66.00,17.00,0,0.112315,3,15
330,20,-33.00,67.00,0,0.111978,4,16
331,20,-140.00,80.00,0,0.111642,4,18
332,20,-125.00,80.00,0,0.111307,1,20
333,20,-65.00,80.00,0,0.110973,4,2
334,20,-20.00,80.00,0,0.110640,0,0
335,20,37.00,-82.00,0,0.110308,16,3
336,20,-30.00,80.00,0,0.109978,1,2
337,2,89.00,8.00,1,0.109648,0,0
338,20,126.00,-79.00,0,0.109319,2,19
339,20,68.00,22.00,0,0.108991,3,15
340,20,-25.00,80.00,0,0.108664,0,20
341,20,-135.00,80.00,0,0.108338,4,17
342,20,-105.00,72.00,0,0.108013,2,18
343,20,-30.00,80.00,0,0.107689,1,0
344,20,-40.00,80.00,0,0.107366,2,1
345,20,57.00,-64.00,0,0.107044,15,1
346,20,-35.00,80.00,0,0.106722,1,1
347,3,78.00,12.00,1,0.106402,1,1
348,20,102.00,-69.00,0,0.106083,4,13
349,20,76.00,22.00,0,0.105765,2,17
350,20,-20.00,80.00,0,0.105448,0,20
351,20,-125.00,80.00,0,0.105131,3,16
352,20,-36.00,14.00,0,0.104816,6,14
353,20,-60.00,80.00,0,0.104501,4,1
354,20,-55.00,72.00,0,0.104188,3,3
355,20,8.00,-31.00,0,0.103875,17,2
356,20,-70.00,80.00,0,0.103564,5,0
357,2,89.00,8.00,1,0.103253,0,0
358,20,126.00,-69.00,0,0.102943,1,19
359,20,76.00,22.00,0,0.102634,2,17
360,20,-25.00,80.00,0,0.102326,0,20
361,20,-130.00,80.00,0,0.102019,3,19
362,20,-103.00,62.00,0,0.101713,3,18
363,20,-60.00,80.00,0,0.101408,4,1
364,20,-30.00,80.00,0,0.101104,1,1
365,20,-6.00,-15.00,0,0.100801,13,6
366,20,-40.00,80.00,0,0.100498,2,1
367,2,89.00,8.00,1,0.100197,0,0
368,20,118.00,-89.00,0,0.099896,4,17
369,20,76.00,22.00,0,0.099597,2,17
370,20,-25.00,80.00,0,0.099298,0,20
371,20,-175.00,80.00,0,0.099000,12,7
372,20,-98.00,57.00,0,0.098703,3,18
373,20,-40.00,80.00,0,0.098407,2,1
374,20,-20.00,80.00,0,0.098112,0,0
375,20,-11.00,-49.00,0,0.097817,14,4
376,20,-40.00,80.00,0,0.097524,2,1
377,2,89.00,8.00,1,0.097231,0,0
378,20,126.00,-69.00,0,0.096940,1,19
379,20,68.00,24.00,0,0.096649,4,15
380,20,-41.00,49.00,0,0.096359,8,14
381,20,-145.00,80.00,0,0.096070,8,10
382,20,-36.00,-26.00,0,0.095781,8,14
383,20,-50.00,80.00,0,0.095494,3,0
384,20,-40.00,80.00,0,0.095208,2,2
385,20,40.00,-92.00,0,0.094922,17,4
386,20,-60.00,80.00,0,0.094637,4,1
387,2,89.00,8.00,1,0.094353,0,0
388,20,118.00,-79.00,0,0.094070,3,17
389,20,76.00,12.00,0,0.093788,3,17
390,20,-20.00,80.00,0,0.093507,0,20
391,20,-140.00,80.00,0,0.093226,4,17
392,20,31.00,-64.00,0,0.092946,10,10
393,20,-45.00,80.00,0,0.092668,2,2
394,20,-20.00,80.00,0,0.092390,0,0
395,20,-12.00,-6.00,0,0.092112,16,2
396,20,-50.00,80.00,0,0.091836,3,3
397,2,89.00,8.00,1,0.091561,0,0
398,20,126.00,-69.00,0,0.091286,1,19
399,20,68.00,22.00,0,0.091012,3,15
400,20,-18.00,72.00,0,0.090739,2,18
401,20,-135.00,80.00,0,0.090467,4,19
402,20,80.00,-120.00,0,0.090195,9,11
403,20,-30.00,80.00,0,0.089925,1,0
404,20,-40.00,72.00,0,0.089655,2,0
405,20,50.00,-109.00,0,0.089386,14,4
406,20,-30.00,80.00,0,0.089118,1,0
407,2,89.00,8.00,1,0.088851,0,0
408,20,103.00,-79.00,0,0.088584,3,17
409,20,53.00,24.00,0,0.088318,5,15
410,20,-28.00,57.00,0,0.088053,4,16
411,20,-130.00,80.00,0,0.087789,2,18
412,20,-17.00,-12.00,0,0.087526,10,10
413,20,-50.00,80.00,0,0.087263,3,0
414,20,-35.00,80.00,0,0.087001,1,1
415,20,-4.00,-18.00,0,0.086740,14,4
416,20,-35.00,80.00,0,0.086480,1,1
417,2,89.00,8.00,1,0.086221,0,0
418,20,126.00,-69.00,0,0.085962,1,19
419,20,76.00,22.00,0,0.085704,2,17
420,20,-20.00,80.00,0,0.085447,0,20
421,20,-120.00,80.00,0,0.085191,1,19
422,20,142.00,-178.00,0,0.084935,13,7
423,20,-30.00,80.00,0,0.084680,1,0
424,20,-40.00,80.00,0,0.084426,2,3
425,20,50.00,-79.00,0,0.084173,14,5
426,20,-80.00,80.00,0,0.083921,6,3
427,2,89.00,8.00,1,0.083669,0,0
428,20,118.00,-69.00,0,0.083418,2,17
429,20,68.00,22.00,0,0.083168,3,15
430,20,-28.00,57.00,0,0.082918,4,16
431,20,-130.00,80.00,0,0.082669,4,14
432,20,-7.00,-22.00,0,0.082421,10,10
433,20,-40.00,80.00,0,0.082174,2,2
434,20,-45.00,80.00,0,0.081927,2,2
435,20,-19.00,-13.00,0,0.081682,15,4
436,20,-50.00,80.00,0,0.081437,3,0
437,4,67.00,16.00,1,0.081192,2,2
438,20,126.00,-69.00,0,0.080949,1,19
439,20,71.00,12.00,0,0.080706,3,17
440,20,-18.00,52.00,0,0.080464,4,16
441,20,-125.00,80.00,0,0.080222,1,19
442,20,104.00,-141.00,0,0.079982,14,7
443,20,-30.00,80.00,0,0.079742,1,0
444,20,-30.00,80.00,0,0.079503,1,1
445,20,45.00,-52.00,0,0.079264,14,5
446,20,-30.00,80.00,0,0.079026,1,0
447,2,89.00,8.00,1,0.078789,0,0
448,20,126.00,-79.00,0,0.078553,2,19
449,20,76.00,22.00,0,0.078317,2,17
450,20,-40.00,80.00,0,0.078082,1,20
451,20,-120.00,80.00,0,0.077848,0,20
452,20,104.00,-126.00,0,0.077614,12,7
453,20,-30.00,80.00,0,0.077382,1,0
454,20,-30.00,80.00,0,0.077149,1,1
455,20,52.00,-94.00,0,0.076918,15,3
456,20,-70.00,80.00,0,0.076687,5,0
457,2,89.00,8.00,1,0.076457,0,0
458,20,113.00,-74.00,0,0.076228,3,17
459,20,68.00,24.00,0,0.075999,4,15
460,20,-20.00,80.00,0,0.075771,0,20
461,20,-130.00,80.00,0,0.075544,2,18
462,20,44.00,-76.00,0,0.075317,12,9
463,20,-30.00,80.00,0,0.075091,1,0
464,20,-20.00,80.00,0,0.074866,0,0
465,20,-26.00,-15.00,0,0.074641,14,6
466,20,-40.00,80.00,0,0.074417,2,0
467,2,89.00,8.00,1,0.074194,0,0
468,20,126.00,-69.00,0,0.073972,1,19
469,20,76.00,22.00,0,0.073750,2,17
470,20,-30.00,80.00,0,0.073528,1,20
471,20,-135.00,80.00,0,0.073308,3,17
472,20,94.00,-116.00,0,0.073088,13,7
473,20,-35.00,80.00,0,0.072869,1,1
474,20,-30.00,80.00,0,0.072650,1,0
475,20,-2.00,-65.00,0,0.072432,17,2
476,20,-50.00,80.00,0,0.072215,3,0
477,2,89.00,8.00,1,0.071998,0,0
478,20,110.00,-79.00,0,0.071782,4,15
479,20,76.00,17.00,0,0.071567,2,17
480,20,-25.00,80.00,0,0.071352,0,20
481,20,-135.00,80.00,0,0.071138,3,20
482,20,65.00,-80.00,0,0.070925,13,6
483,20,-50.00,80.00,0,0.070712,3,0
484,20,-20.00,80.00,0,0.070500,0,2
485,20,50.00,-67.00,0,0.070288,15,5
486,20,-60.00,80.00,0,0.070077,4,2
487,2,89.00,8.00,1,0.069867,0,0
488,20,13.00,-92.00,0,0.069658,7,13
489,20,76.00,17.00,0,0.069449,2,17
490,20,-18.00,72.00,0,0.069240,2,18
491,20,-190.00,80.00,0,0.069033,15,4
492,20,122.00,-143.00,0,0.068825,11,7
493,20,-90.00,80.00,0,0.068619,7,2
494,20,-30.00,80.00,0,0.068413,1,1
495,20,40.00,-64.00,0,0.068208,13,5
496,20,-55.00,80.00,0,0.068003,3,1
497,2,89.00,8.00,1,0.067799,0,0
498,20,118.00,-69.00,0,0.067596,2,17
499,20,76.00,12.00,0,0.067393,3,17
500,20,-23.00,67.00,0,0.067191,3,16
501,20,-125.00,80.00,0,0.066989,1,19
502,20,116.00,-134.00,0,0.066788,14,5
503,20,-30.00,80.00,0,0.066588,1,1
504,20,-25.00,80.00,0,0.066388,0,1
505,20,62.00,-77.00,0,0.066189,15,3
506,20,-50.00,80.00,0,0.065990,3,0
507,2,89.00,8.00,1,0.065792,0,0
508,20,126.00,-79.00,0,0.065595,2,19
509,20,61.00,17.00,0,0.065398,4,17
510,20,-28.00,72.00,0,0.065202,3,18
511,20,-120.00,80.00,0,0.065007,0,20
512,20,114.00,-151.00,0,0.064811,14,6
513,20,-50.00,80.00,0,0.064617,3,0
514,20,-20.00,80.00,0,0.064423,0,0
515,20,-19.00,4.00,0,0.064230,16,4
516,20,-30.00,80.00,0,0.064037,1,0
517,2,89.00,8.00,1,0.063845,0,0
518,20,126.00,-69.00,0,0.063654,1,19
519,20,76.00,22.00,0,0.063463,2,17
520,20,-18.00,72.00,0,0.063272,2,18
521,20,-130.00,80.00,0,0.063082,2,19
522,20,116.00,-134.00,0,0.062893,14,5
523,20,-50.00,80.00,0,0.062705,3,2
524,20,-40.00,80.00,0,0.062516,2,1
525,20,42.00,-64.00,0,0.062329,14,3
526,20,-50.00,80.00,0,0.062142,3,0
527,2,89.00,8.00,1,0.061955,0,0
528,20,118.00,-67.00,0,0.061770,3,17
529,20,53.00,-3.00,0,0.061584,5,15
530,20,-13.00,57.00,0,0.061400,3,16
531,20,-120.00,80.00,0,0.061215,0,20
532,20,106.00,-119.00,0,0.061032,13,6
533,20,-30.00,80.00,0,0.060849,1,1
534,20,-20.00,80.00,0,0.060666,0,0
535,20,-4.00,-28.00,0,0.060484,14,4
536,20,-55.00,80.00,0,0.060303,3,1
537,3,78.00,12.00,1,0.060122,1,1
538,20,116.00,-64.00,0,0.059941,1,19
539,20,60.00,24.00,0,0.059761,5,13
540,20,-20.00,80.00,0,0.059582,0,20
541,20,-135.00,80.00,0,0.059403,3,17
542,20,134.00,-161.00,0,0.059225,14,5
543,20,-30.00,80.00,0,0.059048,1,0
544,20,-25.00,80.00,0,0.058870,0,1
545,20,-4.00,-6.00,0,0.058694,15,4
546,20,-60.00,80.00,0,0.058518,4,1
547,2,89.00,8.00,1,0.058342,0,0
548,20,118.00,-87.00,0,0.058167,5,17
549,20,60.00,24.00,0,0.057993,5,13
550,20,31.00,26.00,0,0.057819,1,18
551,20,-135.00,80.00,0,0.057645,4,16
552,20,72.00,-90.00,0,0.057472,15,4
553,20,-30.00,80.00,0,0.057300,1,0
554,20,-20.00,80.00,0,0.057128,0,0
555,20,-17.00,36.00,0,0.056957,7,12
556,20,-30.00,80.00,0,0.056786,1,0
557,2,89.00,8.00,1,0.056615,0,0
558,20,118.00,-67.00,0,0.056445,3,17
559,20,68.00,24.00,0,0.056276,4,15
560,20,-20.00,80.00,0,0.056107,0,20
561,20,-125.00,80.00,0,0.055939,1,20
562,20,115.00,-130.00,0,0.055771,14,4
563,20,-30.00,80.00,0,0.055604,1,0
564,20,-30.00,80.00,0,0.055437,1,1
565,20,-16.00,42.00,0,0.055271,3,16
566,20,-30.00,80.00,0,0.055105,1,0
567,2,89.00,8.00,1,0.054940,0,0
568,20,126.00,-69.00,0,0.054775,1,19
569,20,76.00,22.00,0,0.054610,2,17
570,20,-20.00,80.00,0,0.054447,0,20
571,20,-140.00,80.00,0,0.054283,6,12
572,20,161.00,-179.00,0,0.054120,15,4
573,20,-30.00,80.00,0,0.053958,1,0
574,20,-40.00,72.00,0,0.053796,2,1
575,20,-23.00,67.00,0,0.053635,3,18
576,20,-50.00,80.00,0,0.053474,3,0
577,3,78.00,12.00,1,0.053314,1,1
578,20,118.00,-67.00,0,0.053154,3,17
579,20,76.00,22.00,0,0.052994,2,17
580,20,-20.00,80.00,0,0.052835,0,20
581,20,-130.00,80.00,0,0.052677,3,20
582,20,85.00,-132.00,0,0.052519,17,4
583,20,-30.00,80.00,0,0.052361,1,0
584,20,-20.00,80.00,0,0.052204,0,0
585,20,36.00,11.00,0,0.052047,2,19
586,20,-50.00,80.00,0,0.051891,3,0
587,2,89.00,8.00,1,0.051736,0,0
588,20,126.00,-69.00,0,0.051580,1,19
589,20,22.00,-18.00,0,0.051426,3,16
590,20,-30.00,80.00,0,0.051271,1,20
591,20,-130.00,80.00,0,0.051117,2,19
592,20,115.00,-130.00,0,0.050964,14,4
593,20,-30.00,80.00,0,0.050811,1,0
594,20,-20.00,80.00,0,0.050659,0,1
595,20,-20.00,80.00,0,0.050507,0,20
596,20,-65.00,80.00,0,0.050355,4,2
597,2,89.00,8.00,1,0.050204,0,0
598,20,110.00,-67.00,0,0.050054,4,15
599,20,68.00,22.00,0,0.049903,3,15
600,20,-20.00,80.00,0,0.049754,0,20
601,20,-120.00,80.00,0,0.049605,0,20
602,20,171.00,-184.00,0,0.049456,15,3
603,20,-30.00,80.00,0,0.049307,1,0
604,20,-45.00,80.00,0,0.049159,2,2
605,20,-30.00,80.00,0,0.049012,1,20
606,20,-55.00,80.00,0,0.048865,3,1
607,2,89.00,8.00,1,0.048718,0,0
608,20,126.00,-69.00,0,0.048572,1,19
609,20,76.00,17.00,0,0.048426,2,17
610,20,-20.00,80.00,0,0.048281,0,20
611,20,-115.00,80.00,0,0.048136,0,20
612,20,171.00,-184.00,0,0.047992,15,3
613,20,-45.00,80.00,0,0.047848,2,2
614,20,-40.00,72.00,0,0.047704,2,0
615,20,-20.00,80.00,0,0.047561,0,20
616,20,-30.00,80.00,0,0.047419,1,0
617,2,89.00,8.00,1,0.047276,0,0
618,20,118.00,-67.00,0,0.047134,3,17
619,20,68.00,24.00,0,0.046993,4,15
620,20,-20.00,80.00,0,0.046852,0,20
621,20,-120.00,80.00,0,0.046712,0,20
622,20,179.00,-191.00,0,0.046571,13,5
623,20,-30.00,80.00,0,0.046432,1,0
624,20,-25.00,80.00,0,0.046292,0,2
625,20,-20.00,80.00,0,0.046154,0,20
626,20,-45.00,80.00,0,0.046015,2,2
627,2,89.00,8.00,1,0.045877,0,0
628,20,126.00,-69.00,0,0.045739,1,19
629,20,76.00,22.00,0,0.045602,2,17
630,20,-20.00,80.00,0,0.045465,0,20
631,20,-190.00,80.00,0,0.045329,15,5
632,20,171.00,-184.00,0,0.045193,15,3
633,20,-40.00,80.00,0,0.045057,2,1
634,20,-20.00,80.00,0,0.044922,0,0
635,20,-20.00,80.00,0,0.044787,0,20
636,20,-50.00,80.00,0,0.044653,3,0
637,2,89.00,8.00,1,0.044519,0,0
638,20,126.00,-69.00,0,0.044386,1,19
639,20,76.00,22.00,0,0.044252,2,17
640,20,21.00,26.00,0,0.044120,2,18
641,20,-120.00,80.00,0,0.043987,0,20
642,20,115.00,-130.00,0,0.043855,14,4
643,20,-60.00,80.00,0,0.043724,4,1
644,20,-60.00,64.00,0,0.043593,4,0
645,20,-11.00,37.00,0,0.043462,4,16
646,20,-30.00,80.00,0,0.043331,1,0
647,2,89.00,8.00,1,0.043201,0,0
648,20,126.00,-69.00,0,0.043072,1,19
649,20,53.00,24.00,0,0.042943,5,15
650,20,23.00,8.00,0,0.042814,5,13
651,20,-120.00,80.00,0,0.042685,0,20
652,20,181.00,-189.00,0,0.042557,15,3
653,20,-35.00,80.00,0,0.042430,1,1
654,20,-40.00,72.00,0,0.042302,2,0
655,20,-20.00,80.00,0,0.042175,0,20
656,20,-40.00,80.00,0,0.042049,2,2
657,3,83.00,12.00,1,0.041923,0,1
658,20,126.00,-69.00,0,0.041797,1,19
659,20,76.00,22.00,0,0.041672,2,17
660,20,-18.00,72.00,0,0.041547,2,18
661,20,-120.00,80.00,0,0.041422,0,20
662,20,160.00,-174.00,0,0.041298,14,3
663,20,-30.00,80.00,0,0.041174,1,0
664,20,-20.00,80.00,0,0.041050,0,0
665,20,-18.00,72.00,0,0.040927,2,18
666,20,-30.00,80.00,0,0.040804,1,0
667,2,89.00,8.00,1,0.040682,0,0
668,20,126.00,-69.00,0,0.040560,1,19
669,20,76.00,22.00,0,0.040438,2,17
670,20,-20.00,80.00,0,0.040317,0,20
671,20,-130.00,80.00,0,0.040196,2,18
672,20,82.00,-88.00,0,0.040075,14,4
673,20,-35.00,80.00,0,0.039955,1,1
674,20,-20.00,80.00,0,0.039835,0,0
675,20,-30.00,80.00,0,0.039716,1,20
676,20,-60.00,80.00,0,0.039597,4,1
677,2,89.00,8.00,1,0.039478,0,0
678,20,118.00,-79.00,0,0.039359,2,17
679,20,61.00,12.00,0,0.039241,3,17
680,20,-20.00,80.00,0,0.039124,0,20
681,20,-120.00,80.00,0,0.039006,0,20
682,20,164.00,-181.00,0,0.038889,14,5
683,20,-35.00,80.00,0,0.038773,1,1
684,20,-20.00,80.00,0,0.038656,0,0
685,20,-20.00,80.00,0,0.038540,0,20
686,20,-30.00,80.00,0,0.038425,1,0
687,2,89.00,8.00,1,0.038309,0,0
688,20,118.00,-69.00,0,0.038194,2,17
689,20,76.00,22.00,0,0.038080,2,17
690,20,-20.00,80.00,0,0.037966,0,20
691,20,-130.00,80.00,0,0.037852,2,20
692,20,135.00,-160.00,0,0.037738,16,4
693,20,-30.00,80.00,0,0.037625,1,1
694,20,-20.00,80.00,0,0.037512,0,0
695,20,-20.00,80.00,0,0.037400,0,20
696,20,-50.00,80.00,0,0.037287,3,0
697,2,89.00,8.00,1,0.037175,0,0
698,20,126.00,-69.00,0,0.037064,1,19
699,20,68.00,17.00,0,0.036953,3,15
700,20,-13.00,57.00,0,0.036842,3,16
701,20,-120.00,80.00,0,0.036731,1,19
702,20,169.00,-191.00,0,0.036621,14,6
703,20,-30.00,80.00,0,0.036511,1,0
704,20,-20.00,80.00,0,0.036402,0,0
705,20,33.00,6.00,0,0.036293,2,17
706,20,-50.00,80.00,0,0.036184,3,0
707,2,89.00,8.00,1,0.036075,0,0
708,20,126.00,-69.00,0,0.035967,1,19
709,20,68.00,12.00,0,0.035859,4,15
710,20,-28.00,72.00,0,0.035751,3,18
711,20,-120.00,80.00,0,0.035644,0,20
712,20,135.00,-155.00,0,0.035537,15,4
713,20,-40.00,80.00,0,0.035431,2,1
714,20,-40.00,72.00,0,0.035324,2,0
715,20,-20.00,80.00,0,0.035218,0,20
716,20,-40.00,80.00,0,0.035113,2,1
717,2,89.00,8.00,1,0.035007,0,0
718,20,118.00,-69.00,0,0.034902,2,17
719,20,76.00,22.00,0,0.034798,2,17
720,20,-35.00,80.00,0,0.034693,1,20
721,20,-120.00,80.00,0,0.034589,0,20
722,20,171.00,-184.00,0,0.034485,15,3
723,20,-40.00,80.00,0,0.034382,2,1
724,20,-20.00,80.00,0,0.034279,0,0
725,20,-25.00,80.00,0,0.034176,0,20
726,20,-50.00,80.00,0,0.034073,3,0
727,2,89.00,8.00,1,0.033971,0,0
728,20,126.00,-69.00,0,0.033869,1,19
729,20,76.00,12.00,0,0.033768,3,17
730,20,-20.00,80.00,0,0.033666,0,20
731,20,-120.00,80.00,0,0.033565,0,20
732,20,181.00,-194.00,0,0.033465,15,3
733,20,-30.00,80.00,0,0.033364,1,0
734,20,-20.00,80.00,0,0.033264,0,0
735,20,-20.00,80.00,0,0.033164,0,20
736,20,-30.00,80.00,0,0.033065,1,0
737,2,89.00,8.00,1,0.032966,0,0
738,20,126.00,-74.00,0,0.032867,1,19
739,20,76.00,22.00,0,0.032768,2,17
740,20,-20.00,80.00,0,0.032670,0,20
741,20,-145.00,80.00,0,0.032572,7,11
742,20,171.00,-184.00,0,0.032474,15,3
743,20,-40.00,80.00,0,0.032377,2,1
744,20,-25.00,80.00,0,0.032280,0,1
745,20,-20.00,80.00,0,0.032183,0,20
746,20,-40.00,80.00,0,0.032086,1,2
747,2,89.00,8.00,1,0.031990,0,0
748,20,126.00,-69.00,0,0.031894,1,19
749,20,76.00,22.00,0,0.031798,2,17
750,20,-20.00,80.00,0,0.031703,0,20
751,20,-120.00,80.00,0,0.031608,0,20
752,20,138.00,-152.00,0,0.031513,16,3
753,20,-30.00,80.00,0,0.031418,1,0
754,20,-20.00,80.00,0,0.031324,0,0
755,20,-28.00,72.00,0,0.031230,3,18
756,20,-50.00,80.00,0,0.031137,3,0
757,2,89.00,8.00,1,0.031043,0,0
758,20,126.00,-79.00,0,0.030950,2,19
759,20,76.00,22.00,0,0.030857,2,17
760,20,-20.00,80.00,0,0.030765,0,20
761,20,-125.00,80.00,0,0.030672,1,20
762,20,42.00,-68.00,0,0.030580,16,4
763,20,-30.00,80.00,0,0.030489,1,0
764,20,-30.00,80.00,0,0.030397,1,1
765,20,-20.00,80.00,0,0.030306,0,20
766,20,-70.00,80.00,0,0.030215,5,0
767,2,89.00,8.00,1,0.030124,0,0
768,20,126.00,-69.00,0,0.030034,1,19
769,20,76.00,22.00,0,0.029944,2,17
770,20,-30.00,80.00,0,0.029854,1,20
771,20,-120.00,80.00,0,0.029764,0,20
772,20,132.00,-130.00,0,0.029675,15,2
773,20,-35.00,80.00,0,0.029586,1,1
774,20,-40.00,72.00,0,0.029497,2,0
775,20,-20.00,80.00,0,0.029409,0,20
776,20,-30.00,80.00,0,0.029321,1,0
777,2,89.00,8.00,1,0.029233,0,0
778,20,126.00,-69.00,0,0.029145,1,19
779,20,76.00,22.00,0,0.029058,2,17
780,20,-35.00,80.00,0,0.028970,1,20
781,20,-120.00,80.00,0,0.028883,2,17
782,20,90.00,-120.00,0,0.028797,15,4
783,20,-30.00,80.00,0,0.028710,1,0
784,20,-25.00,80.00,0,0.028624,0,1
785,20,-20.00,80.00,0,0.028538,0,20
786,20,-30.00,80.00,0,0.028453,1,0
787,2,89.00,8.00,1,0.028367,0,0
788,20,126.00,-69.00,0,0.028282,1,19
789,20,76.00,22.00,0,0.028198,2,17
790,20,-13.00,57.00,0,0.028113,3,16
791,20,-125.00,80.00,0,0.028029,1,20
792,20,216.00,-229.00,0,0.027944,16,2
793,20,-30.00,80.00,0,0.027861,1,0
794,20,-30.00,80.00,0,0.027777,1,1
795,20,-20.00,80.00,0,0.027694,0,20
796,20,-30.00,80.00,0,0.027611,1,0
797,2,89.00,8.00,1,0.027528,0,0
798,20,126.00,-69.00,0,0.027445,1,19
799,20,76.00,22.00,0,0.027363,2,17
800,20,-20.00,80.00,0,0.027281,0,20
801,20,-125.00,80.00,0,0.027199,1,19
802,20,181.00,-179.00,0,0.027117,14,2
803,20,-30.00,80.00,0,0.027036,1,0
804,20,-20.00,80.00,0,0.026955,0,0
805,20,-20.00,80.00,0,0.026874,0,20
806,20,-30.00,80.00,0,0.026793,1,0
807,2,89.00,8.00,1,0.026713,0,0
808,20,126.00,-79.00,0,0.026633,2,19
809,20,76.00,22.00,0,0.026553,2,17
810,20,-20.00,80.00,0,0.026473,0,20
811,20,-120.00,80.00,0,0.026394,0,20
812,20,125.00,-149.00,0,0.026315,14,5
813,20,-30.00,80.00,0,0.026236,1,0
814,20,-20.00,80.00,0,0.026157,0,0
815,20,-20.00,80.00,0,0.026079,0,20
816,20,-30.00,80.00,0,0.026000,1,0
817,2,89.00,8.00,1,0.025922,0,0
818,20,126.00,-69.00,0,0.025845,1,19
819,20,76.00,22.00,0,0.025767,2,17
820,20,-40.00,80.00,0,0.025690,2,20
821,20,-120.00,80.00,0,0.025613,0,20
822,20,146.00,-164.00,0,0.025536,15,3
823,20,-30.00,80.00,0,0.025459,1,0
824,20,-20.00,80.00,0,0.025383,0,0
825,20,-20.00,80.00,0,0.025307,0,20
826,20,-60.00,80.00,0,0.025231,4,1
827,2,89.00,8.00,1,0.025155,0,0
828,20,126.00,-69.00,0,0.025080,1,19
829,20,76.00,22.00,0,0.025004,2,17
830,20,-30.00,80.00,0,0.024929,1,20
831,20,-120.00,80.00,0,0.024855,0,20
832,20,82.00,-88.00,0,0.024780,16,2
833,20,-40.00,80.00,0,0.024706,2,1
834,20,-45.00,80.00,0,0.024632,2,3
835,20,-25.00,80.00,0,0.024558,0,20
836,20,-30.00,80.00,0,0.024484,1,0
837,2,89.00,8.00,1,0.024411,0,0
838,20,126.00,-79.00,0,0.024337,2,19
839,20,76.00,22.00,0,0.024264,2,17
840,20,-20.00,80.00,0,0.024192,0,20
841,20,-120.00,80.00,0,0.024119,0,20
842,20,181.00,-189.00,0,0.024047,15,2
843,20,-30.00,80.00,0,0.023974,1,0
844,20,-20.00,80.00,0,0.023903,0,0
845,20,-20.00,80.00,0,0.023831,0,20
846,20,-50.00,80.00,0,0.023759,3,0
847,3,78.00,12.00,1,0.023688,1,1
848,20,126.00,-79.00,0,0.023617,2,19
849,20,76.00,22.00,0,0.023546,2,17
850,20,-20.00,80.00,0,0.023476,0,20
851,20,-120.00,80.00,0,0.023405,0,20
852,20,130.00,-156.00,0,0.023335,15,3
853,20,-50.00,80.00,0,0.023265,3,0
854,20,-60.00,52.00,0,0.023195,5,0
855,20,-25.00,80.00,0,0.023126,0,20
856,20,-30.00,80.00,0,0.023056,1,0
857,2,89.00,8.00,1,0.022987,0,0
858,20,126.00,-69.00,0,0.022918,1,19
859,20,76.00,22.00,0,0.022849,2,17
860,20,-13.00,57.00,0,0.022781,3,18
861,20,-120.00,80.00,0,0.022712,0,20
862,20,135.00,-105.00,0,0.022644,6,3
863,20,-40.00,80.00,0,0.022576,2,1
864,20,-20.00,80.00,0,0.022509,0,0
865,20,-20.00,80.00,0,0.022441,0,20
866,20,-50.00,80.00,0,0.022374,3,0
867,2,89.00,8.00,1,0.022307,0,0
868,20,126.00,-74.00,0,0.022240,1,19
869,20,76.00,22.00,0,0.022173,2,17
870,20,-20.00,80.00,0,0.022106,0,20
871,20,-145.00,80.00,0,0.022040,6,13
872,20,161.00,-109.00,0,0.021974,2,0
873,20,-45.00,80.00,0,0.021908,2,1
874,20,-25.00,80.00,0,0.021842,0,1
875,20,-30.00,80.00,0,0.021777,1,20
876,20,-30.00,80.00,0,0.021711,1,0
877,2,89.00,8.00,1,0.021646,0,0
878,20,126.00,-69.00,0,0.021581,1,19
879,20,106.00,20.00,0,0.021517,1,17
880,20,-20.00,80.00,0,0.021452,0,20
881,20,-120.00,80.00,0,0.021388,0,20
882,20,161.00,-119.00,0,0.021324,3,1
883,20,-50.00,80.00,0,0.021260,3,0
884,20,-20.00,80.00,0,0.021196,0,0
885,20,-20.00,80.00,0,0.021132,0,20
886,20,-30.00,80.00,0,0.021069,1,0
887,2,89.00,8.00,1,0.021006,0,0
888,20,118.00,-67.00,0,0.020943,3,17
889,20,76.00,22.00,0,0.020880,2,17
890,20,-20.00,80.00,0,0.020817,0,20
891,20,-120.00,80.00,0,0.020755,0,20
892,20,126.00,-69.00,0,0.020692,1,0
893,20,-35.00,80.00,0,0.020630,1,1
894,20,-20.00,80.00,0,0.020568,0,0
895,20,-18.00,72.00,0,0.020507,2,18
896,20,-60.00,80.00,0,0.020445,4,1
897,2,89.00,8.00,1,0.020384,0,0
898,20,118.00,-67.00,0,0.020323,3,17
899,20,76.00,22.00,0,0.020262,2,17
900,20,-20.00,80.00,0,0.020201,0,20
901,20,-125.00,80.00,0,0.020140,1,20
902,20,126.00,-69.00,0,0.020080,1,0
903,20,-30.00,80.00,0,0.020020,1,0
904,20,-30.00,80.00,0,0.019960,1,0
905,20,-20.00,80.00,0,0.019900,0,20
906,20,-30.00,80.00,0,0.019840,1,0
907,2,89.00,8.00,1,0.019781,0,0
908,20,126.00,-69.00,0,0.019721,1,19
909,20,76.00,12.00,0,0.019662,3,17
910,20,-20.00,80.00,0,0.019603,0,20
911,20,-130.00,80.00,0,0.019544,2,18
912,20,126.00,-69.00,0,0.019486,1,0
913,20,-30.00,80.00,0,0.019427,1,0
914,20,-20.00,80.00,0,0.019369,0,1
915,20,-20.00,80.00,0,0.019311,0,20
916,20,-30.00,80.00,0,0.019253,1,0
917,2,89.00,8.00,1,0.019195,0,0
918,20,118.00,-69.00,0,0.019138,2,17
919,20,68.00,22.00,0,0.019080,3,15
920,20,-20.00,80.00,0,0.019023,0,20
921,20,-135.00,80.00,0,0.018966,3,17
922,20,126.00,-69.00,0,0.018909,1,0
923,20,-30.00,80.00,0,0.018852,1,0
924,20,-20.00,80.00,0,0.018796,0,0
925,20,-20.00,80.00,0,0.018739,0,20
926,20,-30.00,80.00,0,0.018683,1,1
927,2,89.00,8.00,1,0.018627,0,0
928,20,118.00,-69.00,0,0.018571,2,17
929,20,76.00,17.00,0,0.018515,2,17
930,20,-20.00,80.00,0,0.018460,0,20
931,20,-120.00,80.00,0,0.018404,0,20
932,20,126.00,-69.00,0,0.018349,1,0
933,20,-30.00,80.00,0,0.018294,1,0
934,20,-50.00,62.00,0,0.018239,2,2
935,20,-20.00,80.00,0,0.018185,0,20
936,20,-35.00,80.00,0,0.018130,1,1
937,2,89.00,8.00,1,0.018076,0,0
938,20,118.00,-67.00,0,0.018021,3,17
939,20,76.00,22.00,0,0.017967,2,17
940,20,-20.00,80.00,0,0.017913,0,20
941,20,-120.00,80.00,0,0.017860,0,20
942,20,126.00,-69.00,0,0.017806,1,0
943,20,-30.00,80.00,0,0.017753,1,0
944,20,-20.00,80.00,0,0.017699,0,0
945,20,-20.00,80.00,0,0.017646,0,20
946,20,-30.00,80.00,0,0.017593,1,0
947,2,89.00,8.00,1,0.017541,0,0
948,20,126.00,-69.00,0,0.017488,1,19
949,20,76.00,17.00,0,0.017436,2,17
950,20,28.00,13.00,0,0.017383,4,14
951,20,-125.00,80.00,0,0.017331,2,17
952,20,118.00,-79.00,0,0.017279,4,1
953,20,-40.00,80.00,0,0.017227,2,2
954,20,-20.00,80.00,0,0.017176,0,0
955,20,-20.00,80.00,0,0.017124,0,20
956,20,-60.00,80.00,0,0.017073,4,1
957,2,89.00,8.00,1,0.017021,0,0
958,20,126.00,-69.00,0,0.016970,1,19
959,20,76.00,22.00,0,0.016920,2,17
960,20,-20.00,80.00,0,0.016869,0,20
961,20,-125.00,80.00,0,0.016818,1,19
962,20,126.00,-69.00,0,0.016768,1,0
963,20,-30.00,80.00,0,0.016717,1,0
964,20,-20.00,80.00,0,0.016667,0,0
965,20,-20.00,80.00,0,0.016617,0,20
966,20,-30.00,80.00,0,0.016567,1,0
967,2,89.00,8.00,1,0.016518,0,0
968,20,126.00,-79.00,0,0.016468,2,19
969,20,76.00,22.00,0,0.016419,2,17
970,20,-20.00,80.00,0,0.016369,0,20
971,20,-120.00,80.00,0,0.016320,0,20
972,20,126.00,-69.00,0,0.016271,1,0
973,20,-35.00,80.00,0,0.016223,1,1
974,20,-20.00,80.00,0,0.016174,0,0
975,20,-20.00,80.00,0,0.016125,0,20
976,20,-30.00,80.00,0,0.016077,1,0
977,2,89.00,8.00,1,0.016029,0,0
978,20,126.00,-69.00,0,0.015981,1,19
979,20,76.00,22.00,0,0.015933,2,17
980,20,-30.00,80.00,0,0.015885,1,20
981,20,-145.00,80.00,0,0.015837,5,15
982,20,126.00,-69.00,0,0.015790,1,0
983,20,-30.00,80.00,0,0.015742,1,0
984,20,-20.00,80.00,0,0.015695,0,0
985,20,-20.00,80.00,0,0.015648,0,20
986,20,-30.00,80.00,0,0.015601,1,1
987,2,89.00,8.00,1,0.015554,0,0
988,20,126.00,-69.00,0,0.015508,1,19
989,20,76.00,22.00,0,0.015461,2,17
990,20,-20.00,80.00,0,0.015415,0,20
991,20,-115.00,80.00,0,0.015369,0,20
992,20,126.00,-69.00,0,0.015322,1,0
993,20,-30.00,80.00,0,0.015276,1,0
994,20,-20.00,80.00,0,0.015231,0,0
995,20,-18.00,72.00,0,0.015185,2,18
996,20,-30.00,80.00,0,0.015139,1,0
997,2,89.00,8.00,1,0.015094,0,0
998,20,126.00,-69.00,0,0.015049,1,19
999,20,76.00,22.00,0,0.015004,2,17
1000,20,-30.00,80.00,0,0.014959,1,20
1001,20,-120.00,80.00,0,0.014914,0,20
1002,20,126.00,-69.00,0,0.014869,1,0
1003,20,-30.00,80.00,0,0.014824,1,0
1004,20,-20.00,80.00,0,0.014780,0,0
1005,20,-20.00,80.00,0,0.014736,0,20
1006,20,-30.00,80.00,0,0.014691,1,0
1007,2,89.00,8.00,1,0.014647,0,0
1008,20,126.00,-69.00,0,0.014603,1,19
1009,20,76.00,22.00,0,0.014559,2,17
1010,20,-20.00,80.00,0,0.014516,0,20
1011,20,-120.00,80.00,0,0.014472,0,20
1012,20,126.00,-74.00,0,0.014429,1,1
1013,20,-30.00,80.00,0,0.014386,1,0
1014,20,-20.00,80.00,0,0.014342,0,0
1015,20,-18.00,72.00,0,0.014299,2,18
1016,20,-70.00,80.00,0,0.014256,5,0
1017,2,89.00,8.00,1,0.014214,0,0
1018,20,126.00,-69.00,0,0.014171,1,19
1019,20,76.00,22.00,0,0.014129,2,17
1020,20,-13.00,57.00,0,0.014086,3,16
1021,20,-120.00,80.00,0,0.014044,0,20
1022,20,126.00,-69.00,0,0.014002,1,0
1023,20,-30.00,80.00,0,0.013960,1,0
1024,20,-20.00,80.00,0,0.013918,0,0
1025,20,-20.00,80.00,0,0.013876,0,20
1026,20,-30.00,80.00,0,0.013834,1,0
1027,2,89.00,8.00,1,0.013793,0,0
1028,20,126.00,-69.00,0,0.013752,1,19
1029,20,68.00,24.00,0,0.013710,4,15
1030,20,-20.00,80.00,0,0.013669,0,20
1031,20,-120.00,80.00,0,0.013628,0,20
1032,20,126.00,-79.00,0,0.013587,2,1
1033,20,-30.00,80.00,0,0.013547,1,0
1034,20,-30.00,80.00,0,0.013506,1,0
1035,20,-20.00,80.00,0,0.013465,0,20
1036,20,-50.00,80.00,0,0.013425,3,0
1037,2,89.00,8.00,1,0.013385,0,0
1038,20,126.00,-69.00,0,0.013345,1,19
1039,20,76.00,22.00,0,0.013305,2,17
1040,20,-20.00,80.00,0,0.013265,0,20
1041,20,-120.00,80.00,0,0.013225,0,20
1042,20,111.00,-74.00,0,0.013185,3,2
1043,20,-30.00,80.00,0,0.013146,1,0
1044,20,-20.00,80.00,0,0.013106,0,0
1045,20,-20.00,80.00,0,0.013067,0,20
1046,20,-50.00,80.00,0,0.013028,3,0
1047,2,89.00,8.00,1,0.012989,0,0
1048,20,126.00,-69.00,0,0.012950,1,19
1049,20,76.00,22.00,0,0.012911,2,17
1050,20,-20.00,80.00,0,0.012872,0,20
1051,20,-120.00,80.00,0,0.012833,0,20
1052,20,118.00,-69.00,0,0.012795,3,0
1053,20,-30.00,80.00,0,0.012757,1,0
1054,20,-20.00,80.00,0,0.012718,0,0
1055,20,-20.00,80.00,0,0.012680,0,20
1056,20,-30.00,80.00,0,0.012642,1,0
1057,2,89.00,8.00,1,0.012604,0,0
1058,20,126.00,-69.00,0,0.012566,1,19
1059,20,68.00,24.00,0,0.012529,4,15
1060,20,-20.00,80.00,0,0.012491,0,20
1061,20,-125.00,80.00,0,0.012454,1,20
1062,20,126.00,-69.00,0,0.012416,1,0
1063,20,-30.00,80.00,0,0.012379,1,0
1064,20,-25.00,80.00,0,0.012342,0,1
1065,20,-20.00,80.00,0,0.012305,0,20
1066,20,-30.00,80.00,0,0.012268,1,0
1067,2,89.00,8.00,1,0.012231,0,0
1068,20,126.00,-69.00,0,0.012194,1,19
1069,20,68.00,22.00,0,0.012158,3,15
1070,20,-20.00,80.00,0,0.012121,0,20
1071,20,-120.00,80.00,0,0.012085,0,20
1072,20,126.00,-74.00,0,0.012049,1,1
1073,20,-30.00,80.00,0,0.012013,1,0
1074,20,-20.00,80.00,0,0.011977,0,0
1075,20,-20.00,80.00,0,0.011941,0,20
1076,20,-30.00,80.00,0,0.011905,1,0
1077,2,89.00,8.00,1,0.011869,0,0
1078,20,126.00,-69.00,0,0.011833,1,19
1079,20,76.00,22.00,0,0.011798,2,17
1080,20,-20.00,80.00,0,0.011763,0,20
1081,20,-120.00,80.00,0,0.011727,0,20
1082,20,126.00,-69.00,0,0.011692,1,0
1083,20,-30.00,80.00,0,0.011657,1,0
1084,20,-20.00,80.00,0,0.011622,0,0
1085,20,-20.00,80.00,0,0.011587,0,20
1086,20,-30.00,80.00,0,0.011552,1,0
1087,2,89.00,8.00,1,0.011518,0,0
1088,20,126.00,-69.00,0,0.011483,1,19
1089,20,68.00,22.00,0,0.011449,3,15
1090,20,-20.00,80.00,0,0.011414,0,20
1091,20,-120.00,80.00,0,0.011380,0,20
1092,20,126.00,-69.00,0,0.011346,1,1
1093,20,-30.00,80.00,0,0.011312,1,0
1094,20,-20.00,80.00,0,0.011278,0,0
1095,20,-20.00,80.00,0,0.011244,0,20
1096,20,-30.00,80.00,0,0.011210,1,0
1097,2,89.00,8.00,1,0.011177,0,0
1098,20,126.00,-69.00,0,0.011143,1,19
1099,20,76.00,22.00,0,0.011110,2,17
1100,20,-20.00,80.00,0,0.011077,0,20
1101,20,-120.00,80.00,0,0.011043,0,20
1102,20,126.00,-69.00,0,0.011010,1,0
1103,20,-30.00,80.00,0,0.010977,1,0
1104,20,-20.00,80.00,0,0.010944,0,0
1105,20,-30.00,80.00,0,0.010911,1,20
1106,20,-30.00,80.00,0,0.010879,1,0
1107,2,89.00,8.00,1,0.010846,0,0
1108,20,126.00,-69.00,0,0.010814,1,19
1109,20,76.00,22.00,0,0.010781,2,17
1110,20,-20.00,80.00,0,0.010749,0,20
1111,20,-120.00,80.00,0,0.010716,0,20
1112,20,72.00,-18.00,0,0.010684,2,0
1113,20,-30.00,80.00,0,0.010652,1,0
1114,20,-30.00,80.00,0,0.010620,1,2
1115,20,-18.00,72.00,0,0.010588,2,18
1116,20,-75.00,80.00,0,0.010557,5,1
1117,2,89.00,8.00,1,0.010525,0,0
1118,20,126.00,-69.00,0,0.010493,1,19
1119,20,76.00,22.00,0,0.010462,2,17
1120,20,-20.00,80.00,0,0.010431,0,20
1121,20,-120.00,80.00,0,0.010399,0,20
1122,20,126.00,-69.00,0,0.010368,1,0
1123,20,-40.00,80.00,0,0.010337,2,1
1124,20,-30.00,80.00,0,0.010306,1,1
1125,20,-20.00,80.00,0,0.010275,0,20
1126,20,-30.00,80.00,0,0.010244,1,0
1127,2,89.00,8.00,1,0.010213,0,0
1128,20,126.00,-69.00,0,0.010183,1,19
1129,20,76.00,22.00,0,0.010152,2,17
1130,20,-30.00,80.00,0,0.010122,1,20
1131,20,-120.00,80.00,0,0.010091,0,20
1132,20,126.00,-69.00,0,0.010061,1,0
1133,20,-30.00,80.00,0,0.010031,1,0
1134,20,-40.00,72.00,0,0.010001,2,0
1135,20,-25.00,80.00,0,0.010000,0,20
1136,20,-30.00,80.00,0,0.010000,1,0
1137,2,89.00,8.00,1,0.010000,0,0
1138,20,126.00,-69.00,0,0.010000,1,19
1139,20,76.00,22.00,0,0.010000,2,17
1140,20,-20.00,80.00,0,0.010000,0,20
1141,20,-120.00,80.00,0,0.010000,0,20
1142,20,126.00,-69.00,0,0.010000,1,0
1143,20,-30.00,80.00,0,0.010000,1,0
1144,20,-20.00,80.00,0,0.010000,0,0
1145,20,-20.00,80.00,0,0.010000,0,20
1146,20,-30.00,80.00,0,0.010000,1,0
1147,2,89.00,8.00,1,0.010000,0,0
1148,20,126.00,-69.00,0,0.010000,1,19
1149,20,76.00,22.00,0,0.010000,2,17
1150,20,-20.00,80.00,0,0.010000,0,20
1151,20,-120.00,80.00,0,0.010000,0,20
1152,20,126.00,-69.00,0,0.010000,1,0
1153,20,-30.00,80.00,0,0.010000,1,0
1154,20,-20.00,80.00,0,0.010000,0,0
1155,20,-30.00,80.00,0,0.010000,1,20
1156,20,-30.00,80.00,0,0.010000,1,0
1157,2,89.00,8.00,1,0.010000,0,0
1158,20,126.00,-69.00,0,0.010000,1,19
1159,20,76.00,22.00,0,0.010000,2,17
1160,20,-30.00,80.00,0,0.010000,1,20
1161,20,-110.00,80.00,0,0.010000,0,18
1162,20,126.00,-69.00,0,0.010000,1,0
1163,20,-30.00,80.00,0,0.010000,1,0
1164,20,-20.00,80.00,0,0.010000,0,0
1165,20,-16.00,52.00,0,0.010000,3,16
1166,20,-40.00,80.00,0,0.010000,2,1
1167,2,89.00,8.00,1,0.010000,0,0
1168,20,126.00,-69.00,0,0.010000,1,19
1169,20,76.00,12.00,0,0.010000,3,17
1170,20,-20.00,80.00,0,0.010000,0,20
1171,20,-120.00,80.00,0,0.010000,0,20
1172,20,126.00,-69.00,0,0.010000,1,1
1173,20,-30.00,80.00,0,0.010000,1,0
1174,20,-20.00,80.00,0,0.010000,0,0
1175,20,-20.00,80.00,0,0.010000,0,20
1176,20,-30.00,80.00,0,0.010000,1,0
1177,2,89.00,8.00,1,0.010000,0,0
1178,20,126.00,-69.00,0,0.010000,1,19
1179,20,76.00,22.00,0,0.010000,2,17
1180,20,-20.00,80.00,0,0.010000,0,20
1181,20,-120.00,80.00,0,0.010000,0,20
1182,20,126.00,-69.00,0,0.010000,1,0
1183,20,-30.00,80.00,0,0.010000,1,0
1184,20,-25.00,80.00,0,0.010000,0,1
1185,20,-20.00,80.00,0,0.010000,0,20
1186,20,-40.00,80.00,0,0.010000,2,1
1187,3,83.00,12.00,1,0.010000,0,1
1188,20,126.00,-69.00,0,0.010000,1,19
1189,20,76.00,22.00,0,0.010000,2,17
1190,20,-20.00,80.00,0,0.010000,0,20
1191,20,-120.00,80.00,0,0.010000,0,20
1192,20,118.00,-89.00,0,0.010000,5,0
1193,20,-30.00,80.00,0,0.010000,1,0
1194,20,-20.00,80.00,0,0.010000,0,0
1195,20,-20.00,80.00,0,0.010000,0,20
1196,20,-30.00,80.00,0,0.010000,1,0
1197,2,89.00,8.00,1,0.010000,0,0
1198,20,126.00,-69.00,0,0.010000,1,19
1199,20,71.00,17.00,0,0.010000,3,17
1200,20,-20.00,80.00,0,0.010000,0,20
1201,20,-125.00,80.00,0,0.010000,1,20
1202,20,126.00,-69.00,0,0.010000,1,0
1203,20,-30.00,80.00,0,0.010000,1,0
1204,20,-30.00,80.00,0,0.010000,1,1
1205,20,-18.00,72.00,0,0.010000,2,18
1206,20,-50.00,80.00,0,0.010000,3,0
1207,2,89.00,8.00,1,0.010000,0,0
1208,20,126.00,-69.00,0,0.010000,1,19
1209,20,68.00,24.00,0,0.010000,4,15
1210,20,-20.00,80.00,0,0.010000,0,20
1211,20,-125.00,80.00,0,0.010000,1,20
1212,20,126.00,-69.00,0,0.010000,1,0
1213,20,-30.00,80.00,0,0.010000,1,0
1214,20,-20.00,80.00,0,0.010000,0,0
1215,20,-20.00,80.00,0,0.010000,0,20
1216,20,-30.00,80.00,0,0.010000,1,0
1217,2,89.00,8.00,1,0.010000,0,0
1218,20,126.00,-69.00,0,0.010000,1,19
1219,20,76.00,22.00,0,0.010000,2,17
1220,20,-20.00,80.00,0,0.010000,0,20
1221,20,-120.00,80.00,0,0.010000,0,20
1222,20,126.00,-69.00,0,0.010000,1,0
1223,20,-30.00,80.00,0,0.010000,1,0
1224,20,-20.00,80.00,0,0.010000,0,0
1225,20,-20.00,80.00,0,0.010000,0,20
1226,20,-35.00,80.00,0,0.010000,1,1
1227,2,89.00,8.00,1,0.010000,0,0
1228,20,126.00,-69.00,0,0.010000,1,19
1229,20,76.00,22.00,0,0.010000,2,17
1230,20,-20.00,80.00,0,0.010000,0,20
1231,20,-120.00,80.00,0,0.010000,0,20
1232,20,126.00,-69.00,0,0.010000,1,0
1233,20,-30.00,80.00,0,0.010000,1,0
1234,20,-20.00,80.00,0,0.010000,0,0
1235,20,-20.00,80.00,0,0.010000,0,20
1236,20,-30.00,80.00,0,0.010000,1,0
1237,2,89.00,8.00,1,0.010000,0,0
1238,20,126.00,-69.00,0,0.010000,1,19
1239,20,22.00,-18.00,0,0.010000,3,16
1240,20,-20.00,80.00,0,0.010000,0,20
1241,20,-130.00,80.00,0,0.010000,3,17
1242,20,126.00,-69.00,0,0.010000,1,0
1243,20,-30.00,80.00,0,0.010000,1,0
1244,20,-20.00,80.00,0,0.010000,0,0
1245,20,-20.00,80.00,0,0.010000,0,20
1246,20,-30.00,80.00,0,0.010000,1,0
1247,3,83.00,12.00,1,0.010000,0,1
1248,20,126.00,-69.00,0,0.010000,1,19
1249,20,76.00,22.00,0,0.010000,2,17
1250,20,-20.00,80.00,0,0.010000,0,20
1251,20,-120.00,80.00,0,0.010000,0,20
1252,20,126.00,-69.00,0,0.010000,1,0
1253,20,-30.00,80.00,0,0.010000,1,0
1254,20,-20.00,80.00,0,0.010000,0,0
1255,20,-20.00,80.00,0,0.010000,0,20
1256,20,-30.00,80.00,0,0.010000,1,0
1257,2,89.00,8.00,1,0.010000,0,0
1258,20,126.00,-69.00,0,0.010000,1,19
1259,20,76.00,22.00,0,0.010000,2,17
1260,20,-20.00,80.00,0,0.010000,0,20
1261,20,-120.00,80.00,0,0.010000,0,20
1262,20,126.00,-69.00,0,0.010000,1,0
1263,20,-30.00,80.00,0,0.010000,1,0
1264,20,-20.00,80.00,0,0.010000,0,0
1265,20,-20.00,80.00,0,0.010000,0,20
1266,20,-30.00,80.00,0,0.010000,1,0
1267,2,89.00,8.00,1,0.010000,0,0
1268,20,126.00,-69.00,0,0.010000,1,19
1269,20,68.00,24.00,0,0.010000,4,15
1270,20,-20.00,80.00,0,0.010000,0,20
1271,20,-120.00,80.00,0,0.010000,0,20
1272,20,126.00,-69.00,0,0.010000,1,0
1273,20,-30.00,80.00,0,0.010000,1,0
1274,20,-20.00,80.00,0,0.010000,0,0
1275,20,-20.00,80.00,0,0.010000,0,20
1276,20,-30.00,80.00,0,0.010000,1,0
1277,2,89.00,8.00,1,0.010000,0,0
1278,20,126.00,-69.00,0,0.010000,1,19
1279,20,76.00,22.00,0,0.010000,2,17
1280,20,-20.00,80.00,0,0.010000,0,20
1281,20,-120.00,80.00,0,0.010000,0,20
1282,20,126.00,-69.00,0,0.010000,1,0
1283,20,-30.00,80.00,0,0.010000,1,1
1284,20,-30.00,80.00,0,0.010000,1,1
1285,20,-16.00,64.00,0,0.010000,4,16
1286,20,-40.00,80.00,0,0.010000,2,1
1287,2,89.00,8.00,1,0.010000,0,0
1288,20,126.00,-69.00,0,0.010000,1,19
1289,20,76.00,22.00,0,0.010000,2,17
1290,20,-13.00,57.00,0,0.010000,3,16
1291,20,-120.00,80.00,0,0.010000,0,20
1292,20,126.00,-69.00,0,0.010000,1,0
1293,20,-30.00,80.00,0,0.010000,1,0
1294,20,-20.00,80.00,0,0.010000,0,0
1295,20,-20.00,80.00,0,0.010000,0,20
1296,20,-30.00,80.00,0,0.010000,1,0
1297,2,89.00,8.00,1,0.010000,0,0
1298,20,126.00,-79.00,0,0.010000,2,19
1299,20,76.00,12.00,0,0.010000,3,17
1300,20,-20.00,80.00,0,0.010000,0,20
1301,20,-120.00,80.00,0,0.010000,0,20
1302,20,126.00,-69.00,0,0.010000,1,0
1303,20,-30.00,80.00,0,0.010000,1,1
1304,20,-20.00,80.00,0,0.010000,0,0
1305,20,-20.00,80.00,0,0.010000,0,20
1306,20,-30.00,80.00,0,0.010000,1,0
1307,3,83.00,12.00,1,0.010000,0,1
1308,20,118.00,-69.00,0,0.010000,2,17
1309,20,76.00,22.00,0,0.010000,2,17
1310,20,-20.00,80.00,0,0.010000,0,20
1311,20,-120.00,80.00,0,0.010000,0,20
1312,20,126.00,-69.00,0,0.010000,1,0
1313,20,-30.00,80.00,0,0.010000,1,0
1314,20,-30.00,80.00,0,0.010000,1,0
1315,20,-20.00,80.00,0,0.010000,0,20
1316,20,-30.00,80.00,0,0.010000,1,0
1317,2,89.00,8.00,1,0.010000,0,0
1318,20,126.00,-69.00,0,0.010000,1,19
1319,20,76.00,22.00,0,0.010000,2,17
1320,20,-25.00,80.00,0,0.010000,0,20
1321,20,-120.00,80.00,0,0.010000,0,20
1322,20,126.00,-69.00,0,0.010000,1,0
1323,20,-30.00,80.00,0,0.010000,1,0
1324,20,-20.00,80.00,0,0.010000,0,0
1325,20,-20.00,80.00,0,0.010000,0,20
1326,20,-30.00,80.00,0,0.010000,1,0
1327,2,89.00,8.00,1,0.010000,0,0
1328,20,118.00,-69.00,0,0.010000,2,17
1329,20,76.00,22.00,0,0.010000,2,17
1330,20,-20.00,80.00,0,0.010000,0,20
1331,20,-120.00,80.00,0,0.010000,0,20
1332,20,126.00,-69.00,0,0.010000,1,0
1333,20,-30.00,80.00,0,0.010000,1,0
1334,20,-20.00,80.00,0,0.010000,0,0
1335,20,-18.00,72.00,0,0.010000,2,18
1336,20,-30.00,80.00,0,0.010000,1,0
1337,2,89.00,8.00,1,0.010000,0,0
1338,20,126.00,-69.00,0,0.010000,1,19
1339,20,76.00,22.00,0,0.010000,2,17
1340,20,14.00,-31.00,0,0.010000,14,1
1341,20,-125.00,80.00,0,0.010000,1,20
1342,20,126.00,-69.00,0,0.010000,1,0
1343,20,-30.00,80.00,0,0.010000,1,0
1344,20,-20.00,80.00,0,0.010000,0,0
1345,20,-20.00,80.00,0,0.010000,0,20
1346,20,-30.00,80.00,0,0.010000,1,0
1347,2,89.00,8.00,1,0.010000,0,0
1348,20,126.00,-69.00,0,0.010000,1,19
1349,20,76.00,22.00,0,0.010000,2,17
1350,20,-35.00,15.00,0,0.010000,15,0
1351,20,-120.00,80.00,0,0.010000,0,20
1352,20,126.00,-69.00,0,0.010000,1,0
1353,20,-30.00,80.00,0,0.010000,1,1
1354,20,-20.00,80.00,0,0.010000,0,0
1355,20,-18.00,72.00,0,0.010000,2,18
1356,20,-30.00,80.00,0,0.010000,1,0
1357,2,89.00,8.00,1,0.010000,0,0
1358,20,126.00,-69.00,0,0.010000,1,19
1359,20,76.00,22.00,0,0.010000,2,17
1360,20,19.00,-46.00,0,0.010000,15,1
1361,20,-120.00,80.00,0,0.010000,0,20
1362,20,126.00,-69.00,0,0.010000,1,0
1363,20,-30.00,80.00,0,0.010000,1,0
1364,20,-20.00,80.00,0,0.010000,0,0
1365,20,-20.00,80.00,0,0.010000,0,20
1366,20,-50.00,80.00,0,0.010000,3,0
1367,2,89.00,8.00,1,0.010000,0,0
1368,20,126.00,-69.00,0,0.010000,1,19
1369,20,76.00,22.00,0,0.010000,2,17
1370,20,-35.00,15.00,0,0.010000,15,0
1371,20,-120.00,80.00,0,0.010000,0,20
1372,20,126.00,-74.00,0,0.010000,1,1
1373,20,-30.00,80.00,0,0.010000,1,0
1374,20,-25.00,80.00,0,0.010000,0,1
1375,20,-20.00,80.00,0,0.010000,0,20
1376,20,-30.00,80.00,0,0.010000,1,0
1377,2,89.00,8.00,1,0.010000,0,0
1378,20,126.00,-69.00,0,0.010000,1,19
1379,20,76.00,22.00,0,0.010000,2,17
1380,20,-26.00,54.00,0,0.010000,6,12
1381,20,-120.00,80.00,0,0.010000,0,20
1382,20,126.00,-69.00,0,0.010000,1,0
1383,20,-30.00,80.00,0,0.010000,1,0
1384,20,-20.00,80.00,0,0.010000,0,0
1385,20,-20.00,80.00,0,0.010000,0,20
1386,20,-30.00,80.00,0,0.010000,1,0
1387,2,89.00,8.00,1,0.010000,0,0
1388,20,126.00,-69.00,0,0.010000,1,19
1389,20,76.00,22.00,0,0.010000,2,17
1390,20,-20.00,80.00,0,0.010000,0,20
1391,20,-120.00,80.00,0,0.010000,0,20
1392,20,126.00,-69.00,0,0.010000,1,0
1393,20,-30.00,80.00,0,0.010000,1,0
1394,20,-20.00,80.00,0,0.010000,0,0
1395,20,-30.00,80.00,0,0.010000,1,20
1396,20,-30.00,80.00,0,0.010000,1,1
1397,2,89.00,8.00,1,0.010000,0,0
1398,20,126.00,-69.00,0,0.010000,1,19
1399,20,76.00,22.00,0,0.010000,2,17
1400,20,-20.00,80.00,0,0.010000,0,20
1401,20,-120.00,80.00,0,0.010000,0,20
1402,20,126.00,-89.00,0,0.010000,3,1
1403,20,-50.00,80.00,0,0.010000,3,0
1404,20,-20.00,80.00,0,0.010000,0,0
1405,20,-20.00,80.00,0,0.010000,0,20
1406,20,-30.00,80.00,0,0.010000,1,0
1407,2,89.00,8.00,1,0.010000,0,0
1408,20,126.00,-69.00,0,0.010000,1,19
1409,20,76.00,22.00,0,0.010000,2,17
1410,20,-20.00,80.00,0,0.010000,0,20
1411,20,-120.00,80.00,0,0.010000,0,20
1412,20,126.00,-69.00,0,0.010000,1,0
1413,20,-30.00,80.00,0,0.010000,1,0
1414,20,-30.00,80.00,0,0.010000,1,0
1415,20,-20.00,80.00,0,0.010000,0,20
1416,20,-30.00,80.00,0,0.010000,1,0
1417,2,89.00,8.00,1,0.010000,0,0
1418,20,126.00,-69.00,0,0.010000,1,19
1419,20,76.00,22.00,0,0.010000,2,17
1420,20,-20.00,80.00,0,0.010000,0,20
1421,20,-120.00,80.00,0,0.010000,0,20
1422,20,126.00,-69.00,0,0.010000,1,0
1423,20,-30.00,80.00,0,0.010000,1,0
1424,20,-20.00,80.00,0,0.010000,0,0
1425,20,-20.00,80.00,0,0.010000,0,20
1426,20,-30.00,80.00,0,0.010000,1,0
1427,2,89.00,8.00,1,0.010000,0,0
1428,20,126.00,-79.00,0,0.010000,2,19
1429,20,76.00,22.00,0,0.010000,2,17
1430,20,-20.00,80.00,0,0.010000,0,20
1431,20,-120.00,80.00,0,0.010000,0,20
1432,20,118.00,-67.00,0,0.010000,3,0
1433,20,-30.00,80.00,0,0.010000,1,0
1434,20,-20.00,80.00,0,0.010000,0,0
1435,20,-20.00,80.00,0,0.010000,0,20
1436,20,-35.00,80.00,0,0.010000,1,1
1437,2,89.00,8.00,1,0.010000,0,0
1438,20,126.00,-69.00,0,0.010000,1,19
1439,20,76.00,22.00,0,0.010000,2,17
1440,20,-20.00,80.00,0,0.010000,0,20
1441,20,-120.00,80.00,0,0.010000,0,20
1442,20,126.00,-69.00,0,0.010000,1,0
1443,20,-30.00,80.00,0,0.010000,1,0
1444,20,-20.00,80.00,0,0.010000,0,0
1445,20,-20.00,80.00,0,0.010000,0,20
1446,20,-30.00,80.00,0,0.010000,1,0
1447,2,89.00,8.00,1,0.010000,0,0
1448,20,126.00,-69.00,0,0.010000,1,19
1449,20,76.00,22.00,0,0.010000,2,17
1450,20,-20.00,80.00,0,0.010000,0,20
1451,20,-120.00,80.00,0,0.010000,0,20
1452,20,126.00,-69.00,0,0.010000,1,0
1453,20,-30.00,80.00,0,0.010000,1,0
1454,20,-20.00,80.00,0,0.010000,0,0
1455,20,-20.00,80.00,0,0.010000,0,20
1456,20,-30.00,80.00,0,0.010000,1,0
1457,2,89.00,8.00,1,0.010000,0,0
1458,20,126.00,-69.00,0,0.010000,1,19
1459,20,76.00,22.00,0,0.010000,2,17
1460,20,-30.00,80.00,0,0.010000,1,20
1461,20,-125.00,80.00,0,0.010000,1,20
1462,20,126.00,-69.00,0,0.010000,1,0
1463,20,-50.00,80.00,0,0.010000,3,0
1464,20,-20.00,80.00,0,0.010000,0,0
1465,20,-20.00,80.00,0,0.010000,0,20
1466,20,-30.00,80.00,0,0.010000,1,0
1467,2,89.00,8.00,1,0.010000,0,0
1468,20,126.00,-69.00,0,0.010000,1,19
1469,20,76.00,22.00,0,0.010000,2,17
1470,20,-30.00,80.00,0,0.010000,1,20
1471,20,-120.00,80.00,0,0.010000,0,20
1472,20,126.00,-69.00,0,0.010000,1,0
1473,20,-30.00,80.00,0,0.010000,1,0
1474,20,-40.00,72.00,0,0.010000,2,0
1475,20,-20.00,80.00,0,0.010000,0,20
1476,20,-30.00,80.00,0,0.010000,1,0
1477,2,89.00,8.00,1,0.010000,0,0
1478,20,126.00,-69.00,0,0.010000,1,19
1479,20,76.00,22.00,0,0.010000,2,17
1480,20,-18.00,72.00,0,0.010000,2,18
1481,20,-120.00,80.00,0,0.010000,1,19
1482,20,126.00,-69.00,0,0.010000,1,0
1483,20,-30.00,80.00,0,0.010000,1,0
1484,20,-20.00,80.00,0,0.010000,0,0
1485,20,-20.00,80.00,0,0.010000,0,20
1486,20,-40.00,80.00,0,0.010000,2,1
1487,2,89.00,8.00,1,0.010000,0,0
1488,20,126.00,-69.00,0,0.010000,1,19
1489,20,76.00,22.00,0,0.010000,2,17
1490,20,-13.00,57.00,0,0.010000,3,16
1491,20,-120.00,80.00,0,0.010000,1,18
1492,20,126.00,-69.00,0,0.010000,1,0
1493,20,-50.00,80.00,0,0.010000,3,0
1494,20,-20.00,80.00,0,0.010000,0,0
1495,20,-30.00,80.00,0,0.010000,1,20
1496,20,-35.00,80.00,0,0.010000,1,1
1497,2,89.00,8.00,1,0.010000,0,0
1498,20,126.00,-69.00,0,0.010000,1,19
1499,20,76.00,22.00,0,0.010000,2,17
1500,20,-20.00,80.00,0,0.010000,0,20
1501,20,-120.00,80.00,0,0.010000,0,20
1502,20,126.00,-69.00,0,0.010000,1,0
1503,20,-30.00,80.00,0,0.010000,1,0
1504,20,-20.00,80.00,0,0.010000,0,0
1505,20,-20.00,80.00,0,0.010000,0,20
1506,20,-40.00,80.00,0,0.010000,2,1
1507,2,89.00,8.00,1,0.010000,0,0
1508,20,126.00,-79.00,0,0.010000,2,19
1509,20,76.00,22.00,0,0.010000,2,17
1510,20,-20.00,80.00,0,0.010000,0,20
1511,20,-120.00,80.00,0,0.010000,0,20
1512,20,126.00,-69.00,0,0.010000,1,0
1513,20,-30.00,80.00,0,0.010000,1,0
1514,20,-20.00,80.00,0,0.010000,0,0
1515,20,-20.00,80.00,0,0.010000,0,20
1516,20,-30.00,80.00,0,0.010000,1,0
1517,2,89.00,8.00,1,0.010000,0,0
1518,20,126.00,-69.00,0,0.010000,1,19
1519,20,76.00,22.00,0,0.010000,2,17
1520,20,-20.00,80.00,0,0.010000,0,20
1521,20,-120.00,80.00,0,0.010000,0,20
1522,20,126.00,-69.00,0,0.010000,1,0
1523,20,-50.00,80.00,0,0.010000,3,0
1524,20,-20.00,80.00,0,0.010000,0,0
1525,20,-20.00,80.00,0,0.010000,0,20
1526,20,-30.00,80.00,0,0.010000,1,0
1527,2,89.00,8.00,1,0.010000,0,0
1528,20,126.00,-69.00,0,0.010000,1,19
1529,20,76.00,22.00,0,0.010000,2,17
1530,20,-30.00,80.00,0,0.010000,1,20
1531,20,-120.00,80.00,0,0.010000,0,20
1532,20,126.00,-69.00,0,0.010000,1,0
1533,20,-30.00,80.00,0,0.010000,1,0
1534,20,-30.00,80.00,0,0.010000,1,1
1535,20,-20.00,80.00,0,0.010000,0,20
1536,20,-30.00,80.00,0,0.010000,1,0
1537,2,89.00,8.00,1,0.010000,0,0
1538,20,126.00,-69.00,0,0.010000,1,19
1539,20,76.00,22.00,0,0.010000,2,17
1540,20,-20.00,80.00,0,0.010000,0,20
1541,20,-120.00,80.00,0,0.010000,0,20
1542,20,126.00,-69.00,0,0.010000,1,0
1543,20,-30.00,80.00,0,0.010000,1,0
1544,20,-20.00,80.00,0,0.010000,0,0
1545,20,-20.00,80.00,0,0.010000,0,20
1546,20,-35.00,80.00,0,0.010000,1,1
1547,2,89.00,8.00,1,0.010000,0,0
1548,20,118.00,-67.00,0,0.010000,3,17
1549,20,76.00,12.00,0,0.010000,3,17
1550,20,-25.00,80.00,0,0.010000,0,20
1551,20,-115.00,80.00,0,0.010000,0,20
1552,20,126.00,-69.00,0,0.010000,1,0
1553,20,-30.00,80.00,0,0.010000,1,0
1554,20,-30.00,80.00,0,0.010000,1,1
1555,20,-25.00,80.00,0,0.010000,0,20
1556,20,-30.00,80.00,0,0.010000,1,0
1557,2,89.00,8.00,1,0.010000,0,0
1558,20,126.00,-69.00,0,0.010000,1,19
1559,20,118.00,-18.00,0,0.010000,2,17
1560,20,-20.00,80.00,0,0.010000,0,20
1561,20,-120.00,80.00,0,0.010000,0,20
1562,20,126.00,-69.00,0,0.010000,1,0
1563,20,-30.00,80.00,0,0.010000,1,0
1564,20,-20.00,80.00,0,0.010000,0,0
1565,20,-20.00,80.00,0,0.010000,0,20
1566,20,-30.00,80.00,0,0.010000,1,0
1567,2,89.00,8.00,1,0.010000,0,0
1568,20,126.00,-74.00,0,0.010000,1,19
1569,20,76.00,22.00,0,0.010000,2,17
1570,20,-20.00,80.00,0,0.010000,0,20
1571,20,-120.00,80.00,0,0.010000,0,20
1572,20,126.00,-69.00,0,0.010000,1,1
1573,20,-30.00,80.00,0,0.010000,1,0
1574,20,-20.00,80.00,0,0.010000,0,0
1575,20,-18.00,72.00,0,0.010000,2,18
1576,20,-30.00,80.00,0,0.010000,1,0
1577,2,89.00,8.00,1,0.010000,0,0
1578,20,126.00,-69.00,0,0.010000,1,19
1579,20,76.00,22.00,0,0.010000,2,17
1580,20,-20.00,80.00,0,0.010000,0,20
1581,20,-120.00,80.00,0,0.010000,0,20
1582,20,126.00,-69.00,0,0.010000,1,0
1583,20,-30.00,80.00,0,0.010000,1,0
1584,20,-30.00,80.00,0,0.010000,1,0
1585,20,-20.00,80.00,0,0.010000,0,20
1586,20,-50.00,80.00,0,0.010000,3,0
1587,2,89.00,8.00,1,0.010000,0,0
1588,20,126.00,-74.00,0,0.010000,1,19
1589,20,76.00,22.00,0,0.010000,2,17
1590,20,-20.00,80.00,0,0.010000,0,20
1591,20,-120.00,80.00,0,0.010000,0,20
1592,20,126.00,-69.00,0,0.010000,1,0
1593,20,-30.00,80.00,0,0.010000,1,0
1594,20,-20.00,80.00,0,0.010000,0,1
1595,20,-20.00,80.00,0,0.010000,0,20
1596,20,-30.00,80.00,0,0.010000,1,0
1597,2,89.00,8.00,1,0.010000,0,0
1598,20,126.00,-69.00,0,0.010000,1,19
1599,20,76.00,22.00,0,0.010000,2,17
1600,20,-20.00,80.00,0,0.010000,0,20
1601,20,-120.00,80.00,0,0.010000,0,20
1602,20,126.00,-69.00,0,0.010000,1,0
1603,20,-30.00,80.00,0,0.010000,1,0
1604,20,-20.00,80.00,0,0.010000,0,0
1605,20,-20.00,80.00,0,0.010000,0,20
1606,20,-30.00,80.00,0,0.010000,1,0
1607,2,89.00,8.00,1,0.010000,0,0
1608,20,118.00,-67.00,0,0.010000,3,17
1609,20,76.00,22.00,0,0.010000,2,17
1610,20,-20.00,80.00,0,0.010000,0,20
1611,20,-120.00,80.00,0,0.010000,0,20
1612,20,126.00,-69.00,0,0.010000,1,0
1613,20,-30.00,80.00,0,0.010000,1,0
1614,20,-20.00,80.00,0,0.010000,0,0
1615,20,-20.00,80.00,0,0.010000,0,20
1616,20,-30.00,80.00,0,0.010000,1,0
1617,2,89.00,8.00,1,0.010000,0,0
1618,20,126.00,-69.00,0,0.010000,1,19
1619,20,76.00,22.00,0,0.010000,2,17
1620,20,-20.00,80.00,0,0.010000,0,20
1621,20,-120.00,80.00,0,0.010000,0,20
1622,20,126.00,-69.00,0,0.010000,1,0
1623,20,-35.00,80.00,0,0.010000,1,1
1624,20,-20.00,80.00,0,0.010000,0,0
1625,20,-20.00,80.00,0,0.010000,0,20
1626,20,-30.00,80.00,0,0.010000,1,0
1627,2,89.00,8.00,1,0.010000,0,0
1628,20,126.00,-69.00,0,0.010000,1,19
1629,20,76.00,22.00,0,0.010000,2,17
1630,20,-20.00,80.00,0,0.010000,0,20
1631,20,-120.00,80.00,0,0.010000,0,20
1632,20,126.00,-69.00,0,0.010000,1,0
1633,20,-30.00,80.00,0,0.010000,1,0
1634,20,-20.00,80.00,0,0.010000,0,0
1635,20,-20.00,80.00,0,0.010000,0,20
1636,20,-30.00,80.00,0,0.010000,1,0
1637,2,89.00,8.00,1,0.010000,0,0
1638,20,118.00,-69.00,0,0.010000,2,17
1639,20,76.00,22.00,0,0.010000,2,17
1640,20,-20.00,80.00,0,0.010000,0,20
1641,20,-120.00,80.00,0,0.010000,0,20
1642,20,126.00,-69.00,0,0.010000,1,0
1643,20,-30.00,80.00,0,0.010000,1,0
1644,20,-20.00,80.00,0,0.010000,0,0
1645,20,-20.00,80.00,0,0.010000,0,20
1646,20,-30.00,80.00,0,0.010000,1,0
1647,2,89.00,8.00,1,0.010000,0,0
1648,20,126.00,-69.00,0,0.010000,1,19
1649,20,76.00,22.00,0,0.010000,2,17
1650,20,-20.00,80.00,0,0.010000,0,20
1651,20,-120.00,80.00,0,0.010000,0,20
1652,20,126.00,-69.00,0,0.010000,1,0
1653,20,-30.00,80.00,0,0.010000,1,0
1654,20,-20.00,80.00,0,0.010000,0,0
1655,20,-20.00,80.00,0,0.010000,0,20
1656,20,-30.00,80.00,0,0.010000,1,0
1657,2,89.00,8.00,1,0.010000,0,0
1658,20,126.00,-69.00,0,0.010000,1,19
1659,20,76.00,22.00,0,0.010000,2,17
1660,20,-20.00,80.00,0,0.010000,0,20
1661,20,-120.00,80.00,0,0.010000,0,20
1662,20,126.00,-69.00,0,0.010000,1,0
1663,20,-30.00,80.00,0,0.010000,1,0
1664,20,-20.00,80.00,0,0.010000,0,0
1665,20,-20.00,80.00,0,0.010000,0,20
1666,20,-30.00,80.00,0,0.010000,1,0
1667,1,50.00,4.00,1,0.010000,0,0
1668,20,126.00,-69.00,0,0.010000,1,19
1669,20,76.00,22.00,0,0.010000,2,17
1670,20,-20.00,80.00,0,0.010000,0,20
1671,20,-120.00,80.00,0,0.010000,0,20
1672,20,126.00,-69.00,0,0.010000,1,0
1673,20,-30.00,80.00,0,0.010000,1,0
1674,20,-25.00,80.00,0,0.010000,0,1
1675,20,-20.00,80.00,0,0.010000,0,20
1676,20,-30.00,80.00,0,0.010000,1,0
1677,2,89.00,8.00,1,0.010000,0,0
1678,20,126.00,-69.00,0,0.010000,1,19
1679,20,76.00,22.00,0,0.010000,2,17
1680,20,-20.00,80.00,0,0.010000,0,20
1681,20,-120.00,80.00,0,0.010000,0,20
1682,20,126.00,-69.00,0,0.010000,1,0
1683,20,-30.00,80.00,0,0.010000,1,0
1684,20,-20.00,80.00,0,0.010000,0,0
1685,20,-20.00,80.00,0,0.010000,0,20
1686,20,-30.00,80.00,0,0.010000,1,0
1687,2,89.00,8.00,1,0.010000,0,0
1688,20,126.00,-69.00,0,0.010000,1,19
1689,20,76.00,12.00,0,0.010000,3,17
1690,20,31.00,26.00,0,0.010000,1,18
1691,20,-120.00,80.00,0,0.010000,0,20
1692,20,126.00,-69.00,0,0.010000,1,0
1693,20,-30.00,80.00,0,0.010000,1,0
1694,20,-20.00,80.00,0,0.010000,0,0
1695,20,-20.00,80.00,0,0.010000,0,20
1696,20,-30.00,80.00,0,0.010000,1,0
1697,2,89.00,8.00,1,0.010000,0,0
1698,20,126.00,-69.00,0,0.010000,1,19
1699,20,68.00,22.00,0,0.010000,3,15
1700,20,-20.00,80.00,0,0.010000,0,20
1701,20,-120.00,80.00,0,0.010000,0,20
1702,20,126.00,-69.00,0,0.010000,1,0
1703,20,-50.00,80.00,0,0.010000,3,0
1704,20,-20.00,80.00,0,0.010000,0,0
1705,20,-20.00,80.00,0,0.010000,0,20
1706,20,-30.00,80.00,0,0.010000,1,0
1707,2,89.00,8.00,1,0.010000,0,0
1708,20,126.00,-69.00,0,0.010000,1,19
1709,20,76.00,22.00,0,0.010000,2,17
1710,20,-20.00,80.00,0,0.010000,0,20
1711,20,-120.00,80.00,0,0.010000,0,20
1712,20,126.00,-69.00,0,0.010000,1,0
1713,20,-30.00,80.00,0,0.010000,1,0
1714,20,-20.00,80.00,0,0.010000,0,0
1715,20,-30.00,80.00,0,0.010000,1,20
1716,20,-30.00,80.00,0,0.010000,1,0
1717,2,89.00,8.00,1,0.010000,0,0
1718,20,126.00,-69.00,0,0.010000,1,19
1719,20,76.00,22.00,0,0.010000,2,17
1720,20,-23.00,67.00,0,0.010000,3,16
1721,20,-125.00,80.00,0,0.010000,2,18
1722,20,126.00,-69.00,0,0.010000,1,0
1723,20,-30.00,80.00,0,0.010000,1,0
1724,20,-20.00,80.00,0,0.010000,0,0
1725,20,-20.00,80.00,0,0.010000,0,20
1726,20,-30.00,80.00,0,0.010000,1,0
1727,2,89.00,8.00,1,0.010000,0,0
1728,20,126.00,-69.00,0,0.010000,1,19
1729,20,76.00,22.00,0,0.010000,2,17
1730,20,-20.00,80.00,0,0.010000,0,20
1731,20,-120.00,80.00,0,0.010000,0,20
1732,20,126.00,-69.00,0,0.010000,1,0
1733,20,-30.00,80.00,0,0.010000,1,0
1734,20,-20.00,80.00,0,0.010000,0,0
1735,20,-20.00,80.00,0,0.010000,0,20
1736,20,-30.00,80.00,0,0.010000,1,1
1737,2,89.00,8.00,1,0.010000,0,0
1738,20,126.00,-69.00,0,0.010000,1,19
1739,20,76.00,22.00,0,0.010000,2,17
1740,20,-20.00,80.00,0,0.010000,0,20
1741,20,-120.00,80.00,0,0.010000,0,20
1742,20,118.00,-67.00,0,0.010000,3,0
1743,20,-30.00,80.00,0,0.010000,1,0
1744,20,-20.00,80.00,0,0.010000,0,0
1745,20,-20.00,80.00,0,0.010000,0,20
1746,20,-30.00,80.00,0,0.010000,1,0
1747,2,89.00,8.00,1,0.010000,0,0
1748,20,126.00,-69.00,0,0.010000,1,19
1749,20,76.00,22.00,0,0.010000,2,17
1750,20,-20.00,80.00,0,0.010000,0,20
1751,20,-125.00,80.00,0,0.010000,1,19
1752,20,126.00,-69.00,0,0.010000,1,0
1753,20,-30.00,80.00,0,0.010000,1,0
1754,20,-20.00,80.00,0,0.010000,0,0
1755,20,-20.00,80.00,0,0.010000,0,20
1756,20,-30.00,80.00,0,0.010000,1,0
1757,2,89.00,8.00,1,0.010000,0,0
1758,20,126.00,-69.00,0,0.010000,1,19
1759,20,76.00,22.00,0,0.010000,2,17
1760,20,-20.00,80.00,0,0.010000,0,20
1761,20,-120.00,80.00,0,0.010000,0,20
1762,20,126.00,-69.00,0,0.010000,1,0
1763,20,-30.00,80.00,0,0.010000,1,0
1764,20,-20.00,80.00,0,0.010000,0,0
1765,20,-20.00,80.00,0,0.010000,0,20
1766,20,-30.00,80.00,0,0.010000,1,0
1767,2,89.00,8.00,1,0.010000,0,0
1768,20,126.00,-69.00,0,0.010000,1,19
1769,20,76.00,22.00,0,0.010000,2,17
1770,20,-20.00,80.00,0,0.010000,0,20
1771,20,-120.00,80.00,0,0.010000,0,20
1772,20,126.00,-69.00,0,0.010000,1,0
1773,20,-30.00,80.00,0,0.010000,1,0
1774,20,-20.00,80.00,0,0.010000,0,0
1775,20,-20.00,80.00,0,0.010000,0,20
1776,20,-35.00,80.00,0,0.010000,1,1
1777,2,89.00,8.00,1,0.010000,0,0
1778,20,126.00,-69.00,0,0.010000,1,19
1779,20,76.00,22.00,0,0.010000,2,17
1780,20,-20.00,80.00,0,0.010000,0,20
1781,20,-120.00,80.00,0,0.010000,1,18
1782,20,126.00,-69.00,0,0.010000,1,0
1783,20,-50.00,80.00,0,0.010000,3,0
1784,20,-20.00,80.00,0,0.010000,0,0
1785,20,-20.00,80.00,0,0.010000,0,20
1786,20,-30.00,80.00,0,0.010000,1,0
1787,2,89.00,8.00,1,0.010000,0,0
1788,20,126.00,-79.00,0,0.010000,2,19
1789,20,76.00,22.00,0,0.010000,2,17
1790,20,-20.00,80.00,0,0.010000,0,20
1791,20,-120.00,80.00,0,0.010000,0,20
1792,20,126.00,-69.00,0,0.010000,1,0
1793,20,-30.00,80.00,0,0.010000,1,0
1794,20,-20.00,80.00,0,0.010000,0,0
1795,20,-20.00,80.00,0,0.010000,0,20
1796,20,-40.00,80.00,0,0.010000,2,1
1797,2,89.00,8.00,1,0.010000,0,0
1798,20,126.00,-69.00,0,0.010000,1,19
1799,20,76.00,22.00,0,0.010000,2,17
1800,20,-20.00,80.00,0,0.010000,0,20
1801,20,-120.00,80.00,0,0.010000,0,20
1802,20,126.00,-69.00,0,0.010000,1,0
1803,20,-30.00,80.00,0,0.010000,1,0
1804,20,-20.00,80.00,0,0.010000,0,0
1805,20,-20.00,80.00,0,0.010000,0,20
1806,20,-50.00,80.00,0,0.010000,3,0
1807,2,89.00,8.00,1,0.010000,0,0
1808,20,126.00,-69.00,0,0.010000,1,19
1809,20,76.00,17.00,0,0.010000,2,17
1810,20,-20.00,80.00,0,0.010000,0,20
1811,20,-120.00,80.00,0,0.010000,0,20
1812,20,126.00,-69.00,0,0.010000,1,0
1813,20,-30.00,80.00,0,0.010000,1,0
1814,20,-30.00,80.00,0,0.010000,1,2
1815,20,-20.00,80.00,0,0.010000,0,20
1816,20,-30.00,80.00,0,0.010000,1,0
1817,2,89.00,8.00,1,0.010000,0,0
1818,20,126.00,-69.00,0,0.010000,1,19
1819,20,76.00,22.00,0,0.010000,2,17
1820,20,-20.00,80.00,0,0.010000,0,20
1821,20,-120.00,80.00,0,0.010000,0,20
1822,20,126.00,-69.00,0,0.010000,1,0
1823,20,-30.00,80.00,0,0.010000,1,0
1824,20,-20.00,80.00,0,0.010000,0,0
1825,20,-20.00,80.00,0,0.010000,0,20
1826,20,-30.00,80.00,0,0.010000,1,0
1827,2,89.00,8.00,1,0.010000,0,0
1828,20,126.00,-69.00,0,0.010000,1,19
1829,20,76.00,22.00,0,0.010000,2,17
1830,20,-20.00,80.00,0,0.010000,0,20
1831,20,-120.00,80.00,0,0.010000,0,20
1832,20,126.00,-69.00,0,0.010000,1,0
1833,20,-30.00,80.00,0,0.010000,1,0
1834,20,-20.00,80.00,0,0.010000,0,0
1835,20,-20.00,80.00,0,0.010000,0,20
1836,20,-50.00,80.00,0,0.010000,3,0
1837,2,89.00,8.00,1,0.010000,0,0
1838,20,126.00,-69.00,0,0.010000,1,19
1839,20,76.00,22.00,0,0.010000,2,17
1840,20,-20.00,80.00,0,0.010000,0,20
1841,20,-120.00,80.00,0,0.010000,0,20
1842,20,126.00,-69.00,0,0.010000,1,0
1843,20,-30.00,80.00,0,0.010000,1,0
1844,20,-20.00,80.00,0,0.010000,0,0
1845,20,-20.00,80.00,0,0.010000,0,20
1846,20,-30.00,80.00,0,0.010000,1,0
1847,2,89.00,8.00,1,0.010000,0,0
1848,20,126.00,-69.00,0,0.010000,1,19
1849,20,76.00,12.00,0,0.010000,3,17
1850,20,-20.00,80.00,0,0.010000,0,20
1851,20,-120.00,80.00,0,0.010000,0,20
1852,20,126.00,-69.00,0,0.010000,1,0
1853,20,-30.00,80.00,0,0.010000,1,0
1854,20,-20.00,80.00,0,0.010000,0,0
1855,20,-20.00,80.00,0,0.010000,0,20
1856,20,-30.00,80.00,0,0.010000,1,0
1857,2,89.00,8.00,1,0.010000,0,0
1858,20,126.00,-79.00,0,0.010000,2,19
1859,20,76.00,22.00,0,0.010000,2,17
1860,20,-20.00,80.00,0,0.010000,0,20
1861,20,-120.00,80.00,0,0.010000,0,20
1862,20,126.00,-69.00,0,0.010000,1,0
1863,20,-30.00,80.00,0,0.010000,1,0
1864,20,-20.00,80.00,0,0.010000,0,0
1865,20,-20.00,80.00,0,0.010000,0,20
1866,20,-30.00,80.00,0,0.010000,1,0
1867,2,89.00,8.00,1,0.010000,0,0
1868,20,126.00,-69.00,0,0.010000,1,19
1869,20,68.00,22.00,0,0.010000,3,15
1870,20,-20.00,80.00,0,0.010000,0,20
1871,20,-120.00,80.00,0,0.010000,0,20
1872,20,126.00,-69.00,0,0.010000,1,0
1873,20,-30.00,80.00,0,0.010000,1,0
1874,20,-20.00,80.00,0,0.010000,0,0
1875,20,-20.00,80.00,0,0.010000,0,20
1876,20,-30.00,80.00,0,0.010000,1,0
1877,4,87.00,16.00,1,0.010000,1,0
1878,20,126.00,-69.00,0,0.010000,1,19
1879,20,76.00,22.00,0,0.010000,2,17
1880,20,-20.00,80.00,0,0.010000,0,20
1881,20,-120.00,80.00,0,0.010000,0,20
1882,20,126.00,-69.00,0,0.010000,1,0
1883,20,-30.00,80.00,0,0.010000,1,0
1884,20,-20.00,80.00,0,0.010000,0,0
1885,20,-20.00,80.00,0,0.010000,0,20
1886,20,-30.00,80.00,0,0.010000,1,0
1887,2,89.00,8.00,1,0.010000,0,0
1888,20,126.00,-69.00,0,0.010000,1,19
1889,20,76.00,22.00,0,0.010000,2,17
1890,20,-30.00,80.00,0,0.010000,1,20
1891,20,-120.00,80.00,0,0.010000,0,20
1892,20,126.00,-69.00,0,0.010000,1,0
1893,20,-30.00,80.00,0,0.010000,1,0
1894,20,-20.00,80.00,0,0.010000,0,0
1895,20,-16.00,52.00,0,0.010000,3,16
1896,20,-30.00,80.00,0,0.010000,1,0
1897,2,89.00,8.00,1,0.010000,0,0
1898,20,126.00,-69.00,0,0.010000,1,19
1899,20,76.00,17.00,0,0.010000,2,17
1900,20,-20.00,80.00,0,0.010000,0,20
1901,20,-120.00,80.00,0,0.010000,0,20
1902,20,126.00,-69.00,0,0.010000,1,0
1903,20,-30.00,80.00,0,0.010000,1,0
1904,20,-20.00,80.00,0,0.010000,0,0
1905,20,-20.00,80.00,0,0.010000,0,20
1906,20,-30.00,80.00,0,0.010000,1,0
1907,2,89.00,8.00,1,0.010000,0,0
1908,20,126.00,-69.00,0,0.010000,1,19
1909,20,76.00,22.00,0,0.010000,2,17
1910,20,-20.00,80.00,0,0.010000,0,20
1911,20,-120.00,80.00,0,0.010000,0,20
1912,20,126.00,-69.00,0,0.010000,1,0
1913,20,-30.00,80.00,0,0.010000,1,0
1914,20,-20.00,80.00,0,0.010000,0,0
1915,20,-20.00,80.00,0,0.010000,0,20
1916,20,-30.00,80.00,0,0.010000,1,0
1917,2,89.00,8.00,1,0.010000,0,0
1918,20,126.00,-69.00,0,0.010000,1,19
1919,20,76.00,22.00,0,0.010000,2,17
1920,20,-20.00,80.00,0,0.010000,0,20
1921,20,-120.00,80.00,0,0.010000,0,20
1922,20,126.00,-69.00,0,0.010000,1,0
1923,20,-30.00,80.00,0,0.010000,1,0
1924,20,-20.00,80.00,0,0.010000,0,1
1925,20,-20.00,80.00,0,0.010000,0,20
1926,20,-30.00,80.00,0,0.010000,1,0
1927,2,89.00,8.00,1,0.010000,0,0
1928,20,118.00,-69.00,0,0.010000,2,17
1929,20,76.00,22.00,0,0.010000,2,17
1930,20,-20.00,80.00,0,0.010000,0,20
1931,20,-120.00,80.00,0,0.010000,0,20
1932,20,126.00,-69.00,0,0.010000,1,0
1933,20,-30.00,80.00,0,0.010000,1,0
1934,20,-20.00,80.00,0,0.010000,0,0
1935,20,-20.00,80.00,0,0.010000,0,20
1936,20,-30.00,80.00,0,0.010000,1,0
1937,2,89.00,8.00,1,0.010000,0,0
1938,20,126.00,-69.00,0,0.010000,1,19
1939,20,76.00,22.00,0,0.010000,2,17
1940,20,-20.00,80.00,0,0.010000,0,20
1941,20,-120.00,80.00,0,0.010000,0,20
1942,20,126.00,-69.00,0,0.010000,1,0
1943,20,-60.00,80.00,0,0.010000,4,1
1944,20,-20.00,80.00,0,0.010000,0,0
1945,20,-20.00,80.00,0,0.010000,0,20
1946,20,-30.00,80.00,0,0.010000,1,0
1947,2,89.00,8.00,1,0.010000,0,0
1948,20,126.00,-69.00,0,0.010000,1,19
1949,20,76.00,22.00,0,0.010000,2,17
1950,20,-18.00,72.00,0,0.010000,2,18
1951,20,-120.00,80.00,0,0.010000,0,20
1952,20,126.00,-69.00,0,0.010000,1,0
1953,20,-50.00,80.00,0,0.010000,3,0
1954,20,-20.00,80.00,0,0.010000,0,0
1955,20,-30.00,80.00,0,0.010000,1,20
1956,20,-40.00,80.00,0,0.010000,2,1
1957,2,89.00,8.00,1,0.010000,0,0
1958,20,126.00,-79.00,0,0.010000,2,19
1959,20,76.00,22.00,0,0.010000,2,17
1960,20,-30.00,80.00,0,0.010000,1,20
1961,20,-125.00,80.00,0,0.010000,1,20
1962,20,126.00,-69.00,0,0.010000,1,0
1963,20,-30.00,80.00,0,0.010000,1,0
1964,20,-30.00,80.00,0,0.010000,1,1
1965,20,-18.00,72.00,0,0.010000,2,18
1966,20,-50.00,80.00,0,0.010000,3,0
1967,2,89.00,8.00,1,0.010000,0,0
1968,20,126.00,-69.00,0,0.010000,1,19
1969,20,76.00,22.00,0,0.010000,2,17
1970,20,-20.00,80.00,0,0.010000,0,20
1971,20,-125.00,80.00,0,0.010000,1,20
1972,20,126.00,-69.00,0,0.010000,1,0
1973,20,-30.00,80.00,0,0.010000,1,0
1974,20,-20.00,80.00,0,0.010000,0,0
1975,20,-20.00,80.00,0,0.010000,0,20
1976,20,-30.00,80.00,0,0.010000,1,0
1977,2,89.00,8.00,1,0.010000,0,0
1978,20,126.00,-69.00,0,0.010000,1,19
1979,20,76.00,22.00,0,0.010000,2,17
1980,20,-20.00,80.00,0,0.010000,0,20
1981,20,-130.00,80.00,0,0.010000,2,18
1982,20,126.00,-69.00,0,0.010000,1,0
1983,20,-30.00,80.00,0,0.010000,1,0
1984,20,-20.00,80.00,0,0.010000,0,0
1985,20,-20.00,80.00,0,0.010000,0,20
1986,20,-30.00,80.00,0,0.010000,1,0
1987,2,89.00,8.00,1,0.010000,0,0
1988,20,126.00,-69.00,0,0.010000,1,19
1989,20,76.00,22.00,0,0.010000,2,17
1990,20,-20.00,80.00,0,0.010000,0,20
1991,20,-120.00,80.00,0,0.010000,0,20
1992,20,126.00,-69.00,0,0.010000,1,0
1993,20,-30.00,80.00,0,0.010000,1,0
1994,20,-20.00,80.00,0,0.010000,0,0
1995,20,-20.00,80.00,0,0.010000,0,20
1996,20,-30.00,80.00,0,0.010000,1,0
1997,2,89.00,8.00,1,0.010000,0,0
1998,20,126.00,-69.00,0,0.010000,1,19
1999,20,76.00,22.00,0,0.010000,2,17
2000,20,-20.00,80.00,0,0.010000,0,20
2001,20,-140.00,80.00,0,0.010000,4,17
2002,20,126.00,-69.00,0,0.010000,1,0
2003,20,-30.00,80.00,0,0.010000,1,0
2004,20,-25.00,80.00,0,0.010000,0,1
2005,20,-16.00,52.00,0,0.010000,3,16
2006,20,-40.00,80.00,0,0.010000,2,1
2007,2,89.00,8.00,1,0.010000,0,0
2008,20,126.00,-74.00,0,0.010000,1,19
2009,20,76.00,22.00,0,0.010000,2,17
2010,20,-30.00,80.00,0,0.010000,1,20
2011,20,-120.00,80.00,0,0.010000,0,20
2012,20,126.00,-69.00,0,0.010000,1,0
2013,20,-30.00,80.00,0,0.010000,1,0
2014,20,-20.00,80.00,0,0.010000,0,0
2015,20,-20.00,80.00,0,0.010000,0,20
2016,20,-40.00,80.00,0,0.010000,2,0
2017,2,89.00,8.00,1,0.010000,0,0
2018,20,118.00,-67.00,0,0.010000,3,17
2019,20,76.00,22.00,0,0.010000,2,17
2020,20,-20.00,80.00,0,0.010000,0,19
2021,20,-120.00,80.00,0,0.010000,0,20
2022,20,126.00,-69.00,0,0.010000,1,0
2023,20,-30.00,80.00,0,0.010000,1,0
2024,20,-20.00,80.00,0,0.010000,0,0
2025,20,-20.00,80.00,0,0.010000,0,20
2026,20,-30.00,80.00,0,0.010000,1,0
2027,2,89.00,8.00,1,0.010000,0,0
2028,20,126.00,-69.00,0,0.010000,1,19
2029,20,76.00,22.00,0,0.010000,2,17
2030,20,-20.00,80.00,0,0.010000,0,20
2031,20,-120.00,80.00,0,0.010000,0,20
2032,20,126.00,-69.00,0,0.010000,1,0
2033,20,-30.00,80.00,0,0.010000,1,0
2034,20,-20.00,80.00,0,0.010000,0,0
2035,20,-20.00,80.00,0,0.010000,0,20
2036,20,-30.00,80.00,0,0.010000,1,0
2037,2,89.00,8.00,1,0.010000,0,0
2038,20,126.00,-69.00,0,0.010000,1,19
2039,20,76.00,22.00,0,0.010000,2,17
2040,20,-20.00,80.00,0,0.010000,0,20
2041,20,-120.00,80.00,0,0.010000,0,20
2042,20,126.00,-69.00,0,0.010000,1,0
2043,20,-30.00,80.00,0,0.010000,1,0
2044,20,-30.00,80.00,0,0.010000,1,0
2045,20,-20.00,80.00,0,0.010000,0,20
2046,20,-30.00,80.00,0,0.010000,1,0
2047,2,89.00,8.00,1,0.010000,0,0
2048,20,126.00,-69.00,0,0.010000,1,19
2049,20,76.00,22.00,0,0.010000,2,17
2050,20,-20.00,80.00,0,0.010000,0,20
2051,20,-120.00,80.00,0,0.010000,0,20
2052,20,126.00,-89.00,0,0.010000,3,2
2053,20,-30.00,80.00,0,0.010000,1,0
2054,20,-30.00,80.00,0,0.010000,1,1
2055,20,-20.00,80.00,0,0.010000,0,20
2056,20,-30.00,80.00,0,0.010000,1,0
2057,2,89.00,8.00,1,0.010000,0,0
2058,20,126.00,-69.00,0,0.010000,1,19
2059,20,76.00,22.00,0,0.010000,2,17
2060,20,-20.00,80.00,0,0.010000,0,20
2061,20,-120.00,80.00,0,0.010000,0,20
2062,20,126.00,-69.00,0,0.010000,1,0
2063,20,-50.00,80.00,0,0.010000,3,0
2064,20,-30.00,80.00,0,0.010000,1,0
2065,20,-20.00,80.00,0,0.010000,0,20
2066,20,-50.00,80.00,0,0.010000,3,0
2067,2,89.00,8.00,1,0.010000,0,0
2068,20,126.00,-69.00,0,0.010000,1,19
2069,20,76.00,22.00,0,0.010000,2,17
2070,20,-20.00,80.00,0,0.010000,0,20
2071,20,-125.00,80.00,0,0.010000,1,20
2072,20,126.00,-69.00,0,0.010000,1,0
2073,20,-30.00,80.00,0,0.010000,1,0
2074,20,-20.00,80.00,0,0.010000,0,0
2075,20,-20.00,80.00,0,0.010000,0,20
2076,20,-30.00,80.00,0,0.010000,1,0
2077,2,89.00,8.00,1,0.010000,0,0
2078,20,126.00,-69.00,0,0.010000,1,19
2079,20,76.00,22.00,0,0.010000,2,17
2080,20,-20.00,80.00,0,0.010000,0,20
2081,20,-120.00,80.00,0,0.010000,0,20
2082,20,161.00,-109.00,0,0.010000,2,0
2083,20,-50.00,80.00,0,0.010000,3,0
2084,20,-20.00,80.00,0,0.010000,0,0
2085,20,-20.00,80.00,0,0.010000,0,20
2086,20,-30.00,80.00,0,0.010000,1,0
2087,2,89.00,8.00,1,0.010000,0,0
2088,20,126.00,-69.00,0,0.010000,1,19
2089,20,76.00,22.00,0,0.010000,2,17
2090,20,-20.00,80.00,0,0.010000,0,20
2091,20,-120.00,80.00,0,0.010000,0,20
2092,20,118.00,-69.00,0,0.010000,3,0
2093,20,-30.00,80.00,0,0.010000,1,1
2094,20,-20.00,80.00,0,0.010000,0,0
2095,20,-20.00,80.00,0,0.010000,0,20
2096,20,-30.00,80.00,0,0.010000,1,0
2097,2,89.00,8.00,1,0.010000,0,0
2098,20,126.00,-69.00,0,0.010000,1,19
2099,20,76.00,22.00,0,0.010000,2,17
2100,20,-20.00,80.00,0,0.010000,0,20
2101,20,-120.00,80.00,0,0.010000,0,20
2102,20,126.00,-79.00,0,0.010000,2,1
2103,20,-30.00,80.00,0,0.010000,1,0
2104,20,-20.00,80.00,0,0.010000,0,0
2105,20,-20.00,80.00,0,0.010000,0,20
2106,20,-30.00,80.00,0,0.010000,1,0
2107,2,89.00,8.00,1,0.010000,0,0
2108,20,126.00,-69.00,0,0.010000,1,19
2109,20,76.00,22.00,0,0.010000,2,17
2110,20,-20.00,80.00,0,0.010000,0,20
2111,20,-120.00,80.00,0,0.010000,0,20
2112,20,126.00,-69.00,0,0.010000,1,0
2113,20,-30.00,80.00,0,0.010000,1,0
2114,20,-20.00,80.00,0,0.010000,0,0
2115,20,-20.00,80.00,0,0.010000,0,20
2116,20,-30.00,80.00,0,0.010000,1,0
2117,2,89.00,8.00,1,0.010000,0,0
2118,20,126.00,-69.00,0,0.010000,1,19
2119,20,76.00,22.00,0,0.010000,2,17
2120,20,-20.00,80.00,0,0.010000,0,20
2121,20,-120.00,80.00,0,0.010000,0,20
2122,20,126.00,-74.00,0,0.010000,1,1
2123,20,-30.00,80.00,0,0.010000,1,0
2124,20,-20.00,80.00,0,0.010000,0,0
2125,20,-20.00,80.00,0,0.010000,0,20
2126,20,-30.00,80.00,0,0.010000,1,1
2127,2,89.00,8.00,1,0.010000,0,0
2128,20,118.00,-69.00,0,0.010000,2,17
2129,20,71.00,27.00,0,0.010000,2,17
2130,20,-25.00,80.00,0,0.010000,0,20
2131,20,-120.00,80.00,0,0.010000,0,20
2132,20,126.00,-69.00,0,0.010000,1,0
2133,20,-30.00,80.00,0,0.010000,1,0
2134,20,-20.00,80.00,0,0.010000,0,0
2135,20,-20.00,80.00,0,0.010000,0,20
2136,20,-30.00,80.00,0,0.010000,1,0
2137,2,89.00,8.00,1,0.010000,0,0
2138,20,126.00,-69.00,0,0.010000,1,19
2139,20,76.00,22.00,0,0.010000,2,17
2140,20,-20.00,80.00,0,0.010000,0,20
2141,20,-120.00,80.00,0,0.010000,0,20
2142,20,126.00,-79.00,0,0.010000,2,1
2143,20,-30.00,80.00,0,0.010000,1,0
2144,20,-20.00,80.00,0,0.010000,0,0
2145,20,-20.00,80.00,0,0.010000,0,20
2146,20,-30.00,80.00,0,0.010000,1,0
2147,2,89.00,8.00,1,0.010000,0,0
2148,20,126.00,-69.00,0,0.010000,1,19
2149,20,76.00,22.00,0,0.010000,2,17
2150,20,-35.00,80.00,0,0.010000,1,20
2151,20,-120.00,80.00,0,0.010000,0,20
2152,20,126.00,-79.00,0,0.010000,2,1
2153,20,-30.00,80.00,0,0.010000,1,0
2154,20,-20.00,80.00,0,0.010000,0,0
2155,20,-40.00,80.00,0,0.010000,2,20
2156,20,-30.00,80.00,0,0.010000,1,0
2157,2,89.00,8.00,1,0.010000,0,0
2158,20,126.00,-69.00,0,0.010000,1,19
2159,20,76.00,22.00,0,0.010000,2,17
2160,20,-20.00,80.00,0,0.010000,0,20
2161,20,-120.00,80.00,0,0.010000,0,20
2162,20,126.00,-69.00,0,0.010000,1,0
2163,20,-35.00,80.00,0,0.010000,1,1
2164,20,-20.00,80.00,0,0.010000,0,0
2165,20,-20.00,80.00,0,0.010000,0,20
2166,20,-30.00,80.00,0,0.010000,1,0
2167,2,89.00,8.00,1,0.010000,0,0
2168,20,126.00,-69.00,0,0.010000,1,19
2169,20,76.00,22.00,0,0.010000,2,17
2170,20,-40.00,80.00,0,0.010000,2,20
2171,20,-120.00,80.00,0,0.010000,0,20
2172,20,126.00,-69.00,0,0.010000,1,0
2173,20,-30.00,80.00,0,0.010000,1,0
2174,20,-20.00,80.00,0,0.010000,0,0
2175,20,-20.00,80.00,0,0.010000,0,20
2176,20,-30.00,80.00,0,0.010000,1,0
2177,2,89.00,8.00,1,0.010000,0,0
2178,20,126.00,-69.00,0,0.010000,1,19
2179,20,76.00,22.00,0,0.010000,2,17
2180,20,-30.00,80.00,0,0.010000,1,20
2181,20,-120.00,80.00,0,0.010000,0,20
2182,20,126.00,-69.00,0,0.010000,1,0
2183,20,-30.00,80.00,0,0.010000,1,0
2184,20,-20.00,80.00,0,0.010000,0,0
2185,20,-30.00,80.00,0,0.010000,1,20
2186,20,-30.00,80.00,0,0.010000,1,0
2187,2,89.00,8.00,1,0.010000,0,0
2188,20,126.00,-69.00,0,0.010000,1,19
2189,20,76.00,22.00,0,0.010000,2,17
2190,20,-20.00,80.00,0,0.010000,0,20
2191,20,-120.00,80.00,0,0.010000,0,20
2192,20,126.00,-69.00,0,0.010000,1,0
2193,20,-40.00,80.00,0,0.010000,2,1
2194,20,-20.00,80.00,0,0.010000,0,0
2195,20,-20.00,80.00,0,0.010000,0,20
2196,20,-30.00,80.00,0,0.010000,1,0
2197,2,89.00,8.00,1,0.010000,0,0
2198,20,126.00,-69.00,0,0.010000,1,19
2199,20,76.00,22.00,0,0.010000,2,17
2200,20,-20.00,80.00,0,0.010000,0,20
2201,20,-120.00,80.00,0,0.010000,0,20
2202,20,126.00,-69.00,0,0.010000,1,0
2203,20,-30.00,80.00,0,0.010000,1,0
2204,20,-20.00,80.00,0,0.010000,0,0
2205,20,-20.00,80.00,0,0.010000,0,20
2206,20,-30.00,80.00,0,0.010000,1,0
2207,2,89.00,8.00,1,0.010000,0,0
2208,20,126.00,-69.00,0,0.010000,1,19
2209,20,118.00,-23.00,0,0.010000,2,17
2210,20,-20.00,80.00,0,0.010000,0,20
2211,20,-125.00,80.00,0,0.010000,1,20
2212,20,126.00,-69.00,0,0.010000,1,0
2213,20,-30.00,80.00,0,0.010000,1,0
2214,20,-20.00,80.00,0,0.010000,0,0
2215,20,-20.00,80.00,0,0.010000,0,20
2216,20,-30.00,80.00,0,0.010000,1,0
2217,2,89.00,8.00,1,0.010000,0,0
2218,20,126.00,-69.00,0,0.010000,1,19
2219,20,76.00,22.00,0,0.010000,2,17
2220,20,-25.00,80.00,0,0.010000,0,20
2221,20,-120.00,80.00,0,0.010000,0,20
2222,20,126.00,-69.00,0,0.010000,1,0
2223,20,-30.00,80.00,0,0.010000,1,1
2224,20,-20.00,80.00,0,0.010000,0,0
2225,20,-20.00,80.00,0,0.010000,0,20
2226,20,-30.00,80.00,0,0.010000,1,0
2227,2,89.00,8.00,1,0.010000,0,0
2228,20,126.00,-69.00,0,0.010000,1,19
2229,20,76.00,22.00,0,0.010000,2,17
2230,20,-20.00,80.00,0,0.010000,0,20
2231,20,-120.00,80.00,0,0.010000,0,20
2232,20,126.00,-69.00,0,0.010000,1,0
2233,20,-30.00,80.00,0,0.010000,1,0
2234,20,-20.00,80.00,0,0.010000,0,0
2235,20,-20.00,80.00,0,0.010000,0,20
2236,20,-30.00,80.00,0,0.010000,1,0
2237,2,89.00,8.00,1,0.010000,0,0
2238,20,126.00,-69.00,0,0.010000,1,19
2239,20,76.00,22.00,0,0.010000,2,17
2240,20,-20.00,80.00,0,0.010000,0,20
2241,20,-125.00,80.00,0,0.010000,1,19
2242,20,126.00,-69.00,0,0.010000,1,0
2243,20,-30.00,80.00,0,0.010000,1,0
2244,20,-20.00,80.00,0,0.010000,0,0
2245,20,-20.00,80.00,0,0.010000,0,20
2246,20,-30.00,80.00,0,0.010000,1,0
2247,2,89.00,8.00,1,0.010000,0,0
2248,20,126.00,-69.00,0,0.010000,1,19
2249,20,76.00,22.00,0,0.010000,2,17
2250,20,-20.00,80.00,0,0.010000,0,20
2251,20,-155.00,80.00,0,0.010000,7,13
2252,20,126.00,-79.00,0,0.010000,2,1
2253,20,-40.00,80.00,0,0.010000,2,0
2254,20,-30.00,80.00,0,0.010000,1,1
2255,20,-20.00,80.00,0,0.010000,0,20
2256,20,-30.00,80.00,0,0.010000,1,0
2257,2,89.00,8.00,1,0.010000,0,0
2258,20,126.00,-69.00,0,0.010000,1,19
2259,20,76.00,22.00,0,0.010000,2,17
2260,20,-20.00,80.00,0,0.010000,0,20
2261,20,-145.00,80.00,0,0.010000,5,15
2262,20,126.00,-69.00,0,0.010000,1,0
2263,20,-30.00,80.00,0,0.010000,1,0
2264,20,-20.00,80.00,0,0.010000,0,0
2265,20,-20.00,80.00,0,0.010000,0,20
2266,20,-40.00,80.00,0,0.010000,2,1
2267,2,89.00,8.00,1,0.010000,0,0
2268,20,126.00,-69.00,0,0.010000,1,19
2269,20,76.00,22.00,0,0.010000,2,17
2270,20,-20.00,80.00,0,0.010000,0,20
2271,20,-150.00,80.00,0,0.010000,6,14
2272,20,126.00,-69.00,0,0.010000,1,1
2273,20,-30.00,80.00,0,0.010000,1,0
2274,20,-20.00,80.00,0,0.010000,0,0
2275,20,-20.00,80.00,0,0.010000,0,20
2276,20,-40.00,80.00,0,0.010000,2,1
2277,2,89.00,8.00,1,0.010000,0,0
2278,20,126.00,-69.00,0,0.010000,1,19
2279,20,76.00,22.00,0,0.010000,2,17
2280,20,-20.00,80.00,0,0.010000,0,20
2281,20,-140.00,80.00,0,0.010000,4,16
2282,20,126.00,-69.00,0,0.010000,1,0
2283,20,-50.00,80.00,0,0.010000,3,0
2284,20,-20.00,80.00,0,0.010000,0,0
2285,20,-20.00,80.00,0,0.010000,0,20
2286,20,-30.00,80.00,0,0.010000,1,0
2287,2,89.00,8.00,1,0.010000,0,0
2288,20,126.00,-69.00,0,0.010000,1,19
2289,20,68.00,17.00,0,0.010000,3,15
2290,20,-20.00,80.00,0,0.010000,0,20
2291,20,-160.00,80.00,0,0.010000,8,12
2292,20,126.00,-69.00,0,0.010000,1,0
2293,20,-30.00,80.00,0,0.010000,1,0
2294,20,-20.00,80.00,0,0.010000,0,0
2295,20,-20.00,80.00,0,0.010000,0,20
2296,20,-30.00,80.00,0,0.010000,1,0
2297,2,89.00,8.00,1,0.010000,0,0
2298,20,126.00,-69.00,0,0.010000,1,19
2299,20,76.00,22.00,0,0.010000,2,17
2300,20,-20.00,80.00,0,0.010000,0,20
2301,20,-150.00,80.00,0,0.010000,6,14
2302,20,126.00,-69.00,0,0.010000,1,0
2303,20,-30.00,80.00,0,0.010000,1,0
2304,20,-20.00,80.00,0,0.010000,0,0
2305,20,-20.00,80.00,0,0.010000,0,20
2306,20,-30.00,80.00,0,0.010000,1,0
2307,2,89.00,8.00,1,0.010000,0,0
2308,20,126.00,-79.00,0,0.010000,2,19
2309,20,76.00,22.00,0,0.010000,2,17
2310,20,-20.00,80.00,0,0.010000,0,20
2311,20,-145.00,80.00,0,0.010000,5,15
2312,20,126.00,-69.00,0,0.010000,1,0
2313,20,-30.00,80.00,0,0.010000,1,0
2314,20,-35.00,80.00,0,0.010000,1,2
2315,20,-20.00,80.00,0,0.010000,0,20
2316,20,-30.00,80.00,0,0.010000,1,0
2317,2,89.00,8.00,1,0.010000,0,0
2318,20,126.00,-69.00,0,0.010000,1,19
2319,20,76.00,12.00,0,0.010000,3,17
2320,20,-20.00,80.00,0,0.010000,0,20
2321,20,-150.00,80.00,0,0.010000,6,14
2322,20,126.00,-69.00,0,0.010000,1,0
2323,20,-30.00,80.00,0,0.010000,1,0
2324,20,-20.00,80.00,0,0.010000,0,0
2325,20,-20.00,80.00,0,0.010000,0,20
2326,20,-30.00,80.00,0,0.010000,1,0
2327,2,89.00,8.00,1,0.010000,0,0
2328,20,126.00,-69.00,0,0.010000,1,19
2329,20,76.00,22.00,0,0.010000,2,17
2330,20,-25.00,80.00,0,0.010000,0,20
2331,20,-145.00,80.00,0,0.010000,5,15
2332,20,126.00,-69.00,0,0.010000,1,0
2333,20,-30.00,80.00,0,0.010000,1,0
2334,20,-20.00,80.00,0,0.010000,0,0
2335,20,-20.00,80.00,0,0.010000,0,20
2336,20,-30.00,80.00,0,0.010000,1,0
2337,2,89.00,8.00,1,0.010000,0,0
2338,20,126.00,-69.00,0,0.010000,1,19
2339,20,76.00,22.00,0,0.010000,2,17
2340,20,-20.00,80.00,0,0.010000,0,20
2341,20,-135.00,80.00,0,0.010000,3,17
2342,20,126.00,-69.00,0,0.010000,1,0
2343,20,-40.00,80.00,0,0.010000,2,1
2344,20,-20.00,80.00,0,0.010000,0,0
2345,20,-20.00,80.00,0,0.010000,0,20
2346,20,-30.00,80.00,0,0.010000,1,0
2347,2,89.00,8.00,1,0.010000,0,0
2348,20,126.00,-69.00,0,0.010000,1,19
2349,20,76.00,17.00,0,0.010000,2,17
2350,20,-20.00,80.00,0,0.010000,0,20
2351,20,-145.00,80.00,0,0.010000,5,15
2352,20,126.00,-69.00,0,0.010000,1,0
2353,20,-30.00,80.00,0,0.010000,1,0
2354,20,-20.00,80.00,0,0.010000,0,0
2355,20,-20.00,80.00,0,0.010000,0,20
2356,20,-30.00,80.00,0,0.010000,1,0
2357,2,89.00,8.00,1,0.010000,0,0
2358,20,126.00,-69.00,0,0.010000,1,19
2359,20,76.00,22.00,0,0.010000,2,17
2360,20,-20.00,80.00,0,0.010000,0,20
2361,20,-140.00,80.00,0,0.010000,4,16
2362,20,126.00,-69.00,0,0.010000,1,0
2363,20,-30.00,80.00,0,0.010000,1,0
2364,20,-20.00,80.00,0,0.010000,0,0
2365,20,-20.00,80.00,0,0.010000,0,20
2366,20,-30.00,80.00,0,0.010000,1,0
2367,2,89.00,8.00,1,0.010000,0,0
2368,20,126.00,-69.00,0,0.010000,1,19
2369,20,76.00,22.00,0,0.010000,2,17
2370,20,-30.00,80.00,0,0.010000,1,20
2371,20,-140.00,80.00,0,0.010000,4,17
2372,20,126.00,-79.00,0,0.010000,2,1
2373,20,-30.00,80.00,0,0.010000,1,1
2374,20,-20.00,80.00,0,0.010000,0,0
2375,20,-20.00,80.00,0,0.010000,0,20
2376,20,-30.00,80.00,0,0.010000,1,0
2377,2,89.00,8.00,1,0.010000,0,0
2378,20,126.00,-69.00,0,0.010000,1,19
2379,20,76.00,22.00,0,0.010000,2,17
2380,20,-20.00,80.00,0,0.010000,0,20
2381,20,-140.00,80.00,0,0.010000,4,16
2382,20,126.00,-69.00,0,0.010000,1,0
2383,20,-30.00,80.00,0,0.010000,1,0
2384,20,-20.00,80.00,0,0.010000,0,0
2385,20,-20.00,80.00,0,0.010000,0,20
2386,20,-30.00,80.00,0,0.010000,1,0
2387,2,89.00,8.00,1,0.010000,0,0
2388,20,126.00,-69.00,0,0.010000,1,19
2389,20,68.00,24.00,0,0.010000,4,15
2390,20,-20.00,80.00,0,0.010000,0,20
2391,20,-150.00,80.00,0,0.010000,6,14
2392,20,126.00,-69.00,0,0.010000,1,0
2393,20,-30.00,80.00,0,0.010000,1,0
2394,20,-20.00,80.00,0,0.010000,0,0
2395,20,-20.00,80.00,0,0.010000,0,20
2396,20,-35.00,80.00,0,0.010000,1,1
2397,2,89.00,8.00,1,0.010000,0,0
2398,20,126.00,-69.00,0,0.010000,1,19
2399,20,76.00,22.00,0,0.010000,2,17
2400,20,-20.00,80.00,0,0.010000,0,20
2401,20,-125.00,80.00,0,0.010000,3,15
2402,20,126.00,-69.00,0,0.010000,1,0
2403,20,-30.00,80.00,0,0.010000,1,0
2404,20,-20.00,80.00,0,0.010000,0,0
2405,20,-20.00,80.00,0,0.010000,0,20
2406,20,-45.00,80.00,0,0.010000,2,2
2407,2,89.00,8.00,1,0.010000,0,0
2408,20,126.00,-69.00,0,0.010000,1,19
2409,20,76.00,22.00,0,0.010000,2,17
2410,20,-25.00,80.00,0,0.010000,0,20
2411,20,-135.00,80.00,0,0.010000,3,17
2412,20,126.00,-69.00,0,0.010000,1,0
2413,20,-30.00,80.00,0,0.010000,1,0
2414,20,-20.00,80.00,0,0.010000,0,0
2415,20,33.00,16.00,0,0.010000,2,17
2416,20,-30.00,80.00,0,0.010000,1,0
2417,2,89.00,8.00,1,0.010000,0,0
2418,20,126.00,-69.00,0,0.010000,1,19
2419,20,76.00,22.00,0,0.010000,2,17
2420,20,-20.00,80.00,0,0.010000,0,20
2421,20,-140.00,80.00,0,0.010000,4,16
2422,20,126.00,-69.00,0,0.010000,1,0
2423,20,-30.00,80.00,0,0.010000,1,0
2424,20,-30.00,80.00,0,0.010000,1,1
2425,20,-20.00,80.00,0,0.010000,0,20
2426,20,-30.00,80.00,0,0.010000,1,0
2427,2,89.00,8.00,1,0.010000,0,0
2428,20,126.00,-69.00,0,0.010000,1,19
2429,20,76.00,12.00,0,0.010000,3,17
2430,20,-20.00,80.00,0,0.010000,0,20
2431,20,-145.00,80.00,0,0.010000,5,15
2432,20,126.00,-79.00,0,0.010000,2,0
2433,20,-40.00,80.00,0,0.010000,2,1
2434,20,-20.00,80.00,0,0.010000,0,0
2435,20,-20.00,80.00,0,0.010000,0,20
2436,20,-30.00,80.00,0,0.010000,1,0
2437,2,89.00,8.00,1,0.010000,0,0
2438,20,126.00,-69.00,0,0.010000,1,19
2439,20,76.00,22.00,0,0.010000,2,17
2440,20,-20.00,80.00,0,0.010000,0,20
2441,20,-135.00,80.00,0,0.010000,3,17
2442,20,126.00,-69.00,0,0.010000,1,0
2443,20,-30.00,80.00,0,0.010000,1,0
2444,20,-20.00,80.00,0,0.010000,0,0
2445,20,-20.00,80.00,0,0.010000,0,20
2446,20,-50.00,80.00,0,0.010000,3,0
2447,2,89.00,8.00,1,0.010000,0,0
2448,20,126.00,-69.00,0,0.010000,1,19
2449,20,76.00,22.00,0,0.010000,2,17
2450,20,-20.00,80.00,0,0.010000,0,20
2451,20,-120.00,80.00,0,0.010000,0,20
2452,20,126.00,-69.00,0,0.010000,1,0
2453,20,-30.00,80.00,0,0.010000,1,0
2454,20,-20.00,80.00,0,0.010000,0,0
2455,20,-20.00,80.00,0,0.010000,0,20
2456,20,-30.00,80.00,0,0.010000,1,0
2457,2,89.00,8.00,1,0.010000,0,0
2458,20,126.00,-69.00,0,0.010000,1,19
2459,20,76.00,22.00,0,0.010000,2,17
2460,20,-20.00,80.00,0,0.010000,0,20
2461,20,-120.00,80.00,0,0.010000,0,20
2462,20,126.00,-69.00,0,0.010000,1,0
2463,20,-40.00,80.00,0,0.010000,2,1
2464,20,-20.00,80.00,0,0.010000,0,0
2465,20,-20.00,80.00,0,0.010000,0,20
2466,20,-30.00,80.00,0,0.010000,1,0
2467,2,89.00,8.00,1,0.010000,0,0
2468,20,126.00,-69.00,0,0.010000,1,19
2469,20,76.00,22.00,0,0.010000,2,17
2470,20,-20.00,80.00,0,0.010000,0,20
2471,20,-120.00,80.00,0,0.010000,0,20
2472,20,126.00,-69.00,0,0.010000,1,0
2473,20,-50.00,80.00,0,0.010000,3,0
2474,20,-30.00,80.00,0,0.010000,1,1
2475,20,-20.00,80.00,0,0.010000,0,20
2476,20,-30.00,80.00,0,0.010000,1,0
2477,2,89.00,8.00,1,0.010000,0,0
2478,20,126.00,-69.00,0,0.010000,1,19
2479,20,76.00,22.00,0,0.010000,2,17
2480,20,-20.00,80.00,0,0.010000,0,20
2481,20,-120.00,80.00,0,0.010000,0,20
2482,20,126.00,-69.00,0,0.010000,1,0
2483,20,-30.00,80.00,0,0.010000,1,0
2484,20,-20.00,80.00,0,0.010000,0,0
2485,20,-18.00,72.00,0,0.010000,2,18
2486,20,-30.00,80.00,0,0.010000,1,0
2487,2,89.00,8.00,1,0.010000,0,0
2488,20,126.00,-79.00,0,0.010000,2,19
2489,20,76.00,22.00,0,0.010000,2,17
2490,20,-20.00,80.00,0,0.010000,0,20
2491,20,-120.00,80.00,0,0.010000,0,20
2492,20,126.00,-69.00,0,0.010000,1,0
2493,20,-35.00,80.00,0,0.010000,1,1
2494,20,-40.00,72.00,0,0.010000,2,0
2495,20,-20.00,80.00,0,0.010000,0,20
2496,20,-30.00,80.00,0,0.010000,1,0
2497,2,89.00,8.00,1,0.010000,0,0
2498,20,126.00,-69.00,0,0.010000,1,19
2499,20,76.00,22.00,0,0.010000,2,17
2500,20,-20.00,80.00,0,0.010000,0,20
2501,20,-115.00,80.00,0,0.010000,0,20
2502,20,126.00,-69.00,0,0.010000,1,0
2503,20,-35.00,80.00,0,0.010000,1,1
2504,20,-25.00,80.00,0,0.010000,0,1
2505,20,-20.00,80.00,0,0.010000,0,20
2506,20,-30.00,80.00,0,0.010000,1,0
2507,2,89.00,8.00,1,0.010000,0,0
2508,20,126.00,-69.00,0,0.010000,1,19
2509,20,76.00,22.00,0,0.010000,2,17
2510,20,-20.00,80.00,0,0.010000,0,20
2511,20,-120.00,80.00,0,0.010000,0,20
2512,20,126.00,-69.00,0,0.010000,1,0
2513,20,-30.00,80.00,0,0.010000,1,0
2514,20,-20.00,80.00,0,0.010000,0,0
2515,20,-20.00,80.00,0,0.010000,0,20
2516,20,-30.00,80.00,0,0.010000,1,0
2517,2,89.00,8.00,1,0.010000,0,0
2518,20,126.00,-69.00,0,0.010000,1,19
2519,20,76.00,22.00,0,0.010000,2,17
2520,20,-20.00,80.00,0,0.010000,0,20
2521,20,-120.00,80.00,0,0.010000,0,20
2522,20,126.00,-69.00,0,0.010000,1,0
2523,20,-30.00,80.00,0,0.010000,1,1
2524,20,-20.00,80.00,0,0.010000,0,0
2525,20,31.00,26.00,0,0.010000,1,19
2526,20,-30.00,80.00,0,0.010000,1,0
2527,2,89.00,8.00,1,0.010000,0,0
2528,20,126.00,-69.00,0,0.010000,1,19
2529,20,76.00,22.00,0,0.010000,2,17
2530,20,-30.00,80.00,0,0.010000,1,20
2531,20,-120.00,80.00,0,0.010000,0,20
2532,20,126.00,-69.00,0,0.010000,1,0
2533,20,-30.00,80.00,0,0.010000,1,0
2534,20,-20.00,80.00,0,0.010000,0,0
2535,20,-20.00,80.00,0,0.010000,0,20
2536,20,-40.00,80.00,0,0.010000,2,1
2537,2,89.00,8.00,1,0.010000,0,0
2538,20,126.00,-69.00,0,0.010000,1,19
2539,20,76.00,22.00,0,0.010000,2,17
2540,20,-20.00,80.00,0,0.010000,0,20
2541,20,-120.00,80.00,0,0.010000,0,20
2542,20,126.00,-69.00,0,0.010000,1,0
2543,20,-30.00,80.00,0,0.010000,1,0
2544,20,-20.00,80.00,0,0.010000,0,0
2545,20,-20.00,80.00,0,0.010000,0,20
2546,20,-30.00,80.00,0,0.010000,1,0
2547,2,89.00,8.00,1,0.010000,0,0
2548,20,126.00,-69.00,0,0.010000,1,19
2549,20,68.00,24.00,0,0.010000,4,15
2550,20,-20.00,80.00,0,0.010000,0,20
2551,20,-120.00,80.00,0,0.010000,0,20
2552,20,126.00,-69.00,0,0.010000,1,0
2553,20,-30.00,80.00,0,0.010000,1,0
2554,20,-20.00,80.00,0,0.010000,0,0
2555,20,-20.00,80.00,0,0.010000,0,20
2556,20,-30.00,80.00,0,0.010000,1,1
2557,2,89.00,8.00,1,0.010000,0,0
2558,20,126.00,-69.00,0,0.010000,1,19
2559,20,76.00,22.00,0,0.010000,2,17
2560,20,-20.00,80.00,0,0.010000,0,20
2561,20,-120.00,80.00,0,0.010000,0,20
2562,20,126.00,-69.00,0,0.010000,1,0
2563,20,-40.00,80.00,0,0.010000,2,1
2564,20,-20.00,80.00,0,0.010000,0,0
2565,20,-20.00,80.00,0,0.010000,0,20
2566,20,-30.00,80.00,0,0.010000,1,0
2567,2,89.00,8.00,1,0.010000,0,0
2568,20,126.00,-69.00,0,0.010000,1,19
2569,20,76.00,22.00,0,0.010000,2,17
2570,20,-20.00,80.00,0,0.010000,0,20
2571,20,-120.00,80.00,0,0.010000,0,20
2572,20,126.00,-69.00,0,0.010000,1,0
2573,20,-30.00,80.00,0,0.010000,1,0
2574,20,-20.00,80.00,0,0.010000,0,0
2575,20,-20.00,80.00,0,0.010000,0,20
2576,20,-30.00,80.00,0,0.010000,1,0
2577,2,89.00,8.00,1,0.010000,0,0
2578,20,126.00,-69.00,0,0.010000,1,19
2579,20,76.00,22.00,0,0.010000,2,17
2580,20,-20.00,80.00,0,0.010000,0,20
2581,20,-120.00,80.00,0,0.010000,0,20
2582,20,118.00,-67.00,0,0.010000,3,0
2583,20,-30.00,80.00,0,0.010000,1,0
2584,20,-20.00,80.00,0,0.010000,0,0
2585,20,-25.00,80.00,0,0.010000,0,20
2586,20,-30.00,80.00,0,0.010000,1,0
2587,2,89.00,8.00,1,0.010000,0,0
2588,20,126.00,-69.00,0,0.010000,1,19
2589,20,68.00,24.00,0,0.010000,4,15
2590,20,-20.00,80.00,0,0.010000,0,20
2591,20,-120.00,80.00,0,0.010000,0,20
2592,20,126.00,-69.00,0,0.010000,1,0
2593,20,-30.00,80.00,0,0.010000,1,0
2594,20,-30.00,80.00,0,0.010000,1,1
2595,20,-20.00,80.00,0,0.010000,0,20
2596,20,-30.00,80.00,0,0.010000,1,0
2597,2,89.00,8.00,1,0.010000,0,0
2598,20,118.00,-67.00,0,0.010000,3,17
2599,20,61.00,12.00,0,0.010000,3,17
2600,20,31.00,26.00,0,0.010000,1,19
2601,20,-120.00,80.00,0,0.010000,0,20
2602,20,126.00,-69.00,0,0.010000,1,0
2603,20,-30.00,80.00,0,0.010000,1,0
2604,20,-25.00,80.00,0,0.010000,0,1
2605,20,-30.00,80.00,0,0.010000,1,20
2606,20,-30.00,80.00,0,0.010000,1,0
2607,2,89.00,8.00,1,0.010000,0,0
2608,20,126.00,-69.00,0,0.010000,1,19
2609,20,76.00,22.00,0,0.010000,2,17
2610,20,-20.00,80.00,0,0.010000,0,20
2611,20,-120.00,80.00,0,0.010000,0,20
2612,20,126.00,-69.00,0,0.010000,1,0
2613,20,-30.00,80.00,0,0.010000,1,0
2614,20,-50.00,57.00,0,0.010000,3,1
2615,20,-20.00,80.00,0,0.010000,0,20
2616,20,-40.00,80.00,0,0.010000,2,1
2617,2,89.00,8.00,1,0.010000,0,0
2618,20,126.00,-69.00,0,0.010000,1,19
2619,20,76.00,22.00,0,0.010000,2,17
2620,20,-20.00,80.00,0,0.010000,0,20
2621,20,-120.00,80.00,0,0.010000,0,20
2622,20,126.00,-69.00,0,0.010000,1,0
2623,20,-30.00,80.00,0,0.010000,1,0
2624,20,-20.00,80.00,0,0.010000,0,1
2625,20,-20.00,80.00,0,0.010000,0,20
2626,20,-30.00,80.00,0,0.010000,1,0
2627,2,89.00,8.00,1,0.010000,0,0
2628,20,126.00,-69.00,0,0.010000,1,19
2629,20,76.00,22.00,0,0.010000,2,17
2630,20,-20.00,80.00,0,0.010000,0,20
2631,20,-120.00,80.00,0,0.010000,0,20
2632,20,126.00,-69.00,0,0.010000,1,0
2633,20,-40.00,80.00,0,0.010000,2,1
2634,20,-20.00,80.00,0,0.010000,0,0
2635,20,-20.00,80.00,0,0.010000,0,20
2636,20,-50.00,80.00,0,0.010000,3,0
2637,2,89.00,8.00,1,0.010000,0,0
2638,20,126.00,-79.00,0,0.010000,2,19
2639,20,76.00,22.00,0,0.010000,2,17
2640,20,-20.00,80.00,0,0.010000,0,20
2641,20,-120.00,80.00,0,0.010000,0,20
2642,20,126.00,-69.00,0,0.010000,1,0
2643,20,-30.00,80.00,0,0.010000,1,0
2644,20,-20.00,80.00,0,0.010000,0,0
2645,20,-20.00,80.00,0,0.010000,0,20
2646,20,-30.00,80.00,0,0.010000,1,0
2647,2,89.00,8.00,1,0.010000,0,0
2648,20,116.00,-67.00,0,0.010000,3,17
2649,20,76.00,22.00,0,0.010000,2,17
2650,20,-23.00,67.00,0,0.010000,3,16
2651,20,-120.00,80.00,0,0.010000,0,20
2652,20,126.00,-69.00,0,0.010000,1,0
2653,20,-30.00,80.00,0,0.010000,1,0
2654,20,-20.00,80.00,0,0.010000,0,0
2655,20,-20.00,80.00,0,0.010000,0,20
2656,20,-30.00,80.00,0,0.010000,1,0
2657,2,89.00,8.00,1,0.010000,0,0
2658,20,126.00,-69.00,0,0.010000,1,19
2659,20,76.00,22.00,0,0.010000,2,17
2660,20,-40.00,80.00,0,0.010000,2,20
2661,20,-120.00,80.00,0,0.010000,0,20
2662,20,126.00,-79.00,0,0.010000,2,1
2663,20,-30.00,80.00,0,0.010000,1,0
2664,20,-25.00,80.00,0,0.010000,0,1
2665,20,-20.00,80.00,0,0.010000,0,20
2666,20,-30.00,80.00,0,0.010000,1,0
2667,2,89.00,8.00,1,0.010000,0,0
2668,20,126.00,-69.00,0,0.010000,1,19
2669,20,68.00,24.00,0,0.010000,4,15
2670,20,-20.00,80.00,0,0.010000,0,20
2671,20,-120.00,80.00,0,0.010000,0,20
2672,20,126.00,-69.00,0,0.010000,1,0
2673,20,-50.00,80.00,0,0.010000,3,0
2674,20,-20.00,80.00,0,0.010000,0,0
2675,20,-20.00,80.00,0,0.010000,0,20
2676,20,-30.00,80.00,0,0.010000,1,0
2677,2,89.00,8.00,1,0.010000,0,0
2678,20,126.00,-69.00,0,0.010000,1,19
2679,20,76.00,22.00,0,0.010000,2,17
2680,20,-20.00,80.00,0,0.010000,0,20
2681,20,-120.00,80.00,0,0.010000,0,20
2682,20,126.00,-69.00,0,0.010000,1,0
2683,20,-30.00,80.00,0,0.010000,1,0
2684,20,-20.00,80.00,0,0.010000,0,0
2685,20,-20.00,80.00,0,0.010000,0,20
2686,20,-30.00,80.00,0,0.010000,1,0
2687,2,89.00,8.00,1,0.010000,0,0
2688,20,126.00,-69.00,0,0.010000,1,19
2689,20,76.00,22.00,0,0.010000,2,17
2690,20,21.00,26.00,0,0.010000,2,18
2691,20,-120.00,80.00,0,0.010000,0,20
2692,20,126.00,-69.00,0,0.010000,1,0
2693,20,-30.00,80.00,0,0.010000,1,0
2694,20,-20.00,80.00,0,0.010000,0,0
2695,20,-20.00,80.00,0,0.010000,0,20
2696,20,-30.00,80.00,0,0.010000,1,0
2697,2,89.00,8.00,1,0.010000,0,0
2698,20,126.00,-69.00,0,0.010000,1,19
2699,20,76.00,22.00,0,0.010000,2,17
2700,20,-30.00,80.00,0,0.010000,1,20
2701,20,-120.00,80.00,0,0.010000,0,20
2702,20,126.00,-69.00,0,0.010000,1,0
2703,20,-35.00,80.00,0,0.010000,1,1
2704,20,-20.00,80.00,0,0.010000,0,0
2705,20,-20.00,80.00,0,0.010000,0,20
2706,20,-30.00,80.00,0,0.010000,1,0
2707,2,89.00,8.00,1,0.010000,0,0
2708,20,126.00,-69.00,0,0.010000,1,19
2709,20,76.00,22.00,0,0.010000,2,17
2710,20,-20.00,80.00,0,0.010000,0,20
2711,20,-120.00,80.00,0,0.010000,0,20
2712,20,126.00,-69.00,0,0.010000,1,0
2713,20,-30.00,80.00,0,0.010000,1,1
2714,20,-20.00,80.00,0,0.010000,0,0
2715,20,-20.00,80.00,0,0.010000,0,20
2716,20,-30.00,80.00,0,0.010000,1,0
2717,2,89.00,8.00,1,0.010000,0,0
2718,20,126.00,-69.00,0,0.010000,1,19
2719,20,76.00,22.00,0,0.010000,2,17
2720,20,-20.00,80.00,0,0.010000,0,20
2721,20,-120.00,80.00,0,0.010000,0,20
2722,20,126.00,-69.00,0,0.010000,1,0
2723,20,-50.00,80.00,0,0.010000,3,0
2724,20,-20.00,80.00,0,0.010000,0,0
2725,20,-20.00,80.00,0,0.010000,0,20
2726,20,-30.00,80.00,0,0.010000,1,0
2727,2,89.00,8.00,1,0.010000,0,0
2728,20,126.00,-69.00,0,0.010000,1,19
2729,20,76.00,22.00,0,0.010000,2,17
2730,20,-20.00,80.00,0,0.010000,0,20
2731,20,-120.00,80.00,0,0.010000,0,20
2732,20,126.00,-79.00,0,0.010000,2,1
2733,20,-30.00,80.00,0,0.010000,1,0
2734,20,-35.00,80.00,0,0.010000,1,2
2735,20,-20.00,80.00,0,0.010000,0,20
2736,20,-30.00,80.00,0,0.010000,1,0
2737,2,89.00,8.00,1,0.010000,0,0
2738,20,126.00,-69.00,0,0.010000,1,19
2739,20,76.00,22.00,0,0.010000,2,17
2740,20,-20.00,80.00,0,0.010000,0,20
2741,20,-120.00,80.00,0,0.010000,0,20
2742,20,126.00,-69.00,0,0.010000,1,0
2743,20,-30.00,80.00,0,0.010000,1,0
2744,20,-30.00,80.00,0,0.010000,1,1
2745,20,-20.00,80.00,0,0.010000,0,20
2746,20,-40.00,80.00,0,0.010000,2,1
2747,2,89.00,8.00,1,0.010000,0,0
2748,20,126.00,-69.00,0,0.010000,1,19
2749,20,76.00,22.00,0,0.010000,2,17
2750,20,-25.00,80.00,0,0.010000,0,20
2751,20,-120.00,80.00,0,0.010000,0,20
2752,20,126.00,-69.00,0,0.010000,1,0
2753,20,-30.00,80.00,0,0.010000,1,0
2754,20,-20.00,80.00,0,0.010000,0,0
2755,20,-20.00,80.00,0,0.010000,0,20
2756,20,-40.00,80.00,0,0.010000,2,1
2757,2,89.00,8.00,1,0.010000,0,0
2758,20,126.00,-69.00,0,0.010000,1,19
2759,20,76.00,22.00,0,0.010000,2,17
2760,20,-20.00,80.00,0,0.010000,0,20
2761,20,-120.00,80.00,0,0.010000,0,20
2762,20,126.00,-79.00,0,0.010000,2,1
2763,20,-30.00,80.00,0,0.010000,1,0
2764,20,-25.00,80.00,0,0.010000,0,1
2765,20,-20.00,80.00,0,0.010000,0,20
2766,20,-30.00,80.00,0,0.010000,1,0
2767,2,89.00,8.00,1,0.010000,0,0
2768,20,126.00,-69.00,0,0.010000,1,19
2769,20,76.00,22.00,0,0.010000,2,17
2770,20,-20.00,80.00,0,0.010000,0,20
2771,20,-120.00,80.00,0,0.010000,0,20
2772,20,126.00,-69.00,0,0.010000,1,0
2773,20,-30.00,80.00,0,0.010000,1,0
2774,20,-40.00,72.00,0,0.010000,2,0
2775,20,-20.00,80.00,0,0.010000,0,20
2776,20,-30.00,80.00,0,0.010000,1,0
2777,2,89.00,8.00,1,0.010000,0,0
2778,20,126.00,-69.00,0,0.010000,1,19
2779,20,76.00,22.00,0,0.010000,2,17
2780,20,-20.00,80.00,0,0.010000,0,20
2781,20,-120.00,80.00,0,0.010000,0,20
2782,20,126.00,-69.00,0,0.010000,1,0
2783,20,-30.00,80.00,0,0.010000,1,0
2784,20,-20.00,80.00,0,0.010000,0,0
2785,20,-20.00,80.00,0,0.010000,0,20
2786,20,-30.00,80.00,0,0.010000,1,0
2787,2,89.00,8.00,1,0.010000,0,0
2788,20,126.00,-69.00,0,0.010000,1,19
2789,20,76.00,22.00,0,0.010000,2,17
2790,20,-20.00,80.00,0,0.010000,0,20
2791,20,-120.00,80.00,0,0.010000,0,20
2792,20,126.00,-69.00,0,0.010000,1,0
2793,20,-30.00,80.00,0,0.010000,1,0
2794,20,-20.00,80.00,0,0.010000,0,0
2795,20,-20.00,80.00,0,0.010000,0,20
2796,20,-30.00,80.00,0,0.010000,1,0
2797,2,89.00,8.00,1,0.010000,0,0
2798,20,126.00,-69.00,0,0.010000,1,19
2799,20,76.00,17.00,0,0.010000,2,17
2800,20,-20.00,80.00,0,0.010000,0,20
2801,20,-120.00,80.00,0,0.010000,0,20
2802,20,126.00,-69.00,0,0.010000,1,0
2803,20,-35.00,80.00,0,0.010000,1,1
2804,20,-20.00,80.00,0,0.010000,0,0
2805,20,-20.00,80.00,0,0.010000,0,20
2806,20,-30.00,80.00,0,0.010000,1,0
2807,2,89.00,8.00,1,0.010000,0,0
2808,20,126.00,-69.00,0,0.010000,1,19
2809,20,76.00,22.00,0,0.010000,2,17
2810,20,-20.00,80.00,0,0.010000,0,20
2811,20,-120.00,80.00,0,0.010000,0,20
2812,20,126.00,-69.00,0,0.010000,1,0
2813,20,-30.00,80.00,0,0.010000,1,0
2814,20,-20.00,80.00,0,0.010000,0,0
2815,20,-20.00,80.00,0,0.010000,0,20
2816,20,-30.00,80.00,0,0.010000,1,0
2817,2,89.00,8.00,1,0.010000,0,0
2818,20,126.00,-69.00,0,0.010000,1,19
2819,20,76.00,22.00,0,0.010000,2,17
2820,20,-20.00,80.00,0,0.010000,0,20
2821,20,-120.00,80.00,0,0.010000,0,20
2822,20,126.00,-69.00,0,0.010000,1,0
2823,20,-30.00,80.00,0,0.010000,1,0
2824,20,-20.00,80.00,0,0.010000,0,0
2825,20,-20.00,80.00,0,0.010000,0,20
2826,20,-30.00,80.00,0,0.010000,1,0
2827,2,89.00,8.00,1,0.010000,0,0
2828,20,126.00,-69.00,0,0.010000,1,19
2829,20,76.00,22.00,0,0.010000,2,17
2830,20,-20.00,80.00,0,0.010000,0,20
2831,20,-120.00,80.00,0,0.010000,0,20
2832,20,126.00,-69.00,0,0.010000,1,0
2833,20,-30.00,80.00,0,0.010000,1,0
2834,20,-20.00,80.00,0,0.010000,0,0
2835,20,-20.00,80.00,0,0.010000,0,20
2836,20,-30.00,80.00,0,0.010000,1,0
2837,2,89.00,8.00,1,0.010000,0,0
2838,20,126.00,-69.00,0,0.010000,1,19
2839,20,76.00,22.00,0,0.010000,2,17
2840,20,-20.00,80.00,0,0.010000,0,20
2841,20,-120.00,80.00,0,0.010000,0,20
2842,20,126.00,-69.00,0,0.010000,1,0
2843,20,-30.00,80.00,0,0.010000,1,0
2844,20,-20.00,80.00,0,0.010000,0,0
2845,20,-20.00,80.00,0,0.010000,0,20
2846,20,-30.00,80.00,0,0.010000,1,0
2847,2,89.00,8.00,1,0.010000,0,0
2848,20,126.00,-69.00,0,0.010000,1,19
2849,20,76.00,22.00,0,0.010000,2,17
2850,20,-20.00,80.00,0,0.010000,0,20
2851,20,-120.00,80.00,0,0.010000,0,20
2852,20,126.00,-69.00,0,0.010000,1,0
2853,20,-30.00,80.00,0,0.010000,1,0
2854,20,-20.00,80.00,0,0.010000,0,0
2855,20,-20.00,80.00,0,0.010000,0,20
2856,20,-50.00,80.00,0,0.010000,3,0
2857,2,89.00,8.00,1,0.010000,0,0
2858,20,126.00,-69.00,0,0.010000,1,19
2859,20,76.00,22.00,0,0.010000,2,17
2860,20,-30.00,80.00,0,0.010000,1,20
2861,20,-120.00,80.00,0,0.010000,0,20
2862,20,126.00,-69.00,0,0.010000,1,0
2863,20,-40.00,80.00,0,0.010000,2,0
2864,20,-20.00,80.00,0,0.010000,0,0
2865,20,-20.00,80.00,0,0.010000,0,20
2866,20,-30.00,80.00,0,0.010000,1,0
2867,2,89.00,8.00,1,0.010000,0,0
2868,20,126.00,-69.00,0,0.010000,1,19
2869,20,76.00,22.00,0,0.010000,2,17
2870,20,-20.00,80.00,0,0.010000,0,20
2871,20,-120.00,80.00,0,0.010000,0,20
2872,20,126.00,-79.00,0,0.010000,2,1
2873,20,-30.00,80.00,0,0.010000,1,1
2874,20,-30.00,80.00,0,0.010000,1,1
2875,20,-25.00,80.00,0,0.010000,0,20
2876,20,-30.00,80.00,0,0.010000,1,0
2877,2,89.00,8.00,1,0.010000,0,0
2878,20,126.00,-69.00,0,0.010000,1,19
2879,20,76.00,22.00,0,0.010000,2,17
2880,20,-20.00,80.00,0,0.010000,0,20
2881,20,-120.00,80.00,0,0.010000,0,20
2882,20,126.00,-69.00,0,0.010000,1,0
2883,20,-30.00,80.00,0,0.010000,1,0
2884,20,-20.00,80.00,0,0.010000,0,0
2885,20,-20.00,80.00,0,0.010000,0,20
2886,20,-30.00,80.00,0,0.010000,1,0
2887,2,89.00,8.00,1,0.010000,0,0
2888,20,126.00,-69.00,0,0.010000,1,19
2889,20,53.00,24.00,0,0.010000,5,15
2890,20,-25.00,80.00,0,0.010000,0,20
2891,20,-125.00,80.00,0,0.010000,1,20
2892,20,126.00,-69.00,0,0.010000,1,0
2893,20,-30.00,80.00,0,0.010000,1,0
2894,20,-40.00,72.00,0,0.010000,2,0
2895,20,-20.00,80.00,0,0.010000,0,20
2896,20,-30.00,80.00,0,0.010000,1,0
2897,2,89.00,8.00,1,0.010000,0,0
2898,20,126.00,-69.00,0,0.010000,1,19
2899,20,76.00,22.00,0,0.010000,2,17
2900,20,-20.00,80.00,0,0.010000,0,20
2901,20,-120.00,80.00,0,0.010000,0,20
2902,20,126.00,-69.00,0,0.010000,1,0
2903,20,-30.00,80.00,0,0.010000,1,0
2904,20,-20.00,80.00,0,0.010000,0,0
2905,20,-20.00,80.00,0,0.010000,0,20
2906,20,-30.00,80.00,0,0.010000,1,0
2907,1,50.00,4.00,1,0.010000,0,0
2908,20,126.00,-69.00,0,0.010000,1,19
2909,20,76.00,22.00,0,0.010000,2,17
2910,20,-20.00,80.00,0,0.010000,0,20
2911,20,-120.00,80.00,0,0.010000,0,20
2912,20,126.00,-69.00,0,0.010000,1,0
2913,20,-30.00,80.00,0,0.010000,1,0
2914,20,-20.00,80.00,0,0.010000,0,0
2915,20,-20.00,80.00,0,0.010000,0,20
2916,20,-30.00,80.00,0,0.010000,1,0
2917,2,89.00,8.00,1,0.010000,0,0
2918,20,126.00,-69.00,0,0.010000,1,19
2919,20,76.00,22.00,0,0.010000,2,17
2920,20,-30.00,80.00,0,0.010000,1,20
2921,20,-120.00,80.00,0,0.010000,0,20
2922,20,126.00,-69.00,0,0.010000,1,0
2923,20,-30.00,80.00,0,0.010000,1,0
2924,20,-20.00,80.00,0,0.010000,0,0
2925,20,-20.00,80.00,0,0.010000,0,20
2926,20,-30.00,80.00,0,0.010000,1,0
2927,2,89.00,8.00,1,0.010000,0,0
2928,20,126.00,-69.00,0,0.010000,1,19
2929,20,76.00,22.00,0,0.010000,2,17
2930,20,-20.00,80.00,0,0.010000,0,20
2931,20,-120.00,80.00,0,0.010000,0,20
2932,20,126.00,-69.00,0,0.010000,1,0
2933,20,-30.00,80.00,0,0.010000,1,0
2934,20,-20.00,80.00,0,0.010000,0,0
2935,20,-20.00,80.00,0,0.010000,0,20
2936,20,-30.00,80.00,0,0.010000,1,0
2937,2,89.00,8.00,1,0.010000,0,0
2938,20,126.00,-69.00,0,0.010000,1,19
2939,20,76.00,22.00,0,0.010000,2,17
2940,20,-25.00,80.00,0,0.010000,0,20
2941,20,-120.00,80.00,0,0.010000,0,20
2942,20,126.00,-69.00,0,0.010000,1,0
2943,20,-30.00,80.00,0,0.010000,1,0
2944,20,-20.00,80.00,0,0.010000,0,0
2945,20,-23.00,72.00,0,0.010000,2,18
2946,20,-30.00,80.00,0,0.010000,1,0
2947,2,89.00,8.00,1,0.010000,0,0
2948,20,126.00,-69.00,0,0.010000,1,19
2949,20,76.00,22.00,0,0.010000,2,17
2950,20,-20.00,80.00,0,0.010000,0,20
2951,20,-110.00,80.00,0,0.010000,0,18
2952,20,126.00,-69.00,0,0.010000,1,0
2953,20,-30.00,80.00,0,0.010000,1,0
2954,20,-20.00,80.00,0,0.010000,0,0
2955,20,-20.00,80.00,0,0.010000,0,20
2956,20,-30.00,80.00,0,0.010000,1,0
2957,2,89.00,8.00,1,0.010000,0,0
2958,20,126.00,-69.00,0,0.010000,1,19
2959,20,76.00,12.00,0,0.010000,3,17
2960,20,-23.00,67.00,0,0.010000,3,16
2961,20,-120.00,80.00,0,0.010000,0,20
2962,20,126.00,-69.00,0,0.010000,1,0
2963,20,-30.00,80.00,0,0.010000,1,0
2964,20,-20.00,80.00,0,0.010000,0,0
2965,20,-20.00,80.00,0,0.010000,0,20
2966,20,-30.00,80.00,0,0.010000,1,0
2967,2,89.00,8.00,1,0.010000,0,0
2968,20,126.00,-69.00,0,0.010000,1,19
2969,20,76.00,22.00,0,0.010000,2,17
2970,20,-13.00,57.00,0,0.010000,3,16
2971,20,-120.00,80.00,0,0.010000,0,20
2972,20,126.00,-79.00,0,0.010000,2,1
2973,20,-30.00,80.00,0,0.010000,1,0
2974,20,-20.00,80.00,0,0.010000,0,0
2975,20,-20.00,80.00,0,0.010000,0,20
2976,20,-30.00,80.00,0,0.010000,1,0
2977,2,89.00,8.00,1,0.010000,0,0
2978,20,126.00,-69.00,0,0.010000,1,19
2979,20,76.00,22.00,0,0.010000,2,17
2980,20,-20.00,80.00,0,0.010000,0,20
2981,20,-120.00,80.00,0,0.010000,0,20
2982,20,126.00,-69.00,0,0.010000,1,0
2983,20,-30.00,80.00,0,0.010000,1,0
2984,20,-25.00,80.00,0,0.010000,0,1
2985,20,-20.00,80.00,0,0.010000,0,20
2986,20,-30.00,80.00,0,0.010000,1,0
2987,3,78.00,12.00,1,0.010000,1,1
2988,20,126.00,-69.00,0,0.010000,1,19
2989,20,76.00,22.00,0,0.010000,2,17
2990,20,-20.00,80.00,0,0.010000,0,20
2991,20,-125.00,80.00,0,0.010000,1,19
2992,20,126.00,-69.00,0,0.010000,1,0
2993,20,-50.00,80.00,0,0.010000,3,2
2994,20,-20.00,80.00,0,0.010000,0,1
2995,20,-20.00,80.00,0,0.010000,0,20
2996,20,-30.00,80.00,0,0.010000,1,0
2997,2,89.00,8.00,1,0.010000,0,0
2998,20,126.00,-69.00,0,0.010000,1,19
2999,20,76.00,22.00,0,0.010000,2,17
3000,20,-20.00,80.00,0,0.010000,0,20
3001,20,-120.00,80.00,0,0.010000,0,20
3002,20,126.00,-79.00,0,0.010000,2,1
3003,20,-30.00,80.00,0,0.010000,1,0
3004,20,-20.00,80.00,0,0.010000,0,0
3005,20,-20.00,80.00,0,0.010000,0,20
3006,20,-30.00,80.00,0,0.010000,1,0
3007,2,89.00,8.00,1,0.010000,0,0
3008,20,126.00,-69.00,0,0.010000,1,19
3009,20,76.00,22.00,0,0.010000,2,17
3010,20,-20.00,80.00,0,0.010000,0,20
3011,20,-120.00,80.00,0,0.010000,0,20
3012,20,118.00,-69.00,0,0.010000,3,0
3013,20,-30.00,80.00,0,0.010000,1,0
3014,20,-30.00,80.00,0,0.010000,1,1
3015,20,-20.00,80.00,0,0.010000,0,20
3016,20,-30.00,80.00,0,0.010000,1,0
3017,2,89.00,8.00,1,0.010000,0,0
3018,20,126.00,-79.00,0,0.010000,2,19
3019,20,68.00,22.00,0,0.010000,3,15
3020,20,-20.00,80.00,0,0.010000,0,20
3021,20,-120.00,80.00,0,0.010000,0,20
3022,20,126.00,-69.00,0,0.010000,1,1
3023,20,-35.00,80.00,0,0.010000,1,1
3024,20,-20.00,80.00,0,0.010000,0,0
3025,20,-18.00,72.00,0,0.010000,2,18
3026,20,-30.00,80.00,0,0.010000,1,0
3027,2,89.00,8.00,1,0.010000,0,0
3028,20,126.00,-69.00,0,0.010000,1,19
3029,20,76.00,22.00,0,0.010000,2,17
3030,20,-20.00,80.00,0,0.010000,0,20
3031,20,-120.00,80.00,0,0.010000,0,20
3032,20,126.00,-69.00,0,0.010000,1,0
3033,20,-30.00,80.00,0,0.010000,1,0
3034,20,-20.00,80.00,0,0.010000,0,0
3035,20,-20.00,80.00,0,0.010000,0,20
3036,20,-30.00,80.00,0,0.010000,1,0
3037,2,89.00,8.00,1,0.010000,0,0
3038,20,126.00,-69.00,0,0.010000,1,19
3039,20,76.00,22.00,0,0.010000,2,17
3040,20,-20.00,80.00,0,0.010000,0,20
3041,20,-120.00,80.00,0,0.010000,0,20
3042,20,126.00,-69.00,0,0.010000,1,0
3043,20,-30.00,80.00,0,0.010000,1,0
3044,20,-20.00,80.00,0,0.010000,0,0
3045,20,-20.00,80.00,0,0.010000,0,20
3046,20,-30.00,80.00,0,0.010000,1,0
3047,2,89.00,8.00,1,0.010000,0,0
3048,20,126.00,-74.00,0,0.010000,1,19
3049,20,76.00,22.00,0,0.010000,2,17
3050,20,-20.00,80.00,0,0.010000,0,20
3051,20,-120.00,80.00,0,0.010000,0,20
3052,20,118.00,-67.00,0,0.010000,3,0
3053,20,-40.00,80.00,0,0.010000,2,1
3054,20,-20.00,80.00,0,0.010000,0,0
3055,20,-20.00,80.00,0,0.010000,0,20
3056,20,-30.00,80.00,0,0.010000,1,0
3057,2,89.00,8.00,1,0.010000,0,0
3058,20,126.00,-69.00,0,0.010000,1,19
3059,20,76.00,22.00,0,0.010000,2,17
3060,20,-20.00,80.00,0,0.010000,0,20
3061,20,-125.00,80.00,0,0.010000,1,20
3062,20,126.00,-69.00,0,0.010000,1,0
3063,20,-30.00,80.00,0,0.010000,1,0
3064,20,-20.00,80.00,0,0.010000,0,0
3065,20,-20.00,80.00,0,0.010000,0,20
3066,20,-30.00,80.00,0,0.010000,1,0
3067,2,89.00,8.00,1,0.010000,0,0
3068,20,126.00,-69.00,0,0.010000,1,19
3069,20,76.00,22.00,0,0.010000,2,17
3070,20,-20.00,80.00,0,0.010000,0,20
3071,20,-120.00,80.00,0,0.010000,0,20
3072,20,126.00,-69.00,0,0.010000,1,0
3073,20,-30.00,80.00,0,0.010000,1,0
3074,20,-40.00,72.00,0,0.010000,2,0
3075,20,-20.00,80.00,0,0.010000,0,20
3076,20,-35.00,80.00,0,0.010000,1,1
3077,2,89.00,8.00,1,0.010000,0,0
3078,20,126.00,-69.00,0,0.010000,1,19
3079,20,76.00,22.00,0,0.010000,2,17
3080,20,-20.00,80.00,0,0.010000,0,20
3081,20,-120.00,80.00,0,0.010000,0,20
3082,20,126.00,-69.00,0,0.010000,1,0
3083,20,-30.00,80.00,0,0.010000,1,0
3084,20,-20.00,80.00,0,0.010000,0,0
3085,20,-20.00,80.00,0,0.010000,0,20
3086,20,-30.00,80.00,0,0.010000,1,0
3087,2,89.00,8.00,1,0.010000,0,0
3088,20,126.00,-69.00,0,0.010000,1,19
3089,20,76.00,22.00,0,0.010000,2,17
3090,20,-20.00,80.00,0,0.010000,0,20
3091,20,-120.00,80.00,0,0.010000,0,20
3092,20,126.00,-69.00,0,0.010000,1,0
3093,20,-30.00,80.00,0,0.010000,1,0
3094,20,-20.00,80.00,0,0.010000,0,0
3095,20,-20.00,80.00,0,0.010000,0,20
3096,20,-40.00,80.00,0,0.010000,2,1
3097,2,89.00,8.00,1,0.010000,0,0
3098,20,118.00,-69.00,0,0.010000,2,17
3099,20,76.00,22.00,0,0.010000,2,17
3100,20,-20.00,80.00,0,0.010000,0,20
3101,20,-120.00,80.00,0,0.010000,0,20
3102,20,126.00,-69.00,0,0.010000,1,0
3103,20,-40.00,80.00,0,0.010000,2,1
3104,20,-20.00,80.00,0,0.010000,0,0
3105,20,-30.00,80.00,0,0.010000,1,20
3106,20,-50.00,80.00,0,0.010000,3,0
3107,2,89.00,8.00,1,0.010000,0,0
3108,20,126.00,-69.00,0,0.010000,1,19
3109,20,76.00,22.00,0,0.010000,2,17
3110,20,-20.00,80.00,0,0.010000,0,20
3111,20,-120.00,80.00,0,0.010000,0,20
3112,20,126.00,-69.00,0,0.010000,1,0
3113,20,-30.00,80.00,0,0.010000,1,0
3114,20,-20.00,80.00,0,0.010000,0,0
3115,20,-20.00,80.00,0,0.010000,0,20
3116,20,-30.00,80.00,0,0.010000,1,0
3117,2,89.00,8.00,1,0.010000,0,0
3118,20,126.00,-79.00,0,0.010000,2,19
3119,20,76.00,12.00,0,0.010000,3,17
3120,20,-20.00,80.00,0,0.010000,0,20
3121,20,-115.00,80.00,0,0.010000,0,20
3122,20,126.00,-69.00,0,0.010000,1,0
3123,20,-30.00,80.00,0,0.010000,1,0
3124,20,-20.00,80.00,0,0.010000,0,0
3125,20,-20.00,80.00,0,0.010000,0,20
3126,20,-30.00,80.00,0,0.010000,1,0
3127,2,89.00,8.00,1,0.010000,0,0
3128,20,126.00,-79.00,0,0.010000,2,19
3129,20,76.00,22.00,0,0.010000,2,17
3130,20,-20.00,80.00,0,0.010000,0,20
3131,20,-120.00,80.00,0,0.010000,0,20
3132,20,126.00,-69.00,0,0.010000,1,0
3133,20,-30.00,80.00,0,0.010000,1,0
3134,20,-20.00,80.00,0,0.010000,0,0
3135,20,-20.00,80.00,0,0.010000,0,20
3136,20,-30.00,80.00,0,0.010000,1,0
3137,2,89.00,8.00,1,0.010000,0,0
3138,20,126.00,-69.00,0,0.010000,1,19
3139,20,76.00,22.00,0,0.010000,2,17
3140,20,-20.00,80.00,0,0.010000,0,20
3141,20,-120.00,80.00,0,0.010000,0,20
3142,20,126.00,-69.00,0,0.010000,1,0
3143,20,-30.00,80.00,0,0.010000,1,0
3144,20,-20.00,80.00,0,0.010000,0,1
3145,20,-20.00,80.00,0,0.010000,0,20
3146,20,-30.00,80.00,0,0.010000,1,0
3147,2,89.00,8.00,1,0.010000,0,0
3148,20,126.00,-69.00,0,0.010000,1,19
3149,20,68.00,22.00,0,0.010000,3,15
3150,20,-30.00,80.00,0,0.010000,1,20
3151,20,-120.00,80.00,0,0.010000,1,19
3152,20,118.00,-69.00,0,0.010000,3,0
3153,20,-30.00,80.00,0,0.010000,1,0
3154,20,-20.00,80.00,0,0.010000,0,0
3155,20,-25.00,80.00,0,0.010000,0,20
3156,20,-30.00,80.00,0,0.010000,1,0
3157,2,89.00,8.00,1,0.010000,0,0
3158,20,126.00,-69.00,0,0.010000,1,19
3159,20,76.00,22.00,0,0.010000,2,17
3160,20,-25.00,80.00,0,0.010000,0,20
3161,20,-120.00,80.00,0,0.010000,0,20
3162,20,126.00,-69.00,0,0.010000,1,0
3163,20,-30.00,80.00,0,0.010000,1,0
3164,20,-20.00,80.00,0,0.010000,0,0
3165,20,-20.00,80.00,0,0.010000,0,20
3166,20,-30.00,80.00,0,0.010000,1,1
3167,2,89.00,8.00,1,0.010000,0,0
3168,20,126.00,-69.00,0,0.010000,1,19
3169,20,76.00,22.00,0,0.010000,2,17
3170,20,-20.00,80.00,0,0.010000,0,20
3171,20,-120.00,80.00,0,0.010000,0,20
3172,20,126.00,-69.00,0,0.010000,1,0
3173,20,-30.00,80.00,0,0.010000,1,0
3174,20,-20.00,80.00,0,0.010000,0,0
3175,20,-20.00,80.00,0,0.010000,0,20
3176,20,-30.00,80.00,0,0.010000,1,0
3177,2,89.00,8.00,1,0.010000,0,0
3178,20,118.00,-69.00,0,0.010000,2,17
3179,20,68.00,22.00,0,0.010000,3,15
3180,20,-20.00,80.00,0,0.010000,0,20
3181,20,-115.00,80.00,0,0.010000,0,20
3182,20,126.00,-69.00,0,0.010000,1,0
3183,20,-30.00,80.00,0,0.010000,1,0
3184,20,-20.00,80.00,0,0.010000,0,0
3185,20,-20.00,80.00,0,0.010000,0,20
3186,20,-30.00,80.00,0,0.010000,1,0
3187,2,89.00,8.00,1,0.010000,0,0
3188,20,126.00,-69.00,0,0.010000,1,19
3189,20,76.00,22.00,0,0.010000,2,17
3190,20,-20.00,80.00,0,0.010000,0,20
3191,20,-120.00,80.00,0,0.010000,0,20
3192,20,126.00,-69.00,0,0.010000,1,0
3193,20,-30.00,80.00,0,0.010000,1,0
3194,20,-20.00,80.00,0,0.010000,0,0
3195,20,-20.00,80.00,0,0.010000,0,20
3196,20,-30.00,80.00,0,0.010000,1,0
3197,2,89.00,8.00,1,0.010000,0,0
3198,20,126.00,-69.00,0,0.010000,1,19
3199,20,76.00,22.00,0,0.010000,2,17
3200,20,-20.00,80.00,0,0.010000,0,20
3201,20,-120.00,80.00,0,0.010000,0,20
3202,20,126.00,-69.00,0,0.010000,1,0
3203,20,-30.00,80.00,0,0.010000,1,0
3204,20,-20.00,80.00,0,0.010000,0,1
3205,20,-20.00,80.00,0,0.010000,0,20
3206,20,-30.00,80.00,0,0.010000,1,0
3207,2,89.00,8.00,1,0.010000,0,0
3208,20,126.00,-69.00,0,0.010000,1,19
3209,20,76.00,22.00,0,0.010000,2,17
3210,20,-20.00,80.00,0,0.010000,0,20
3211,20,-120.00,80.00,0,0.010000,0,20
3212,20,126.00,-69.00,0,0.010000,1,0
3213,20,-30.00,80.00,0,0.010000,1,1
3214,20,-20.00,80.00,0,0.010000,0,0
3215,20,-20.00,80.00,0,0.010000,0,20
3216,20,-30.00,80.00,0,0.010000,1,0
3217,2,89.00,8.00,1,0.010000,0,0
3218,20,126.00,-69.00,0,0.010000,1,19
3219,20,76.00,22.00,0,0.010000,2,17
3220,20,-20.00,80.00,0,0.010000,0,20
3221,20,-120.00,80.00,0,0.010000,0,20
3222,20,126.00,-69.00,0,0.010000,1,0
3223,20,-30.00,80.00,0,0.010000,1,0
3224,20,-40.00,72.00,0,0.010000,2,0
3225,20,-20.00,80.00,0,0.010000,0,20
3226,20,-40.00,80.00,0,0.010000,2,1
3227,2,89.00,8.00,1,0.010000,0,0
3228,20,126.00,-69.00,0,0.010000,1,19
3229,20,76.00,22.00,0,0.010000,2,17
3230,20,-20.00,80.00,0,0.010000,0,20
3231,20,-120.00,80.00,0,0.010000,0,20
3232,20,126.00,-69.00,0,0.010000,1,0
3233,20,-30.00,80.00,0,0.010000,1,0
3234,20,-20.00,80.00,0,0.010000,0,0
3235,20,-18.00,72.00,0,0.010000,2,18
3236,20,-30.00,80.00,0,0.010000,1,0
3237,2,89.00,8.00,1,0.010000,0,0
3238,20,126.00,-69.00,0,0.010000,1,19
3239,20,68.00,24.00,0,0.010000,4,15
3240,20,-20.00,80.00,0,0.010000,0,20
3241,20,-120.00,80.00,0,0.010000,0,20
3242,20,126.00,-69.00,0,0.010000,1,0
3243,20,-30.00,80.00,0,0.010000,1,0
3244,20,-30.00,80.00,0,0.010000,1,1
3245,20,-20.00,80.00,0,0.010000,0,20
3246,20,-30.00,80.00,0,0.010000,1,0
3247,2,89.00,8.00,1,0.010000,0,0
3248,20,126.00,-69.00,0,0.010000,1,19
3249,20,76.00,12.00,0,0.010000,3,17
3250,20,-20.00,80.00,0,0.010000,0,20
3251,20,-120.00,80.00,0,0.010000,0,20
3252,20,126.00,-69.00,0,0.010000,1,0
3253,20,-30.00,80.00,0,0.010000,1,0
3254,20,-20.00,80.00,0,0.010000,0,0
3255,20,-25.00,80.00,0,0.010000,0,20
3256,20,-30.00,80.00,0,0.010000,1,0
3257,2,89.00,8.00,1,0.010000,0,0
3258,20,126.00,-69.00,0,0.010000,1,19
3259,20,76.00,22.00,0,0.010000,2,17
3260,20,-20.00,80.00,0,0.010000,0,20
3261,20,-120.00,80.00,0,0.010000,0,20
3262,20,126.00,-69.00,0,0.010000,1,1
3263,20,-30.00,80.00,0,0.010000,1,0
3264,20,-20.00,80.00,0,0.010000,0,0
3265,20,-20.00,80.00,0,0.010000,0,20
3266,20,-30.00,80.00,0,0.010000,1,0
3267,2,89.00,8.00,1,0.010000,0,0
3268,20,126.00,-79.00,0,0.010000,2,19
3269,20,76.00,22.00,0,0.010000,2,17
3270,20,-20.00,80.00,0,0.010000,0,20
3271,20,-120.00,80.00,0,0.010000,0,20
3272,20,126.00,-69.00,0,0.010000,1,0
3273,20,-30.00,80.00,0,0.010000,1,0
3274,20,-20.00,80.00,0,0.010000,0,0
3275,20,-20.00,80.00,0,0.010000,0,20
3276,20,-30.00,80.00,0,0.010000,1,0
3277,2,89.00,8.00,1,0.010000,0,0
3278,20,126.00,-69.00,0,0.010000,1,19
3279,20,76.00,22.00,0,0.010000,2,17
3280,20,-20.00,80.00,0,0.010000,0,20
3281,20,-120.00,80.00,0,0.010000,0,20
3282,20,126.00,-74.00,0,0.010000,1,1
3283,20,-30.00,80.00,0,0.010000,1,0
3284,20,-20.00,80.00,0,0.010000,0,0
3285,20,-20.00,80.00,0,0.010000,0,20
3286,20,-30.00,80.00,0,0.010000,1,0
3287,2,89.00,8.00,1,0.010000,0,0
3288,20,126.00,-69.00,0,0.010000,1,19
3289,20,76.00,22.00,0,0.010000,2,17
3290,20,-18.00,72.00,0,0.010000,2,18
3291,20,-115.00,80.00,0,0.010000,0,20
3292,20,126.00,-69.00,0,0.010000,1,0
3293,20,-30.00,80.00,0,0.010000,1,0
3294,20,-25.00,80.00,0,0.010000,0,1
3295,20,-20.00,80.00,0,0.010000,0,20
3296,20,-30.00,80.00,0,0.010000,1,0
3297,2,89.00,8.00,1,0.010000,0,0
3298,20,126.00,-69.00,0,0.010000,1,19
3299,20,66.00,24.00,0,0.010000,4,15
3300,20,-20.00,80.00,0,0.010000,0,20
3301,20,-120.00,80.00,0,0.010000,0,20
3302,20,126.00,-69.00,0,0.010000,1,0
3303,20,-30.00,80.00,0,0.010000,1,0
3304,20,-20.00,80.00,0,0.010000,0,0
3305,20,-20.00,80.00,0,0.010000,0,20
3306,20,-50.00,80.00,0,0.010000,3,0
3307,2,89.00,8.00,1,0.010000,0,0
3308,20,126.00,-69.00,0,0.010000,1,19
3309,20,76.00,22.00,0,0.010000,2,17
3310,20,-20.00,80.00,0,0.010000,0,20
3311,20,-130.00,80.00,0,0.010000,2,18
3312,20,126.00,-69.00,0,0.010000,1,0
3313,20,-30.00,80.00,0,0.010000,1,0
3314,20,-20.00,80.00,0,0.010000,0,0
3315,20,-20.00,80.00,0,0.010000,0,20
3316,20,-30.00,80.00,0,0.010000,1,0
3317,2,89.00,8.00,1,0.010000,0,0
3318,20,118.00,-74.00,0,0.010000,2,17
3319,20,76.00,22.00,0,0.010000,2,17
3320,20,-20.00,80.00,0,0.010000,0,20
3321,20,-120.00,80.00,0,0.010000,0,20
3322,20,126.00,-69.00,0,0.010000,1,0
3323,20,-30.00,80.00,0,0.010000,1,0
3324,20,-20.00,80.00,0,0.010000,0,0
3325,20,-18.00,72.00,0,0.010000,2,18
3326,20,-30.00,80.00,0,0.010000,1,0
3327,2,89.00,8.00,1,0.010000,0,0
3328,20,118.00,-69.00,0,0.010000,2,17
3329,20,76.00,22.00,0,0.010000,2,17
3330,20,-20.00,80.00,0,0.010000,0,20
3331,20,-120.00,80.00,0,0.010000,0,20
3332,20,126.00,-69.00,0,0.010000,1,0
3333,20,-30.00,80.00,0,0.010000,1,0
3334,20,-20.00,80.00,0,0.010000,0,0
3335,20,-20.00,80.00,0,0.010000,0,20
3336,20,-35.00,80.00,0,0.010000,1,1
3337,2,89.00,8.00,1,0.010000,0,0
3338,20,126.00,-69.00,0,0.010000,1,19
3339,20,76.00,22.00,0,0.010000,2,17
3340,20,-20.00,80.00,0,0.010000,0,20
3341,20,-120.00,80.00,0,0.010000,0,20
3342,20,126.00,-69.00,0,0.010000,1,0
3343,20,-30.00,80.00,0,0.010000,1,0
3344,20,-20.00,80.00,0,0.010000,0,0
3345,20,-23.00,72.00,0,0.010000,2,18
3346,20,-30.00,80.00,0,0.010000,1,0
3347,2,89.00,8.00,1,0.010000,0,0
3348,20,126.00,-69.00,0,0.010000,1,19
3349,20,76.00,22.00,0,0.010000,2,17
3350,20,-20.00,80.00,0,0.010000,0,20
3351,20,-120.00,80.00,0,0.010000,0,20
3352,20,126.00,-69.00,0,0.010000,1,0
3353,20,-30.00,80.00,0,0.010000,1,0
3354,20,-20.00,80.00,0,0.010000,0,0
3355,20,-20.00,80.00,0,0.010000,0,20
3356,20,-30.00,80.00,0,0.010000,1,0
3357,2,89.00,8.00,1,0.010000,0,0
3358,20,126.00,-69.00,0,0.010000,1,19
3359,20,76.00,22.00,0,0.010000,2,17
3360,20,-13.00,57.00,0,0.010000,3,16
3361,20,-120.00,80.00,0,0.010000,0,20
3362,20,126.00,-69.00,0,0.010000,1,0
3363,20,-30.00,80.00,0,0.010000,1,0
3364,20,-20.00,80.00,0,0.010000,0,0
3365,20,-18.00,72.00,0,0.010000,2,18
3366,20,-35.00,80.00,0,0.010000,1,1
3367,2,89.00,8.00,1,0.010000,0,0
3368,20,126.00,-69.00,0,0.010000,1,19
3369,20,76.00,22.00,0,0.010000,2,17
3370,20,-18.00,72.00,0,0.010000,2,18
3371,20,-120.00,80.00,0,0.010000,0,20
3372,20,126.00,-69.00,0,0.010000,1,0
3373,20,-30.00,80.00,0,0.010000,1,0
3374,20,-20.00,80.00,0,0.010000,0,0
3375,20,-20.00,80.00,0,0.010000,0,20
3376,20,-30.00,80.00,0,0.010000,1,0
3377,2,89.00,8.00,1,0.010000,0,0
3378,20,126.00,-69.00,0,0.010000,1,19
3379,20,76.00,22.00,0,0.010000,2,17
3380,20,-20.00,80.00,0,0.010000,0,20
3381,20,-120.00,80.00,0,0.010000,0,20
3382,20,126.00,-69.00,0,0.010000,1,0
3383,20,-30.00,80.00,0,0.010000,1,0
3384,20,-20.00,80.00,0,0.010000,0,0
3385,20,-20.00,80.00,0,0.010000,0,20
3386,20,-30.00,80.00,0,0.010000,1,0
3387,2,89.00,8.00,1,0.010000,0,0
3388,20,126.00,-69.00,0,0.010000,1,19
3389,20,76.00,17.00,0,0.010000,2,17
3390,20,-20.00,80.00,0,0.010000,0,20
3391,20,-120.00,80.00,0,0.010000,0,20
3392,20,126.00,-69.00,0,0.010000,1,0
3393,20,-30.00,80.00,0,0.010000,1,0
3394,20,-20.00,80.00,0,0.010000,0,0
3395,20,-20.00,80.00,0,0.010000,0,20
3396,20,-30.00,80.00,0,0.010000,1,0
3397,2,89.00,8.00,1,0.010000,0,0
3398,20,126.00,-69.00,0,0.010000,1,19
3399,20,76.00,22.00,0,0.010000,2,17
3400,20,-20.00,80.00,0,0.010000,0,20
3401,20,-120.00,80.00,0,0.010000,0,20
3402,20,126.00,-69.00,0,0.010000,1,0
3403,20,-30.00,80.00,0,0.010000,1,0
3404,20,-20.00,80.00,0,0.010000,0,0
3405,20,-20.00,80.00,0,0.010000,0,20
3406,20,-30.00,80.00,0,0.010000,1,0
3407,2,89.00,8.00,1,0.010000,0,0
3408,20,126.00,-74.00,0,0.010000,1,19
3409,20,76.00,22.00,0,0.010000,2,17
3410,20,-20.00,80.00,0,0.010000,0,20
3411,20,-120.00,80.00,0,0.010000,0,20
3412,20,126.00,-69.00,0,0.010000,1,0
3413,20,-30.00,80.00,0,0.010000,1,0
3414,20,-20.00,80.00,0,0.010000,0,0
3415,20,-20.00,80.00,0,0.010000,0,20
3416,20,-30.00,80.00,0,0.010000,1,0
3417,2,89.00,8.00,1,0.010000,0,0
3418,20,126.00,-79.00,0,0.010000,2,19
3419,20,76.00,22.00,0,0.010000,2,17
3420,20,-20.00,80.00,0,0.010000,0,20
3421,20,-120.00,80.00,0,0.010000,0,20
3422,20,126.00,-69.00,0,0.010000,1,0
3423,20,-30.00,80.00,0,0.010000,1,0
3424,20,-30.00,80.00,0,0.010000,1,1
3425,20,-20.00,80.00,0,0.010000,0,20
3426,20,-30.00,80.00,0,0.010000,1,0
3427,2,89.00,8.00,1,0.010000,0,0
3428,20,126.00,-69.00,0,0.010000,1,19
3429,20,76.00,22.00,0,0.010000,2,17
3430,20,-18.00,72.00,0,0.010000,2,18
3431,20,-120.00,80.00,0,0.010000,0,20
3432,20,126.00,-69.00,0,0.010000,1,0
3433,20,-30.00,80.00,0,0.010000,1,0
3434,20,-20.00,80.00,0,0.010000,0,0
3435,20,-20.00,80.00,0,0.010000,0,20
3436,20,-30.00,80.00,0,0.010000,1,0
3437,2,89.00,8.00,1,0.010000,0,0
3438,20,126.00,-69.00,0,0.010000,1,19
3439,20,76.00,17.00,0,0.010000,2,17
3440,20,-20.00,80.00,0,0.010000,0,20
3441,20,-120.00,80.00,0,0.010000,0,20
3442,20,126.00,-69.00,0,0.010000,1,0
3443,20,-30.00,80.00,0,0.010000,1,0
3444,20,-20.00,80.00,0,0.010000,0,0
3445,20,-20.00,80.00,0,0.010000,0,20
3446,20,-40.00,80.00,0,0.010000,2,0
3447,2,89.00,8.00,1,0.010000,0,0
3448,20,126.00,-69.00,0,0.010000,1,19
3449,20,76.00,22.00,0,0.010000,2,17
3450,20,-20.00,80.00,0,0.010000,0,20
3451,20,-120.00,80.00,0,0.010000,0,20
3452,20,126.00,-69.00,0,0.010000,1,0
3453,20,-30.00,80.00,0,0.010000,1,0
3454,20,-20.00,80.00,0,0.010000,0,0
3455,20,-20.00,80.00,0,0.010000,0,20
3456,20,-30.00,80.00,0,0.010000,1,0
3457,2,89.00,8.00,1,0.010000,0,0
3458,20,126.00,-69.00,0,0.010000,1,19
3459,20,76.00,22.00,0,0.010000,2,17
3460,20,-20.00,80.00,0,0.010000,0,20
3461,20,-120.00,80.00,0,0.010000,0,20
3462,20,126.00,-69.00,0,0.010000,1,0
3463,20,-30.00,80.00,0,0.010000,1,0
3464,20,-20.00,80.00,0,0.010000,0,0
3465,20,-20.00,80.00,0,0.010000,0,20
3466,20,-30.00,80.00,0,0.010000,1,0
3467,2,89.00,8.00,1,0.010000,0,0
3468,20,126.00,-69.00,0,0.010000,1,19
3469,20,76.00,22.00,0,0.010000,2,17
3470,20,-20.00,80.00,0,0.010000,0,20
3471,20,-120.00,80.00,0,0.010000,0,20
3472,20,126.00,-69.00,0,0.010000,1,0
3473,20,-30.00,80.00,0,0.010000,1,0
3474,20,-20.00,80.00,0,0.010000,0,0
3475,20,-20.00,80.00,0,0.010000,0,20
3476,20,-30.00,80.00,0,0.010000,1,0
3477,2,89.00,8.00,1,0.010000,0,0
3478,20,126.00,-69.00,0,0.010000,1,19
3479,20,76.00,22.00,0,0.010000,2,17
3480,20,-20.00,80.00,0,0.010000,0,20
3481,20,-120.00,80.00,0,0.010000,0,20
3482,20,126.00,-69.00,0,0.010000,1,0
3483,20,-30.00,80.00,0,0.010000,1,1
3484,20,-20.00,80.00,0,0.010000,0,0
3485,20,-20.00,80.00,0,0.010000,0,20
3486,20,-30.00,80.00,0,0.010000,1,0
3487,2,89.00,8.00,1,0.010000,0,0
3488,20,126.00,-69.00,0,0.010000,1,19
3489,20,76.00,22.00,0,0.010000,2,17
3490,20,-20.00,80.00,0,0.010000,0,20
3491,20,-120.00,80.00,0,0.010000,0,20
3492,20,126.00,-69.00,0,0.010000,1,0
3493,20,-30.00,80.00,0,0.010000,1,0
3494,20,-30.00,80.00,0,0.010000,1,1
3495,20,-20.00,80.00,0,0.010000,0,20
3496,20,-50.00,80.00,0,0.010000,3,0
3497,2,89.00,8.00,1,0.010000,0,0
3498,20,126.00,-69.00,0,0.010000,1,19
3499,20,76.00,22.00,0,0.010000,2,17
3500,20,-30.00,80.00,0,0.010000,1,20
3501,20,-120.00,80.00,0,0.010000,0,20
3502,20,126.00,-69.00,0,0.010000,1,0
3503,20,-30.00,80.00,0,0.010000,1,0
3504,20,-20.00,80.00,0,0.010000,0,0
3505,20,-20.00,80.00,0,0.010000,0,20
3506,20,-30.00,80.00,0,0.010000,1,0
3507,2,89.00,8.00,1,0.010000,0,0
3508,20,126.00,-69.00,0,0.010000,1,19
3509,20,76.00,22.00,0,0.010000,2,17
3510,20,-20.00,80.00,0,0.010000,0,20
3511,20,-120.00,80.00,0,0.010000,0,20
3512,20,126.00,-69.00,0,0.010000,1,0
3513,20,-40.00,80.00,0,0.010000,2,1
3514,20,-20.00,80.00,0,0.010000,0,0
3515,20,-20.00,80.00,0,0.010000,0,20
3516,20,-30.00,80.00,0,0.010000,1,0
3517,2,89.00,8.00,1,0.010000,0,0
3518,20,126.00,-69.00,0,0.010000,1,19
3519,20,76.00,22.00,0,0.010000,2,17
3520,20,-20.00,80.00,0,0.010000,0,20
3521,20,-120.00,80.00,0,0.010000,0,20
3522,20,126.00,-79.00,0,0.010000,2,1
3523,20,-30.00,80.00,0,0.010000,1,0
3524,20,-30.00,80.00,0,0.010000,1,1
3525,20,-20.00,80.00,0,0.010000,0,20
3526,20,-30.00,80.00,0,0.010000,1,0
3527,2,89.00,8.00,1,0.010000,0,0
3528,20,126.00,-79.00,0,0.010000,2,19
3529,20,76.00,22.00,0,0.010000,2,17
3530,20,-20.00,80.00,0,0.010000,0,20
3531,20,-120.00,80.00,0,0.010000,0,20
3532,20,118.00,-89.00,0,0.010000,5,0
3533,20,-30.00,80.00,0,0.010000,1,0
3534,20,-20.00,80.00,0,0.010000,0,0
3535,20,-20.00,80.00,0,0.010000,0,20
3536,20,-30.00,80.00,0,0.010000,1,0
3537,2,89.00,8.00,1,0.010000,0,0
3538,20,126.00,-69.00,0,0.010000,1,19
3539,20,76.00,17.00,0,0.010000,2,17
3540,20,-25.00,80.00,0,0.010000,0,20
3541,20,-120.00,80.00,0,0.010000,0,20
3542,20,126.00,-69.00,0,0.010000,1,0
3543,20,-40.00,80.00,0,0.010000,2,1
3544,20,-20.00,80.00,0,0.010000,0,0
3545,20,-20.00,80.00,0,0.010000,0,20
3546,20,-30.00,80.00,0,0.010000,1,0
3547,2,89.00,8.00,1,0.010000,0,0
3548,20,126.00,-69.00,0,0.010000,1,19
3549,20,76.00,22.00,0,0.010000,2,17
3550,20,-20.00,80.00,0,0.010000,0,20
3551,20,-115.00,80.00,0,0.010000,1,17
3552,20,126.00,-69.00,0,0.010000,1,0
3553,20,-50.00,80.00,0,0.010000,3,0
3554,20,-30.00,80.00,0,0.010000,1,1
3555,20,-20.00,80.00,0,0.010000,0,20
3556,20,-30.00,80.00,0,0.010000,1,0
3557,2,89.00,8.00,1,0.010000,0,0
3558,20,118.00,-67.00,0,0.010000,3,17
3559,20,76.00,22.00,0,0.010000,2,17
3560,20,-30.00,80.00,0,0.010000,1,20
3561,20,-120.00,80.00,0,0.010000,3,14
3562,20,126.00,-69.00,0,0.010000,1,0
3563,20,-30.00,80.00,0,0.010000,1,0
3564,20,-20.00,80.00,0,0.010000,0,0
3565,20,-20.00,80.00,0,0.010000,0,20
3566,20,-30.00,80.00,0,0.010000,1,0
3567,2,89.00,8.00,1,0.010000,0,0
3568,20,126.00,-69.00,0,0.010000,1,19
3569,20,76.00,12.00,0,0.010000,3,17
3570,20,-20.00,80.00,0,0.010000,0,20
3571,20,-105.00,80.00,0,0.010000,1,15
3572,20,126.00,-69.00,0,0.010000,1,0
3573,20,-30.00,80.00,0,0.010000,1,0
3574,20,-30.00,80.00,0,0.010000,1,0
3575,20,-20.00,80.00,0,0.010000,0,20
3576,20,-30.00,80.00,0,0.010000,1,0
3577,2,89.00,8.00,1,0.010000,0,0
3578,20,118.00,-69.00,0,0.010000,2,17
3579,20,76.00,22.00,0,0.010000,2,17
3580,20,-25.00,80.00,0,0.010000,0,20
3581,20,-70.00,80.00,0,0.010000,2,6
3582,20,126.00,-69.00,0,0.010000,1,0
3583,20,-30.00,80.00,0,0.010000,1,0
3584,20,-20.00,80.00,0,0.010000,0,0
3585,20,-20.00,80.00,0,0.010000,0,20
3586,20,-30.00,80.00,0,0.010000,1,1
3587,2,89.00,8.00,1,0.010000,0,0
3588,20,126.00,-69.00,0,0.010000,1,19
3589,20,76.00,22.00,0,0.010000,2,17
3590,20,-20.00,80.00,0,0.010000,0,20
3591,20,-20.00,80.00,0,0.010000,0,0
3592,20,126.00,-69.00,0,0.010000,1,0
3593,20,-30.00,80.00,0,0.010000,1,0
3594,20,-20.00,80.00,0,0.010000,0,0
3595,20,-20.00,80.00,0,0.010000,0,20
3596,20,-30.00,80.00,0,0.010000,1,0
3597,2,89.00,8.00,1,0.010000,0,0
3598,20,126.00,-69.00,0,0.010000,1,19
3599,20,76.00,22.00,0,0.010000,2,17
3600,20,-20.00,80.00,0,0.010000,0,20
3601,20,-20.00,80.00,0,0.010000,0,0
3602,20,126.00,-69.00,0,0.010000,1,0
3603,20,-50.00,80.00,0,0.010000,3,0
3604,20,-30.00,80.00,0,0.010000,1,2
3605,20,-20.00,80.00,0,0.010000,0,20
3606,20,-30.00,80.00,0,0.010000,1,0
3607,2,89.00,8.00,1,0.010000,0,0
3608,20,126.00,-69.00,0,0.010000,1,19
3609,20,76.00,22.00,0,0.010000,2,17
3610,20,-20.00,80.00,0,0.010000,0,20
3611,20,-25.00,80.00,0,0.010000,0,1
3612,20,126.00,-69.00,0,0.010000,1,0
3613,20,-30.00,80.00,0,0.010000,1,0
3614,20,-30.00,80.00,0,0.010000,1,0
3615,20,-20.00,80.00,0,0.010000,0,20
3616,20,-30.00,80.00,0,0.010000,1,0
3617,2,89.00,8.00,1,0.010000,0,0
3618,20,126.00,-69.00,0,0.010000,1,19
3619,20,76.00,22.00,0,0.010000,2,17
3620,20,-20.00,80.00,0,0.010000,0,20
3621,20,-20.00,80.00,0,0.010000,0,0
3622,20,126.00,-69.00,0,0.010000,1,0
3623,20,-30.00,80.00,0,0.010000,1,0
3624,20,-20.00,80.00,0,0.010000,0,0
3625,20,-18.00,72.00,0,0.010000,2,18
3626,20,-30.00,80.00,0,0.010000,1,0
3627,2,89.00,8.00,1,0.010000,0,0
3628,20,126.00,-69.00,0,0.010000,1,19
3629,20,76.00,22.00,0,0.010000,2,17
3630,20,-20.00,80.00,0,0.010000,0,20
3631,20,-20.00,80.00,0,0.010000,0,0
3632,20,126.00,-69.00,0,0.010000,1,0
3633,20,-30.00,80.00,0,0.010000,1,0
3634,20,-30.00,80.00,0,0.010000,1,1
3635,20,-20.00,80.00,0,0.010000,0,20
3636,20,-30.00,80.00,0,0.010000,1,0
3637,2,89.00,8.00,1,0.010000,0,0
3638,20,126.00,-69.00,0,0.010000,1,19
3639,20,68.00,22.00,0,0.010000,3,15
3640,20,-20.00,80.00,0,0.010000,0,20
3641,20,-20.00,80.00,0,0.010000,0,0
3642,20,126.00,-69.00,0,0.010000,1,0
3643,20,-40.00,80.00,0,0.010000,2,1
3644,20,-20.00,80.00,0,0.010000,0,0
3645,20,-20.00,80.00,0,0.010000,0,20
3646,20,-30.00,80.00,0,0.010000,1,0
3647,2,89.00,8.00,1,0.010000,0,0
3648,20,126.00,-69.00,0,0.010000,1,19
3649,20,76.00,22.00,0,0.010000,2,17
3650,20,-30.00,80.00,0,0.010000,1,20
3651,20,-20.00,80.00,0,0.010000,0,0
3652,20,126.00,-69.00,0,0.010000,1,0
3653,20,-30.00,80.00,0,0.010000,1,0
3654,20,-30.00,80.00,0,0.010000,1,1
3655,20,-20.00,80.00,0,0.010000,0,20
3656,20,-30.00,80.00,0,0.010000,1,0
3657,2,89.00,8.00,1,0.010000,0,0
3658,20,126.00,-69.00,0,0.010000,1,19
3659,20,76.00,22.00,0,0.010000,2,17
3660,20,-20.00,80.00,0,0.010000,0,20
3661,20,-20.00,80.00,0,0.010000,0,0
3662,20,126.00,-69.00,0,0.010000,1,0
3663,20,-30.00,80.00,0,0.010000,1,0
3664,20,-20.00,80.00,0,0.010000,0,0
3665,20,-20.00,80.00,0,0.010000,0,20
3666,20,-30.00,80.00,0,0.010000,1,1
3667,2,89.00,8.00,1,0.010000,0,0
3668,20,126.00,-69.00,0,0.010000,1,19
3669,20,76.00,22.00,0,0.010000,2,17
3670,20,-20.00,80.00,0,0.010000,0,20
3671,20,-20.00,80.00,0,0.010000,0,0
3672,20,126.00,-69.00,0,0.010000,1,0
3673,20,-35.00,80.00,0,0.010000,1,1
3674,20,-20.00,80.00,0,0.010000,0,0
3675,20,-20.00,80.00,0,0.010000,0,20
3676,20,-30.00,80.00,0,0.010000,1,0
3677,2,89.00,8.00,1,0.010000,0,0
3678,20,126.00,-69.00,0,0.010000,1,19
3679,20,76.00,22.00,0,0.010000,2,17
3680,20,-20.00,80.00,0,0.010000,0,20
3681,20,-20.00,80.00,0,0.010000,0,0
3682,20,126.00,-69.00,0,0.010000,1,0
3683,20,-30.00,80.00,0,0.010000,1,0
3684,20,-20.00,80.00,0,0.010000,0,0
3685,20,-20.00,80.00,0,0.010000,0,20
3686,20,-30.00,80.00,0,0.010000,1,0
3687,2,89.00,8.00,1,0.010000,0,0
3688,20,126.00,-69.00,0,0.010000,1,19
3689,20,76.00,22.00,0,0.010000,2,17
3690,20,-20.00,80.00,0,0.010000,0,20
3691,20,-40.00,80.00,0,0.010000,2,0
3692,20,118.00,-69.00,0,0.010000,3,0
3693,20,-30.00,80.00,0,0.010000,1,0
3694,20,-20.00,80.00,0,0.010000,0,0
3695,20,-20.00,80.00,0,0.010000,0,20
3696,20,-30.00,80.00,0,0.010000,1,0
3697,2,89.00,8.00,1,0.010000,0,0
3698,20,126.00,-69.00,0,0.010000,1,19
3699,20,76.00,22.00,0,0.010000,2,17
3700,20,-18.00,72.00,0,0.010000,2,18
3701,20,-20.00,80.00,0,0.010000,0,0
3702,20,126.00,-69.00,0,0.010000,1,0
3703,20,-30.00,80.00,0,0.010000,1,0
3704,20,-25.00,80.00,0,0.010000,0,1
3705,20,-25.00,80.00,0,0.010000,0,20
3706,20,-30.00,80.00,0,0.010000,1,0
3707,2,89.00,8.00,1,0.010000,0,0
3708,20,126.00,-74.00,0,0.010000,1,19
3709,20,76.00,22.00,0,0.010000,2,17
3710,20,-20.00,80.00,0,0.010000,0,20
3711,20,-20.00,80.00,0,0.010000,0,0
3712,20,126.00,-69.00,0,0.010000,1,0
3713,20,-30.00,80.00,0,0.010000,1,0
3714,20,-20.00,80.00,0,0.010000,0,0
3715,20,-20.00,80.00,0,0.010000,0,20
3716,20,-30.00,80.00,0,0.010000,1,0
3717,2,89.00,8.00,1,0.010000,0,0
3718,20,126.00,-69.00,0,0.010000,1,19
3719,20,76.00,22.00,0,0.010000,2,17
3720,20,-23.00,67.00,0,0.010000,3,16
3721,20,-20.00,80.00,0,0.010000,0,0
3722,20,126.00,-69.00,0,0.010000,1,0
3723,20,-30.00,80.00,0,0.010000,1,0
3724,20,-20.00,80.00,0,0.010000,0,0
3725,20,-30.00,80.00,0,0.010000,1,20
3726,20,-30.00,80.00,0,0.010000,1,0
3727,2,89.00,8.00,1,0.010000,0,0
3728,20,126.00,-69.00,0,0.010000,1,19
3729,20,76.00,22.00,0,0.010000,2,17
3730,20,-20.00,80.00,0,0.010000,0,20
3731,20,-20.00,80.00,0,0.010000,0,0
3732,20,126.00,-69.00,0,0.010000,1,0
3733,20,-30.00,80.00,0,0.010000,1,0
3734,20,-20.00,80.00,0,0.010000,0,0
3735,20,-25.00,80.00,0,0.010000,0,20
3736,20,-40.00,80.00,0,0.010000,2,1
3737,2,89.00,8.00,1,0.010000,0,0
3738,20,126.00,-69.00,0,0.010000,1,19
3739,20,76.00,22.00,0,0.010000,2,17
3740,20,-20.00,80.00,0,0.010000,0,20
3741,20,-20.00,80.00,0,0.010000,0,0
3742,20,126.00,-69.00,0,0.010000,1,0
3743,20,-30.00,80.00,0,0.010000,1,0
3744,20,-20.00,80.00,0,0.010000,0,0
3745,20,-20.00,80.00,0,0.010000,0,20
3746,20,-30.00,80.00,0,0.010000,1,0
3747,2,89.00,8.00,1,0.010000,0,0
3748,20,126.00,-69.00,0,0.010000,1,19
3749,20,76.00,22.00,0,0.010000,2,17
3750,20,-20.00,80.00,0,0.010000,0,20
3751,20,-20.00,80.00,0,0.010000,0,0
3752,20,126.00,-69.00,0,0.010000,1,0
3753,20,-30.00,80.00,0,0.010000,1,0
3754,20,-20.00,80.00,0,0.010000,0,0
3755,20,-20.00,80.00,0,0.010000,0,20
3756,20,-30.00,80.00,0,0.010000,1,0
3757,2,89.00,8.00,1,0.010000,0,0
3758,20,126.00,-69.00,0,0.010000,1,19
3759,20,76.00,22.00,0,0.010000,2,17
3760,20,-20.00,80.00,0,0.010000,0,20
3761,20,-20.00,80.00,0,0.010000,0,0
3762,20,118.00,-69.00,0,0.010000,3,0
3763,20,-30.00,80.00,0,0.010000,1,0
3764,20,-20.00,80.00,0,0.010000,0,0
3765,20,-20.00,80.00,0,0.010000,0,20
3766,20,-30.00,80.00,0,0.010000,1,0
3767,2,89.00,8.00,1,0.010000,0,0
3768,20,126.00,-69.00,0,0.010000,1,19
3769,20,76.00,22.00,0,0.010000,2,17
3770,20,-20.00,80.00,0,0.010000,0,20
3771,20,-20.00,80.00,0,0.010000,0,0
3772,20,126.00,-69.00,0,0.010000,1,0
3773,20,-30.00,80.00,0,0.010000,1,0
3774,20,-20.00,80.00,0,0.010000,0,0
3775,20,-20.00,80.00,0,0.010000,0,20
3776,20,-30.00,80.00,0,0.010000,1,0
3777,2,89.00,8.00,1,0.010000,0,0
3778,20,126.00,-69.00,0,0.010000,1,19
3779,20,76.00,22.00,0,0.010000,2,17
3780,20,-20.00,80.00,0,0.010000,0,20
3781,20,-20.00,80.00,0,0.010000,0,0
3782,20,126.00,-69.00,0,0.010000,1,0
3783,20,-40.00,80.00,0,0.010000,2,1
3784,20,-30.00,80.00,0,0.010000,1,1
3785,20,-20.00,80.00,0,0.010000,0,20
3786,20,-30.00,80.00,0,0.010000,1,1
3787,2,89.00,8.00,1,0.010000,0,0
3788,20,126.00,-69.00,0,0.010000,1,19
3789,20,68.00,22.00,0,0.010000,3,15
3790,20,-20.00,80.00,0,0.010000,0,20
3791,20,-25.00,80.00,0,0.010000,0,1
3792,20,126.00,-69.00,0,0.010000,1,0
3793,20,-40.00,80.00,0,0.010000,2,1
3794,20,-20.00,80.00,0,0.010000,0,0
3795,20,-20.00,80.00,0,0.010000,0,20
3796,20,-30.00,80.00,0,0.010000,1,1
3797,2,89.00,8.00,1,0.010000,0,0
3798,20,126.00,-69.00,0,0.010000,1,19
3799,20,76.00,22.00,0,0.010000,2,17
3800,20,31.00,26.00,0,0.010000,1,19
3801,20,-20.00,80.00,0,0.010000,0,0
3802,20,126.00,-69.00,0,0.010000,1,0
3803,20,-30.00,80.00,0,0.010000,1,0
3804,20,-20.00,80.00,0,0.010000,0,0
3805,20,-20.00,80.00,0,0.010000,0,20
3806,20,-30.00,80.00,0,0.010000,1,1
3807,2,89.00,8.00,1,0.010000,0,0
3808,20,126.00,-69.00,0,0.010000,1,19
3809,20,76.00,22.00,0,0.010000,2,17
3810,20,-18.00,72.00,0,0.010000,2,18
3811,20,-30.00,80.00,0,0.010000,1,1
3812,20,126.00,-69.00,0,0.010000,1,0
3813,20,-30.00,80.00,0,0.010000,1,0
3814,20,-50.00,72.00,0,0.010000,3,0
3815,20,-20.00,80.00,0,0.010000,0,20
3816,20,-30.00,80.00,0,0.010000,1,0
3817,2,89.00,8.00,1,0.010000,0,0
3818,20,126.00,-74.00,0,0.010000,1,19
3819,20,76.00,22.00,0,0.010000,2,17
3820,20,-20.00,80.00,0,0.010000,0,20
3821,20,-20.00,80.00,0,0.010000,0,0
3822,20,126.00,-79.00,0,0.010000,2,1
3823,20,-30.00,80.00,0,0.010000,1,0
3824,20,-20.00,80.00,0,0.010000,0,0
3825,20,-20.00,80.00,0,0.010000,0,20
3826,20,-30.00,80.00,0,0.010000,1,0
3827,2,89.00,8.00,1,0.010000,0,0
3828,20,126.00,-69.00,0,0.010000,1,19
3829,20,76.00,22.00,0,0.010000,2,17
3830,20,-20.00,80.00,0,0.010000,0,20
3831,20,-20.00,80.00,0,0.010000,0,0
3832,20,118.00,-67.00,0,0.010000,3,0
3833,20,-30.00,80.00,0,0.010000,1,1
3834,20,-20.00,80.00,0,0.010000,0,0
3835,20,-20.00,80.00,0,0.010000,0,20
3836,20,-30.00,80.00,0,0.010000,1,0
3837,2,89.00,8.00,1,0.010000,0,0
3838,20,126.00,-69.00,0,0.010000,1,19
3839,20,76.00,22.00,0,0.010000,2,17
3840,20,-20.00,80.00,0,0.010000,0,20
3841,20,-20.00,80.00,0,0.010000,0,0
3842,20,126.00,-69.00,0,0.010000,1,0
3843,20,-70.00,80.00,0,0.010000,5,0
3844,20,-20.00,80.00,0,0.010000,0,0
3845,20,-20.00,80.00,0,0.010000,0,20
3846,20,-30.00,80.00,0,0.010000,1,0
3847,2,89.00,8.00,1,0.010000,0,0
3848,20,126.00,-69.00,0,0.010000,1,19
3849,20,76.00,22.00,0,0.010000,2,17
3850,20,-20.00,80.00,0,0.010000,0,20
3851,20,-20.00,80.00,0,0.010000,0,0
3852,20,126.00,-69.00,0,0.010000,1,0
3853,20,-40.00,80.00,0,0.010000,2,0
3854,20,-20.00,80.00,0,0.010000,0,0
3855,20,-20.00,80.00,0,0.010000,0,20
3856,20,-30.00,80.00,0,0.010000,1,0
3857,2,89.00,8.00,1,0.010000,0,0
3858,20,126.00,-69.00,0,0.010000,1,19
3859,20,76.00,22.00,0,0.010000,2,17
3860,20,-30.00,80.00,0,0.010000,1,20
3861,20,-20.00,80.00,0,0.010000,0,0
3862,20,126.00,-69.00,0,0.010000,1,0
3863,20,-30.00,80.00,0,0.010000,1,0
3864,20,-20.00,80.00,0,0.010000,0,0
3865,20,33.00,6.00,0,0.010000,2,17
3866,20,-30.00,80.00,0,0.010000,1,1
3867,2,89.00,8.00,1,0.010000,0,0
3868,20,126.00,-69.00,0,0.010000,1,19
3869,20,76.00,22.00,0,0.010000,2,17
3870,20,-20.00,80.00,0,0.010000,0,20
3871,20,-115.00,80.00,0,0.010000,3,13
3872,20,126.00,-69.00,0,0.010000,1,0
3873,20,-40.00,80.00,0,0.010000,2,1
3874,20,-20.00,80.00,0,0.010000,0,0
3875,20,-20.00,80.00,0,0.010000,0,20
3876,20,-30.00,80.00,0,0.010000,1,0
3877,2,89.00,8.00,1,0.010000,0,0
3878,20,126.00,-69.00,0,0.010000,1,19
3879,20,76.00,22.00,0,0.010000,2,17
3880,20,-20.00,80.00,0,0.010000,0,20
3881,20,-20.00,80.00,0,0.010000,0,0
3882,20,126.00,-69.00,0,0.010000,1,0
3883,20,-30.00,80.00,0,0.010000,1,0
3884,20,-20.00,80.00,0,0.010000,0,0
3885,20,-20.00,80.00,0,0.010000,0,20
3886,20,-30.00,80.00,0,0.010000,1,0
3887,2,89.00,8.00,1,0.010000,0,0
3888,20,126.00,-69.00,0,0.010000,1,19
3889,20,68.00,24.00,0,0.010000,4,15
3890,20,-13.00,57.00,0,0.010000,3,16
3891,20,-20.00,80.00,0,0.010000,0,0
3892,20,126.00,-69.00,0,0.010000,1,0
3893,20,-30.00,80.00,0,0.010000,1,0
3894,20,-20.00,80.00,0,0.010000,0,0
3895,20,-20.00,80.00,0,0.010000,0,20
3896,20,-40.00,80.00,0,0.010000,2,1
3897,2,89.00,8.00,1,0.010000,0,0
3898,20,126.00,-69.00,0,0.010000,1,19
3899,20,76.00,22.00,0,0.010000,2,17
3900,20,-20.00,80.00,0,0.010000,0,20
3901,20,-20.00,80.00,0,0.010000,0,0
3902,20,126.00,-69.00,0,0.010000,1,0
3903,20,-30.00,80.00,0,0.010000,1,0
3904,20,-30.00,80.00,0,0.010000,1,1
3905,20,-20.00,80.00,0,0.010000,0,20
3906,20,-30.00,80.00,0,0.010000,1,0
3907,2,89.00,8.00,1,0.010000,0,0
3908,20,126.00,-69.00,0,0.010000,1,19
3909,20,76.00,12.00,0,0.010000,3,17
3910,20,-20.00,80.00,0,0.010000,0,20
3911,20,-20.00,80.00,0,0.010000,0,0
3912,20,126.00,-69.00,0,0.010000,1,0
3913,20,-30.00,80.00,0,0.010000,1,0
3914,20,-20.00,80.00,0,0.010000,0,0
3915,20,-20.00,80.00,0,0.010000,0,20
3916,20,-30.00,80.00,0,0.010000,1,0
3917,2,89.00,8.00,1,0.010000,0,0
3918,20,118.00,-67.00,0,0.010000,3,17
3919,20,76.00,22.00,0,0.010000,2,17
3920,20,-20.00,80.00,0,0.010000,0,20
3921,20,-20.00,80.00,0,0.010000,0,0
3922,20,126.00,-69.00,0,0.010000,1,0
3923,20,-30.00,80.00,0,0.010000,1,1
3924,20,-20.00,80.00,0,0.010000,0,0
3925,20,-20.00,80.00,0,0.010000,0,20
3926,20,-30.00,80.00,0,0.010000,1,0
3927,2,89.00,8.00,1,0.010000,0,0
3928,20,126.00,-69.00,0,0.010000,1,19
3929,20,76.00,7.00,0,0.010000,3,17
3930,20,-20.00,80.00,0,0.010000,0,20
3931,20,-20.00,80.00,0,0.010000,0,0
3932,20,126.00,-69.00,0,0.010000,1,0
3933,20,-30.00,80.00,0,0.010000,1,0
3934,20,-30.00,80.00,0,0.010000,1,1
3935,20,-20.00,80.00,0,0.010000,0,20
3936,20,-30.00,80.00,0,0.010000,1,0
3937,2,89.00,8.00,1,0.010000,0,0
3938,20,118.00,-69.00,0,0.010000,2,17
3939,20,76.00,12.00,0,0.010000,3,17
3940,20,-20.00,80.00,0,0.010000,0,20
3941,20,-20.00,80.00,0,0.010000,0,0
3942,20,118.00,-67.00,0,0.010000,3,0
3943,20,-30.00,80.00,0,0.010000,1,0
3944,20,-20.00,80.00,0,0.010000,0,0
3945,20,-25.00,80.00,0,0.010000,0,20
3946,20,-30.00,80.00,0,0.010000,1,0
3947,2,89.00,8.00,1,0.010000,0,0
3948,20,126.00,-69.00,0,0.010000,1,19
3949,20,76.00,22.00,0,0.010000,2,17
3950,20,-20.00,80.00,0,0.010000,0,20
3951,20,-30.00,80.00,0,0.010000,1,1
3952,20,126.00,-69.00,0,0.010000,1,0
3953,20,-30.00,80.00,0,0.010000,1,0
3954,20,-20.00,80.00,0,0.010000,0,0
3955,20,-30.00,80.00,0,0.010000,1,20
3956,20,-30.00,80.00,0,0.010000,1,0
3957,2,89.00,8.00,1,0.010000,0,0
3958,20,126.00,-69.00,0,0.010000,1,19
3959,20,76.00,22.00,0,0.010000,2,17
3960,20,-20.00,80.00,0,0.010000,0,20
3961,20,-20.00,80.00,0,0.010000,0,0
3962,20,126.00,-69.00,0,0.010000,1,1
3963,20,-30.00,80.00,0,0.010000,1,0
3964,20,-20.00,80.00,0,0.010000,0,0
3965,20,-20.00,80.00,0,0.010000,0,20
3966,20,-30.00,80.00,0,0.010000,1,0
3967,2,89.00,8.00,1,0.010000,0,0
3968,20,118.00,-67.00,0,0.010000,3,17
3969,20,76.00,22.00,0,0.010000,2,17
3970,20,-20.00,80.00,0,0.010000,0,20
3971,20,-125.00,80.00,0,0.010000,3,15
3972,20,126.00,-69.00,0,0.010000,1,0
3973,20,-30.00,80.00,0,0.010000,1,0
3974,20,-20.00,80.00,0,0.010000,0,0
3975,20,-18.00,72.00,0,0.010000,2,18
3976,20,-30.00,80.00,0,0.010000,1,0
3977,2,89.00,8.00,1,0.010000,0,0
3978,20,126.00,-69.00,0,0.010000,1,19
3979,20,76.00,22.00,0,0.010000,2,17
3980,20,-18.00,72.00,0,0.010000,2,18
3981,20,-20.00,80.00,0,0.010000,0,0
3982,20,126.00,-79.00,0,0.010000,2,1
3983,20,-30.00,80.00,0,0.010000,1,0
3984,20,-20.00,80.00,0,0.010000,0,0
3985,20,-20.00,80.00,0,0.010000,0,20
3986,20,-30.00,80.00,0,0.010000,1,0
3987,2,89.00,8.00,1,0.010000,0,0
3988,20,126.00,-69.00,0,0.010000,1,19
3989,20,76.00,22.00,0,0.010000,2,17
3990,20,-20.00,80.00,0,0.010000,0,20
3991,20,-20.00,80.00,0,0.010000,0,0
3992,20,126.00,-69.00,0,0.010000,1,0
3993,20,-30.00,80.00,0,0.010000,1,0
3994,20,-20.00,80.00,0,0.010000,0,0
3995,20,-20.00,80.00,0,0.010000,0,20
3996,20,-30.00,80.00,0,0.010000,1,0
3997,2,89.00,8.00,1,0.010000,0,0
3998,20,126.00,-69.00,0,0.010000,1,19
3999,20,76.00,22.00,0,0.010000,2,17

# Summary
# FirstGoalEpisode,0
# TotalGoalCount,402
# GoalRate_last100,0.10
