file,sha256
_artifacts/clean/clean-lab3-stereo-false-seed-1/benchmark/results/lab3/training_stereo_false/coverage_stereotypes_false_lab3.csv,bb902c0db97c3cd7263b22e3a5d29da6b59556bc5df721bbb50fb24b900dff3e
_artifacts/clean/clean-lab3-stereo-false-seed-1/benchmark/results/lab3/training_stereo_false/first_goal_stereotypes_false_lab3.csv,049bdf3c62bd90461c7ca73cf22cb8ec4c69d89062278fefe9973e35198f194d
_artifacts/clean/clean-lab3-stereo-false-seed-1/benchmark/results/lab3/training_stereo_false/iv_stats_stereotypes_false_lab3.json,d42731a48fdbd3c2035db806859ccb86d69f923486bd398e2b96469da5cbc58f
_artifacts/clean/clean-lab3-stereo-false-seed-1/benchmark/results/lab3/training_stereo_false/learned_stereotypes_false_lab3.ttl,a809a51a520a457212cc8fd12df6dae9cf4b14183671c80045998c7929adfa20
_artifacts/clean/clean-lab3-stereo-false-seed-1/benchmark/results/lab3/training_stereo_false/metrics_stereotypes_false_lab3.csv,4424a549e951407d8ade8f1f7a669f4841314e22e7f726e647179780f6a68c23
_artifacts/clean/clean-lab3-stereo-false-seed-1/benchmark/results/lab3/training_stereo_false/qtable_final_stereotypes_false_lab3.csv,12fd03133be8e94931cb8be1a1a0f316879e9ba15f7905f709647828e4068b46
_artifacts/clean/clean-lab3-stereo-false-seed-1/benchmark/results/lab3/training_stereo_false/qtable_initial_stereotypes_false_lab3.csv,2242814c39abcaeabf264442b0b1c7ac347fa728acf8055276a84b70e243825c
_artifacts/clean/clean-lab3-stereo-false-seed-1/benchmark/results/lab3/training_stereo_false/TRAINING_OK.json,07a70813a99d53186c018ed8ff9bb19c80059a1cab05e36687855038af1cd129
_artifacts/clean/clean-lab3-stereo-false-seed-1/log/train_lab3_stereo_false.log,27389dcb95dabde9cc50e92db3277690a26525578f993524e2bc908882327d1c
_artifacts/clean/clean-lab3-stereo-false-seed-1/qtable_final_stereotypes_false_lab3.csv,12fd03133be8e94931cb8be1a1a0f316879e9ba15f7905f709647828e4068b46
_artifacts/clean/clean-lab3-stereo-false-seed-1/qtable_final_stereotypes_false_lab3_trust.csv,8b74a8b2125268f80f75eedc1abd409afe252eae534fb6d33fbc9db761089e9b
_artifacts/clean/clean-lab3-stereo-false-seed-1/qtable_final_stereotypes_false_lab3_visits.csv,e8bc0d99580c853fe27c3dcf8dcc4c7fd721cc7bdb1c29f009962dcde56f1c4f
_artifacts/clean/clean-lab3-stereo-false-seed-1/qtable_final_stereotypes_false_lab3_zone1.csv,616f2bf92dbdb23c7808ccc989e0d81692b12720efd51f8674aa7f4417fead62
_artifacts/clean/clean-lab3-stereo-false-seed-1/qtable_final_stereotypes_false_lab3_zone2.csv,9f12498e3bfdc34f8e93cee6a0cfb78f64a30bd40e74583c5df479f8208ea08d
_artifacts/clean/clean-lab3-stereo-false-seed-10/benchmark/results/lab3/training_stereo_false/coverage_stereotypes_false_lab3.csv,d317bcd757c02dc54e6f7f350ddd5eebe0496ca46f4ad678e3bb54960abf42bf
_artifacts/clean/clean-lab3-stereo-false-seed-10/benchmark/results/lab3/training_stereo_false/first_goal_stereotypes_false_lab3.csv,3bf0baf3e91d8b35d3600ee000b428d04b82056fbfebab7ef1109e6676f69d50
_artifacts/clean/clean-lab3-stereo-false-seed-10/benchmark/results/lab3/training_stereo_false/iv_stats_stereotypes_false_lab3.json,592da92e498f6eb8556ef965cbfdcc44f9c2dd517e0d1d622e9216d813ca786d
_artifacts/clean/clean-lab3-stereo-false-seed-10/benchmark/results/lab3/training_stereo_false/learned_stereotypes_false_lab3.ttl,00f72cb26987a5e1950dae7d17f745a2a6c7ee9eee6a99b2f6e15beb00309bb6
_artifacts/clean/clean-lab3-stereo-false-seed-10/benchmark/results/lab3/training_stereo_false/metrics_stereotypes_false_lab3.csv,9465dc15fd054aaa0ec158f3969089d6ca09ff979000ab79bf981a93ff374d87
_artifacts/clean/clean-lab3-stereo-false-seed-10/benchmark/results/lab3/training_stereo_false/qtable_final_stereotypes_false_lab3.csv,8225df3494eb7e9be7c9a94e9d17ca406ae8b612671b3e166c5fc6e2274ec384
_artifacts/clean/clean-lab3-stereo-false-seed-10/benchmark/results/lab3/training_stereo_false/qtable_initial_stereotypes_false_lab3.csv,2242814c39abcaeabf264442b0b1c7ac347fa728acf8055276a84b70e243825c
_artifacts/clean/clean-lab3-stereo-false-seed-10/benchmark/results/lab3/training_stereo_false/TRAINING_OK.json,541692602cf76b0552faecc4db7a77b417b17ecae441bbaee1422c60ec768219
_artifacts/clean/clean-lab3-stereo-false-seed-10/log/train_lab3_stereo_false.log,0c6f0261f62dd4e5f164716f0dc361a7a179e02ac5661fc30da0023338850647
_artifacts/clean/clean-lab3-stereo-false-seed-10/qtable_final_stereotypes_false_lab3.csv,8225df3494eb7e9be7c9a94e9d17ca406ae8b612671b3e166c5fc6e2274ec384
_artifacts/clean/clean-lab3-stereo-false-seed-10/qtable_final_stereotypes_false_lab3_trust.csv,8b74a8b2125268f80f75eedc1abd409afe252eae534fb6d33fbc9db761089e9b
_artifacts/clean/clean-lab3-stereo-false-seed-10/qtable_final_stereotypes_false_lab3_visits.csv,3a947efeaea4af0f8607a1a238cd9d648704aabef099f6903b579e84bb5f3388
_artifacts/clean/clean-lab3-stereo-false-seed-10/qtable_final_stereotypes_false_lab3_zone1.csv,3fe4ce1c53498476f4672b83977413b26dc86bfa5619f119d59f1e6e9276e041
_artifacts/clean/clean-lab3-stereo-false-seed-10/qtable_final_stereotypes_false_lab3_zone2.csv,52bed9377a9dd2b96c5cf0132e8b6127ecda962da23c91d54d0ea2a4fafc66f2
_artifacts/clean/clean-lab3-stereo-false-seed-2/benchmark/results/lab3/training_stereo_false/coverage_stereotypes_false_lab3.csv,5b07683fbd795d25c1a672cb208a80afbaba5e016789682c1ef99e6fe906d563
_artifacts/clean/clean-lab3-stereo-false-seed-2/benchmark/results/lab3/training_stereo_false/first_goal_stereotypes_false_lab3.csv,3bf0baf3e91d8b35d3600ee000b428d04b82056fbfebab7ef1109e6676f69d50
_artifacts/clean/clean-lab3-stereo-false-seed-2/benchmark/results/lab3/training_stereo_false/iv_stats_stereotypes_false_lab3.json,0cac61c37662ceb2e5c35081eaed0d9f8f5267a237edec1dea86291d06267bd6
_artifacts/clean/clean-lab3-stereo-false-seed-2/benchmark/results/lab3/training_stereo_false/learned_stereotypes_false_lab3.ttl,fdc414613b5dd2c211d3f1a260e23def2c7ac0a046387c21990e4c3db5b91f38
_artifacts/clean/clean-lab3-stereo-false-seed-2/benchmark/results/lab3/training_stereo_false/metrics_stereotypes_false_lab3.csv,47a84a612246e64461162400fa93a4b0d91aaa4f12c94fd2b7eee40604d06396
_artifacts/clean/clean-lab3-stereo-false-seed-2/benchmark/results/lab3/training_stereo_false/qtable_final_stereotypes_false_lab3.csv,94a4e7714e3fbf65b3e860851755bd9c2ba3d272f861b3025412a0343aadd671
_artifacts/clean/clean-lab3-stereo-false-seed-2/benchmark/results/lab3/training_stereo_false/qtable_initial_stereotypes_false_lab3.csv,2242814c39abcaeabf264442b0b1c7ac347fa728acf8055276a84b70e243825c
_artifacts/clean/clean-lab3-stereo-false-seed-2/benchmark/results/lab3/training_stereo_false/TRAINING_OK.json,53b1c2dd4dad9aacfcfff7a9048b0ac0b085ccb1b5dc8d40998c550fef5a2939
_artifacts/clean/clean-lab3-stereo-false-seed-2/log/train_lab3_stereo_false.log,42a2089be3aa317d720d1d56b058e08a2b64736a6db66d93dbd3603de7dbf19f
_artifacts/clean/clean-lab3-stereo-false-seed-2/qtable_final_stereotypes_false_lab3.csv,94a4e7714e3fbf65b3e860851755bd9c2ba3d272f861b3025412a0343aadd671
_artifacts/clean/clean-lab3-stereo-false-seed-2/qtable_final_stereotypes_false_lab3_trust.csv,8b74a8b2125268f80f75eedc1abd409afe252eae534fb6d33fbc9db761089e9b
_artifacts/clean/clean-lab3-stereo-false-seed-2/qtable_final_stereotypes_false_lab3_visits.csv,064989e19a652c662a2ccd9fd082f791539d7f62521554b645177ced12bc3ebf
_artifacts/clean/clean-lab3-stereo-false-seed-2/qtable_final_stereotypes_false_lab3_zone1.csv,fde433aefc8c3e924abbde1090f58d67cdd40b4110d65ed46b4222f92708f2d4
_artifacts/clean/clean-lab3-stereo-false-seed-2/qtable_final_stereotypes_false_lab3_zone2.csv,57ed7cb90751803109c5d0558fa2333c4bc7394d6e64efc211c2b36635a5c606
_artifacts/clean/clean-lab3-stereo-false-seed-3/benchmark/results/lab3/training_stereo_false/coverage_stereotypes_false_lab3.csv,cc0d91825c4aa700b8f98832b499688a5295b1095aa82bb0b0435cad5a503b8c
_artifacts/clean/clean-lab3-stereo-false-seed-3/benchmark/results/lab3/training_stereo_false/first_goal_stereotypes_false_lab3.csv,d8f7a82d8984f5d0e9e98ee5d0aa649d66e77384ab2d669e77dd6293763ad024
_artifacts/clean/clean-lab3-stereo-false-seed-3/benchmark/results/lab3/training_stereo_false/iv_stats_stereotypes_false_lab3.json,eb9bdda8796fac3c7b26af2c3ea0895d7feaa024a75811d79fb623309a9800e3
_artifacts/clean/clean-lab3-stereo-false-seed-3/benchmark/results/lab3/training_stereo_false/learned_stereotypes_false_lab3.ttl,1625457a4775576f06bd03d7e381c959e28f5c138a9984ee18792c4760af866f
_artifacts/clean/clean-lab3-stereo-false-seed-3/benchmark/results/lab3/training_stereo_false/metrics_stereotypes_false_lab3.csv,53b6d728454c9d52fd175f70b31d60517b4ed52dce8ef42e97aa94d88f61b129
_artifacts/clean/clean-lab3-stereo-false-seed-3/benchmark/results/lab3/training_stereo_false/qtable_final_stereotypes_false_lab3.csv,31103041290c0e73bcf9489543ad74e4ece294f93ba195e3ad695881dae371ca
_artifacts/clean/clean-lab3-stereo-false-seed-3/benchmark/results/lab3/training_stereo_false/qtable_initial_stereotypes_false_lab3.csv,2242814c39abcaeabf264442b0b1c7ac347fa728acf8055276a84b70e243825c
_artifacts/clean/clean-lab3-stereo-false-seed-3/benchmark/results/lab3/training_stereo_false/TRAINING_OK.json,1ec179b7d04f2e725f6d55d8c60c56b090b23d95073ae1896425b2a51a629f00
_artifacts/clean/clean-lab3-stereo-false-seed-3/log/train_lab3_stereo_false.log,2323eeac914eb68934b5e57a6b25c89e6480b99570e063009407ae43a17f3770
_artifacts/clean/clean-lab3-stereo-false-seed-3/qtable_final_stereotypes_false_lab3.csv,31103041290c0e73bcf9489543ad74e4ece294f93ba195e3ad695881dae371ca
_artifacts/clean/clean-lab3-stereo-false-seed-3/qtable_final_stereotypes_false_lab3_trust.csv,8b74a8b2125268f80f75eedc1abd409afe252eae534fb6d33fbc9db761089e9b
_artifacts/clean/clean-lab3-stereo-false-seed-3/qtable_final_stereotypes_false_lab3_visits.csv,3c3c5c9d9c54b80f5d7adedd05401726ad0a27aa79b19f970315ba025986e9ee
_artifacts/clean/clean-lab3-stereo-false-seed-3/qtable_final_stereotypes_false_lab3_zone1.csv,4e5445c526cc7fb80095df33f21628709086f245f055979ae33ed341301a0351
_artifacts/clean/clean-lab3-stereo-false-seed-3/qtable_final_stereotypes_false_lab3_zone2.csv,d83e905a99ffcc000fa279d67041b572b833bc2d6eb05957da859ffb54c9d974
_artifacts/clean/clean-lab3-stereo-false-seed-4/benchmark/results/lab3/training_stereo_false/coverage_stereotypes_false_lab3.csv,7959e0034ad732d9a70f92340613fb3481a608db68474869de9abb804a02863c
_artifacts/clean/clean-lab3-stereo-false-seed-4/benchmark/results/lab3/training_stereo_false/first_goal_stereotypes_false_lab3.csv,ec3721f50211d1a9ac5c9bb64ac9c80d17ed4b14b4a9fab543e24404a8f5cc28
_artifacts/clean/clean-lab3-stereo-false-seed-4/benchmark/results/lab3/training_stereo_false/iv_stats_stereotypes_false_lab3.json,9048db0a9e5ef2377668fe66864a453c3e752e93b8430d9276ed54430bfa4afa
_artifacts/clean/clean-lab3-stereo-false-seed-4/benchmark/results/lab3/training_stereo_false/learned_stereotypes_false_lab3.ttl,a4a7d1bbc76cd1018d55d1889bd3706e6603ec95e2a3bfcef188a1380e04eab6
_artifacts/clean/clean-lab3-stereo-false-seed-4/benchmark/results/lab3/training_stereo_false/metrics_stereotypes_false_lab3.csv,a51921965cbf80c25724d99f4417103f97d3dad036ea115a7928feaed61fce87
_artifacts/clean/clean-lab3-stereo-false-seed-4/benchmark/results/lab3/training_stereo_false/qtable_final_stereotypes_false_lab3.csv,d08886d308aeeddee9cfd8c915cb0bcee9380afd6798adb6a632691b0e18e990
_artifacts/clean/clean-lab3-stereo-false-seed-4/benchmark/results/lab3/training_stereo_false/qtable_initial_stereotypes_false_lab3.csv,2242814c39abcaeabf264442b0b1c7ac347fa728acf8055276a84b70e243825c
_artifacts/clean/clean-lab3-stereo-false-seed-4/benchmark/results/lab3/training_stereo_false/TRAINING_OK.json,bc6be56f5eebc297d3e1e29669adba026cd9800344ae80d3b0858808f7af7462
_artifacts/clean/clean-lab3-stereo-false-seed-4/log/train_lab3_stereo_false.log,15169bf163c2c5f9b648518a22b4072f530ae494bdfc0afe408ceb8624ea8bed
_artifacts/clean/clean-lab3-stereo-false-seed-4/qtable_final_stereotypes_false_lab3.csv,d08886d308aeeddee9cfd8c915cb0bcee9380afd6798adb6a632691b0e18e990
_artifacts/clean/clean-lab3-stereo-false-seed-4/qtable_final_stereotypes_false_lab3_trust.csv,8b74a8b2125268f80f75eedc1abd409afe252eae534fb6d33fbc9db761089e9b
_artifacts/clean/clean-lab3-stereo-false-seed-4/qtable_final_stereotypes_false_lab3_visits.csv,05761760c7d281f1fe54527c516385f16650dc84f67ecab930fcca8fcc1ae008
_artifacts/clean/clean-lab3-stereo-false-seed-4/qtable_final_stereotypes_false_lab3_zone1.csv,9c07f74f189116b5764d47453f0bc153bc08f38e059f8ca5468212988b7948a1
_artifacts/clean/clean-lab3-stereo-false-seed-4/qtable_final_stereotypes_false_lab3_zone2.csv,8e3491b59d2e2ffd7c9631c201b414d421c827044f264789284c95aebd5a909d
_artifacts/clean/clean-lab3-stereo-false-seed-5/benchmark/results/lab3/training_stereo_false/coverage_stereotypes_false_lab3.csv,fcf1ecb79ef5d7e5685e9e9f629aee61a2d61b2398106e10e370880a10dc250e
_artifacts/clean/clean-lab3-stereo-false-seed-5/benchmark/results/lab3/training_stereo_false/first_goal_stereotypes_false_lab3.csv,a09602c1dfa8c761307cb7cd7db7f8df69174b707ca7b63fc558f01f355c5989
_artifacts/clean/clean-lab3-stereo-false-seed-5/benchmark/results/lab3/training_stereo_false/iv_stats_stereotypes_false_lab3.json,8fbfadd7dc7a4be2a1d22295483c5cf2afbf6844367bcce1da5367431b37646b
_artifacts/clean/clean-lab3-stereo-false-seed-5/benchmark/results/lab3/training_stereo_false/learned_stereotypes_false_lab3.ttl,ebf7bd55b45ecbd1b286476fb3ddfef20a01b6fa663629eab58af673dcde4899
_artifacts/clean/clean-lab3-stereo-false-seed-5/benchmark/results/lab3/training_stereo_false/metrics_stereotypes_false_lab3.csv,056bf048e2f844ec13fcaea5059cb0d474840a61963186bee1486cbe392e6123
_artifacts/clean/clean-lab3-stereo-false-seed-5/benchmark/results/lab3/training_stereo_false/qtable_final_stereotypes_false_lab3.csv,9339224dc667b273f285e2eeb9f34dab68d82286c6513f08240cf98f83b764ff
_artifacts/clean/clean-lab3-stereo-false-seed-5/benchmark/results/lab3/training_stereo_false/qtable_initial_stereotypes_false_lab3.csv,2242814c39abcaeabf264442b0b1c7ac347fa728acf8055276a84b70e243825c
_artifacts/clean/clean-lab3-stereo-false-seed-5/benchmark/results/lab3/training_stereo_false/TRAINING_OK.json,298f5f2bcd4e434def9aa8bc252ba4585de66d2990abfecb946db7568cd64b63
_artifacts/clean/clean-lab3-stereo-false-seed-5/log/train_lab3_stereo_false.log,4d31bcc0d9a6245a5f29319eed3202b7d9310995fe6027ff6a124fa5577afc69
_artifacts/clean/clean-lab3-stereo-false-seed-5/qtable_final_stereotypes_false_lab3.csv,9339224dc667b273f285e2eeb9f34dab68d82286c6513f08240cf98f83b764ff
_artifacts/clean/clean-lab3-stereo-false-seed-5/qtable_final_stereotypes_false_lab3_trust.csv,8b74a8b2125268f80f75eedc1abd409afe252eae534fb6d33fbc9db761089e9b
_artifacts/clean/clean-lab3-stereo-false-seed-5/qtable_final_stereotypes_false_lab3_visits.csv,29e76e8da19677ad71d79f1ff6bbaf557847512b4059f0207af11afae3d28a21
_artifacts/clean/clean-lab3-stereo-false-seed-5/qtable_final_stereotypes_false_lab3_zone1.csv,d9fe09d6b236ba394308f3ae196fdbfb52f3c4e38ea2d6e41e5119cad8f08eb9
_artifacts/clean/clean-lab3-stereo-false-seed-5/qtable_final_stereotypes_false_lab3_zone2.csv,ea5ed1a81b5d001afbab60655dd3c450a0d379cbdc117d59ca7e1dab364d3c1a
_artifacts/clean/clean-lab3-stereo-false-seed-6/benchmark/results/lab3/training_stereo_false/coverage_stereotypes_false_lab3.csv,4c121d22c32e8631225f629a2ac45cdf355bbbe8d641fdfb18537af8e65e79b7
_artifacts/clean/clean-lab3-stereo-false-seed-6/benchmark/results/lab3/training_stereo_false/first_goal_stereotypes_false_lab3.csv,d8f7a82d8984f5d0e9e98ee5d0aa649d66e77384ab2d669e77dd6293763ad024
_artifacts/clean/clean-lab3-stereo-false-seed-6/benchmark/results/lab3/training_stereo_false/iv_stats_stereotypes_false_lab3.json,4f29d687c2f8c35d138e2e53091ba3abdfdb4185cf646ec8989c4abaf5908181
_artifacts/clean/clean-lab3-stereo-false-seed-6/benchmark/results/lab3/training_stereo_false/learned_stereotypes_false_lab3.ttl,4da2b85410a9f332776f89d46b9940f33f80ba64f4ec6ce9652d73cedaa22ba4
_artifacts/clean/clean-lab3-stereo-false-seed-6/benchmark/results/lab3/training_stereo_false/metrics_stereotypes_false_lab3.csv,fe4ca73675056990d5fcc3f56a3cb369a6fbd848f46091f85019e405880e7936
_artifacts/clean/clean-lab3-stereo-false-seed-6/benchmark/results/lab3/training_stereo_false/qtable_final_stereotypes_false_lab3.csv,c3d620c9075c568c1b0599b28741da9511d76ee02ee91d5b8cf71e81c0672a8a
_artifacts/clean/clean-lab3-stereo-false-seed-6/benchmark/results/lab3/training_stereo_false/qtable_initial_stereotypes_false_lab3.csv,2242814c39abcaeabf264442b0b1c7ac347fa728acf8055276a84b70e243825c
_artifacts/clean/clean-lab3-stereo-false-seed-6/benchmark/results/lab3/training_stereo_false/TRAINING_OK.json,e2e25df09fd242c54402cba3c19993ce9c7ccbf2dcf2f145d02401ff0a84c81f
_artifacts/clean/clean-lab3-stereo-false-seed-6/log/train_lab3_stereo_false.log,dc91d1c159d8fd11c9e1cd8f118029588a50c10593a3174406f128c7d5974a15
_artifacts/clean/clean-lab3-stereo-false-seed-6/qtable_final_stereotypes_false_lab3.csv,c3d620c9075c568c1b0599b28741da9511d76ee02ee91d5b8cf71e81c0672a8a
_artifacts/clean/clean-lab3-stereo-false-seed-6/qtable_final_stereotypes_false_lab3_trust.csv,8b74a8b2125268f80f75eedc1abd409afe252eae534fb6d33fbc9db761089e9b
_artifacts/clean/clean-lab3-stereo-false-seed-6/qtable_final_stereotypes_false_lab3_visits.csv,b2429fd52c71b657c121a5627544750e52a7939962106339aba06c34d53ddf0c
_artifacts/clean/clean-lab3-stereo-false-seed-6/qtable_final_stereotypes_false_lab3_zone1.csv,b81df93af3c345dcb1f7a0ae7e03fc4fc894c36cacf99ecbd63722eb87ba4764
_artifacts/clean/clean-lab3-stereo-false-seed-6/qtable_final_stereotypes_false_lab3_zone2.csv,c187234b21ff4c68bd2ae89bdc6885d00c49243c1ec883018f68b6a373c6d39b
_artifacts/clean/clean-lab3-stereo-false-seed-7/benchmark/results/lab3/training_stereo_false/coverage_stereotypes_false_lab3.csv,e5a9ca0032ead4d13c4aa795844f210717f943bcfef2a1ee80195f8386c30c96
_artifacts/clean/clean-lab3-stereo-false-seed-7/benchmark/results/lab3/training_stereo_false/first_goal_stereotypes_false_lab3.csv,e928d8935f01d4a786dd7646e024d0d718749ca0927d1a8cb9481fc5546da5c2
_artifacts/clean/clean-lab3-stereo-false-seed-7/benchmark/results/lab3/training_stereo_false/iv_stats_stereotypes_false_lab3.json,68a7ac03277eae57432edfb104a00a591869c4b344d0891f234205f2e58c9951
_artifacts/clean/clean-lab3-stereo-false-seed-7/benchmark/results/lab3/training_stereo_false/learned_stereotypes_false_lab3.ttl,9fc540bb3fc7ced05aa2166f6b243041cb9b5815fb456a01d8802c9a749301b3
_artifacts/clean/clean-lab3-stereo-false-seed-7/benchmark/results/lab3/training_stereo_false/metrics_stereotypes_false_lab3.csv,984fd1b625c4216c762bf668ba98e002bb8e9f2f896c6a6a1c1147df62ec3604
_artifacts/clean/clean-lab3-stereo-false-seed-7/benchmark/results/lab3/training_stereo_false/qtable_final_stereotypes_false_lab3.csv,4040dc7f152272d34d82680a0d947ea523c9ec03b7034db15acee07b86cdd2ff
_artifacts/clean/clean-lab3-stereo-false-seed-7/benchmark/results/lab3/training_stereo_false/qtable_initial_stereotypes_false_lab3.csv,2242814c39abcaeabf264442b0b1c7ac347fa728acf8055276a84b70e243825c
_artifacts/clean/clean-lab3-stereo-false-seed-7/benchmark/results/lab3/training_stereo_false/TRAINING_OK.json,4d94afce5b4bf8a4e4e3d0cf18f2bb8b1d766227e874b6a706e3a8c3c8d4781d
_artifacts/clean/clean-lab3-stereo-false-seed-7/log/train_lab3_stereo_false.log,6515ee7c02cffa67294fa32cf5703410a3ed1629128a953c085f7b3853559231
_artifacts/clean/clean-lab3-stereo-false-seed-7/qtable_final_stereotypes_false_lab3.csv,4040dc7f152272d34d82680a0d947ea523c9ec03b7034db15acee07b86cdd2ff
_artifacts/clean/clean-lab3-stereo-false-seed-7/qtable_final_stereotypes_false_lab3_trust.csv,8b74a8b2125268f80f75eedc1abd409afe252eae534fb6d33fbc9db761089e9b
_artifacts/clean/clean-lab3-stereo-false-seed-7/qtable_final_stereotypes_false_lab3_visits.csv,8d6a4b03823bb1fc758ec47acff41779afc2f6e0d37e107d8036489b3a02ccac
_artifacts/clean/clean-lab3-stereo-false-seed-7/qtable_final_stereotypes_false_lab3_zone1.csv,0e55263b7aa221cf6bbd5e20ab1b12b2b203dfd0d8b37d69e4eabb9cc2e8e0e7
_artifacts/clean/clean-lab3-stereo-false-seed-7/qtable_final_stereotypes_false_lab3_zone2.csv,c643e49fac3a36f848e90af2abe495a9ae0631f66fd9dc626e2846d25afb1ce6
_artifacts/clean/clean-lab3-stereo-false-seed-8/benchmark/results/lab3/training_stereo_false/coverage_stereotypes_false_lab3.csv,604f0c3b9920fede33e84f4374f20e1324322b0ce73b5476d1232839cf01e217
_artifacts/clean/clean-lab3-stereo-false-seed-8/benchmark/results/lab3/training_stereo_false/first_goal_stereotypes_false_lab3.csv,f9d27d96affd4c257b39b2126f99c4a35d36afcab5e4574b124711e9111a9b1e
_artifacts/clean/clean-lab3-stereo-false-seed-8/benchmark/results/lab3/training_stereo_false/iv_stats_stereotypes_false_lab3.json,223066b54b364d2282137defc5bad1bec20774d5576dc1af2765fef3bb31d153
_artifacts/clean/clean-lab3-stereo-false-seed-8/benchmark/results/lab3/training_stereo_false/learned_stereotypes_false_lab3.ttl,0411f5dcb1450773b6e7ee5e18e1b98f1728cedbaaa098b4f3cf96f64e388ae3
_artifacts/clean/clean-lab3-stereo-false-seed-8/benchmark/results/lab3/training_stereo_false/metrics_stereotypes_false_lab3.csv,6aa2309aef38d37ac3b951288b23049c0d7c789daced3a3ed13a37bf07dccfad
_artifacts/clean/clean-lab3-stereo-false-seed-8/benchmark/results/lab3/training_stereo_false/qtable_final_stereotypes_false_lab3.csv,dbdcd2bace456f956f34dd9e77162c29c1fceb5ea9ed4951f584d2ef467411aa
_artifacts/clean/clean-lab3-stereo-false-seed-8/benchmark/results/lab3/training_stereo_false/qtable_initial_stereotypes_false_lab3.csv,2242814c39abcaeabf264442b0b1c7ac347fa728acf8055276a84b70e243825c
_artifacts/clean/clean-lab3-stereo-false-seed-8/benchmark/results/lab3/training_stereo_false/TRAINING_OK.json,6b1ec554610fd2948ce76c29e1baa9f1053d8d0489c583ef7c25b5a07be7bfb0
_artifacts/clean/clean-lab3-stereo-false-seed-8/log/train_lab3_stereo_false.log,dedc891947dd16c1f6addd6e9369805866049dbacca0155189933440fdcee4f3
_artifacts/clean/clean-lab3-stereo-false-seed-8/qtable_final_stereotypes_false_lab3.csv,dbdcd2bace456f956f34dd9e77162c29c1fceb5ea9ed4951f584d2ef467411aa
_artifacts/clean/clean-lab3-stereo-false-seed-8/qtable_final_stereotypes_false_lab3_trust.csv,8b74a8b2125268f80f75eedc1abd409afe252eae534fb6d33fbc9db761089e9b
_artifacts/clean/clean-lab3-stereo-false-seed-8/qtable_final_stereotypes_false_lab3_visits.csv,e4f6ca4c412c3d0218093d80a91ffa264e822c0e8c38ceb5e1aa78933090a40e
_artifacts/clean/clean-lab3-stereo-false-seed-8/qtable_final_stereotypes_false_lab3_zone1.csv,ce00a071439595ff7cca32b80c27d21f1cd8dce93af2bc179e13ce7c3c19437f
_artifacts/clean/clean-lab3-stereo-false-seed-8/qtable_final_stereotypes_false_lab3_zone2.csv,7bbf7b9c00e1c884fdd159b05eb21978ef3bf52ab6d2ce804dabdf1033014a79
_artifacts/clean/clean-lab3-stereo-false-seed-9/benchmark/results/lab3/training_stereo_false/coverage_stereotypes_false_lab3.csv,395fb29cdc2aa1e45e1850a2fbcd07b94459f5b840da69d9711fe8f0280a2299
_artifacts/clean/clean-lab3-stereo-false-seed-9/benchmark/results/lab3/training_stereo_false/first_goal_stereotypes_false_lab3.csv,a09602c1dfa8c761307cb7cd7db7f8df69174b707ca7b63fc558f01f355c5989
_artifacts/clean/clean-lab3-stereo-false-seed-9/benchmark/results/lab3/training_stereo_false/iv_stats_stereotypes_false_lab3.json,2c1ba7c9a3c7eec2654fb5366c5c148e92e8c7a3ae2d544f678ea4f2c7080c03
_artifacts/clean/clean-lab3-stereo-false-seed-9/benchmark/results/lab3/training_stereo_false/learned_stereotypes_false_lab3.ttl,0b4a1e5c82f727d7774721aa3e5dfad488f000dc43ad389dfa89d9d2e9481a36
_artifacts/clean/clean-lab3-stereo-false-seed-9/benchmark/results/lab3/training_stereo_false/metrics_stereotypes_false_lab3.csv,3469698776d8d264a9fef9fa8352b222ca380c263b373b1ad6a572146eec0e69
_artifacts/clean/clean-lab3-stereo-false-seed-9/benchmark/results/lab3/training_stereo_false/qtable_final_stereotypes_false_lab3.csv,97a0169b598f11488f762c602d04cc2b9b0608b3a7935a548179a8c4fc1f6369
_artifacts/clean/clean-lab3-stereo-false-seed-9/benchmark/results/lab3/training_stereo_false/qtable_initial_stereotypes_false_lab3.csv,2242814c39abcaeabf264442b0b1c7ac347fa728acf8055276a84b70e243825c
_artifacts/clean/clean-lab3-stereo-false-seed-9/benchmark/results/lab3/training_stereo_false/TRAINING_OK.json,6d511c971f0f8234a109e383238afd34731e41d5d2a70bd1fde69f6b3e93196b
_artifacts/clean/clean-lab3-stereo-false-seed-9/log/train_lab3_stereo_false.log,93d15c72f29a15e0fdbb8891f70c7a55164a8466b743d5849a2602bad49dfd5a
_artifacts/clean/clean-lab3-stereo-false-seed-9/qtable_final_stereotypes_false_lab3.csv,97a0169b598f11488f762c602d04cc2b9b0608b3a7935a548179a8c4fc1f6369
_artifacts/clean/clean-lab3-stereo-false-seed-9/qtable_final_stereotypes_false_lab3_trust.csv,8b74a8b2125268f80f75eedc1abd409afe252eae534fb6d33fbc9db761089e9b
_artifacts/clean/clean-lab3-stereo-false-seed-9/qtable_final_stereotypes_false_lab3_visits.csv,d983812695115501cc73a0bec40c3b1e0223695d9caf770861050fe652c4db48
_artifacts/clean/clean-lab3-stereo-false-seed-9/qtable_final_stereotypes_false_lab3_zone1.csv,baed3e9c40d08b443403fa7bbcfe413edabc2f6097f1bf1a2c8a0bfd28293020
_artifacts/clean/clean-lab3-stereo-false-seed-9/qtable_final_stereotypes_false_lab3_zone2.csv,78218d54f313e96dd1ba8701f0d4a4f39ec05fe82d31eead6080f152aaae781b
_artifacts/clean/clean-lab3-stereo-true-seed-1/benchmark/results/lab3/training_stereo_true/coverage_stereotypes_true_lab3.csv,a0655c933fa1115213ba8219755855881ec3f81cf6543ea4ed35df81581621c0
_artifacts/clean/clean-lab3-stereo-true-seed-1/benchmark/results/lab3/training_stereo_true/first_goal_stereotypes_true_lab3.csv,a09602c1dfa8c761307cb7cd7db7f8df69174b707ca7b63fc558f01f355c5989
_artifacts/clean/clean-lab3-stereo-true-seed-1/benchmark/results/lab3/training_stereo_true/iv_stats_stereotypes_true_lab3.json,4adf00c2a78538e8a989f58fbc192ef29b763e4bf8dbb2e495ab7316296eccdc
_artifacts/clean/clean-lab3-stereo-true-seed-1/benchmark/results/lab3/training_stereo_true/learned_stereotypes_true_lab3.ttl,ce2fa0b9d3b76fd2dd8f76512834ffa53bec9d26b250c3035c67c2957fd2b847
_artifacts/clean/clean-lab3-stereo-true-seed-1/benchmark/results/lab3/training_stereo_true/metrics_stereotypes_true_lab3.csv,f2c7b159e1a7b4c76a81d224155bafea0c407fc2a450533396eb55bb720098cb
_artifacts/clean/clean-lab3-stereo-true-seed-1/benchmark/results/lab3/training_stereo_true/qtable_final_stereotypes_true_lab3.csv,9cc654febbba1ed70ba7dfc6b265b727fec963688c261756ca0304290178f9f6
_artifacts/clean/clean-lab3-stereo-true-seed-1/benchmark/results/lab3/training_stereo_true/qtable_initial_stereotypes_true_lab3.csv,b3e021febe495675b792eacefdb1821837303f22fb4e0cd1c51f40a47201ff42
_artifacts/clean/clean-lab3-stereo-true-seed-1/benchmark/results/lab3/training_stereo_true/TRAINING_OK.json,c1e6525f612188cd8bf3ee4a204e7801d536fb11d3a5cccb383ff9cffcadbd8a
_artifacts/clean/clean-lab3-stereo-true-seed-1/log/train_lab3_stereo_true.log,1ba31bcfc2543fe04adcb8ee11f358eec42bf1a573f90dec2c5c292e0dc1ac1a
_artifacts/clean/clean-lab3-stereo-true-seed-1/qtable_final_stereotypes_true_lab3.csv,9cc654febbba1ed70ba7dfc6b265b727fec963688c261756ca0304290178f9f6
_artifacts/clean/clean-lab3-stereo-true-seed-1/qtable_final_stereotypes_true_lab3_trust.csv,8b74a8b2125268f80f75eedc1abd409afe252eae534fb6d33fbc9db761089e9b
_artifacts/clean/clean-lab3-stereo-true-seed-1/qtable_final_stereotypes_true_lab3_visits.csv,fefe60273d4c9f7e98d2f232ab2856fe5a48cad6f22dbae57db803b1d2e7be03
_artifacts/clean/clean-lab3-stereo-true-seed-1/qtable_final_stereotypes_true_lab3_zone1.csv,838bed305d2739568ae77ff45afc7d1f1766018b31c103f7caa1aa4c94ad31a9
_artifacts/clean/clean-lab3-stereo-true-seed-1/qtable_final_stereotypes_true_lab3_zone2.csv,b2695aa814fa017fb853a35038c9fc7e6cde0e4632f3a2c128fa3e329f9c0b7e
_artifacts/clean/clean-lab3-stereo-true-seed-10/benchmark/results/lab3/training_stereo_true/coverage_stereotypes_true_lab3.csv,70dca5a6cb58ecea5d00efd40bb54c507ab39e6fe75f429bcbfcbaebfa13a183
_artifacts/clean/clean-lab3-stereo-true-seed-10/benchmark/results/lab3/training_stereo_true/first_goal_stereotypes_true_lab3.csv,a34de8194856773a8012159d976823f4790c98a4bc3947d5f8a0464c981f6998
_artifacts/clean/clean-lab3-stereo-true-seed-10/benchmark/results/lab3/training_stereo_true/iv_stats_stereotypes_true_lab3.json,319ae833f9b369f24d97ac276370139751d8b94dee05d79cc8831e1b0247219f
_artifacts/clean/clean-lab3-stereo-true-seed-10/benchmark/results/lab3/training_stereo_true/learned_stereotypes_true_lab3.ttl,cdbe1ee26eac4fcb2eefb7e8bd5fccf547609bee713dfc5feb53975a02e92ce7
_artifacts/clean/clean-lab3-stereo-true-seed-10/benchmark/results/lab3/training_stereo_true/metrics_stereotypes_true_lab3.csv,1dcd45ac166616d4cbd7c12cc8469092907d36f61efc42ccdc11aea8e9a75c1a
_artifacts/clean/clean-lab3-stereo-true-seed-10/benchmark/results/lab3/training_stereo_true/qtable_final_stereotypes_true_lab3.csv,5bd60f810b4287b07e57004a630b3daf453113bd3feea04cc0fc6f311b0c23a4
_artifacts/clean/clean-lab3-stereo-true-seed-10/benchmark/results/lab3/training_stereo_true/qtable_initial_stereotypes_true_lab3.csv,b3e021febe495675b792eacefdb1821837303f22fb4e0cd1c51f40a47201ff42
_artifacts/clean/clean-lab3-stereo-true-seed-10/benchmark/results/lab3/training_stereo_true/TRAINING_OK.json,757c5a2aae7571d1a5182fdecf977e0ca5fd401d9da17969035820381a9afb50
_artifacts/clean/clean-lab3-stereo-true-seed-10/log/train_lab3_stereo_true.log,594937592207831602d2ffd08b531af1c2da9868c569e5690df51fb1c9a23bf1
_artifacts/clean/clean-lab3-stereo-true-seed-10/qtable_final_stereotypes_true_lab3.csv,5bd60f810b4287b07e57004a630b3daf453113bd3feea04cc0fc6f311b0c23a4
_artifacts/clean/clean-lab3-stereo-true-seed-10/qtable_final_stereotypes_true_lab3_trust.csv,8b74a8b2125268f80f75eedc1abd409afe252eae534fb6d33fbc9db761089e9b
_artifacts/clean/clean-lab3-stereo-true-seed-10/qtable_final_stereotypes_true_lab3_visits.csv,c41ff3da063930b0167fa9673fe0e52561ef4c7cf625827834a52f7b83fa4014
_artifacts/clean/clean-lab3-stereo-true-seed-10/qtable_final_stereotypes_true_lab3_zone1.csv,2ff2c360046127032ed07d7a2b1cb4ae381d85033ce44b61718bffaddb3f44f0
_artifacts/clean/clean-lab3-stereo-true-seed-10/qtable_final_stereotypes_true_lab3_zone2.csv,54bcc97f26c42f667cef2abeda125e8d7c03eb83e7fb8b2604a6c009e7199c21
_artifacts/clean/clean-lab3-stereo-true-seed-2/benchmark/results/lab3/training_stereo_true/coverage_stereotypes_true_lab3.csv,486f09da93c690f02ea45f4207db787044ad52d714bb1bff4b9ee24bb5d29e9c
_artifacts/clean/clean-lab3-stereo-true-seed-2/benchmark/results/lab3/training_stereo_true/first_goal_stereotypes_true_lab3.csv,3bf0baf3e91d8b35d3600ee000b428d04b82056fbfebab7ef1109e6676f69d50
_artifacts/clean/clean-lab3-stereo-true-seed-2/benchmark/results/lab3/training_stereo_true/iv_stats_stereotypes_true_lab3.json,6091dfac3d0faa9a589746050b5ed10032fda046bd2c724039ae1a1095bebdd1
_artifacts/clean/clean-lab3-stereo-true-seed-2/benchmark/results/lab3/training_stereo_true/learned_stereotypes_true_lab3.ttl,558704370c16037971651f47cfd2d2c4dbf32e4c6a189f07426d69cf8c7c0e8a
_artifacts/clean/clean-lab3-stereo-true-seed-2/benchmark/results/lab3/training_stereo_true/metrics_stereotypes_true_lab3.csv,62349efb8f11388f3335e7951a1a500697033f5853a5b12a68422445dd82df5f
_artifacts/clean/clean-lab3-stereo-true-seed-2/benchmark/results/lab3/training_stereo_true/qtable_final_stereotypes_true_lab3.csv,10c38ac42196d06eafa680d35765acd3df80135ff1292583cc69de0173e4cb91
_artifacts/clean/clean-lab3-stereo-true-seed-2/benchmark/results/lab3/training_stereo_true/qtable_initial_stereotypes_true_lab3.csv,b3e021febe495675b792eacefdb1821837303f22fb4e0cd1c51f40a47201ff42
_artifacts/clean/clean-lab3-stereo-true-seed-2/benchmark/results/lab3/training_stereo_true/TRAINING_OK.json,fe495abd198a227c3df8ef8784bc78fbfd5a5088eb620e6f1ef324e61f61c4ea
_artifacts/clean/clean-lab3-stereo-true-seed-2/log/train_lab3_stereo_true.log,30232e9fcf678485467c2fe093d6a30dc80ada186f34521c2c8c89b4789514e1
_artifacts/clean/clean-lab3-stereo-true-seed-2/qtable_final_stereotypes_true_lab3.csv,10c38ac42196d06eafa680d35765acd3df80135ff1292583cc69de0173e4cb91
_artifacts/clean/clean-lab3-stereo-true-seed-2/qtable_final_stereotypes_true_lab3_trust.csv,8b74a8b2125268f80f75eedc1abd409afe252eae534fb6d33fbc9db761089e9b
_artifacts/clean/clean-lab3-stereo-true-seed-2/qtable_final_stereotypes_true_lab3_visits.csv,c240239cd64b3daa288c10fcc3d8a6b041ab8471b3b6a8dfa1cf900e5c8af615
_artifacts/clean/clean-lab3-stereo-true-seed-2/qtable_final_stereotypes_true_lab3_zone1.csv,70d3fad786723d8045c5eb071fe9e7a89f5e5eccee679a66f9fcfc46e33ca28d
_artifacts/clean/clean-lab3-stereo-true-seed-2/qtable_final_stereotypes_true_lab3_zone2.csv,61759d82319853ed6bbeb73d7dc0d5eb0c6ad9ea1d08df850a60e42c071e2d4f
_artifacts/clean/clean-lab3-stereo-true-seed-3/benchmark/results/lab3/training_stereo_true/coverage_stereotypes_true_lab3.csv,10069964f4e516ebd917beb22d3d5e59bba72c8f917d125c3624e261a0b19d57
_artifacts/clean/clean-lab3-stereo-true-seed-3/benchmark/results/lab3/training_stereo_true/first_goal_stereotypes_true_lab3.csv,e928d8935f01d4a786dd7646e024d0d718749ca0927d1a8cb9481fc5546da5c2
_artifacts/clean/clean-lab3-stereo-true-seed-3/benchmark/results/lab3/training_stereo_true/iv_stats_stereotypes_true_lab3.json,eebc65db3337038e47f3fa79d8bca5143f95abc7221212f77b963c486e3ada23
_artifacts/clean/clean-lab3-stereo-true-seed-3/benchmark/results/lab3/training_stereo_true/learned_stereotypes_true_lab3.ttl,1f7c4dd7ac2ab24c7df5a48c70dd8bd848df74a0460738bfd527a0442ccbd6b8
_artifacts/clean/clean-lab3-stereo-true-seed-3/benchmark/results/lab3/training_stereo_true/metrics_stereotypes_true_lab3.csv,df5d992d4a543c7e06391718c931227107146c312b66eab5f785609244b38aad
_artifacts/clean/clean-lab3-stereo-true-seed-3/benchmark/results/lab3/training_stereo_true/qtable_final_stereotypes_true_lab3.csv,b0b53ff0f3f976a01f507028e19e6af33835ea4ec3603c03c729263f8bfa23d5
_artifacts/clean/clean-lab3-stereo-true-seed-3/benchmark/results/lab3/training_stereo_true/qtable_initial_stereotypes_true_lab3.csv,b3e021febe495675b792eacefdb1821837303f22fb4e0cd1c51f40a47201ff42
_artifacts/clean/clean-lab3-stereo-true-seed-3/benchmark/results/lab3/training_stereo_true/TRAINING_OK.json,fed012b6fdb79ea25a7407b880896be17a8dbdbb0567066b9e6908d7bd8f9cd6
_artifacts/clean/clean-lab3-stereo-true-seed-3/log/train_lab3_stereo_true.log,b60ddb3e8a4a2251980f99b651008dc9d6715f851b097cdbeda87d86a28b03f6
_artifacts/clean/clean-lab3-stereo-true-seed-3/qtable_final_stereotypes_true_lab3.csv,b0b53ff0f3f976a01f507028e19e6af33835ea4ec3603c03c729263f8bfa23d5
_artifacts/clean/clean-lab3-stereo-true-seed-3/qtable_final_stereotypes_true_lab3_trust.csv,8b74a8b2125268f80f75eedc1abd409afe252eae534fb6d33fbc9db761089e9b
_artifacts/clean/clean-lab3-stereo-true-seed-3/qtable_final_stereotypes_true_lab3_visits.csv,8534ff00a9ded8a6e12c5c67ee9af12b857e389a3a253c22174475c64b703f77
_artifacts/clean/clean-lab3-stereo-true-seed-3/qtable_final_stereotypes_true_lab3_zone1.csv,0ac507aef8e527821e9e016f51802463827aff55f006dacccdd5f487ed4a4315
_artifacts/clean/clean-lab3-stereo-true-seed-3/qtable_final_stereotypes_true_lab3_zone2.csv,ffca21a8dce23846b141a3f6512153748fbdb0f6cffb5547b39256066fb2c1cc
_artifacts/clean/clean-lab3-stereo-true-seed-4/benchmark/results/lab3/training_stereo_true/coverage_stereotypes_true_lab3.csv,0cabfd97a5dd6b681528fb45c441e3aa5f1bd0af348c7c2871f06ff3601de3dc
_artifacts/clean/clean-lab3-stereo-true-seed-4/benchmark/results/lab3/training_stereo_true/first_goal_stereotypes_true_lab3.csv,3bf0baf3e91d8b35d3600ee000b428d04b82056fbfebab7ef1109e6676f69d50
_artifacts/clean/clean-lab3-stereo-true-seed-4/benchmark/results/lab3/training_stereo_true/iv_stats_stereotypes_true_lab3.json,f4d42b50b608061eec15de9c00ce17ef77f3fb7104298fa989d4de67b92451ea
_artifacts/clean/clean-lab3-stereo-true-seed-4/benchmark/results/lab3/training_stereo_true/learned_stereotypes_true_lab3.ttl,7fbd793fc6307a772a285da533f084a0624f3628a55f0c044a074fcd253340a2
_artifacts/clean/clean-lab3-stereo-true-seed-4/benchmark/results/lab3/training_stereo_true/metrics_stereotypes_true_lab3.csv,5bafb6551f23363984131f9000143196275a843b1752319e52c66ca4f96cfd4a
_artifacts/clean/clean-lab3-stereo-true-seed-4/benchmark/results/lab3/training_stereo_true/qtable_final_stereotypes_true_lab3.csv,959c962f440d88d57eff082207d4ea823c0a0b79ffa33dd57aabb134ceb35572
_artifacts/clean/clean-lab3-stereo-true-seed-4/benchmark/results/lab3/training_stereo_true/qtable_initial_stereotypes_true_lab3.csv,b3e021febe495675b792eacefdb1821837303f22fb4e0cd1c51f40a47201ff42
_artifacts/clean/clean-lab3-stereo-true-seed-4/benchmark/results/lab3/training_stereo_true/TRAINING_OK.json,2f9f4ec7a5df8a0059edc7098c94e6661257a1b4ebd7d748f41759be657ae22b
_artifacts/clean/clean-lab3-stereo-true-seed-4/log/train_lab3_stereo_true.log,89575dea7a831781bf0713e50359e503cd8e87ad46d4ee5b149f1997148bbd0f
_artifacts/clean/clean-lab3-stereo-true-seed-4/qtable_final_stereotypes_true_lab3.csv,959c962f440d88d57eff082207d4ea823c0a0b79ffa33dd57aabb134ceb35572
_artifacts/clean/clean-lab3-stereo-true-seed-4/qtable_final_stereotypes_true_lab3_trust.csv,8b74a8b2125268f80f75eedc1abd409afe252eae534fb6d33fbc9db761089e9b
_artifacts/clean/clean-lab3-stereo-true-seed-4/qtable_final_stereotypes_true_lab3_visits.csv,776702d1b56356a836cc77bc86936d5dc501a9e8d93c8767fd4006662ed0e740
_artifacts/clean/clean-lab3-stereo-true-seed-4/qtable_final_stereotypes_true_lab3_zone1.csv,823a0716a9fb93121ec8095c355cf425c1947753579763937584a8a92ec273cc
_artifacts/clean/clean-lab3-stereo-true-seed-4/qtable_final_stereotypes_true_lab3_zone2.csv,0bb6c68c531f437ed260170b52067823ebf4083d1c991c756d7ae9eb0187b4a5
_artifacts/clean/clean-lab3-stereo-true-seed-5/benchmark/results/lab3/training_stereo_true/coverage_stereotypes_true_lab3.csv,ae6261ada9fdd1129ff66ffb3afc52d0a92795aebc347babed0d2dc90c5c2bef
_artifacts/clean/clean-lab3-stereo-true-seed-5/benchmark/results/lab3/training_stereo_true/first_goal_stereotypes_true_lab3.csv,a09602c1dfa8c761307cb7cd7db7f8df69174b707ca7b63fc558f01f355c5989
_artifacts/clean/clean-lab3-stereo-true-seed-5/benchmark/results/lab3/training_stereo_true/iv_stats_stereotypes_true_lab3.json,631c400020438d21b560c200ae84a008f64d92b52ccfd63815784c4570212182
_artifacts/clean/clean-lab3-stereo-true-seed-5/benchmark/results/lab3/training_stereo_true/learned_stereotypes_true_lab3.ttl,bd4d802492d6e3a6bd0d56859526e553b6021f92708dd0f5b8f309577dee8fb4
_artifacts/clean/clean-lab3-stereo-true-seed-5/benchmark/results/lab3/training_stereo_true/metrics_stereotypes_true_lab3.csv,bd4fdeb3ffd3fc5e37b25dac0a8683ca41fb97933b3cf062386f7a2d07c25a10
_artifacts/clean/clean-lab3-stereo-true-seed-5/benchmark/results/lab3/training_stereo_true/qtable_final_stereotypes_true_lab3.csv,de884a54f2fdd35b9dbc0a32c25b735a008f8f235b5acd7fa6930fa8640d5027
_artifacts/clean/clean-lab3-stereo-true-seed-5/benchmark/results/lab3/training_stereo_true/qtable_initial_stereotypes_true_lab3.csv,b3e021febe495675b792eacefdb1821837303f22fb4e0cd1c51f40a47201ff42
_artifacts/clean/clean-lab3-stereo-true-seed-5/benchmark/results/lab3/training_stereo_true/TRAINING_OK.json,8e307c30c7f7318bdcfe236c06cc5fe12711c031213d36843a266fa069fcb700
_artifacts/clean/clean-lab3-stereo-true-seed-5/log/train_lab3_stereo_true.log,1d92f6de7c724dc9f3b721b3a48e3508d35ae738922a698f29316053b7774cd3
_artifacts/clean/clean-lab3-stereo-true-seed-5/qtable_final_stereotypes_true_lab3.csv,de884a54f2fdd35b9dbc0a32c25b735a008f8f235b5acd7fa6930fa8640d5027
_artifacts/clean/clean-lab3-stereo-true-seed-5/qtable_final_stereotypes_true_lab3_trust.csv,8b74a8b2125268f80f75eedc1abd409afe252eae534fb6d33fbc9db761089e9b
_artifacts/clean/clean-lab3-stereo-true-seed-5/qtable_final_stereotypes_true_lab3_visits.csv,d76110206d2bf88ae688584a0ffd7cacde6f5938998850efc67fe217adb97587
_artifacts/clean/clean-lab3-stereo-true-seed-5/qtable_final_stereotypes_true_lab3_zone1.csv,79fe4a4b25d36836d865b12288d16bf23af734f83fc6395bca89c92abc7aa8bb
_artifacts/clean/clean-lab3-stereo-true-seed-5/qtable_final_stereotypes_true_lab3_zone2.csv,78a4ab171cb1bcc5a899a7aa4c5a38cd8f3f68094e9e8e043e78a82248f1d977
_artifacts/clean/clean-lab3-stereo-true-seed-6/benchmark/results/lab3/training_stereo_true/coverage_stereotypes_true_lab3.csv,38de857d1d95182366ffdd5c766856feed0e04aa5abae589592ab3aa5bde6d9e
_artifacts/clean/clean-lab3-stereo-true-seed-6/benchmark/results/lab3/training_stereo_true/first_goal_stereotypes_true_lab3.csv,a09602c1dfa8c761307cb7cd7db7f8df69174b707ca7b63fc558f01f355c5989
_artifacts/clean/clean-lab3-stereo-true-seed-6/benchmark/results/lab3/training_stereo_true/iv_stats_stereotypes_true_lab3.json,367b2c862de95dafe28f724e08706600f92500483d21cd650a5e47daf6962b57
_artifacts/clean/clean-lab3-stereo-true-seed-6/benchmark/results/lab3/training_stereo_true/learned_stereotypes_true_lab3.ttl,1d7358f8109cd7f79747bb7600eb3891b821c8aa6eed7331fcb1cb578baf3810
_artifacts/clean/clean-lab3-stereo-true-seed-6/benchmark/results/lab3/training_stereo_true/metrics_stereotypes_true_lab3.csv,e40f982f621c646456b84e986496b31958fbfa55bef173a86e2d41ea42ab5bd2
_artifacts/clean/clean-lab3-stereo-true-seed-6/benchmark/results/lab3/training_stereo_true/qtable_final_stereotypes_true_lab3.csv,268b44d19d2942f692c2ee8ea765d6645022a70cf5fa8f31079c316e101e4e5f
_artifacts/clean/clean-lab3-stereo-true-seed-6/benchmark/results/lab3/training_stereo_true/qtable_initial_stereotypes_true_lab3.csv,b3e021febe495675b792eacefdb1821837303f22fb4e0cd1c51f40a47201ff42
_artifacts/clean/clean-lab3-stereo-true-seed-6/benchmark/results/lab3/training_stereo_true/TRAINING_OK.json,d6dde62730b673b204689bc5c3c658c17a26d9e38b3f6cd13c99e37663d377e0
_artifacts/clean/clean-lab3-stereo-true-seed-6/log/train_lab3_stereo_true.log,2dcd87305b22ef56bddc6102187e2e2acabb59acaa2d8cdb2792e8e1c1c8fd5d
_artifacts/clean/clean-lab3-stereo-true-seed-6/qtable_final_stereotypes_true_lab3.csv,268b44d19d2942f692c2ee8ea765d6645022a70cf5fa8f31079c316e101e4e5f
_artifacts/clean/clean-lab3-stereo-true-seed-6/qtable_final_stereotypes_true_lab3_trust.csv,8b74a8b2125268f80f75eedc1abd409afe252eae534fb6d33fbc9db761089e9b
_artifacts/clean/clean-lab3-stereo-true-seed-6/qtable_final_stereotypes_true_lab3_visits.csv,0dc0092c3cb3dcf0bf7960132747c868e0eb320a61046e9e09565b2418490d61
_artifacts/clean/clean-lab3-stereo-true-seed-6/qtable_final_stereotypes_true_lab3_zone1.csv,9f18766f775b64b013c3c2ede7358e64e0ce3ad1e2cb5e3740927dc838f6498b
_artifacts/clean/clean-lab3-stereo-true-seed-6/qtable_final_stereotypes_true_lab3_zone2.csv,9b99f98ef34dccab8830c2000703cb55d92d659b8921c9d27f900ee15c19f179
_artifacts/clean/clean-lab3-stereo-true-seed-7/benchmark/results/lab3/training_stereo_true/coverage_stereotypes_true_lab3.csv,f2a6583da12f2736b12c0f9acbefd4c2e5af04c124d1aff99593acc142f52f51
_artifacts/clean/clean-lab3-stereo-true-seed-7/benchmark/results/lab3/training_stereo_true/first_goal_stereotypes_true_lab3.csv,fa3dac6dcf0d5f22bf5b755a832f6b5ab74e88203b0f65d4216f2c5f5db6d3d2
_artifacts/clean/clean-lab3-stereo-true-seed-7/benchmark/results/lab3/training_stereo_true/iv_stats_stereotypes_true_lab3.json,d536147b196d636af669081715d1e2736ab3ca0573c51e7c8a294eac392c1218
_artifacts/clean/clean-lab3-stereo-true-seed-7/benchmark/results/lab3/training_stereo_true/learned_stereotypes_true_lab3.ttl,4d9d48bd4c7945094fc30462de740002d4d08ec93ff45125f2d0efbaeb775e28
_artifacts/clean/clean-lab3-stereo-true-seed-7/benchmark/results/lab3/training_stereo_true/metrics_stereotypes_true_lab3.csv,6e61e57dc836fb5c7c9f909adcc43879013f056e0dfc01e53e12afd0be598841
_artifacts/clean/clean-lab3-stereo-true-seed-7/benchmark/results/lab3/training_stereo_true/qtable_final_stereotypes_true_lab3.csv,78fddbbb8958c95d0825e8d0e25e782180558e40b92f412fcaef5a5441aa2a36
_artifacts/clean/clean-lab3-stereo-true-seed-7/benchmark/results/lab3/training_stereo_true/qtable_initial_stereotypes_true_lab3.csv,b3e021febe495675b792eacefdb1821837303f22fb4e0cd1c51f40a47201ff42
_artifacts/clean/clean-lab3-stereo-true-seed-7/benchmark/results/lab3/training_stereo_true/TRAINING_OK.json,19e4a2ad246f9f50eeea5d1f6055c3fca0fbc975c64d5210fe5a6af0fa6d0223
_artifacts/clean/clean-lab3-stereo-true-seed-7/log/train_lab3_stereo_true.log,d34563c5ad649877e2958d8b8b20abd2cb01cbbfc8c5042529208d7d5523d2f3
_artifacts/clean/clean-lab3-stereo-true-seed-7/qtable_final_stereotypes_true_lab3.csv,78fddbbb8958c95d0825e8d0e25e782180558e40b92f412fcaef5a5441aa2a36
_artifacts/clean/clean-lab3-stereo-true-seed-7/qtable_final_stereotypes_true_lab3_trust.csv,8b74a8b2125268f80f75eedc1abd409afe252eae534fb6d33fbc9db761089e9b
_artifacts/clean/clean-lab3-stereo-true-seed-7/qtable_final_stereotypes_true_lab3_visits.csv,68ea6d35d7ace239cdd602921e6f0f20eafb25e83d6b4d6dc055b3e5ccbaea45
_artifacts/clean/clean-lab3-stereo-true-seed-7/qtable_final_stereotypes_true_lab3_zone1.csv,cf584b1fc388460fc00cf1a22a2d4d9166ab06b1b7d901e3d44879cddba9158f
_artifacts/clean/clean-lab3-stereo-true-seed-7/qtable_final_stereotypes_true_lab3_zone2.csv,939bdaefb70a45084f93d7a2b5ee9c851d8cb693cd5fe2da4e3907fce2a1db86
_artifacts/clean/clean-lab3-stereo-true-seed-8/benchmark/results/lab3/training_stereo_true/coverage_stereotypes_true_lab3.csv,efa88d5b8ed3f169f48ba8488b664ffc7417f68fb953b58fc95906d719767bf6
_artifacts/clean/clean-lab3-stereo-true-seed-8/benchmark/results/lab3/training_stereo_true/first_goal_stereotypes_true_lab3.csv,a09602c1dfa8c761307cb7cd7db7f8df69174b707ca7b63fc558f01f355c5989
_artifacts/clean/clean-lab3-stereo-true-seed-8/benchmark/results/lab3/training_stereo_true/iv_stats_stereotypes_true_lab3.json,baee78e0a1479a5431232a17c3f9622d75999b611a2f4017dcddce166fba5a4d
_artifacts/clean/clean-lab3-stereo-true-seed-8/benchmark/results/lab3/training_stereo_true/learned_stereotypes_true_lab3.ttl,57856e179cb06dd1ec5119201f0c1999e675519951139b9f2c77b9ae0e89d73d
_artifacts/clean/clean-lab3-stereo-true-seed-8/benchmark/results/lab3/training_stereo_true/metrics_stereotypes_true_lab3.csv,433b5565299252c42c80f66448d1a51786487e5a7c9fbbb2f4c0a0ab346beccb
_artifacts/clean/clean-lab3-stereo-true-seed-8/benchmark/results/lab3/training_stereo_true/qtable_final_stereotypes_true_lab3.csv,94b3f216999af3fea9c89394aa80f1ff9ba67d58d5389d27216b4be423dee2a8
_artifacts/clean/clean-lab3-stereo-true-seed-8/benchmark/results/lab3/training_stereo_true/qtable_initial_stereotypes_true_lab3.csv,b3e021febe495675b792eacefdb1821837303f22fb4e0cd1c51f40a47201ff42
_artifacts/clean/clean-lab3-stereo-true-seed-8/benchmark/results/lab3/training_stereo_true/TRAINING_OK.json,e75d0eb9bf38556dcb8045aeae159e3d663e95ed6c0003212b19814267d9fa1d
_artifacts/clean/clean-lab3-stereo-true-seed-8/log/train_lab3_stereo_true.log,9e681afb00b80920d8105e8848a6117af7e3a6f0a99aa1d8b2d5668958894aee
_artifacts/clean/clean-lab3-stereo-true-seed-8/qtable_final_stereotypes_true_lab3.csv,94b3f216999af3fea9c89394aa80f1ff9ba67d58d5389d27216b4be423dee2a8
_artifacts/clean/clean-lab3-stereo-true-seed-8/qtable_final_stereotypes_true_lab3_trust.csv,8b74a8b2125268f80f75eedc1abd409afe252eae534fb6d33fbc9db761089e9b
_artifacts/clean/clean-lab3-stereo-true-seed-8/qtable_final_stereotypes_true_lab3_visits.csv,f275c81ebb51566a9283429ede179b57f3c11a6d4ff73f0d0fc63fc810fab7a5
_artifacts/clean/clean-lab3-stereo-true-seed-8/qtable_final_stereotypes_true_lab3_zone1.csv,540f1b9952d317e6522073e26ac007d5cc19df4693aa4e22c007ec5689a220fc
_artifacts/clean/clean-lab3-stereo-true-seed-8/qtable_final_stereotypes_true_lab3_zone2.csv,2d3299800396dfdecc792719cb6ff07f0ee39595b49bdb950378205aa42bfb78
_artifacts/clean/clean-lab3-stereo-true-seed-9/benchmark/results/lab3/training_stereo_true/coverage_stereotypes_true_lab3.csv,d9eb835ff1369b9bf80776ec3ceaf104c294988f2f2d920b38a1fce2da13803b
_artifacts/clean/clean-lab3-stereo-true-seed-9/benchmark/results/lab3/training_stereo_true/first_goal_stereotypes_true_lab3.csv,e928d8935f01d4a786dd7646e024d0d718749ca0927d1a8cb9481fc5546da5c2
_artifacts/clean/clean-lab3-stereo-true-seed-9/benchmark/results/lab3/training_stereo_true/iv_stats_stereotypes_true_lab3.json,bc70d0a3707060c58527fd6e7841f5a6dec8984a15f5a4225313fecec77e1205
_artifacts/clean/clean-lab3-stereo-true-seed-9/benchmark/results/lab3/training_stereo_true/learned_stereotypes_true_lab3.ttl,af833212cc3eec6d8698fe29ae3e682a1dd965d808b9697e795c60979a4dca97
_artifacts/clean/clean-lab3-stereo-true-seed-9/benchmark/results/lab3/training_stereo_true/metrics_stereotypes_true_lab3.csv,0c1a6a961568750f4ad6eb626de5ee0026e70c236a9dec555ebf6c0167ec8ea9
_artifacts/clean/clean-lab3-stereo-true-seed-9/benchmark/results/lab3/training_stereo_true/qtable_final_stereotypes_true_lab3.csv,0f2cf3ef70a7b64e81c3935fb0118902d2dc6eb5412ea3cf4a8980a93ae271c0
_artifacts/clean/clean-lab3-stereo-true-seed-9/benchmark/results/lab3/training_stereo_true/qtable_initial_stereotypes_true_lab3.csv,b3e021febe495675b792eacefdb1821837303f22fb4e0cd1c51f40a47201ff42
_artifacts/clean/clean-lab3-stereo-true-seed-9/benchmark/results/lab3/training_stereo_true/TRAINING_OK.json,7696abe5615da05d13aff85329cbb31d36ac6a9a065d82e973b8158c2d5546ca
_artifacts/clean/clean-lab3-stereo-true-seed-9/log/train_lab3_stereo_true.log,ed9b3e7e8a607251c557dd5f916a7e86bf28a3918f7ac36c96f2e4652d2c2187
_artifacts/clean/clean-lab3-stereo-true-seed-9/qtable_final_stereotypes_true_lab3.csv,0f2cf3ef70a7b64e81c3935fb0118902d2dc6eb5412ea3cf4a8980a93ae271c0
_artifacts/clean/clean-lab3-stereo-true-seed-9/qtable_final_stereotypes_true_lab3_trust.csv,8b74a8b2125268f80f75eedc1abd409afe252eae534fb6d33fbc9db761089e9b
_artifacts/clean/clean-lab3-stereo-true-seed-9/qtable_final_stereotypes_true_lab3_visits.csv,4fa1d4570f25985eab863f396b47cc559e14f3d4c474cc7d047d3a2dcf45a5f9
_artifacts/clean/clean-lab3-stereo-true-seed-9/qtable_final_stereotypes_true_lab3_zone1.csv,fb02fabfd2a962af1b8dd535bb568502c13b6c61387e4a55decbd6c1c5126c48
_artifacts/clean/clean-lab3-stereo-true-seed-9/qtable_final_stereotypes_true_lab3_zone2.csv,f3b8285fd1512f0d1ef6292e4a00ea3b2be41fe640744818858306da642f1333
_artifacts/clean/clean-labmon2_nostereo-stereo-false-seed-1/benchmark/results/labmon2_nostereo/training_stereo_false/coverage_stereotypes_false_labmon2_nostereo.csv,32573b093b6590ab0b625d74df56ccd2622db81493dd14f334c273345c7210f3
_artifacts/clean/clean-labmon2_nostereo-stereo-false-seed-1/benchmark/results/labmon2_nostereo/training_stereo_false/first_goal_stereotypes_false_labmon2_nostereo.csv,cda7e8185325f8bfe1ddcd781e1c016c8ec158717bdc04deadfcc9173efd0073
_artifacts/clean/clean-labmon2_nostereo-stereo-false-seed-1/benchmark/results/labmon2_nostereo/training_stereo_false/iv_stats_stereotypes_false_labmon2_nostereo.json,7db0c728a84c6fd05ac438e5b815c09ba2a7ebd3c7e935b90066b5c7221a36f8
_artifacts/clean/clean-labmon2_nostereo-stereo-false-seed-1/benchmark/results/labmon2_nostereo/training_stereo_false/learned_stereotypes_false_labmon2_nostereo.ttl,d822cd13e87f282e145b00b971dc1933f832237f56d5eb396740352b706314fc
_artifacts/clean/clean-labmon2_nostereo-stereo-false-seed-1/benchmark/results/labmon2_nostereo/training_stereo_false/metrics_stereotypes_false_labmon2_nostereo.csv,b2f4a1e2268d6c5dc8b667acf4e2f72d3658cd00af9ebc673565f138f86c6d57
_artifacts/clean/clean-labmon2_nostereo-stereo-false-seed-1/benchmark/results/labmon2_nostereo/training_stereo_false/qtable_final_stereotypes_false_labmon2_nostereo.csv,6a67d432da721d75e40ee548733f9408fb4bb2d2995d5acd348328e2e6a58a43
_artifacts/clean/clean-labmon2_nostereo-stereo-false-seed-1/benchmark/results/labmon2_nostereo/training_stereo_false/qtable_initial_stereotypes_false_labmon2_nostereo.csv,194e9b0715ef58c55254c9c7525d8ffb895cd46dc83794849f087e219148eca9
_artifacts/clean/clean-labmon2_nostereo-stereo-false-seed-1/benchmark/results/labmon2_nostereo/training_stereo_false/TRAINING_OK.json,ef61962a5a11691fe6c4701ca67f858c66ce8490afcaa83d1db3451b174a93d7
_artifacts/clean/clean-labmon2_nostereo-stereo-false-seed-1/log/train_labmon2_nostereo_stereo_false.log,8e33e921b9552c27217791dbc693654d7e3ede1b2fbab7f074f1e441b73cde54
_artifacts/clean/clean-labmon2_nostereo-stereo-false-seed-1/qtable_final_stereotypes_false_labmon2_nostereo.csv,6a67d432da721d75e40ee548733f9408fb4bb2d2995d5acd348328e2e6a58a43
_artifacts/clean/clean-labmon2_nostereo-stereo-false-seed-1/qtable_final_stereotypes_false_labmon2_nostereo_trust.csv,8b74a8b2125268f80f75eedc1abd409afe252eae534fb6d33fbc9db761089e9b
_artifacts/clean/clean-labmon2_nostereo-stereo-false-seed-1/qtable_final_stereotypes_false_labmon2_nostereo_visits.csv,370de147a26d886ce70370a8c17eca765a91192b57debbda660a4a6fe3be663e
_artifacts/clean/clean-labmon2_nostereo-stereo-false-seed-1/qtable_final_stereotypes_false_labmon2_nostereo_zone1.csv,06c2103fb3f5def1d357ef99454c32ca5463e98f68769aecb9a5f21ed69d7a0f
_artifacts/clean/clean-labmon2_nostereo-stereo-false-seed-1/qtable_final_stereotypes_false_labmon2_nostereo_zone2.csv,cd8fa5b9e45793c3691647b75d45fc1179a449d2900d6ba1b348167d56db01eb
_artifacts/clean/clean-labmon2_nostereo-stereo-false-seed-10/benchmark/results/labmon2_nostereo/training_stereo_false/coverage_stereotypes_false_labmon2_nostereo.csv,0015dc7c30c01279415407890639e39215de3983b23266b33031efc9491f6bfe
_artifacts/clean/clean-labmon2_nostereo-stereo-false-seed-10/benchmark/results/labmon2_nostereo/training_stereo_false/first_goal_stereotypes_false_labmon2_nostereo.csv,3ef085732de1ea28e6785e3929fbdd6e12752d3e5dbcfab3d8a1914be27b626f
_artifacts/clean/clean-labmon2_nostereo-stereo-false-seed-10/benchmark/results/labmon2_nostereo/training_stereo_false/iv_stats_stereotypes_false_labmon2_nostereo.json,1587b31ce8c16d26afc627a155a6d5ca814915ad7b97c3679cc891a3e370cfdc
_artifacts/clean/clean-labmon2_nostereo-stereo-false-seed-10/benchmark/results/labmon2_nostereo/training_stereo_false/learned_stereotypes_false_labmon2_nostereo.ttl,a22545d87bc595587998c9d0a56e00f5d22218cf223883d568673522679b2e08
_artifacts/clean/clean-labmon2_nostereo-stereo-false-seed-10/benchmark/results/labmon2_nostereo/training_stereo_false/metrics_stereotypes_false_labmon2_nostereo.csv,5b3100114a7cc8df33f50360616d39d8079d1f8b735c651d72fb339f61202744
_artifacts/clean/clean-labmon2_nostereo-stereo-false-seed-10/benchmark/results/labmon2_nostereo/training_stereo_false/qtable_final_stereotypes_false_labmon2_nostereo.csv,562286fd697fa89d9d17582b1c709cb24b69950d179d6f4e375db0a2595421cf
_artifacts/clean/clean-labmon2_nostereo-stereo-false-seed-10/benchmark/results/labmon2_nostereo/training_stereo_false/qtable_initial_stereotypes_false_labmon2_nostereo.csv,194e9b0715ef58c55254c9c7525d8ffb895cd46dc83794849f087e219148eca9
_artifacts/clean/clean-labmon2_nostereo-stereo-false-seed-10/benchmark/results/labmon2_nostereo/training_stereo_false/TRAINING_OK.json,eb6f2855e0273c4f6cbdb4fb9ab37c62a020803f01ca1fc84b188cb8961553b4
_artifacts/clean/clean-labmon2_nostereo-stereo-false-seed-10/log/train_labmon2_nostereo_stereo_false.log,4756aa3b8cb1a569f96fac538a725ba26bf4d2055f3f411cfcdc2500b51d3614
_artifacts/clean/clean-labmon2_nostereo-stereo-false-seed-10/qtable_final_stereotypes_false_labmon2_nostereo.csv,562286fd697fa89d9d17582b1c709cb24b69950d179d6f4e375db0a2595421cf
_artifacts/clean/clean-labmon2_nostereo-stereo-false-seed-10/qtable_final_stereotypes_false_labmon2_nostereo_trust.csv,8b74a8b2125268f80f75eedc1abd409afe252eae534fb6d33fbc9db761089e9b
_artifacts/clean/clean-labmon2_nostereo-stereo-false-seed-10/qtable_final_stereotypes_false_labmon2_nostereo_visits.csv,1d213dfe6c7ca44aea8ef50fe1e6bfdd57a09a01bc0e0282eb1d1bf5bf498870
_artifacts/clean/clean-labmon2_nostereo-stereo-false-seed-10/qtable_final_stereotypes_false_labmon2_nostereo_zone1.csv,b7a8e8b2927f9ef8a5af9853708aed7ce8b355d59da1580a4c3f405f0db1b7fc
_artifacts/clean/clean-labmon2_nostereo-stereo-false-seed-10/qtable_final_stereotypes_false_labmon2_nostereo_zone2.csv,3c96d0d64910a5cf1bd648b3e3f2807e4b1c1205226bbbdce11466c4f87f4ba3
_artifacts/clean/clean-labmon2_nostereo-stereo-false-seed-2/benchmark/results/labmon2_nostereo/training_stereo_false/coverage_stereotypes_false_labmon2_nostereo.csv,291bb1f528132a7a9a20cb17409173cee16b34b78e1af3d59e4729af6d912069
_artifacts/clean/clean-labmon2_nostereo-stereo-false-seed-2/benchmark/results/labmon2_nostereo/training_stereo_false/first_goal_stereotypes_false_labmon2_nostereo.csv,3d7d0851ce95bb3aa40ffeeb6f860b4090ad3bfee28faf8d67f3ede00594b47f
_artifacts/clean/clean-labmon2_nostereo-stereo-false-seed-2/benchmark/results/labmon2_nostereo/training_stereo_false/iv_stats_stereotypes_false_labmon2_nostereo.json,745d99256a32fcc5707a18b096602efc7e2530a552a91ce2f7f0a69db0a815e8
_artifacts/clean/clean-labmon2_nostereo-stereo-false-seed-2/benchmark/results/labmon2_nostereo/training_stereo_false/learned_stereotypes_false_labmon2_nostereo.ttl,eb40d27b01cabfa3f98e11afe7b9d261290dba2f7908aa1573f712569201f85c
_artifacts/clean/clean-labmon2_nostereo-stereo-false-seed-2/benchmark/results/labmon2_nostereo/training_stereo_false/metrics_stereotypes_false_labmon2_nostereo.csv,58496865ae206a68c22fab61b4d7522b2f9052b22e21bbd326cb9c8cd09a3b4f
_artifacts/clean/clean-labmon2_nostereo-stereo-false-seed-2/benchmark/results/labmon2_nostereo/training_stereo_false/qtable_final_stereotypes_false_labmon2_nostereo.csv,73c77ab207ea3abe57d116319a6220e08dcf0a4e150baeeaa86125968336ae41
_artifacts/clean/clean-labmon2_nostereo-stereo-false-seed-2/benchmark/results/labmon2_nostereo/training_stereo_false/qtable_initial_stereotypes_false_labmon2_nostereo.csv,194e9b0715ef58c55254c9c7525d8ffb895cd46dc83794849f087e219148eca9
_artifacts/clean/clean-labmon2_nostereo-stereo-false-seed-2/benchmark/results/labmon2_nostereo/training_stereo_false/TRAINING_OK.json,3e8186977e2654ec4a4ba3cde38cff60fcf871ce3e6a1b3cb82ed9663ec07e69
_artifacts/clean/clean-labmon2_nostereo-stereo-false-seed-2/log/train_labmon2_nostereo_stereo_false.log,36229218e085fe6b43455539db5e899fd3a9728bb5aa74f544a4207d46e29203
_artifacts/clean/clean-labmon2_nostereo-stereo-false-seed-2/qtable_final_stereotypes_false_labmon2_nostereo.csv,73c77ab207ea3abe57d116319a6220e08dcf0a4e150baeeaa86125968336ae41
_artifacts/clean/clean-labmon2_nostereo-stereo-false-seed-2/qtable_final_stereotypes_false_labmon2_nostereo_trust.csv,8b74a8b2125268f80f75eedc1abd409afe252eae534fb6d33fbc9db761089e9b
_artifacts/clean/clean-labmon2_nostereo-stereo-false-seed-2/qtable_final_stereotypes_false_labmon2_nostereo_visits.csv,bcf945a718238915d3a28d9c52b19b8c994fb581b47111187db97035491c78ff
_artifacts/clean/clean-labmon2_nostereo-stereo-false-seed-2/qtable_final_stereotypes_false_labmon2_nostereo_zone1.csv,835e3e079614eb2937df5e6ab2a4acbbc2136d8dc1394e2a7d1baa612c8a71fa
_artifacts/clean/clean-labmon2_nostereo-stereo-false-seed-2/qtable_final_stereotypes_false_labmon2_nostereo_zone2.csv,fa42e424d80aef252a6307c6a4fac5cb3f297b2a08e421d263be7328280c3ca2
_artifacts/clean/clean-labmon2_nostereo-stereo-false-seed-3/benchmark/results/labmon2_nostereo/training_stereo_false/coverage_stereotypes_false_labmon2_nostereo.csv,fa3bde72462f8049322455e7c1582e60ccd77a77c55321bfb8c3987956e0f11d
_artifacts/clean/clean-labmon2_nostereo-stereo-false-seed-3/benchmark/results/labmon2_nostereo/training_stereo_false/first_goal_stereotypes_false_labmon2_nostereo.csv,330e287ceb70f3f8d3053b40609113b0fde419c374edf5acc096bd8ce4f24d45
_artifacts/clean/clean-labmon2_nostereo-stereo-false-seed-3/benchmark/results/labmon2_nostereo/training_stereo_false/iv_stats_stereotypes_false_labmon2_nostereo.json,c2f81d34af92f47ea06bff0675a7508c0985490912aca1cec8a26d4e9e0eeb01
_artifacts/clean/clean-labmon2_nostereo-stereo-false-seed-3/benchmark/results/labmon2_nostereo/training_stereo_false/learned_stereotypes_false_labmon2_nostereo.ttl,b7b0017e3a019c0c661d6b7296628a5da222f3b1a631f61d8f04141b2f40f9cb
_artifacts/clean/clean-labmon2_nostereo-stereo-false-seed-3/benchmark/results/labmon2_nostereo/training_stereo_false/metrics_stereotypes_false_labmon2_nostereo.csv,329a4db8e36e0301ada51dba845513e53353fb8a4deb76335dd7a5ab538a3b4e
_artifacts/clean/clean-labmon2_nostereo-stereo-false-seed-3/benchmark/results/labmon2_nostereo/training_stereo_false/qtable_final_stereotypes_false_labmon2_nostereo.csv,ae1a2bcb6aef0c025a629f245a3fb3a01a96133f14fbb69c5b8c1ab942a9c8f5
_artifacts/clean/clean-labmon2_nostereo-stereo-false-seed-3/benchmark/results/labmon2_nostereo/training_stereo_false/qtable_initial_stereotypes_false_labmon2_nostereo.csv,194e9b0715ef58c55254c9c7525d8ffb895cd46dc83794849f087e219148eca9
_artifacts/clean/clean-labmon2_nostereo-stereo-false-seed-3/benchmark/results/labmon2_nostereo/training_stereo_false/TRAINING_OK.json,f884bc4547168748388300d5b1a9fa00bba91103a08af931b237915411bce9bf
_artifacts/clean/clean-labmon2_nostereo-stereo-false-seed-3/log/train_labmon2_nostereo_stereo_false.log,521e8270c5b74fce0897eb07b42a12b0b8cd091182859708a61359406054ff3e
_artifacts/clean/clean-labmon2_nostereo-stereo-false-seed-3/qtable_final_stereotypes_false_labmon2_nostereo.csv,ae1a2bcb6aef0c025a629f245a3fb3a01a96133f14fbb69c5b8c1ab942a9c8f5
_artifacts/clean/clean-labmon2_nostereo-stereo-false-seed-3/qtable_final_stereotypes_false_labmon2_nostereo_trust.csv,8b74a8b2125268f80f75eedc1abd409afe252eae534fb6d33fbc9db761089e9b
_artifacts/clean/clean-labmon2_nostereo-stereo-false-seed-3/qtable_final_stereotypes_false_labmon2_nostereo_visits.csv,ebc292aeda1294a50c8dca022e52763f08ade49547ea6ed9ca525313b7155473
_artifacts/clean/clean-labmon2_nostereo-stereo-false-seed-3/qtable_final_stereotypes_false_labmon2_nostereo_zone1.csv,3e7c83256423c74ad4e4060e13cc3e59e3c7f8fea463dd214511e3248d1d0b4a
_artifacts/clean/clean-labmon2_nostereo-stereo-false-seed-3/qtable_final_stereotypes_false_labmon2_nostereo_zone2.csv,eed3dfa2cf179b3d93588bc9f54c57240b68cb726399746b6fddb4d356004ff2
_artifacts/clean/clean-labmon2_nostereo-stereo-false-seed-4/benchmark/results/labmon2_nostereo/training_stereo_false/coverage_stereotypes_false_labmon2_nostereo.csv,bbd952b533776b47000171bae9b64638bebc3de03f3922f105c381f1618e21eb
_artifacts/clean/clean-labmon2_nostereo-stereo-false-seed-4/benchmark/results/labmon2_nostereo/training_stereo_false/first_goal_stereotypes_false_labmon2_nostereo.csv,f124e584f2fc7b20cdbc70721e53b7fb2a2e57a18f187f32ceb0911f676077b0
_artifacts/clean/clean-labmon2_nostereo-stereo-false-seed-4/benchmark/results/labmon2_nostereo/training_stereo_false/iv_stats_stereotypes_false_labmon2_nostereo.json,2e7f4768124f473ad03eae5af052faf8f1947f63ad8e6efd30aae5369609d505
_artifacts/clean/clean-labmon2_nostereo-stereo-false-seed-4/benchmark/results/labmon2_nostereo/training_stereo_false/learned_stereotypes_false_labmon2_nostereo.ttl,48d19e0a32680ad0822d2725a820024adadb6c228339ee1c808d96aecf387b1c
_artifacts/clean/clean-labmon2_nostereo-stereo-false-seed-4/benchmark/results/labmon2_nostereo/training_stereo_false/metrics_stereotypes_false_labmon2_nostereo.csv,67952d661b858a0ff187774612eba9c5d2e0863ec31ed86e067d123de440cd38
_artifacts/clean/clean-labmon2_nostereo-stereo-false-seed-4/benchmark/results/labmon2_nostereo/training_stereo_false/qtable_final_stereotypes_false_labmon2_nostereo.csv,b28649732ea7e0bc03e5d7f0e40140095c94b4c0c01dece32dde90d2cbdba52e
_artifacts/clean/clean-labmon2_nostereo-stereo-false-seed-4/benchmark/results/labmon2_nostereo/training_stereo_false/qtable_initial_stereotypes_false_labmon2_nostereo.csv,194e9b0715ef58c55254c9c7525d8ffb895cd46dc83794849f087e219148eca9
_artifacts/clean/clean-labmon2_nostereo-stereo-false-seed-4/benchmark/results/labmon2_nostereo/training_stereo_false/TRAINING_OK.json,3d470a1ca679ab4d0f953dd4f3341529bf0698a50eb94255458260b706c6139c
_artifacts/clean/clean-labmon2_nostereo-stereo-false-seed-4/log/train_labmon2_nostereo_stereo_false.log,ab42b2dd24960f49fcd7f3a8960be4242cc5d5f31ceb2d65f777abe1285f7f24
_artifacts/clean/clean-labmon2_nostereo-stereo-false-seed-4/qtable_final_stereotypes_false_labmon2_nostereo.csv,b28649732ea7e0bc03e5d7f0e40140095c94b4c0c01dece32dde90d2cbdba52e
_artifacts/clean/clean-labmon2_nostereo-stereo-false-seed-4/qtable_final_stereotypes_false_labmon2_nostereo_trust.csv,8b74a8b2125268f80f75eedc1abd409afe252eae534fb6d33fbc9db761089e9b
_artifacts/clean/clean-labmon2_nostereo-stereo-false-seed-4/qtable_final_stereotypes_false_labmon2_nostereo_visits.csv,350d3313c20a9e29f28c171a174d72eda4e13f72b0e63d07515cb6cbad37ead8
_artifacts/clean/clean-labmon2_nostereo-stereo-false-seed-4/qtable_final_stereotypes_false_labmon2_nostereo_zone1.csv,55e04757d795019dd1f0e10176c4aa539a3bb4415d059e78a1f3188254402ff8
_artifacts/clean/clean-labmon2_nostereo-stereo-false-seed-4/qtable_final_stereotypes_false_labmon2_nostereo_zone2.csv,642cc9480c23731505f1593220d67a88b7667ecc065769021bb71e0210f21b77
_artifacts/clean/clean-labmon2_nostereo-stereo-false-seed-5/benchmark/results/labmon2_nostereo/training_stereo_false/coverage_stereotypes_false_labmon2_nostereo.csv,0c36e52c2c5f566f0413223b6abe5d02f19b7505d3727a1477e27385e229510f
_artifacts/clean/clean-labmon2_nostereo-stereo-false-seed-5/benchmark/results/labmon2_nostereo/training_stereo_false/first_goal_stereotypes_false_labmon2_nostereo.csv,da8152548f13190d837baa79f531514b697a62573e238197ee12037d6e97cb80
_artifacts/clean/clean-labmon2_nostereo-stereo-false-seed-5/benchmark/results/labmon2_nostereo/training_stereo_false/iv_stats_stereotypes_false_labmon2_nostereo.json,e0e6587632d4c1d2e2ed4e80acfd6c3fc58be63b505762668a1f01fd4c9ad17d
_artifacts/clean/clean-labmon2_nostereo-stereo-false-seed-5/benchmark/results/labmon2_nostereo/training_stereo_false/learned_stereotypes_false_labmon2_nostereo.ttl,3ae7ba052c8cf3cc8b73405a229351cc6b0b1633766b29ab6aeb0698d11a80de
_artifacts/clean/clean-labmon2_nostereo-stereo-false-seed-5/benchmark/results/labmon2_nostereo/training_stereo_false/metrics_stereotypes_false_labmon2_nostereo.csv,7183e90698c944ab32c93916f173baedb54f1991dbce317e7eabf28dcce8b669
_artifacts/clean/clean-labmon2_nostereo-stereo-false-seed-5/benchmark/results/labmon2_nostereo/training_stereo_false/qtable_final_stereotypes_false_labmon2_nostereo.csv,67ee6ddeb863acedf4deecf52c55c4dbcea8d1a00d7d43acd5a998093af3ddc8
_artifacts/clean/clean-labmon2_nostereo-stereo-false-seed-5/benchmark/results/labmon2_nostereo/training_stereo_false/qtable_initial_stereotypes_false_labmon2_nostereo.csv,194e9b0715ef58c55254c9c7525d8ffb895cd46dc83794849f087e219148eca9
_artifacts/clean/clean-labmon2_nostereo-stereo-false-seed-5/benchmark/results/labmon2_nostereo/training_stereo_false/TRAINING_OK.json,58c07b0a3eb0e77b9ebd7efa345b45f13eef7f2e842d389ecd9348d7be5e464b
_artifacts/clean/clean-labmon2_nostereo-stereo-false-seed-5/log/train_labmon2_nostereo_stereo_false.log,a348610f2bd7815d203861a5b20537121fe8ea1a33357281560ce150fe0a317e
_artifacts/clean/clean-labmon2_nostereo-stereo-false-seed-5/qtable_final_stereotypes_false_labmon2_nostereo.csv,67ee6ddeb863acedf4deecf52c55c4dbcea8d1a00d7d43acd5a998093af3ddc8
_artifacts/clean/clean-labmon2_nostereo-stereo-false-seed-5/qtable_final_stereotypes_false_labmon2_nostereo_trust.csv,8b74a8b2125268f80f75eedc1abd409afe252eae534fb6d33fbc9db761089e9b
_artifacts/clean/clean-labmon2_nostereo-stereo-false-seed-5/qtable_final_stereotypes_false_labmon2_nostereo_visits.csv,22411f896211a9c154617720492ec4e9452975cf205679174b2459e943c7ca0b
_artifacts/clean/clean-labmon2_nostereo-stereo-false-seed-5/qtable_final_stereotypes_false_labmon2_nostereo_zone1.csv,6dea483a0b519967e08f52dbb5107223fdde4d2e48f53d7cf30de6c3315c9039
_artifacts/clean/clean-labmon2_nostereo-stereo-false-seed-5/qtable_final_stereotypes_false_labmon2_nostereo_zone2.csv,ac6c2b21be40926e2481757fccee25ba45f6337ab99e7f030e498d9fba3fcd2f
_artifacts/clean/clean-labmon2_nostereo-stereo-false-seed-6/benchmark/results/labmon2_nostereo/training_stereo_false/coverage_stereotypes_false_labmon2_nostereo.csv,c942e363894f75c1e88200875da52f370ce3763afe9d63e801ce48e639aa7492
_artifacts/clean/clean-labmon2_nostereo-stereo-false-seed-6/benchmark/results/labmon2_nostereo/training_stereo_false/first_goal_stereotypes_false_labmon2_nostereo.csv,613888fd8d143d6a676f8473ae3e2d872e242b12e815bdfc2ff8b5d635178c64
_artifacts/clean/clean-labmon2_nostereo-stereo-false-seed-6/benchmark/results/labmon2_nostereo/training_stereo_false/iv_stats_stereotypes_false_labmon2_nostereo.json,64db29a246631c873e3ed750a8a0915e60288d29ac1600658e847f0d50be0917
_artifacts/clean/clean-labmon2_nostereo-stereo-false-seed-6/benchmark/results/labmon2_nostereo/training_stereo_false/learned_stereotypes_false_labmon2_nostereo.ttl,1da916fd73e389d11b2e3144a1fba8cb697ca5ed8b44ddff573f3a88ec6e3fe4
_artifacts/clean/clean-labmon2_nostereo-stereo-false-seed-6/benchmark/results/labmon2_nostereo/training_stereo_false/metrics_stereotypes_false_labmon2_nostereo.csv,0e7819dc2c23df611857d85bb38d63ba5fa79b16f29c35476316d833f47fd6d6
_artifacts/clean/clean-labmon2_nostereo-stereo-false-seed-6/benchmark/results/labmon2_nostereo/training_stereo_false/qtable_final_stereotypes_false_labmon2_nostereo.csv,9d878c62b66714cfc61bf75a2d4968bebf29e53c77c37085f6c0961af3514aef
_artifacts/clean/clean-labmon2_nostereo-stereo-false-seed-6/benchmark/results/labmon2_nostereo/training_stereo_false/qtable_initial_stereotypes_false_labmon2_nostereo.csv,194e9b0715ef58c55254c9c7525d8ffb895cd46dc83794849f087e219148eca9
_artifacts/clean/clean-labmon2_nostereo-stereo-false-seed-6/benchmark/results/labmon2_nostereo/training_stereo_false/TRAINING_OK.json,90776f4d225bb91c933f7b9f6481812b8a890d1784a11d90a4dee46cf947c1eb
_artifacts/clean/clean-labmon2_nostereo-stereo-false-seed-6/log/train_labmon2_nostereo_stereo_false.log,da25c23cae67c3609bb4d2123be49a99a25aa09b9413659f9aa36d730f3c7d0e
_artifacts/clean/clean-labmon2_nostereo-stereo-false-seed-6/qtable_final_stereotypes_false_labmon2_nostereo.csv,9d878c62b66714cfc61bf75a2d4968bebf29e53c77c37085f6c0961af3514aef
_artifacts/clean/clean-labmon2_nostereo-stereo-false-seed-6/qtable_final_stereotypes_false_labmon2_nostereo_trust.csv,8b74a8b2125268f80f75eedc1abd409afe252eae534fb6d33fbc9db761089e9b
_artifacts/clean/clean-labmon2_nostereo-stereo-false-seed-6/qtable_final_stereotypes_false_labmon2_nostereo_visits.csv,96f061e0d35071cc4e2592d7f18df5b2054a382017ffd30a6641e64c7d923090
_artifacts/clean/clean-labmon2_nostereo-stereo-false-seed-6/qtable_final_stereotypes_false_labmon2_nostereo_zone1.csv,9db2cd4557e4239d530f8d5fab3282e9f7488e677cc5ba559d5f7f0ae15baba1
_artifacts/clean/clean-labmon2_nostereo-stereo-false-seed-6/qtable_final_stereotypes_false_labmon2_nostereo_zone2.csv,9938d7b17d5180048b8c688cd3706652264987a0c554762b3749ae4c2913f6bf
_artifacts/clean/clean-labmon2_nostereo-stereo-false-seed-7/benchmark/results/labmon2_nostereo/training_stereo_false/coverage_stereotypes_false_labmon2_nostereo.csv,a55321cb7a0cac0bb4ff56cb812bf9de4b7d2d74a6e0e24654b0684d462c0918
_artifacts/clean/clean-labmon2_nostereo-stereo-false-seed-7/benchmark/results/labmon2_nostereo/training_stereo_false/first_goal_stereotypes_false_labmon2_nostereo.csv,b2d5f564b01bcf308cccb1dc3527e5eb055c9b8bc27fc0c183cf8c159cd30729
_artifacts/clean/clean-labmon2_nostereo-stereo-false-seed-7/benchmark/results/labmon2_nostereo/training_stereo_false/iv_stats_stereotypes_false_labmon2_nostereo.json,bd48f7953ce8deb73ae6f224c9a6d41004bfbab6be5d38d8265fc69c706e540e
_artifacts/clean/clean-labmon2_nostereo-stereo-false-seed-7/benchmark/results/labmon2_nostereo/training_stereo_false/learned_stereotypes_false_labmon2_nostereo.ttl,aca0668d228d7eb2d9b8f56b593827d2a72b8487c824d8af9f8f926de77c986a
_artifacts/clean/clean-labmon2_nostereo-stereo-false-seed-7/benchmark/results/labmon2_nostereo/training_stereo_false/metrics_stereotypes_false_labmon2_nostereo.csv,4e6bd1ea6c190f9d6d86a37ac3941fb25bbe3ded45337b48730fdbc1f22d00c1
_artifacts/clean/clean-labmon2_nostereo-stereo-false-seed-7/benchmark/results/labmon2_nostereo/training_stereo_false/qtable_final_stereotypes_false_labmon2_nostereo.csv,4ba8341cca8da6a3f6b947e9f5eb4b5d0e0b29c08b2e5582cec4c329c0689f0f
_artifacts/clean/clean-labmon2_nostereo-stereo-false-seed-7/benchmark/results/labmon2_nostereo/training_stereo_false/qtable_initial_stereotypes_false_labmon2_nostereo.csv,194e9b0715ef58c55254c9c7525d8ffb895cd46dc83794849f087e219148eca9
_artifacts/clean/clean-labmon2_nostereo-stereo-false-seed-7/benchmark/results/labmon2_nostereo/training_stereo_false/TRAINING_OK.json,e91a069099db4a8ff2d7126af0b656e72b1fb4103611960f0bd27d22d2d3c455
_artifacts/clean/clean-labmon2_nostereo-stereo-false-seed-7/log/train_labmon2_nostereo_stereo_false.log,f253b1df5941b3cca8e721be95e966162840eedca31a0e3a3f96ae489a1236fb
_artifacts/clean/clean-labmon2_nostereo-stereo-false-seed-7/qtable_final_stereotypes_false_labmon2_nostereo.csv,4ba8341cca8da6a3f6b947e9f5eb4b5d0e0b29c08b2e5582cec4c329c0689f0f
_artifacts/clean/clean-labmon2_nostereo-stereo-false-seed-7/qtable_final_stereotypes_false_labmon2_nostereo_trust.csv,8b74a8b2125268f80f75eedc1abd409afe252eae534fb6d33fbc9db761089e9b
_artifacts/clean/clean-labmon2_nostereo-stereo-false-seed-7/qtable_final_stereotypes_false_labmon2_nostereo_visits.csv,aa7a8d9b05a79425e5cf7b979e0f6a81dda9e2ce50586411ed97806c24965247
_artifacts/clean/clean-labmon2_nostereo-stereo-false-seed-7/qtable_final_stereotypes_false_labmon2_nostereo_zone1.csv,04a4692ccc99d91a224e06130a21eb1efaa57996fbb304902e8566d7bfd34934
_artifacts/clean/clean-labmon2_nostereo-stereo-false-seed-7/qtable_final_stereotypes_false_labmon2_nostereo_zone2.csv,fb9dd7d30ded2b3de7e25ad087ee41a9291094ace3d16189cb8fa26c36b59fe9
_artifacts/clean/clean-labmon2_nostereo-stereo-false-seed-8/benchmark/results/labmon2_nostereo/training_stereo_false/coverage_stereotypes_false_labmon2_nostereo.csv,0bc87950c6b681075df0bbb800f4989b6252c1078759c005458a541177c97027
_artifacts/clean/clean-labmon2_nostereo-stereo-false-seed-8/benchmark/results/labmon2_nostereo/training_stereo_false/first_goal_stereotypes_false_labmon2_nostereo.csv,c5a3e77e7065cb700c292dbced45e59d5a3d05e829999da22442fe0f1e9b48ea
_artifacts/clean/clean-labmon2_nostereo-stereo-false-seed-8/benchmark/results/labmon2_nostereo/training_stereo_false/iv_stats_stereotypes_false_labmon2_nostereo.json,4c67c9414c82db9d0956401cda6a15b56864e7a30897f28745bf70610d9337f2
_artifacts/clean/clean-labmon2_nostereo-stereo-false-seed-8/benchmark/results/labmon2_nostereo/training_stereo_false/learned_stereotypes_false_labmon2_nostereo.ttl,ca420d721cac9a7ff9cefe7f3b01365f2e5528f6630a2aee1847b70ca91b6794
_artifacts/clean/clean-labmon2_nostereo-stereo-false-seed-8/benchmark/results/labmon2_nostereo/training_stereo_false/metrics_stereotypes_false_labmon2_nostereo.csv,7c05b49af4fa0fd52205ab8572fc9e5f7acbb72fbaca11c3c09320376a8c9e1d
_artifacts/clean/clean-labmon2_nostereo-stereo-false-seed-8/benchmark/results/labmon2_nostereo/training_stereo_false/qtable_final_stereotypes_false_labmon2_nostereo.csv,803c830214c9aef84d3ad74f5b4a1d2b089575e370284dad74bd4b2b133380f0
_artifacts/clean/clean-labmon2_nostereo-stereo-false-seed-8/benchmark/results/labmon2_nostereo/training_stereo_false/qtable_initial_stereotypes_false_labmon2_nostereo.csv,194e9b0715ef58c55254c9c7525d8ffb895cd46dc83794849f087e219148eca9
_artifacts/clean/clean-labmon2_nostereo-stereo-false-seed-8/benchmark/results/labmon2_nostereo/training_stereo_false/TRAINING_OK.json,4430f95f1145e8e7f96cca30fc10c7b3ae70c77b328fa51f9c1c47f009182945
_artifacts/clean/clean-labmon2_nostereo-stereo-false-seed-8/log/train_labmon2_nostereo_stereo_false.log,437afd5a54f2d925eeb3938fb25998d20f09925999aeaae65523e204d52aa9da
_artifacts/clean/clean-labmon2_nostereo-stereo-false-seed-8/qtable_final_stereotypes_false_labmon2_nostereo.csv,803c830214c9aef84d3ad74f5b4a1d2b089575e370284dad74bd4b2b133380f0
_artifacts/clean/clean-labmon2_nostereo-stereo-false-seed-8/qtable_final_stereotypes_false_labmon2_nostereo_trust.csv,8b74a8b2125268f80f75eedc1abd409afe252eae534fb6d33fbc9db761089e9b
_artifacts/clean/clean-labmon2_nostereo-stereo-false-seed-8/qtable_final_stereotypes_false_labmon2_nostereo_visits.csv,23e287dacd39c4bbccd9ccbc7cd77f4036fceef81a8b89e08eda144bd08b23e7
_artifacts/clean/clean-labmon2_nostereo-stereo-false-seed-8/qtable_final_stereotypes_false_labmon2_nostereo_zone1.csv,7cf40aa9e84b542ec2aeb79591d167e7f815d5c30fca1ba11939c836d1506da7
_artifacts/clean/clean-labmon2_nostereo-stereo-false-seed-8/qtable_final_stereotypes_false_labmon2_nostereo_zone2.csv,4d1d16e8b712ec559289a46dc6e76d77c1cc9db8331db1c2875f2f0c587f40d8
_artifacts/clean/clean-labmon2_nostereo-stereo-false-seed-9/benchmark/results/labmon2_nostereo/training_stereo_false/coverage_stereotypes_false_labmon2_nostereo.csv,4ebd984a1d73cc3fdbb1beff63fe6699bba9490a52174f845f5d75acce65a1ed
_artifacts/clean/clean-labmon2_nostereo-stereo-false-seed-9/benchmark/results/labmon2_nostereo/training_stereo_false/first_goal_stereotypes_false_labmon2_nostereo.csv,3ef085732de1ea28e6785e3929fbdd6e12752d3e5dbcfab3d8a1914be27b626f
_artifacts/clean/clean-labmon2_nostereo-stereo-false-seed-9/benchmark/results/labmon2_nostereo/training_stereo_false/iv_stats_stereotypes_false_labmon2_nostereo.json,b309d54c961490989a6c4b54a700c380b711b0aba34bbf4392ee9c43743665e8
_artifacts/clean/clean-labmon2_nostereo-stereo-false-seed-9/benchmark/results/labmon2_nostereo/training_stereo_false/learned_stereotypes_false_labmon2_nostereo.ttl,c769b3497d010dfe502cf3a6dbbc8c5b9e71269dc0bc58b75935d9f94b35cbdd
_artifacts/clean/clean-labmon2_nostereo-stereo-false-seed-9/benchmark/results/labmon2_nostereo/training_stereo_false/metrics_stereotypes_false_labmon2_nostereo.csv,f027004bfc2e052e2dc0242280047cc20efe62ff59f3266495d0f8cb493cdef9
_artifacts/clean/clean-labmon2_nostereo-stereo-false-seed-9/benchmark/results/labmon2_nostereo/training_stereo_false/qtable_final_stereotypes_false_labmon2_nostereo.csv,f402745518866a97e54078583f6286ed3791e600e6209de3b36ad7fe0ea426e6
_artifacts/clean/clean-labmon2_nostereo-stereo-false-seed-9/benchmark/results/labmon2_nostereo/training_stereo_false/qtable_initial_stereotypes_false_labmon2_nostereo.csv,194e9b0715ef58c55254c9c7525d8ffb895cd46dc83794849f087e219148eca9
_artifacts/clean/clean-labmon2_nostereo-stereo-false-seed-9/benchmark/results/labmon2_nostereo/training_stereo_false/TRAINING_OK.json,10a65ab1dd0f516942a6ed9a531cf2343263f9f9c7994c5d7cec13a7b5db9d84
_artifacts/clean/clean-labmon2_nostereo-stereo-false-seed-9/log/train_labmon2_nostereo_stereo_false.log,8013a45bf0065c2fdc7508523ae2b2fd4fa19228e3f1da89683c983a347f0fab
_artifacts/clean/clean-labmon2_nostereo-stereo-false-seed-9/qtable_final_stereotypes_false_labmon2_nostereo.csv,f402745518866a97e54078583f6286ed3791e600e6209de3b36ad7fe0ea426e6
_artifacts/clean/clean-labmon2_nostereo-stereo-false-seed-9/qtable_final_stereotypes_false_labmon2_nostereo_trust.csv,8b74a8b2125268f80f75eedc1abd409afe252eae534fb6d33fbc9db761089e9b
_artifacts/clean/clean-labmon2_nostereo-stereo-false-seed-9/qtable_final_stereotypes_false_labmon2_nostereo_visits.csv,c022df9d90a30766d0a5d14f7e863b9e1c2f4d1293087c5964661176b5a87138
_artifacts/clean/clean-labmon2_nostereo-stereo-false-seed-9/qtable_final_stereotypes_false_labmon2_nostereo_zone1.csv,f3bb91b3b6921556910b459d4fa8366a45b20cbd5b5aa033fbf568cbff26985d
_artifacts/clean/clean-labmon2_nostereo-stereo-false-seed-9/qtable_final_stereotypes_false_labmon2_nostereo_zone2.csv,ebca496c46b3dcd1a07831cc7047eb2fe3114669c83b9acde5297fdf992acbc6
_artifacts/clean/clean-labmon2_nostereo-stereo-true-seed-1/benchmark/results/labmon2_nostereo/training_stereo_true/coverage_stereotypes_true_labmon2_nostereo.csv,8d936250ccf537f0948306ae8a2a244209d7e05591f3b40a69ff283fcb0b56b0
_artifacts/clean/clean-labmon2_nostereo-stereo-true-seed-1/benchmark/results/labmon2_nostereo/training_stereo_true/first_goal_stereotypes_true_labmon2_nostereo.csv,da8152548f13190d837baa79f531514b697a62573e238197ee12037d6e97cb80
_artifacts/clean/clean-labmon2_nostereo-stereo-true-seed-1/benchmark/results/labmon2_nostereo/training_stereo_true/iv_stats_stereotypes_true_labmon2_nostereo.json,beb3ec1a5d63780cb04e0700119637f89989b6cb33104a5cd44fc52d1a99712f
_artifacts/clean/clean-labmon2_nostereo-stereo-true-seed-1/benchmark/results/labmon2_nostereo/training_stereo_true/learned_stereotypes_true_labmon2_nostereo.ttl,14f4298e3c5a7923a1ea13b2df5c92d4a1500467b1f8f8433dc0456b6d44a69d
_artifacts/clean/clean-labmon2_nostereo-stereo-true-seed-1/benchmark/results/labmon2_nostereo/training_stereo_true/metrics_stereotypes_true_labmon2_nostereo.csv,721656d04dd2b6808b45aad17f4f67edd725378cabde86366fee0baf2dc92756
_artifacts/clean/clean-labmon2_nostereo-stereo-true-seed-1/benchmark/results/labmon2_nostereo/training_stereo_true/qtable_final_stereotypes_true_labmon2_nostereo.csv,3764904eb9b687527147c462238b9ce5f39f84ef0a1b9834062b2f0895a56b2c
_artifacts/clean/clean-labmon2_nostereo-stereo-true-seed-1/benchmark/results/labmon2_nostereo/training_stereo_true/qtable_initial_stereotypes_true_labmon2_nostereo.csv,82ef16bb37888b985aa57f328658d7c42f902d08f9e693e45becd195c0e3b95e
_artifacts/clean/clean-labmon2_nostereo-stereo-true-seed-1/benchmark/results/labmon2_nostereo/training_stereo_true/TRAINING_OK.json,ea5b73a6b9328f293f88dbc2645b8e57ec861a95b1d053fe630bea0c2199cb03
_artifacts/clean/clean-labmon2_nostereo-stereo-true-seed-1/log/train_labmon2_nostereo_stereo_true.log,db1a694ce2cd72669c6832670241138927b9d919b7b008bf609d09efc5194c54
_artifacts/clean/clean-labmon2_nostereo-stereo-true-seed-1/qtable_final_stereotypes_true_labmon2_nostereo.csv,3764904eb9b687527147c462238b9ce5f39f84ef0a1b9834062b2f0895a56b2c
_artifacts/clean/clean-labmon2_nostereo-stereo-true-seed-1/qtable_final_stereotypes_true_labmon2_nostereo_trust.csv,8b74a8b2125268f80f75eedc1abd409afe252eae534fb6d33fbc9db761089e9b
_artifacts/clean/clean-labmon2_nostereo-stereo-true-seed-1/qtable_final_stereotypes_true_labmon2_nostereo_visits.csv,d88b78c1ca2fb9a25fb295dff9e77ba3c30b585946d42711ae38041a07179267
_artifacts/clean/clean-labmon2_nostereo-stereo-true-seed-1/qtable_final_stereotypes_true_labmon2_nostereo_zone1.csv,87974c646cb30d4b084d3548e3edd22b68e1b54601658077e6167369bdf3cee7
_artifacts/clean/clean-labmon2_nostereo-stereo-true-seed-1/qtable_final_stereotypes_true_labmon2_nostereo_zone2.csv,bcc00c56c762577ba57010e4baba0a543fa507d8b81d03621db306099ad19f04
_artifacts/clean/clean-labmon2_nostereo-stereo-true-seed-10/benchmark/results/labmon2_nostereo/training_stereo_true/coverage_stereotypes_true_labmon2_nostereo.csv,a85115061dcc03b153a38cc4740eec3cd4f96e1f9a567442eb285d3e4f71628b
_artifacts/clean/clean-labmon2_nostereo-stereo-true-seed-10/benchmark/results/labmon2_nostereo/training_stereo_true/first_goal_stereotypes_true_labmon2_nostereo.csv,da8152548f13190d837baa79f531514b697a62573e238197ee12037d6e97cb80
_artifacts/clean/clean-labmon2_nostereo-stereo-true-seed-10/benchmark/results/labmon2_nostereo/training_stereo_true/iv_stats_stereotypes_true_labmon2_nostereo.json,8f6f812e56b6d6e020e23e623931c4647c4c5b491fa071ed3f7499e89ab9de16
_artifacts/clean/clean-labmon2_nostereo-stereo-true-seed-10/benchmark/results/labmon2_nostereo/training_stereo_true/learned_stereotypes_true_labmon2_nostereo.ttl,31008fb62c55278b02d6ec798ea2127216d78b5fa78350e707bdb9f86ca12a7d
_artifacts/clean/clean-labmon2_nostereo-stereo-true-seed-10/benchmark/results/labmon2_nostereo/training_stereo_true/metrics_stereotypes_true_labmon2_nostereo.csv,d0d38f7c18f06fbd67c6607a3c3a052ec3d0063400fc17603caff40bb5bab313
_artifacts/clean/clean-labmon2_nostereo-stereo-true-seed-10/benchmark/results/labmon2_nostereo/training_stereo_true/qtable_final_stereotypes_true_labmon2_nostereo.csv,5a41d6b560d15d9b65412ffc91888bd4ddf570c92d224fc947a97d03ce15f9af
_artifacts/clean/clean-labmon2_nostereo-stereo-true-seed-10/benchmark/results/labmon2_nostereo/training_stereo_true/qtable_initial_stereotypes_true_labmon2_nostereo.csv,82ef16bb37888b985aa57f328658d7c42f902d08f9e693e45becd195c0e3b95e
_artifacts/clean/clean-labmon2_nostereo-stereo-true-seed-10/benchmark/results/labmon2_nostereo/training_stereo_true/TRAINING_OK.json,1f9f93a3281e0ee2bea60a5edcb9efd22d6a82075e1a62dc78c9c52ae8671e6c
_artifacts/clean/clean-labmon2_nostereo-stereo-true-seed-10/log/train_labmon2_nostereo_stereo_true.log,42fcefa381d9d54ee7fe97d4cabf5c483b445b8757c035b23d239b870fa65c0e
_artifacts/clean/clean-labmon2_nostereo-stereo-true-seed-10/qtable_final_stereotypes_true_labmon2_nostereo.csv,5a41d6b560d15d9b65412ffc91888bd4ddf570c92d224fc947a97d03ce15f9af
_artifacts/clean/clean-labmon2_nostereo-stereo-true-seed-10/qtable_final_stereotypes_true_labmon2_nostereo_trust.csv,8b74a8b2125268f80f75eedc1abd409afe252eae534fb6d33fbc9db761089e9b
_artifacts/clean/clean-labmon2_nostereo-stereo-true-seed-10/qtable_final_stereotypes_true_labmon2_nostereo_visits.csv,ea9013f7c83646bde5c678107383d6d61677b29ea683fc4e96bba0edd36d6745
_artifacts/clean/clean-labmon2_nostereo-stereo-true-seed-10/qtable_final_stereotypes_true_labmon2_nostereo_zone1.csv,93b1656a5f506c4c64329f72c142419a21b02b2437909c7c0e08a80255258ac9
_artifacts/clean/clean-labmon2_nostereo-stereo-true-seed-10/qtable_final_stereotypes_true_labmon2_nostereo_zone2.csv,ca487af00716d5a8a00d9072633a1be680bb230dd2317181abb04e8f2eb94676
_artifacts/clean/clean-labmon2_nostereo-stereo-true-seed-2/benchmark/results/labmon2_nostereo/training_stereo_true/coverage_stereotypes_true_labmon2_nostereo.csv,fd6271182cec10b3f99f287fe7af2792cc364059166c1dd3e6f3451c26182eb2
_artifacts/clean/clean-labmon2_nostereo-stereo-true-seed-2/benchmark/results/labmon2_nostereo/training_stereo_true/first_goal_stereotypes_true_labmon2_nostereo.csv,da8152548f13190d837baa79f531514b697a62573e238197ee12037d6e97cb80
_artifacts/clean/clean-labmon2_nostereo-stereo-true-seed-2/benchmark/results/labmon2_nostereo/training_stereo_true/iv_stats_stereotypes_true_labmon2_nostereo.json,dd19c6b650667be52e8339fe244527f9eb9a7e3ae2c34c068b5d9ad665ddb3ba
_artifacts/clean/clean-labmon2_nostereo-stereo-true-seed-2/benchmark/results/labmon2_nostereo/training_stereo_true/learned_stereotypes_true_labmon2_nostereo.ttl,1dfbe7ed6c5e67540bb1dcb28b8528f4899536801a88b40c3a8fe5290955296d
_artifacts/clean/clean-labmon2_nostereo-stereo-true-seed-2/benchmark/results/labmon2_nostereo/training_stereo_true/metrics_stereotypes_true_labmon2_nostereo.csv,31de19c68edf89979336e2faefa4de7f815e7dcfe2d84697e0fd2cf24b379c93
_artifacts/clean/clean-labmon2_nostereo-stereo-true-seed-2/benchmark/results/labmon2_nostereo/training_stereo_true/qtable_final_stereotypes_true_labmon2_nostereo.csv,a14c08151065425d41fc8c09b4527f783cce795b9fdaded40eafb27e29d23627
_artifacts/clean/clean-labmon2_nostereo-stereo-true-seed-2/benchmark/results/labmon2_nostereo/training_stereo_true/qtable_initial_stereotypes_true_labmon2_nostereo.csv,82ef16bb37888b985aa57f328658d7c42f902d08f9e693e45becd195c0e3b95e
_artifacts/clean/clean-labmon2_nostereo-stereo-true-seed-2/benchmark/results/labmon2_nostereo/training_stereo_true/TRAINING_OK.json,37644f42144732453dc0f7afa8e0f29874695f5eac3f61874c021bae0fa4afc8
_artifacts/clean/clean-labmon2_nostereo-stereo-true-seed-2/log/train_labmon2_nostereo_stereo_true.log,ead1451ac504e72dac78a5d5f5614d005e1b5411c6b7f9ab49f5f56d3164e872
_artifacts/clean/clean-labmon2_nostereo-stereo-true-seed-2/qtable_final_stereotypes_true_labmon2_nostereo.csv,a14c08151065425d41fc8c09b4527f783cce795b9fdaded40eafb27e29d23627
_artifacts/clean/clean-labmon2_nostereo-stereo-true-seed-2/qtable_final_stereotypes_true_labmon2_nostereo_trust.csv,8b74a8b2125268f80f75eedc1abd409afe252eae534fb6d33fbc9db761089e9b
_artifacts/clean/clean-labmon2_nostereo-stereo-true-seed-2/qtable_final_stereotypes_true_labmon2_nostereo_visits.csv,662f6d694a80b906f8d7ba5c2c5f32c3408109712c97112103caecd9df01d457
_artifacts/clean/clean-labmon2_nostereo-stereo-true-seed-2/qtable_final_stereotypes_true_labmon2_nostereo_zone1.csv,8df18274a7a1e69147a55412d5c849ef666bebd7b999eeae257e813c29a7fe09
_artifacts/clean/clean-labmon2_nostereo-stereo-true-seed-2/qtable_final_stereotypes_true_labmon2_nostereo_zone2.csv,163197b57b4067ef67d571b5d427a6f0efe854d9d16b9e138f149fad727e5d1f
_artifacts/clean/clean-labmon2_nostereo-stereo-true-seed-3/benchmark/results/labmon2_nostereo/training_stereo_true/coverage_stereotypes_true_labmon2_nostereo.csv,9f8a396363ea10addedf34e452d92de880da3b12c946895f4be9ee1299967f0d
_artifacts/clean/clean-labmon2_nostereo-stereo-true-seed-3/benchmark/results/labmon2_nostereo/training_stereo_true/first_goal_stereotypes_true_labmon2_nostereo.csv,da8152548f13190d837baa79f531514b697a62573e238197ee12037d6e97cb80
_artifacts/clean/clean-labmon2_nostereo-stereo-true-seed-3/benchmark/results/labmon2_nostereo/training_stereo_true/iv_stats_stereotypes_true_labmon2_nostereo.json,0b970a769ab8f133d9bf5ccf7fbf90a3fd2ff67ecb39322504d0dc6422e56a06
_artifacts/clean/clean-labmon2_nostereo-stereo-true-seed-3/benchmark/results/labmon2_nostereo/training_stereo_true/learned_stereotypes_true_labmon2_nostereo.ttl,de0c1db00e96d39bfe3400bd26c9a36ff0078274d12d290c125a4e7ddda6e82f
_artifacts/clean/clean-labmon2_nostereo-stereo-true-seed-3/benchmark/results/labmon2_nostereo/training_stereo_true/metrics_stereotypes_true_labmon2_nostereo.csv,023d0def62db7fdf2d6511b72a25c1aa5e5b45e7ffbc207e638ad2d99bba31fa
_artifacts/clean/clean-labmon2_nostereo-stereo-true-seed-3/benchmark/results/labmon2_nostereo/training_stereo_true/qtable_final_stereotypes_true_labmon2_nostereo.csv,a57bddccdf71643fa8ed86977efd63dc0384165b7b9324e682b974fc8dd63fbb
_artifacts/clean/clean-labmon2_nostereo-stereo-true-seed-3/benchmark/results/labmon2_nostereo/training_stereo_true/qtable_initial_stereotypes_true_labmon2_nostereo.csv,82ef16bb37888b985aa57f328658d7c42f902d08f9e693e45becd195c0e3b95e
_artifacts/clean/clean-labmon2_nostereo-stereo-true-seed-3/benchmark/results/labmon2_nostereo/training_stereo_true/TRAINING_OK.json,b5864df1395d08d63c1d0927def6df45dc85e85bab7c02dfa2276e06ddacaeda
_artifacts/clean/clean-labmon2_nostereo-stereo-true-seed-3/log/train_labmon2_nostereo_stereo_true.log,a46a0adf03649ea453deb2b615b9230608a2f02661fe7548cccc62510da53322
_artifacts/clean/clean-labmon2_nostereo-stereo-true-seed-3/qtable_final_stereotypes_true_labmon2_nostereo.csv,a57bddccdf71643fa8ed86977efd63dc0384165b7b9324e682b974fc8dd63fbb
_artifacts/clean/clean-labmon2_nostereo-stereo-true-seed-3/qtable_final_stereotypes_true_labmon2_nostereo_trust.csv,8b74a8b2125268f80f75eedc1abd409afe252eae534fb6d33fbc9db761089e9b
_artifacts/clean/clean-labmon2_nostereo-stereo-true-seed-3/qtable_final_stereotypes_true_labmon2_nostereo_visits.csv,0ace46d91a79671a767b767df5aca184059b8f87c7f826bfec8de7b0e94b5260
_artifacts/clean/clean-labmon2_nostereo-stereo-true-seed-3/qtable_final_stereotypes_true_labmon2_nostereo_zone1.csv,675bff435d21076bbe1f61bb0128af6471ffa6e15ecf701a5ae32feab37a6dfd
_artifacts/clean/clean-labmon2_nostereo-stereo-true-seed-3/qtable_final_stereotypes_true_labmon2_nostereo_zone2.csv,c38ce571613207f98b6f838e5467a05067680aa1a9d3f434c5e9d3d053fc66a2
_artifacts/clean/clean-labmon2_nostereo-stereo-true-seed-4/benchmark/results/labmon2_nostereo/training_stereo_true/coverage_stereotypes_true_labmon2_nostereo.csv,1fbfaccd3702357b64077d2d7205c5b94f518e4a167ff5e453d247276f8609c2
_artifacts/clean/clean-labmon2_nostereo-stereo-true-seed-4/benchmark/results/labmon2_nostereo/training_stereo_true/first_goal_stereotypes_true_labmon2_nostereo.csv,da8152548f13190d837baa79f531514b697a62573e238197ee12037d6e97cb80
_artifacts/clean/clean-labmon2_nostereo-stereo-true-seed-4/benchmark/results/labmon2_nostereo/training_stereo_true/iv_stats_stereotypes_true_labmon2_nostereo.json,8d0377f45909fb7b9588b4364aa487a28ceb930c25e5243504cf222dabd46bf6
_artifacts/clean/clean-labmon2_nostereo-stereo-true-seed-4/benchmark/results/labmon2_nostereo/training_stereo_true/learned_stereotypes_true_labmon2_nostereo.ttl,4c5b8ca4aeb8e05d7072d4754c23f3ffc83ed9e386b6798b611ee6d04c16c499
_artifacts/clean/clean-labmon2_nostereo-stereo-true-seed-4/benchmark/results/labmon2_nostereo/training_stereo_true/metrics_stereotypes_true_labmon2_nostereo.csv,fb8a4770bf30d1314249c8213a0d9fda29056cc1ce6f551a035f204a4cd7c7b6
_artifacts/clean/clean-labmon2_nostereo-stereo-true-seed-4/benchmark/results/labmon2_nostereo/training_stereo_true/qtable_final_stereotypes_true_labmon2_nostereo.csv,4ef6b57903424b0142c0efc29df186da8b505099e3671af5d7d64267e41a1051
_artifacts/clean/clean-labmon2_nostereo-stereo-true-seed-4/benchmark/results/labmon2_nostereo/training_stereo_true/qtable_initial_stereotypes_true_labmon2_nostereo.csv,82ef16bb37888b985aa57f328658d7c42f902d08f9e693e45becd195c0e3b95e
_artifacts/clean/clean-labmon2_nostereo-stereo-true-seed-4/benchmark/results/labmon2_nostereo/training_stereo_true/TRAINING_OK.json,47b0224c66e47117ac7ce66981ee056de531487e5e70581c3dd29870ca121fc1
_artifacts/clean/clean-labmon2_nostereo-stereo-true-seed-4/log/train_labmon2_nostereo_stereo_true.log,6d0402e042d3ee4628bcc2b15511c6a2a7d2f41abd38b01cfa15aa6a90e99d43
_artifacts/clean/clean-labmon2_nostereo-stereo-true-seed-4/qtable_final_stereotypes_true_labmon2_nostereo.csv,4ef6b57903424b0142c0efc29df186da8b505099e3671af5d7d64267e41a1051
_artifacts/clean/clean-labmon2_nostereo-stereo-true-seed-4/qtable_final_stereotypes_true_labmon2_nostereo_trust.csv,8b74a8b2125268f80f75eedc1abd409afe252eae534fb6d33fbc9db761089e9b
_artifacts/clean/clean-labmon2_nostereo-stereo-true-seed-4/qtable_final_stereotypes_true_labmon2_nostereo_visits.csv,91d0c3b7de16b69e12a145598b18806c82ceb88600ada0a055ba19cdc3b8aa1b
_artifacts/clean/clean-labmon2_nostereo-stereo-true-seed-4/qtable_final_stereotypes_true_labmon2_nostereo_zone1.csv,d93b97cbaed6b7a585b1801f2b9a26c6c7f96903416f5a5593c57265103365d6
_artifacts/clean/clean-labmon2_nostereo-stereo-true-seed-4/qtable_final_stereotypes_true_labmon2_nostereo_zone2.csv,c70c84aedd9bdd4cdde5570b2e4708d5dbd28079f9798e4f4edfdde1b762f61c
_artifacts/clean/clean-labmon2_nostereo-stereo-true-seed-5/benchmark/results/labmon2_nostereo/training_stereo_true/coverage_stereotypes_true_labmon2_nostereo.csv,18a9f11dfb7ec14956a359ccb7ca91314234926d28eed03408b60f713e512388
_artifacts/clean/clean-labmon2_nostereo-stereo-true-seed-5/benchmark/results/labmon2_nostereo/training_stereo_true/first_goal_stereotypes_true_labmon2_nostereo.csv,da8152548f13190d837baa79f531514b697a62573e238197ee12037d6e97cb80
_artifacts/clean/clean-labmon2_nostereo-stereo-true-seed-5/benchmark/results/labmon2_nostereo/training_stereo_true/iv_stats_stereotypes_true_labmon2_nostereo.json,b6d0a5694dcddcf43c45f7df056984d4b86d25924ea4666e2812f3bfdfee69b3
_artifacts/clean/clean-labmon2_nostereo-stereo-true-seed-5/benchmark/results/labmon2_nostereo/training_stereo_true/learned_stereotypes_true_labmon2_nostereo.ttl,e0016ac45b43f3224b9c198b4b2096b07d7f233a4dbfcdd8f3187a63c85eba8e
_artifacts/clean/clean-labmon2_nostereo-stereo-true-seed-5/benchmark/results/labmon2_nostereo/training_stereo_true/metrics_stereotypes_true_labmon2_nostereo.csv,703df8bdd1a4335dfae67ed70e9e48d1ec5238078e939886fb9ccb1ea3faf91c
_artifacts/clean/clean-labmon2_nostereo-stereo-true-seed-5/benchmark/results/labmon2_nostereo/training_stereo_true/qtable_final_stereotypes_true_labmon2_nostereo.csv,22e58d3acf69641b24c598c535cb33093cabe23921d4345c09d20b4b2a600997
_artifacts/clean/clean-labmon2_nostereo-stereo-true-seed-5/benchmark/results/labmon2_nostereo/training_stereo_true/qtable_initial_stereotypes_true_labmon2_nostereo.csv,82ef16bb37888b985aa57f328658d7c42f902d08f9e693e45becd195c0e3b95e
_artifacts/clean/clean-labmon2_nostereo-stereo-true-seed-5/benchmark/results/labmon2_nostereo/training_stereo_true/TRAINING_OK.json,037dce91b4d9761549510cc98b443a17c06a068828bd4a336f3d05bcb4472e39
_artifacts/clean/clean-labmon2_nostereo-stereo-true-seed-5/log/train_labmon2_nostereo_stereo_true.log,f54e8d39dc629065edb2c1736982187a1fac8db7c2f988d7cb48fe30e8f86f10
_artifacts/clean/clean-labmon2_nostereo-stereo-true-seed-5/qtable_final_stereotypes_true_labmon2_nostereo.csv,22e58d3acf69641b24c598c535cb33093cabe23921d4345c09d20b4b2a600997
_artifacts/clean/clean-labmon2_nostereo-stereo-true-seed-5/qtable_final_stereotypes_true_labmon2_nostereo_trust.csv,8b74a8b2125268f80f75eedc1abd409afe252eae534fb6d33fbc9db761089e9b
_artifacts/clean/clean-labmon2_nostereo-stereo-true-seed-5/qtable_final_stereotypes_true_labmon2_nostereo_visits.csv,69c90fc3dee22d662e46290517dec2d3ae1ca7ee156b083d43d71b89a89fbb94
_artifacts/clean/clean-labmon2_nostereo-stereo-true-seed-5/qtable_final_stereotypes_true_labmon2_nostereo_zone1.csv,5bff87b5647c3e7e5abeccd417635d1abcd8b1e426b2cf97e4ca3248e086be70
_artifacts/clean/clean-labmon2_nostereo-stereo-true-seed-5/qtable_final_stereotypes_true_labmon2_nostereo_zone2.csv,26e4599df4b23ad330e93dda7cd95ef9bd5848be18cbce94cc46b14d33a7a2ac
_artifacts/clean/clean-labmon2_nostereo-stereo-true-seed-6/benchmark/results/labmon2_nostereo/training_stereo_true/coverage_stereotypes_true_labmon2_nostereo.csv,007f9c6c05a5851ef59f5049057798627d0c0897b50bfffe1f763a24e936c6da
_artifacts/clean/clean-labmon2_nostereo-stereo-true-seed-6/benchmark/results/labmon2_nostereo/training_stereo_true/first_goal_stereotypes_true_labmon2_nostereo.csv,da8152548f13190d837baa79f531514b697a62573e238197ee12037d6e97cb80
_artifacts/clean/clean-labmon2_nostereo-stereo-true-seed-6/benchmark/results/labmon2_nostereo/training_stereo_true/iv_stats_stereotypes_true_labmon2_nostereo.json,38da362c7a86ae26c7b23c6d0db73cf78ce9fc4dd3f7b567c45221d35bbb1f19
_artifacts/clean/clean-labmon2_nostereo-stereo-true-seed-6/benchmark/results/labmon2_nostereo/training_stereo_true/learned_stereotypes_true_labmon2_nostereo.ttl,3ced0ed7bde0b19353cdec33c75de4082225c23e310048f261c114d5a0801576
_artifacts/clean/clean-labmon2_nostereo-stereo-true-seed-6/benchmark/results/labmon2_nostereo/training_stereo_true/metrics_stereotypes_true_labmon2_nostereo.csv,4fa1f112ecec2903ff755c24bb8df5e242e179d276b0e01dc3a64a03c07f7c32
_artifacts/clean/clean-labmon2_nostereo-stereo-true-seed-6/benchmark/results/labmon2_nostereo/training_stereo_true/qtable_final_stereotypes_true_labmon2_nostereo.csv,0e9f3864690c42f26b7d7acc1f1f57b43d152843cc4e0af74c831d47935d9ebb
_artifacts/clean/clean-labmon2_nostereo-stereo-true-seed-6/benchmark/results/labmon2_nostereo/training_stereo_true/qtable_initial_stereotypes_true_labmon2_nostereo.csv,82ef16bb37888b985aa57f328658d7c42f902d08f9e693e45becd195c0e3b95e
_artifacts/clean/clean-labmon2_nostereo-stereo-true-seed-6/benchmark/results/labmon2_nostereo/training_stereo_true/TRAINING_OK.json,b5471f7ce4dd9b680a98a5e8a6f558c28623464071b8c19262e0d73d46615fcd
_artifacts/clean/clean-labmon2_nostereo-stereo-true-seed-6/log/train_labmon2_nostereo_stereo_true.log,bb8d7836d11ea936e95c1584d918006d163b3ea67afb290d4db7cc4f55758a65
_artifacts/clean/clean-labmon2_nostereo-stereo-true-seed-6/qtable_final_stereotypes_true_labmon2_nostereo.csv,0e9f3864690c42f26b7d7acc1f1f57b43d152843cc4e0af74c831d47935d9ebb
_artifacts/clean/clean-labmon2_nostereo-stereo-true-seed-6/qtable_final_stereotypes_true_labmon2_nostereo_trust.csv,8b74a8b2125268f80f75eedc1abd409afe252eae534fb6d33fbc9db761089e9b
_artifacts/clean/clean-labmon2_nostereo-stereo-true-seed-6/qtable_final_stereotypes_true_labmon2_nostereo_visits.csv,e5bc3611704f52f058dc6a5b02d2f394c113dfc4049aab037f0bded1b8eda86f
_artifacts/clean/clean-labmon2_nostereo-stereo-true-seed-6/qtable_final_stereotypes_true_labmon2_nostereo_zone1.csv,b54cb0a767a75b2ef13fcf3109eef76da61d0244231c20fd116d9da4a660996c
_artifacts/clean/clean-labmon2_nostereo-stereo-true-seed-6/qtable_final_stereotypes_true_labmon2_nostereo_zone2.csv,ad66f046ff5036f5a51072c65ab258fb0235dfe51edb5b32b23db4eed0a7f079
_artifacts/clean/clean-labmon2_nostereo-stereo-true-seed-7/benchmark/results/labmon2_nostereo/training_stereo_true/coverage_stereotypes_true_labmon2_nostereo.csv,56fbe68450494c7a331fb62bbeff9ea03183484d34cfc9a0380f0d7a3bb020c8
_artifacts/clean/clean-labmon2_nostereo-stereo-true-seed-7/benchmark/results/labmon2_nostereo/training_stereo_true/first_goal_stereotypes_true_labmon2_nostereo.csv,da8152548f13190d837baa79f531514b697a62573e238197ee12037d6e97cb80
_artifacts/clean/clean-labmon2_nostereo-stereo-true-seed-7/benchmark/results/labmon2_nostereo/training_stereo_true/iv_stats_stereotypes_true_labmon2_nostereo.json,2216f004493e85e326e0029d3cd24523b370a079ce76c31a3f2a455947ff7f8f
_artifacts/clean/clean-labmon2_nostereo-stereo-true-seed-7/benchmark/results/labmon2_nostereo/training_stereo_true/learned_stereotypes_true_labmon2_nostereo.ttl,de3d20ffd7beda00c3f9e98a8699f4f943825da0d7228a9028eff831effe1dd4
_artifacts/clean/clean-labmon2_nostereo-stereo-true-seed-7/benchmark/results/labmon2_nostereo/training_stereo_true/metrics_stereotypes_true_labmon2_nostereo.csv,520cf985713616a878c333cca420dce9e4e3ef68f5758f9687769488e47588c6
_artifacts/clean/clean-labmon2_nostereo-stereo-true-seed-7/benchmark/results/labmon2_nostereo/training_stereo_true/qtable_final_stereotypes_true_labmon2_nostereo.csv,7243eb339798e99172ebd747d229936963e3069adbda7e076a8981319bcdc487
_artifacts/clean/clean-labmon2_nostereo-stereo-true-seed-7/benchmark/results/labmon2_nostereo/training_stereo_true/qtable_initial_stereotypes_true_labmon2_nostereo.csv,82ef16bb37888b985aa57f328658d7c42f902d08f9e693e45becd195c0e3b95e
_artifacts/clean/clean-labmon2_nostereo-stereo-true-seed-7/benchmark/results/labmon2_nostereo/training_stereo_true/TRAINING_OK.json,6b0bd87fa9f9da3820bf6479247088b1b38007edbb7ae3ed17dde2fcdeb3abb5
_artifacts/clean/clean-labmon2_nostereo-stereo-true-seed-7/log/train_labmon2_nostereo_stereo_true.log,9db02c9de5f00db7d12585b9e9f0cf94dce61e77098217de73471d0cb81b7b04
_artifacts/clean/clean-labmon2_nostereo-stereo-true-seed-7/qtable_final_stereotypes_true_labmon2_nostereo.csv,7243eb339798e99172ebd747d229936963e3069adbda7e076a8981319bcdc487
_artifacts/clean/clean-labmon2_nostereo-stereo-true-seed-7/qtable_final_stereotypes_true_labmon2_nostereo_trust.csv,8b74a8b2125268f80f75eedc1abd409afe252eae534fb6d33fbc9db761089e9b
_artifacts/clean/clean-labmon2_nostereo-stereo-true-seed-7/qtable_final_stereotypes_true_labmon2_nostereo_visits.csv,1f79277668ebe7f392cb73c9a406b605fd9f3c3ccb92db79926c1884227b9d2c
_artifacts/clean/clean-labmon2_nostereo-stereo-true-seed-7/qtable_final_stereotypes_true_labmon2_nostereo_zone1.csv,4e62e103bc86585f6ee4c7b6ff80032b9f2d49071710e15edab6d982d2a11b91
_artifacts/clean/clean-labmon2_nostereo-stereo-true-seed-7/qtable_final_stereotypes_true_labmon2_nostereo_zone2.csv,bc83c48bd0301790c6c4aeeb558c9ce5c8b4aa6bf2552c75c5a754bb7606c478
_artifacts/clean/clean-labmon2_nostereo-stereo-true-seed-8/benchmark/results/labmon2_nostereo/training_stereo_true/coverage_stereotypes_true_labmon2_nostereo.csv,ac0cda9849d9a8a19ae4d19e96d18f8610e258f0379e00cf11c399e0e2abb946
_artifacts/clean/clean-labmon2_nostereo-stereo-true-seed-8/benchmark/results/labmon2_nostereo/training_stereo_true/first_goal_stereotypes_true_labmon2_nostereo.csv,da8152548f13190d837baa79f531514b697a62573e238197ee12037d6e97cb80
_artifacts/clean/clean-labmon2_nostereo-stereo-true-seed-8/benchmark/results/labmon2_nostereo/training_stereo_true/iv_stats_stereotypes_true_labmon2_nostereo.json,3da05e55b8f138802b3cb43bf156d449fb80012a251cc011ff362f74edc382f1
_artifacts/clean/clean-labmon2_nostereo-stereo-true-seed-8/benchmark/results/labmon2_nostereo/training_stereo_true/learned_stereotypes_true_labmon2_nostereo.ttl,1459a91eb6e8f751aee7bb04758f7d75065d1006f24b3f737bdc93f7b3f6a658
_artifacts/clean/clean-labmon2_nostereo-stereo-true-seed-8/benchmark/results/labmon2_nostereo/training_stereo_true/metrics_stereotypes_true_labmon2_nostereo.csv,6aa50b7c5cc89c1de0c97f2c1a36665185afbf4a0025490aa5645b9ce2376801
_artifacts/clean/clean-labmon2_nostereo-stereo-true-seed-8/benchmark/results/labmon2_nostereo/training_stereo_true/qtable_final_stereotypes_true_labmon2_nostereo.csv,7c85717042e1367ffb260aa7b0af64a35f7ac3863d8f4abfd70a8d06f05b9b58
_artifacts/clean/clean-labmon2_nostereo-stereo-true-seed-8/benchmark/results/labmon2_nostereo/training_stereo_true/qtable_initial_stereotypes_true_labmon2_nostereo.csv,82ef16bb37888b985aa57f328658d7c42f902d08f9e693e45becd195c0e3b95e
_artifacts/clean/clean-labmon2_nostereo-stereo-true-seed-8/benchmark/results/labmon2_nostereo/training_stereo_true/TRAINING_OK.json,a4218d041fc530f90634b470c1c5100c1f9e03a9c85e4612098f0db975a50a7a
_artifacts/clean/clean-labmon2_nostereo-stereo-true-seed-8/log/train_labmon2_nostereo_stereo_true.log,441d1e6b9343acbf0472017ed7198a4c10eb6580eb7129044e091828d2bf1c11
_artifacts/clean/clean-labmon2_nostereo-stereo-true-seed-8/qtable_final_stereotypes_true_labmon2_nostereo.csv,7c85717042e1367ffb260aa7b0af64a35f7ac3863d8f4abfd70a8d06f05b9b58
_artifacts/clean/clean-labmon2_nostereo-stereo-true-seed-8/qtable_final_stereotypes_true_labmon2_nostereo_trust.csv,8b74a8b2125268f80f75eedc1abd409afe252eae534fb6d33fbc9db761089e9b
_artifacts/clean/clean-labmon2_nostereo-stereo-true-seed-8/qtable_final_stereotypes_true_labmon2_nostereo_visits.csv,ba64dcdd0c13b32751698662db2c44dae3153431a62cbb481dc4d7ac9f4f6961
_artifacts/clean/clean-labmon2_nostereo-stereo-true-seed-8/qtable_final_stereotypes_true_labmon2_nostereo_zone1.csv,51475155e258ce3bd7da05dc7dae94c2ca2e6e2230bc47f47e3d1dd177e3541b
_artifacts/clean/clean-labmon2_nostereo-stereo-true-seed-8/qtable_final_stereotypes_true_labmon2_nostereo_zone2.csv,3fe16654dbc4318ca8527f31eec6a961e38ec7280b2fe41a87f1170b17f08b7c
_artifacts/clean/clean-labmon2_nostereo-stereo-true-seed-9/benchmark/results/labmon2_nostereo/training_stereo_true/coverage_stereotypes_true_labmon2_nostereo.csv,71aa3263bda9ebdb711bb3d7c69e83f193e3acbd462bcb294db0aee6f6075915
_artifacts/clean/clean-labmon2_nostereo-stereo-true-seed-9/benchmark/results/labmon2_nostereo/training_stereo_true/first_goal_stereotypes_true_labmon2_nostereo.csv,da8152548f13190d837baa79f531514b697a62573e238197ee12037d6e97cb80
_artifacts/clean/clean-labmon2_nostereo-stereo-true-seed-9/benchmark/results/labmon2_nostereo/training_stereo_true/iv_stats_stereotypes_true_labmon2_nostereo.json,a55e30e4972f0bf28bf64027b354139dab344bef81ca4043367ad62119359379
_artifacts/clean/clean-labmon2_nostereo-stereo-true-seed-9/benchmark/results/labmon2_nostereo/training_stereo_true/learned_stereotypes_true_labmon2_nostereo.ttl,36dcd47958d152a3aaf571c4cd36aeb68e0f8f6d0983c5f0317c6437cd817153
_artifacts/clean/clean-labmon2_nostereo-stereo-true-seed-9/benchmark/results/labmon2_nostereo/training_stereo_true/metrics_stereotypes_true_labmon2_nostereo.csv,55a0d21f15b5961a1645a083fa5ab6d8eec256bd724efb1a9d5c3fedf10eff0f
_artifacts/clean/clean-labmon2_nostereo-stereo-true-seed-9/benchmark/results/labmon2_nostereo/training_stereo_true/qtable_final_stereotypes_true_labmon2_nostereo.csv,37e9f58714a80de537300232772c055e411edb79a752c68844b4ace1f29e5325
_artifacts/clean/clean-labmon2_nostereo-stereo-true-seed-9/benchmark/results/labmon2_nostereo/training_stereo_true/qtable_initial_stereotypes_true_labmon2_nostereo.csv,82ef16bb37888b985aa57f328658d7c42f902d08f9e693e45becd195c0e3b95e
_artifacts/clean/clean-labmon2_nostereo-stereo-true-seed-9/benchmark/results/labmon2_nostereo/training_stereo_true/TRAINING_OK.json,c478c4d24ba671da287a00d82a3fca49087f3ab22bd843836d429dafe5d4f90e
_artifacts/clean/clean-labmon2_nostereo-stereo-true-seed-9/log/train_labmon2_nostereo_stereo_true.log,f66014123fe1dee1ed3f22aeb4522b224cb6e8f2d595be660fc3f4955f61e858
_artifacts/clean/clean-labmon2_nostereo-stereo-true-seed-9/qtable_final_stereotypes_true_labmon2_nostereo.csv,37e9f58714a80de537300232772c055e411edb79a752c68844b4ace1f29e5325
_artifacts/clean/clean-labmon2_nostereo-stereo-true-seed-9/qtable_final_stereotypes_true_labmon2_nostereo_trust.csv,8b74a8b2125268f80f75eedc1abd409afe252eae534fb6d33fbc9db761089e9b
_artifacts/clean/clean-labmon2_nostereo-stereo-true-seed-9/qtable_final_stereotypes_true_labmon2_nostereo_visits.csv,7b334aaa9f5afb5a2d6bba62ec4b173b97c6febcfa1bf4deb3427a6d9d81ccad
_artifacts/clean/clean-labmon2_nostereo-stereo-true-seed-9/qtable_final_stereotypes_true_labmon2_nostereo_zone1.csv,87fa165471cb505b8a42ffc0d00072b993159ecf0f5a5e44445b7a6c3a887c00
_artifacts/clean/clean-labmon2_nostereo-stereo-true-seed-9/qtable_final_stereotypes_true_labmon2_nostereo_zone2.csv,aa8cc37213246d6860f7d44af62af30c98a1be2af80e19b5f0171a5b910d796b
analysis/out/phase2_recovery_ci.csv,06f8443183b137e56a96917460b26f6b04257b40a6d2eb0dfc2621a171ba5e16
analysis/out/phase2_recovery_paired.csv,3654f38212e0772c07737798e770d0e388678edbf0a3e8b91ef31f6c4cd574cb
analysis/out/workflow_inputs.json,b9dd6e0221f48d1ca8a90611b7ee69ac9089b31de0f1dc6b0909114629b66d05
recovery_root/seed1/ADAPT_OK_stereotypes_false_lab3_f1bdead.json,020f34c75f350c2513baa8088ef9e6b7a47e617a43cf26369422c6b0a756ec47
recovery_root/seed1/ADAPT_OK_stereotypes_false_lab3_f1binv.json,82148c5fff84bdf9b8a3137dc2df0442a9b7606093e7052e61d64b1a830b95f3
recovery_root/seed1/ADAPT_OK_stereotypes_false_lab3_f1dead.json,e04f4c0900e5b6903e3edad3aa4903bda0fd3438a07d59512cb3b404a16c3891
recovery_root/seed1/ADAPT_OK_stereotypes_false_lab3_f1dead_z2.json,73b49e92128779713116ac6c69411c88cd60f83e803ea62a776ec1aa680863b9
recovery_root/seed1/ADAPT_OK_stereotypes_false_lab3_f1inv.json,a50d8ac3faadbaf81d9782205df5c08e47c62fc0eb93456862638870f1f16bd1
recovery_root/seed1/ADAPT_OK_stereotypes_false_lab3_f1inv_z2.json,fd1b84460032442d07806e934ec63208e610b57f654d3a855e5e62b1aec0170c
recovery_root/seed1/ADAPT_OK_stereotypes_false_lab3_f2bdead.json,afa7666aab64fcd4aace9644a81854ec15fd7618f7675e35a197818f0cb15754
recovery_root/seed1/ADAPT_OK_stereotypes_false_lab3_f2dead.json,8404a90670200a877a4e0ab35e76837276b765944b08c5136548d443244a62ba
recovery_root/seed1/ADAPT_OK_stereotypes_false_lab3_f2dead_lowsun.json,5779a525f535c79c22782971749bb660a45b364eebdeead4d2c7ee56eb419fe4
recovery_root/seed1/ADAPT_OK_stereotypes_false_lab3_f2inv.json,54a668c91128c6c4e4d71500563eea131ea34962d88b34e98071e7e2afea9cdc
recovery_root/seed1/ADAPT_OK_stereotypes_false_labmon2_nostereo_f2dead_lowsun.json,0183c735ef837cd089c8a85cff72df110705db27a68d6a6688121cf6031c4f82
recovery_root/seed1/ADAPT_OK_stereotypes_true_lab3_f1bdead.json,92ad4ee85fa4ae8ed99df73a7ae31cb90fc66a38dd018b27ad93e407a206e7f9
recovery_root/seed1/ADAPT_OK_stereotypes_true_lab3_f1binv.json,3d7907551e05ac859fb0706a911b01b644e8e324c768cc6ab6c5f486f2b84d1f
recovery_root/seed1/ADAPT_OK_stereotypes_true_lab3_f1dead.json,87db3012750ff67449a0f9360d5fbc56e72c043f180b1835417e4caee82e7a7b
recovery_root/seed1/ADAPT_OK_stereotypes_true_lab3_f1dead_z2.json,8e79c85be51a3f73b1adbf4adfcff4a7f67fde2b7614bd42cf36f1783cb10eca
recovery_root/seed1/ADAPT_OK_stereotypes_true_lab3_f1inv.json,ebb155978b6a740aa0e5da0c461e323051697020631b9d39bcaf759840f546e0
recovery_root/seed1/ADAPT_OK_stereotypes_true_lab3_f1inv_z2.json,c5ec15b330ef8ffa18e6f79dc32fd465f70fdaaaa3044b8f183c3b0a179c09ec
recovery_root/seed1/ADAPT_OK_stereotypes_true_lab3_f2bdead.json,1408708555edbfe2a85be096d7fd9078cd841322f4e46f64f83126f80d8fcd46
recovery_root/seed1/ADAPT_OK_stereotypes_true_lab3_f2dead.json,c7dbb94c5083151e5d019d5969a91f9fab935cc7913830652694cdb8b8927f4e
recovery_root/seed1/ADAPT_OK_stereotypes_true_lab3_f2dead_lowsun.json,e03bbdb6f0195134385354fb8d58ca06e839a7665dec2f5228470e7427c8453a
recovery_root/seed1/ADAPT_OK_stereotypes_true_lab3_f2inv.json,a91f178e24b903b161f0bea78693ed046c21b35337aaabbd1ae288f889f43144
recovery_root/seed1/ADAPT_OK_stereotypes_true_labmon2_nostereo_f2dead_lowsun.json,e06c200943f6a23d4f7bcb5a390dff726aac2ae4479a144e6da169c462c56364
recovery_root/seed1/metrics_adapted_stereotypes_false_lab3_f1bdead.csv,8bbf0c7db68dc1683666c018d287fad3a87f02d4670c0f6712acc9660eaf630a
recovery_root/seed1/metrics_adapted_stereotypes_false_lab3_f1binv.csv,18b6420ad94352590d1545831249591441d4539e731fa50596b48489119b29f3
recovery_root/seed1/metrics_adapted_stereotypes_false_lab3_f1dead.csv,b1c48b3c5d2b3b37a36d2b6761a840d8ff56206881ef8f157d96cefc093dcf83
recovery_root/seed1/metrics_adapted_stereotypes_false_lab3_f1dead_z2.csv,e2769036270ef6a923c3473f4f4e17ff8a19ac0d16c6244b1b12e2fdddbfb5c3
recovery_root/seed1/metrics_adapted_stereotypes_false_lab3_f1inv.csv,8aa81eb589e6c15ab4d949b112ce40d816765eef8bc6e49969a0ccbb97e68e94
recovery_root/seed1/metrics_adapted_stereotypes_false_lab3_f1inv_z2.csv,d6d4708921b612a54439444d3c62c92620ab27ad3462317b8fe6011858d63da9
recovery_root/seed1/metrics_adapted_stereotypes_false_lab3_f2bdead.csv,629741a14a1cee1cb3f34c94e92308006016de169e9f637f483012b1fa30faea
recovery_root/seed1/metrics_adapted_stereotypes_false_lab3_f2dead.csv,583ec86ee8b3dcadf88440559c025356766c391d98378091ab7e7b67122c44b3
recovery_root/seed1/metrics_adapted_stereotypes_false_lab3_f2dead_lowsun.csv,583ec86ee8b3dcadf88440559c025356766c391d98378091ab7e7b67122c44b3
recovery_root/seed1/metrics_adapted_stereotypes_false_lab3_f2inv.csv,8898d5987486a6156ace006391c0da71d6a10f6cfd8070a0c147bbe1d7221cb7
recovery_root/seed1/metrics_adapted_stereotypes_false_labmon2_nostereo_f2dead_lowsun.csv,1230c378e238ee4992b057b28d64f0a1d8a97dfe74bf3b8761952b37df4b6667
recovery_root/seed1/metrics_adapted_stereotypes_true_lab3_f1bdead.csv,22daecdd322cc89f92d55500a1f59a574ab96366ba23715d00e5046edf55603b
recovery_root/seed1/metrics_adapted_stereotypes_true_lab3_f1binv.csv,7c48cb6338502b43a9e530528739d459632db82c17e163bd0222727214fb0a28
recovery_root/seed1/metrics_adapted_stereotypes_true_lab3_f1dead.csv,7d4ee29bf681c207337d92bba68ea98cc2397abe158ece1512e990a9af046a8d
recovery_root/seed1/metrics_adapted_stereotypes_true_lab3_f1dead_z2.csv,7672ab914c3907ca963b22a5e94b88720b5af366c59205381fec6e7721e11dc0
recovery_root/seed1/metrics_adapted_stereotypes_true_lab3_f1inv.csv,b2f8a8d2d978301c9d487fe8a5832e0a0d58eaf006deed698f002966f4a69df1
recovery_root/seed1/metrics_adapted_stereotypes_true_lab3_f1inv_z2.csv,2591a08f220460ac3e47d1efc8dccff433f7d61777e69df4b3c0c64d1dff46c2
recovery_root/seed1/metrics_adapted_stereotypes_true_lab3_f2bdead.csv,95c87e5522677f293b6780a5da9487af49c4ba6ad8b97536de0f29432a493eb3
recovery_root/seed1/metrics_adapted_stereotypes_true_lab3_f2dead.csv,7f5ab3d9006445aea1c80fba9d7ac5516e9ddbfbf0f4aeaa90aba6fe50d2b669
recovery_root/seed1/metrics_adapted_stereotypes_true_lab3_f2dead_lowsun.csv,7f5ab3d9006445aea1c80fba9d7ac5516e9ddbfbf0f4aeaa90aba6fe50d2b669
recovery_root/seed1/metrics_adapted_stereotypes_true_lab3_f2inv.csv,c90e5ab000525c850d8e43a4a4e115d8437748a67eb5f1e58c7d2ceaba6ed495
recovery_root/seed1/metrics_adapted_stereotypes_true_labmon2_nostereo_f2dead_lowsun.csv,043d4c6a11808ae37d403e6fe275b96054f5fe67ea80f20cf1bab1e65ed13780
recovery_root/seed1/recovery_stereotypes_false_lab3_f1bdead.csv,211ddea642538c9749d2953f257cd9ffbe7ffe37c3c583f9810007f183ee7b5f
recovery_root/seed1/recovery_stereotypes_false_lab3_f1binv.csv,2dcfc764336c0f68ffc5e49916d06cc045b27775f1469a57bce2cd147a5d0215
recovery_root/seed1/recovery_stereotypes_false_lab3_f1dead.csv,7a42c913a6d8a43ceaecc04511be1d1082451c662ff050cfda2a7c52b538edeb
recovery_root/seed1/recovery_stereotypes_false_lab3_f1dead_z2.csv,a7332ea1fea37c902b37a03d5494c3819713811a41875979c0871b79185d80e2
recovery_root/seed1/recovery_stereotypes_false_lab3_f1inv.csv,dc3f0920339850927e768dc5710f96289639d5bae9a923ca7362ad3f4bde7d56
recovery_root/seed1/recovery_stereotypes_false_lab3_f1inv_z2.csv,8ccc487780e91b0ee7b04809f10e68e450f3a69553eba078f8fbf1bce197b4ed
recovery_root/seed1/recovery_stereotypes_false_lab3_f2bdead.csv,844f3547dc9631686273492e3c33ae5795f44cd0309359dfaaa07ec4becbb35c
recovery_root/seed1/recovery_stereotypes_false_lab3_f2dead.csv,123d17233151ee7cd2233bcd65aab46547ea9e0af62920b20418c9c5484c265d
recovery_root/seed1/recovery_stereotypes_false_lab3_f2dead_lowsun.csv,123d17233151ee7cd2233bcd65aab46547ea9e0af62920b20418c9c5484c265d
recovery_root/seed1/recovery_stereotypes_false_lab3_f2inv.csv,bd8a7a9ef51f3b53f87ab22f45416399a6984067a7d408965c6ef689617fc471
recovery_root/seed1/recovery_stereotypes_false_labmon2_nostereo_f2dead_lowsun.csv,797b31b7ab60cc067a387cc98e6997a2a58969ae5d85a2036e63e2c1ebc8656a
recovery_root/seed1/recovery_stereotypes_true_lab3_f1bdead.csv,afc63dae00b29b0d08c82f682a85d86d5a59682b9645544e9959a2a10d6b7cf1
recovery_root/seed1/recovery_stereotypes_true_lab3_f1binv.csv,afc63dae00b29b0d08c82f682a85d86d5a59682b9645544e9959a2a10d6b7cf1
recovery_root/seed1/recovery_stereotypes_true_lab3_f1dead.csv,1eea84f341d770424c8d539c91f2ee4abf4151c1ef42ae865c24502acb517eef
recovery_root/seed1/recovery_stereotypes_true_lab3_f1dead_z2.csv,dac579ee15a39dc68d2338034d5ebebd6cd23c908b750b2d00cbb26e6969801f
recovery_root/seed1/recovery_stereotypes_true_lab3_f1inv.csv,44800aa52cd9d3d024f45881513e694b4e6259e6f437da61705189afdcc6490e
recovery_root/seed1/recovery_stereotypes_true_lab3_f1inv_z2.csv,061d5758b4b416af4d180e4d5f7d0bc3540cfa5138848ccdc16a0189c91e6ce3
recovery_root/seed1/recovery_stereotypes_true_lab3_f2bdead.csv,6ef7eb403c5f061f48ed2f335c9afd72cbbd91edefb2f09c327ad07292cac6c8
recovery_root/seed1/recovery_stereotypes_true_lab3_f2dead.csv,249434ae4bad56f319b64e7538930e32fe282f4a788b2c6bb129c06eddd65e8a
recovery_root/seed1/recovery_stereotypes_true_lab3_f2dead_lowsun.csv,249434ae4bad56f319b64e7538930e32fe282f4a788b2c6bb129c06eddd65e8a
recovery_root/seed1/recovery_stereotypes_true_lab3_f2inv.csv,79762ecc602784d7165e6af8483200762ea8a017fed1beab72accba513565a54
recovery_root/seed1/recovery_stereotypes_true_labmon2_nostereo_f2dead_lowsun.csv,539f960975b95880708bfa3068c498fa411341a587bc02a56417d3747d88c738
recovery_root/seed10/ADAPT_OK_stereotypes_false_lab3_f1bdead.json,734eee213219448f96ce2b35bff38a656de1f678f70a181fc9dc52816fd044a6
recovery_root/seed10/ADAPT_OK_stereotypes_false_lab3_f1binv.json,a65cf3a9675f8769cb022168a13af2350532c846ddd94e1b11f16d25399b443c
recovery_root/seed10/ADAPT_OK_stereotypes_false_lab3_f1dead.json,472a4ebf77649e1bb5ec3b42dd56509d943e925ee4d3176ca29217b8736513b8
recovery_root/seed10/ADAPT_OK_stereotypes_false_lab3_f1dead_z2.json,7e67eec36b9610622b01dc31e375036ad190eb7e4ebd828bb6f56c38c565693a
recovery_root/seed10/ADAPT_OK_stereotypes_false_lab3_f1inv.json,3e54ac644374079e9f898f5d0b625408db32f91d610e1e2055a8fcb9363de46a
recovery_root/seed10/ADAPT_OK_stereotypes_false_lab3_f1inv_z2.json,d02498b3c226ef6a0218ed389d2fe5eb8f37739c7f1f23cbb74dc78b21a42c2e
recovery_root/seed10/ADAPT_OK_stereotypes_false_lab3_f2bdead.json,5f17db1313c52a1f855f29b88d97c3d57d4fba42048eb10cf7d53011a69fffdf
recovery_root/seed10/ADAPT_OK_stereotypes_false_lab3_f2dead.json,cb052aeb29ce0b22e946bd60c203b16359e488e2f72a063f8fa96f4954374816
recovery_root/seed10/ADAPT_OK_stereotypes_false_lab3_f2dead_lowsun.json,06ba2e23661405c05da2a2ba2acae9c4ed22569e108170cb68b6bf329a44774b
recovery_root/seed10/ADAPT_OK_stereotypes_false_lab3_f2inv.json,975b90af7d473132d360f421d34b8739899f813516986dd6e1222053d0576585
recovery_root/seed10/ADAPT_OK_stereotypes_false_labmon2_nostereo_f2dead_lowsun.json,aafebd2bb24277edb12317a2efa0dff972957dd5bf59aac9c99c3c9b1823af79
recovery_root/seed10/ADAPT_OK_stereotypes_true_lab3_f1bdead.json,4772b76feb11749129d60fba7a8355e0ba15107e54603ef37f0d1275e0f84faf
recovery_root/seed10/ADAPT_OK_stereotypes_true_lab3_f1binv.json,9ae05d0ea77a783d94f470c1d35eec87171326dae1e226f4128c997293c3e21d
recovery_root/seed10/ADAPT_OK_stereotypes_true_lab3_f1dead.json,49e6947393834c99b5409f7f498e79652be5529b3e3876175c410fe694f1464f
recovery_root/seed10/ADAPT_OK_stereotypes_true_lab3_f1dead_z2.json,6b85f5b30f5d35ac6874a37d12e5a674f54a388a71bfdc73d23630ff00f696e9
recovery_root/seed10/ADAPT_OK_stereotypes_true_lab3_f1inv.json,b1af4214a445bc2d126aa9bc5a8241b1fecb7391478413f8c7ec0b6dcd04e808
recovery_root/seed10/ADAPT_OK_stereotypes_true_lab3_f1inv_z2.json,68651c775a3953fd7827629265fe24e54913eee80c567f090a5f2a92348572ca
recovery_root/seed10/ADAPT_OK_stereotypes_true_lab3_f2bdead.json,2e968e681f5ec13b5ebb611abbf2dba1ec5284b29a7b5c544653ea5f2d65d35f
recovery_root/seed10/ADAPT_OK_stereotypes_true_lab3_f2dead.json,ab269dec934a5a6bc46e2a4beca4a26639d0d739b1d246437b1c5dfa8a210f5b
recovery_root/seed10/ADAPT_OK_stereotypes_true_lab3_f2dead_lowsun.json,f392f835ad1cda6d94d555e3010849aba0e842cf282a9aedfcfe8c476cda4a2c
recovery_root/seed10/ADAPT_OK_stereotypes_true_lab3_f2inv.json,7f987921d247a2b1d1997665080fdcd085c81d6af24826657ccd7725b794065a
recovery_root/seed10/ADAPT_OK_stereotypes_true_labmon2_nostereo_f2dead_lowsun.json,630d55fd7104710ad3c3a0f350d0ec2a2821b7925690ce4bf4690642c53be153
recovery_root/seed10/metrics_adapted_stereotypes_false_lab3_f1bdead.csv,7ef7478d6a15e0c9cb328cd8921cc7299d47e9020e80f5b253e52ba9e07a2296
recovery_root/seed10/metrics_adapted_stereotypes_false_lab3_f1binv.csv,b2d4f5e7d4ead5f02184c77ce90399532f282592acd9b2c4875896c4309db677
recovery_root/seed10/metrics_adapted_stereotypes_false_lab3_f1dead.csv,e8e8634bbe4a97c20641e89e93be69f91a65c4f45f32c89273432e15a8343b02
recovery_root/seed10/metrics_adapted_stereotypes_false_lab3_f1dead_z2.csv,d1c645eeb9ea063beb7b793cf739ae955db13b2f9ded3bf93ebc22cecada5375
recovery_root/seed10/metrics_adapted_stereotypes_false_lab3_f1inv.csv,6ab5f08cb1200a6e6ffe8ef2825e554efe18d5e94bdfbe8c7bfaa59a923e7488
recovery_root/seed10/metrics_adapted_stereotypes_false_lab3_f1inv_z2.csv,1e4c7a9008bd643ac97842b5db868b506d3d0faca1e26ad78dd49f617c676339
recovery_root/seed10/metrics_adapted_stereotypes_false_lab3_f2bdead.csv,4e39fb187228022e62121fc006afed8b300928c95ffd8b805b615ff6bace22d7
recovery_root/seed10/metrics_adapted_stereotypes_false_lab3_f2dead.csv,ee8f4e49744850bc4a08221244203b1a5040909c34bbfd544d87722f3ce7ca76
recovery_root/seed10/metrics_adapted_stereotypes_false_lab3_f2dead_lowsun.csv,ee8f4e49744850bc4a08221244203b1a5040909c34bbfd544d87722f3ce7ca76
recovery_root/seed10/metrics_adapted_stereotypes_false_lab3_f2inv.csv,6867ccbb2d8984e8d96437bc35abc2328b443cefe054498ef5a2d970af7e13c6
recovery_root/seed10/metrics_adapted_stereotypes_false_labmon2_nostereo_f2dead_lowsun.csv,d91c99a0e605d1bb7d0f59273f51e2490fe051e529dd846532f7e26ebad52649
recovery_root/seed10/metrics_adapted_stereotypes_true_lab3_f1bdead.csv,197f54e5d3a4fefbd76b387384eb0cc028a3a247c52b30a96568cbebaea7deed
recovery_root/seed10/metrics_adapted_stereotypes_true_lab3_f1binv.csv,aababdda1ccd92b9dad01018834142d8020aa8739143ad4e9a01895c9182e31b
recovery_root/seed10/metrics_adapted_stereotypes_true_lab3_f1dead.csv,9f39e4509d5a0cb86324eeff271740e6a484c0e3b757e504d87edf050841f4a7
recovery_root/seed10/metrics_adapted_stereotypes_true_lab3_f1dead_z2.csv,69fa8fb0b0a74ade047a8ecb8520eccf6de200d1ed161b6c4cfa0a6ad0df0e80
recovery_root/seed10/metrics_adapted_stereotypes_true_lab3_f1inv.csv,cf8ecae57a14acb3ee7fee18d039933c5b824561ce0a243eb9bdc0228d7d6661
recovery_root/seed10/metrics_adapted_stereotypes_true_lab3_f1inv_z2.csv,ee05ca8e8fcf8a399b2b09c0a7d41fce4b396880a0fcdbeefd6a951b8508ea5c
recovery_root/seed10/metrics_adapted_stereotypes_true_lab3_f2bdead.csv,1314a83482918b51921d44864d8e9abc3dc737eada44b096294de83d4d3c8135
recovery_root/seed10/metrics_adapted_stereotypes_true_lab3_f2dead.csv,7f5ab3d9006445aea1c80fba9d7ac5516e9ddbfbf0f4aeaa90aba6fe50d2b669
recovery_root/seed10/metrics_adapted_stereotypes_true_lab3_f2dead_lowsun.csv,7f5ab3d9006445aea1c80fba9d7ac5516e9ddbfbf0f4aeaa90aba6fe50d2b669
recovery_root/seed10/metrics_adapted_stereotypes_true_lab3_f2inv.csv,4ad117cd9a7396149eff5e0a17a3ae1fc6cc22f6cd8d23c45258b082616ebf19
recovery_root/seed10/metrics_adapted_stereotypes_true_labmon2_nostereo_f2dead_lowsun.csv,d2e30f6e60b1792358eecb2b439f04fdd127a82e95e1c2a1c8699e48e088348e
recovery_root/seed10/recovery_stereotypes_false_lab3_f1bdead.csv,7dc0e1dcd6bff45502f1678c508064fe9654c66c42cc0c3ca5878ab77cc16221
recovery_root/seed10/recovery_stereotypes_false_lab3_f1binv.csv,d7ec9e324f0421217b5e0f0a52261968730e1f53c4b9f887e79000a4585cec76
recovery_root/seed10/recovery_stereotypes_false_lab3_f1dead.csv,d7b33d8e8c73340abf858a832443d4923dd8953d7b3d7173949d5b1e17a4ccd8
recovery_root/seed10/recovery_stereotypes_false_lab3_f1dead_z2.csv,b20e0eff7e435eb1759c12c1d9eacb5cecba6ff00d5fcbdf366bcacf20dae818
recovery_root/seed10/recovery_stereotypes_false_lab3_f1inv.csv,63bdf74f895082108687f7bf035674f679dcf0fca5f52e05305d93e7dc444428
recovery_root/seed10/recovery_stereotypes_false_lab3_f1inv_z2.csv,efdfc7e0e22f742af7e4b8822b04f91700808441c118203b53371c59afc6655e
recovery_root/seed10/recovery_stereotypes_false_lab3_f2bdead.csv,6b62b89cee7783fdf0b08c64d14bed36b2de0dd9e3b9a3bec3a1cd1fc393553c
recovery_root/seed10/recovery_stereotypes_false_lab3_f2dead.csv,c90bf4486174ebde8294947a1b7c021bf09938da6a36eaee19931adaa3269a4b
recovery_root/seed10/recovery_stereotypes_false_lab3_f2dead_lowsun.csv,c90bf4486174ebde8294947a1b7c021bf09938da6a36eaee19931adaa3269a4b
recovery_root/seed10/recovery_stereotypes_false_lab3_f2inv.csv,09900442e112d21fedabc15940e56fe97d3a390f5a4bd82f416a35611b00779a
recovery_root/seed10/recovery_stereotypes_false_labmon2_nostereo_f2dead_lowsun.csv,e140ab790af90e8a406f4f604a3287f47eb87daab8e3c061525f81da88cc5721
recovery_root/seed10/recovery_stereotypes_true_lab3_f1bdead.csv,e14ca4d3f4af50d5591fa98dfb1341f3b56a72e34f16008c1a776fc101f96a27
recovery_root/seed10/recovery_stereotypes_true_lab3_f1binv.csv,48bd78ff645b748161a83e408835f0ae474a8a5f467d0c09dedf3ed852462df3
recovery_root/seed10/recovery_stereotypes_true_lab3_f1dead.csv,dac579ee15a39dc68d2338034d5ebebd6cd23c908b750b2d00cbb26e6969801f
recovery_root/seed10/recovery_stereotypes_true_lab3_f1dead_z2.csv,dac579ee15a39dc68d2338034d5ebebd6cd23c908b750b2d00cbb26e6969801f
recovery_root/seed10/recovery_stereotypes_true_lab3_f1inv.csv,feb00a6a01c1015ad55cd1639d9dafc6b370512b9b394bf169ab3da804e5991f
recovery_root/seed10/recovery_stereotypes_true_lab3_f1inv_z2.csv,4ba0a37a49e443d7483315f8ce54086c8cfc1ea2b0b1bb1e9e65f44e6b53303f
recovery_root/seed10/recovery_stereotypes_true_lab3_f2bdead.csv,88156243f2a257c664a9bd1f080471f4e4ff828360d00bf554aea0ff350afd8b
recovery_root/seed10/recovery_stereotypes_true_lab3_f2dead.csv,249434ae4bad56f319b64e7538930e32fe282f4a788b2c6bb129c06eddd65e8a
recovery_root/seed10/recovery_stereotypes_true_lab3_f2dead_lowsun.csv,249434ae4bad56f319b64e7538930e32fe282f4a788b2c6bb129c06eddd65e8a
recovery_root/seed10/recovery_stereotypes_true_lab3_f2inv.csv,233abfd4f11213656ad9b1df12dd75f9f999f71c56a1990e3b221cbc1b4a8739
recovery_root/seed10/recovery_stereotypes_true_labmon2_nostereo_f2dead_lowsun.csv,f88af89fb95a81e905c621729a9baa223c962bc81750d9a91495b9c1428e56c5
recovery_root/seed2/ADAPT_OK_stereotypes_false_lab3_f1bdead.json,2633142c243b1345ade93caebb485c9ca5ec3bd4e7e83bad1c7b84c56a5f1cdc
recovery_root/seed2/ADAPT_OK_stereotypes_false_lab3_f1binv.json,4585b3562a31937c05b39e0925b9cd42fd5111cc51743807e76c32aa2d1ca213
recovery_root/seed2/ADAPT_OK_stereotypes_false_lab3_f1dead.json,1a5230ad1c4cfdee73fad2625cfbe64b657858508521ff635304536fde8e7e5e
recovery_root/seed2/ADAPT_OK_stereotypes_false_lab3_f1dead_z2.json,f4bcd2fcc515a21d4a0a3ccc994d00921749e8c007d747e73d04bf5c58496a5d
recovery_root/seed2/ADAPT_OK_stereotypes_false_lab3_f1inv.json,f7844aca8ffd86181cf9b31619a22339c5d5ba032fe03758778d48d6ed7769cb
recovery_root/seed2/ADAPT_OK_stereotypes_false_lab3_f1inv_z2.json,fd52825ee0cbd2e060409828cff2c80b5d6d6db2f8d189cc8da02f53647cf419
recovery_root/seed2/ADAPT_OK_stereotypes_false_lab3_f2bdead.json,7493f8535d600a27d7be710c62dfe7f5d82cc777f0fd0f7950bdc4d69afc1838
recovery_root/seed2/ADAPT_OK_stereotypes_false_lab3_f2dead.json,d29bf2b36f39083bdf66e1264de0906e0d622383e51a1c561e46503828c1a2f2
recovery_root/seed2/ADAPT_OK_stereotypes_false_lab3_f2dead_lowsun.json,bae79f82f6776eca78876ba1082dd266002806b646ffa90846bd57dbe7da10f5
recovery_root/seed2/ADAPT_OK_stereotypes_false_lab3_f2inv.json,1cbd688c730ed3b475f81eb7a729d8ee18d7dee3442cd58be531f79c7b3d6d62
recovery_root/seed2/ADAPT_OK_stereotypes_false_labmon2_nostereo_f2dead_lowsun.json,e4317627552d53becb46dfd84624d3b0eae700e466bc6f8d5e237d5ccb7cc604
recovery_root/seed2/ADAPT_OK_stereotypes_true_lab3_f1bdead.json,e5c944b75ee81a2af083f808a50076ccfa00f97c40a3c92306b8ade489e71890
recovery_root/seed2/ADAPT_OK_stereotypes_true_lab3_f1binv.json,08acea21d248804803729f7dd77808fb6989035978299eb45be31f0628ddb6c9
recovery_root/seed2/ADAPT_OK_stereotypes_true_lab3_f1dead.json,39928d1c028055fbddaa7fc7782f8cc1d62d561f29338a6a87cd3befbe2c6ed4
recovery_root/seed2/ADAPT_OK_stereotypes_true_lab3_f1dead_z2.json,f7a1daa378db82d912e597b21fc83a2ebe76fefb350bd445070eba457b12c42a
recovery_root/seed2/ADAPT_OK_stereotypes_true_lab3_f1inv.json,7c54e9d86049b18d3a72df599fc1c3dece44ca2a606d9679701a5188b683956e
recovery_root/seed2/ADAPT_OK_stereotypes_true_lab3_f1inv_z2.json,09b7af30c635d6ca736d1c6726823fc9f3a0bf64c83867f079041378d7a5934e
recovery_root/seed2/ADAPT_OK_stereotypes_true_lab3_f2bdead.json,33ec4347b6a78c5d437bd3b7eeb822dbf128513440c253ca9d28d530f9b37a5f
recovery_root/seed2/ADAPT_OK_stereotypes_true_lab3_f2dead.json,c46d7572caa128b5daed1195996ce18bdc91d1b5b2fe7115be2fadeb18d0feed
recovery_root/seed2/ADAPT_OK_stereotypes_true_lab3_f2dead_lowsun.json,52ac4ca179ee99e20b1bb231d90572315fcabfc7de6ec107765774975ef09372
recovery_root/seed2/ADAPT_OK_stereotypes_true_lab3_f2inv.json,ce4e68cb2887eed6e2962ba54b72e9a9f4d8ec3781b7d5f8f6e74e028ae7d0ec
recovery_root/seed2/ADAPT_OK_stereotypes_true_labmon2_nostereo_f2dead_lowsun.json,80d1a407db9c34e1b5d70515997f4539446ff2b33194d89ec489660920735c87
recovery_root/seed2/metrics_adapted_stereotypes_false_lab3_f1bdead.csv,015a198f7b22ca9e90a8f02059d1223a38695ff21696b493288d865c522c58c0
recovery_root/seed2/metrics_adapted_stereotypes_false_lab3_f1binv.csv,a7abafca141be560a015a28e5d99cc407544db94a56515e7b408937a4f92a40b
recovery_root/seed2/metrics_adapted_stereotypes_false_lab3_f1dead.csv,48ba7c1b4f85a869d64286eb7bb06fe5650c50db1e6a4cd7eb898e94ecb95289
recovery_root/seed2/metrics_adapted_stereotypes_false_lab3_f1dead_z2.csv,9093dbfeccba981d76292aa8c5fddb0386d4c7977a6547a93d789d52a502794c
recovery_root/seed2/metrics_adapted_stereotypes_false_lab3_f1inv.csv,c447b00196e618548567ab5d4dfb77d41841dcfeef82d984780d62cb5f50177e
recovery_root/seed2/metrics_adapted_stereotypes_false_lab3_f1inv_z2.csv,33bff3563368927f3b7a1a5813d6daaf1472a280b20264ef17b3df289eb26191
recovery_root/seed2/metrics_adapted_stereotypes_false_lab3_f2bdead.csv,55bc1d2e7534f98ea56cc18014e17b70784dc6a2d44b9a82d7cf2d3446942b9e
recovery_root/seed2/metrics_adapted_stereotypes_false_lab3_f2dead.csv,32055b0cd420a711633b88540697b61059e95bbeede9eb3a5df8157c669125e3
recovery_root/seed2/metrics_adapted_stereotypes_false_lab3_f2dead_lowsun.csv,32055b0cd420a711633b88540697b61059e95bbeede9eb3a5df8157c669125e3
recovery_root/seed2/metrics_adapted_stereotypes_false_lab3_f2inv.csv,adfeb0ae383deb4dc5673b68665068052ac81bc59ad123eb00f8717778d420e0
recovery_root/seed2/metrics_adapted_stereotypes_false_labmon2_nostereo_f2dead_lowsun.csv,7245246b1d3c5fe599bc32e5df917306d094fd13fb0f1fd4d74717bc32759885
recovery_root/seed2/metrics_adapted_stereotypes_true_lab3_f1bdead.csv,8a7017dffe306b1b265ad36077dc98495bb232a0e81731fb3a00dab881cc2927
recovery_root/seed2/metrics_adapted_stereotypes_true_lab3_f1binv.csv,78a18ed408ba2d0785137a8ceb8120524c0488d93b88d40b335f9aca0ff623f6
recovery_root/seed2/metrics_adapted_stereotypes_true_lab3_f1dead.csv,3570d87e2d5a1729e0126a550f81329eed6e154e48473ec12eeb784a86da672c
recovery_root/seed2/metrics_adapted_stereotypes_true_lab3_f1dead_z2.csv,07e270f6ad5d36d61c0e06f8975493a898bf536e865b21c8da9096c5e7d29d4e
recovery_root/seed2/metrics_adapted_stereotypes_true_lab3_f1inv.csv,29e11a0d93a8b7bf0fea4f441be2e095f3324ac8e18f0bd49f9a14ed421c0f20
recovery_root/seed2/metrics_adapted_stereotypes_true_lab3_f1inv_z2.csv,1ae405450b05ba80a62e8eabfabd522308cb67c2012299ff61c0725218a56bba
recovery_root/seed2/metrics_adapted_stereotypes_true_lab3_f2bdead.csv,3eac54331fb183cf267de268ab854ff07565f155015be46b7c6b92378f5f78ec
recovery_root/seed2/metrics_adapted_stereotypes_true_lab3_f2dead.csv,7f5ab3d9006445aea1c80fba9d7ac5516e9ddbfbf0f4aeaa90aba6fe50d2b669
recovery_root/seed2/metrics_adapted_stereotypes_true_lab3_f2dead_lowsun.csv,7f5ab3d9006445aea1c80fba9d7ac5516e9ddbfbf0f4aeaa90aba6fe50d2b669
recovery_root/seed2/metrics_adapted_stereotypes_true_lab3_f2inv.csv,53b4dfef809756bfaf170f94a6584a538cdc4d189a14eec2857ebd9e8dab1c85
recovery_root/seed2/metrics_adapted_stereotypes_true_labmon2_nostereo_f2dead_lowsun.csv,7c9a5dddef76bdf81a3ec1747564731d583bccb62702c9dc319a4875e824bde5
recovery_root/seed2/recovery_stereotypes_false_lab3_f1bdead.csv,000e403a8601f526be365dea8ee599201ac8027c15f1c0a2c56b85e69cfc3689
recovery_root/seed2/recovery_stereotypes_false_lab3_f1binv.csv,6f93cc490d1a6505e9b481c42caa8aaea96b11431dc7badf4497bc79e7507ea3
recovery_root/seed2/recovery_stereotypes_false_lab3_f1dead.csv,0117c126841a935a7d7f0a7f33873fbb121f1971072f68f7d8d1a46b096af420
recovery_root/seed2/recovery_stereotypes_false_lab3_f1dead_z2.csv,549c587105b4db4b67fff705fbb3ae199fa08d161f91c80b4e874f4b8beb72fc
recovery_root/seed2/recovery_stereotypes_false_lab3_f1inv.csv,17f5bd3da01d10d25d5d26dc5f8a391cf90b1645ee77d369bdefc5dc1f5fb7aa
recovery_root/seed2/recovery_stereotypes_false_lab3_f1inv_z2.csv,a3be83c8538e5c57912dddcf3ef3be6b4c67c0f8f205dbe3123fac647cf1f7c1
recovery_root/seed2/recovery_stereotypes_false_lab3_f2bdead.csv,38561099cdc96b711e85280be45915d3d055b43c6e0f30e19338b40dc6b97b28
recovery_root/seed2/recovery_stereotypes_false_lab3_f2dead.csv,f57d5ede8007d8705d116bf5c56bad78b2c5e5cf8f63ca8c24d58c96b78a04fb
recovery_root/seed2/recovery_stereotypes_false_lab3_f2dead_lowsun.csv,f57d5ede8007d8705d116bf5c56bad78b2c5e5cf8f63ca8c24d58c96b78a04fb
recovery_root/seed2/recovery_stereotypes_false_lab3_f2inv.csv,ed4ba6562a04312f223b43d562a2fb154b0c4ce5564b519922579d7c17d5660d
recovery_root/seed2/recovery_stereotypes_false_labmon2_nostereo_f2dead_lowsun.csv,5c97d0705ff50dd2c95c9fc060d4ef6bca5ceaf0c9ae66a2cb4d76147b3dffaf
recovery_root/seed2/recovery_stereotypes_true_lab3_f1bdead.csv,94e88cc43a5b56a9d1a61ba711e92b61b818b9bc893944f356c13ba676848c77
recovery_root/seed2/recovery_stereotypes_true_lab3_f1binv.csv,054ecba6b4c8e53a085aa198ae42d648515a478fb2856d68c99ed7467769cc26
recovery_root/seed2/recovery_stereotypes_true_lab3_f1dead.csv,1eea84f341d770424c8d539c91f2ee4abf4151c1ef42ae865c24502acb517eef
recovery_root/seed2/recovery_stereotypes_true_lab3_f1dead_z2.csv,c1607436cfe48e2dc7b30bbe87093079ecf6d4ae4b537c80ebc559f960963797
recovery_root/seed2/recovery_stereotypes_true_lab3_f1inv.csv,126c237b35046d2764b0b25c0ec185ee7f5b2b68e68b399eaad30f2ed3587918
recovery_root/seed2/recovery_stereotypes_true_lab3_f1inv_z2.csv,1c33cbf249f12cf1e1674d4b3aa9f079259a09f78171e9ae456ce5debd8c0a0e
recovery_root/seed2/recovery_stereotypes_true_lab3_f2bdead.csv,9c752ece9127f5e2f3e1b63fee28de848fc7648831e44f6d3d37f19bc66d6410
recovery_root/seed2/recovery_stereotypes_true_lab3_f2dead.csv,249434ae4bad56f319b64e7538930e32fe282f4a788b2c6bb129c06eddd65e8a
recovery_root/seed2/recovery_stereotypes_true_lab3_f2dead_lowsun.csv,249434ae4bad56f319b64e7538930e32fe282f4a788b2c6bb129c06eddd65e8a
recovery_root/seed2/recovery_stereotypes_true_lab3_f2inv.csv,233abfd4f11213656ad9b1df12dd75f9f999f71c56a1990e3b221cbc1b4a8739
recovery_root/seed2/recovery_stereotypes_true_labmon2_nostereo_f2dead_lowsun.csv,0643c6d217872a2ad8c5a11909213c82a6c46c4bd757606b2a0455ac63fd0620
recovery_root/seed3/ADAPT_OK_stereotypes_false_lab3_f1bdead.json,69e67b0837c25419640b2f00ead5cf6c5c6aa3a63a1738341716106beb0153aa
recovery_root/seed3/ADAPT_OK_stereotypes_false_lab3_f1binv.json,09d2c167a84250a62255baf10d963c1d729a98ca614e57e304dc6c2c287f82fc
recovery_root/seed3/ADAPT_OK_stereotypes_false_lab3_f1dead.json,da93343a6dd80b1036c52fa87b11a129e2859cf88ca18d2894b684682f8bc31b
recovery_root/seed3/ADAPT_OK_stereotypes_false_lab3_f1dead_z2.json,1c1a1e7cd210dc913fa14b67697a50b0dd06f88935ae6bd0e0dbb529933dce3b
recovery_root/seed3/ADAPT_OK_stereotypes_false_lab3_f1inv.json,6e5772ba2cc819be4f837ddfaef400b7ef9502fbe32525dfb247c7c18e0e8777
recovery_root/seed3/ADAPT_OK_stereotypes_false_lab3_f1inv_z2.json,753baf1bbbc8ec9d5afc257da28f9b0c80891280f528149d5df94d8870d8ff14
recovery_root/seed3/ADAPT_OK_stereotypes_false_lab3_f2bdead.json,cfacc69ea12ea5b031134cbd0cd28c092af479de9e076d300551bed74d10b3cc
recovery_root/seed3/ADAPT_OK_stereotypes_false_lab3_f2dead.json,90356b25b779f9d052db589954dc3c406940312eadaff3ea977a63e31d9f5a88
recovery_root/seed3/ADAPT_OK_stereotypes_false_lab3_f2dead_lowsun.json,761274e8ebc63d93604fc81e32521a2af3ad59ea78b9ef54e0f903b7bb15c30a
recovery_root/seed3/ADAPT_OK_stereotypes_false_lab3_f2inv.json,c83d1c887fcd94557d1497aa6dbca3b630296425dc61da53f0b3b8ff127f8469
recovery_root/seed3/ADAPT_OK_stereotypes_false_labmon2_nostereo_f2dead_lowsun.json,b06e6fabd8e37a97296bca501f41dcff71482be4f8548523fa8682a8b729d986
recovery_root/seed3/ADAPT_OK_stereotypes_true_lab3_f1bdead.json,5ac37c1af1225dede50c93daff8c03f882fb661cef620e942c6eac41b4e844bd
recovery_root/seed3/ADAPT_OK_stereotypes_true_lab3_f1binv.json,9a8ab9f4f971572b8ea3cc670916b511155d31688c79c418599cbfa29a958f53
recovery_root/seed3/ADAPT_OK_stereotypes_true_lab3_f1dead.json,d4ee4eaffb0b4eb36659b383f15dc6c4570d9d2d3b9abdceeabe3b0aeaad799d
recovery_root/seed3/ADAPT_OK_stereotypes_true_lab3_f1dead_z2.json,1c2a3ef83814d966201091654c5c8329e406ac0af11644c31bc094413330a5b3
recovery_root/seed3/ADAPT_OK_stereotypes_true_lab3_f1inv.json,4cab2014d099e16cdda01ce4aae9d10e7e5f87f5bfa8387cd56d8cfe8e749557
recovery_root/seed3/ADAPT_OK_stereotypes_true_lab3_f1inv_z2.json,85c668100ce561ca2d06064775115aec4b597cf07566532245ab6b51156171c6
recovery_root/seed3/ADAPT_OK_stereotypes_true_lab3_f2bdead.json,3e86ae3eef097e29e41fd5dbf8345ac3ad705967b76c296f69271630db629a9f
recovery_root/seed3/ADAPT_OK_stereotypes_true_lab3_f2dead.json,87f9447de8aece3c59268f013c5c616c9c651ec01dde92a72db7101f7c6e21f8
recovery_root/seed3/ADAPT_OK_stereotypes_true_lab3_f2dead_lowsun.json,ddb1671d0f2e8e2e36209fbd0a24e54ba30e530f3a265036b8c6dcc7b85a2751
recovery_root/seed3/ADAPT_OK_stereotypes_true_lab3_f2inv.json,cfe7f57a7550449f4d3be95b5710b7ce505b25ce15d1e7a7b6f199995f4c6a2c
recovery_root/seed3/ADAPT_OK_stereotypes_true_labmon2_nostereo_f2dead_lowsun.json,1583801a27096ec19cc5a3f9320b1ed1b182cb9cc1bc61e4e7ff1d10168a0c1a
recovery_root/seed3/metrics_adapted_stereotypes_false_lab3_f1bdead.csv,ca9188e366d44cd3055753e104db61ca143abc157172b3287cb118a3279476ac
recovery_root/seed3/metrics_adapted_stereotypes_false_lab3_f1binv.csv,b224472929ef7df0df7401cf3b993d2a55b8407041ece78dba040339b7426a1c
recovery_root/seed3/metrics_adapted_stereotypes_false_lab3_f1dead.csv,88ce22bb71bd2a5c60cae931aea88c4eed0ae3cccd79d400f3eddea1b77016ce
recovery_root/seed3/metrics_adapted_stereotypes_false_lab3_f1dead_z2.csv,0990b20bdcac085b9ce1d3a53fc070f7b6473715df54c62813f0aed665ec8586
recovery_root/seed3/metrics_adapted_stereotypes_false_lab3_f1inv.csv,33b4167509789800bc5f044f8e2ae330fa0d7940d0e941235ade2d2a6f7c1255
recovery_root/seed3/metrics_adapted_stereotypes_false_lab3_f1inv_z2.csv,a750ccac4f130c96fe9f8b97828ef877c5f4faa578038f6a138d9e5e59daa47a
recovery_root/seed3/metrics_adapted_stereotypes_false_lab3_f2bdead.csv,4581711da825df7fa458f8ca3349c6609786ed03f0759dcafe414cf14388c250
recovery_root/seed3/metrics_adapted_stereotypes_false_lab3_f2dead.csv,2c7e9def65bbf85124cb11b0562494734e4e1759de488f0367abd0e891d84cf4
recovery_root/seed3/metrics_adapted_stereotypes_false_lab3_f2dead_lowsun.csv,2c7e9def65bbf85124cb11b0562494734e4e1759de488f0367abd0e891d84cf4
recovery_root/seed3/metrics_adapted_stereotypes_false_lab3_f2inv.csv,9db82a87f09f99caca0b5a902d4220899f9db0e03940d71348417ff9a048961a
recovery_root/seed3/metrics_adapted_stereotypes_false_labmon2_nostereo_f2dead_lowsun.csv,1c71406d30e9f123ead87b7c613dda807ac3a1c2855956592827b43613e60cd6
recovery_root/seed3/metrics_adapted_stereotypes_true_lab3_f1bdead.csv,929a79fd9d23aed63725d0c2916d620a063f45b018a7bbd85f8a9e28293ce8d3
recovery_root/seed3/metrics_adapted_stereotypes_true_lab3_f1binv.csv,1fe08b91a7c029a010a4deb5412214c55b84930f856490b67f705ac4df260613
recovery_root/seed3/metrics_adapted_stereotypes_true_lab3_f1dead.csv,df9f2c2542ebc41ccadac1fd292627f5052bd1f915eb21f20859fbe7409d1108
recovery_root/seed3/metrics_adapted_stereotypes_true_lab3_f1dead_z2.csv,71d22ad432ce738d643b8ff5ebe9577b6becc8c210995a06d087ea88d9eb1c13
recovery_root/seed3/metrics_adapted_stereotypes_true_lab3_f1inv.csv,a8ca11cd2526ff3515c6d7ebd8072d59bcc8cdab16b7a8db110c33ef4e04ec30
recovery_root/seed3/metrics_adapted_stereotypes_true_lab3_f1inv_z2.csv,e761f4cd02ba2db83a8ec71414922b81d93e2bd6b0b3c98c2d7d91d4c62bd318
recovery_root/seed3/metrics_adapted_stereotypes_true_lab3_f2bdead.csv,82c140161460e46a2ccfc488e152d762184014136d3ad19526a69fac3c9315dc
recovery_root/seed3/metrics_adapted_stereotypes_true_lab3_f2dead.csv,7f5ab3d9006445aea1c80fba9d7ac5516e9ddbfbf0f4aeaa90aba6fe50d2b669
recovery_root/seed3/metrics_adapted_stereotypes_true_lab3_f2dead_lowsun.csv,7f5ab3d9006445aea1c80fba9d7ac5516e9ddbfbf0f4aeaa90aba6fe50d2b669
recovery_root/seed3/metrics_adapted_stereotypes_true_lab3_f2inv.csv,e663ca16f7bc2f39ae9ca687ad2fc7aa08901b8fb65217bcc4319bc8598e52bc
recovery_root/seed3/metrics_adapted_stereotypes_true_labmon2_nostereo_f2dead_lowsun.csv,0191d4a7c5ee50811296b82397089c91c856de3c79ef389a2576a8669afc59e1
recovery_root/seed3/recovery_stereotypes_false_lab3_f1bdead.csv,2fbade25b8ef8a7c8eaf2c517326a334a6551b45a1d2eabecfd23abd0f33911f
recovery_root/seed3/recovery_stereotypes_false_lab3_f1binv.csv,19e575814c077308d479b5368a821cfd1247ab571d3bfaa3e580c0a500d8aeb6
recovery_root/seed3/recovery_stereotypes_false_lab3_f1dead.csv,ef1ff050926540139c9aafbf8aba0eb5e095d9ef0f49b4f77395bc7204c82869
recovery_root/seed3/recovery_stereotypes_false_lab3_f1dead_z2.csv,4fb799baa720558dba25130cdf64fc37fdd24386088531eed2a41151a1c1e687
recovery_root/seed3/recovery_stereotypes_false_lab3_f1inv.csv,a512c0d21155217198c3e13b0eb5eec51fdc36ee4faac47d5f6a50aad2fbb30b
recovery_root/seed3/recovery_stereotypes_false_lab3_f1inv_z2.csv,05f664d755e9a2a7f28256e1b49361be5e46fb377f9ca2c4537e57cf2661d942
recovery_root/seed3/recovery_stereotypes_false_lab3_f2bdead.csv,2492db71c3e1c56afd601c20ffab050387a88f32ac269c54dbc26e5c04051c66
recovery_root/seed3/recovery_stereotypes_false_lab3_f2dead.csv,de98e76b847d9c30ac885090d5a5b87eb93bb298d83b32d39a7ab309baaa5554
recovery_root/seed3/recovery_stereotypes_false_lab3_f2dead_lowsun.csv,de98e76b847d9c30ac885090d5a5b87eb93bb298d83b32d39a7ab309baaa5554
recovery_root/seed3/recovery_stereotypes_false_lab3_f2inv.csv,5a8a25f5f006847fc960cd6568e3657ece18b9609525ac74a52041acdfac34fa
recovery_root/seed3/recovery_stereotypes_false_labmon2_nostereo_f2dead_lowsun.csv,ecb0376b08b3563700793bcb7a7cd2a303c7f9620031c652b91f3422848b278f
recovery_root/seed3/recovery_stereotypes_true_lab3_f1bdead.csv,8c5ca89c9f97dea6ea80c86f7455176e5f81338595edd011467600bb43db1e45
recovery_root/seed3/recovery_stereotypes_true_lab3_f1binv.csv,3af34a3638479d6b2102a3532f453d432d6f45b334a2a22edc40c9e8e9ffb887
recovery_root/seed3/recovery_stereotypes_true_lab3_f1dead.csv,dac579ee15a39dc68d2338034d5ebebd6cd23c908b750b2d00cbb26e6969801f
recovery_root/seed3/recovery_stereotypes_true_lab3_f1dead_z2.csv,dac579ee15a39dc68d2338034d5ebebd6cd23c908b750b2d00cbb26e6969801f
recovery_root/seed3/recovery_stereotypes_true_lab3_f1inv.csv,2a776e4ebc5361699573c28e00fafd51adecf4df3cdf363d978a25d71f20e300
recovery_root/seed3/recovery_stereotypes_true_lab3_f1inv_z2.csv,4d21e15ecdb0c28c60619fbddb38b34d3ef0384b7b3e09e7ad0621776b8bd8ff
recovery_root/seed3/recovery_stereotypes_true_lab3_f2bdead.csv,7522c1384d2822384f85a04fb8e61ea0e94c664905d247819e9e9ce09df2bedc
recovery_root/seed3/recovery_stereotypes_true_lab3_f2dead.csv,249434ae4bad56f319b64e7538930e32fe282f4a788b2c6bb129c06eddd65e8a
recovery_root/seed3/recovery_stereotypes_true_lab3_f2dead_lowsun.csv,249434ae4bad56f319b64e7538930e32fe282f4a788b2c6bb129c06eddd65e8a
recovery_root/seed3/recovery_stereotypes_true_lab3_f2inv.csv,2688988cec80e485dd2be5a724601cdd6c504a6c0215df20909da1f66f7667e0
recovery_root/seed3/recovery_stereotypes_true_labmon2_nostereo_f2dead_lowsun.csv,8aef8bb0531b865dd3629fa77b6c6c2c5d8969a42074b4d4a105eb4723ae6053
recovery_root/seed4/ADAPT_OK_stereotypes_false_lab3_f1bdead.json,b514ed14e60d729b7b168f8261424ffca4453aceb2dffdf272e85e9f5d918e18
recovery_root/seed4/ADAPT_OK_stereotypes_false_lab3_f1binv.json,86f20b305680f8bb79d38fbf42c613e818328e515f4cc0059febf10a62cb35f2
recovery_root/seed4/ADAPT_OK_stereotypes_false_lab3_f1dead.json,269a3cce07d4b17facddb742b33e71db1cd42c36c9a6747b76f46323b3ac96da
recovery_root/seed4/ADAPT_OK_stereotypes_false_lab3_f1dead_z2.json,240b3de7942f45b0a90e6b0983f07380262d5878e8db4c2d6900ef6f15f7ef98
recovery_root/seed4/ADAPT_OK_stereotypes_false_lab3_f1inv.json,c26822a81131f8f25ce20e81daf55d8ce829747c3ec0d0e9036b0a0d6861a8cd
recovery_root/seed4/ADAPT_OK_stereotypes_false_lab3_f1inv_z2.json,443e7c3f88a7b47c97a1226985c21d41d39dc147be5f213b08a11e6e43102758
recovery_root/seed4/ADAPT_OK_stereotypes_false_lab3_f2bdead.json,4141f426a9e2ab7e589021edd2ac91077e0026f09d64a8e1270099986017b6b4
recovery_root/seed4/ADAPT_OK_stereotypes_false_lab3_f2dead.json,78dde68cf423a394563650253f601719b46e0807542aca603c0396342e2bf7fa
recovery_root/seed4/ADAPT_OK_stereotypes_false_lab3_f2dead_lowsun.json,4b86f2ac0f5c6ff1cce5b6eb220514d1dd3f5786f906f77ff87397c774b65152
recovery_root/seed4/ADAPT_OK_stereotypes_false_lab3_f2inv.json,d04ebfab088972744098d7aab997c2122f76ad64509ccccf72666a29c61b2513
recovery_root/seed4/ADAPT_OK_stereotypes_false_labmon2_nostereo_f2dead_lowsun.json,4370da2e8c4e1e9b8ab4f9c4cca12c17042367c786f0eb2948296b4a8488b214
recovery_root/seed4/ADAPT_OK_stereotypes_true_lab3_f1bdead.json,b9335ed6437a556c44fe4609f0f9e90c3b0fb1c1cf2fcf202553f5315ff4c7fb
recovery_root/seed4/ADAPT_OK_stereotypes_true_lab3_f1binv.json,f44a40479133ea3ed320d3caca776b76a95c7ec0fcc4269559480dd9bf1f7ea4
recovery_root/seed4/ADAPT_OK_stereotypes_true_lab3_f1dead.json,0fe0b2786b909b7c6ec542ba6187d9cbf6a7faedd4da2d11b0ec3f7e3ed446fb
recovery_root/seed4/ADAPT_OK_stereotypes_true_lab3_f1dead_z2.json,ab32b2b32e56f8370ad10d1a6d2f1f49ccf9c144dfc8901eec5d92e899829cf5
recovery_root/seed4/ADAPT_OK_stereotypes_true_lab3_f1inv.json,55a2b3cb8522681a00017c0638d4cb362421eefe35da4e372f50ca8b3592774a
recovery_root/seed4/ADAPT_OK_stereotypes_true_lab3_f1inv_z2.json,54bce9d7ff6f8d14f2d81a77ddb2506c25590752e6d4e9b91fbe7787f1d1e376
recovery_root/seed4/ADAPT_OK_stereotypes_true_lab3_f2bdead.json,3efeb2fe869aded5e1a221c38344ee086a5b27b0419b1802deab10e3cea0fcaa
recovery_root/seed4/ADAPT_OK_stereotypes_true_lab3_f2dead.json,5818bcfc8695926ffd985bf2dbb1d0bc3c583f7da05c90836fce7950c9de3006
recovery_root/seed4/ADAPT_OK_stereotypes_true_lab3_f2dead_lowsun.json,5d872200ead141c35a5490c0fc5b6159d9bc323d9e734e33fee8b3a771d940fa
recovery_root/seed4/ADAPT_OK_stereotypes_true_lab3_f2inv.json,5986303d656dc3281209aef7309b756619f6293cc1f357641066ae52d368559d
recovery_root/seed4/ADAPT_OK_stereotypes_true_labmon2_nostereo_f2dead_lowsun.json,37387ced4353d99c761fcba7f17f20dc402c2a8550d1a1d465158075563c73d2
recovery_root/seed4/metrics_adapted_stereotypes_false_lab3_f1bdead.csv,4ed2dbecf2c692dc7a99873511b496a0347476a0484a10d7e4f1c2f5585fb7af
recovery_root/seed4/metrics_adapted_stereotypes_false_lab3_f1binv.csv,9e9925ce6f606d2c486308a50e72395dfd110d6abd2f6560f74eef4cf50d496b
recovery_root/seed4/metrics_adapted_stereotypes_false_lab3_f1dead.csv,8497c05ea3595f238f45835e16b1be218d4092439c127e89da2fac3cef13704d
recovery_root/seed4/metrics_adapted_stereotypes_false_lab3_f1dead_z2.csv,5be0dee6dbbf7346d6ca3391be7170b82379585b22b446eb58e4ca48fb78bbd9
recovery_root/seed4/metrics_adapted_stereotypes_false_lab3_f1inv.csv,50dc41734f01ec87327f348f99875d471da26840a4093f723ce5141ecfb3a9e1
recovery_root/seed4/metrics_adapted_stereotypes_false_lab3_f1inv_z2.csv,1323c57edc7917f29ca166d8bac4405c1b27e29e943597b2c6536865a54c931a
recovery_root/seed4/metrics_adapted_stereotypes_false_lab3_f2bdead.csv,d9ea91002a6283eb19e961927ccdb7e3d0d39e75c30270c0e4f1a77c62e93edb
recovery_root/seed4/metrics_adapted_stereotypes_false_lab3_f2dead.csv,006d4a4708079fba6a422d2a937992bbac9ca7ca51098a0ab90ca2d5271c30bb
recovery_root/seed4/metrics_adapted_stereotypes_false_lab3_f2dead_lowsun.csv,006d4a4708079fba6a422d2a937992bbac9ca7ca51098a0ab90ca2d5271c30bb
recovery_root/seed4/metrics_adapted_stereotypes_false_lab3_f2inv.csv,2b07751cf77e7ba6820ed6263cb1b3d1fc1e23d0682915db44685cc2f72a53bd
recovery_root/seed4/metrics_adapted_stereotypes_false_labmon2_nostereo_f2dead_lowsun.csv,7295220903c390ede35283c7d6abdf790cbde73daad64fb344eed56494d9e5fb
recovery_root/seed4/metrics_adapted_stereotypes_true_lab3_f1bdead.csv,d2f23d8ef383179015b172f12e421710316a4591ef2fda967ecf850b89d17f31
recovery_root/seed4/metrics_adapted_stereotypes_true_lab3_f1binv.csv,c075ed43e260c14ddd211ecbeb6aafc3c13033e4143444a9b71ac8a7caaf10d0
recovery_root/seed4/metrics_adapted_stereotypes_true_lab3_f1dead.csv,bf7f8c62ca73628556d28404156af74c6ddeb2d4c8e37ba50ae609f73fcbb596
recovery_root/seed4/metrics_adapted_stereotypes_true_lab3_f1dead_z2.csv,5a1a42ba506f9947cce6a899ef47a69d329bf934bcc5e90de12dd6a685618b02
recovery_root/seed4/metrics_adapted_stereotypes_true_lab3_f1inv.csv,614d6e0e99ee920d91a0d53e53a43bc77e099b80ee1128c0c1137da3d9e49db7
recovery_root/seed4/metrics_adapted_stereotypes_true_lab3_f1inv_z2.csv,3de2aa664ed7d2553bb877e4936896e24cf9d0ec1bac7693610662a2bb242e04
recovery_root/seed4/metrics_adapted_stereotypes_true_lab3_f2bdead.csv,1c8b5ab6d849424170dccfe3bccf3130c862ff21800773e09c162bb21212e863
recovery_root/seed4/metrics_adapted_stereotypes_true_lab3_f2dead.csv,7f5ab3d9006445aea1c80fba9d7ac5516e9ddbfbf0f4aeaa90aba6fe50d2b669
recovery_root/seed4/metrics_adapted_stereotypes_true_lab3_f2dead_lowsun.csv,7f5ab3d9006445aea1c80fba9d7ac5516e9ddbfbf0f4aeaa90aba6fe50d2b669
recovery_root/seed4/metrics_adapted_stereotypes_true_lab3_f2inv.csv,25f3150cb785a40bd2c1e8e3d310559b2c177c556eb06de30c81da0a9f0abc3b
recovery_root/seed4/metrics_adapted_stereotypes_true_labmon2_nostereo_f2dead_lowsun.csv,f7badf064b446e49bde4af7a69e46a7ea810c809cd258192b9389fe54deb3fb4
recovery_root/seed4/recovery_stereotypes_false_lab3_f1bdead.csv,a1428bbfaaa6c59c7da7ed5d8823d748df64c2dc8144533d889b10642764a969
recovery_root/seed4/recovery_stereotypes_false_lab3_f1binv.csv,4363bb4fb7fab991bea34e2aa7465d9eb4c5a94c37c34494e4a3f76c06c7eb43
recovery_root/seed4/recovery_stereotypes_false_lab3_f1dead.csv,dac579ee15a39dc68d2338034d5ebebd6cd23c908b750b2d00cbb26e6969801f
recovery_root/seed4/recovery_stereotypes_false_lab3_f1dead_z2.csv,73b257f4402e1cb1af7d1d817dba39804be96d199394c0567510f669e28250d6
recovery_root/seed4/recovery_stereotypes_false_lab3_f1inv.csv,e23c7c7ce7f675f059d135d7c6fdea19dbcbb3d913d28c7289275ec1f2e2581f
recovery_root/seed4/recovery_stereotypes_false_lab3_f1inv_z2.csv,864213cb8abcb0d37be60c28a5e373ae598d48083289e0f2ba82ce640782d863
recovery_root/seed4/recovery_stereotypes_false_lab3_f2bdead.csv,4fcef0ebd72ff9133e73b77f4a086d55c2a63f063a412529ab9a027f18bc5046
recovery_root/seed4/recovery_stereotypes_false_lab3_f2dead.csv,fc179286390c908e115a784a5e8d370f629729a105e3c8e812d02b3f95ebd2ec
recovery_root/seed4/recovery_stereotypes_false_lab3_f2dead_lowsun.csv,fc179286390c908e115a784a5e8d370f629729a105e3c8e812d02b3f95ebd2ec
recovery_root/seed4/recovery_stereotypes_false_lab3_f2inv.csv,29ca2cda8637c2a9186e061c405ad69dc948b4c4650cb925a4e94385bf3b3105
recovery_root/seed4/recovery_stereotypes_false_labmon2_nostereo_f2dead_lowsun.csv,4dd9928615f23a0131b045960fdb052d80f02d3c819b884e80d3571b00887c6f
recovery_root/seed4/recovery_stereotypes_true_lab3_f1bdead.csv,c97aa915183e4bb4fe761a76ea4ae1d464d5ce66f01d13d907e2d21bbdb58749
recovery_root/seed4/recovery_stereotypes_true_lab3_f1binv.csv,a9ae404f8c67e0b8ca383244eb06679bbcf26f59a9be2c235f301245c6b62830
recovery_root/seed4/recovery_stereotypes_true_lab3_f1dead.csv,c1607436cfe48e2dc7b30bbe87093079ecf6d4ae4b537c80ebc559f960963797
recovery_root/seed4/recovery_stereotypes_true_lab3_f1dead_z2.csv,dac579ee15a39dc68d2338034d5ebebd6cd23c908b750b2d00cbb26e6969801f
recovery_root/seed4/recovery_stereotypes_true_lab3_f1inv.csv,0319c73778ae23f7f551e907099429518a8dee63d371df7360d20910dba06b1a
recovery_root/seed4/recovery_stereotypes_true_lab3_f1inv_z2.csv,5752a1d325ab38303f6a0b149d1d9482bd2a9c2bc1aa8e35f658ab804e130f5f
recovery_root/seed4/recovery_stereotypes_true_lab3_f2bdead.csv,b9bfecfed7eba56d355632ca3580ed8d42a49dd26e935dfad47ffebb66448e85
recovery_root/seed4/recovery_stereotypes_true_lab3_f2dead.csv,249434ae4bad56f319b64e7538930e32fe282f4a788b2c6bb129c06eddd65e8a
recovery_root/seed4/recovery_stereotypes_true_lab3_f2dead_lowsun.csv,249434ae4bad56f319b64e7538930e32fe282f4a788b2c6bb129c06eddd65e8a
recovery_root/seed4/recovery_stereotypes_true_lab3_f2inv.csv,79762ecc602784d7165e6af8483200762ea8a017fed1beab72accba513565a54
recovery_root/seed4/recovery_stereotypes_true_labmon2_nostereo_f2dead_lowsun.csv,a8f43805afefe166628cc653e41bba6828e3fa0fbee160808395e6b004f606d6
recovery_root/seed5/ADAPT_OK_stereotypes_false_lab3_f1bdead.json,35ecff6b581b168953d4067c188f192b71e1ebf13d216d9e8ee230d542734a40
recovery_root/seed5/ADAPT_OK_stereotypes_false_lab3_f1binv.json,9f54194964ffccb23d4f80aa15c0e81befba7edc04a556d5a07748dde69789e9
recovery_root/seed5/ADAPT_OK_stereotypes_false_lab3_f1dead.json,ef203afc4d20587e3c3b9b548534f3ce50bfeaa106817d988b8123aec0a72b43
recovery_root/seed5/ADAPT_OK_stereotypes_false_lab3_f1dead_z2.json,0e8faa401aa58bc2ff2c542e0a75a9aba043b0391097fc34ed2b06291fc681f2
recovery_root/seed5/ADAPT_OK_stereotypes_false_lab3_f1inv.json,7326835213692d8dd3acb0cfc028d4d140be057566ac52348fae8af73dce96fb
recovery_root/seed5/ADAPT_OK_stereotypes_false_lab3_f1inv_z2.json,41e666ca23d387e65182e1b1aa88c46f311a87fcb5c62ee2d0b81a9dadab5b6d
recovery_root/seed5/ADAPT_OK_stereotypes_false_lab3_f2bdead.json,1ebcfd11cb8a200ad5c2652ce455270ea346624b7e88fa087ef53a05e8b9da5c
recovery_root/seed5/ADAPT_OK_stereotypes_false_lab3_f2dead.json,f99c893aac761dcda4c716ed5fd36c4e75b6c9c1cc63dca2d6254f01717db688
recovery_root/seed5/ADAPT_OK_stereotypes_false_lab3_f2dead_lowsun.json,a5780467eb813ee6a195269a8697050df10d61c3615bbb5f6587e405c81711bf
recovery_root/seed5/ADAPT_OK_stereotypes_false_lab3_f2inv.json,492dd25d4803ad621746a8d3a156919eb39d90f65fe4008d8f122736b5dbe3be
recovery_root/seed5/ADAPT_OK_stereotypes_false_labmon2_nostereo_f2dead_lowsun.json,89613510e1a4f4981bf9eaa37ba0ce39274d9d85625f51f3d9265fb8a188d773
recovery_root/seed5/ADAPT_OK_stereotypes_true_lab3_f1bdead.json,ef08235d10c9ef758ec0d6ca422ed57e06531418132496d276d0de624c707d58
recovery_root/seed5/ADAPT_OK_stereotypes_true_lab3_f1binv.json,ed6803fcbcb36818f674a116b56e03560d08e1104f7ad16b164eb767767d6186
recovery_root/seed5/ADAPT_OK_stereotypes_true_lab3_f1dead.json,f17b3843d6123ff65f3c386f2b7e07c94b70f1afc2b77e10db1ad2d1defd74f7
recovery_root/seed5/ADAPT_OK_stereotypes_true_lab3_f1dead_z2.json,8d691efdc2acc00ae03bd64ad752ff32ab9fa977913fcc30ca7e17ccc58ab46e
recovery_root/seed5/ADAPT_OK_stereotypes_true_lab3_f1inv.json,1c3ccc8e0ff90d78e1b0ee9a3ff7da9694dd0fa7bdb73456d29dd6d192109268
recovery_root/seed5/ADAPT_OK_stereotypes_true_lab3_f1inv_z2.json,327817b2705d7d09b53bd78ca1022deab77d58b21f31500d8877aa0e2ab5c38e
recovery_root/seed5/ADAPT_OK_stereotypes_true_lab3_f2bdead.json,1a58e7a392adb2b4505d2e504cfb73cf4a09dcbd7a408a2a5ff366e32e68ecea
recovery_root/seed5/ADAPT_OK_stereotypes_true_lab3_f2dead.json,83bf4157871abe51d2f7668c7d77deff1d691bc50af4d7ceb4aaf6d4a7fd52ea
recovery_root/seed5/ADAPT_OK_stereotypes_true_lab3_f2dead_lowsun.json,1551736c3e121166df8fba91ca8b609f0195b4128cefbf124b2f5745b1cd2712
recovery_root/seed5/ADAPT_OK_stereotypes_true_lab3_f2inv.json,f608634ae4550a686a0a3a76e256194187993cc8d6ca0d0e208c0ac8c2f3d972
recovery_root/seed5/ADAPT_OK_stereotypes_true_labmon2_nostereo_f2dead_lowsun.json,640b79ac6f7912fb25bdcaf4017944c9bee8739e773a29c42bbc8701fb509b6d
recovery_root/seed5/metrics_adapted_stereotypes_false_lab3_f1bdead.csv,d1dada01460859d706cbdb1ce5d0e9bdce280fc6cc6dbd2aa3c71a86b36fd24e
recovery_root/seed5/metrics_adapted_stereotypes_false_lab3_f1binv.csv,914f541335c6ab9b471bfc7b2a2d70683044d0b6c17fd1dbcc77ca1cea2e9822
recovery_root/seed5/metrics_adapted_stereotypes_false_lab3_f1dead.csv,961828a0d14bba64e9e014f49bbbf817c3d90227844efe677e8cc227070de90e
recovery_root/seed5/metrics_adapted_stereotypes_false_lab3_f1dead_z2.csv,8a354b9423efcda9a032d3859bd89c8400b69f1a745a1362413f71d0a13b0062
recovery_root/seed5/metrics_adapted_stereotypes_false_lab3_f1inv.csv,5487d2706678324c89e30ad3efc8b62b13ec8d8394391ded9880f041cd0f21b1
recovery_root/seed5/metrics_adapted_stereotypes_false_lab3_f1inv_z2.csv,11bfbf4e8e1e9451834380834eeb9bf07a8fa78713e3d6d9566f3bea5e3b3ce1
recovery_root/seed5/metrics_adapted_stereotypes_false_lab3_f2bdead.csv,a994da4058cc235a7e214768bc693033ef48aecc88c32a9238945fdef7800ab1
recovery_root/seed5/metrics_adapted_stereotypes_false_lab3_f2dead.csv,d13a67638c77f142c1f6ae65a7236587b3f3dd08d0ba1f030ea559bdbe1c4f37
recovery_root/seed5/metrics_adapted_stereotypes_false_lab3_f2dead_lowsun.csv,d13a67638c77f142c1f6ae65a7236587b3f3dd08d0ba1f030ea559bdbe1c4f37
recovery_root/seed5/metrics_adapted_stereotypes_false_lab3_f2inv.csv,0086801d794dd01bf64169c93de2137ffaacc65d4a2283ec1e9818708c4b0cdd
recovery_root/seed5/metrics_adapted_stereotypes_false_labmon2_nostereo_f2dead_lowsun.csv,07f0408006e115396f6292b0d721f5a25d3f97951cfd4a130681e92d5d9462d2
recovery_root/seed5/metrics_adapted_stereotypes_true_lab3_f1bdead.csv,9bde2bc28dbb728db68efc908835ae7886ec83ca76a0d0909dd20ea666127399
recovery_root/seed5/metrics_adapted_stereotypes_true_lab3_f1binv.csv,1293f42d634b980d769ed34be242373c98a1b096fd7af9729b318284d427d3b4
recovery_root/seed5/metrics_adapted_stereotypes_true_lab3_f1dead.csv,9110987c2ba44dde1a0a624c1ff7d2ffad79ba4a5fa0021eb643879bfd6c1281
recovery_root/seed5/metrics_adapted_stereotypes_true_lab3_f1dead_z2.csv,899aab0becadba4908384f837b7e5d28351d080dd22d61061a271005c1caa818
recovery_root/seed5/metrics_adapted_stereotypes_true_lab3_f1inv.csv,5ecc1b5c3cd95ca28b7e1d65bb4456e070ed5e58916f40ea138f0a2af20c1a4e
recovery_root/seed5/metrics_adapted_stereotypes_true_lab3_f1inv_z2.csv,79d67023649f002e66c228fc88b72dfb6e9d280f9afd8205d42dcfb051118693
recovery_root/seed5/metrics_adapted_stereotypes_true_lab3_f2bdead.csv,f9e477245b4d9abe32dc92e6e5cde4c3d44480e3c829a330260cf937b766f491
recovery_root/seed5/metrics_adapted_stereotypes_true_lab3_f2dead.csv,7f5ab3d9006445aea1c80fba9d7ac5516e9ddbfbf0f4aeaa90aba6fe50d2b669
recovery_root/seed5/metrics_adapted_stereotypes_true_lab3_f2dead_lowsun.csv,7f5ab3d9006445aea1c80fba9d7ac5516e9ddbfbf0f4aeaa90aba6fe50d2b669
recovery_root/seed5/metrics_adapted_stereotypes_true_lab3_f2inv.csv,bd0ba0cee3db1c976573e34d23a758964d87b26a9d7384b10807c985a6c38a3f
recovery_root/seed5/metrics_adapted_stereotypes_true_labmon2_nostereo_f2dead_lowsun.csv,8745a33a96c00ed04b25fea3d15b16ab278eed1f13e07bd065522aaf1ad19391
recovery_root/seed5/recovery_stereotypes_false_lab3_f1bdead.csv,325c1148e8715ba88854afbae37aeb2c0826ec5f3978ee833b71eb55639a388a
recovery_root/seed5/recovery_stereotypes_false_lab3_f1binv.csv,175f49d830af73313c282cfb36e60383f4a020c9c18b3d6461c8184104054359
recovery_root/seed5/recovery_stereotypes_false_lab3_f1dead.csv,528a6fef0925606756841f481ee2e34d3af0686076e9e5fa2c1b941836199d16
recovery_root/seed5/recovery_stereotypes_false_lab3_f1dead_z2.csv,a7e87b590889a1af7461a2b13cfd79cb832b514d4a1b1c937b945e83786c936e
recovery_root/seed5/recovery_stereotypes_false_lab3_f1inv.csv,fb7ba21d6c51ad272e85aa2b8a227643b92d960767165f37244d2f1979c194c4
recovery_root/seed5/recovery_stereotypes_false_lab3_f1inv_z2.csv,557c10c0ae4f8a6deacc738eeef4d13924ccbb084c0796eb7e827676407d7149
recovery_root/seed5/recovery_stereotypes_false_lab3_f2bdead.csv,55d35507a9e5796d4138ac118cc5f72c3665df4776d37f01b8a8f0fe74d0ee55
recovery_root/seed5/recovery_stereotypes_false_lab3_f2dead.csv,5042833dcdd041b08028ab6c1405d3fba8b1c34432bb6ef00e75311948449c77
recovery_root/seed5/recovery_stereotypes_false_lab3_f2dead_lowsun.csv,5042833dcdd041b08028ab6c1405d3fba8b1c34432bb6ef00e75311948449c77
recovery_root/seed5/recovery_stereotypes_false_lab3_f2inv.csv,cb267efbd650c57d9bd7a8a05557d471db9357881a57ab38d02345cace2d27cd
recovery_root/seed5/recovery_stereotypes_false_labmon2_nostereo_f2dead_lowsun.csv,a937b4e7d99cea18874d554b2bfde59a5896e64a0545fa4b31f27a5db782340d
recovery_root/seed5/recovery_stereotypes_true_lab3_f1bdead.csv,fbddbe6bb41f1e6c8f969362367c507bcd5fe4a7bd5a01e794fca2e3ae646a92
recovery_root/seed5/recovery_stereotypes_true_lab3_f1binv.csv,e080de3c9b5216d49621b9b7a2a83d4d17c24ebb3f1e7f7989bfe0a8cf261f40
recovery_root/seed5/recovery_stereotypes_true_lab3_f1dead.csv,1eea84f341d770424c8d539c91f2ee4abf4151c1ef42ae865c24502acb517eef
recovery_root/seed5/recovery_stereotypes_true_lab3_f1dead_z2.csv,c1607436cfe48e2dc7b30bbe87093079ecf6d4ae4b537c80ebc559f960963797
recovery_root/seed5/recovery_stereotypes_true_lab3_f1inv.csv,8fe83efd18823422504c490b82f0a86a24349a9b074fb7d0bfaa51c808bd3283
recovery_root/seed5/recovery_stereotypes_true_lab3_f1inv_z2.csv,3e1bb653c38341c80a57a1fb6c01e4687797ee929f204a2c3de4a87c744fbc7e
recovery_root/seed5/recovery_stereotypes_true_lab3_f2bdead.csv,cc87f4f7976c7dbed281a8fb55bb00fe108d9d06a72da6d510de0dd61c74558c
recovery_root/seed5/recovery_stereotypes_true_lab3_f2dead.csv,249434ae4bad56f319b64e7538930e32fe282f4a788b2c6bb129c06eddd65e8a
recovery_root/seed5/recovery_stereotypes_true_lab3_f2dead_lowsun.csv,249434ae4bad56f319b64e7538930e32fe282f4a788b2c6bb129c06eddd65e8a
recovery_root/seed5/recovery_stereotypes_true_lab3_f2inv.csv,233abfd4f11213656ad9b1df12dd75f9f999f71c56a1990e3b221cbc1b4a8739
recovery_root/seed5/recovery_stereotypes_true_labmon2_nostereo_f2dead_lowsun.csv,060613aed2db91053f6dd1220b23591dd3c05b2877f1287e6b13c7de8108267c
recovery_root/seed6/ADAPT_OK_stereotypes_false_lab3_f1bdead.json,66c252fc287f1b6927d6701a29d1ddf9a91dca884289bd839a512917f7075533
recovery_root/seed6/ADAPT_OK_stereotypes_false_lab3_f1binv.json,8f3ec542ea77759b378f5468c02b0ca463522834527897a816578f80514b8a0c
recovery_root/seed6/ADAPT_OK_stereotypes_false_lab3_f1dead.json,6eddaa4d3e8777614649a70ca3711106c788919f35274ba0263a91abc48ee98f
recovery_root/seed6/ADAPT_OK_stereotypes_false_lab3_f1dead_z2.json,1fb1084276b45c433dd65c35e19f4bc55d00324e0e1946b935523d1a4965141b
recovery_root/seed6/ADAPT_OK_stereotypes_false_lab3_f1inv.json,25405eecec3145b309fec86f8f72aeb82a3153c930e19161eb7852790a27d498
recovery_root/seed6/ADAPT_OK_stereotypes_false_lab3_f1inv_z2.json,0a0db0ddd0a0543e4d2059209e303e4c94ab90cc9d5c970aa9813a155c33b47c
recovery_root/seed6/ADAPT_OK_stereotypes_false_lab3_f2bdead.json,c557924ab1c85c926ea4a28313f4fb0f88a334ceb0cbf9636951aeb06f8cdef4
recovery_root/seed6/ADAPT_OK_stereotypes_false_lab3_f2dead.json,4af7cc5df0f030b06a7792f3bf46184472d7e74bcd12b1c46498bfd95c4dceb7
recovery_root/seed6/ADAPT_OK_stereotypes_false_lab3_f2dead_lowsun.json,eb9c9dd92e856615a39d379b2cff7ec592f32b5d9a0468c8db6276671a25b0d3
recovery_root/seed6/ADAPT_OK_stereotypes_false_lab3_f2inv.json,830408e8c24e355109f113f203ae69c62e4e6194bd69a00522934f87409abd0e
recovery_root/seed6/ADAPT_OK_stereotypes_false_labmon2_nostereo_f2dead_lowsun.json,1f97cfbed010aaf08c89703b90da0fc62f2fe01adba9b651149027918f091e95
recovery_root/seed6/ADAPT_OK_stereotypes_true_lab3_f1bdead.json,64b97f82e1cee95621b5c09f668c728a09ea7d3cc2f1699eca7d848685c14e83
recovery_root/seed6/ADAPT_OK_stereotypes_true_lab3_f1binv.json,60c2d36b9dc1b129411449734f545b4b0580efe24f5ae9b4926ccccd6f62d5b5
recovery_root/seed6/ADAPT_OK_stereotypes_true_lab3_f1dead.json,15b39f00d80e317e611fc32ea041ca43b56d46b3257bff05a7cca81ddf8da0b8
recovery_root/seed6/ADAPT_OK_stereotypes_true_lab3_f1dead_z2.json,df9869e4e39adce7c44fadd845703cd9930f63dbd41d05aaed8e5b510eed64e0
recovery_root/seed6/ADAPT_OK_stereotypes_true_lab3_f1inv.json,e7f3634ea9670acbccba6c71aec39c322b7f60accade168c82f6e4fe33ad143e
recovery_root/seed6/ADAPT_OK_stereotypes_true_lab3_f1inv_z2.json,3c0f2bbeed54eb0150debf282872bfb8c282ecc0c5d45cd8cc91b522cff54767
recovery_root/seed6/ADAPT_OK_stereotypes_true_lab3_f2bdead.json,c4ed6ba98ead00a1ca1db08b6f621ff785885cdbd195ee1edd1201edcff16b6f
recovery_root/seed6/ADAPT_OK_stereotypes_true_lab3_f2dead.json,43157d4aa41244908c03636945b54757ab0054cd5912ee53d7df62fdcb573c71
recovery_root/seed6/ADAPT_OK_stereotypes_true_lab3_f2dead_lowsun.json,e79fcbed6f1aaed988969754179ca8b7144cd3f67666d7b85b167ce3b7a6d413
recovery_root/seed6/ADAPT_OK_stereotypes_true_lab3_f2inv.json,cc79b16563cd181726157d7d502a67ba4da519974b50533149c8469d6d8b7728
recovery_root/seed6/ADAPT_OK_stereotypes_true_labmon2_nostereo_f2dead_lowsun.json,c2666ee9db03fe52a00e364a90fe7682dcd1c7984d19fe3a5caa3885332a4b78
recovery_root/seed6/metrics_adapted_stereotypes_false_lab3_f1bdead.csv,6ce6c9811e1d7ee8a47a78792a1b6cc9fc4385dcac8463c140c2514709c2c352
recovery_root/seed6/metrics_adapted_stereotypes_false_lab3_f1binv.csv,d34aeab7b05b1c693d0f24f9e4706c824e4de09520ff264462196a2c238c5bdb
recovery_root/seed6/metrics_adapted_stereotypes_false_lab3_f1dead.csv,bd68e2a4fc2db99c66d20155f7466ebface9a91e9b97ee0e0e0102fccd881727
recovery_root/seed6/metrics_adapted_stereotypes_false_lab3_f1dead_z2.csv,db8fec2ae9bf0d313a30a34c87f2b9c3912b37aec240f151fe37f9c682a2a037
recovery_root/seed6/metrics_adapted_stereotypes_false_lab3_f1inv.csv,d353e4e029135467821091a4c39af059b08cbb8ef40c026c7c4f84f36927288f
recovery_root/seed6/metrics_adapted_stereotypes_false_lab3_f1inv_z2.csv,49cb45f062392eb1596d5136f7e543113ee957517ec445b912ede49343aabe68
recovery_root/seed6/metrics_adapted_stereotypes_false_lab3_f2bdead.csv,6b3ee395fe6586b7c1fb8c1dbca82e388af79e5a853fe94713b5cd54a2104847
recovery_root/seed6/metrics_adapted_stereotypes_false_lab3_f2dead.csv,dbe8f9bb2cff9b142a6af1e608a3514414a832bb038bcde936cb4041d3f11d80
recovery_root/seed6/metrics_adapted_stereotypes_false_lab3_f2dead_lowsun.csv,dbe8f9bb2cff9b142a6af1e608a3514414a832bb038bcde936cb4041d3f11d80
recovery_root/seed6/metrics_adapted_stereotypes_false_lab3_f2inv.csv,fdfb0521b086f3389a0509d0fa3b94b49d658dcdf4536d6a1fa03bc21a077c95
recovery_root/seed6/metrics_adapted_stereotypes_false_labmon2_nostereo_f2dead_lowsun.csv,27ce525abbb882fb7c03f6c8ff02108736c8dcb3730181668ff6d018f207493b
recovery_root/seed6/metrics_adapted_stereotypes_true_lab3_f1bdead.csv,17a769e05a0af32970b67597bbb676d9b250d5053bfa35c6f02ff717e4aa96ce
recovery_root/seed6/metrics_adapted_stereotypes_true_lab3_f1binv.csv,4ac3e1470c61ea3ef1eadeebdeb4b3513ecd74014eb5c925f8dfcef0e325ac8b
recovery_root/seed6/metrics_adapted_stereotypes_true_lab3_f1dead.csv,7f6e2cb4ef906bf93a1d95bc215ae045bd630cb01b9d6fe9f1dff4f3e72af22e
recovery_root/seed6/metrics_adapted_stereotypes_true_lab3_f1dead_z2.csv,27762bb2e49ce6c9bbbd210eacda6ac94e46cfc85a5ff6215bc0036610613e73
recovery_root/seed6/metrics_adapted_stereotypes_true_lab3_f1inv.csv,deedee3f1d2a6e4be1d58da36d310b4248ac7d5d4a05cbdde17b3d2b6b166131
recovery_root/seed6/metrics_adapted_stereotypes_true_lab3_f1inv_z2.csv,83b62f8e2c3276b47872bad041ea60dc771c318b59dcb17d36fef15d58ba932d
recovery_root/seed6/metrics_adapted_stereotypes_true_lab3_f2bdead.csv,cad50c27b5f79e656e306894c2d2f217b96f6a03ee49d3c86d1953c34ca88be5
recovery_root/seed6/metrics_adapted_stereotypes_true_lab3_f2dead.csv,7f5ab3d9006445aea1c80fba9d7ac5516e9ddbfbf0f4aeaa90aba6fe50d2b669
recovery_root/seed6/metrics_adapted_stereotypes_true_lab3_f2dead_lowsun.csv,7f5ab3d9006445aea1c80fba9d7ac5516e9ddbfbf0f4aeaa90aba6fe50d2b669
recovery_root/seed6/metrics_adapted_stereotypes_true_lab3_f2inv.csv,2e187f9264c0f091be2924b35e845b1240db2b3015d0657186a7efb5ca941761
recovery_root/seed6/metrics_adapted_stereotypes_true_labmon2_nostereo_f2dead_lowsun.csv,2fa521fba1087ed18496529b01baf57425ade4a3a29e9c1efd4684d594b5aa20
recovery_root/seed6/recovery_stereotypes_false_lab3_f1bdead.csv,675939252fb821c131a0560d7c13c51d77aa1676ed228ec818744ccbf06064f6
recovery_root/seed6/recovery_stereotypes_false_lab3_f1binv.csv,03f4c2a81f3ad82432aed462ba63c4614a8542e32da802996dbbc7ec495fbf67
recovery_root/seed6/recovery_stereotypes_false_lab3_f1dead.csv,dac579ee15a39dc68d2338034d5ebebd6cd23c908b750b2d00cbb26e6969801f
recovery_root/seed6/recovery_stereotypes_false_lab3_f1dead_z2.csv,bc6acb6c922c8d63798ceaf746d5356b2f54566f8f6971e082ffe7450a58a630
recovery_root/seed6/recovery_stereotypes_false_lab3_f1inv.csv,22c7d4e4a2050e2493db4594d128bee51306ac4ffef00e73e8df548008b75d6c
recovery_root/seed6/recovery_stereotypes_false_lab3_f1inv_z2.csv,9ba090838150f77cbcf1462daba61ea2beaaaf39f511ba982e7348be1c23f738
recovery_root/seed6/recovery_stereotypes_false_lab3_f2bdead.csv,e8c3a66efce21e9e79f7b0b1ebb6d371709b137a7afba6981a58df7629da17b6
recovery_root/seed6/recovery_stereotypes_false_lab3_f2dead.csv,36fafd91b96ba272197eaa9a9f43db9b9b740c08234a514b8b4ac8fe56608a71
recovery_root/seed6/recovery_stereotypes_false_lab3_f2dead_lowsun.csv,36fafd91b96ba272197eaa9a9f43db9b9b740c08234a514b8b4ac8fe56608a71
recovery_root/seed6/recovery_stereotypes_false_lab3_f2inv.csv,089a4673519167adcf24327cb3edae2fa88fa75c93ac640b56a3046735079471
recovery_root/seed6/recovery_stereotypes_false_labmon2_nostereo_f2dead_lowsun.csv,7a4d99551b44cbf2513a51840666c5fa782183189ceab464c52404cbea2f5f46
recovery_root/seed6/recovery_stereotypes_true_lab3_f1bdead.csv,6d4e2cebe84d45f06cb5e76f4f1086fc60eefd093124260494f6c4805735f6fc
recovery_root/seed6/recovery_stereotypes_true_lab3_f1binv.csv,963d2c297ed48d2f2fcc58fa3c86acf96db885fbf9c012b2cba7831a64635e38
recovery_root/seed6/recovery_stereotypes_true_lab3_f1dead.csv,0117c126841a935a7d7f0a7f33873fbb121f1971072f68f7d8d1a46b096af420
recovery_root/seed6/recovery_stereotypes_true_lab3_f1dead_z2.csv,1eea84f341d770424c8d539c91f2ee4abf4151c1ef42ae865c24502acb517eef
recovery_root/seed6/recovery_stereotypes_true_lab3_f1inv.csv,59f74e93e7be663363528d67a48697abc0347439b6999d890d5b6ca9d4635b4a
recovery_root/seed6/recovery_stereotypes_true_lab3_f1inv_z2.csv,f7f3aa3dc9bdbb7a05ef71be002e25dbe8af08722fcb46da100c9576bef7fc96
recovery_root/seed6/recovery_stereotypes_true_lab3_f2bdead.csv,bae38d5553b69a22e3d8242c5f8cf4456a0dba5b062d4ff2504cb88a650720cf
recovery_root/seed6/recovery_stereotypes_true_lab3_f2dead.csv,249434ae4bad56f319b64e7538930e32fe282f4a788b2c6bb129c06eddd65e8a
recovery_root/seed6/recovery_stereotypes_true_lab3_f2dead_lowsun.csv,249434ae4bad56f319b64e7538930e32fe282f4a788b2c6bb129c06eddd65e8a
recovery_root/seed6/recovery_stereotypes_true_lab3_f2inv.csv,79762ecc602784d7165e6af8483200762ea8a017fed1beab72accba513565a54
recovery_root/seed6/recovery_stereotypes_true_labmon2_nostereo_f2dead_lowsun.csv,734e0756c74a6b1a9bf6800253cbebb9ce9f59866f6c02ffc1ef1b9641f7fb2d
recovery_root/seed7/ADAPT_OK_stereotypes_false_lab3_f1bdead.json,92fb7b1caf3194f1e33753b94bd9749c4d2843a9304aeda8cfa0b03685fc7e39
recovery_root/seed7/ADAPT_OK_stereotypes_false_lab3_f1binv.json,b005b535a67d4bec05b10a28d8fbcca1be1e091e4fd1c46025995d4c65bf8c00
recovery_root/seed7/ADAPT_OK_stereotypes_false_lab3_f1dead.json,4f4bc399163c0b47917a14f15d6045da6d5a175e6bfe6dff54f53370eda1c042
recovery_root/seed7/ADAPT_OK_stereotypes_false_lab3_f1dead_z2.json,58eb83df875e1e4c59a3e4fe9ea35faf2e62b1ac777abbac1ef4faa7b1396464
recovery_root/seed7/ADAPT_OK_stereotypes_false_lab3_f1inv.json,f1f9aef5ab8e555c0683f8169b40d6789ed1d110dcc26d47369105734fe2275b
recovery_root/seed7/ADAPT_OK_stereotypes_false_lab3_f1inv_z2.json,9932ee0ca552e6b32c34bb5f3b10135b53381e5674365f7b1a66e4d547983910
recovery_root/seed7/ADAPT_OK_stereotypes_false_lab3_f2bdead.json,d4555efb82c1cf51dea281c30ede8cbe53c4d542db57a62f3474b98cd36cd096
recovery_root/seed7/ADAPT_OK_stereotypes_false_lab3_f2dead.json,eb5dc60442f9014c716aab24bb06bde9b5240fc363381c0e3fa93edfc75db5eb
recovery_root/seed7/ADAPT_OK_stereotypes_false_lab3_f2dead_lowsun.json,59baf24fc4d65549b2c0831ffb16c27d6034421c211c139fd4c15841d1cc662a
recovery_root/seed7/ADAPT_OK_stereotypes_false_lab3_f2inv.json,ab3eace0f0fd669f4b6b1feac28643d290e843b7845d495ec395c6a39184e41b
recovery_root/seed7/ADAPT_OK_stereotypes_false_labmon2_nostereo_f2dead_lowsun.json,a608341b8e896ba78c1e109cf7cad76f0bd86a65ef3cd0a94aaed65811447731
recovery_root/seed7/ADAPT_OK_stereotypes_true_lab3_f1bdead.json,364e8db58951fc899d709989b59884a765e01de7a13bb450de5e96927d9e1d70
recovery_root/seed7/ADAPT_OK_stereotypes_true_lab3_f1binv.json,ebc05a5418b36dba40d5a1e600e0729b318904debf675761b19d3add29ca0ebe
recovery_root/seed7/ADAPT_OK_stereotypes_true_lab3_f1dead.json,4f0aebb60161b6fc9251cd9e2f49a3bbca3bf886f1114e73331f522541fe76c1
recovery_root/seed7/ADAPT_OK_stereotypes_true_lab3_f1dead_z2.json,5a3ed88b3044e7858327b5e7a3e2d26859b402e13a2b78532ac097cbbfe5a8ea
recovery_root/seed7/ADAPT_OK_stereotypes_true_lab3_f1inv.json,51ee2b7b7d6c5304912fc097b3a888c48cf8356e67642d133e96563d7a3fa87d
recovery_root/seed7/ADAPT_OK_stereotypes_true_lab3_f1inv_z2.json,2279102a6a080c3882bf35fcd81606fa0b2a96564b1eaeca04074e69343a4723
recovery_root/seed7/ADAPT_OK_stereotypes_true_lab3_f2bdead.json,db59c5a8345be84d2c664c2942eada5b318c2346ec6b426ad59f73fcc388aeb5
recovery_root/seed7/ADAPT_OK_stereotypes_true_lab3_f2dead.json,8142c0bc3423a838b3f5c14c1650e188adff1222f23d086888b10d31eb0d14a7
recovery_root/seed7/ADAPT_OK_stereotypes_true_lab3_f2dead_lowsun.json,f0dad873c3a7bfa82698708d2f28206b6650066c6726d1bf1d1ec91da6ebdeb0
recovery_root/seed7/ADAPT_OK_stereotypes_true_lab3_f2inv.json,ed7d976c6f5a6d0941cdb8f24b2090b2e3b02590ddc4073a7643f763c2bd9aa7
recovery_root/seed7/ADAPT_OK_stereotypes_true_labmon2_nostereo_f2dead_lowsun.json,7cb00b9dd7f055d8c1e48e59ea9860acd1447ae67c23f631277a0ac8278a0e89
recovery_root/seed7/metrics_adapted_stereotypes_false_lab3_f1bdead.csv,d4d1aff7bd34f1518aca35027cbae8b503b4043bbae7e47fee3f49a03ab25605
recovery_root/seed7/metrics_adapted_stereotypes_false_lab3_f1binv.csv,86258cdde6c34209026912cfe8d5b471514d675bf447b963ec5295a9c54a0d62
recovery_root/seed7/metrics_adapted_stereotypes_false_lab3_f1dead.csv,9f9e42cfe25b43ff8f968741090a6bdad41daf3f3297df65434e77ce4b304e5e
recovery_root/seed7/metrics_adapted_stereotypes_false_lab3_f1dead_z2.csv,8bc3d4f2f44ed5df1a75830b47bdb8797b1b309eed2cebd367df8f4e61fe426d
recovery_root/seed7/metrics_adapted_stereotypes_false_lab3_f1inv.csv,d06363b953e34259aa380e303cc0e2cec77da8d96ccef6843f30fa16181f5b2d
recovery_root/seed7/metrics_adapted_stereotypes_false_lab3_f1inv_z2.csv,c2d42c8bed6cb99d9ef5d38fff32f7b41f7d22043258005a5a620902dbee42ae
recovery_root/seed7/metrics_adapted_stereotypes_false_lab3_f2bdead.csv,9536e525793e9dd24956b2f1d1cc14df7efe665153dd6ca0dda83430d2b71ab3
recovery_root/seed7/metrics_adapted_stereotypes_false_lab3_f2dead.csv,8275a789b8c74061f15c1c82824145ba3dfbe46709fecdcc8bcfaf48c27dfe55
recovery_root/seed7/metrics_adapted_stereotypes_false_lab3_f2dead_lowsun.csv,8275a789b8c74061f15c1c82824145ba3dfbe46709fecdcc8bcfaf48c27dfe55
recovery_root/seed7/metrics_adapted_stereotypes_false_lab3_f2inv.csv,bb6e938f12c13073d7553a27be2ccc09669938554eb00624be688b643dffaed0
recovery_root/seed7/metrics_adapted_stereotypes_false_labmon2_nostereo_f2dead_lowsun.csv,57aa3059dc34b9e0b99a57adf236509fa49e8887a2b65aef1726f48605c393f6
recovery_root/seed7/metrics_adapted_stereotypes_true_lab3_f1bdead.csv,e7dab0ba91a2184e4d9597f3dd17ac78b72c9c0e125dc46a7b9e52d308e1cbd7
recovery_root/seed7/metrics_adapted_stereotypes_true_lab3_f1binv.csv,b452340b312c144b18db0c9a32c44181fcc7a0b9f75cbea2aef0d0496f94bac5
recovery_root/seed7/metrics_adapted_stereotypes_true_lab3_f1dead.csv,39ba2c995799b49f6d04a2a61e681d5bd0ef882dece88875db8663f6ed430807
recovery_root/seed7/metrics_adapted_stereotypes_true_lab3_f1dead_z2.csv,141933e3a3da34524b09e210bf2e5f90eefa55f6e7b0389e42b87753e22656d5
recovery_root/seed7/metrics_adapted_stereotypes_true_lab3_f1inv.csv,ae12e72479e3cf58ff03bec0ea99fe66539db91d22ed02e3f3925405360817cd
recovery_root/seed7/metrics_adapted_stereotypes_true_lab3_f1inv_z2.csv,55a24f51925062fd8c3481d0f39e30a311b97c734cd6ceed044dc937d753dc1c
recovery_root/seed7/metrics_adapted_stereotypes_true_lab3_f2bdead.csv,f201bf9d035052214197500515ecfc0700f6e644c2e9c7ed224818e9c7fb02a9
recovery_root/seed7/metrics_adapted_stereotypes_true_lab3_f2dead.csv,7f5ab3d9006445aea1c80fba9d7ac5516e9ddbfbf0f4aeaa90aba6fe50d2b669
recovery_root/seed7/metrics_adapted_stereotypes_true_lab3_f2dead_lowsun.csv,7f5ab3d9006445aea1c80fba9d7ac5516e9ddbfbf0f4aeaa90aba6fe50d2b669
recovery_root/seed7/metrics_adapted_stereotypes_true_lab3_f2inv.csv,55dc946dde7d6359ce92caccb23d904a6af93a8ef69cd6627a4fbbee3aee1b69
recovery_root/seed7/metrics_adapted_stereotypes_true_labmon2_nostereo_f2dead_lowsun.csv,875d943ad54d818c202565f2c7b34a4f40d8e7f9a529c00efdadfd638c9d6ef0
recovery_root/seed7/recovery_stereotypes_false_lab3_f1bdead.csv,452446587ed64e2aa63871f23ce089b3bc3018f0c70b78ee50509dd7d379d7cc
recovery_root/seed7/recovery_stereotypes_false_lab3_f1binv.csv,525580c96f3fbae47f24081a0ad7bed36120e5bacd00ae21331cf5d5a2be8eaa
recovery_root/seed7/recovery_stereotypes_false_lab3_f1dead.csv,1eea84f341d770424c8d539c91f2ee4abf4151c1ef42ae865c24502acb517eef
recovery_root/seed7/recovery_stereotypes_false_lab3_f1dead_z2.csv,78dd1a668d777eda528fb715c98ab9f8f2b4bea460de5a9f1b90c9614c3dd1ad
recovery_root/seed7/recovery_stereotypes_false_lab3_f1inv.csv,6f951b21fa8a7fa2b377cf7405eb5a6ba8f5b07ceb00fec36a44e35533c3e5a5
recovery_root/seed7/recovery_stereotypes_false_lab3_f1inv_z2.csv,cb012bd8ce9ce11592f381626dc35c8c5f417927d68ec20d332a1c2fd4bc203c
recovery_root/seed7/recovery_stereotypes_false_lab3_f2bdead.csv,09fc9a08e94af2d34fe9372a788b03c8797c93c11572f025bad428a6cdba5cff
recovery_root/seed7/recovery_stereotypes_false_lab3_f2dead.csv,e889c86045a20da73d221a0a64214ffb9805048a297c6efa93f1ebd299d1868f
recovery_root/seed7/recovery_stereotypes_false_lab3_f2dead_lowsun.csv,e889c86045a20da73d221a0a64214ffb9805048a297c6efa93f1ebd299d1868f
recovery_root/seed7/recovery_stereotypes_false_lab3_f2inv.csv,3dbe8121cb70c47ae56fb80d7cdd4b619d2b7c6e0b2a9e1e4a19662c210c23cc
recovery_root/seed7/recovery_stereotypes_false_labmon2_nostereo_f2dead_lowsun.csv,22d1c873fc5e5555883a594dbc588562e2cd6b9000020b343ed8a68b20497869
recovery_root/seed7/recovery_stereotypes_true_lab3_f1bdead.csv,35503cd88d6c5ce050835f5eef8e12b34e9ae94c56876f69d54b826dec03bf2d
recovery_root/seed7/recovery_stereotypes_true_lab3_f1binv.csv,33d10f10369329d54372840d5ec64a35dae5dcaaec16e9c685b4183360efe670
recovery_root/seed7/recovery_stereotypes_true_lab3_f1dead.csv,dac579ee15a39dc68d2338034d5ebebd6cd23c908b750b2d00cbb26e6969801f
recovery_root/seed7/recovery_stereotypes_true_lab3_f1dead_z2.csv,0117c126841a935a7d7f0a7f33873fbb121f1971072f68f7d8d1a46b096af420
recovery_root/seed7/recovery_stereotypes_true_lab3_f1inv.csv,180653d4fde504a87fecc260446898b87f1cf6127d11d391bcba1dc4d0de63f2
recovery_root/seed7/recovery_stereotypes_true_lab3_f1inv_z2.csv,a3cd7caac6eadecca1bd78cadcaf52fb000e84446aee62e825bab63f7405661c
recovery_root/seed7/recovery_stereotypes_true_lab3_f2bdead.csv,09270aad5a720a7755d7f31c70844b5921f5f62202b7e96348f02c0b5a67ae18
recovery_root/seed7/recovery_stereotypes_true_lab3_f2dead.csv,249434ae4bad56f319b64e7538930e32fe282f4a788b2c6bb129c06eddd65e8a
recovery_root/seed7/recovery_stereotypes_true_lab3_f2dead_lowsun.csv,249434ae4bad56f319b64e7538930e32fe282f4a788b2c6bb129c06eddd65e8a
recovery_root/seed7/recovery_stereotypes_true_lab3_f2inv.csv,79762ecc602784d7165e6af8483200762ea8a017fed1beab72accba513565a54
recovery_root/seed7/recovery_stereotypes_true_labmon2_nostereo_f2dead_lowsun.csv,818ccdf9877d69c0fec567da16fc2d5ef26c06f62d1c3bbae36628f1f9d9a1ee
recovery_root/seed8/ADAPT_OK_stereotypes_false_lab3_f1bdead.json,dad44bc2a71efdf1d0df14034f00cf3ee9c7a4c9cec0b1db039d97fc811eae86
recovery_root/seed8/ADAPT_OK_stereotypes_false_lab3_f1binv.json,8ae420d8cd5a4cb3e061f6202824d3dd8cf55f0186eaef5df05f6ea88931065e
recovery_root/seed8/ADAPT_OK_stereotypes_false_lab3_f1dead.json,26f49aaed184d7f7b45502226314f997786d69a0bcac6503e6f7712442e5621f
recovery_root/seed8/ADAPT_OK_stereotypes_false_lab3_f1dead_z2.json,47a25b6b8b0be99fa455580be4b1c8f5c06e3818cabc8b2fa6229929a185639c
recovery_root/seed8/ADAPT_OK_stereotypes_false_lab3_f1inv.json,786392c83aa340be21e4bd97d78939c6434c4a1e7a6ea5880157090dcf1b361f
recovery_root/seed8/ADAPT_OK_stereotypes_false_lab3_f1inv_z2.json,55c09e29dad007bbd99b928dd4f77446057e41fd3a43e3d70cd2dccef8bfdc58
recovery_root/seed8/ADAPT_OK_stereotypes_false_lab3_f2bdead.json,889de76e7a87d9e1f34f8b2fcf2eae043243dab7785b05f4f2d9b3d96a3800a8
recovery_root/seed8/ADAPT_OK_stereotypes_false_lab3_f2dead.json,37f2e83f9ee0368da25b98df9c074e03d1c3ccbb688bef19324830dcbbe9954c
recovery_root/seed8/ADAPT_OK_stereotypes_false_lab3_f2dead_lowsun.json,03186a5f21bb36204d5b7de345395df28515cddb5bfc2b9b50db2c5ab0f84c18
recovery_root/seed8/ADAPT_OK_stereotypes_false_lab3_f2inv.json,aa0db5a245f68c78185f03842acb950a6e53f8674c8fff5e47817798b90e990d
recovery_root/seed8/ADAPT_OK_stereotypes_false_labmon2_nostereo_f2dead_lowsun.json,4ab58fc2d98060cf651907c68f91f35aa07cb78c63346ccc9f43de5d47fa0308
recovery_root/seed8/ADAPT_OK_stereotypes_true_lab3_f1bdead.json,7dfc79b9ecafa31cbaed420774176bff305d729918d6755fcd497560eb729de8
recovery_root/seed8/ADAPT_OK_stereotypes_true_lab3_f1binv.json,685452e06dbd806db1577e9b0b684cbd529be8deaa7fdf51ede538b8e4fec133
recovery_root/seed8/ADAPT_OK_stereotypes_true_lab3_f1dead.json,b56c1b5cd5d231b858abf2c00e56ddda0efe6703e2bc25e95769536b60300f89
recovery_root/seed8/ADAPT_OK_stereotypes_true_lab3_f1dead_z2.json,e06ff5dd7bd0909c1ad38995f9db2f015d98f6315d7aa666d4f08e46cae9ed32
recovery_root/seed8/ADAPT_OK_stereotypes_true_lab3_f1inv.json,6dbca2049cb4b2fa99021184ab42639599f9211fd7992a33a45dcc3de7dc3a07
recovery_root/seed8/ADAPT_OK_stereotypes_true_lab3_f1inv_z2.json,6caf3f2b20bc1d965ab7d2dfb898606ab422d67731e8ac0f4c83cf28c1cf4d98
recovery_root/seed8/ADAPT_OK_stereotypes_true_lab3_f2bdead.json,c569e7ae40e13366c1e4def29d9735fd7ad7891f5a8dd220f261fd012e320e11
recovery_root/seed8/ADAPT_OK_stereotypes_true_lab3_f2dead.json,9a609eb796375c93c5bee8f2ad581db8ead53f9567255368ad12d3976e0a1979
recovery_root/seed8/ADAPT_OK_stereotypes_true_lab3_f2dead_lowsun.json,1bf624d8e2fcb785d80a7bb63d1a70c63258f463f0f8680d8450779489da92ca
recovery_root/seed8/ADAPT_OK_stereotypes_true_lab3_f2inv.json,0d4f787f38d353d9d3b5e6dc1b6376ae5829f5bf86921d33a4bf6d5f2811b32f
recovery_root/seed8/ADAPT_OK_stereotypes_true_labmon2_nostereo_f2dead_lowsun.json,b85e47b8d5f364fa39abc1515831692130667c802297a3ce8a709696e12eec7e
recovery_root/seed8/metrics_adapted_stereotypes_false_lab3_f1bdead.csv,ee4bab041ace2952d458deb634dfea0e8c3dd88d29a45d502d67f4e3bcf475ec
recovery_root/seed8/metrics_adapted_stereotypes_false_lab3_f1binv.csv,b70259f6c33075d02aea77772879ed127c85a6d4ac6da113b76e6f57baac479f
recovery_root/seed8/metrics_adapted_stereotypes_false_lab3_f1dead.csv,6ccc106f48bc1af316971e629b94ad974b5b52b2e2dc170a771b1cc83cf37370
recovery_root/seed8/metrics_adapted_stereotypes_false_lab3_f1dead_z2.csv,8e76c17e81fd73a988c69cbe243323c210b86073d287af7b6f902f732299db04
recovery_root/seed8/metrics_adapted_stereotypes_false_lab3_f1inv.csv,a6402073a2e0b7964badde4769a07d3ddd76ec034c3ccb54d6f07f7820c1d9ab
recovery_root/seed8/metrics_adapted_stereotypes_false_lab3_f1inv_z2.csv,46877a50b6a1a3ae8210785b389bb21e112f6c91bf3e628a3298bcf2aed8d488
recovery_root/seed8/metrics_adapted_stereotypes_false_lab3_f2bdead.csv,ba6ddbd5ac7a370a41251898800b8cf1d0a906d0318950ae128fc50360edea2a
recovery_root/seed8/metrics_adapted_stereotypes_false_lab3_f2dead.csv,1ebea88c7e94099940385efc3471305ea8bc50bda576383584df5112886deb1d
recovery_root/seed8/metrics_adapted_stereotypes_false_lab3_f2dead_lowsun.csv,1ebea88c7e94099940385efc3471305ea8bc50bda576383584df5112886deb1d
recovery_root/seed8/metrics_adapted_stereotypes_false_lab3_f2inv.csv,c94de9d0ea9963ba7bef06631eb0e64ed512cd496c77eb904be3880880b10705
recovery_root/seed8/metrics_adapted_stereotypes_false_labmon2_nostereo_f2dead_lowsun.csv,65705903733941921aa90cd5c33b65c8c26c4febbae19f1ee084011f675580d5
recovery_root/seed8/metrics_adapted_stereotypes_true_lab3_f1bdead.csv,abd10af00c011c09a946757a2b76e5cc0f38fdcca21133b05c034ee189fae0b6
recovery_root/seed8/metrics_adapted_stereotypes_true_lab3_f1binv.csv,918b1c965f20c842d61c5064635424c4c031d2f5dd473cd4f7f1a80e7e423339
recovery_root/seed8/metrics_adapted_stereotypes_true_lab3_f1dead.csv,32773117e5232ac5854949ab1baebcedc73cd004d8b3488bb72e088d911bb595
recovery_root/seed8/metrics_adapted_stereotypes_true_lab3_f1dead_z2.csv,999d3e0fcef85aa4892480c275c5e1c2083960f068129b3972bcbc41072b6371
recovery_root/seed8/metrics_adapted_stereotypes_true_lab3_f1inv.csv,55781e01f649d5128c36053a62cb3f72349219a1c6f9008d1be944d7353e0682
recovery_root/seed8/metrics_adapted_stereotypes_true_lab3_f1inv_z2.csv,f1685e9eecbffbfed19b37e2958df3aa82b96f08e55c198b62c3b0cf7e24d173
recovery_root/seed8/metrics_adapted_stereotypes_true_lab3_f2bdead.csv,a1015b5520790fd40c054b4bb20c1726395ad5c8061fb0761b139081ffab026d
recovery_root/seed8/metrics_adapted_stereotypes_true_lab3_f2dead.csv,7f5ab3d9006445aea1c80fba9d7ac5516e9ddbfbf0f4aeaa90aba6fe50d2b669
recovery_root/seed8/metrics_adapted_stereotypes_true_lab3_f2dead_lowsun.csv,7f5ab3d9006445aea1c80fba9d7ac5516e9ddbfbf0f4aeaa90aba6fe50d2b669
recovery_root/seed8/metrics_adapted_stereotypes_true_lab3_f2inv.csv,e85c18ba871e0fc2c85b514a4b5773d8e36a96d876f665ec35783a272a5ccaea
recovery_root/seed8/metrics_adapted_stereotypes_true_labmon2_nostereo_f2dead_lowsun.csv,2c1eb4e58f66f8e5afa515a6db4649cab56fdc355095dae213bb4c822088a99b
recovery_root/seed8/recovery_stereotypes_false_lab3_f1bdead.csv,e14ca4d3f4af50d5591fa98dfb1341f3b56a72e34f16008c1a776fc101f96a27
recovery_root/seed8/recovery_stereotypes_false_lab3_f1binv.csv,f6a5f9f43e17a4cea5393758b068b5e4d65584f77f47262b0ca6b5b3bd338730
recovery_root/seed8/recovery_stereotypes_false_lab3_f1dead.csv,fc1b2c6a87b1f9f31530ab4ad52b2978c06643e337b9aae16f69395d0c4d5333
recovery_root/seed8/recovery_stereotypes_false_lab3_f1dead_z2.csv,de6353b80f3ac520a5c3e35bb39578803a25e8184d54c6bf0602e93dcb111113
recovery_root/seed8/recovery_stereotypes_false_lab3_f1inv.csv,0abe3ce255630907974ebd47793fe8dbec1f925d8222f8210d430950f9dcf6a5
recovery_root/seed8/recovery_stereotypes_false_lab3_f1inv_z2.csv,612a735ba86f0b08f8cfd92aec89477a2905efa8a386be99f860cca202bc6b09
recovery_root/seed8/recovery_stereotypes_false_lab3_f2bdead.csv,0c9a46093c4758611890c229e774a86b5184ba86a16ae7807be03e3d8429d163
recovery_root/seed8/recovery_stereotypes_false_lab3_f2dead.csv,c5094d425b3c0f46feee71bed51d027b3ef446b7cf029d76288f8bf526db3596
recovery_root/seed8/recovery_stereotypes_false_lab3_f2dead_lowsun.csv,c5094d425b3c0f46feee71bed51d027b3ef446b7cf029d76288f8bf526db3596
recovery_root/seed8/recovery_stereotypes_false_lab3_f2inv.csv,5effd1a25c7eb96c6e0eb5d2608164a58f650859f3954397b4d63811a2875523
recovery_root/seed8/recovery_stereotypes_false_labmon2_nostereo_f2dead_lowsun.csv,81e41f649250a0133e92df7142dc07a1572ddf39637b929d0491df6bfcfd3ded
recovery_root/seed8/recovery_stereotypes_true_lab3_f1bdead.csv,af5e495adf2b33d562c765baa02735201c9833cd9b4c6735025c3339e9253243
recovery_root/seed8/recovery_stereotypes_true_lab3_f1binv.csv,416f6fc0fd9590d54b814c2a3bf129cc6c8ec42b4067c8f7af5506e86ae19551
recovery_root/seed8/recovery_stereotypes_true_lab3_f1dead.csv,1eea84f341d770424c8d539c91f2ee4abf4151c1ef42ae865c24502acb517eef
recovery_root/seed8/recovery_stereotypes_true_lab3_f1dead_z2.csv,1eea84f341d770424c8d539c91f2ee4abf4151c1ef42ae865c24502acb517eef
recovery_root/seed8/recovery_stereotypes_true_lab3_f1inv.csv,6b382e2ec66b88d656f3c48a7ce29f546c9c7c402dd11104f34f3550fd7bb8bf
recovery_root/seed8/recovery_stereotypes_true_lab3_f1inv_z2.csv,c2eb3768fd34e70021691c1d9b97754bfdc34a58a808bb556bdc072c0b1aa124
recovery_root/seed8/recovery_stereotypes_true_lab3_f2bdead.csv,0d4c6e01c47d056cf243a0e5f601a8b978a3a88bd5844a049a7926059d77f24e
recovery_root/seed8/recovery_stereotypes_true_lab3_f2dead.csv,249434ae4bad56f319b64e7538930e32fe282f4a788b2c6bb129c06eddd65e8a
recovery_root/seed8/recovery_stereotypes_true_lab3_f2dead_lowsun.csv,249434ae4bad56f319b64e7538930e32fe282f4a788b2c6bb129c06eddd65e8a
recovery_root/seed8/recovery_stereotypes_true_lab3_f2inv.csv,233abfd4f11213656ad9b1df12dd75f9f999f71c56a1990e3b221cbc1b4a8739
recovery_root/seed8/recovery_stereotypes_true_labmon2_nostereo_f2dead_lowsun.csv,0de30bad9aa20ed13d5b302af17327cbb79b9dbdb047f22e58f6d92c08e75ec0
recovery_root/seed9/ADAPT_OK_stereotypes_false_lab3_f1bdead.json,9a87350cddbaa18d94cf793c0015915f7d1d52f86acf7fc5ac5c469f665e450f
recovery_root/seed9/ADAPT_OK_stereotypes_false_lab3_f1binv.json,e287b160563635b91712d7746ad27a2dd0030c1dd2ccfacc56c24332fb1f328d
recovery_root/seed9/ADAPT_OK_stereotypes_false_lab3_f1dead.json,00fb973a87093f83f92454c74dc73a186111b12df8b48d2d1c9530e445c2a952
recovery_root/seed9/ADAPT_OK_stereotypes_false_lab3_f1dead_z2.json,4c8ae84f59f6962a74867230999989786b6765986915e630ee2abfcfa9a4a9a5
recovery_root/seed9/ADAPT_OK_stereotypes_false_lab3_f1inv.json,5f7aca2db165f1bdd31ff00d4a66fa58d4bbc2aedfed069d83de32cb7cdd1b28
recovery_root/seed9/ADAPT_OK_stereotypes_false_lab3_f1inv_z2.json,8ad44a896d0ea2d7aa14411bc517cad7ae40546992f673a298a2236d5e2f7c33
recovery_root/seed9/ADAPT_OK_stereotypes_false_lab3_f2bdead.json,08dd6eec0d3c5d20787b3e86d48b8b0b09ce219315be50a8180a03ac3159a178
recovery_root/seed9/ADAPT_OK_stereotypes_false_lab3_f2dead.json,fc262f8f55463fb3877346c5292700b15fb02f2ae39805624f9e159dee85859c
recovery_root/seed9/ADAPT_OK_stereotypes_false_lab3_f2dead_lowsun.json,9ed692f95c11dafa084acfa97faab624f0e37c5eb6fd5917210ece7e82af735a
recovery_root/seed9/ADAPT_OK_stereotypes_false_lab3_f2inv.json,425f98d4d2ad7f7edaf8758b3a0564c8d1b16c0491b19d54c3d538634bf7cef4
recovery_root/seed9/ADAPT_OK_stereotypes_false_labmon2_nostereo_f2dead_lowsun.json,c55c28a271ca5b65d3940ab6fd768f7061fd286b09f7b3712729e326ec19142e
recovery_root/seed9/ADAPT_OK_stereotypes_true_lab3_f1bdead.json,b09c5d6b614633d2b02e44c56030871e455038584c54fb884b54ac0c2dc44b56
recovery_root/seed9/ADAPT_OK_stereotypes_true_lab3_f1binv.json,5ba1a8e42b38a5daea2a91264973e3f1b901f5a6cd74160cf1018cca1d3261de
recovery_root/seed9/ADAPT_OK_stereotypes_true_lab3_f1dead.json,c8e2f987ae6623cbdab8685223c08aef8c4e6bb75ecb80c6e6156419b2ba04c0
recovery_root/seed9/ADAPT_OK_stereotypes_true_lab3_f1dead_z2.json,69e8a7060d9e99b47995c0cffd81942837d61bcee50b8fefc507097770aac770
recovery_root/seed9/ADAPT_OK_stereotypes_true_lab3_f1inv.json,60fd139e213971750763a3e47f727be9b2b1d5a7970880aac9d76338bc144c28
recovery_root/seed9/ADAPT_OK_stereotypes_true_lab3_f1inv_z2.json,546d87ba38b9ebc87b86db67a167cb56ce368dff8c4119e4ad1ffc7963327158
recovery_root/seed9/ADAPT_OK_stereotypes_true_lab3_f2bdead.json,28c17b37db68670c768f80b2f8e0f008504c761d551d0c20be1cc3bc9fd909ad
recovery_root/seed9/ADAPT_OK_stereotypes_true_lab3_f2dead.json,4d898281186766aec10be7b9acbe5d758a6449bb3910c6eb476fcad481a9502b
recovery_root/seed9/ADAPT_OK_stereotypes_true_lab3_f2dead_lowsun.json,89bd80da55a02f54760c03d09389b0314ad090de737b63020bde4264c874f3e4
recovery_root/seed9/ADAPT_OK_stereotypes_true_lab3_f2inv.json,1853a9bc9b78de99000ffa206c0e99fce8cc686eff1f2e33c95f8e9ee11d7315
recovery_root/seed9/ADAPT_OK_stereotypes_true_labmon2_nostereo_f2dead_lowsun.json,7107d7789c3536f2bc5b638907ce2b38e81a5a6949638cb35b099052eacbf6d9
recovery_root/seed9/metrics_adapted_stereotypes_false_lab3_f1bdead.csv,5028825253ca00bb9cb4340743350c4055176c17607ef140dd2c0c7d1371ff3d
recovery_root/seed9/metrics_adapted_stereotypes_false_lab3_f1binv.csv,03eed049be810980503fe3a8aed427bbba6683670241f642a28283d682e37266
recovery_root/seed9/metrics_adapted_stereotypes_false_lab3_f1dead.csv,a7e8b3ac5eed00746725d089434b7687ce5a1c0f06a8582717ed4773452a747e
recovery_root/seed9/metrics_adapted_stereotypes_false_lab3_f1dead_z2.csv,30d024bd06e22e415fc3c2d0c3a4c1f68f461f88da40f0e8390fecdf409698cb
recovery_root/seed9/metrics_adapted_stereotypes_false_lab3_f1inv.csv,489f1897b0b321495f03d584095be77bd1449b0a9b9639d1b0ec76617e2b3a39
recovery_root/seed9/metrics_adapted_stereotypes_false_lab3_f1inv_z2.csv,f0fe9ac5e76a2f29b4a32a3cd7a7fcdbedbf8bfa989a6ee36a7b4a06509d9e26
recovery_root/seed9/metrics_adapted_stereotypes_false_lab3_f2bdead.csv,cde73b5f787f9517bd80b3c5d21df94a25095aa25f652369e69e77b5eb6e7dd6
recovery_root/seed9/metrics_adapted_stereotypes_false_lab3_f2dead.csv,f19a52dab4d5e788b9f7e543baf3bdbcce63cbebb9c7fcaad15f253a69107ebb
recovery_root/seed9/metrics_adapted_stereotypes_false_lab3_f2dead_lowsun.csv,f19a52dab4d5e788b9f7e543baf3bdbcce63cbebb9c7fcaad15f253a69107ebb
recovery_root/seed9/metrics_adapted_stereotypes_false_lab3_f2inv.csv,9ccb2f9d469183586d20c29e52dc24c438f5124f836beb158623c0424c09f8b6
recovery_root/seed9/metrics_adapted_stereotypes_false_labmon2_nostereo_f2dead_lowsun.csv,9b920d36af6a3c0a34914217d39622ab7ca9709a4df7d953c426b879f45fd254
recovery_root/seed9/metrics_adapted_stereotypes_true_lab3_f1bdead.csv,95898c203385779959892bcb6143e1a7a9a8419a6d16e7a8775be424432638f1
recovery_root/seed9/metrics_adapted_stereotypes_true_lab3_f1binv.csv,e2d1ba47b16e31fabe66ad4ef3ef7b23a805d2ece51be128a4b13dbe954f67af
recovery_root/seed9/metrics_adapted_stereotypes_true_lab3_f1dead.csv,2ab0e072f4c836a353ea8831904dcc6b2497af1cb7637fd1e59acdadba798fc2
recovery_root/seed9/metrics_adapted_stereotypes_true_lab3_f1dead_z2.csv,bfba0937eec3b3f77d20eb7a665f3be7d410d9063e7b7a2b8b6fb60c70c0719b
recovery_root/seed9/metrics_adapted_stereotypes_true_lab3_f1inv.csv,db107a9088aba89626a8a13162d60ef3bd26d57fac609c0c4822d16e9f7b54c1
recovery_root/seed9/metrics_adapted_stereotypes_true_lab3_f1inv_z2.csv,2091905a5edbe3b92798e0a97096a02a2a71e80fdf0b0f8872cdafca1f0d6816
recovery_root/seed9/metrics_adapted_stereotypes_true_lab3_f2bdead.csv,fd44ee50bcca9dfc3789a99d1100e966702e1f88679a74a56a31cf804b1896a9
recovery_root/seed9/metrics_adapted_stereotypes_true_lab3_f2dead.csv,7f5ab3d9006445aea1c80fba9d7ac5516e9ddbfbf0f4aeaa90aba6fe50d2b669
recovery_root/seed9/metrics_adapted_stereotypes_true_lab3_f2dead_lowsun.csv,7f5ab3d9006445aea1c80fba9d7ac5516e9ddbfbf0f4aeaa90aba6fe50d2b669
recovery_root/seed9/metrics_adapted_stereotypes_true_lab3_f2inv.csv,980eb0c11e14c4f850075ce97c360cd73c3ab15231db4f9a41bb250201f64446
recovery_root/seed9/metrics_adapted_stereotypes_true_labmon2_nostereo_f2dead_lowsun.csv,064c2f2b45a57208a4bdd42a91c981d26e1b335f0d1f8f8ba2ea4b5dce5a0cf1
recovery_root/seed9/recovery_stereotypes_false_lab3_f1bdead.csv,b14916c03ac8335d110a9f5b2b1e8f63790922ac861f0c84946c49880ed3967b
recovery_root/seed9/recovery_stereotypes_false_lab3_f1binv.csv,257f106b67c271a6e24629369ac0819772be970563f2299f7daca35163cbc940
recovery_root/seed9/recovery_stereotypes_false_lab3_f1dead.csv,e888f57c3e3033ca9dda99668ecb06b9377018d41e16376315b3bd53cd2300ed
recovery_root/seed9/recovery_stereotypes_false_lab3_f1dead_z2.csv,b4a69b29ba896d490fcfa6c33b235e41d4009ddff60c4c1b36da2c9dfd079d4e
recovery_root/seed9/recovery_stereotypes_false_lab3_f1inv.csv,85794ed4f697c02432c2faa4d9e81ada448911a3321d97419ba8f7767c2ce030
recovery_root/seed9/recovery_stereotypes_false_lab3_f1inv_z2.csv,a5de92c4b2ebf3fb8ba4f9eb548d2847af53ee0a9b77b9a5e15b70df0e7e2ac2
recovery_root/seed9/recovery_stereotypes_false_lab3_f2bdead.csv,4c3dd290b17b416a6553f967f52421ab93b2b2abcaef1b5778f6253fecc86bfc
recovery_root/seed9/recovery_stereotypes_false_lab3_f2dead.csv,aa8665334e4a9eb46864d46c63f9f5942a7c41c873f79a2a68aa85a5027add00
recovery_root/seed9/recovery_stereotypes_false_lab3_f2dead_lowsun.csv,aa8665334e4a9eb46864d46c63f9f5942a7c41c873f79a2a68aa85a5027add00
recovery_root/seed9/recovery_stereotypes_false_lab3_f2inv.csv,da5b9771e8eb33af7530d91b1d612f524af73f82eb3549c6c0730d8339604d26
recovery_root/seed9/recovery_stereotypes_false_labmon2_nostereo_f2dead_lowsun.csv,42793842fb6232b338ffc2222816b5e6e697144f20e079e72a0931f751ff127b
recovery_root/seed9/recovery_stereotypes_true_lab3_f1bdead.csv,2567e95a3b51fef09ee7e4844c4c19ce8302d56882d25d2db26faf8016459acd
recovery_root/seed9/recovery_stereotypes_true_lab3_f1binv.csv,09e9c6c571612e72434e649ac38ff5813fcb0460bc39f9f82ad49ca7df198a51
recovery_root/seed9/recovery_stereotypes_true_lab3_f1dead.csv,1eea84f341d770424c8d539c91f2ee4abf4151c1ef42ae865c24502acb517eef
recovery_root/seed9/recovery_stereotypes_true_lab3_f1dead_z2.csv,0117c126841a935a7d7f0a7f33873fbb121f1971072f68f7d8d1a46b096af420
recovery_root/seed9/recovery_stereotypes_true_lab3_f1inv.csv,44800aa52cd9d3d024f45881513e694b4e6259e6f437da61705189afdcc6490e
recovery_root/seed9/recovery_stereotypes_true_lab3_f1inv_z2.csv,f17444aab60c003649a8cec453875c9bf6d5211ea8c0ec1f5ddc026624821ac6
recovery_root/seed9/recovery_stereotypes_true_lab3_f2bdead.csv,bf4a628bb3687d6ce21027c099c41637cb90067cb7e50323c227e2b123b32d88
recovery_root/seed9/recovery_stereotypes_true_lab3_f2dead.csv,249434ae4bad56f319b64e7538930e32fe282f4a788b2c6bb129c06eddd65e8a
recovery_root/seed9/recovery_stereotypes_true_lab3_f2dead_lowsun.csv,249434ae4bad56f319b64e7538930e32fe282f4a788b2c6bb129c06eddd65e8a
recovery_root/seed9/recovery_stereotypes_true_lab3_f2inv.csv,2117ce641b4ea67896dcb17231df46e3674c7e7325041472c51b9c8223bd7a55
recovery_root/seed9/recovery_stereotypes_true_labmon2_nostereo_f2dead_lowsun.csv,aa32b3bf1100df4fd0d8f055f96a365c6c2cdfe04a132f796903265ebb155b88
