file,sha256
analysis/out/first_goal_table.csv,f12d27d6b84fdd7ce838734cfdc2a539ccc9a89f673bf9737ad10df0e2bffc9f
analysis/out/first_goal_wilcoxon.csv,e3b0c44298fc1c149afbf4c8996fb92427ae41e4649b934ca495991b7852b855
analysis/out/learning_curve_lab4.png,6ba0dd8cef19cdc9ce4ffd9aafe447f0a9e89e9de3a6181f490d1382f0add240
analysis/out/learning_curve_lab4chain.png,3603862c2a5a94fc3ab16cd2d66c52b3046059d3ceb724240678d92cf24759b2
analysis/out/learning_curve_lab4dual.png,63627716b60fe89f8e8aeb9f586bf3eb0ccf3e290a79a6dfd36b4fc9cdbd40aa
analysis/out/learning_curve_lab5.png,2bc7ed62310a6fbd5b2f95d83c05bd5302056513501ee5e57c98734084fdae1b
analysis/out/learning_speed_table.csv,612c750459037ab9abaf1ce969582ea5123beda4d2aca0fb797d2393c77a458e
analysis/out/learning_speed_tests.csv,9c34ab958d387bae99206b133a28c67c17a1a0730c018c3f65a87c488b3f18d4
analysis/out/paired_tests.csv,7722c8162d7864263432f222657c9c6aa512231c008f18fd3dfe2ec7ddac75c1
analysis/out/paired_tests.tex,1cc751282cc1d6ebc202e51cce383a84205fc4a25868fe51153a8d693feb4e66
analysis/out/phase4_energy_ci.csv,e462050934325b7b27cf464274694eedd3f4ba43dd2e18cdbbfd1b6e9a58154e
analysis/out/phase4_energy_paired.csv,6bfb595000450a638a149d6420efc05b3b0d7f698838596a4fce8e9cfe7b17ab
analysis/out/summary_table.csv,6c31a328f944eea9bbe58ad5150dfc3050f32965ac0c6d11baab7322610a114c
analysis/out/summary_table_ci.csv,c725d4cbc59e69bf28a7a0cadbed4486564b77fec0fb9f1bd349410f12cfb100
analysis/out/summary_table_ci.tex,66921e20ac028bd49d442f5f5aa17d1b7b07a6df8cb5c308ec5cd2b04c20db8a
analysis/out/weakness_heatmap.csv,126ae80e11e88d02b6d0fdf87547294267e5a5e1e89497694e56b3115a97511e
analysis/out/weakness_heatmap.png,14f5b70a732a9ab02980c66e8498f4f0c7ac9f0a688baf60c764c7f2d2c6ba8a
analysis/out/workflow_inputs.json,14b39d2096c55db16f49465c22de320f286242ea4ede650ab2959385642bcdd5
benchmark/results_seed11/lab4/ql_false/bench_step_log_ql_false.csv,5ab81c8e7679b0bd04c92689cd06ceffc4ed304673d0c91934fe025af48cfbb7
benchmark/results_seed11/lab4/ql_false/benchmark_results_ql_false.csv,f2cce51793ee99379e121ea71fe7ab15b479d98866c9f3cc16d1c8e1b6012ed1
benchmark/results_seed11/lab4/ql_false/coverage_stereotypes_false_lab4.csv,ab6764c676ed3ea18269a6433a6f693db2a7b6936315bc961b9a0c4699775588
benchmark/results_seed11/lab4/ql_false/coverage_stereotypes_true_lab4.csv,be3d3605f822561c90592210c74780a01dd66c0d4ec202cdfc4419c9d64ca838
benchmark/results_seed11/lab4/ql_false/first_goal_stereotypes_false_lab4.csv,3bf0baf3e91d8b35d3600ee000b428d04b82056fbfebab7ef1109e6676f69d50
benchmark/results_seed11/lab4/ql_false/first_goal_stereotypes_true_lab4.csv,a09602c1dfa8c761307cb7cd7db7f8df69174b707ca7b63fc558f01f355c5989
benchmark/results_seed11/lab4/ql_false/iv_stats_stereotypes_false_lab4.json,b476544be4df56e300b7d81c751c212293055eb168d2198e826f01d504030dae
benchmark/results_seed11/lab4/ql_false/iv_stats_stereotypes_true_lab4.json,c2f32842f624b2d57b90029c15ceb4cdb4246a83f78a15ae1aae9b6d5a2777b5
benchmark/results_seed11/lab4/ql_false/learned_stereotypes_false_lab4.ttl,1cd010ac6407c8f1f9125d6682e4f071c393a9bb79f0ff47522cc11927f9c88b
benchmark/results_seed11/lab4/ql_false/learned_stereotypes_true_lab4.ttl,b26579f21f43618b87da63518c596777da29607c1e06d81b29770e1065a187ae
benchmark/results_seed11/lab4/ql_false/metrics_stereotypes_false_lab4.csv,bcb76b331b8546d84c827f7d38ccf69634465a64a2407fe865bf77f14b80185e
benchmark/results_seed11/lab4/ql_false/metrics_stereotypes_true_lab4.csv,c9b963cd953867d86de4ca6953810c10981a9036c8d5bd50621c7c55723983a3
benchmark/results_seed11/lab4/ql_false/qtable_final_stereotypes_false_lab4.csv,83c64cdc9495fb3455c8192adf1bbe81e34b1da76f7d2f1f02a8365643abba11
benchmark/results_seed11/lab4/ql_false/qtable_final_stereotypes_false_lab4_trust.csv,8b74a8b2125268f80f75eedc1abd409afe252eae534fb6d33fbc9db761089e9b
benchmark/results_seed11/lab4/ql_false/qtable_final_stereotypes_false_lab4_visits.csv,746d3873a4f85782de452d948b588965997ae4b83ead52aa1f5c121948648420
benchmark/results_seed11/lab4/ql_false/qtable_final_stereotypes_false_lab4_zone1.csv,e6b1606716b7ea596c4042964c7307eaa0bdcada903cf6fed93119daa22b516d
benchmark/results_seed11/lab4/ql_false/qtable_final_stereotypes_false_lab4_zone2.csv,65d58ad354a0df8a1171a0d0c5f92144f760f43809c105315adb8811ef1afb4a
benchmark/results_seed11/lab4/ql_false/qtable_final_stereotypes_true_lab4.csv,85aedeba10c578db0bf5a3e3d89fdb32024c2dac2a71486dfa888ae4858f916f
benchmark/results_seed11/lab4/ql_false/qtable_final_stereotypes_true_lab4_trust.csv,8b74a8b2125268f80f75eedc1abd409afe252eae534fb6d33fbc9db761089e9b
benchmark/results_seed11/lab4/ql_false/qtable_final_stereotypes_true_lab4_visits.csv,f50757602e66139a297eb5c3bee3bbc431cad22e87634b9c316a1dd798340ca4
benchmark/results_seed11/lab4/ql_false/qtable_final_stereotypes_true_lab4_zone1.csv,07cdedcc9d6a13e067400c3419a1898f48d9997e84773c169981f8c0e2fe5c44
benchmark/results_seed11/lab4/ql_false/qtable_final_stereotypes_true_lab4_zone2.csv,9693386eba937dd8743b68e20b7ba9448681ef28187055a88711a1b356a830c2
benchmark/results_seed11/lab4/ql_false/trace_bench_ql_false.jsonl,e3b0c44298fc1c149afbf4c8996fb92427ae41e4649b934ca495991b7852b855
benchmark/results_seed11/lab4/ql_true/bench_step_log_ql_true.csv,3521b681e138bcfc1d9715a4e38eac2fb58a4fb498a6d0375cc4d92b49d5453e
benchmark/results_seed11/lab4/ql_true/benchmark_results_ql_true.csv,df36baff8601025f4384d6df879548292cd182328415a2ddea7e27a8de01d6c6
benchmark/results_seed11/lab4/ql_true/coverage_stereotypes_false_lab4.csv,ab6764c676ed3ea18269a6433a6f693db2a7b6936315bc961b9a0c4699775588
benchmark/results_seed11/lab4/ql_true/coverage_stereotypes_true_lab4.csv,be3d3605f822561c90592210c74780a01dd66c0d4ec202cdfc4419c9d64ca838
benchmark/results_seed11/lab4/ql_true/first_goal_stereotypes_false_lab4.csv,3bf0baf3e91d8b35d3600ee000b428d04b82056fbfebab7ef1109e6676f69d50
benchmark/results_seed11/lab4/ql_true/first_goal_stereotypes_true_lab4.csv,a09602c1dfa8c761307cb7cd7db7f8df69174b707ca7b63fc558f01f355c5989
benchmark/results_seed11/lab4/ql_true/iv_stats_stereotypes_false_lab4.json,b476544be4df56e300b7d81c751c212293055eb168d2198e826f01d504030dae
benchmark/results_seed11/lab4/ql_true/iv_stats_stereotypes_true_lab4.json,c2f32842f624b2d57b90029c15ceb4cdb4246a83f78a15ae1aae9b6d5a2777b5
benchmark/results_seed11/lab4/ql_true/learned_stereotypes_false_lab4.ttl,1cd010ac6407c8f1f9125d6682e4f071c393a9bb79f0ff47522cc11927f9c88b
benchmark/results_seed11/lab4/ql_true/learned_stereotypes_true_lab4.ttl,b26579f21f43618b87da63518c596777da29607c1e06d81b29770e1065a187ae
benchmark/results_seed11/lab4/ql_true/metrics_stereotypes_false_lab4.csv,bcb76b331b8546d84c827f7d38ccf69634465a64a2407fe865bf77f14b80185e
benchmark/results_seed11/lab4/ql_true/metrics_stereotypes_true_lab4.csv,c9b963cd953867d86de4ca6953810c10981a9036c8d5bd50621c7c55723983a3
benchmark/results_seed11/lab4/ql_true/qtable_final_stereotypes_false_lab4.csv,83c64cdc9495fb3455c8192adf1bbe81e34b1da76f7d2f1f02a8365643abba11
benchmark/results_seed11/lab4/ql_true/qtable_final_stereotypes_false_lab4_trust.csv,8b74a8b2125268f80f75eedc1abd409afe252eae534fb6d33fbc9db761089e9b
benchmark/results_seed11/lab4/ql_true/qtable_final_stereotypes_false_lab4_visits.csv,746d3873a4f85782de452d948b588965997ae4b83ead52aa1f5c121948648420
benchmark/results_seed11/lab4/ql_true/qtable_final_stereotypes_false_lab4_zone1.csv,e6b1606716b7ea596c4042964c7307eaa0bdcada903cf6fed93119daa22b516d
benchmark/results_seed11/lab4/ql_true/qtable_final_stereotypes_false_lab4_zone2.csv,65d58ad354a0df8a1171a0d0c5f92144f760f43809c105315adb8811ef1afb4a
benchmark/results_seed11/lab4/ql_true/qtable_final_stereotypes_true_lab4.csv,85aedeba10c578db0bf5a3e3d89fdb32024c2dac2a71486dfa888ae4858f916f
benchmark/results_seed11/lab4/ql_true/qtable_final_stereotypes_true_lab4_trust.csv,8b74a8b2125268f80f75eedc1abd409afe252eae534fb6d33fbc9db761089e9b
benchmark/results_seed11/lab4/ql_true/qtable_final_stereotypes_true_lab4_visits.csv,f50757602e66139a297eb5c3bee3bbc431cad22e87634b9c316a1dd798340ca4
benchmark/results_seed11/lab4/ql_true/qtable_final_stereotypes_true_lab4_zone1.csv,07cdedcc9d6a13e067400c3419a1898f48d9997e84773c169981f8c0e2fe5c44
benchmark/results_seed11/lab4/ql_true/qtable_final_stereotypes_true_lab4_zone2.csv,9693386eba937dd8743b68e20b7ba9448681ef28187055a88711a1b356a830c2
benchmark/results_seed11/lab4/ql_true/trace_bench_ql_true.jsonl,e3b0c44298fc1c149afbf4c8996fb92427ae41e4649b934ca495991b7852b855
benchmark/results_seed11/lab4/rule_based/bench_step_log_rule_based.csv,dcbc4327da082492479ba30ccd4da61be5ac2d9659746d470daad350664a098d
benchmark/results_seed11/lab4/rule_based/benchmark_results_rule_based.csv,50b4d7eb92fa51a7fc202224e0da933ce5b10cc2354745b09e6292296f0f1bfe
benchmark/results_seed11/lab4/rule_based/coverage_stereotypes_false_lab4.csv,ab6764c676ed3ea18269a6433a6f693db2a7b6936315bc961b9a0c4699775588
benchmark/results_seed11/lab4/rule_based/coverage_stereotypes_true_lab4.csv,be3d3605f822561c90592210c74780a01dd66c0d4ec202cdfc4419c9d64ca838
benchmark/results_seed11/lab4/rule_based/first_goal_stereotypes_false_lab4.csv,3bf0baf3e91d8b35d3600ee000b428d04b82056fbfebab7ef1109e6676f69d50
benchmark/results_seed11/lab4/rule_based/first_goal_stereotypes_true_lab4.csv,a09602c1dfa8c761307cb7cd7db7f8df69174b707ca7b63fc558f01f355c5989
benchmark/results_seed11/lab4/rule_based/iv_stats_stereotypes_false_lab4.json,b476544be4df56e300b7d81c751c212293055eb168d2198e826f01d504030dae
benchmark/results_seed11/lab4/rule_based/iv_stats_stereotypes_true_lab4.json,c2f32842f624b2d57b90029c15ceb4cdb4246a83f78a15ae1aae9b6d5a2777b5
benchmark/results_seed11/lab4/rule_based/learned_stereotypes_false_lab4.ttl,1cd010ac6407c8f1f9125d6682e4f071c393a9bb79f0ff47522cc11927f9c88b
benchmark/results_seed11/lab4/rule_based/learned_stereotypes_true_lab4.ttl,b26579f21f43618b87da63518c596777da29607c1e06d81b29770e1065a187ae
benchmark/results_seed11/lab4/rule_based/metrics_stereotypes_false_lab4.csv,bcb76b331b8546d84c827f7d38ccf69634465a64a2407fe865bf77f14b80185e
benchmark/results_seed11/lab4/rule_based/metrics_stereotypes_true_lab4.csv,c9b963cd953867d86de4ca6953810c10981a9036c8d5bd50621c7c55723983a3
benchmark/results_seed11/lab4/rule_based/qtable_final_stereotypes_false_lab4.csv,83c64cdc9495fb3455c8192adf1bbe81e34b1da76f7d2f1f02a8365643abba11
benchmark/results_seed11/lab4/rule_based/qtable_final_stereotypes_false_lab4_trust.csv,8b74a8b2125268f80f75eedc1abd409afe252eae534fb6d33fbc9db761089e9b
benchmark/results_seed11/lab4/rule_based/qtable_final_stereotypes_false_lab4_visits.csv,746d3873a4f85782de452d948b588965997ae4b83ead52aa1f5c121948648420
benchmark/results_seed11/lab4/rule_based/qtable_final_stereotypes_false_lab4_zone1.csv,e6b1606716b7ea596c4042964c7307eaa0bdcada903cf6fed93119daa22b516d
benchmark/results_seed11/lab4/rule_based/qtable_final_stereotypes_false_lab4_zone2.csv,65d58ad354a0df8a1171a0d0c5f92144f760f43809c105315adb8811ef1afb4a
benchmark/results_seed11/lab4/rule_based/qtable_final_stereotypes_true_lab4.csv,85aedeba10c578db0bf5a3e3d89fdb32024c2dac2a71486dfa888ae4858f916f
benchmark/results_seed11/lab4/rule_based/qtable_final_stereotypes_true_lab4_trust.csv,8b74a8b2125268f80f75eedc1abd409afe252eae534fb6d33fbc9db761089e9b
benchmark/results_seed11/lab4/rule_based/qtable_final_stereotypes_true_lab4_visits.csv,f50757602e66139a297eb5c3bee3bbc431cad22e87634b9c316a1dd798340ca4
benchmark/results_seed11/lab4/rule_based/qtable_final_stereotypes_true_lab4_zone1.csv,07cdedcc9d6a13e067400c3419a1898f48d9997e84773c169981f8c0e2fe5c44
benchmark/results_seed11/lab4/rule_based/qtable_final_stereotypes_true_lab4_zone2.csv,9693386eba937dd8743b68e20b7ba9448681ef28187055a88711a1b356a830c2
benchmark/results_seed11/lab4/training_stereo_false/coverage_stereotypes_false_lab4.csv,ab6764c676ed3ea18269a6433a6f693db2a7b6936315bc961b9a0c4699775588
benchmark/results_seed11/lab4/training_stereo_false/first_goal_stereotypes_false_lab4.csv,3bf0baf3e91d8b35d3600ee000b428d04b82056fbfebab7ef1109e6676f69d50
benchmark/results_seed11/lab4/training_stereo_false/iv_stats_stereotypes_false_lab4.json,b476544be4df56e300b7d81c751c212293055eb168d2198e826f01d504030dae
benchmark/results_seed11/lab4/training_stereo_false/learned_stereotypes_false_lab4.ttl,1cd010ac6407c8f1f9125d6682e4f071c393a9bb79f0ff47522cc11927f9c88b
benchmark/results_seed11/lab4/training_stereo_false/metrics_stereotypes_false_lab4.csv,bcb76b331b8546d84c827f7d38ccf69634465a64a2407fe865bf77f14b80185e
benchmark/results_seed11/lab4/training_stereo_false/qtable_final_stereotypes_false_lab4.csv,83c64cdc9495fb3455c8192adf1bbe81e34b1da76f7d2f1f02a8365643abba11
benchmark/results_seed11/lab4/training_stereo_false/qtable_initial_stereotypes_false_lab4.csv,e7a805786d46aebc891069aaff4b80200c4fca7991e24d1c39adfbccc5be20ee
benchmark/results_seed11/lab4/training_stereo_false/TRAINING_OK.json,c400303fe52b6cca69552798fcea98643e3144dead0435913ba16fe30d2ea32c
benchmark/results_seed11/lab4/training_stereo_true/coverage_stereotypes_true_lab4.csv,be3d3605f822561c90592210c74780a01dd66c0d4ec202cdfc4419c9d64ca838
benchmark/results_seed11/lab4/training_stereo_true/first_goal_stereotypes_true_lab4.csv,a09602c1dfa8c761307cb7cd7db7f8df69174b707ca7b63fc558f01f355c5989
benchmark/results_seed11/lab4/training_stereo_true/iv_stats_stereotypes_true_lab4.json,c2f32842f624b2d57b90029c15ceb4cdb4246a83f78a15ae1aae9b6d5a2777b5
benchmark/results_seed11/lab4/training_stereo_true/learned_stereotypes_true_lab4.ttl,b26579f21f43618b87da63518c596777da29607c1e06d81b29770e1065a187ae
benchmark/results_seed11/lab4/training_stereo_true/metrics_stereotypes_true_lab4.csv,c9b963cd953867d86de4ca6953810c10981a9036c8d5bd50621c7c55723983a3
benchmark/results_seed11/lab4/training_stereo_true/qtable_final_stereotypes_true_lab4.csv,85aedeba10c578db0bf5a3e3d89fdb32024c2dac2a71486dfa888ae4858f916f
benchmark/results_seed11/lab4/training_stereo_true/qtable_initial_stereotypes_true_lab4.csv,a34227689301a8b03f01964727db05c0cd5ac3ca6fef2c062cbacaa11b196a6e
benchmark/results_seed11/lab4/training_stereo_true/TRAINING_OK.json,1cac02016e068ab772c8acb1ad9ecd1e47f73df8443dc290c8a91289171efe7c
benchmark/results_seed11/lab4chain/ql_false/bench_step_log_ql_false.csv,ca990124580864d0f32220f8a655c418726ed8955a34a7f0cfe5ed8a486bdf43
benchmark/results_seed11/lab4chain/ql_false/benchmark_results_ql_false.csv,09490763a4144f644046bec04cdedda113707dd5a494993a3ee2834cb26a3945
benchmark/results_seed11/lab4chain/ql_false/coverage_stereotypes_false_lab4chain.csv,f83a1bd07595900039977b7afb03b9518375cc611202da1cb6b7f09b3e827bc0
benchmark/results_seed11/lab4chain/ql_false/coverage_stereotypes_true_lab4chain.csv,2b1389f4c537cf38c572c5eab238dc963ec232fcbbe97b364ff3f3a15255e394
benchmark/results_seed11/lab4chain/ql_false/first_goal_stereotypes_false_lab4chain.csv,3bf0baf3e91d8b35d3600ee000b428d04b82056fbfebab7ef1109e6676f69d50
benchmark/results_seed11/lab4chain/ql_false/first_goal_stereotypes_true_lab4chain.csv,a09602c1dfa8c761307cb7cd7db7f8df69174b707ca7b63fc558f01f355c5989
benchmark/results_seed11/lab4chain/ql_false/iv_stats_stereotypes_false_lab4chain.json,39112dd4a20838b84ca582aab10b91411d6dcc69e0f7c71540dce45499e3f922
benchmark/results_seed11/lab4chain/ql_false/iv_stats_stereotypes_true_lab4chain.json,83bc993905a7ed13b7475089d3e0036d013d9c977e92dd60306bd792aec03d34
benchmark/results_seed11/lab4chain/ql_false/learned_stereotypes_false_lab4chain.ttl,4d55eead03818c8dce00c6fbf7b25ee4869b09cda67fa08fbe82ba79b71cc158
benchmark/results_seed11/lab4chain/ql_false/learned_stereotypes_true_lab4chain.ttl,84c25a605f81ba87b3e944beee40de8143a1bb107bde0e276aedb1a1b9b4baf1
benchmark/results_seed11/lab4chain/ql_false/metrics_stereotypes_false_lab4chain.csv,3aa996049d241c1c18b4efba813fa7b9e42d6061f6c5d222fb50b48a6e260f3f
benchmark/results_seed11/lab4chain/ql_false/metrics_stereotypes_true_lab4chain.csv,7bf29cb03007b8f61ed7298ab35a7d5b59a25280148bffb41a1afda4fe041c25
benchmark/results_seed11/lab4chain/ql_false/qtable_final_stereotypes_false_lab4chain.csv,92d7591f617eda78793f92ed8205d6082e8bda45822ce8da0d6d9961d1c6f736
benchmark/results_seed11/lab4chain/ql_false/qtable_final_stereotypes_false_lab4chain_trust.csv,8b74a8b2125268f80f75eedc1abd409afe252eae534fb6d33fbc9db761089e9b
benchmark/results_seed11/lab4chain/ql_false/qtable_final_stereotypes_false_lab4chain_visits.csv,354b6355ade62e233550647b0103080f0ee63295a432be99b85256c0e137c1c8
benchmark/results_seed11/lab4chain/ql_false/qtable_final_stereotypes_false_lab4chain_zone1.csv,5c48d7fb7fda73b21b017eef375311bec22e36e6949def5f44a8b872591b2aa9
benchmark/results_seed11/lab4chain/ql_false/qtable_final_stereotypes_false_lab4chain_zone2.csv,9bc94f43a85d176faf1eecfea58d6742adf35255e318f5eed1c7dfa5012668c3
benchmark/results_seed11/lab4chain/ql_false/qtable_final_stereotypes_true_lab4chain.csv,fac0c27dd1c72a63daae0b54d6d1c6d81bc5d94937f44bc4417d15aeb209ac25
benchmark/results_seed11/lab4chain/ql_false/qtable_final_stereotypes_true_lab4chain_trust.csv,8b74a8b2125268f80f75eedc1abd409afe252eae534fb6d33fbc9db761089e9b
benchmark/results_seed11/lab4chain/ql_false/qtable_final_stereotypes_true_lab4chain_visits.csv,503430715a7b7ca38c9cf0efd5a6d169c3cb8845e0c6aafd749f695ebf1cf8cd
benchmark/results_seed11/lab4chain/ql_false/qtable_final_stereotypes_true_lab4chain_zone1.csv,e8d5f6b2f536cdb973187c186aa0b1ff06e7e0121e8ce45437cdf3e70f245468
benchmark/results_seed11/lab4chain/ql_false/qtable_final_stereotypes_true_lab4chain_zone2.csv,69cb619641f126181d96cdc72b1c3ffcc901efa16135db3abd7d2c6b9c9be624
benchmark/results_seed11/lab4chain/ql_false/trace_bench_ql_false.jsonl,e3b0c44298fc1c149afbf4c8996fb92427ae41e4649b934ca495991b7852b855
benchmark/results_seed11/lab4chain/ql_true/bench_step_log_ql_true.csv,0c07d461e02483a17c68ecbbee8f9d0ebe49ce306a8ccc0c82374951dcc4c5e1
benchmark/results_seed11/lab4chain/ql_true/benchmark_results_ql_true.csv,a6395ed1861cc35f776a67c030bd30590b718483b282e4df88fa2382823ea6e7
benchmark/results_seed11/lab4chain/ql_true/coverage_stereotypes_false_lab4chain.csv,f83a1bd07595900039977b7afb03b9518375cc611202da1cb6b7f09b3e827bc0
benchmark/results_seed11/lab4chain/ql_true/coverage_stereotypes_true_lab4chain.csv,2b1389f4c537cf38c572c5eab238dc963ec232fcbbe97b364ff3f3a15255e394
benchmark/results_seed11/lab4chain/ql_true/first_goal_stereotypes_false_lab4chain.csv,3bf0baf3e91d8b35d3600ee000b428d04b82056fbfebab7ef1109e6676f69d50
benchmark/results_seed11/lab4chain/ql_true/first_goal_stereotypes_true_lab4chain.csv,a09602c1dfa8c761307cb7cd7db7f8df69174b707ca7b63fc558f01f355c5989
benchmark/results_seed11/lab4chain/ql_true/iv_stats_stereotypes_false_lab4chain.json,39112dd4a20838b84ca582aab10b91411d6dcc69e0f7c71540dce45499e3f922
benchmark/results_seed11/lab4chain/ql_true/iv_stats_stereotypes_true_lab4chain.json,83bc993905a7ed13b7475089d3e0036d013d9c977e92dd60306bd792aec03d34
benchmark/results_seed11/lab4chain/ql_true/learned_stereotypes_false_lab4chain.ttl,4d55eead03818c8dce00c6fbf7b25ee4869b09cda67fa08fbe82ba79b71cc158
benchmark/results_seed11/lab4chain/ql_true/learned_stereotypes_true_lab4chain.ttl,84c25a605f81ba87b3e944beee40de8143a1bb107bde0e276aedb1a1b9b4baf1
benchmark/results_seed11/lab4chain/ql_true/metrics_stereotypes_false_lab4chain.csv,3aa996049d241c1c18b4efba813fa7b9e42d6061f6c5d222fb50b48a6e260f3f
benchmark/results_seed11/lab4chain/ql_true/metrics_stereotypes_true_lab4chain.csv,7bf29cb03007b8f61ed7298ab35a7d5b59a25280148bffb41a1afda4fe041c25
benchmark/results_seed11/lab4chain/ql_true/qtable_final_stereotypes_false_lab4chain.csv,92d7591f617eda78793f92ed8205d6082e8bda45822ce8da0d6d9961d1c6f736
benchmark/results_seed11/lab4chain/ql_true/qtable_final_stereotypes_false_lab4chain_trust.csv,8b74a8b2125268f80f75eedc1abd409afe252eae534fb6d33fbc9db761089e9b
benchmark/results_seed11/lab4chain/ql_true/qtable_final_stereotypes_false_lab4chain_visits.csv,354b6355ade62e233550647b0103080f0ee63295a432be99b85256c0e137c1c8
benchmark/results_seed11/lab4chain/ql_true/qtable_final_stereotypes_false_lab4chain_zone1.csv,5c48d7fb7fda73b21b017eef375311bec22e36e6949def5f44a8b872591b2aa9
benchmark/results_seed11/lab4chain/ql_true/qtable_final_stereotypes_false_lab4chain_zone2.csv,9bc94f43a85d176faf1eecfea58d6742adf35255e318f5eed1c7dfa5012668c3
benchmark/results_seed11/lab4chain/ql_true/qtable_final_stereotypes_true_lab4chain.csv,fac0c27dd1c72a63daae0b54d6d1c6d81bc5d94937f44bc4417d15aeb209ac25
benchmark/results_seed11/lab4chain/ql_true/qtable_final_stereotypes_true_lab4chain_trust.csv,8b74a8b2125268f80f75eedc1abd409afe252eae534fb6d33fbc9db761089e9b
benchmark/results_seed11/lab4chain/ql_true/qtable_final_stereotypes_true_lab4chain_visits.csv,503430715a7b7ca38c9cf0efd5a6d169c3cb8845e0c6aafd749f695ebf1cf8cd
benchmark/results_seed11/lab4chain/ql_true/qtable_final_stereotypes_true_lab4chain_zone1.csv,e8d5f6b2f536cdb973187c186aa0b1ff06e7e0121e8ce45437cdf3e70f245468
benchmark/results_seed11/lab4chain/ql_true/qtable_final_stereotypes_true_lab4chain_zone2.csv,69cb619641f126181d96cdc72b1c3ffcc901efa16135db3abd7d2c6b9c9be624
benchmark/results_seed11/lab4chain/ql_true/trace_bench_ql_true.jsonl,e3b0c44298fc1c149afbf4c8996fb92427ae41e4649b934ca495991b7852b855
benchmark/results_seed11/lab4chain/rule_based/bench_step_log_rule_based.csv,80c72f4e1cceb1e8d37ced41e08fdf772dce607596a4f6e207a0fb1080d0716a
benchmark/results_seed11/lab4chain/rule_based/benchmark_results_rule_based.csv,cea1396a60d7f2c5436fdf4a8607c4c93630a6ebfdc71e2b302ef6a36f473884
benchmark/results_seed11/lab4chain/rule_based/coverage_stereotypes_false_lab4chain.csv,f83a1bd07595900039977b7afb03b9518375cc611202da1cb6b7f09b3e827bc0
benchmark/results_seed11/lab4chain/rule_based/coverage_stereotypes_true_lab4chain.csv,2b1389f4c537cf38c572c5eab238dc963ec232fcbbe97b364ff3f3a15255e394
benchmark/results_seed11/lab4chain/rule_based/first_goal_stereotypes_false_lab4chain.csv,3bf0baf3e91d8b35d3600ee000b428d04b82056fbfebab7ef1109e6676f69d50
benchmark/results_seed11/lab4chain/rule_based/first_goal_stereotypes_true_lab4chain.csv,a09602c1dfa8c761307cb7cd7db7f8df69174b707ca7b63fc558f01f355c5989
benchmark/results_seed11/lab4chain/rule_based/iv_stats_stereotypes_false_lab4chain.json,39112dd4a20838b84ca582aab10b91411d6dcc69e0f7c71540dce45499e3f922
benchmark/results_seed11/lab4chain/rule_based/iv_stats_stereotypes_true_lab4chain.json,83bc993905a7ed13b7475089d3e0036d013d9c977e92dd60306bd792aec03d34
benchmark/results_seed11/lab4chain/rule_based/learned_stereotypes_false_lab4chain.ttl,4d55eead03818c8dce00c6fbf7b25ee4869b09cda67fa08fbe82ba79b71cc158
benchmark/results_seed11/lab4chain/rule_based/learned_stereotypes_true_lab4chain.ttl,84c25a605f81ba87b3e944beee40de8143a1bb107bde0e276aedb1a1b9b4baf1
benchmark/results_seed11/lab4chain/rule_based/metrics_stereotypes_false_lab4chain.csv,3aa996049d241c1c18b4efba813fa7b9e42d6061f6c5d222fb50b48a6e260f3f
benchmark/results_seed11/lab4chain/rule_based/metrics_stereotypes_true_lab4chain.csv,7bf29cb03007b8f61ed7298ab35a7d5b59a25280148bffb41a1afda4fe041c25
benchmark/results_seed11/lab4chain/rule_based/qtable_final_stereotypes_false_lab4chain.csv,92d7591f617eda78793f92ed8205d6082e8bda45822ce8da0d6d9961d1c6f736
benchmark/results_seed11/lab4chain/rule_based/qtable_final_stereotypes_false_lab4chain_trust.csv,8b74a8b2125268f80f75eedc1abd409afe252eae534fb6d33fbc9db761089e9b
benchmark/results_seed11/lab4chain/rule_based/qtable_final_stereotypes_false_lab4chain_visits.csv,354b6355ade62e233550647b0103080f0ee63295a432be99b85256c0e137c1c8
benchmark/results_seed11/lab4chain/rule_based/qtable_final_stereotypes_false_lab4chain_zone1.csv,5c48d7fb7fda73b21b017eef375311bec22e36e6949def5f44a8b872591b2aa9
benchmark/results_seed11/lab4chain/rule_based/qtable_final_stereotypes_false_lab4chain_zone2.csv,9bc94f43a85d176faf1eecfea58d6742adf35255e318f5eed1c7dfa5012668c3
benchmark/results_seed11/lab4chain/rule_based/qtable_final_stereotypes_true_lab4chain.csv,fac0c27dd1c72a63daae0b54d6d1c6d81bc5d94937f44bc4417d15aeb209ac25
benchmark/results_seed11/lab4chain/rule_based/qtable_final_stereotypes_true_lab4chain_trust.csv,8b74a8b2125268f80f75eedc1abd409afe252eae534fb6d33fbc9db761089e9b
benchmark/results_seed11/lab4chain/rule_based/qtable_final_stereotypes_true_lab4chain_visits.csv,503430715a7b7ca38c9cf0efd5a6d169c3cb8845e0c6aafd749f695ebf1cf8cd
benchmark/results_seed11/lab4chain/rule_based/qtable_final_stereotypes_true_lab4chain_zone1.csv,e8d5f6b2f536cdb973187c186aa0b1ff06e7e0121e8ce45437cdf3e70f245468
benchmark/results_seed11/lab4chain/rule_based/qtable_final_stereotypes_true_lab4chain_zone2.csv,69cb619641f126181d96cdc72b1c3ffcc901efa16135db3abd7d2c6b9c9be624
benchmark/results_seed11/lab4chain/training_stereo_false/coverage_stereotypes_false_lab4chain.csv,f83a1bd07595900039977b7afb03b9518375cc611202da1cb6b7f09b3e827bc0
benchmark/results_seed11/lab4chain/training_stereo_false/first_goal_stereotypes_false_lab4chain.csv,3bf0baf3e91d8b35d3600ee000b428d04b82056fbfebab7ef1109e6676f69d50
benchmark/results_seed11/lab4chain/training_stereo_false/iv_stats_stereotypes_false_lab4chain.json,39112dd4a20838b84ca582aab10b91411d6dcc69e0f7c71540dce45499e3f922
benchmark/results_seed11/lab4chain/training_stereo_false/learned_stereotypes_false_lab4chain.ttl,4d55eead03818c8dce00c6fbf7b25ee4869b09cda67fa08fbe82ba79b71cc158
benchmark/results_seed11/lab4chain/training_stereo_false/metrics_stereotypes_false_lab4chain.csv,3aa996049d241c1c18b4efba813fa7b9e42d6061f6c5d222fb50b48a6e260f3f
benchmark/results_seed11/lab4chain/training_stereo_false/qtable_final_stereotypes_false_lab4chain.csv,92d7591f617eda78793f92ed8205d6082e8bda45822ce8da0d6d9961d1c6f736
benchmark/results_seed11/lab4chain/training_stereo_false/qtable_initial_stereotypes_false_lab4chain.csv,8e651424be7fc1e8f08b3ca8d4f82f240e9f7fc9a9db7c05f461ed8ca6c14a18
benchmark/results_seed11/lab4chain/training_stereo_false/TRAINING_OK.json,33bf14fcb2b1027e4f41569401d1379fe12a7251377d19287ffd0137d5443af9
benchmark/results_seed11/lab4chain/training_stereo_true/coverage_stereotypes_true_lab4chain.csv,2b1389f4c537cf38c572c5eab238dc963ec232fcbbe97b364ff3f3a15255e394
benchmark/results_seed11/lab4chain/training_stereo_true/first_goal_stereotypes_true_lab4chain.csv,a09602c1dfa8c761307cb7cd7db7f8df69174b707ca7b63fc558f01f355c5989
benchmark/results_seed11/lab4chain/training_stereo_true/iv_stats_stereotypes_true_lab4chain.json,83bc993905a7ed13b7475089d3e0036d013d9c977e92dd60306bd792aec03d34
benchmark/results_seed11/lab4chain/training_stereo_true/learned_stereotypes_true_lab4chain.ttl,84c25a605f81ba87b3e944beee40de8143a1bb107bde0e276aedb1a1b9b4baf1
benchmark/results_seed11/lab4chain/training_stereo_true/metrics_stereotypes_true_lab4chain.csv,7bf29cb03007b8f61ed7298ab35a7d5b59a25280148bffb41a1afda4fe041c25
benchmark/results_seed11/lab4chain/training_stereo_true/qtable_final_stereotypes_true_lab4chain.csv,fac0c27dd1c72a63daae0b54d6d1c6d81bc5d94937f44bc4417d15aeb209ac25
benchmark/results_seed11/lab4chain/training_stereo_true/qtable_initial_stereotypes_true_lab4chain.csv,be569de97d95f95e9c344cdc3dd3e7846339ceb11bca6d874c399574155d2283
benchmark/results_seed11/lab4chain/training_stereo_true/TRAINING_OK.json,5261f89a660d7182ce29a26560ea51efdc07fd23e1d2b10b990792a58a6c2df8
benchmark/results_seed11/lab4dual/ql_false/bench_step_log_ql_false.csv,879a61d2e0e8e007811fcdd5924b5b37206eeec49ea700e6c25067463c5cfb7c
benchmark/results_seed11/lab4dual/ql_false/benchmark_results_ql_false.csv,91e3822d4ba15df64b19d2e72872f199d32fe13e2d7b5c8e28103b82da5d38bd
benchmark/results_seed11/lab4dual/ql_false/coverage_stereotypes_false_lab4dual.csv,10ca0d3a975a8be64a183687b4031637812514111cf795bb9824f38a9bc21f6a
benchmark/results_seed11/lab4dual/ql_false/coverage_stereotypes_true_lab4dual.csv,7b189acf76d063b0a5311f4c9f394b503b136da4e76eba685128ff40b84de8e6
benchmark/results_seed11/lab4dual/ql_false/first_goal_stereotypes_false_lab4dual.csv,3bf0baf3e91d8b35d3600ee000b428d04b82056fbfebab7ef1109e6676f69d50
benchmark/results_seed11/lab4dual/ql_false/first_goal_stereotypes_true_lab4dual.csv,a09602c1dfa8c761307cb7cd7db7f8df69174b707ca7b63fc558f01f355c5989
benchmark/results_seed11/lab4dual/ql_false/iv_stats_stereotypes_false_lab4dual.json,cbbe58dadbca98e1a340d34b89a600844f2ab50f48f1db671a39df8a15205d6b
benchmark/results_seed11/lab4dual/ql_false/iv_stats_stereotypes_true_lab4dual.json,400c28edca8f802395cfd8794a5c2c84fe4d2217dde8c54e797c1f7b4d55b287
benchmark/results_seed11/lab4dual/ql_false/learned_stereotypes_false_lab4dual.ttl,14738030cb71090a7a14b1bd234c5424ac5cf403d59d540cbb52a7dc0fd3c546
benchmark/results_seed11/lab4dual/ql_false/learned_stereotypes_true_lab4dual.ttl,dc0ce901115702ef8308ef92ce65595d2ed6af8e54de2b5ee379973109c1b981
benchmark/results_seed11/lab4dual/ql_false/metrics_stereotypes_false_lab4dual.csv,ce82b05b71d319b1dfc1962d29d5b642bfe14942812b62ab3aba90b49a854404
benchmark/results_seed11/lab4dual/ql_false/metrics_stereotypes_true_lab4dual.csv,ebdd207bdd7c1b05ba55884794bd513851f124d25c8ac13b5e6e65b071115334
benchmark/results_seed11/lab4dual/ql_false/qtable_final_stereotypes_false_lab4dual.csv,fac3019bdd4f3b92d45475b83a72152c6fede5711da3b993e65aece2832f6009
benchmark/results_seed11/lab4dual/ql_false/qtable_final_stereotypes_false_lab4dual_trust.csv,8b74a8b2125268f80f75eedc1abd409afe252eae534fb6d33fbc9db761089e9b
benchmark/results_seed11/lab4dual/ql_false/qtable_final_stereotypes_false_lab4dual_visits.csv,d58937469382a3b8bd2209df6a64a8ee17296669e83becc01ad42de79860adde
benchmark/results_seed11/lab4dual/ql_false/qtable_final_stereotypes_false_lab4dual_zone1.csv,8b3da85c03156ed3cc110b7f47abb438d7a4e47a24beb5dd799319a54b7f7fb0
benchmark/results_seed11/lab4dual/ql_false/qtable_final_stereotypes_false_lab4dual_zone2.csv,a42172816260c7ff4ee5fcfef583a1cd0391e1e9f208a230a1bfbf22b480c424
benchmark/results_seed11/lab4dual/ql_false/qtable_final_stereotypes_true_lab4dual.csv,07c5c95995baf42128087c294630a4c09ab55d7ab7bde72c55ec217e04ea5d54
benchmark/results_seed11/lab4dual/ql_false/qtable_final_stereotypes_true_lab4dual_trust.csv,8b74a8b2125268f80f75eedc1abd409afe252eae534fb6d33fbc9db761089e9b
benchmark/results_seed11/lab4dual/ql_false/qtable_final_stereotypes_true_lab4dual_visits.csv,26d0f8ed9c1abcbdd296af2dd4849728dbace1cf402a7cd9c5253465217b5328
benchmark/results_seed11/lab4dual/ql_false/qtable_final_stereotypes_true_lab4dual_zone1.csv,0d8674862d0e58de751d1f8f515642acadb4df0b08fc68f254514bc73a865c1d
benchmark/results_seed11/lab4dual/ql_false/qtable_final_stereotypes_true_lab4dual_zone2.csv,67d3fb7bf6e888124a0089428b986b1775c8ec3a5a823cacdf891620c241f6fc
benchmark/results_seed11/lab4dual/ql_false/trace_bench_ql_false.jsonl,e3b0c44298fc1c149afbf4c8996fb92427ae41e4649b934ca495991b7852b855
benchmark/results_seed11/lab4dual/ql_true/bench_step_log_ql_true.csv,b4ed936ee25245e362e1817c7995ac1d7acb35392c5960a5d54e0d6bc2ad3d10
benchmark/results_seed11/lab4dual/ql_true/benchmark_results_ql_true.csv,067985d6dd3794611b360ae7b227c79eb319e29fdcbafa4dfd8ea7fdde9f7f80
benchmark/results_seed11/lab4dual/ql_true/coverage_stereotypes_false_lab4dual.csv,10ca0d3a975a8be64a183687b4031637812514111cf795bb9824f38a9bc21f6a
benchmark/results_seed11/lab4dual/ql_true/coverage_stereotypes_true_lab4dual.csv,7b189acf76d063b0a5311f4c9f394b503b136da4e76eba685128ff40b84de8e6
benchmark/results_seed11/lab4dual/ql_true/first_goal_stereotypes_false_lab4dual.csv,3bf0baf3e91d8b35d3600ee000b428d04b82056fbfebab7ef1109e6676f69d50
benchmark/results_seed11/lab4dual/ql_true/first_goal_stereotypes_true_lab4dual.csv,a09602c1dfa8c761307cb7cd7db7f8df69174b707ca7b63fc558f01f355c5989
benchmark/results_seed11/lab4dual/ql_true/iv_stats_stereotypes_false_lab4dual.json,cbbe58dadbca98e1a340d34b89a600844f2ab50f48f1db671a39df8a15205d6b
benchmark/results_seed11/lab4dual/ql_true/iv_stats_stereotypes_true_lab4dual.json,400c28edca8f802395cfd8794a5c2c84fe4d2217dde8c54e797c1f7b4d55b287
benchmark/results_seed11/lab4dual/ql_true/learned_stereotypes_false_lab4dual.ttl,14738030cb71090a7a14b1bd234c5424ac5cf403d59d540cbb52a7dc0fd3c546
benchmark/results_seed11/lab4dual/ql_true/learned_stereotypes_true_lab4dual.ttl,dc0ce901115702ef8308ef92ce65595d2ed6af8e54de2b5ee379973109c1b981
benchmark/results_seed11/lab4dual/ql_true/metrics_stereotypes_false_lab4dual.csv,ce82b05b71d319b1dfc1962d29d5b642bfe14942812b62ab3aba90b49a854404
benchmark/results_seed11/lab4dual/ql_true/metrics_stereotypes_true_lab4dual.csv,ebdd207bdd7c1b05ba55884794bd513851f124d25c8ac13b5e6e65b071115334
benchmark/results_seed11/lab4dual/ql_true/qtable_final_stereotypes_false_lab4dual.csv,fac3019bdd4f3b92d45475b83a72152c6fede5711da3b993e65aece2832f6009
benchmark/results_seed11/lab4dual/ql_true/qtable_final_stereotypes_false_lab4dual_trust.csv,8b74a8b2125268f80f75eedc1abd409afe252eae534fb6d33fbc9db761089e9b
benchmark/results_seed11/lab4dual/ql_true/qtable_final_stereotypes_false_lab4dual_visits.csv,d58937469382a3b8bd2209df6a64a8ee17296669e83becc01ad42de79860adde
benchmark/results_seed11/lab4dual/ql_true/qtable_final_stereotypes_false_lab4dual_zone1.csv,8b3da85c03156ed3cc110b7f47abb438d7a4e47a24beb5dd799319a54b7f7fb0
benchmark/results_seed11/lab4dual/ql_true/qtable_final_stereotypes_false_lab4dual_zone2.csv,a42172816260c7ff4ee5fcfef583a1cd0391e1e9f208a230a1bfbf22b480c424
benchmark/results_seed11/lab4dual/ql_true/qtable_final_stereotypes_true_lab4dual.csv,07c5c95995baf42128087c294630a4c09ab55d7ab7bde72c55ec217e04ea5d54
benchmark/results_seed11/lab4dual/ql_true/qtable_final_stereotypes_true_lab4dual_trust.csv,8b74a8b2125268f80f75eedc1abd409afe252eae534fb6d33fbc9db761089e9b
benchmark/results_seed11/lab4dual/ql_true/qtable_final_stereotypes_true_lab4dual_visits.csv,26d0f8ed9c1abcbdd296af2dd4849728dbace1cf402a7cd9c5253465217b5328
benchmark/results_seed11/lab4dual/ql_true/qtable_final_stereotypes_true_lab4dual_zone1.csv,0d8674862d0e58de751d1f8f515642acadb4df0b08fc68f254514bc73a865c1d
benchmark/results_seed11/lab4dual/ql_true/qtable_final_stereotypes_true_lab4dual_zone2.csv,67d3fb7bf6e888124a0089428b986b1775c8ec3a5a823cacdf891620c241f6fc
benchmark/results_seed11/lab4dual/ql_true/trace_bench_ql_true.jsonl,e3b0c44298fc1c149afbf4c8996fb92427ae41e4649b934ca495991b7852b855
benchmark/results_seed11/lab4dual/rule_based/bench_step_log_rule_based.csv,7bde9a71d15f8b7167398dfa5926ffbd85d5a7fc6c797150340006ad16070521
benchmark/results_seed11/lab4dual/rule_based/benchmark_results_rule_based.csv,b9b4a7ceb210ded01ae1ae8e70485d4983b71d51c9f472287619bafe20df141c
benchmark/results_seed11/lab4dual/rule_based/coverage_stereotypes_false_lab4dual.csv,10ca0d3a975a8be64a183687b4031637812514111cf795bb9824f38a9bc21f6a
benchmark/results_seed11/lab4dual/rule_based/coverage_stereotypes_true_lab4dual.csv,7b189acf76d063b0a5311f4c9f394b503b136da4e76eba685128ff40b84de8e6
benchmark/results_seed11/lab4dual/rule_based/first_goal_stereotypes_false_lab4dual.csv,3bf0baf3e91d8b35d3600ee000b428d04b82056fbfebab7ef1109e6676f69d50
benchmark/results_seed11/lab4dual/rule_based/first_goal_stereotypes_true_lab4dual.csv,a09602c1dfa8c761307cb7cd7db7f8df69174b707ca7b63fc558f01f355c5989
benchmark/results_seed11/lab4dual/rule_based/iv_stats_stereotypes_false_lab4dual.json,cbbe58dadbca98e1a340d34b89a600844f2ab50f48f1db671a39df8a15205d6b
benchmark/results_seed11/lab4dual/rule_based/iv_stats_stereotypes_true_lab4dual.json,400c28edca8f802395cfd8794a5c2c84fe4d2217dde8c54e797c1f7b4d55b287
benchmark/results_seed11/lab4dual/rule_based/learned_stereotypes_false_lab4dual.ttl,14738030cb71090a7a14b1bd234c5424ac5cf403d59d540cbb52a7dc0fd3c546
benchmark/results_seed11/lab4dual/rule_based/learned_stereotypes_true_lab4dual.ttl,dc0ce901115702ef8308ef92ce65595d2ed6af8e54de2b5ee379973109c1b981
benchmark/results_seed11/lab4dual/rule_based/metrics_stereotypes_false_lab4dual.csv,ce82b05b71d319b1dfc1962d29d5b642bfe14942812b62ab3aba90b49a854404
benchmark/results_seed11/lab4dual/rule_based/metrics_stereotypes_true_lab4dual.csv,ebdd207bdd7c1b05ba55884794bd513851f124d25c8ac13b5e6e65b071115334
benchmark/results_seed11/lab4dual/rule_based/qtable_final_stereotypes_false_lab4dual.csv,fac3019bdd4f3b92d45475b83a72152c6fede5711da3b993e65aece2832f6009
benchmark/results_seed11/lab4dual/rule_based/qtable_final_stereotypes_false_lab4dual_trust.csv,8b74a8b2125268f80f75eedc1abd409afe252eae534fb6d33fbc9db761089e9b
benchmark/results_seed11/lab4dual/rule_based/qtable_final_stereotypes_false_lab4dual_visits.csv,d58937469382a3b8bd2209df6a64a8ee17296669e83becc01ad42de79860adde
benchmark/results_seed11/lab4dual/rule_based/qtable_final_stereotypes_false_lab4dual_zone1.csv,8b3da85c03156ed3cc110b7f47abb438d7a4e47a24beb5dd799319a54b7f7fb0
benchmark/results_seed11/lab4dual/rule_based/qtable_final_stereotypes_false_lab4dual_zone2.csv,a42172816260c7ff4ee5fcfef583a1cd0391e1e9f208a230a1bfbf22b480c424
benchmark/results_seed11/lab4dual/rule_based/qtable_final_stereotypes_true_lab4dual.csv,07c5c95995baf42128087c294630a4c09ab55d7ab7bde72c55ec217e04ea5d54
benchmark/results_seed11/lab4dual/rule_based/qtable_final_stereotypes_true_lab4dual_trust.csv,8b74a8b2125268f80f75eedc1abd409afe252eae534fb6d33fbc9db761089e9b
benchmark/results_seed11/lab4dual/rule_based/qtable_final_stereotypes_true_lab4dual_visits.csv,26d0f8ed9c1abcbdd296af2dd4849728dbace1cf402a7cd9c5253465217b5328
benchmark/results_seed11/lab4dual/rule_based/qtable_final_stereotypes_true_lab4dual_zone1.csv,0d8674862d0e58de751d1f8f515642acadb4df0b08fc68f254514bc73a865c1d
benchmark/results_seed11/lab4dual/rule_based/qtable_final_stereotypes_true_lab4dual_zone2.csv,67d3fb7bf6e888124a0089428b986b1775c8ec3a5a823cacdf891620c241f6fc
benchmark/results_seed11/lab4dual/training_stereo_false/coverage_stereotypes_false_lab4dual.csv,10ca0d3a975a8be64a183687b4031637812514111cf795bb9824f38a9bc21f6a
benchmark/results_seed11/lab4dual/training_stereo_false/first_goal_stereotypes_false_lab4dual.csv,3bf0baf3e91d8b35d3600ee000b428d04b82056fbfebab7ef1109e6676f69d50
benchmark/results_seed11/lab4dual/training_stereo_false/iv_stats_stereotypes_false_lab4dual.json,cbbe58dadbca98e1a340d34b89a600844f2ab50f48f1db671a39df8a15205d6b
benchmark/results_seed11/lab4dual/training_stereo_false/learned_stereotypes_false_lab4dual.ttl,14738030cb71090a7a14b1bd234c5424ac5cf403d59d540cbb52a7dc0fd3c546
benchmark/results_seed11/lab4dual/training_stereo_false/metrics_stereotypes_false_lab4dual.csv,ce82b05b71d319b1dfc1962d29d5b642bfe14942812b62ab3aba90b49a854404
benchmark/results_seed11/lab4dual/training_stereo_false/qtable_final_stereotypes_false_lab4dual.csv,fac3019bdd4f3b92d45475b83a72152c6fede5711da3b993e65aece2832f6009
benchmark/results_seed11/lab4dual/training_stereo_false/qtable_initial_stereotypes_false_lab4dual.csv,76c7e1200a5c817c641f0fac6077a813d29a7731ea5b7ca36b5152359bf32840
benchmark/results_seed11/lab4dual/training_stereo_false/TRAINING_OK.json,a98b625006c452a28e11bf5455641101b808da02ecdc39098632064f5d8be236
benchmark/results_seed11/lab4dual/training_stereo_true/coverage_stereotypes_true_lab4dual.csv,7b189acf76d063b0a5311f4c9f394b503b136da4e76eba685128ff40b84de8e6
benchmark/results_seed11/lab4dual/training_stereo_true/first_goal_stereotypes_true_lab4dual.csv,a09602c1dfa8c761307cb7cd7db7f8df69174b707ca7b63fc558f01f355c5989
benchmark/results_seed11/lab4dual/training_stereo_true/iv_stats_stereotypes_true_lab4dual.json,400c28edca8f802395cfd8794a5c2c84fe4d2217dde8c54e797c1f7b4d55b287
benchmark/results_seed11/lab4dual/training_stereo_true/learned_stereotypes_true_lab4dual.ttl,dc0ce901115702ef8308ef92ce65595d2ed6af8e54de2b5ee379973109c1b981
benchmark/results_seed11/lab4dual/training_stereo_true/metrics_stereotypes_true_lab4dual.csv,ebdd207bdd7c1b05ba55884794bd513851f124d25c8ac13b5e6e65b071115334
benchmark/results_seed11/lab4dual/training_stereo_true/qtable_final_stereotypes_true_lab4dual.csv,07c5c95995baf42128087c294630a4c09ab55d7ab7bde72c55ec217e04ea5d54
benchmark/results_seed11/lab4dual/training_stereo_true/qtable_initial_stereotypes_true_lab4dual.csv,0ac9c51af98a5d238d35312958e4ef0068172106b0f793b4ec6e1d534e574776
benchmark/results_seed11/lab4dual/training_stereo_true/TRAINING_OK.json,23cd40873ed115b4e9bbe05f7d8856829dd94c2ed1c61b1efb5799317939d08f
benchmark/results_seed11/lab5/ql_false/bench_step_log_ql_false.csv,93b915f38f785d5cbacbde2c8d82dc4153e59aa846b3f10d859b29a6d315befd
benchmark/results_seed11/lab5/ql_false/benchmark_results_ql_false.csv,dcd74303e37d86268a91c3de8841dedbf60f46cfc975653a0d93802729099178
benchmark/results_seed11/lab5/ql_false/coverage_stereotypes_false_lab5.csv,255dcafeba11747eb9922bca6b7d50fbf928260c597a6682e0afe18d2c8620d5
benchmark/results_seed11/lab5/ql_false/coverage_stereotypes_true_lab5.csv,e060fa72b8cb11b925bb4fa72b2bd9a27f4027269d4f6d8ab24ab60a5f066080
benchmark/results_seed11/lab5/ql_false/first_goal_stereotypes_false_lab5.csv,a09602c1dfa8c761307cb7cd7db7f8df69174b707ca7b63fc558f01f355c5989
benchmark/results_seed11/lab5/ql_false/first_goal_stereotypes_true_lab5.csv,a09602c1dfa8c761307cb7cd7db7f8df69174b707ca7b63fc558f01f355c5989
benchmark/results_seed11/lab5/ql_false/iv_stats_stereotypes_false_lab5.json,283b5bfcdea5bb592cd0253430a6a2aac12645e4f410b4a5a252814596b3c11f
benchmark/results_seed11/lab5/ql_false/iv_stats_stereotypes_true_lab5.json,f2879001bb82d32c038efe6e0789a0aa3a7b22be34fd534d50a36d267195b84b
benchmark/results_seed11/lab5/ql_false/learned_stereotypes_false_lab5.ttl,27cd4d61d07b25752f0cfd17bd72428965837abf76e24c5adf592dc46ee742cd
benchmark/results_seed11/lab5/ql_false/learned_stereotypes_true_lab5.ttl,cfcfeb57b2cdb64870516148c686cbb684c2284562538b4db9f1a88204361609
benchmark/results_seed11/lab5/ql_false/metrics_stereotypes_false_lab5.csv,28ff1f4c43d5db8e8656625021b7390af98a1269ec6b61184776b1f605828354
benchmark/results_seed11/lab5/ql_false/metrics_stereotypes_true_lab5.csv,8b4a64c68359581b0049f5266ec5c4ea4a458db1289668ef039a419b8913d211
benchmark/results_seed11/lab5/ql_false/qtable_final_stereotypes_false_lab5.csv,f6f425c1cd0983d479ed4d71206c1f10ebe70723cd473b986a5b5d6f9506f040
benchmark/results_seed11/lab5/ql_false/qtable_final_stereotypes_false_lab5_trust.csv,8b74a8b2125268f80f75eedc1abd409afe252eae534fb6d33fbc9db761089e9b
benchmark/results_seed11/lab5/ql_false/qtable_final_stereotypes_false_lab5_visits.csv,894f5dd5c9a6265a9bb81a209a615260506b5f9853c3b9a69e51cc5067910725
benchmark/results_seed11/lab5/ql_false/qtable_final_stereotypes_false_lab5_zone1.csv,099ebae7c7f8676c3575b6656f0091c14fa6b8c0d7cb7cc53ca38f5015894ff6
benchmark/results_seed11/lab5/ql_false/qtable_final_stereotypes_false_lab5_zone2.csv,e947a45fbfd409d978f8c497c93f3ee0e9a5f568f598d4dc9d2c775ed0a0721b
benchmark/results_seed11/lab5/ql_false/qtable_final_stereotypes_true_lab5.csv,088360940bb8815b8c65e209bfb91c2e9dda7340affeced6407e5cc542d8fd63
benchmark/results_seed11/lab5/ql_false/qtable_final_stereotypes_true_lab5_trust.csv,8b74a8b2125268f80f75eedc1abd409afe252eae534fb6d33fbc9db761089e9b
benchmark/results_seed11/lab5/ql_false/qtable_final_stereotypes_true_lab5_visits.csv,c3ea511e372a68bbd627f7700a6ecf5852cc313c62aee4d098274c87840b027f
benchmark/results_seed11/lab5/ql_false/qtable_final_stereotypes_true_lab5_zone1.csv,a84c60c95d3171317b13f85849af156d0597cbe11f57716a49bc50c90fb76e8c
benchmark/results_seed11/lab5/ql_false/qtable_final_stereotypes_true_lab5_zone2.csv,3095bc7482561ae4370efab965bff41fa91a2db0ae70e5899acf8357e4d7ddce
benchmark/results_seed11/lab5/ql_false/trace_bench_ql_false.jsonl,e3b0c44298fc1c149afbf4c8996fb92427ae41e4649b934ca495991b7852b855
benchmark/results_seed11/lab5/ql_true/bench_step_log_ql_true.csv,e6b7d3ac4b97954cc42e0c3e2b23dce59e856386e1c195c94538c02ba8bc6651
benchmark/results_seed11/lab5/ql_true/benchmark_results_ql_true.csv,9085bcb564b4869c4686035e6742bf93f4256362de6b183bfa26fbe4a5ae53aa
benchmark/results_seed11/lab5/ql_true/coverage_stereotypes_false_lab5.csv,255dcafeba11747eb9922bca6b7d50fbf928260c597a6682e0afe18d2c8620d5
benchmark/results_seed11/lab5/ql_true/coverage_stereotypes_true_lab5.csv,e060fa72b8cb11b925bb4fa72b2bd9a27f4027269d4f6d8ab24ab60a5f066080
benchmark/results_seed11/lab5/ql_true/first_goal_stereotypes_false_lab5.csv,a09602c1dfa8c761307cb7cd7db7f8df69174b707ca7b63fc558f01f355c5989
benchmark/results_seed11/lab5/ql_true/first_goal_stereotypes_true_lab5.csv,a09602c1dfa8c761307cb7cd7db7f8df69174b707ca7b63fc558f01f355c5989
benchmark/results_seed11/lab5/ql_true/iv_stats_stereotypes_false_lab5.json,283b5bfcdea5bb592cd0253430a6a2aac12645e4f410b4a5a252814596b3c11f
benchmark/results_seed11/lab5/ql_true/iv_stats_stereotypes_true_lab5.json,f2879001bb82d32c038efe6e0789a0aa3a7b22be34fd534d50a36d267195b84b
benchmark/results_seed11/lab5/ql_true/learned_stereotypes_false_lab5.ttl,27cd4d61d07b25752f0cfd17bd72428965837abf76e24c5adf592dc46ee742cd
benchmark/results_seed11/lab5/ql_true/learned_stereotypes_true_lab5.ttl,cfcfeb57b2cdb64870516148c686cbb684c2284562538b4db9f1a88204361609
benchmark/results_seed11/lab5/ql_true/metrics_stereotypes_false_lab5.csv,28ff1f4c43d5db8e8656625021b7390af98a1269ec6b61184776b1f605828354
benchmark/results_seed11/lab5/ql_true/metrics_stereotypes_true_lab5.csv,8b4a64c68359581b0049f5266ec5c4ea4a458db1289668ef039a419b8913d211
benchmark/results_seed11/lab5/ql_true/qtable_final_stereotypes_false_lab5.csv,f6f425c1cd0983d479ed4d71206c1f10ebe70723cd473b986a5b5d6f9506f040
benchmark/results_seed11/lab5/ql_true/qtable_final_stereotypes_false_lab5_trust.csv,8b74a8b2125268f80f75eedc1abd409afe252eae534fb6d33fbc9db761089e9b
benchmark/results_seed11/lab5/ql_true/qtable_final_stereotypes_false_lab5_visits.csv,894f5dd5c9a6265a9bb81a209a615260506b5f9853c3b9a69e51cc5067910725
benchmark/results_seed11/lab5/ql_true/qtable_final_stereotypes_false_lab5_zone1.csv,099ebae7c7f8676c3575b6656f0091c14fa6b8c0d7cb7cc53ca38f5015894ff6
benchmark/results_seed11/lab5/ql_true/qtable_final_stereotypes_false_lab5_zone2.csv,e947a45fbfd409d978f8c497c93f3ee0e9a5f568f598d4dc9d2c775ed0a0721b
benchmark/results_seed11/lab5/ql_true/qtable_final_stereotypes_true_lab5.csv,088360940bb8815b8c65e209bfb91c2e9dda7340affeced6407e5cc542d8fd63
benchmark/results_seed11/lab5/ql_true/qtable_final_stereotypes_true_lab5_trust.csv,8b74a8b2125268f80f75eedc1abd409afe252eae534fb6d33fbc9db761089e9b
benchmark/results_seed11/lab5/ql_true/qtable_final_stereotypes_true_lab5_visits.csv,c3ea511e372a68bbd627f7700a6ecf5852cc313c62aee4d098274c87840b027f
benchmark/results_seed11/lab5/ql_true/qtable_final_stereotypes_true_lab5_zone1.csv,a84c60c95d3171317b13f85849af156d0597cbe11f57716a49bc50c90fb76e8c
benchmark/results_seed11/lab5/ql_true/qtable_final_stereotypes_true_lab5_zone2.csv,3095bc7482561ae4370efab965bff41fa91a2db0ae70e5899acf8357e4d7ddce
benchmark/results_seed11/lab5/ql_true/trace_bench_ql_true.jsonl,e3b0c44298fc1c149afbf4c8996fb92427ae41e4649b934ca495991b7852b855
benchmark/results_seed11/lab5/rule_based/bench_step_log_rule_based.csv,210ad2ed6784542e570d6acc3d2f49d7571b0eb50fcc22e5a336aa3356498cea
benchmark/results_seed11/lab5/rule_based/benchmark_results_rule_based.csv,3100c01e23feedd2d8ca3ea8f1cb2a8b845ec3d0ad0b549b8616ae76d6ff287c
benchmark/results_seed11/lab5/rule_based/coverage_stereotypes_false_lab5.csv,255dcafeba11747eb9922bca6b7d50fbf928260c597a6682e0afe18d2c8620d5
benchmark/results_seed11/lab5/rule_based/coverage_stereotypes_true_lab5.csv,e060fa72b8cb11b925bb4fa72b2bd9a27f4027269d4f6d8ab24ab60a5f066080
benchmark/results_seed11/lab5/rule_based/first_goal_stereotypes_false_lab5.csv,a09602c1dfa8c761307cb7cd7db7f8df69174b707ca7b63fc558f01f355c5989
benchmark/results_seed11/lab5/rule_based/first_goal_stereotypes_true_lab5.csv,a09602c1dfa8c761307cb7cd7db7f8df69174b707ca7b63fc558f01f355c5989
benchmark/results_seed11/lab5/rule_based/iv_stats_stereotypes_false_lab5.json,283b5bfcdea5bb592cd0253430a6a2aac12645e4f410b4a5a252814596b3c11f
benchmark/results_seed11/lab5/rule_based/iv_stats_stereotypes_true_lab5.json,f2879001bb82d32c038efe6e0789a0aa3a7b22be34fd534d50a36d267195b84b
benchmark/results_seed11/lab5/rule_based/learned_stereotypes_false_lab5.ttl,27cd4d61d07b25752f0cfd17bd72428965837abf76e24c5adf592dc46ee742cd
benchmark/results_seed11/lab5/rule_based/learned_stereotypes_true_lab5.ttl,cfcfeb57b2cdb64870516148c686cbb684c2284562538b4db9f1a88204361609
benchmark/results_seed11/lab5/rule_based/metrics_stereotypes_false_lab5.csv,28ff1f4c43d5db8e8656625021b7390af98a1269ec6b61184776b1f605828354
benchmark/results_seed11/lab5/rule_based/metrics_stereotypes_true_lab5.csv,8b4a64c68359581b0049f5266ec5c4ea4a458db1289668ef039a419b8913d211
benchmark/results_seed11/lab5/rule_based/qtable_final_stereotypes_false_lab5.csv,f6f425c1cd0983d479ed4d71206c1f10ebe70723cd473b986a5b5d6f9506f040
benchmark/results_seed11/lab5/rule_based/qtable_final_stereotypes_false_lab5_trust.csv,8b74a8b2125268f80f75eedc1abd409afe252eae534fb6d33fbc9db761089e9b
benchmark/results_seed11/lab5/rule_based/qtable_final_stereotypes_false_lab5_visits.csv,894f5dd5c9a6265a9bb81a209a615260506b5f9853c3b9a69e51cc5067910725
benchmark/results_seed11/lab5/rule_based/qtable_final_stereotypes_false_lab5_zone1.csv,099ebae7c7f8676c3575b6656f0091c14fa6b8c0d7cb7cc53ca38f5015894ff6
benchmark/results_seed11/lab5/rule_based/qtable_final_stereotypes_false_lab5_zone2.csv,e947a45fbfd409d978f8c497c93f3ee0e9a5f568f598d4dc9d2c775ed0a0721b
benchmark/results_seed11/lab5/rule_based/qtable_final_stereotypes_true_lab5.csv,088360940bb8815b8c65e209bfb91c2e9dda7340affeced6407e5cc542d8fd63
benchmark/results_seed11/lab5/rule_based/qtable_final_stereotypes_true_lab5_trust.csv,8b74a8b2125268f80f75eedc1abd409afe252eae534fb6d33fbc9db761089e9b
benchmark/results_seed11/lab5/rule_based/qtable_final_stereotypes_true_lab5_visits.csv,c3ea511e372a68bbd627f7700a6ecf5852cc313c62aee4d098274c87840b027f
benchmark/results_seed11/lab5/rule_based/qtable_final_stereotypes_true_lab5_zone1.csv,a84c60c95d3171317b13f85849af156d0597cbe11f57716a49bc50c90fb76e8c
benchmark/results_seed11/lab5/rule_based/qtable_final_stereotypes_true_lab5_zone2.csv,3095bc7482561ae4370efab965bff41fa91a2db0ae70e5899acf8357e4d7ddce
benchmark/results_seed11/lab5/training_stereo_false/coverage_stereotypes_false_lab5.csv,255dcafeba11747eb9922bca6b7d50fbf928260c597a6682e0afe18d2c8620d5
benchmark/results_seed11/lab5/training_stereo_false/first_goal_stereotypes_false_lab5.csv,a09602c1dfa8c761307cb7cd7db7f8df69174b707ca7b63fc558f01f355c5989
benchmark/results_seed11/lab5/training_stereo_false/iv_stats_stereotypes_false_lab5.json,283b5bfcdea5bb592cd0253430a6a2aac12645e4f410b4a5a252814596b3c11f
benchmark/results_seed11/lab5/training_stereo_false/learned_stereotypes_false_lab5.ttl,27cd4d61d07b25752f0cfd17bd72428965837abf76e24c5adf592dc46ee742cd
benchmark/results_seed11/lab5/training_stereo_false/metrics_stereotypes_false_lab5.csv,28ff1f4c43d5db8e8656625021b7390af98a1269ec6b61184776b1f605828354
benchmark/results_seed11/lab5/training_stereo_false/qtable_final_stereotypes_false_lab5.csv,f6f425c1cd0983d479ed4d71206c1f10ebe70723cd473b986a5b5d6f9506f040
benchmark/results_seed11/lab5/training_stereo_false/qtable_initial_stereotypes_false_lab5.csv,1f719efe3de3b894c6215931199c79ea5417981a846581751ac34959ed93d4a7
benchmark/results_seed11/lab5/training_stereo_false/TRAINING_OK.json,197c6c57976d9f950026678980adf18cff51f21e77e033c797db37213e8a8a97
benchmark/results_seed11/lab5/training_stereo_true/coverage_stereotypes_true_lab5.csv,e060fa72b8cb11b925bb4fa72b2bd9a27f4027269d4f6d8ab24ab60a5f066080
benchmark/results_seed11/lab5/training_stereo_true/first_goal_stereotypes_true_lab5.csv,a09602c1dfa8c761307cb7cd7db7f8df69174b707ca7b63fc558f01f355c5989
benchmark/results_seed11/lab5/training_stereo_true/iv_stats_stereotypes_true_lab5.json,f2879001bb82d32c038efe6e0789a0aa3a7b22be34fd534d50a36d267195b84b
benchmark/results_seed11/lab5/training_stereo_true/learned_stereotypes_true_lab5.ttl,cfcfeb57b2cdb64870516148c686cbb684c2284562538b4db9f1a88204361609
benchmark/results_seed11/lab5/training_stereo_true/metrics_stereotypes_true_lab5.csv,8b4a64c68359581b0049f5266ec5c4ea4a458db1289668ef039a419b8913d211
benchmark/results_seed11/lab5/training_stereo_true/qtable_final_stereotypes_true_lab5.csv,088360940bb8815b8c65e209bfb91c2e9dda7340affeced6407e5cc542d8fd63
benchmark/results_seed11/lab5/training_stereo_true/qtable_initial_stereotypes_true_lab5.csv,78732e9f547e4ba2efc6ae510da7171030396e3b820ef3b90f6bd7c248cb5a41
benchmark/results_seed11/lab5/training_stereo_true/TRAINING_OK.json,d68885b0f9ede5593461971d3565f2ac44f7ca4718d32720157decd329c39ec6
benchmark/results_seed12/lab4/ql_false/bench_step_log_ql_false.csv,b97312cd580c5b72ffdf7c6ac9d4668d9a1b82afb05a87c56fce56c4d2329820
benchmark/results_seed12/lab4/ql_false/benchmark_results_ql_false.csv,04e866a5a3f990e79fb40623218868a48c2a12c55a25b39dab43d429afe408df
benchmark/results_seed12/lab4/ql_false/coverage_stereotypes_false_lab4.csv,63d91096b3364fcb1466a8d2f1751a33089e39c693ad533f3094a66000761d42
benchmark/results_seed12/lab4/ql_false/coverage_stereotypes_true_lab4.csv,e9ae4180f76b4e6174efde0a96f393a141e3277d09ac778a34260fd6b6981eb1
benchmark/results_seed12/lab4/ql_false/first_goal_stereotypes_false_lab4.csv,c0a827bf008ab49dad9f6f260fca4c60fd82b4502b041e057cc80ddea75910f6
benchmark/results_seed12/lab4/ql_false/first_goal_stereotypes_true_lab4.csv,a09602c1dfa8c761307cb7cd7db7f8df69174b707ca7b63fc558f01f355c5989
benchmark/results_seed12/lab4/ql_false/iv_stats_stereotypes_false_lab4.json,8c73102f8239410dae7b51362961c54065f457b9509776f243fbff95356d3b27
benchmark/results_seed12/lab4/ql_false/iv_stats_stereotypes_true_lab4.json,d582ff21bece4b0bd6545f3f31a8f365e755fa85eb0859abb677fe5c21027757
benchmark/results_seed12/lab4/ql_false/learned_stereotypes_false_lab4.ttl,8c3bf1228f470ffdad89896e1e298bd4034b5aa8f85a25092d08105be7acbc0c
benchmark/results_seed12/lab4/ql_false/learned_stereotypes_true_lab4.ttl,f987c6f9dccf2089613da84b6c7aa758700d8e2d1ac869938b146f0e70587caf
benchmark/results_seed12/lab4/ql_false/metrics_stereotypes_false_lab4.csv,46092bddbcd4d6053801846b6a48f1e163b74b72486eccbd432d644bbca1a7f0
benchmark/results_seed12/lab4/ql_false/metrics_stereotypes_true_lab4.csv,c60be833ec18b434b0b52c92de5a8ef481d8cbdf0286184daf6dbf895e82e489
benchmark/results_seed12/lab4/ql_false/qtable_final_stereotypes_false_lab4.csv,b02a5137fe58c15e4388f44110ddbd51e90ac00bbad229182bc0ff19f35ab621
benchmark/results_seed12/lab4/ql_false/qtable_final_stereotypes_false_lab4_trust.csv,8b74a8b2125268f80f75eedc1abd409afe252eae534fb6d33fbc9db761089e9b
benchmark/results_seed12/lab4/ql_false/qtable_final_stereotypes_false_lab4_visits.csv,7a8dc29b524ada2746db075906e66b3677f9a16038a33c82679192a14b81fd71
benchmark/results_seed12/lab4/ql_false/qtable_final_stereotypes_false_lab4_zone1.csv,4cd9cb07e7c29058097238a2ca35f3c75c52aeb2171a26d5810cc80a4161f747
benchmark/results_seed12/lab4/ql_false/qtable_final_stereotypes_false_lab4_zone2.csv,88fd78ff54d63c6f708c62603020ab3adb44774fc0f3cb8476e990d134017c8c
benchmark/results_seed12/lab4/ql_false/qtable_final_stereotypes_true_lab4.csv,49352c65080bada03d3cbbaf872c980688185b205e2f8313da6e00fd389cbc0b
benchmark/results_seed12/lab4/ql_false/qtable_final_stereotypes_true_lab4_trust.csv,8b74a8b2125268f80f75eedc1abd409afe252eae534fb6d33fbc9db761089e9b
benchmark/results_seed12/lab4/ql_false/qtable_final_stereotypes_true_lab4_visits.csv,c56c2774ed1caa87189e02676ec26afe023acc4afd603ebe5a4427efe28ab3c1
benchmark/results_seed12/lab4/ql_false/qtable_final_stereotypes_true_lab4_zone1.csv,94f29efdf536c8281c8f560d8912d7980414787c99cdff11dc118514e5141d42
benchmark/results_seed12/lab4/ql_false/qtable_final_stereotypes_true_lab4_zone2.csv,46996d7ab97bcbd997ea7f582d9a920bf7f2e1af724852131292e8d1f7b11933
benchmark/results_seed12/lab4/ql_false/trace_bench_ql_false.jsonl,e3b0c44298fc1c149afbf4c8996fb92427ae41e4649b934ca495991b7852b855
benchmark/results_seed12/lab4/ql_true/bench_step_log_ql_true.csv,226aab02aae12d2bc6a513022336195f9af645bb3fa99f341663b26bb6e3aacd
benchmark/results_seed12/lab4/ql_true/benchmark_results_ql_true.csv,8420f7f1bfe61e96e6d584af521aa0ec7e923b62517a58076453c6536d37f0b6
benchmark/results_seed12/lab4/ql_true/coverage_stereotypes_false_lab4.csv,63d91096b3364fcb1466a8d2f1751a33089e39c693ad533f3094a66000761d42
benchmark/results_seed12/lab4/ql_true/coverage_stereotypes_true_lab4.csv,e9ae4180f76b4e6174efde0a96f393a141e3277d09ac778a34260fd6b6981eb1
benchmark/results_seed12/lab4/ql_true/first_goal_stereotypes_false_lab4.csv,c0a827bf008ab49dad9f6f260fca4c60fd82b4502b041e057cc80ddea75910f6
benchmark/results_seed12/lab4/ql_true/first_goal_stereotypes_true_lab4.csv,a09602c1dfa8c761307cb7cd7db7f8df69174b707ca7b63fc558f01f355c5989
benchmark/results_seed12/lab4/ql_true/iv_stats_stereotypes_false_lab4.json,8c73102f8239410dae7b51362961c54065f457b9509776f243fbff95356d3b27
benchmark/results_seed12/lab4/ql_true/iv_stats_stereotypes_true_lab4.json,d582ff21bece4b0bd6545f3f31a8f365e755fa85eb0859abb677fe5c21027757
benchmark/results_seed12/lab4/ql_true/learned_stereotypes_false_lab4.ttl,8c3bf1228f470ffdad89896e1e298bd4034b5aa8f85a25092d08105be7acbc0c
benchmark/results_seed12/lab4/ql_true/learned_stereotypes_true_lab4.ttl,f987c6f9dccf2089613da84b6c7aa758700d8e2d1ac869938b146f0e70587caf
benchmark/results_seed12/lab4/ql_true/metrics_stereotypes_false_lab4.csv,46092bddbcd4d6053801846b6a48f1e163b74b72486eccbd432d644bbca1a7f0
benchmark/results_seed12/lab4/ql_true/metrics_stereotypes_true_lab4.csv,c60be833ec18b434b0b52c92de5a8ef481d8cbdf0286184daf6dbf895e82e489
benchmark/results_seed12/lab4/ql_true/qtable_final_stereotypes_false_lab4.csv,b02a5137fe58c15e4388f44110ddbd51e90ac00bbad229182bc0ff19f35ab621
benchmark/results_seed12/lab4/ql_true/qtable_final_stereotypes_false_lab4_trust.csv,8b74a8b2125268f80f75eedc1abd409afe252eae534fb6d33fbc9db761089e9b
benchmark/results_seed12/lab4/ql_true/qtable_final_stereotypes_false_lab4_visits.csv,7a8dc29b524ada2746db075906e66b3677f9a16038a33c82679192a14b81fd71
benchmark/results_seed12/lab4/ql_true/qtable_final_stereotypes_false_lab4_zone1.csv,4cd9cb07e7c29058097238a2ca35f3c75c52aeb2171a26d5810cc80a4161f747
benchmark/results_seed12/lab4/ql_true/qtable_final_stereotypes_false_lab4_zone2.csv,88fd78ff54d63c6f708c62603020ab3adb44774fc0f3cb8476e990d134017c8c
benchmark/results_seed12/lab4/ql_true/qtable_final_stereotypes_true_lab4.csv,49352c65080bada03d3cbbaf872c980688185b205e2f8313da6e00fd389cbc0b
benchmark/results_seed12/lab4/ql_true/qtable_final_stereotypes_true_lab4_trust.csv,8b74a8b2125268f80f75eedc1abd409afe252eae534fb6d33fbc9db761089e9b
benchmark/results_seed12/lab4/ql_true/qtable_final_stereotypes_true_lab4_visits.csv,c56c2774ed1caa87189e02676ec26afe023acc4afd603ebe5a4427efe28ab3c1
benchmark/results_seed12/lab4/ql_true/qtable_final_stereotypes_true_lab4_zone1.csv,94f29efdf536c8281c8f560d8912d7980414787c99cdff11dc118514e5141d42
benchmark/results_seed12/lab4/ql_true/qtable_final_stereotypes_true_lab4_zone2.csv,46996d7ab97bcbd997ea7f582d9a920bf7f2e1af724852131292e8d1f7b11933
benchmark/results_seed12/lab4/ql_true/trace_bench_ql_true.jsonl,e3b0c44298fc1c149afbf4c8996fb92427ae41e4649b934ca495991b7852b855
benchmark/results_seed12/lab4/rule_based/bench_step_log_rule_based.csv,dcbc4327da082492479ba30ccd4da61be5ac2d9659746d470daad350664a098d
benchmark/results_seed12/lab4/rule_based/benchmark_results_rule_based.csv,f201966c9ad516c3ee19d3e29315cac0c807498ed8e983c9e522c4d9121e9b19
benchmark/results_seed12/lab4/rule_based/coverage_stereotypes_false_lab4.csv,63d91096b3364fcb1466a8d2f1751a33089e39c693ad533f3094a66000761d42
benchmark/results_seed12/lab4/rule_based/coverage_stereotypes_true_lab4.csv,e9ae4180f76b4e6174efde0a96f393a141e3277d09ac778a34260fd6b6981eb1
benchmark/results_seed12/lab4/rule_based/first_goal_stereotypes_false_lab4.csv,c0a827bf008ab49dad9f6f260fca4c60fd82b4502b041e057cc80ddea75910f6
benchmark/results_seed12/lab4/rule_based/first_goal_stereotypes_true_lab4.csv,a09602c1dfa8c761307cb7cd7db7f8df69174b707ca7b63fc558f01f355c5989
benchmark/results_seed12/lab4/rule_based/iv_stats_stereotypes_false_lab4.json,8c73102f8239410dae7b51362961c54065f457b9509776f243fbff95356d3b27
benchmark/results_seed12/lab4/rule_based/iv_stats_stereotypes_true_lab4.json,d582ff21bece4b0bd6545f3f31a8f365e755fa85eb0859abb677fe5c21027757
benchmark/results_seed12/lab4/rule_based/learned_stereotypes_false_lab4.ttl,8c3bf1228f470ffdad89896e1e298bd4034b5aa8f85a25092d08105be7acbc0c
benchmark/results_seed12/lab4/rule_based/learned_stereotypes_true_lab4.ttl,f987c6f9dccf2089613da84b6c7aa758700d8e2d1ac869938b146f0e70587caf
benchmark/results_seed12/lab4/rule_based/metrics_stereotypes_false_lab4.csv,46092bddbcd4d6053801846b6a48f1e163b74b72486eccbd432d644bbca1a7f0
benchmark/results_seed12/lab4/rule_based/metrics_stereotypes_true_lab4.csv,c60be833ec18b434b0b52c92de5a8ef481d8cbdf0286184daf6dbf895e82e489
benchmark/results_seed12/lab4/rule_based/qtable_final_stereotypes_false_lab4.csv,b02a5137fe58c15e4388f44110ddbd51e90ac00bbad229182bc0ff19f35ab621
benchmark/results_seed12/lab4/rule_based/qtable_final_stereotypes_false_lab4_trust.csv,8b74a8b2125268f80f75eedc1abd409afe252eae534fb6d33fbc9db761089e9b
benchmark/results_seed12/lab4/rule_based/qtable_final_stereotypes_false_lab4_visits.csv,7a8dc29b524ada2746db075906e66b3677f9a16038a33c82679192a14b81fd71
benchmark/results_seed12/lab4/rule_based/qtable_final_stereotypes_false_lab4_zone1.csv,4cd9cb07e7c29058097238a2ca35f3c75c52aeb2171a26d5810cc80a4161f747
benchmark/results_seed12/lab4/rule_based/qtable_final_stereotypes_false_lab4_zone2.csv,88fd78ff54d63c6f708c62603020ab3adb44774fc0f3cb8476e990d134017c8c
benchmark/results_seed12/lab4/rule_based/qtable_final_stereotypes_true_lab4.csv,49352c65080bada03d3cbbaf872c980688185b205e2f8313da6e00fd389cbc0b
benchmark/results_seed12/lab4/rule_based/qtable_final_stereotypes_true_lab4_trust.csv,8b74a8b2125268f80f75eedc1abd409afe252eae534fb6d33fbc9db761089e9b
benchmark/results_seed12/lab4/rule_based/qtable_final_stereotypes_true_lab4_visits.csv,c56c2774ed1caa87189e02676ec26afe023acc4afd603ebe5a4427efe28ab3c1
benchmark/results_seed12/lab4/rule_based/qtable_final_stereotypes_true_lab4_zone1.csv,94f29efdf536c8281c8f560d8912d7980414787c99cdff11dc118514e5141d42
benchmark/results_seed12/lab4/rule_based/qtable_final_stereotypes_true_lab4_zone2.csv,46996d7ab97bcbd997ea7f582d9a920bf7f2e1af724852131292e8d1f7b11933
benchmark/results_seed12/lab4/training_stereo_false/coverage_stereotypes_false_lab4.csv,63d91096b3364fcb1466a8d2f1751a33089e39c693ad533f3094a66000761d42
benchmark/results_seed12/lab4/training_stereo_false/first_goal_stereotypes_false_lab4.csv,c0a827bf008ab49dad9f6f260fca4c60fd82b4502b041e057cc80ddea75910f6
benchmark/results_seed12/lab4/training_stereo_false/iv_stats_stereotypes_false_lab4.json,8c73102f8239410dae7b51362961c54065f457b9509776f243fbff95356d3b27
benchmark/results_seed12/lab4/training_stereo_false/learned_stereotypes_false_lab4.ttl,8c3bf1228f470ffdad89896e1e298bd4034b5aa8f85a25092d08105be7acbc0c
benchmark/results_seed12/lab4/training_stereo_false/metrics_stereotypes_false_lab4.csv,46092bddbcd4d6053801846b6a48f1e163b74b72486eccbd432d644bbca1a7f0
benchmark/results_seed12/lab4/training_stereo_false/qtable_final_stereotypes_false_lab4.csv,b02a5137fe58c15e4388f44110ddbd51e90ac00bbad229182bc0ff19f35ab621
benchmark/results_seed12/lab4/training_stereo_false/qtable_initial_stereotypes_false_lab4.csv,e7a805786d46aebc891069aaff4b80200c4fca7991e24d1c39adfbccc5be20ee
benchmark/results_seed12/lab4/training_stereo_false/TRAINING_OK.json,c22670bd3a0d0073b3a43c9e11a6f0d3980d99241865f4cdab7c0279a784ee36
benchmark/results_seed12/lab4/training_stereo_true/coverage_stereotypes_true_lab4.csv,e9ae4180f76b4e6174efde0a96f393a141e3277d09ac778a34260fd6b6981eb1
benchmark/results_seed12/lab4/training_stereo_true/first_goal_stereotypes_true_lab4.csv,a09602c1dfa8c761307cb7cd7db7f8df69174b707ca7b63fc558f01f355c5989
benchmark/results_seed12/lab4/training_stereo_true/iv_stats_stereotypes_true_lab4.json,d582ff21bece4b0bd6545f3f31a8f365e755fa85eb0859abb677fe5c21027757
benchmark/results_seed12/lab4/training_stereo_true/learned_stereotypes_true_lab4.ttl,f987c6f9dccf2089613da84b6c7aa758700d8e2d1ac869938b146f0e70587caf
benchmark/results_seed12/lab4/training_stereo_true/metrics_stereotypes_true_lab4.csv,c60be833ec18b434b0b52c92de5a8ef481d8cbdf0286184daf6dbf895e82e489
benchmark/results_seed12/lab4/training_stereo_true/qtable_final_stereotypes_true_lab4.csv,49352c65080bada03d3cbbaf872c980688185b205e2f8313da6e00fd389cbc0b
benchmark/results_seed12/lab4/training_stereo_true/qtable_initial_stereotypes_true_lab4.csv,a34227689301a8b03f01964727db05c0cd5ac3ca6fef2c062cbacaa11b196a6e
benchmark/results_seed12/lab4/training_stereo_true/TRAINING_OK.json,2da04e796f0be781bfc7a9122d56d4c082757af4da124caedc25f2dc84bae7d0
benchmark/results_seed12/lab4chain/ql_false/bench_step_log_ql_false.csv,46e2b606a988d82b6f1ecb1e24e7a7229f8aff7bd13f2c12aca074e05d637f8b
benchmark/results_seed12/lab4chain/ql_false/benchmark_results_ql_false.csv,e28a42dac65d55ae22a6e686b3fb49b158d3585003a75ecd4fcf57aff539d775
benchmark/results_seed12/lab4chain/ql_false/coverage_stereotypes_false_lab4chain.csv,e007482fe7b62006c48029d511c03e6b1f895b223b3e44a27b9702346f97cda8
benchmark/results_seed12/lab4chain/ql_false/coverage_stereotypes_true_lab4chain.csv,2943b2290d4402acaa118ff8d06ba59ebf1f7b0e80c4cbc6b5ed3a89ea37b2cc
benchmark/results_seed12/lab4chain/ql_false/first_goal_stereotypes_false_lab4chain.csv,a09602c1dfa8c761307cb7cd7db7f8df69174b707ca7b63fc558f01f355c5989
benchmark/results_seed12/lab4chain/ql_false/first_goal_stereotypes_true_lab4chain.csv,a09602c1dfa8c761307cb7cd7db7f8df69174b707ca7b63fc558f01f355c5989
benchmark/results_seed12/lab4chain/ql_false/iv_stats_stereotypes_false_lab4chain.json,6dca13dd2a642bfb46685111dc3761f8f83b5534c53c9b97370dc840d15bfc26
benchmark/results_seed12/lab4chain/ql_false/iv_stats_stereotypes_true_lab4chain.json,1a84420c3665dcb1edc5250e7bb5b5407a98d0b54a8a96dd2deb67adecaf4f6d
benchmark/results_seed12/lab4chain/ql_false/learned_stereotypes_false_lab4chain.ttl,8f4aa59cb72fe0dfa8a054ea5ec220550490f84e9542f727ca5e4382d8545fa7
benchmark/results_seed12/lab4chain/ql_false/learned_stereotypes_true_lab4chain.ttl,a3b0420d5acbaccac100e205d3f6bcc29250d0ba2b989243ab7f2fcc422f53b6
benchmark/results_seed12/lab4chain/ql_false/metrics_stereotypes_false_lab4chain.csv,98670040cd11475a11a37f63fefa2a8b1447bdc1c0dfb7ab472b343c5fc25347
benchmark/results_seed12/lab4chain/ql_false/metrics_stereotypes_true_lab4chain.csv,6caec30c325bf0673f7547f70fbe51f047d8f13f27f17ac532fa6516bde6de76
benchmark/results_seed12/lab4chain/ql_false/qtable_final_stereotypes_false_lab4chain.csv,c252978f135bf20777d2a0cc6f84bb39cd0348a0a35b9ba80f20f3a4323940e7
benchmark/results_seed12/lab4chain/ql_false/qtable_final_stereotypes_false_lab4chain_trust.csv,8b74a8b2125268f80f75eedc1abd409afe252eae534fb6d33fbc9db761089e9b
benchmark/results_seed12/lab4chain/ql_false/qtable_final_stereotypes_false_lab4chain_visits.csv,bb2664ab5e09483a0f1a2d96297fb351bb082dc76591a917b187cc66247179a1
benchmark/results_seed12/lab4chain/ql_false/qtable_final_stereotypes_false_lab4chain_zone1.csv,ac7c0f35a4af7af43c3a0d742e03a7a93b1b0a22593d84bc05092f1628bc9710
benchmark/results_seed12/lab4chain/ql_false/qtable_final_stereotypes_false_lab4chain_zone2.csv,1337c5e73fb6a1f2b122dec208bcd906974557dc0dda52f0296c299d3d464b02
benchmark/results_seed12/lab4chain/ql_false/qtable_final_stereotypes_true_lab4chain.csv,c1af6cb16ce5c3b72d9e5ab8aefc193e68fcbd9fd664460e48197e347b5de7fb
benchmark/results_seed12/lab4chain/ql_false/qtable_final_stereotypes_true_lab4chain_trust.csv,8b74a8b2125268f80f75eedc1abd409afe252eae534fb6d33fbc9db761089e9b
benchmark/results_seed12/lab4chain/ql_false/qtable_final_stereotypes_true_lab4chain_visits.csv,e1a6ebc27039f63277d7c275aaaf02e76e4eb53a0d9bbd1fe0e51217c5497528
benchmark/results_seed12/lab4chain/ql_false/qtable_final_stereotypes_true_lab4chain_zone1.csv,7286f8a3468f897cadbb6cd45bb5da37c391c9ace3eed0714a4770d67aa55753
benchmark/results_seed12/lab4chain/ql_false/qtable_final_stereotypes_true_lab4chain_zone2.csv,57a9edc30d2056f850e9dcd17f0b03edfe75e738350170d5cb0e6c870fe3df6c
benchmark/results_seed12/lab4chain/ql_false/trace_bench_ql_false.jsonl,e3b0c44298fc1c149afbf4c8996fb92427ae41e4649b934ca495991b7852b855
benchmark/results_seed12/lab4chain/ql_true/bench_step_log_ql_true.csv,e2a39dc1bb7abb82edb35f853217184449aa856e226eb170f0d6cb0539279010
benchmark/results_seed12/lab4chain/ql_true/benchmark_results_ql_true.csv,beebf9ff4ccd2a52e9e7080175e93814d3d42fde31787a5f847fbbfbb082cf89
benchmark/results_seed12/lab4chain/ql_true/coverage_stereotypes_false_lab4chain.csv,e007482fe7b62006c48029d511c03e6b1f895b223b3e44a27b9702346f97cda8
benchmark/results_seed12/lab4chain/ql_true/coverage_stereotypes_true_lab4chain.csv,2943b2290d4402acaa118ff8d06ba59ebf1f7b0e80c4cbc6b5ed3a89ea37b2cc
benchmark/results_seed12/lab4chain/ql_true/first_goal_stereotypes_false_lab4chain.csv,a09602c1dfa8c761307cb7cd7db7f8df69174b707ca7b63fc558f01f355c5989
benchmark/results_seed12/lab4chain/ql_true/first_goal_stereotypes_true_lab4chain.csv,a09602c1dfa8c761307cb7cd7db7f8df69174b707ca7b63fc558f01f355c5989
benchmark/results_seed12/lab4chain/ql_true/iv_stats_stereotypes_false_lab4chain.json,6dca13dd2a642bfb46685111dc3761f8f83b5534c53c9b97370dc840d15bfc26
benchmark/results_seed12/lab4chain/ql_true/iv_stats_stereotypes_true_lab4chain.json,1a84420c3665dcb1edc5250e7bb5b5407a98d0b54a8a96dd2deb67adecaf4f6d
benchmark/results_seed12/lab4chain/ql_true/learned_stereotypes_false_lab4chain.ttl,8f4aa59cb72fe0dfa8a054ea5ec220550490f84e9542f727ca5e4382d8545fa7
benchmark/results_seed12/lab4chain/ql_true/learned_stereotypes_true_lab4chain.ttl,a3b0420d5acbaccac100e205d3f6bcc29250d0ba2b989243ab7f2fcc422f53b6
benchmark/results_seed12/lab4chain/ql_true/metrics_stereotypes_false_lab4chain.csv,98670040cd11475a11a37f63fefa2a8b1447bdc1c0dfb7ab472b343c5fc25347
benchmark/results_seed12/lab4chain/ql_true/metrics_stereotypes_true_lab4chain.csv,6caec30c325bf0673f7547f70fbe51f047d8f13f27f17ac532fa6516bde6de76
benchmark/results_seed12/lab4chain/ql_true/qtable_final_stereotypes_false_lab4chain.csv,c252978f135bf20777d2a0cc6f84bb39cd0348a0a35b9ba80f20f3a4323940e7
benchmark/results_seed12/lab4chain/ql_true/qtable_final_stereotypes_false_lab4chain_trust.csv,8b74a8b2125268f80f75eedc1abd409afe252eae534fb6d33fbc9db761089e9b
benchmark/results_seed12/lab4chain/ql_true/qtable_final_stereotypes_false_lab4chain_visits.csv,bb2664ab5e09483a0f1a2d96297fb351bb082dc76591a917b187cc66247179a1
benchmark/results_seed12/lab4chain/ql_true/qtable_final_stereotypes_false_lab4chain_zone1.csv,ac7c0f35a4af7af43c3a0d742e03a7a93b1b0a22593d84bc05092f1628bc9710
benchmark/results_seed12/lab4chain/ql_true/qtable_final_stereotypes_false_lab4chain_zone2.csv,1337c5e73fb6a1f2b122dec208bcd906974557dc0dda52f0296c299d3d464b02
benchmark/results_seed12/lab4chain/ql_true/qtable_final_stereotypes_true_lab4chain.csv,c1af6cb16ce5c3b72d9e5ab8aefc193e68fcbd9fd664460e48197e347b5de7fb
benchmark/results_seed12/lab4chain/ql_true/qtable_final_stereotypes_true_lab4chain_trust.csv,8b74a8b2125268f80f75eedc1abd409afe252eae534fb6d33fbc9db761089e9b
benchmark/results_seed12/lab4chain/ql_true/qtable_final_stereotypes_true_lab4chain_visits.csv,e1a6ebc27039f63277d7c275aaaf02e76e4eb53a0d9bbd1fe0e51217c5497528
benchmark/results_seed12/lab4chain/ql_true/qtable_final_stereotypes_true_lab4chain_zone1.csv,7286f8a3468f897cadbb6cd45bb5da37c391c9ace3eed0714a4770d67aa55753
benchmark/results_seed12/lab4chain/ql_true/qtable_final_stereotypes_true_lab4chain_zone2.csv,57a9edc30d2056f850e9dcd17f0b03edfe75e738350170d5cb0e6c870fe3df6c
benchmark/results_seed12/lab4chain/ql_true/trace_bench_ql_true.jsonl,e3b0c44298fc1c149afbf4c8996fb92427ae41e4649b934ca495991b7852b855
benchmark/results_seed12/lab4chain/rule_based/bench_step_log_rule_based.csv,80c72f4e1cceb1e8d37ced41e08fdf772dce607596a4f6e207a0fb1080d0716a
benchmark/results_seed12/lab4chain/rule_based/benchmark_results_rule_based.csv,9a2308e6e533c93fe5212b08e8dd7e6f1a1e1da70369d4bd600aa175745fec8d
benchmark/results_seed12/lab4chain/rule_based/coverage_stereotypes_false_lab4chain.csv,e007482fe7b62006c48029d511c03e6b1f895b223b3e44a27b9702346f97cda8
benchmark/results_seed12/lab4chain/rule_based/coverage_stereotypes_true_lab4chain.csv,2943b2290d4402acaa118ff8d06ba59ebf1f7b0e80c4cbc6b5ed3a89ea37b2cc
benchmark/results_seed12/lab4chain/rule_based/first_goal_stereotypes_false_lab4chain.csv,a09602c1dfa8c761307cb7cd7db7f8df69174b707ca7b63fc558f01f355c5989
benchmark/results_seed12/lab4chain/rule_based/first_goal_stereotypes_true_lab4chain.csv,a09602c1dfa8c761307cb7cd7db7f8df69174b707ca7b63fc558f01f355c5989
benchmark/results_seed12/lab4chain/rule_based/iv_stats_stereotypes_false_lab4chain.json,6dca13dd2a642bfb46685111dc3761f8f83b5534c53c9b97370dc840d15bfc26
benchmark/results_seed12/lab4chain/rule_based/iv_stats_stereotypes_true_lab4chain.json,1a84420c3665dcb1edc5250e7bb5b5407a98d0b54a8a96dd2deb67adecaf4f6d
benchmark/results_seed12/lab4chain/rule_based/learned_stereotypes_false_lab4chain.ttl,8f4aa59cb72fe0dfa8a054ea5ec220550490f84e9542f727ca5e4382d8545fa7
benchmark/results_seed12/lab4chain/rule_based/learned_stereotypes_true_lab4chain.ttl,a3b0420d5acbaccac100e205d3f6bcc29250d0ba2b989243ab7f2fcc422f53b6
benchmark/results_seed12/lab4chain/rule_based/metrics_stereotypes_false_lab4chain.csv,98670040cd11475a11a37f63fefa2a8b1447bdc1c0dfb7ab472b343c5fc25347
benchmark/results_seed12/lab4chain/rule_based/metrics_stereotypes_true_lab4chain.csv,6caec30c325bf0673f7547f70fbe51f047d8f13f27f17ac532fa6516bde6de76
benchmark/results_seed12/lab4chain/rule_based/qtable_final_stereotypes_false_lab4chain.csv,c252978f135bf20777d2a0cc6f84bb39cd0348a0a35b9ba80f20f3a4323940e7
benchmark/results_seed12/lab4chain/rule_based/qtable_final_stereotypes_false_lab4chain_trust.csv,8b74a8b2125268f80f75eedc1abd409afe252eae534fb6d33fbc9db761089e9b
benchmark/results_seed12/lab4chain/rule_based/qtable_final_stereotypes_false_lab4chain_visits.csv,bb2664ab5e09483a0f1a2d96297fb351bb082dc76591a917b187cc66247179a1
benchmark/results_seed12/lab4chain/rule_based/qtable_final_stereotypes_false_lab4chain_zone1.csv,ac7c0f35a4af7af43c3a0d742e03a7a93b1b0a22593d84bc05092f1628bc9710
benchmark/results_seed12/lab4chain/rule_based/qtable_final_stereotypes_false_lab4chain_zone2.csv,1337c5e73fb6a1f2b122dec208bcd906974557dc0dda52f0296c299d3d464b02
benchmark/results_seed12/lab4chain/rule_based/qtable_final_stereotypes_true_lab4chain.csv,c1af6cb16ce5c3b72d9e5ab8aefc193e68fcbd9fd664460e48197e347b5de7fb
benchmark/results_seed12/lab4chain/rule_based/qtable_final_stereotypes_true_lab4chain_trust.csv,8b74a8b2125268f80f75eedc1abd409afe252eae534fb6d33fbc9db761089e9b
benchmark/results_seed12/lab4chain/rule_based/qtable_final_stereotypes_true_lab4chain_visits.csv,e1a6ebc27039f63277d7c275aaaf02e76e4eb53a0d9bbd1fe0e51217c5497528
benchmark/results_seed12/lab4chain/rule_based/qtable_final_stereotypes_true_lab4chain_zone1.csv,7286f8a3468f897cadbb6cd45bb5da37c391c9ace3eed0714a4770d67aa55753
benchmark/results_seed12/lab4chain/rule_based/qtable_final_stereotypes_true_lab4chain_zone2.csv,57a9edc30d2056f850e9dcd17f0b03edfe75e738350170d5cb0e6c870fe3df6c
benchmark/results_seed12/lab4chain/training_stereo_false/coverage_stereotypes_false_lab4chain.csv,e007482fe7b62006c48029d511c03e6b1f895b223b3e44a27b9702346f97cda8
benchmark/results_seed12/lab4chain/training_stereo_false/first_goal_stereotypes_false_lab4chain.csv,a09602c1dfa8c761307cb7cd7db7f8df69174b707ca7b63fc558f01f355c5989
benchmark/results_seed12/lab4chain/training_stereo_false/iv_stats_stereotypes_false_lab4chain.json,6dca13dd2a642bfb46685111dc3761f8f83b5534c53c9b97370dc840d15bfc26
benchmark/results_seed12/lab4chain/training_stereo_false/learned_stereotypes_false_lab4chain.ttl,8f4aa59cb72fe0dfa8a054ea5ec220550490f84e9542f727ca5e4382d8545fa7
benchmark/results_seed12/lab4chain/training_stereo_false/metrics_stereotypes_false_lab4chain.csv,98670040cd11475a11a37f63fefa2a8b1447bdc1c0dfb7ab472b343c5fc25347
benchmark/results_seed12/lab4chain/training_stereo_false/qtable_final_stereotypes_false_lab4chain.csv,c252978f135bf20777d2a0cc6f84bb39cd0348a0a35b9ba80f20f3a4323940e7
benchmark/results_seed12/lab4chain/training_stereo_false/qtable_initial_stereotypes_false_lab4chain.csv,8e651424be7fc1e8f08b3ca8d4f82f240e9f7fc9a9db7c05f461ed8ca6c14a18
benchmark/results_seed12/lab4chain/training_stereo_false/TRAINING_OK.json,14f63f36d9e129490c2480115494137caa4728adc5964b226585a59cc7f6787a
benchmark/results_seed12/lab4chain/training_stereo_true/coverage_stereotypes_true_lab4chain.csv,2943b2290d4402acaa118ff8d06ba59ebf1f7b0e80c4cbc6b5ed3a89ea37b2cc
benchmark/results_seed12/lab4chain/training_stereo_true/first_goal_stereotypes_true_lab4chain.csv,a09602c1dfa8c761307cb7cd7db7f8df69174b707ca7b63fc558f01f355c5989
benchmark/results_seed12/lab4chain/training_stereo_true/iv_stats_stereotypes_true_lab4chain.json,1a84420c3665dcb1edc5250e7bb5b5407a98d0b54a8a96dd2deb67adecaf4f6d
benchmark/results_seed12/lab4chain/training_stereo_true/learned_stereotypes_true_lab4chain.ttl,a3b0420d5acbaccac100e205d3f6bcc29250d0ba2b989243ab7f2fcc422f53b6
benchmark/results_seed12/lab4chain/training_stereo_true/metrics_stereotypes_true_lab4chain.csv,6caec30c325bf0673f7547f70fbe51f047d8f13f27f17ac532fa6516bde6de76
benchmark/results_seed12/lab4chain/training_stereo_true/qtable_final_stereotypes_true_lab4chain.csv,c1af6cb16ce5c3b72d9e5ab8aefc193e68fcbd9fd664460e48197e347b5de7fb
benchmark/results_seed12/lab4chain/training_stereo_true/qtable_initial_stereotypes_true_lab4chain.csv,be569de97d95f95e9c344cdc3dd3e7846339ceb11bca6d874c399574155d2283
benchmark/results_seed12/lab4chain/training_stereo_true/TRAINING_OK.json,1c2adc8e2d74b4689348dc99a91b89194416604a5148d41ba7f25466b02b2d38
benchmark/results_seed12/lab4dual/ql_false/bench_step_log_ql_false.csv,dff15eee51842f53f8d8abb2bb265d8e2759b17a8887b1d435dabd0035ac1bb7
benchmark/results_seed12/lab4dual/ql_false/benchmark_results_ql_false.csv,00fb0ed90ef74baa892b85db1d820ac3a4e4da6fea5c778f7dea700bc09efb90
benchmark/results_seed12/lab4dual/ql_false/coverage_stereotypes_false_lab4dual.csv,fc0031ac759b0c8c83ea27fda30a03a1c8c9c84388c5368b11d68cbf121377ef
benchmark/results_seed12/lab4dual/ql_false/coverage_stereotypes_true_lab4dual.csv,c0d8cc7c30a2e214eee09bd07144b1ee889f49a9f8909b889dd9adbde331855b
benchmark/results_seed12/lab4dual/ql_false/first_goal_stereotypes_false_lab4dual.csv,a09602c1dfa8c761307cb7cd7db7f8df69174b707ca7b63fc558f01f355c5989
benchmark/results_seed12/lab4dual/ql_false/first_goal_stereotypes_true_lab4dual.csv,a09602c1dfa8c761307cb7cd7db7f8df69174b707ca7b63fc558f01f355c5989
benchmark/results_seed12/lab4dual/ql_false/iv_stats_stereotypes_false_lab4dual.json,b109c95b6a4a57b1d0ee1d7d7985f3cd39b99e20b19bd5321460a8674e109d12
benchmark/results_seed12/lab4dual/ql_false/iv_stats_stereotypes_true_lab4dual.json,20a05395ab6e4e0feb485b1767e482cf3b53884e1fe268cb786011961b999c8e
benchmark/results_seed12/lab4dual/ql_false/learned_stereotypes_false_lab4dual.ttl,3011b4829bdbe47f57a35d2e84387ecba7498948a120a6c77e2bfdeb754247b1
benchmark/results_seed12/lab4dual/ql_false/learned_stereotypes_true_lab4dual.ttl,40e26de5f8925995abd22233d2629d9c7fa881e8f7fccfc938e6ffc86c03ace8
benchmark/results_seed12/lab4dual/ql_false/metrics_stereotypes_false_lab4dual.csv,2faa01ad7545d5af4427fdef6a8c3980040812223b1f41feb72221e018db5549
benchmark/results_seed12/lab4dual/ql_false/metrics_stereotypes_true_lab4dual.csv,027da35499e240a2265d349175263a6620fa7885b9af8039db3508bdbd60b3a4
benchmark/results_seed12/lab4dual/ql_false/qtable_final_stereotypes_false_lab4dual.csv,4d8b5a851820c02a8edf7489b868883a5bd74af50735bab56b27224a1de33e3b
benchmark/results_seed12/lab4dual/ql_false/qtable_final_stereotypes_false_lab4dual_trust.csv,8b74a8b2125268f80f75eedc1abd409afe252eae534fb6d33fbc9db761089e9b
benchmark/results_seed12/lab4dual/ql_false/qtable_final_stereotypes_false_lab4dual_visits.csv,e1d7ac104dd5fc14fa3e710be7fb86d3a9f0e8718d5e6d31af0432b1bdd790a4
benchmark/results_seed12/lab4dual/ql_false/qtable_final_stereotypes_false_lab4dual_zone1.csv,fbb230f05071401b92cd212be088c2d63cb71307f0f3e186012d53d5dc948865
benchmark/results_seed12/lab4dual/ql_false/qtable_final_stereotypes_false_lab4dual_zone2.csv,efc51244908002b65668373dac5d8233386480d04d49ab10bf3183747717315e
benchmark/results_seed12/lab4dual/ql_false/qtable_final_stereotypes_true_lab4dual.csv,ebdd90ee12f51b937442e2ead0acb17699b802d1e4b147724c021566a6093f4d
benchmark/results_seed12/lab4dual/ql_false/qtable_final_stereotypes_true_lab4dual_trust.csv,8b74a8b2125268f80f75eedc1abd409afe252eae534fb6d33fbc9db761089e9b
benchmark/results_seed12/lab4dual/ql_false/qtable_final_stereotypes_true_lab4dual_visits.csv,cce840b80b37615c229f41b1388596a298f47f1bcb0a24e8016c0a569a77c43b
benchmark/results_seed12/lab4dual/ql_false/qtable_final_stereotypes_true_lab4dual_zone1.csv,8242c9d27fbed44c95ca6e2b0194e39fafa6998a3790e48873bab40f887cb460
benchmark/results_seed12/lab4dual/ql_false/qtable_final_stereotypes_true_lab4dual_zone2.csv,91ebb6e774f28780bdd10e27c7dc15243040fbe6d7371740b22b5e5df252535e
benchmark/results_seed12/lab4dual/ql_false/trace_bench_ql_false.jsonl,e3b0c44298fc1c149afbf4c8996fb92427ae41e4649b934ca495991b7852b855
benchmark/results_seed12/lab4dual/ql_true/bench_step_log_ql_true.csv,5c89a007af382068ce5b687ae02cdbe7a8de0551dd4e52fa3972de93398476e9
benchmark/results_seed12/lab4dual/ql_true/benchmark_results_ql_true.csv,4fc717860c2631036642ff92dbf7e56b6018bf4ea48a1b99aa698e3570e8fe91
benchmark/results_seed12/lab4dual/ql_true/coverage_stereotypes_false_lab4dual.csv,fc0031ac759b0c8c83ea27fda30a03a1c8c9c84388c5368b11d68cbf121377ef
benchmark/results_seed12/lab4dual/ql_true/coverage_stereotypes_true_lab4dual.csv,c0d8cc7c30a2e214eee09bd07144b1ee889f49a9f8909b889dd9adbde331855b
benchmark/results_seed12/lab4dual/ql_true/first_goal_stereotypes_false_lab4dual.csv,a09602c1dfa8c761307cb7cd7db7f8df69174b707ca7b63fc558f01f355c5989
benchmark/results_seed12/lab4dual/ql_true/first_goal_stereotypes_true_lab4dual.csv,a09602c1dfa8c761307cb7cd7db7f8df69174b707ca7b63fc558f01f355c5989
benchmark/results_seed12/lab4dual/ql_true/iv_stats_stereotypes_false_lab4dual.json,b109c95b6a4a57b1d0ee1d7d7985f3cd39b99e20b19bd5321460a8674e109d12
benchmark/results_seed12/lab4dual/ql_true/iv_stats_stereotypes_true_lab4dual.json,20a05395ab6e4e0feb485b1767e482cf3b53884e1fe268cb786011961b999c8e
benchmark/results_seed12/lab4dual/ql_true/learned_stereotypes_false_lab4dual.ttl,3011b4829bdbe47f57a35d2e84387ecba7498948a120a6c77e2bfdeb754247b1
benchmark/results_seed12/lab4dual/ql_true/learned_stereotypes_true_lab4dual.ttl,40e26de5f8925995abd22233d2629d9c7fa881e8f7fccfc938e6ffc86c03ace8
benchmark/results_seed12/lab4dual/ql_true/metrics_stereotypes_false_lab4dual.csv,2faa01ad7545d5af4427fdef6a8c3980040812223b1f41feb72221e018db5549
benchmark/results_seed12/lab4dual/ql_true/metrics_stereotypes_true_lab4dual.csv,027da35499e240a2265d349175263a6620fa7885b9af8039db3508bdbd60b3a4
benchmark/results_seed12/lab4dual/ql_true/qtable_final_stereotypes_false_lab4dual.csv,4d8b5a851820c02a8edf7489b868883a5bd74af50735bab56b27224a1de33e3b
benchmark/results_seed12/lab4dual/ql_true/qtable_final_stereotypes_false_lab4dual_trust.csv,8b74a8b2125268f80f75eedc1abd409afe252eae534fb6d33fbc9db761089e9b
benchmark/results_seed12/lab4dual/ql_true/qtable_final_stereotypes_false_lab4dual_visits.csv,e1d7ac104dd5fc14fa3e710be7fb86d3a9f0e8718d5e6d31af0432b1bdd790a4
benchmark/results_seed12/lab4dual/ql_true/qtable_final_stereotypes_false_lab4dual_zone1.csv,fbb230f05071401b92cd212be088c2d63cb71307f0f3e186012d53d5dc948865
benchmark/results_seed12/lab4dual/ql_true/qtable_final_stereotypes_false_lab4dual_zone2.csv,efc51244908002b65668373dac5d8233386480d04d49ab10bf3183747717315e
benchmark/results_seed12/lab4dual/ql_true/qtable_final_stereotypes_true_lab4dual.csv,ebdd90ee12f51b937442e2ead0acb17699b802d1e4b147724c021566a6093f4d
benchmark/results_seed12/lab4dual/ql_true/qtable_final_stereotypes_true_lab4dual_trust.csv,8b74a8b2125268f80f75eedc1abd409afe252eae534fb6d33fbc9db761089e9b
benchmark/results_seed12/lab4dual/ql_true/qtable_final_stereotypes_true_lab4dual_visits.csv,cce840b80b37615c229f41b1388596a298f47f1bcb0a24e8016c0a569a77c43b
benchmark/results_seed12/lab4dual/ql_true/qtable_final_stereotypes_true_lab4dual_zone1.csv,8242c9d27fbed44c95ca6e2b0194e39fafa6998a3790e48873bab40f887cb460
benchmark/results_seed12/lab4dual/ql_true/qtable_final_stereotypes_true_lab4dual_zone2.csv,91ebb6e774f28780bdd10e27c7dc15243040fbe6d7371740b22b5e5df252535e
benchmark/results_seed12/lab4dual/ql_true/trace_bench_ql_true.jsonl,e3b0c44298fc1c149afbf4c8996fb92427ae41e4649b934ca495991b7852b855
benchmark/results_seed12/lab4dual/rule_based/bench_step_log_rule_based.csv,7bde9a71d15f8b7167398dfa5926ffbd85d5a7fc6c797150340006ad16070521
benchmark/results_seed12/lab4dual/rule_based/benchmark_results_rule_based.csv,63e4852d8cd44174729f311f2892d5b8cf3ede9f7bf192a9d47fde39e0eec6f3
benchmark/results_seed12/lab4dual/rule_based/coverage_stereotypes_false_lab4dual.csv,fc0031ac759b0c8c83ea27fda30a03a1c8c9c84388c5368b11d68cbf121377ef
benchmark/results_seed12/lab4dual/rule_based/coverage_stereotypes_true_lab4dual.csv,c0d8cc7c30a2e214eee09bd07144b1ee889f49a9f8909b889dd9adbde331855b
benchmark/results_seed12/lab4dual/rule_based/first_goal_stereotypes_false_lab4dual.csv,a09602c1dfa8c761307cb7cd7db7f8df69174b707ca7b63fc558f01f355c5989
benchmark/results_seed12/lab4dual/rule_based/first_goal_stereotypes_true_lab4dual.csv,a09602c1dfa8c761307cb7cd7db7f8df69174b707ca7b63fc558f01f355c5989
benchmark/results_seed12/lab4dual/rule_based/iv_stats_stereotypes_false_lab4dual.json,b109c95b6a4a57b1d0ee1d7d7985f3cd39b99e20b19bd5321460a8674e109d12
benchmark/results_seed12/lab4dual/rule_based/iv_stats_stereotypes_true_lab4dual.json,20a05395ab6e4e0feb485b1767e482cf3b53884e1fe268cb786011961b999c8e
benchmark/results_seed12/lab4dual/rule_based/learned_stereotypes_false_lab4dual.ttl,3011b4829bdbe47f57a35d2e84387ecba7498948a120a6c77e2bfdeb754247b1
benchmark/results_seed12/lab4dual/rule_based/learned_stereotypes_true_lab4dual.ttl,40e26de5f8925995abd22233d2629d9c7fa881e8f7fccfc938e6ffc86c03ace8
benchmark/results_seed12/lab4dual/rule_based/metrics_stereotypes_false_lab4dual.csv,2faa01ad7545d5af4427fdef6a8c3980040812223b1f41feb72221e018db5549
benchmark/results_seed12/lab4dual/rule_based/metrics_stereotypes_true_lab4dual.csv,027da35499e240a2265d349175263a6620fa7885b9af8039db3508bdbd60b3a4
benchmark/results_seed12/lab4dual/rule_based/qtable_final_stereotypes_false_lab4dual.csv,4d8b5a851820c02a8edf7489b868883a5bd74af50735bab56b27224a1de33e3b
benchmark/results_seed12/lab4dual/rule_based/qtable_final_stereotypes_false_lab4dual_trust.csv,8b74a8b2125268f80f75eedc1abd409afe252eae534fb6d33fbc9db761089e9b
benchmark/results_seed12/lab4dual/rule_based/qtable_final_stereotypes_false_lab4dual_visits.csv,e1d7ac104dd5fc14fa3e710be7fb86d3a9f0e8718d5e6d31af0432b1bdd790a4
benchmark/results_seed12/lab4dual/rule_based/qtable_final_stereotypes_false_lab4dual_zone1.csv,fbb230f05071401b92cd212be088c2d63cb71307f0f3e186012d53d5dc948865
benchmark/results_seed12/lab4dual/rule_based/qtable_final_stereotypes_false_lab4dual_zone2.csv,efc51244908002b65668373dac5d8233386480d04d49ab10bf3183747717315e
benchmark/results_seed12/lab4dual/rule_based/qtable_final_stereotypes_true_lab4dual.csv,ebdd90ee12f51b937442e2ead0acb17699b802d1e4b147724c021566a6093f4d
benchmark/results_seed12/lab4dual/rule_based/qtable_final_stereotypes_true_lab4dual_trust.csv,8b74a8b2125268f80f75eedc1abd409afe252eae534fb6d33fbc9db761089e9b
benchmark/results_seed12/lab4dual/rule_based/qtable_final_stereotypes_true_lab4dual_visits.csv,cce840b80b37615c229f41b1388596a298f47f1bcb0a24e8016c0a569a77c43b
benchmark/results_seed12/lab4dual/rule_based/qtable_final_stereotypes_true_lab4dual_zone1.csv,8242c9d27fbed44c95ca6e2b0194e39fafa6998a3790e48873bab40f887cb460
benchmark/results_seed12/lab4dual/rule_based/qtable_final_stereotypes_true_lab4dual_zone2.csv,91ebb6e774f28780bdd10e27c7dc15243040fbe6d7371740b22b5e5df252535e
benchmark/results_seed12/lab4dual/training_stereo_false/coverage_stereotypes_false_lab4dual.csv,fc0031ac759b0c8c83ea27fda30a03a1c8c9c84388c5368b11d68cbf121377ef
benchmark/results_seed12/lab4dual/training_stereo_false/first_goal_stereotypes_false_lab4dual.csv,a09602c1dfa8c761307cb7cd7db7f8df69174b707ca7b63fc558f01f355c5989
benchmark/results_seed12/lab4dual/training_stereo_false/iv_stats_stereotypes_false_lab4dual.json,b109c95b6a4a57b1d0ee1d7d7985f3cd39b99e20b19bd5321460a8674e109d12
benchmark/results_seed12/lab4dual/training_stereo_false/learned_stereotypes_false_lab4dual.ttl,3011b4829bdbe47f57a35d2e84387ecba7498948a120a6c77e2bfdeb754247b1
benchmark/results_seed12/lab4dual/training_stereo_false/metrics_stereotypes_false_lab4dual.csv,2faa01ad7545d5af4427fdef6a8c3980040812223b1f41feb72221e018db5549
benchmark/results_seed12/lab4dual/training_stereo_false/qtable_final_stereotypes_false_lab4dual.csv,4d8b5a851820c02a8edf7489b868883a5bd74af50735bab56b27224a1de33e3b
benchmark/results_seed12/lab4dual/training_stereo_false/qtable_initial_stereotypes_false_lab4dual.csv,76c7e1200a5c817c641f0fac6077a813d29a7731ea5b7ca36b5152359bf32840
benchmark/results_seed12/lab4dual/training_stereo_false/TRAINING_OK.json,944af7d135dd0cc0bb8e43f0df8f160e81f0c03a55a1ef3ea1810f6935bbed43
benchmark/results_seed12/lab4dual/training_stereo_true/coverage_stereotypes_true_lab4dual.csv,c0d8cc7c30a2e214eee09bd07144b1ee889f49a9f8909b889dd9adbde331855b
benchmark/results_seed12/lab4dual/training_stereo_true/first_goal_stereotypes_true_lab4dual.csv,a09602c1dfa8c761307cb7cd7db7f8df69174b707ca7b63fc558f01f355c5989
benchmark/results_seed12/lab4dual/training_stereo_true/iv_stats_stereotypes_true_lab4dual.json,20a05395ab6e4e0feb485b1767e482cf3b53884e1fe268cb786011961b999c8e
benchmark/results_seed12/lab4dual/training_stereo_true/learned_stereotypes_true_lab4dual.ttl,40e26de5f8925995abd22233d2629d9c7fa881e8f7fccfc938e6ffc86c03ace8
benchmark/results_seed12/lab4dual/training_stereo_true/metrics_stereotypes_true_lab4dual.csv,027da35499e240a2265d349175263a6620fa7885b9af8039db3508bdbd60b3a4
benchmark/results_seed12/lab4dual/training_stereo_true/qtable_final_stereotypes_true_lab4dual.csv,ebdd90ee12f51b937442e2ead0acb17699b802d1e4b147724c021566a6093f4d
benchmark/results_seed12/lab4dual/training_stereo_true/qtable_initial_stereotypes_true_lab4dual.csv,0ac9c51af98a5d238d35312958e4ef0068172106b0f793b4ec6e1d534e574776
benchmark/results_seed12/lab4dual/training_stereo_true/TRAINING_OK.json,640b41fc409b4b62dab0db196b13a0e2e4f51519b5b208f8b3765cf732544325
benchmark/results_seed12/lab5/ql_false/bench_step_log_ql_false.csv,01108521c13b6b59e5b748eca2b63f836929576aaa6da0b41836e2978e781eb3
benchmark/results_seed12/lab5/ql_false/benchmark_results_ql_false.csv,cb762d6a548e15bc2c09abf43ac9313a5002a93a6195ba459f262467bc7cb2c7
benchmark/results_seed12/lab5/ql_false/coverage_stereotypes_false_lab5.csv,219cbee50cac6814cf348c74fa5cfbcb351db420343e53ffe058d50a4dbde4b7
benchmark/results_seed12/lab5/ql_false/coverage_stereotypes_true_lab5.csv,867655fa80f2e128b70335699543c2b95228de16e8ca73ef672a4e9b1af45c31
benchmark/results_seed12/lab5/ql_false/first_goal_stereotypes_false_lab5.csv,a09602c1dfa8c761307cb7cd7db7f8df69174b707ca7b63fc558f01f355c5989
benchmark/results_seed12/lab5/ql_false/first_goal_stereotypes_true_lab5.csv,a09602c1dfa8c761307cb7cd7db7f8df69174b707ca7b63fc558f01f355c5989
benchmark/results_seed12/lab5/ql_false/iv_stats_stereotypes_false_lab5.json,8d1658bc1984003bdd6f3f4d4e87971be145e004dd057823f4690661b0c42f47
benchmark/results_seed12/lab5/ql_false/iv_stats_stereotypes_true_lab5.json,a5dcaeb46d75204ee441624813735651b4056eb0aa11ac1cc337e169b9753f26
benchmark/results_seed12/lab5/ql_false/learned_stereotypes_false_lab5.ttl,e663c79862eb28820e1491eacc529fd97ddf86cbe7d2fe42629d7b24cf639dce
benchmark/results_seed12/lab5/ql_false/learned_stereotypes_true_lab5.ttl,6358786d353316eb566695cda934ee359495a0f3e56f50779927aa61958cbb3d
benchmark/results_seed12/lab5/ql_false/metrics_stereotypes_false_lab5.csv,003caa7e8637d608ca0d0a8431efe995c0f8222c932ab159eda291b08dce0472
benchmark/results_seed12/lab5/ql_false/metrics_stereotypes_true_lab5.csv,f8d23b7ea9c7e0fba4e0d659393573f2b06b7a6a7188025c2d388a7862889c8c
benchmark/results_seed12/lab5/ql_false/qtable_final_stereotypes_false_lab5.csv,0c8c4a70d3b4cbdebf5316c9a3654efd32daf74c985900e67b8b5f84cf419ec2
benchmark/results_seed12/lab5/ql_false/qtable_final_stereotypes_false_lab5_trust.csv,8b74a8b2125268f80f75eedc1abd409afe252eae534fb6d33fbc9db761089e9b
benchmark/results_seed12/lab5/ql_false/qtable_final_stereotypes_false_lab5_visits.csv,c45ac5d91b72fedc446755e80788d7758e8fc08c832f8c0f2fd5a53da6ea4f12
benchmark/results_seed12/lab5/ql_false/qtable_final_stereotypes_false_lab5_zone1.csv,8baa3bd534f7b1ed2bd420b6b2dc88c679ee13979321b28f14333351650465ad
benchmark/results_seed12/lab5/ql_false/qtable_final_stereotypes_false_lab5_zone2.csv,b2f07876c824b559004e32b5a17948f996882da80b398b1b47c32e561f9fa48f
benchmark/results_seed12/lab5/ql_false/qtable_final_stereotypes_true_lab5.csv,2ba9a704781a4bff68bf46cf7aff78bdc4ef9f99c3c33018752c9488598640b5
benchmark/results_seed12/lab5/ql_false/qtable_final_stereotypes_true_lab5_trust.csv,8b74a8b2125268f80f75eedc1abd409afe252eae534fb6d33fbc9db761089e9b
benchmark/results_seed12/lab5/ql_false/qtable_final_stereotypes_true_lab5_visits.csv,42810e5f1f3c0f46bd0232ba48d2b1d46a9ac70504a6b4fda5d4d6c8c530a9d1
benchmark/results_seed12/lab5/ql_false/qtable_final_stereotypes_true_lab5_zone1.csv,f39fecf37c62c10e11f22d8f46c5a4d61675a9a6ed186dd0ff790d39bedf615c
benchmark/results_seed12/lab5/ql_false/qtable_final_stereotypes_true_lab5_zone2.csv,6f655fee4e77a7f7b86b76f47640f0151ca0fcb1b5bb1abd777180980f34db9c
benchmark/results_seed12/lab5/ql_false/trace_bench_ql_false.jsonl,e3b0c44298fc1c149afbf4c8996fb92427ae41e4649b934ca495991b7852b855
benchmark/results_seed12/lab5/ql_true/bench_step_log_ql_true.csv,7cadff75bfd6a5fc60a277f4f519f5e302c668394c6e5f2d9a0b403723545696
benchmark/results_seed12/lab5/ql_true/benchmark_results_ql_true.csv,63690a5ce96b2c336400146dbf373e077665670198314649da68202aca91e05d
benchmark/results_seed12/lab5/ql_true/coverage_stereotypes_false_lab5.csv,219cbee50cac6814cf348c74fa5cfbcb351db420343e53ffe058d50a4dbde4b7
benchmark/results_seed12/lab5/ql_true/coverage_stereotypes_true_lab5.csv,867655fa80f2e128b70335699543c2b95228de16e8ca73ef672a4e9b1af45c31
benchmark/results_seed12/lab5/ql_true/first_goal_stereotypes_false_lab5.csv,a09602c1dfa8c761307cb7cd7db7f8df69174b707ca7b63fc558f01f355c5989
benchmark/results_seed12/lab5/ql_true/first_goal_stereotypes_true_lab5.csv,a09602c1dfa8c761307cb7cd7db7f8df69174b707ca7b63fc558f01f355c5989
benchmark/results_seed12/lab5/ql_true/iv_stats_stereotypes_false_lab5.json,8d1658bc1984003bdd6f3f4d4e87971be145e004dd057823f4690661b0c42f47
benchmark/results_seed12/lab5/ql_true/iv_stats_stereotypes_true_lab5.json,a5dcaeb46d75204ee441624813735651b4056eb0aa11ac1cc337e169b9753f26
benchmark/results_seed12/lab5/ql_true/learned_stereotypes_false_lab5.ttl,e663c79862eb28820e1491eacc529fd97ddf86cbe7d2fe42629d7b24cf639dce
benchmark/results_seed12/lab5/ql_true/learned_stereotypes_true_lab5.ttl,6358786d353316eb566695cda934ee359495a0f3e56f50779927aa61958cbb3d
benchmark/results_seed12/lab5/ql_true/metrics_stereotypes_false_lab5.csv,003caa7e8637d608ca0d0a8431efe995c0f8222c932ab159eda291b08dce0472
benchmark/results_seed12/lab5/ql_true/metrics_stereotypes_true_lab5.csv,f8d23b7ea9c7e0fba4e0d659393573f2b06b7a6a7188025c2d388a7862889c8c
benchmark/results_seed12/lab5/ql_true/qtable_final_stereotypes_false_lab5.csv,0c8c4a70d3b4cbdebf5316c9a3654efd32daf74c985900e67b8b5f84cf419ec2
benchmark/results_seed12/lab5/ql_true/qtable_final_stereotypes_false_lab5_trust.csv,8b74a8b2125268f80f75eedc1abd409afe252eae534fb6d33fbc9db761089e9b
benchmark/results_seed12/lab5/ql_true/qtable_final_stereotypes_false_lab5_visits.csv,c45ac5d91b72fedc446755e80788d7758e8fc08c832f8c0f2fd5a53da6ea4f12
benchmark/results_seed12/lab5/ql_true/qtable_final_stereotypes_false_lab5_zone1.csv,8baa3bd534f7b1ed2bd420b6b2dc88c679ee13979321b28f14333351650465ad
benchmark/results_seed12/lab5/ql_true/qtable_final_stereotypes_false_lab5_zone2.csv,b2f07876c824b559004e32b5a17948f996882da80b398b1b47c32e561f9fa48f
benchmark/results_seed12/lab5/ql_true/qtable_final_stereotypes_true_lab5.csv,2ba9a704781a4bff68bf46cf7aff78bdc4ef9f99c3c33018752c9488598640b5
benchmark/results_seed12/lab5/ql_true/qtable_final_stereotypes_true_lab5_trust.csv,8b74a8b2125268f80f75eedc1abd409afe252eae534fb6d33fbc9db761089e9b
benchmark/results_seed12/lab5/ql_true/qtable_final_stereotypes_true_lab5_visits.csv,42810e5f1f3c0f46bd0232ba48d2b1d46a9ac70504a6b4fda5d4d6c8c530a9d1
benchmark/results_seed12/lab5/ql_true/qtable_final_stereotypes_true_lab5_zone1.csv,f39fecf37c62c10e11f22d8f46c5a4d61675a9a6ed186dd0ff790d39bedf615c
benchmark/results_seed12/lab5/ql_true/qtable_final_stereotypes_true_lab5_zone2.csv,6f655fee4e77a7f7b86b76f47640f0151ca0fcb1b5bb1abd777180980f34db9c
benchmark/results_seed12/lab5/ql_true/trace_bench_ql_true.jsonl,e3b0c44298fc1c149afbf4c8996fb92427ae41e4649b934ca495991b7852b855
benchmark/results_seed12/lab5/rule_based/bench_step_log_rule_based.csv,210ad2ed6784542e570d6acc3d2f49d7571b0eb50fcc22e5a336aa3356498cea
benchmark/results_seed12/lab5/rule_based/benchmark_results_rule_based.csv,67753007ce2d538aeef24b17435141ebda0685a603661550800906d59862f6b3
benchmark/results_seed12/lab5/rule_based/coverage_stereotypes_false_lab5.csv,219cbee50cac6814cf348c74fa5cfbcb351db420343e53ffe058d50a4dbde4b7
benchmark/results_seed12/lab5/rule_based/coverage_stereotypes_true_lab5.csv,867655fa80f2e128b70335699543c2b95228de16e8ca73ef672a4e9b1af45c31
benchmark/results_seed12/lab5/rule_based/first_goal_stereotypes_false_lab5.csv,a09602c1dfa8c761307cb7cd7db7f8df69174b707ca7b63fc558f01f355c5989
benchmark/results_seed12/lab5/rule_based/first_goal_stereotypes_true_lab5.csv,a09602c1dfa8c761307cb7cd7db7f8df69174b707ca7b63fc558f01f355c5989
benchmark/results_seed12/lab5/rule_based/iv_stats_stereotypes_false_lab5.json,8d1658bc1984003bdd6f3f4d4e87971be145e004dd057823f4690661b0c42f47
benchmark/results_seed12/lab5/rule_based/iv_stats_stereotypes_true_lab5.json,a5dcaeb46d75204ee441624813735651b4056eb0aa11ac1cc337e169b9753f26
benchmark/results_seed12/lab5/rule_based/learned_stereotypes_false_lab5.ttl,e663c79862eb28820e1491eacc529fd97ddf86cbe7d2fe42629d7b24cf639dce
benchmark/results_seed12/lab5/rule_based/learned_stereotypes_true_lab5.ttl,6358786d353316eb566695cda934ee359495a0f3e56f50779927aa61958cbb3d
benchmark/results_seed12/lab5/rule_based/metrics_stereotypes_false_lab5.csv,003caa7e8637d608ca0d0a8431efe995c0f8222c932ab159eda291b08dce0472
benchmark/results_seed12/lab5/rule_based/metrics_stereotypes_true_lab5.csv,f8d23b7ea9c7e0fba4e0d659393573f2b06b7a6a7188025c2d388a7862889c8c
benchmark/results_seed12/lab5/rule_based/qtable_final_stereotypes_false_lab5.csv,0c8c4a70d3b4cbdebf5316c9a3654efd32daf74c985900e67b8b5f84cf419ec2
benchmark/results_seed12/lab5/rule_based/qtable_final_stereotypes_false_lab5_trust.csv,8b74a8b2125268f80f75eedc1abd409afe252eae534fb6d33fbc9db761089e9b
benchmark/results_seed12/lab5/rule_based/qtable_final_stereotypes_false_lab5_visits.csv,c45ac5d91b72fedc446755e80788d7758e8fc08c832f8c0f2fd5a53da6ea4f12
benchmark/results_seed12/lab5/rule_based/qtable_final_stereotypes_false_lab5_zone1.csv,8baa3bd534f7b1ed2bd420b6b2dc88c679ee13979321b28f14333351650465ad
benchmark/results_seed12/lab5/rule_based/qtable_final_stereotypes_false_lab5_zone2.csv,b2f07876c824b559004e32b5a17948f996882da80b398b1b47c32e561f9fa48f
benchmark/results_seed12/lab5/rule_based/qtable_final_stereotypes_true_lab5.csv,2ba9a704781a4bff68bf46cf7aff78bdc4ef9f99c3c33018752c9488598640b5
benchmark/results_seed12/lab5/rule_based/qtable_final_stereotypes_true_lab5_trust.csv,8b74a8b2125268f80f75eedc1abd409afe252eae534fb6d33fbc9db761089e9b
benchmark/results_seed12/lab5/rule_based/qtable_final_stereotypes_true_lab5_visits.csv,42810e5f1f3c0f46bd0232ba48d2b1d46a9ac70504a6b4fda5d4d6c8c530a9d1
benchmark/results_seed12/lab5/rule_based/qtable_final_stereotypes_true_lab5_zone1.csv,f39fecf37c62c10e11f22d8f46c5a4d61675a9a6ed186dd0ff790d39bedf615c
benchmark/results_seed12/lab5/rule_based/qtable_final_stereotypes_true_lab5_zone2.csv,6f655fee4e77a7f7b86b76f47640f0151ca0fcb1b5bb1abd777180980f34db9c
benchmark/results_seed12/lab5/training_stereo_false/coverage_stereotypes_false_lab5.csv,219cbee50cac6814cf348c74fa5cfbcb351db420343e53ffe058d50a4dbde4b7
benchmark/results_seed12/lab5/training_stereo_false/first_goal_stereotypes_false_lab5.csv,a09602c1dfa8c761307cb7cd7db7f8df69174b707ca7b63fc558f01f355c5989
benchmark/results_seed12/lab5/training_stereo_false/iv_stats_stereotypes_false_lab5.json,8d1658bc1984003bdd6f3f4d4e87971be145e004dd057823f4690661b0c42f47
benchmark/results_seed12/lab5/training_stereo_false/learned_stereotypes_false_lab5.ttl,e663c79862eb28820e1491eacc529fd97ddf86cbe7d2fe42629d7b24cf639dce
benchmark/results_seed12/lab5/training_stereo_false/metrics_stereotypes_false_lab5.csv,003caa7e8637d608ca0d0a8431efe995c0f8222c932ab159eda291b08dce0472
benchmark/results_seed12/lab5/training_stereo_false/qtable_final_stereotypes_false_lab5.csv,0c8c4a70d3b4cbdebf5316c9a3654efd32daf74c985900e67b8b5f84cf419ec2
benchmark/results_seed12/lab5/training_stereo_false/qtable_initial_stereotypes_false_lab5.csv,1f719efe3de3b894c6215931199c79ea5417981a846581751ac34959ed93d4a7
benchmark/results_seed12/lab5/training_stereo_false/TRAINING_OK.json,0a7b29beb15344c6fb72565c5dbdf0474f323e253572c76a96e58f9c5bfe914c
benchmark/results_seed12/lab5/training_stereo_true/coverage_stereotypes_true_lab5.csv,867655fa80f2e128b70335699543c2b95228de16e8ca73ef672a4e9b1af45c31
benchmark/results_seed12/lab5/training_stereo_true/first_goal_stereotypes_true_lab5.csv,a09602c1dfa8c761307cb7cd7db7f8df69174b707ca7b63fc558f01f355c5989
benchmark/results_seed12/lab5/training_stereo_true/iv_stats_stereotypes_true_lab5.json,a5dcaeb46d75204ee441624813735651b4056eb0aa11ac1cc337e169b9753f26
benchmark/results_seed12/lab5/training_stereo_true/learned_stereotypes_true_lab5.ttl,6358786d353316eb566695cda934ee359495a0f3e56f50779927aa61958cbb3d
benchmark/results_seed12/lab5/training_stereo_true/metrics_stereotypes_true_lab5.csv,f8d23b7ea9c7e0fba4e0d659393573f2b06b7a6a7188025c2d388a7862889c8c
benchmark/results_seed12/lab5/training_stereo_true/qtable_final_stereotypes_true_lab5.csv,2ba9a704781a4bff68bf46cf7aff78bdc4ef9f99c3c33018752c9488598640b5
benchmark/results_seed12/lab5/training_stereo_true/qtable_initial_stereotypes_true_lab5.csv,78732e9f547e4ba2efc6ae510da7171030396e3b820ef3b90f6bd7c248cb5a41
benchmark/results_seed12/lab5/training_stereo_true/TRAINING_OK.json,92ef5505705fa35e1515126e882bea1a116b07770603c83da93dbb63a60f71a4
benchmark/results_seed13/lab4/ql_false/bench_step_log_ql_false.csv,1c62619028d7f89ef43bb561ff7981843be393ccb2c1987d50132abb7855aa1e
benchmark/results_seed13/lab4/ql_false/benchmark_results_ql_false.csv,d2754e3711275daac2293a2ca19faf3d20daa439a8e6269380fd09692acf8325
benchmark/results_seed13/lab4/ql_false/coverage_stereotypes_false_lab4.csv,cb3b3d6f6d5beb770a6ca877a181288e16b2b4df0f2497c919cb2f1473cd6be9
benchmark/results_seed13/lab4/ql_false/coverage_stereotypes_true_lab4.csv,fa0deb4f54ee852551cb95c6e212d6fb3a9642d74b8ad882f3bfad8e0082299b
benchmark/results_seed13/lab4/ql_false/first_goal_stereotypes_false_lab4.csv,3bf0baf3e91d8b35d3600ee000b428d04b82056fbfebab7ef1109e6676f69d50
benchmark/results_seed13/lab4/ql_false/first_goal_stereotypes_true_lab4.csv,a09602c1dfa8c761307cb7cd7db7f8df69174b707ca7b63fc558f01f355c5989
benchmark/results_seed13/lab4/ql_false/iv_stats_stereotypes_false_lab4.json,97612eefbfe4de2a9a3f82605c5d8662fc685ba361cea54c49ee63da351278b0
benchmark/results_seed13/lab4/ql_false/iv_stats_stereotypes_true_lab4.json,664ef3a3fd86622a446fd53d4524fda2dcdb7c5ceeebbb6246d03863efad6821
benchmark/results_seed13/lab4/ql_false/learned_stereotypes_false_lab4.ttl,41d95723e99360b511bb81793fba1964c77b78c9429a0eb6a0145d1f510aef2d
benchmark/results_seed13/lab4/ql_false/learned_stereotypes_true_lab4.ttl,111a79de169c342cd9f901fc37cb572a1e4803e92e92efa6ab399a7ea2b25b2e
benchmark/results_seed13/lab4/ql_false/metrics_stereotypes_false_lab4.csv,b783b4e4f9d35d84a6b506b77b0d7a2db69856726077bd84f83d4b4b77be2e27
benchmark/results_seed13/lab4/ql_false/metrics_stereotypes_true_lab4.csv,47f8778123b4106f4057d6fce0d16391b308147dea885e1398cd891f140295e4
benchmark/results_seed13/lab4/ql_false/qtable_final_stereotypes_false_lab4.csv,94c04b73294b2524f073fe9ff3611c6c378e5c2e770bf9b10f2a856c3d5a6116
benchmark/results_seed13/lab4/ql_false/qtable_final_stereotypes_false_lab4_trust.csv,8b74a8b2125268f80f75eedc1abd409afe252eae534fb6d33fbc9db761089e9b
benchmark/results_seed13/lab4/ql_false/qtable_final_stereotypes_false_lab4_visits.csv,3a05c926a62727dd997a5c684287ea66e96026849be180fae6b191a9c216de0b
benchmark/results_seed13/lab4/ql_false/qtable_final_stereotypes_false_lab4_zone1.csv,00979e970888ce632fe850541a40f198c8079172e5b0044e5a71ff2b7f7ce86f
benchmark/results_seed13/lab4/ql_false/qtable_final_stereotypes_false_lab4_zone2.csv,37cc430b7351d623339f708be96c71f8d255b5dee8391b0ede6dada69dd33a9b
benchmark/results_seed13/lab4/ql_false/qtable_final_stereotypes_true_lab4.csv,43d5a3f9cef4504c0b76766e0d3babdd085e980de2f3d71f9ff6f81b39b1ea63
benchmark/results_seed13/lab4/ql_false/qtable_final_stereotypes_true_lab4_trust.csv,8b74a8b2125268f80f75eedc1abd409afe252eae534fb6d33fbc9db761089e9b
benchmark/results_seed13/lab4/ql_false/qtable_final_stereotypes_true_lab4_visits.csv,820c8856fccb55f73c1276a0a73ad33135d0f435d379f337a8855076f63905ab
benchmark/results_seed13/lab4/ql_false/qtable_final_stereotypes_true_lab4_zone1.csv,e6a741bc67597a556eb2bca064f8dc36a58eda2b2f4b91312f047e9c5f0539be
benchmark/results_seed13/lab4/ql_false/qtable_final_stereotypes_true_lab4_zone2.csv,9ab70e8fd20bfc9785a30ad7812f3622714b6d7f057e9e691db0c8171a25bf0c
benchmark/results_seed13/lab4/ql_false/trace_bench_ql_false.jsonl,e3b0c44298fc1c149afbf4c8996fb92427ae41e4649b934ca495991b7852b855
benchmark/results_seed13/lab4/ql_true/bench_step_log_ql_true.csv,671fb04b458a26c629ee7c1ab1e66688893b6fcd83f81f11a2a49442ba8e7425
benchmark/results_seed13/lab4/ql_true/benchmark_results_ql_true.csv,bd15ef793f5e643c90abd8d18b7ca4978b1d69706991917e453ba633255f3922
benchmark/results_seed13/lab4/ql_true/coverage_stereotypes_false_lab4.csv,cb3b3d6f6d5beb770a6ca877a181288e16b2b4df0f2497c919cb2f1473cd6be9
benchmark/results_seed13/lab4/ql_true/coverage_stereotypes_true_lab4.csv,fa0deb4f54ee852551cb95c6e212d6fb3a9642d74b8ad882f3bfad8e0082299b
benchmark/results_seed13/lab4/ql_true/first_goal_stereotypes_false_lab4.csv,3bf0baf3e91d8b35d3600ee000b428d04b82056fbfebab7ef1109e6676f69d50
benchmark/results_seed13/lab4/ql_true/first_goal_stereotypes_true_lab4.csv,a09602c1dfa8c761307cb7cd7db7f8df69174b707ca7b63fc558f01f355c5989
benchmark/results_seed13/lab4/ql_true/iv_stats_stereotypes_false_lab4.json,97612eefbfe4de2a9a3f82605c5d8662fc685ba361cea54c49ee63da351278b0
benchmark/results_seed13/lab4/ql_true/iv_stats_stereotypes_true_lab4.json,664ef3a3fd86622a446fd53d4524fda2dcdb7c5ceeebbb6246d03863efad6821
benchmark/results_seed13/lab4/ql_true/learned_stereotypes_false_lab4.ttl,41d95723e99360b511bb81793fba1964c77b78c9429a0eb6a0145d1f510aef2d
benchmark/results_seed13/lab4/ql_true/learned_stereotypes_true_lab4.ttl,111a79de169c342cd9f901fc37cb572a1e4803e92e92efa6ab399a7ea2b25b2e
benchmark/results_seed13/lab4/ql_true/metrics_stereotypes_false_lab4.csv,b783b4e4f9d35d84a6b506b77b0d7a2db69856726077bd84f83d4b4b77be2e27
benchmark/results_seed13/lab4/ql_true/metrics_stereotypes_true_lab4.csv,47f8778123b4106f4057d6fce0d16391b308147dea885e1398cd891f140295e4
benchmark/results_seed13/lab4/ql_true/qtable_final_stereotypes_false_lab4.csv,94c04b73294b2524f073fe9ff3611c6c378e5c2e770bf9b10f2a856c3d5a6116
benchmark/results_seed13/lab4/ql_true/qtable_final_stereotypes_false_lab4_trust.csv,8b74a8b2125268f80f75eedc1abd409afe252eae534fb6d33fbc9db761089e9b
benchmark/results_seed13/lab4/ql_true/qtable_final_stereotypes_false_lab4_visits.csv,3a05c926a62727dd997a5c684287ea66e96026849be180fae6b191a9c216de0b
benchmark/results_seed13/lab4/ql_true/qtable_final_stereotypes_false_lab4_zone1.csv,00979e970888ce632fe850541a40f198c8079172e5b0044e5a71ff2b7f7ce86f
benchmark/results_seed13/lab4/ql_true/qtable_final_stereotypes_false_lab4_zone2.csv,37cc430b7351d623339f708be96c71f8d255b5dee8391b0ede6dada69dd33a9b
benchmark/results_seed13/lab4/ql_true/qtable_final_stereotypes_true_lab4.csv,43d5a3f9cef4504c0b76766e0d3babdd085e980de2f3d71f9ff6f81b39b1ea63
benchmark/results_seed13/lab4/ql_true/qtable_final_stereotypes_true_lab4_trust.csv,8b74a8b2125268f80f75eedc1abd409afe252eae534fb6d33fbc9db761089e9b
benchmark/results_seed13/lab4/ql_true/qtable_final_stereotypes_true_lab4_visits.csv,820c8856fccb55f73c1276a0a73ad33135d0f435d379f337a8855076f63905ab
benchmark/results_seed13/lab4/ql_true/qtable_final_stereotypes_true_lab4_zone1.csv,e6a741bc67597a556eb2bca064f8dc36a58eda2b2f4b91312f047e9c5f0539be
benchmark/results_seed13/lab4/ql_true/qtable_final_stereotypes_true_lab4_zone2.csv,9ab70e8fd20bfc9785a30ad7812f3622714b6d7f057e9e691db0c8171a25bf0c
benchmark/results_seed13/lab4/ql_true/trace_bench_ql_true.jsonl,e3b0c44298fc1c149afbf4c8996fb92427ae41e4649b934ca495991b7852b855
benchmark/results_seed13/lab4/rule_based/bench_step_log_rule_based.csv,dcbc4327da082492479ba30ccd4da61be5ac2d9659746d470daad350664a098d
benchmark/results_seed13/lab4/rule_based/benchmark_results_rule_based.csv,0a09333381e2453ba03c1ec829849e2ee0430a56c14d393aec418170ba80de9e
benchmark/results_seed13/lab4/rule_based/coverage_stereotypes_false_lab4.csv,cb3b3d6f6d5beb770a6ca877a181288e16b2b4df0f2497c919cb2f1473cd6be9
benchmark/results_seed13/lab4/rule_based/coverage_stereotypes_true_lab4.csv,fa0deb4f54ee852551cb95c6e212d6fb3a9642d74b8ad882f3bfad8e0082299b
benchmark/results_seed13/lab4/rule_based/first_goal_stereotypes_false_lab4.csv,3bf0baf3e91d8b35d3600ee000b428d04b82056fbfebab7ef1109e6676f69d50
benchmark/results_seed13/lab4/rule_based/first_goal_stereotypes_true_lab4.csv,a09602c1dfa8c761307cb7cd7db7f8df69174b707ca7b63fc558f01f355c5989
benchmark/results_seed13/lab4/rule_based/iv_stats_stereotypes_false_lab4.json,97612eefbfe4de2a9a3f82605c5d8662fc685ba361cea54c49ee63da351278b0
benchmark/results_seed13/lab4/rule_based/iv_stats_stereotypes_true_lab4.json,664ef3a3fd86622a446fd53d4524fda2dcdb7c5ceeebbb6246d03863efad6821
benchmark/results_seed13/lab4/rule_based/learned_stereotypes_false_lab4.ttl,41d95723e99360b511bb81793fba1964c77b78c9429a0eb6a0145d1f510aef2d
benchmark/results_seed13/lab4/rule_based/learned_stereotypes_true_lab4.ttl,111a79de169c342cd9f901fc37cb572a1e4803e92e92efa6ab399a7ea2b25b2e
benchmark/results_seed13/lab4/rule_based/metrics_stereotypes_false_lab4.csv,b783b4e4f9d35d84a6b506b77b0d7a2db69856726077bd84f83d4b4b77be2e27
benchmark/results_seed13/lab4/rule_based/metrics_stereotypes_true_lab4.csv,47f8778123b4106f4057d6fce0d16391b308147dea885e1398cd891f140295e4
benchmark/results_seed13/lab4/rule_based/qtable_final_stereotypes_false_lab4.csv,94c04b73294b2524f073fe9ff3611c6c378e5c2e770bf9b10f2a856c3d5a6116
benchmark/results_seed13/lab4/rule_based/qtable_final_stereotypes_false_lab4_trust.csv,8b74a8b2125268f80f75eedc1abd409afe252eae534fb6d33fbc9db761089e9b
benchmark/results_seed13/lab4/rule_based/qtable_final_stereotypes_false_lab4_visits.csv,3a05c926a62727dd997a5c684287ea66e96026849be180fae6b191a9c216de0b
benchmark/results_seed13/lab4/rule_based/qtable_final_stereotypes_false_lab4_zone1.csv,00979e970888ce632fe850541a40f198c8079172e5b0044e5a71ff2b7f7ce86f
benchmark/results_seed13/lab4/rule_based/qtable_final_stereotypes_false_lab4_zone2.csv,37cc430b7351d623339f708be96c71f8d255b5dee8391b0ede6dada69dd33a9b
benchmark/results_seed13/lab4/rule_based/qtable_final_stereotypes_true_lab4.csv,43d5a3f9cef4504c0b76766e0d3babdd085e980de2f3d71f9ff6f81b39b1ea63
benchmark/results_seed13/lab4/rule_based/qtable_final_stereotypes_true_lab4_trust.csv,8b74a8b2125268f80f75eedc1abd409afe252eae534fb6d33fbc9db761089e9b
benchmark/results_seed13/lab4/rule_based/qtable_final_stereotypes_true_lab4_visits.csv,820c8856fccb55f73c1276a0a73ad33135d0f435d379f337a8855076f63905ab
benchmark/results_seed13/lab4/rule_based/qtable_final_stereotypes_true_lab4_zone1.csv,e6a741bc67597a556eb2bca064f8dc36a58eda2b2f4b91312f047e9c5f0539be
benchmark/results_seed13/lab4/rule_based/qtable_final_stereotypes_true_lab4_zone2.csv,9ab70e8fd20bfc9785a30ad7812f3622714b6d7f057e9e691db0c8171a25bf0c
benchmark/results_seed13/lab4/training_stereo_false/coverage_stereotypes_false_lab4.csv,cb3b3d6f6d5beb770a6ca877a181288e16b2b4df0f2497c919cb2f1473cd6be9
benchmark/results_seed13/lab4/training_stereo_false/first_goal_stereotypes_false_lab4.csv,3bf0baf3e91d8b35d3600ee000b428d04b82056fbfebab7ef1109e6676f69d50
benchmark/results_seed13/lab4/training_stereo_false/iv_stats_stereotypes_false_lab4.json,97612eefbfe4de2a9a3f82605c5d8662fc685ba361cea54c49ee63da351278b0
benchmark/results_seed13/lab4/training_stereo_false/learned_stereotypes_false_lab4.ttl,41d95723e99360b511bb81793fba1964c77b78c9429a0eb6a0145d1f510aef2d
benchmark/results_seed13/lab4/training_stereo_false/metrics_stereotypes_false_lab4.csv,b783b4e4f9d35d84a6b506b77b0d7a2db69856726077bd84f83d4b4b77be2e27
benchmark/results_seed13/lab4/training_stereo_false/qtable_final_stereotypes_false_lab4.csv,94c04b73294b2524f073fe9ff3611c6c378e5c2e770bf9b10f2a856c3d5a6116
benchmark/results_seed13/lab4/training_stereo_false/qtable_initial_stereotypes_false_lab4.csv,e7a805786d46aebc891069aaff4b80200c4fca7991e24d1c39adfbccc5be20ee
benchmark/results_seed13/lab4/training_stereo_false/TRAINING_OK.json,42293823c50a28a2a89a21f0d8577d0210c593c564ceb0c415c49f6de504aae9
benchmark/results_seed13/lab4/training_stereo_true/coverage_stereotypes_true_lab4.csv,fa0deb4f54ee852551cb95c6e212d6fb3a9642d74b8ad882f3bfad8e0082299b
benchmark/results_seed13/lab4/training_stereo_true/first_goal_stereotypes_true_lab4.csv,a09602c1dfa8c761307cb7cd7db7f8df69174b707ca7b63fc558f01f355c5989
benchmark/results_seed13/lab4/training_stereo_true/iv_stats_stereotypes_true_lab4.json,664ef3a3fd86622a446fd53d4524fda2dcdb7c5ceeebbb6246d03863efad6821
benchmark/results_seed13/lab4/training_stereo_true/learned_stereotypes_true_lab4.ttl,111a79de169c342cd9f901fc37cb572a1e4803e92e92efa6ab399a7ea2b25b2e
benchmark/results_seed13/lab4/training_stereo_true/metrics_stereotypes_true_lab4.csv,47f8778123b4106f4057d6fce0d16391b308147dea885e1398cd891f140295e4
benchmark/results_seed13/lab4/training_stereo_true/qtable_final_stereotypes_true_lab4.csv,43d5a3f9cef4504c0b76766e0d3babdd085e980de2f3d71f9ff6f81b39b1ea63
benchmark/results_seed13/lab4/training_stereo_true/qtable_initial_stereotypes_true_lab4.csv,a34227689301a8b03f01964727db05c0cd5ac3ca6fef2c062cbacaa11b196a6e
benchmark/results_seed13/lab4/training_stereo_true/TRAINING_OK.json,581264d1ab5d69bbf200f91c18e3506f7a92624315a0f5b934bd6e6ec00bbd3d
benchmark/results_seed13/lab4chain/ql_false/bench_step_log_ql_false.csv,ae770ee853239461fc40aed8879d09d8bad19330fba2defe84fa4fa8e35f034d
benchmark/results_seed13/lab4chain/ql_false/benchmark_results_ql_false.csv,f9f65709ca65c8e4dd1b1c07eb9a2197a532b0568252e6665909ddf14d28907e
benchmark/results_seed13/lab4chain/ql_false/coverage_stereotypes_false_lab4chain.csv,d7625f3db6c73709eb3081aba75d92a2d16a90b71faba21a78657fc9b66d1824
benchmark/results_seed13/lab4chain/ql_false/coverage_stereotypes_true_lab4chain.csv,5e7f785ebc2e0ed32014db72024264c1a19429982ce4b4182bb10dfe512f8196
benchmark/results_seed13/lab4chain/ql_false/first_goal_stereotypes_false_lab4chain.csv,a09602c1dfa8c761307cb7cd7db7f8df69174b707ca7b63fc558f01f355c5989
benchmark/results_seed13/lab4chain/ql_false/first_goal_stereotypes_true_lab4chain.csv,a09602c1dfa8c761307cb7cd7db7f8df69174b707ca7b63fc558f01f355c5989
benchmark/results_seed13/lab4chain/ql_false/iv_stats_stereotypes_false_lab4chain.json,c819ad79c5f732427b93f682590b76aa6bcd4961e844a09e2a3eb97405243e20
benchmark/results_seed13/lab4chain/ql_false/iv_stats_stereotypes_true_lab4chain.json,e0fbede7d32f527f88bdd04f2fa7e90259942e588fadaadfef430732ca8cc154
benchmark/results_seed13/lab4chain/ql_false/learned_stereotypes_false_lab4chain.ttl,7df5d0c74a76605d3bd3d8f94a9e013d7db7f4863aac155df369da17a44804a1
benchmark/results_seed13/lab4chain/ql_false/learned_stereotypes_true_lab4chain.ttl,3d587990fab8945c11f3956b476d6a9b2e3d86323b421b07f25c9e5fef55a2c3
benchmark/results_seed13/lab4chain/ql_false/metrics_stereotypes_false_lab4chain.csv,38151fbc4cb28ce01ab96e8d179e7b33d93b29babe521bb28dd07ea8f46773c9
benchmark/results_seed13/lab4chain/ql_false/metrics_stereotypes_true_lab4chain.csv,13eccd783158479ba87fdc363169fccad2c98f9d0f37e8d20106e4cdd7f567d5
benchmark/results_seed13/lab4chain/ql_false/qtable_final_stereotypes_false_lab4chain.csv,0810d547a76abd1f08063df16d9de3a23fbe51abbaf04113f297c6f2832e4c3c
benchmark/results_seed13/lab4chain/ql_false/qtable_final_stereotypes_false_lab4chain_trust.csv,8b74a8b2125268f80f75eedc1abd409afe252eae534fb6d33fbc9db761089e9b
benchmark/results_seed13/lab4chain/ql_false/qtable_final_stereotypes_false_lab4chain_visits.csv,5ae047d4e8502bfecbaba5fc09c7a6b710600805d3c83940df5559412c6bb1bd
benchmark/results_seed13/lab4chain/ql_false/qtable_final_stereotypes_false_lab4chain_zone1.csv,63fe9c70bc16d100cf3381b4e32d8ebee3467cbf182976b0c6a1ea3be57c278a
benchmark/results_seed13/lab4chain/ql_false/qtable_final_stereotypes_false_lab4chain_zone2.csv,2740f4d182664003dabfe8c79bf8ab4a8bdfb311d61e4d97294220ee3f26fd97
benchmark/results_seed13/lab4chain/ql_false/qtable_final_stereotypes_true_lab4chain.csv,50fc50690ec3c4b7ae3cd2d774c550bd90f0017618ac4bbb58e676f55d09a1c5
benchmark/results_seed13/lab4chain/ql_false/qtable_final_stereotypes_true_lab4chain_trust.csv,8b74a8b2125268f80f75eedc1abd409afe252eae534fb6d33fbc9db761089e9b
benchmark/results_seed13/lab4chain/ql_false/qtable_final_stereotypes_true_lab4chain_visits.csv,e934e679d4101de4a85816d82becfba53ca9203dce71c363b78c91c83758d8fc
benchmark/results_seed13/lab4chain/ql_false/qtable_final_stereotypes_true_lab4chain_zone1.csv,79714d1d5b924fb02fcd7305338b2d85443869218ca938fff1b2b0e0e56ef9b3
benchmark/results_seed13/lab4chain/ql_false/qtable_final_stereotypes_true_lab4chain_zone2.csv,92a099463af6d290592869fd349832ed5bacbf86e0dbe68a22f3b64bdd9f4f1c
benchmark/results_seed13/lab4chain/ql_false/trace_bench_ql_false.jsonl,e3b0c44298fc1c149afbf4c8996fb92427ae41e4649b934ca495991b7852b855
benchmark/results_seed13/lab4chain/ql_true/bench_step_log_ql_true.csv,7d2db6ac532c2d55777609a6f8e90aac7556ceb355bc5e455222d45c757025d2
benchmark/results_seed13/lab4chain/ql_true/benchmark_results_ql_true.csv,6154c6d762031399655f344c6e2db8304c181360417dca0520436875186973d7
benchmark/results_seed13/lab4chain/ql_true/coverage_stereotypes_false_lab4chain.csv,d7625f3db6c73709eb3081aba75d92a2d16a90b71faba21a78657fc9b66d1824
benchmark/results_seed13/lab4chain/ql_true/coverage_stereotypes_true_lab4chain.csv,5e7f785ebc2e0ed32014db72024264c1a19429982ce4b4182bb10dfe512f8196
benchmark/results_seed13/lab4chain/ql_true/first_goal_stereotypes_false_lab4chain.csv,a09602c1dfa8c761307cb7cd7db7f8df69174b707ca7b63fc558f01f355c5989
benchmark/results_seed13/lab4chain/ql_true/first_goal_stereotypes_true_lab4chain.csv,a09602c1dfa8c761307cb7cd7db7f8df69174b707ca7b63fc558f01f355c5989
benchmark/results_seed13/lab4chain/ql_true/iv_stats_stereotypes_false_lab4chain.json,c819ad79c5f732427b93f682590b76aa6bcd4961e844a09e2a3eb97405243e20
benchmark/results_seed13/lab4chain/ql_true/iv_stats_stereotypes_true_lab4chain.json,e0fbede7d32f527f88bdd04f2fa7e90259942e588fadaadfef430732ca8cc154
benchmark/results_seed13/lab4chain/ql_true/learned_stereotypes_false_lab4chain.ttl,7df5d0c74a76605d3bd3d8f94a9e013d7db7f4863aac155df369da17a44804a1
benchmark/results_seed13/lab4chain/ql_true/learned_stereotypes_true_lab4chain.ttl,3d587990fab8945c11f3956b476d6a9b2e3d86323b421b07f25c9e5fef55a2c3
benchmark/results_seed13/lab4chain/ql_true/metrics_stereotypes_false_lab4chain.csv,38151fbc4cb28ce01ab96e8d179e7b33d93b29babe521bb28dd07ea8f46773c9
benchmark/results_seed13/lab4chain/ql_true/metrics_stereotypes_true_lab4chain.csv,13eccd783158479ba87fdc363169fccad2c98f9d0f37e8d20106e4cdd7f567d5
benchmark/results_seed13/lab4chain/ql_true/qtable_final_stereotypes_false_lab4chain.csv,0810d547a76abd1f08063df16d9de3a23fbe51abbaf04113f297c6f2832e4c3c
benchmark/results_seed13/lab4chain/ql_true/qtable_final_stereotypes_false_lab4chain_trust.csv,8b74a8b2125268f80f75eedc1abd409afe252eae534fb6d33fbc9db761089e9b
benchmark/results_seed13/lab4chain/ql_true/qtable_final_stereotypes_false_lab4chain_visits.csv,5ae047d4e8502bfecbaba5fc09c7a6b710600805d3c83940df5559412c6bb1bd
benchmark/results_seed13/lab4chain/ql_true/qtable_final_stereotypes_false_lab4chain_zone1.csv,63fe9c70bc16d100cf3381b4e32d8ebee3467cbf182976b0c6a1ea3be57c278a
benchmark/results_seed13/lab4chain/ql_true/qtable_final_stereotypes_false_lab4chain_zone2.csv,2740f4d182664003dabfe8c79bf8ab4a8bdfb311d61e4d97294220ee3f26fd97
benchmark/results_seed13/lab4chain/ql_true/qtable_final_stereotypes_true_lab4chain.csv,50fc50690ec3c4b7ae3cd2d774c550bd90f0017618ac4bbb58e676f55d09a1c5
benchmark/results_seed13/lab4chain/ql_true/qtable_final_stereotypes_true_lab4chain_trust.csv,8b74a8b2125268f80f75eedc1abd409afe252eae534fb6d33fbc9db761089e9b
benchmark/results_seed13/lab4chain/ql_true/qtable_final_stereotypes_true_lab4chain_visits.csv,e934e679d4101de4a85816d82becfba53ca9203dce71c363b78c91c83758d8fc
benchmark/results_seed13/lab4chain/ql_true/qtable_final_stereotypes_true_lab4chain_zone1.csv,79714d1d5b924fb02fcd7305338b2d85443869218ca938fff1b2b0e0e56ef9b3
benchmark/results_seed13/lab4chain/ql_true/qtable_final_stereotypes_true_lab4chain_zone2.csv,92a099463af6d290592869fd349832ed5bacbf86e0dbe68a22f3b64bdd9f4f1c
benchmark/results_seed13/lab4chain/ql_true/trace_bench_ql_true.jsonl,e3b0c44298fc1c149afbf4c8996fb92427ae41e4649b934ca495991b7852b855
benchmark/results_seed13/lab4chain/rule_based/bench_step_log_rule_based.csv,80c72f4e1cceb1e8d37ced41e08fdf772dce607596a4f6e207a0fb1080d0716a
benchmark/results_seed13/lab4chain/rule_based/benchmark_results_rule_based.csv,7f32253bc0d165bf28e1d5d7a12664e57e137e5476b352e63973b7d05a7a180c
benchmark/results_seed13/lab4chain/rule_based/coverage_stereotypes_false_lab4chain.csv,d7625f3db6c73709eb3081aba75d92a2d16a90b71faba21a78657fc9b66d1824
benchmark/results_seed13/lab4chain/rule_based/coverage_stereotypes_true_lab4chain.csv,5e7f785ebc2e0ed32014db72024264c1a19429982ce4b4182bb10dfe512f8196
benchmark/results_seed13/lab4chain/rule_based/first_goal_stereotypes_false_lab4chain.csv,a09602c1dfa8c761307cb7cd7db7f8df69174b707ca7b63fc558f01f355c5989
benchmark/results_seed13/lab4chain/rule_based/first_goal_stereotypes_true_lab4chain.csv,a09602c1dfa8c761307cb7cd7db7f8df69174b707ca7b63fc558f01f355c5989
benchmark/results_seed13/lab4chain/rule_based/iv_stats_stereotypes_false_lab4chain.json,c819ad79c5f732427b93f682590b76aa6bcd4961e844a09e2a3eb97405243e20
benchmark/results_seed13/lab4chain/rule_based/iv_stats_stereotypes_true_lab4chain.json,e0fbede7d32f527f88bdd04f2fa7e90259942e588fadaadfef430732ca8cc154
benchmark/results_seed13/lab4chain/rule_based/learned_stereotypes_false_lab4chain.ttl,7df5d0c74a76605d3bd3d8f94a9e013d7db7f4863aac155df369da17a44804a1
benchmark/results_seed13/lab4chain/rule_based/learned_stereotypes_true_lab4chain.ttl,3d587990fab8945c11f3956b476d6a9b2e3d86323b421b07f25c9e5fef55a2c3
benchmark/results_seed13/lab4chain/rule_based/metrics_stereotypes_false_lab4chain.csv,38151fbc4cb28ce01ab96e8d179e7b33d93b29babe521bb28dd07ea8f46773c9
benchmark/results_seed13/lab4chain/rule_based/metrics_stereotypes_true_lab4chain.csv,13eccd783158479ba87fdc363169fccad2c98f9d0f37e8d20106e4cdd7f567d5
benchmark/results_seed13/lab4chain/rule_based/qtable_final_stereotypes_false_lab4chain.csv,0810d547a76abd1f08063df16d9de3a23fbe51abbaf04113f297c6f2832e4c3c
benchmark/results_seed13/lab4chain/rule_based/qtable_final_stereotypes_false_lab4chain_trust.csv,8b74a8b2125268f80f75eedc1abd409afe252eae534fb6d33fbc9db761089e9b
benchmark/results_seed13/lab4chain/rule_based/qtable_final_stereotypes_false_lab4chain_visits.csv,5ae047d4e8502bfecbaba5fc09c7a6b710600805d3c83940df5559412c6bb1bd
benchmark/results_seed13/lab4chain/rule_based/qtable_final_stereotypes_false_lab4chain_zone1.csv,63fe9c70bc16d100cf3381b4e32d8ebee3467cbf182976b0c6a1ea3be57c278a
benchmark/results_seed13/lab4chain/rule_based/qtable_final_stereotypes_false_lab4chain_zone2.csv,2740f4d182664003dabfe8c79bf8ab4a8bdfb311d61e4d97294220ee3f26fd97
benchmark/results_seed13/lab4chain/rule_based/qtable_final_stereotypes_true_lab4chain.csv,50fc50690ec3c4b7ae3cd2d774c550bd90f0017618ac4bbb58e676f55d09a1c5
benchmark/results_seed13/lab4chain/rule_based/qtable_final_stereotypes_true_lab4chain_trust.csv,8b74a8b2125268f80f75eedc1abd409afe252eae534fb6d33fbc9db761089e9b
benchmark/results_seed13/lab4chain/rule_based/qtable_final_stereotypes_true_lab4chain_visits.csv,e934e679d4101de4a85816d82becfba53ca9203dce71c363b78c91c83758d8fc
benchmark/results_seed13/lab4chain/rule_based/qtable_final_stereotypes_true_lab4chain_zone1.csv,79714d1d5b924fb02fcd7305338b2d85443869218ca938fff1b2b0e0e56ef9b3
benchmark/results_seed13/lab4chain/rule_based/qtable_final_stereotypes_true_lab4chain_zone2.csv,92a099463af6d290592869fd349832ed5bacbf86e0dbe68a22f3b64bdd9f4f1c
benchmark/results_seed13/lab4chain/training_stereo_false/coverage_stereotypes_false_lab4chain.csv,d7625f3db6c73709eb3081aba75d92a2d16a90b71faba21a78657fc9b66d1824
benchmark/results_seed13/lab4chain/training_stereo_false/first_goal_stereotypes_false_lab4chain.csv,a09602c1dfa8c761307cb7cd7db7f8df69174b707ca7b63fc558f01f355c5989
benchmark/results_seed13/lab4chain/training_stereo_false/iv_stats_stereotypes_false_lab4chain.json,c819ad79c5f732427b93f682590b76aa6bcd4961e844a09e2a3eb97405243e20
benchmark/results_seed13/lab4chain/training_stereo_false/learned_stereotypes_false_lab4chain.ttl,7df5d0c74a76605d3bd3d8f94a9e013d7db7f4863aac155df369da17a44804a1
benchmark/results_seed13/lab4chain/training_stereo_false/metrics_stereotypes_false_lab4chain.csv,38151fbc4cb28ce01ab96e8d179e7b33d93b29babe521bb28dd07ea8f46773c9
benchmark/results_seed13/lab4chain/training_stereo_false/qtable_final_stereotypes_false_lab4chain.csv,0810d547a76abd1f08063df16d9de3a23fbe51abbaf04113f297c6f2832e4c3c
benchmark/results_seed13/lab4chain/training_stereo_false/qtable_initial_stereotypes_false_lab4chain.csv,8e651424be7fc1e8f08b3ca8d4f82f240e9f7fc9a9db7c05f461ed8ca6c14a18
benchmark/results_seed13/lab4chain/training_stereo_false/TRAINING_OK.json,c88397cc9108a4fbd1c89144f5990b23a797732ec42a40da70027c8fdc60087b
benchmark/results_seed13/lab4chain/training_stereo_true/coverage_stereotypes_true_lab4chain.csv,5e7f785ebc2e0ed32014db72024264c1a19429982ce4b4182bb10dfe512f8196
benchmark/results_seed13/lab4chain/training_stereo_true/first_goal_stereotypes_true_lab4chain.csv,a09602c1dfa8c761307cb7cd7db7f8df69174b707ca7b63fc558f01f355c5989
benchmark/results_seed13/lab4chain/training_stereo_true/iv_stats_stereotypes_true_lab4chain.json,e0fbede7d32f527f88bdd04f2fa7e90259942e588fadaadfef430732ca8cc154
benchmark/results_seed13/lab4chain/training_stereo_true/learned_stereotypes_true_lab4chain.ttl,3d587990fab8945c11f3956b476d6a9b2e3d86323b421b07f25c9e5fef55a2c3
benchmark/results_seed13/lab4chain/training_stereo_true/metrics_stereotypes_true_lab4chain.csv,13eccd783158479ba87fdc363169fccad2c98f9d0f37e8d20106e4cdd7f567d5
benchmark/results_seed13/lab4chain/training_stereo_true/qtable_final_stereotypes_true_lab4chain.csv,50fc50690ec3c4b7ae3cd2d774c550bd90f0017618ac4bbb58e676f55d09a1c5
benchmark/results_seed13/lab4chain/training_stereo_true/qtable_initial_stereotypes_true_lab4chain.csv,be569de97d95f95e9c344cdc3dd3e7846339ceb11bca6d874c399574155d2283
benchmark/results_seed13/lab4chain/training_stereo_true/TRAINING_OK.json,75b3e97e88c0f367d44f43efbe2f5834a7bf2d81da3c3eb26274d4faaa64c2d1
benchmark/results_seed13/lab4dual/ql_false/bench_step_log_ql_false.csv,c57190d50c376f85d67c250e065c24d26d326544a2e98b531b32fc78845f9c39
benchmark/results_seed13/lab4dual/ql_false/benchmark_results_ql_false.csv,3adcb2467d345e7de6462587bfaf68e8962d14522acee7d13b429c83b767a6c9
benchmark/results_seed13/lab4dual/ql_false/coverage_stereotypes_false_lab4dual.csv,68dfcfb2038d4c651623b77e2afaa09498df4a89ae4b1e3dff590c4fedbd78be
benchmark/results_seed13/lab4dual/ql_false/coverage_stereotypes_true_lab4dual.csv,7556bf313fc051019927f59a57374a1f5c1e24ff5e961398c97cbb47051dfa9e
benchmark/results_seed13/lab4dual/ql_false/first_goal_stereotypes_false_lab4dual.csv,a09602c1dfa8c761307cb7cd7db7f8df69174b707ca7b63fc558f01f355c5989
benchmark/results_seed13/lab4dual/ql_false/first_goal_stereotypes_true_lab4dual.csv,a09602c1dfa8c761307cb7cd7db7f8df69174b707ca7b63fc558f01f355c5989
benchmark/results_seed13/lab4dual/ql_false/iv_stats_stereotypes_false_lab4dual.json,ecc9d7c138d2d4635ac2c5b01e9ac8c4ed0623f660e15aca6e5d7bf24310316f
benchmark/results_seed13/lab4dual/ql_false/iv_stats_stereotypes_true_lab4dual.json,eef1ee472f7ef025bd4e1f6e6567fa93d8b4db18764b212076200f59a20cfa95
benchmark/results_seed13/lab4dual/ql_false/learned_stereotypes_false_lab4dual.ttl,0864d972310a77c3d915a4b60e6015c852a6ae6489041f22479f82ddedfcf9ea
benchmark/results_seed13/lab4dual/ql_false/learned_stereotypes_true_lab4dual.ttl,c97fa296dcd15359c6a5ce36eae0c67a87a7324d1508ffb4a0e9a30a613ad6f4
benchmark/results_seed13/lab4dual/ql_false/metrics_stereotypes_false_lab4dual.csv,f453347dc7d7d9d34fd33b8b07500a54942dffd48ded6e3097e87104299fbbcb
benchmark/results_seed13/lab4dual/ql_false/metrics_stereotypes_true_lab4dual.csv,7e8335fd34506824ba00729c1fbe1a0a43fa3611a120ada13d6af14a37a62895
benchmark/results_seed13/lab4dual/ql_false/qtable_final_stereotypes_false_lab4dual.csv,2d815b5c6bed9bac9d7e732443f5eb493b14e3865197bce5d6efee8deee868dd
benchmark/results_seed13/lab4dual/ql_false/qtable_final_stereotypes_false_lab4dual_trust.csv,8b74a8b2125268f80f75eedc1abd409afe252eae534fb6d33fbc9db761089e9b
benchmark/results_seed13/lab4dual/ql_false/qtable_final_stereotypes_false_lab4dual_visits.csv,4283d48325122426d522544faaf768d4353c1996be28160812a544ee5d242397
benchmark/results_seed13/lab4dual/ql_false/qtable_final_stereotypes_false_lab4dual_zone1.csv,c6a2eea510e76e63f5b026e2996952e20f3c327e7ad2d82952ecee1ba4e73382
benchmark/results_seed13/lab4dual/ql_false/qtable_final_stereotypes_false_lab4dual_zone2.csv,657d0b33f48f0ddc200ad106899e1b15d7a3ad63491f0092d61dc7ea0623ad6c
benchmark/results_seed13/lab4dual/ql_false/qtable_final_stereotypes_true_lab4dual.csv,3a20adf4bd5c3b915754ccd7ded69271eaaec658df4d5651c2e219756e547b52
benchmark/results_seed13/lab4dual/ql_false/qtable_final_stereotypes_true_lab4dual_trust.csv,8b74a8b2125268f80f75eedc1abd409afe252eae534fb6d33fbc9db761089e9b
benchmark/results_seed13/lab4dual/ql_false/qtable_final_stereotypes_true_lab4dual_visits.csv,6ad06bb71bd940d1c0f0c8d5d2615c5bd2531d1ffb423803f437efb530dbb84c
benchmark/results_seed13/lab4dual/ql_false/qtable_final_stereotypes_true_lab4dual_zone1.csv,f8d3a83a0a8c622317387bbc91e71520ba09fb743df7805433c1ac5fb9bb4647
benchmark/results_seed13/lab4dual/ql_false/qtable_final_stereotypes_true_lab4dual_zone2.csv,1cc5e49a4ad183e133887fcfa123d335607831128766154b53ee1f60bd37ecf9
benchmark/results_seed13/lab4dual/ql_false/trace_bench_ql_false.jsonl,e3b0c44298fc1c149afbf4c8996fb92427ae41e4649b934ca495991b7852b855
benchmark/results_seed13/lab4dual/ql_true/bench_step_log_ql_true.csv,8feaef54b99d7bacd4254cc8c4018c237e456bf8e6a3f73c0a78952b72f38844
benchmark/results_seed13/lab4dual/ql_true/benchmark_results_ql_true.csv,9fe975ce27ee336f2ebffd5e729f7b6b9d045757ada117a1b7fe011213559132
benchmark/results_seed13/lab4dual/ql_true/coverage_stereotypes_false_lab4dual.csv,68dfcfb2038d4c651623b77e2afaa09498df4a89ae4b1e3dff590c4fedbd78be
benchmark/results_seed13/lab4dual/ql_true/coverage_stereotypes_true_lab4dual.csv,7556bf313fc051019927f59a57374a1f5c1e24ff5e961398c97cbb47051dfa9e
benchmark/results_seed13/lab4dual/ql_true/first_goal_stereotypes_false_lab4dual.csv,a09602c1dfa8c761307cb7cd7db7f8df69174b707ca7b63fc558f01f355c5989
benchmark/results_seed13/lab4dual/ql_true/first_goal_stereotypes_true_lab4dual.csv,a09602c1dfa8c761307cb7cd7db7f8df69174b707ca7b63fc558f01f355c5989
benchmark/results_seed13/lab4dual/ql_true/iv_stats_stereotypes_false_lab4dual.json,ecc9d7c138d2d4635ac2c5b01e9ac8c4ed0623f660e15aca6e5d7bf24310316f
benchmark/results_seed13/lab4dual/ql_true/iv_stats_stereotypes_true_lab4dual.json,eef1ee472f7ef025bd4e1f6e6567fa93d8b4db18764b212076200f59a20cfa95
benchmark/results_seed13/lab4dual/ql_true/learned_stereotypes_false_lab4dual.ttl,0864d972310a77c3d915a4b60e6015c852a6ae6489041f22479f82ddedfcf9ea
benchmark/results_seed13/lab4dual/ql_true/learned_stereotypes_true_lab4dual.ttl,c97fa296dcd15359c6a5ce36eae0c67a87a7324d1508ffb4a0e9a30a613ad6f4
benchmark/results_seed13/lab4dual/ql_true/metrics_stereotypes_false_lab4dual.csv,f453347dc7d7d9d34fd33b8b07500a54942dffd48ded6e3097e87104299fbbcb
benchmark/results_seed13/lab4dual/ql_true/metrics_stereotypes_true_lab4dual.csv,7e8335fd34506824ba00729c1fbe1a0a43fa3611a120ada13d6af14a37a62895
benchmark/results_seed13/lab4dual/ql_true/qtable_final_stereotypes_false_lab4dual.csv,2d815b5c6bed9bac9d7e732443f5eb493b14e3865197bce5d6efee8deee868dd
benchmark/results_seed13/lab4dual/ql_true/qtable_final_stereotypes_false_lab4dual_trust.csv,8b74a8b2125268f80f75eedc1abd409afe252eae534fb6d33fbc9db761089e9b
benchmark/results_seed13/lab4dual/ql_true/qtable_final_stereotypes_false_lab4dual_visits.csv,4283d48325122426d522544faaf768d4353c1996be28160812a544ee5d242397
benchmark/results_seed13/lab4dual/ql_true/qtable_final_stereotypes_false_lab4dual_zone1.csv,c6a2eea510e76e63f5b026e2996952e20f3c327e7ad2d82952ecee1ba4e73382
benchmark/results_seed13/lab4dual/ql_true/qtable_final_stereotypes_false_lab4dual_zone2.csv,657d0b33f48f0ddc200ad106899e1b15d7a3ad63491f0092d61dc7ea0623ad6c
benchmark/results_seed13/lab4dual/ql_true/qtable_final_stereotypes_true_lab4dual.csv,3a20adf4bd5c3b915754ccd7ded69271eaaec658df4d5651c2e219756e547b52
benchmark/results_seed13/lab4dual/ql_true/qtable_final_stereotypes_true_lab4dual_trust.csv,8b74a8b2125268f80f75eedc1abd409afe252eae534fb6d33fbc9db761089e9b
benchmark/results_seed13/lab4dual/ql_true/qtable_final_stereotypes_true_lab4dual_visits.csv,6ad06bb71bd940d1c0f0c8d5d2615c5bd2531d1ffb423803f437efb530dbb84c
benchmark/results_seed13/lab4dual/ql_true/qtable_final_stereotypes_true_lab4dual_zone1.csv,f8d3a83a0a8c622317387bbc91e71520ba09fb743df7805433c1ac5fb9bb4647
benchmark/results_seed13/lab4dual/ql_true/qtable_final_stereotypes_true_lab4dual_zone2.csv,1cc5e49a4ad183e133887fcfa123d335607831128766154b53ee1f60bd37ecf9
benchmark/results_seed13/lab4dual/ql_true/trace_bench_ql_true.jsonl,e3b0c44298fc1c149afbf4c8996fb92427ae41e4649b934ca495991b7852b855
benchmark/results_seed13/lab4dual/rule_based/bench_step_log_rule_based.csv,7bde9a71d15f8b7167398dfa5926ffbd85d5a7fc6c797150340006ad16070521
benchmark/results_seed13/lab4dual/rule_based/benchmark_results_rule_based.csv,fb2d349a6117304cc01b119591dcb062b46fc9365104d5432c6f3bbc367c97bf
benchmark/results_seed13/lab4dual/rule_based/coverage_stereotypes_false_lab4dual.csv,68dfcfb2038d4c651623b77e2afaa09498df4a89ae4b1e3dff590c4fedbd78be
benchmark/results_seed13/lab4dual/rule_based/coverage_stereotypes_true_lab4dual.csv,7556bf313fc051019927f59a57374a1f5c1e24ff5e961398c97cbb47051dfa9e
benchmark/results_seed13/lab4dual/rule_based/first_goal_stereotypes_false_lab4dual.csv,a09602c1dfa8c761307cb7cd7db7f8df69174b707ca7b63fc558f01f355c5989
benchmark/results_seed13/lab4dual/rule_based/first_goal_stereotypes_true_lab4dual.csv,a09602c1dfa8c761307cb7cd7db7f8df69174b707ca7b63fc558f01f355c5989
benchmark/results_seed13/lab4dual/rule_based/iv_stats_stereotypes_false_lab4dual.json,ecc9d7c138d2d4635ac2c5b01e9ac8c4ed0623f660e15aca6e5d7bf24310316f
benchmark/results_seed13/lab4dual/rule_based/iv_stats_stereotypes_true_lab4dual.json,eef1ee472f7ef025bd4e1f6e6567fa93d8b4db18764b212076200f59a20cfa95
benchmark/results_seed13/lab4dual/rule_based/learned_stereotypes_false_lab4dual.ttl,0864d972310a77c3d915a4b60e6015c852a6ae6489041f22479f82ddedfcf9ea
benchmark/results_seed13/lab4dual/rule_based/learned_stereotypes_true_lab4dual.ttl,c97fa296dcd15359c6a5ce36eae0c67a87a7324d1508ffb4a0e9a30a613ad6f4
benchmark/results_seed13/lab4dual/rule_based/metrics_stereotypes_false_lab4dual.csv,f453347dc7d7d9d34fd33b8b07500a54942dffd48ded6e3097e87104299fbbcb
benchmark/results_seed13/lab4dual/rule_based/metrics_stereotypes_true_lab4dual.csv,7e8335fd34506824ba00729c1fbe1a0a43fa3611a120ada13d6af14a37a62895
benchmark/results_seed13/lab4dual/rule_based/qtable_final_stereotypes_false_lab4dual.csv,2d815b5c6bed9bac9d7e732443f5eb493b14e3865197bce5d6efee8deee868dd
benchmark/results_seed13/lab4dual/rule_based/qtable_final_stereotypes_false_lab4dual_trust.csv,8b74a8b2125268f80f75eedc1abd409afe252eae534fb6d33fbc9db761089e9b
benchmark/results_seed13/lab4dual/rule_based/qtable_final_stereotypes_false_lab4dual_visits.csv,4283d48325122426d522544faaf768d4353c1996be28160812a544ee5d242397
benchmark/results_seed13/lab4dual/rule_based/qtable_final_stereotypes_false_lab4dual_zone1.csv,c6a2eea510e76e63f5b026e2996952e20f3c327e7ad2d82952ecee1ba4e73382
benchmark/results_seed13/lab4dual/rule_based/qtable_final_stereotypes_false_lab4dual_zone2.csv,657d0b33f48f0ddc200ad106899e1b15d7a3ad63491f0092d61dc7ea0623ad6c
benchmark/results_seed13/lab4dual/rule_based/qtable_final_stereotypes_true_lab4dual.csv,3a20adf4bd5c3b915754ccd7ded69271eaaec658df4d5651c2e219756e547b52
benchmark/results_seed13/lab4dual/rule_based/qtable_final_stereotypes_true_lab4dual_trust.csv,8b74a8b2125268f80f75eedc1abd409afe252eae534fb6d33fbc9db761089e9b
benchmark/results_seed13/lab4dual/rule_based/qtable_final_stereotypes_true_lab4dual_visits.csv,6ad06bb71bd940d1c0f0c8d5d2615c5bd2531d1ffb423803f437efb530dbb84c
benchmark/results_seed13/lab4dual/rule_based/qtable_final_stereotypes_true_lab4dual_zone1.csv,f8d3a83a0a8c622317387bbc91e71520ba09fb743df7805433c1ac5fb9bb4647
benchmark/results_seed13/lab4dual/rule_based/qtable_final_stereotypes_true_lab4dual_zone2.csv,1cc5e49a4ad183e133887fcfa123d335607831128766154b53ee1f60bd37ecf9
benchmark/results_seed13/lab4dual/training_stereo_false/coverage_stereotypes_false_lab4dual.csv,68dfcfb2038d4c651623b77e2afaa09498df4a89ae4b1e3dff590c4fedbd78be
benchmark/results_seed13/lab4dual/training_stereo_false/first_goal_stereotypes_false_lab4dual.csv,a09602c1dfa8c761307cb7cd7db7f8df69174b707ca7b63fc558f01f355c5989
benchmark/results_seed13/lab4dual/training_stereo_false/iv_stats_stereotypes_false_lab4dual.json,ecc9d7c138d2d4635ac2c5b01e9ac8c4ed0623f660e15aca6e5d7bf24310316f
benchmark/results_seed13/lab4dual/training_stereo_false/learned_stereotypes_false_lab4dual.ttl,0864d972310a77c3d915a4b60e6015c852a6ae6489041f22479f82ddedfcf9ea
benchmark/results_seed13/lab4dual/training_stereo_false/metrics_stereotypes_false_lab4dual.csv,f453347dc7d7d9d34fd33b8b07500a54942dffd48ded6e3097e87104299fbbcb
benchmark/results_seed13/lab4dual/training_stereo_false/qtable_final_stereotypes_false_lab4dual.csv,2d815b5c6bed9bac9d7e732443f5eb493b14e3865197bce5d6efee8deee868dd
benchmark/results_seed13/lab4dual/training_stereo_false/qtable_initial_stereotypes_false_lab4dual.csv,76c7e1200a5c817c641f0fac6077a813d29a7731ea5b7ca36b5152359bf32840
benchmark/results_seed13/lab4dual/training_stereo_false/TRAINING_OK.json,eb28a61b475ed8c1ec5f5959e561b812d9d1a22e7b47f08d63be0c24db21627b
benchmark/results_seed13/lab4dual/training_stereo_true/coverage_stereotypes_true_lab4dual.csv,7556bf313fc051019927f59a57374a1f5c1e24ff5e961398c97cbb47051dfa9e
benchmark/results_seed13/lab4dual/training_stereo_true/first_goal_stereotypes_true_lab4dual.csv,a09602c1dfa8c761307cb7cd7db7f8df69174b707ca7b63fc558f01f355c5989
benchmark/results_seed13/lab4dual/training_stereo_true/iv_stats_stereotypes_true_lab4dual.json,eef1ee472f7ef025bd4e1f6e6567fa93d8b4db18764b212076200f59a20cfa95
benchmark/results_seed13/lab4dual/training_stereo_true/learned_stereotypes_true_lab4dual.ttl,c97fa296dcd15359c6a5ce36eae0c67a87a7324d1508ffb4a0e9a30a613ad6f4
benchmark/results_seed13/lab4dual/training_stereo_true/metrics_stereotypes_true_lab4dual.csv,7e8335fd34506824ba00729c1fbe1a0a43fa3611a120ada13d6af14a37a62895
benchmark/results_seed13/lab4dual/training_stereo_true/qtable_final_stereotypes_true_lab4dual.csv,3a20adf4bd5c3b915754ccd7ded69271eaaec658df4d5651c2e219756e547b52
benchmark/results_seed13/lab4dual/training_stereo_true/qtable_initial_stereotypes_true_lab4dual.csv,0ac9c51af98a5d238d35312958e4ef0068172106b0f793b4ec6e1d534e574776
benchmark/results_seed13/lab4dual/training_stereo_true/TRAINING_OK.json,e41098e987d70dd115aa171921c3dd95d96e507a0ba95009b86044f948664237
benchmark/results_seed13/lab5/ql_false/bench_step_log_ql_false.csv,1cdcfc655dda621c73bf188bd1be48c19aea478e02a0f2b7ebfe7d101a06a969
benchmark/results_seed13/lab5/ql_false/benchmark_results_ql_false.csv,1630be28d79ffcc36d9601bbd03e4066dd3a89467dbfa706d7eb9395dcb35473
benchmark/results_seed13/lab5/ql_false/coverage_stereotypes_false_lab5.csv,adaf84f0927b0c5418f28634b8c4f5715fd39de234ec5b65a03951d8fe563470
benchmark/results_seed13/lab5/ql_false/coverage_stereotypes_true_lab5.csv,fe6ca58f9ed6e12e85faeead9b6218fe0e5799dd8e0e35a2d72ea15305317356
benchmark/results_seed13/lab5/ql_false/first_goal_stereotypes_false_lab5.csv,a09602c1dfa8c761307cb7cd7db7f8df69174b707ca7b63fc558f01f355c5989
benchmark/results_seed13/lab5/ql_false/first_goal_stereotypes_true_lab5.csv,a09602c1dfa8c761307cb7cd7db7f8df69174b707ca7b63fc558f01f355c5989
benchmark/results_seed13/lab5/ql_false/iv_stats_stereotypes_false_lab5.json,a2d1e7766e9fb2a091d9a4c1c4a85dfab693cc31f05ec074bff6b29c6677b363
benchmark/results_seed13/lab5/ql_false/iv_stats_stereotypes_true_lab5.json,28aaccf909275b30ae66589add3a09326ed414bdad84562ba0232d7f839fcd66
benchmark/results_seed13/lab5/ql_false/learned_stereotypes_false_lab5.ttl,4dade38283f63c571701146812ea318f3e21c07099faf2e581bbadaebad2779c
benchmark/results_seed13/lab5/ql_false/learned_stereotypes_true_lab5.ttl,74391654ee967c8d0700a84531ceefd90474049e5fe041bdb8c81d4e3704af95
benchmark/results_seed13/lab5/ql_false/metrics_stereotypes_false_lab5.csv,5ca81ad34a330c90087ca6712c27f3f709d7239adef903db3bb56942c6359510
benchmark/results_seed13/lab5/ql_false/metrics_stereotypes_true_lab5.csv,166e49c2f63cfa8935ec22d8a95be0995509f8ddc68af544cfbaef561e492c90
benchmark/results_seed13/lab5/ql_false/qtable_final_stereotypes_false_lab5.csv,02dadf363fd4589f557c0faca6996014792f383129dc5ac7adc7c97b41df3576
benchmark/results_seed13/lab5/ql_false/qtable_final_stereotypes_false_lab5_trust.csv,8b74a8b2125268f80f75eedc1abd409afe252eae534fb6d33fbc9db761089e9b
benchmark/results_seed13/lab5/ql_false/qtable_final_stereotypes_false_lab5_visits.csv,054fa4fafbea122e225ba1d51589bdf5f94a56297737eb34c782c8d2d62766cd
benchmark/results_seed13/lab5/ql_false/qtable_final_stereotypes_false_lab5_zone1.csv,3807fc260ebf4172bdfa606cafa7dd7420d41e08d7dca075c1b388d8482fd6cd
benchmark/results_seed13/lab5/ql_false/qtable_final_stereotypes_false_lab5_zone2.csv,a10fa7b058433497f70232bc668c3b2e74e3982eac3d104a25f1f4018c82b12a
benchmark/results_seed13/lab5/ql_false/qtable_final_stereotypes_true_lab5.csv,891b42298f0ce9400b0a38984946312f56bb01080ae7d467739f91ce84b6717a
benchmark/results_seed13/lab5/ql_false/qtable_final_stereotypes_true_lab5_trust.csv,8b74a8b2125268f80f75eedc1abd409afe252eae534fb6d33fbc9db761089e9b
benchmark/results_seed13/lab5/ql_false/qtable_final_stereotypes_true_lab5_visits.csv,1e2ee1fe1cdb34465022f1a9969819dcbacbee5e44a4fc73051012eb608c1140
benchmark/results_seed13/lab5/ql_false/qtable_final_stereotypes_true_lab5_zone1.csv,6010b1c7bee8d76cb0b01ae0a7a0b82512f33a407cf77df213ce3f57ffdcf1f7
benchmark/results_seed13/lab5/ql_false/qtable_final_stereotypes_true_lab5_zone2.csv,2f2a923f4101e58b32072b0f59a97f78f77545a04dc8c33c238ca1bf0f5abfb1
benchmark/results_seed13/lab5/ql_false/trace_bench_ql_false.jsonl,e3b0c44298fc1c149afbf4c8996fb92427ae41e4649b934ca495991b7852b855
benchmark/results_seed13/lab5/ql_true/bench_step_log_ql_true.csv,78128aa85247db63a3d7d5207f9fc06de980da035be747943ae1e950c5a8b13c
benchmark/results_seed13/lab5/ql_true/benchmark_results_ql_true.csv,d7b4cc962ff4c8517a4919d22c65a513417ba68fdf3c823c0cfebfe6a4132445
benchmark/results_seed13/lab5/ql_true/coverage_stereotypes_false_lab5.csv,adaf84f0927b0c5418f28634b8c4f5715fd39de234ec5b65a03951d8fe563470
benchmark/results_seed13/lab5/ql_true/coverage_stereotypes_true_lab5.csv,fe6ca58f9ed6e12e85faeead9b6218fe0e5799dd8e0e35a2d72ea15305317356
benchmark/results_seed13/lab5/ql_true/first_goal_stereotypes_false_lab5.csv,a09602c1dfa8c761307cb7cd7db7f8df69174b707ca7b63fc558f01f355c5989
benchmark/results_seed13/lab5/ql_true/first_goal_stereotypes_true_lab5.csv,a09602c1dfa8c761307cb7cd7db7f8df69174b707ca7b63fc558f01f355c5989
benchmark/results_seed13/lab5/ql_true/iv_stats_stereotypes_false_lab5.json,a2d1e7766e9fb2a091d9a4c1c4a85dfab693cc31f05ec074bff6b29c6677b363
benchmark/results_seed13/lab5/ql_true/iv_stats_stereotypes_true_lab5.json,28aaccf909275b30ae66589add3a09326ed414bdad84562ba0232d7f839fcd66
benchmark/results_seed13/lab5/ql_true/learned_stereotypes_false_lab5.ttl,4dade38283f63c571701146812ea318f3e21c07099faf2e581bbadaebad2779c
benchmark/results_seed13/lab5/ql_true/learned_stereotypes_true_lab5.ttl,74391654ee967c8d0700a84531ceefd90474049e5fe041bdb8c81d4e3704af95
benchmark/results_seed13/lab5/ql_true/metrics_stereotypes_false_lab5.csv,5ca81ad34a330c90087ca6712c27f3f709d7239adef903db3bb56942c6359510
benchmark/results_seed13/lab5/ql_true/metrics_stereotypes_true_lab5.csv,166e49c2f63cfa8935ec22d8a95be0995509f8ddc68af544cfbaef561e492c90
benchmark/results_seed13/lab5/ql_true/qtable_final_stereotypes_false_lab5.csv,02dadf363fd4589f557c0faca6996014792f383129dc5ac7adc7c97b41df3576
benchmark/results_seed13/lab5/ql_true/qtable_final_stereotypes_false_lab5_trust.csv,8b74a8b2125268f80f75eedc1abd409afe252eae534fb6d33fbc9db761089e9b
benchmark/results_seed13/lab5/ql_true/qtable_final_stereotypes_false_lab5_visits.csv,054fa4fafbea122e225ba1d51589bdf5f94a56297737eb34c782c8d2d62766cd
benchmark/results_seed13/lab5/ql_true/qtable_final_stereotypes_false_lab5_zone1.csv,3807fc260ebf4172bdfa606cafa7dd7420d41e08d7dca075c1b388d8482fd6cd
benchmark/results_seed13/lab5/ql_true/qtable_final_stereotypes_false_lab5_zone2.csv,a10fa7b058433497f70232bc668c3b2e74e3982eac3d104a25f1f4018c82b12a
benchmark/results_seed13/lab5/ql_true/qtable_final_stereotypes_true_lab5.csv,891b42298f0ce9400b0a38984946312f56bb01080ae7d467739f91ce84b6717a
benchmark/results_seed13/lab5/ql_true/qtable_final_stereotypes_true_lab5_trust.csv,8b74a8b2125268f80f75eedc1abd409afe252eae534fb6d33fbc9db761089e9b
benchmark/results_seed13/lab5/ql_true/qtable_final_stereotypes_true_lab5_visits.csv,1e2ee1fe1cdb34465022f1a9969819dcbacbee5e44a4fc73051012eb608c1140
benchmark/results_seed13/lab5/ql_true/qtable_final_stereotypes_true_lab5_zone1.csv,6010b1c7bee8d76cb0b01ae0a7a0b82512f33a407cf77df213ce3f57ffdcf1f7
benchmark/results_seed13/lab5/ql_true/qtable_final_stereotypes_true_lab5_zone2.csv,2f2a923f4101e58b32072b0f59a97f78f77545a04dc8c33c238ca1bf0f5abfb1
benchmark/results_seed13/lab5/ql_true/trace_bench_ql_true.jsonl,e3b0c44298fc1c149afbf4c8996fb92427ae41e4649b934ca495991b7852b855
benchmark/results_seed13/lab5/rule_based/bench_step_log_rule_based.csv,210ad2ed6784542e570d6acc3d2f49d7571b0eb50fcc22e5a336aa3356498cea
benchmark/results_seed13/lab5/rule_based/benchmark_results_rule_based.csv,86fcc6c72dfaeedc7c3cf8e57e153856c52298d016cbf4c579e68edb1a028335
benchmark/results_seed13/lab5/rule_based/coverage_stereotypes_false_lab5.csv,adaf84f0927b0c5418f28634b8c4f5715fd39de234ec5b65a03951d8fe563470
benchmark/results_seed13/lab5/rule_based/coverage_stereotypes_true_lab5.csv,fe6ca58f9ed6e12e85faeead9b6218fe0e5799dd8e0e35a2d72ea15305317356
benchmark/results_seed13/lab5/rule_based/first_goal_stereotypes_false_lab5.csv,a09602c1dfa8c761307cb7cd7db7f8df69174b707ca7b63fc558f01f355c5989
benchmark/results_seed13/lab5/rule_based/first_goal_stereotypes_true_lab5.csv,a09602c1dfa8c761307cb7cd7db7f8df69174b707ca7b63fc558f01f355c5989
benchmark/results_seed13/lab5/rule_based/iv_stats_stereotypes_false_lab5.json,a2d1e7766e9fb2a091d9a4c1c4a85dfab693cc31f05ec074bff6b29c6677b363
benchmark/results_seed13/lab5/rule_based/iv_stats_stereotypes_true_lab5.json,28aaccf909275b30ae66589add3a09326ed414bdad84562ba0232d7f839fcd66
benchmark/results_seed13/lab5/rule_based/learned_stereotypes_false_lab5.ttl,4dade38283f63c571701146812ea318f3e21c07099faf2e581bbadaebad2779c
benchmark/results_seed13/lab5/rule_based/learned_stereotypes_true_lab5.ttl,74391654ee967c8d0700a84531ceefd90474049e5fe041bdb8c81d4e3704af95
benchmark/results_seed13/lab5/rule_based/metrics_stereotypes_false_lab5.csv,5ca81ad34a330c90087ca6712c27f3f709d7239adef903db3bb56942c6359510
benchmark/results_seed13/lab5/rule_based/metrics_stereotypes_true_lab5.csv,166e49c2f63cfa8935ec22d8a95be0995509f8ddc68af544cfbaef561e492c90
benchmark/results_seed13/lab5/rule_based/qtable_final_stereotypes_false_lab5.csv,02dadf363fd4589f557c0faca6996014792f383129dc5ac7adc7c97b41df3576
benchmark/results_seed13/lab5/rule_based/qtable_final_stereotypes_false_lab5_trust.csv,8b74a8b2125268f80f75eedc1abd409afe252eae534fb6d33fbc9db761089e9b
benchmark/results_seed13/lab5/rule_based/qtable_final_stereotypes_false_lab5_visits.csv,054fa4fafbea122e225ba1d51589bdf5f94a56297737eb34c782c8d2d62766cd
benchmark/results_seed13/lab5/rule_based/qtable_final_stereotypes_false_lab5_zone1.csv,3807fc260ebf4172bdfa606cafa7dd7420d41e08d7dca075c1b388d8482fd6cd
benchmark/results_seed13/lab5/rule_based/qtable_final_stereotypes_false_lab5_zone2.csv,a10fa7b058433497f70232bc668c3b2e74e3982eac3d104a25f1f4018c82b12a
benchmark/results_seed13/lab5/rule_based/qtable_final_stereotypes_true_lab5.csv,891b42298f0ce9400b0a38984946312f56bb01080ae7d467739f91ce84b6717a
benchmark/results_seed13/lab5/rule_based/qtable_final_stereotypes_true_lab5_trust.csv,8b74a8b2125268f80f75eedc1abd409afe252eae534fb6d33fbc9db761089e9b
benchmark/results_seed13/lab5/rule_based/qtable_final_stereotypes_true_lab5_visits.csv,1e2ee1fe1cdb34465022f1a9969819dcbacbee5e44a4fc73051012eb608c1140
benchmark/results_seed13/lab5/rule_based/qtable_final_stereotypes_true_lab5_zone1.csv,6010b1c7bee8d76cb0b01ae0a7a0b82512f33a407cf77df213ce3f57ffdcf1f7
benchmark/results_seed13/lab5/rule_based/qtable_final_stereotypes_true_lab5_zone2.csv,2f2a923f4101e58b32072b0f59a97f78f77545a04dc8c33c238ca1bf0f5abfb1
benchmark/results_seed13/lab5/training_stereo_false/coverage_stereotypes_false_lab5.csv,adaf84f0927b0c5418f28634b8c4f5715fd39de234ec5b65a03951d8fe563470
benchmark/results_seed13/lab5/training_stereo_false/first_goal_stereotypes_false_lab5.csv,a09602c1dfa8c761307cb7cd7db7f8df69174b707ca7b63fc558f01f355c5989
benchmark/results_seed13/lab5/training_stereo_false/iv_stats_stereotypes_false_lab5.json,a2d1e7766e9fb2a091d9a4c1c4a85dfab693cc31f05ec074bff6b29c6677b363
benchmark/results_seed13/lab5/training_stereo_false/learned_stereotypes_false_lab5.ttl,4dade38283f63c571701146812ea318f3e21c07099faf2e581bbadaebad2779c
benchmark/results_seed13/lab5/training_stereo_false/metrics_stereotypes_false_lab5.csv,5ca81ad34a330c90087ca6712c27f3f709d7239adef903db3bb56942c6359510
benchmark/results_seed13/lab5/training_stereo_false/qtable_final_stereotypes_false_lab5.csv,02dadf363fd4589f557c0faca6996014792f383129dc5ac7adc7c97b41df3576
benchmark/results_seed13/lab5/training_stereo_false/qtable_initial_stereotypes_false_lab5.csv,1f719efe3de3b894c6215931199c79ea5417981a846581751ac34959ed93d4a7
benchmark/results_seed13/lab5/training_stereo_false/TRAINING_OK.json,dc385c3e21c6605f65b822db212a94d9bc4ba579c13e06c11ce0a9c341d32a99
benchmark/results_seed13/lab5/training_stereo_true/coverage_stereotypes_true_lab5.csv,fe6ca58f9ed6e12e85faeead9b6218fe0e5799dd8e0e35a2d72ea15305317356
benchmark/results_seed13/lab5/training_stereo_true/first_goal_stereotypes_true_lab5.csv,a09602c1dfa8c761307cb7cd7db7f8df69174b707ca7b63fc558f01f355c5989
benchmark/results_seed13/lab5/training_stereo_true/iv_stats_stereotypes_true_lab5.json,28aaccf909275b30ae66589add3a09326ed414bdad84562ba0232d7f839fcd66
benchmark/results_seed13/lab5/training_stereo_true/learned_stereotypes_true_lab5.ttl,74391654ee967c8d0700a84531ceefd90474049e5fe041bdb8c81d4e3704af95
benchmark/results_seed13/lab5/training_stereo_true/metrics_stereotypes_true_lab5.csv,166e49c2f63cfa8935ec22d8a95be0995509f8ddc68af544cfbaef561e492c90
benchmark/results_seed13/lab5/training_stereo_true/qtable_final_stereotypes_true_lab5.csv,891b42298f0ce9400b0a38984946312f56bb01080ae7d467739f91ce84b6717a
benchmark/results_seed13/lab5/training_stereo_true/qtable_initial_stereotypes_true_lab5.csv,78732e9f547e4ba2efc6ae510da7171030396e3b820ef3b90f6bd7c248cb5a41
benchmark/results_seed13/lab5/training_stereo_true/TRAINING_OK.json,bfd854da02d98b8cfc1426d03669b2dd585314c22f6d87a972adaabcdc06ee4a
benchmark/results_seed14/lab4/ql_false/bench_step_log_ql_false.csv,46b19b614855a0afee159383f20b3846a198842ce9e319a983d81da044d4bf99
benchmark/results_seed14/lab4/ql_false/benchmark_results_ql_false.csv,b73c991ca60845482bc28182a7164f6fa649a449ddb95064ba9870dc398ca1ab
benchmark/results_seed14/lab4/ql_false/coverage_stereotypes_false_lab4.csv,4d22fa5927ef2ff6ca2789dfb5be7c81034d67e96cdafc026a182b0350d3220e
benchmark/results_seed14/lab4/ql_false/coverage_stereotypes_true_lab4.csv,d4f783a326c4e81514d40697e786216e7c3e7912ae8899ebd24f676b7ce35e4f
benchmark/results_seed14/lab4/ql_false/first_goal_stereotypes_false_lab4.csv,d8f7a82d8984f5d0e9e98ee5d0aa649d66e77384ab2d669e77dd6293763ad024
benchmark/results_seed14/lab4/ql_false/first_goal_stereotypes_true_lab4.csv,a09602c1dfa8c761307cb7cd7db7f8df69174b707ca7b63fc558f01f355c5989
benchmark/results_seed14/lab4/ql_false/iv_stats_stereotypes_false_lab4.json,44632830faf6a6753623e598a97111c8bb956e4763e993c8286535bc28064246
benchmark/results_seed14/lab4/ql_false/iv_stats_stereotypes_true_lab4.json,343b8c49369cc15bcfd1864015aac988d2a1e3fb11f5e3b8586ca5c9a89c5ff2
benchmark/results_seed14/lab4/ql_false/learned_stereotypes_false_lab4.ttl,13e2e3084aaa5af23fb076ac824c6c734016c74d1eb5eac732a32b08ecd31a22
benchmark/results_seed14/lab4/ql_false/learned_stereotypes_true_lab4.ttl,287aa3a8ea99ac0c9fabe0e9959739ee3048328481abd656db57e3100a8facdd
benchmark/results_seed14/lab4/ql_false/metrics_stereotypes_false_lab4.csv,3ad7addcd6f69d28ffbb673c739baf22618c5cd3835458dbd5dce03e7f3ff677
benchmark/results_seed14/lab4/ql_false/metrics_stereotypes_true_lab4.csv,3fa444dcde493cae0f4c11f6ac7b22a335770526e3d28e4904e03676981cf198
benchmark/results_seed14/lab4/ql_false/qtable_final_stereotypes_false_lab4.csv,9966f939ffc7285d59dd932e64ccd0e20585845b41a10855354803a0054754e5
benchmark/results_seed14/lab4/ql_false/qtable_final_stereotypes_false_lab4_trust.csv,8b74a8b2125268f80f75eedc1abd409afe252eae534fb6d33fbc9db761089e9b
benchmark/results_seed14/lab4/ql_false/qtable_final_stereotypes_false_lab4_visits.csv,5048ea9f0cc0ab311fdde059862a8da76bb204e2003cb8d0d125aa9ae0b9b9cc
benchmark/results_seed14/lab4/ql_false/qtable_final_stereotypes_false_lab4_zone1.csv,2f2b5a22e9fed668d33d5df1b65c036c68ad3d6be6d13015bfe2f46776ba547f
benchmark/results_seed14/lab4/ql_false/qtable_final_stereotypes_false_lab4_zone2.csv,b218fd522f6cb75d7b330212eeb20b661777b05c6e29f6ccdc7de28ec9ff3d1a
benchmark/results_seed14/lab4/ql_false/qtable_final_stereotypes_true_lab4.csv,2c7f4363ae02fe567715c098fb441838a8b32c759132222ae05d2fe3d8624af7
benchmark/results_seed14/lab4/ql_false/qtable_final_stereotypes_true_lab4_trust.csv,8b74a8b2125268f80f75eedc1abd409afe252eae534fb6d33fbc9db761089e9b
benchmark/results_seed14/lab4/ql_false/qtable_final_stereotypes_true_lab4_visits.csv,518cb9cf2125b4630862b6bfa406f30bfc27ee126b9e1c93d099bc61d5b7bd0b
benchmark/results_seed14/lab4/ql_false/qtable_final_stereotypes_true_lab4_zone1.csv,7963a800a8a639c01f1d7d354c7fd996aac26dd60ebadd18c3571927e61c6797
benchmark/results_seed14/lab4/ql_false/qtable_final_stereotypes_true_lab4_zone2.csv,d0c3b32b2f13cbe220bc996c78409491adfb96b71ea4dc546ae13fbaf1c070f0
benchmark/results_seed14/lab4/ql_false/trace_bench_ql_false.jsonl,e3b0c44298fc1c149afbf4c8996fb92427ae41e4649b934ca495991b7852b855
benchmark/results_seed14/lab4/ql_true/bench_step_log_ql_true.csv,d618d8d4884700bfd6eb92fcc9940cab027f09c3d8bd21ca38dc425a71708733
benchmark/results_seed14/lab4/ql_true/benchmark_results_ql_true.csv,2b4a589d234b224ee6d737ef62f485f0a37acff54a1b68d943b9421bd7f6ed08
benchmark/results_seed14/lab4/ql_true/coverage_stereotypes_false_lab4.csv,4d22fa5927ef2ff6ca2789dfb5be7c81034d67e96cdafc026a182b0350d3220e
benchmark/results_seed14/lab4/ql_true/coverage_stereotypes_true_lab4.csv,d4f783a326c4e81514d40697e786216e7c3e7912ae8899ebd24f676b7ce35e4f
benchmark/results_seed14/lab4/ql_true/first_goal_stereotypes_false_lab4.csv,d8f7a82d8984f5d0e9e98ee5d0aa649d66e77384ab2d669e77dd6293763ad024
benchmark/results_seed14/lab4/ql_true/first_goal_stereotypes_true_lab4.csv,a09602c1dfa8c761307cb7cd7db7f8df69174b707ca7b63fc558f01f355c5989
benchmark/results_seed14/lab4/ql_true/iv_stats_stereotypes_false_lab4.json,44632830faf6a6753623e598a97111c8bb956e4763e993c8286535bc28064246
benchmark/results_seed14/lab4/ql_true/iv_stats_stereotypes_true_lab4.json,343b8c49369cc15bcfd1864015aac988d2a1e3fb11f5e3b8586ca5c9a89c5ff2
benchmark/results_seed14/lab4/ql_true/learned_stereotypes_false_lab4.ttl,13e2e3084aaa5af23fb076ac824c6c734016c74d1eb5eac732a32b08ecd31a22
benchmark/results_seed14/lab4/ql_true/learned_stereotypes_true_lab4.ttl,287aa3a8ea99ac0c9fabe0e9959739ee3048328481abd656db57e3100a8facdd
benchmark/results_seed14/lab4/ql_true/metrics_stereotypes_false_lab4.csv,3ad7addcd6f69d28ffbb673c739baf22618c5cd3835458dbd5dce03e7f3ff677
benchmark/results_seed14/lab4/ql_true/metrics_stereotypes_true_lab4.csv,3fa444dcde493cae0f4c11f6ac7b22a335770526e3d28e4904e03676981cf198
benchmark/results_seed14/lab4/ql_true/qtable_final_stereotypes_false_lab4.csv,9966f939ffc7285d59dd932e64ccd0e20585845b41a10855354803a0054754e5
benchmark/results_seed14/lab4/ql_true/qtable_final_stereotypes_false_lab4_trust.csv,8b74a8b2125268f80f75eedc1abd409afe252eae534fb6d33fbc9db761089e9b
benchmark/results_seed14/lab4/ql_true/qtable_final_stereotypes_false_lab4_visits.csv,5048ea9f0cc0ab311fdde059862a8da76bb204e2003cb8d0d125aa9ae0b9b9cc
benchmark/results_seed14/lab4/ql_true/qtable_final_stereotypes_false_lab4_zone1.csv,2f2b5a22e9fed668d33d5df1b65c036c68ad3d6be6d13015bfe2f46776ba547f
benchmark/results_seed14/lab4/ql_true/qtable_final_stereotypes_false_lab4_zone2.csv,b218fd522f6cb75d7b330212eeb20b661777b05c6e29f6ccdc7de28ec9ff3d1a
benchmark/results_seed14/lab4/ql_true/qtable_final_stereotypes_true_lab4.csv,2c7f4363ae02fe567715c098fb441838a8b32c759132222ae05d2fe3d8624af7
benchmark/results_seed14/lab4/ql_true/qtable_final_stereotypes_true_lab4_trust.csv,8b74a8b2125268f80f75eedc1abd409afe252eae534fb6d33fbc9db761089e9b
benchmark/results_seed14/lab4/ql_true/qtable_final_stereotypes_true_lab4_visits.csv,518cb9cf2125b4630862b6bfa406f30bfc27ee126b9e1c93d099bc61d5b7bd0b
benchmark/results_seed14/lab4/ql_true/qtable_final_stereotypes_true_lab4_zone1.csv,7963a800a8a639c01f1d7d354c7fd996aac26dd60ebadd18c3571927e61c6797
benchmark/results_seed14/lab4/ql_true/qtable_final_stereotypes_true_lab4_zone2.csv,d0c3b32b2f13cbe220bc996c78409491adfb96b71ea4dc546ae13fbaf1c070f0
benchmark/results_seed14/lab4/ql_true/trace_bench_ql_true.jsonl,e3b0c44298fc1c149afbf4c8996fb92427ae41e4649b934ca495991b7852b855
benchmark/results_seed14/lab4/rule_based/bench_step_log_rule_based.csv,dcbc4327da082492479ba30ccd4da61be5ac2d9659746d470daad350664a098d
benchmark/results_seed14/lab4/rule_based/benchmark_results_rule_based.csv,398de6847d47a6697c75ca5cd80ec504bc6670e5cdaafa33308f0b81ab421df8
benchmark/results_seed14/lab4/rule_based/coverage_stereotypes_false_lab4.csv,4d22fa5927ef2ff6ca2789dfb5be7c81034d67e96cdafc026a182b0350d3220e
benchmark/results_seed14/lab4/rule_based/coverage_stereotypes_true_lab4.csv,d4f783a326c4e81514d40697e786216e7c3e7912ae8899ebd24f676b7ce35e4f
benchmark/results_seed14/lab4/rule_based/first_goal_stereotypes_false_lab4.csv,d8f7a82d8984f5d0e9e98ee5d0aa649d66e77384ab2d669e77dd6293763ad024
benchmark/results_seed14/lab4/rule_based/first_goal_stereotypes_true_lab4.csv,a09602c1dfa8c761307cb7cd7db7f8df69174b707ca7b63fc558f01f355c5989
benchmark/results_seed14/lab4/rule_based/iv_stats_stereotypes_false_lab4.json,44632830faf6a6753623e598a97111c8bb956e4763e993c8286535bc28064246
benchmark/results_seed14/lab4/rule_based/iv_stats_stereotypes_true_lab4.json,343b8c49369cc15bcfd1864015aac988d2a1e3fb11f5e3b8586ca5c9a89c5ff2
benchmark/results_seed14/lab4/rule_based/learned_stereotypes_false_lab4.ttl,13e2e3084aaa5af23fb076ac824c6c734016c74d1eb5eac732a32b08ecd31a22
benchmark/results_seed14/lab4/rule_based/learned_stereotypes_true_lab4.ttl,287aa3a8ea99ac0c9fabe0e9959739ee3048328481abd656db57e3100a8facdd
benchmark/results_seed14/lab4/rule_based/metrics_stereotypes_false_lab4.csv,3ad7addcd6f69d28ffbb673c739baf22618c5cd3835458dbd5dce03e7f3ff677
benchmark/results_seed14/lab4/rule_based/metrics_stereotypes_true_lab4.csv,3fa444dcde493cae0f4c11f6ac7b22a335770526e3d28e4904e03676981cf198
benchmark/results_seed14/lab4/rule_based/qtable_final_stereotypes_false_lab4.csv,9966f939ffc7285d59dd932e64ccd0e20585845b41a10855354803a0054754e5
benchmark/results_seed14/lab4/rule_based/qtable_final_stereotypes_false_lab4_trust.csv,8b74a8b2125268f80f75eedc1abd409afe252eae534fb6d33fbc9db761089e9b
benchmark/results_seed14/lab4/rule_based/qtable_final_stereotypes_false_lab4_visits.csv,5048ea9f0cc0ab311fdde059862a8da76bb204e2003cb8d0d125aa9ae0b9b9cc
benchmark/results_seed14/lab4/rule_based/qtable_final_stereotypes_false_lab4_zone1.csv,2f2b5a22e9fed668d33d5df1b65c036c68ad3d6be6d13015bfe2f46776ba547f
benchmark/results_seed14/lab4/rule_based/qtable_final_stereotypes_false_lab4_zone2.csv,b218fd522f6cb75d7b330212eeb20b661777b05c6e29f6ccdc7de28ec9ff3d1a
benchmark/results_seed14/lab4/rule_based/qtable_final_stereotypes_true_lab4.csv,2c7f4363ae02fe567715c098fb441838a8b32c759132222ae05d2fe3d8624af7
benchmark/results_seed14/lab4/rule_based/qtable_final_stereotypes_true_lab4_trust.csv,8b74a8b2125268f80f75eedc1abd409afe252eae534fb6d33fbc9db761089e9b
benchmark/results_seed14/lab4/rule_based/qtable_final_stereotypes_true_lab4_visits.csv,518cb9cf2125b4630862b6bfa406f30bfc27ee126b9e1c93d099bc61d5b7bd0b
benchmark/results_seed14/lab4/rule_based/qtable_final_stereotypes_true_lab4_zone1.csv,7963a800a8a639c01f1d7d354c7fd996aac26dd60ebadd18c3571927e61c6797
benchmark/results_seed14/lab4/rule_based/qtable_final_stereotypes_true_lab4_zone2.csv,d0c3b32b2f13cbe220bc996c78409491adfb96b71ea4dc546ae13fbaf1c070f0
benchmark/results_seed14/lab4/training_stereo_false/coverage_stereotypes_false_lab4.csv,4d22fa5927ef2ff6ca2789dfb5be7c81034d67e96cdafc026a182b0350d3220e
benchmark/results_seed14/lab4/training_stereo_false/first_goal_stereotypes_false_lab4.csv,d8f7a82d8984f5d0e9e98ee5d0aa649d66e77384ab2d669e77dd6293763ad024
benchmark/results_seed14/lab4/training_stereo_false/iv_stats_stereotypes_false_lab4.json,44632830faf6a6753623e598a97111c8bb956e4763e993c8286535bc28064246
benchmark/results_seed14/lab4/training_stereo_false/learned_stereotypes_false_lab4.ttl,13e2e3084aaa5af23fb076ac824c6c734016c74d1eb5eac732a32b08ecd31a22
benchmark/results_seed14/lab4/training_stereo_false/metrics_stereotypes_false_lab4.csv,3ad7addcd6f69d28ffbb673c739baf22618c5cd3835458dbd5dce03e7f3ff677
benchmark/results_seed14/lab4/training_stereo_false/qtable_final_stereotypes_false_lab4.csv,9966f939ffc7285d59dd932e64ccd0e20585845b41a10855354803a0054754e5
benchmark/results_seed14/lab4/training_stereo_false/qtable_initial_stereotypes_false_lab4.csv,e7a805786d46aebc891069aaff4b80200c4fca7991e24d1c39adfbccc5be20ee
benchmark/results_seed14/lab4/training_stereo_false/TRAINING_OK.json,c17633810eec11e376d75803875f3073bcbd819a9eafaf8a0f7644fbda82b064
benchmark/results_seed14/lab4/training_stereo_true/coverage_stereotypes_true_lab4.csv,d4f783a326c4e81514d40697e786216e7c3e7912ae8899ebd24f676b7ce35e4f
benchmark/results_seed14/lab4/training_stereo_true/first_goal_stereotypes_true_lab4.csv,a09602c1dfa8c761307cb7cd7db7f8df69174b707ca7b63fc558f01f355c5989
benchmark/results_seed14/lab4/training_stereo_true/iv_stats_stereotypes_true_lab4.json,343b8c49369cc15bcfd1864015aac988d2a1e3fb11f5e3b8586ca5c9a89c5ff2
benchmark/results_seed14/lab4/training_stereo_true/learned_stereotypes_true_lab4.ttl,287aa3a8ea99ac0c9fabe0e9959739ee3048328481abd656db57e3100a8facdd
benchmark/results_seed14/lab4/training_stereo_true/metrics_stereotypes_true_lab4.csv,3fa444dcde493cae0f4c11f6ac7b22a335770526e3d28e4904e03676981cf198
benchmark/results_seed14/lab4/training_stereo_true/qtable_final_stereotypes_true_lab4.csv,2c7f4363ae02fe567715c098fb441838a8b32c759132222ae05d2fe3d8624af7
benchmark/results_seed14/lab4/training_stereo_true/qtable_initial_stereotypes_true_lab4.csv,a34227689301a8b03f01964727db05c0cd5ac3ca6fef2c062cbacaa11b196a6e
benchmark/results_seed14/lab4/training_stereo_true/TRAINING_OK.json,3e3eefd4b2266627f2d49e643a379dd8fe7aa196a1b115866a8f233d26cbd8b4
benchmark/results_seed14/lab4chain/ql_false/bench_step_log_ql_false.csv,6eaf452f6b96d6c655940010fd83bb694d417a93ffb1479399263e407643148f
benchmark/results_seed14/lab4chain/ql_false/benchmark_results_ql_false.csv,51e007d6e262ed0776543f6d74bec7f6b5760b46a35ceaee0b56564fe005e517
benchmark/results_seed14/lab4chain/ql_false/coverage_stereotypes_false_lab4chain.csv,9d03f0d3e7fed76068f80e9c46c2d0b5759d5fccb9d0eff8230777b6128818a6
benchmark/results_seed14/lab4chain/ql_false/coverage_stereotypes_true_lab4chain.csv,4ad39d3a98a236fc3b38836aaefacb06fd51349606f1e8bc36d46a85ae051ac8
benchmark/results_seed14/lab4chain/ql_false/first_goal_stereotypes_false_lab4chain.csv,107e98ce2bf0172ac00becb81aac245ead0473a2cfded342188f89065062adcd
benchmark/results_seed14/lab4chain/ql_false/first_goal_stereotypes_true_lab4chain.csv,a09602c1dfa8c761307cb7cd7db7f8df69174b707ca7b63fc558f01f355c5989
benchmark/results_seed14/lab4chain/ql_false/iv_stats_stereotypes_false_lab4chain.json,556b00169966a61ad02e726039d14d02de2bd6fed6759e383504f01d88c24f8f
benchmark/results_seed14/lab4chain/ql_false/iv_stats_stereotypes_true_lab4chain.json,c4efa6afb0eae2e73deab801c21d63588974dfb0e524210cf204254744b67274
benchmark/results_seed14/lab4chain/ql_false/learned_stereotypes_false_lab4chain.ttl,4f58c0647ce1c5b2b1a50e841f185c1a69686f8991508af1aea621ca4df6d03b
benchmark/results_seed14/lab4chain/ql_false/learned_stereotypes_true_lab4chain.ttl,f1061149708f4680de5c592d62c7c0ea8855c430a8ae93dfa9787048844dabe1
benchmark/results_seed14/lab4chain/ql_false/metrics_stereotypes_false_lab4chain.csv,5149c3a0994c026512ba7d250316e43c692d4aa63c9be806fdaed878af7434dc
benchmark/results_seed14/lab4chain/ql_false/metrics_stereotypes_true_lab4chain.csv,01cf7425ab26f4c357180d2589925d77d1d7373f68d6aa7865721b89c9084ee8
benchmark/results_seed14/lab4chain/ql_false/qtable_final_stereotypes_false_lab4chain.csv,3e2a74b5f366a01489fcbe7a1b74af0bfd6c6d69087c1b646d1caaa679878f29
benchmark/results_seed14/lab4chain/ql_false/qtable_final_stereotypes_false_lab4chain_trust.csv,8b74a8b2125268f80f75eedc1abd409afe252eae534fb6d33fbc9db761089e9b
benchmark/results_seed14/lab4chain/ql_false/qtable_final_stereotypes_false_lab4chain_visits.csv,0d699ab521a4ebf76a9a77f7a07ce2cfcedde0765ce985787fd89f28a21a8f6a
benchmark/results_seed14/lab4chain/ql_false/qtable_final_stereotypes_false_lab4chain_zone1.csv,57aabc70eb3f0fdc6f8075cfc80d70f464e7559fae872b15f31e9cc8bd36b726
benchmark/results_seed14/lab4chain/ql_false/qtable_final_stereotypes_false_lab4chain_zone2.csv,4aaf36cde742365befb1133649f608972cf8e16a5a355147f068c1541e6250c6
benchmark/results_seed14/lab4chain/ql_false/qtable_final_stereotypes_true_lab4chain.csv,fba26d38487009b86536c99bd374f6d3ac7b886af620ab65c25f38a0d54cf779
benchmark/results_seed14/lab4chain/ql_false/qtable_final_stereotypes_true_lab4chain_trust.csv,8b74a8b2125268f80f75eedc1abd409afe252eae534fb6d33fbc9db761089e9b
benchmark/results_seed14/lab4chain/ql_false/qtable_final_stereotypes_true_lab4chain_visits.csv,15f1c82f7d5d4eae4fc4c9155fcee7a21e6c5a978516f220d779594ad2a3b864
benchmark/results_seed14/lab4chain/ql_false/qtable_final_stereotypes_true_lab4chain_zone1.csv,21967a8e18d3c3e52d2fabdee14d2b94c20e40e65fbc37d1ffa54d8856861112
benchmark/results_seed14/lab4chain/ql_false/qtable_final_stereotypes_true_lab4chain_zone2.csv,83c465810a6b3469f5610e1de7b0e6d538f799a4ea489abc2ed1be6e75f9edab
benchmark/results_seed14/lab4chain/ql_false/trace_bench_ql_false.jsonl,e3b0c44298fc1c149afbf4c8996fb92427ae41e4649b934ca495991b7852b855
benchmark/results_seed14/lab4chain/ql_true/bench_step_log_ql_true.csv,4c2cda040f11f95baa03bad96328fc7206cc18f83388328c1f3a9c07e07963f0
benchmark/results_seed14/lab4chain/ql_true/benchmark_results_ql_true.csv,e68e7ac591d76264d13a54d3ba8bd8e3a128011cdea0fc700c5433eb1bf09e6f
benchmark/results_seed14/lab4chain/ql_true/coverage_stereotypes_false_lab4chain.csv,9d03f0d3e7fed76068f80e9c46c2d0b5759d5fccb9d0eff8230777b6128818a6
benchmark/results_seed14/lab4chain/ql_true/coverage_stereotypes_true_lab4chain.csv,4ad39d3a98a236fc3b38836aaefacb06fd51349606f1e8bc36d46a85ae051ac8
benchmark/results_seed14/lab4chain/ql_true/first_goal_stereotypes_false_lab4chain.csv,107e98ce2bf0172ac00becb81aac245ead0473a2cfded342188f89065062adcd
benchmark/results_seed14/lab4chain/ql_true/first_goal_stereotypes_true_lab4chain.csv,a09602c1dfa8c761307cb7cd7db7f8df69174b707ca7b63fc558f01f355c5989
benchmark/results_seed14/lab4chain/ql_true/iv_stats_stereotypes_false_lab4chain.json,556b00169966a61ad02e726039d14d02de2bd6fed6759e383504f01d88c24f8f
benchmark/results_seed14/lab4chain/ql_true/iv_stats_stereotypes_true_lab4chain.json,c4efa6afb0eae2e73deab801c21d63588974dfb0e524210cf204254744b67274
benchmark/results_seed14/lab4chain/ql_true/learned_stereotypes_false_lab4chain.ttl,4f58c0647ce1c5b2b1a50e841f185c1a69686f8991508af1aea621ca4df6d03b
benchmark/results_seed14/lab4chain/ql_true/learned_stereotypes_true_lab4chain.ttl,f1061149708f4680de5c592d62c7c0ea8855c430a8ae93dfa9787048844dabe1
benchmark/results_seed14/lab4chain/ql_true/metrics_stereotypes_false_lab4chain.csv,5149c3a0994c026512ba7d250316e43c692d4aa63c9be806fdaed878af7434dc
benchmark/results_seed14/lab4chain/ql_true/metrics_stereotypes_true_lab4chain.csv,01cf7425ab26f4c357180d2589925d77d1d7373f68d6aa7865721b89c9084ee8
benchmark/results_seed14/lab4chain/ql_true/qtable_final_stereotypes_false_lab4chain.csv,3e2a74b5f366a01489fcbe7a1b74af0bfd6c6d69087c1b646d1caaa679878f29
benchmark/results_seed14/lab4chain/ql_true/qtable_final_stereotypes_false_lab4chain_trust.csv,8b74a8b2125268f80f75eedc1abd409afe252eae534fb6d33fbc9db761089e9b
benchmark/results_seed14/lab4chain/ql_true/qtable_final_stereotypes_false_lab4chain_visits.csv,0d699ab521a4ebf76a9a77f7a07ce2cfcedde0765ce985787fd89f28a21a8f6a
benchmark/results_seed14/lab4chain/ql_true/qtable_final_stereotypes_false_lab4chain_zone1.csv,57aabc70eb3f0fdc6f8075cfc80d70f464e7559fae872b15f31e9cc8bd36b726
benchmark/results_seed14/lab4chain/ql_true/qtable_final_stereotypes_false_lab4chain_zone2.csv,4aaf36cde742365befb1133649f608972cf8e16a5a355147f068c1541e6250c6
benchmark/results_seed14/lab4chain/ql_true/qtable_final_stereotypes_true_lab4chain.csv,fba26d38487009b86536c99bd374f6d3ac7b886af620ab65c25f38a0d54cf779
benchmark/results_seed14/lab4chain/ql_true/qtable_final_stereotypes_true_lab4chain_trust.csv,8b74a8b2125268f80f75eedc1abd409afe252eae534fb6d33fbc9db761089e9b
benchmark/results_seed14/lab4chain/ql_true/qtable_final_stereotypes_true_lab4chain_visits.csv,15f1c82f7d5d4eae4fc4c9155fcee7a21e6c5a978516f220d779594ad2a3b864
benchmark/results_seed14/lab4chain/ql_true/qtable_final_stereotypes_true_lab4chain_zone1.csv,21967a8e18d3c3e52d2fabdee14d2b94c20e40e65fbc37d1ffa54d8856861112
benchmark/results_seed14/lab4chain/ql_true/qtable_final_stereotypes_true_lab4chain_zone2.csv,83c465810a6b3469f5610e1de7b0e6d538f799a4ea489abc2ed1be6e75f9edab
benchmark/results_seed14/lab4chain/ql_true/trace_bench_ql_true.jsonl,e3b0c44298fc1c149afbf4c8996fb92427ae41e4649b934ca495991b7852b855
benchmark/results_seed14/lab4chain/rule_based/bench_step_log_rule_based.csv,80c72f4e1cceb1e8d37ced41e08fdf772dce607596a4f6e207a0fb1080d0716a
benchmark/results_seed14/lab4chain/rule_based/benchmark_results_rule_based.csv,848d9c38aeb9f3aa09a147b7da079cf1221658c10a5bbe3a5a6e4e7549738c1a
benchmark/results_seed14/lab4chain/rule_based/coverage_stereotypes_false_lab4chain.csv,9d03f0d3e7fed76068f80e9c46c2d0b5759d5fccb9d0eff8230777b6128818a6
benchmark/results_seed14/lab4chain/rule_based/coverage_stereotypes_true_lab4chain.csv,4ad39d3a98a236fc3b38836aaefacb06fd51349606f1e8bc36d46a85ae051ac8
benchmark/results_seed14/lab4chain/rule_based/first_goal_stereotypes_false_lab4chain.csv,107e98ce2bf0172ac00becb81aac245ead0473a2cfded342188f89065062adcd
benchmark/results_seed14/lab4chain/rule_based/first_goal_stereotypes_true_lab4chain.csv,a09602c1dfa8c761307cb7cd7db7f8df69174b707ca7b63fc558f01f355c5989
benchmark/results_seed14/lab4chain/rule_based/iv_stats_stereotypes_false_lab4chain.json,556b00169966a61ad02e726039d14d02de2bd6fed6759e383504f01d88c24f8f
benchmark/results_seed14/lab4chain/rule_based/iv_stats_stereotypes_true_lab4chain.json,c4efa6afb0eae2e73deab801c21d63588974dfb0e524210cf204254744b67274
benchmark/results_seed14/lab4chain/rule_based/learned_stereotypes_false_lab4chain.ttl,4f58c0647ce1c5b2b1a50e841f185c1a69686f8991508af1aea621ca4df6d03b
benchmark/results_seed14/lab4chain/rule_based/learned_stereotypes_true_lab4chain.ttl,f1061149708f4680de5c592d62c7c0ea8855c430a8ae93dfa9787048844dabe1
benchmark/results_seed14/lab4chain/rule_based/metrics_stereotypes_false_lab4chain.csv,5149c3a0994c026512ba7d250316e43c692d4aa63c9be806fdaed878af7434dc
benchmark/results_seed14/lab4chain/rule_based/metrics_stereotypes_true_lab4chain.csv,01cf7425ab26f4c357180d2589925d77d1d7373f68d6aa7865721b89c9084ee8
benchmark/results_seed14/lab4chain/rule_based/qtable_final_stereotypes_false_lab4chain.csv,3e2a74b5f366a01489fcbe7a1b74af0bfd6c6d69087c1b646d1caaa679878f29
benchmark/results_seed14/lab4chain/rule_based/qtable_final_stereotypes_false_lab4chain_trust.csv,8b74a8b2125268f80f75eedc1abd409afe252eae534fb6d33fbc9db761089e9b
benchmark/results_seed14/lab4chain/rule_based/qtable_final_stereotypes_false_lab4chain_visits.csv,0d699ab521a4ebf76a9a77f7a07ce2cfcedde0765ce985787fd89f28a21a8f6a
benchmark/results_seed14/lab4chain/rule_based/qtable_final_stereotypes_false_lab4chain_zone1.csv,57aabc70eb3f0fdc6f8075cfc80d70f464e7559fae872b15f31e9cc8bd36b726
benchmark/results_seed14/lab4chain/rule_based/qtable_final_stereotypes_false_lab4chain_zone2.csv,4aaf36cde742365befb1133649f608972cf8e16a5a355147f068c1541e6250c6
benchmark/results_seed14/lab4chain/rule_based/qtable_final_stereotypes_true_lab4chain.csv,fba26d38487009b86536c99bd374f6d3ac7b886af620ab65c25f38a0d54cf779
benchmark/results_seed14/lab4chain/rule_based/qtable_final_stereotypes_true_lab4chain_trust.csv,8b74a8b2125268f80f75eedc1abd409afe252eae534fb6d33fbc9db761089e9b
benchmark/results_seed14/lab4chain/rule_based/qtable_final_stereotypes_true_lab4chain_visits.csv,15f1c82f7d5d4eae4fc4c9155fcee7a21e6c5a978516f220d779594ad2a3b864
benchmark/results_seed14/lab4chain/rule_based/qtable_final_stereotypes_true_lab4chain_zone1.csv,21967a8e18d3c3e52d2fabdee14d2b94c20e40e65fbc37d1ffa54d8856861112
benchmark/results_seed14/lab4chain/rule_based/qtable_final_stereotypes_true_lab4chain_zone2.csv,83c465810a6b3469f5610e1de7b0e6d538f799a4ea489abc2ed1be6e75f9edab
benchmark/results_seed14/lab4chain/training_stereo_false/coverage_stereotypes_false_lab4chain.csv,9d03f0d3e7fed76068f80e9c46c2d0b5759d5fccb9d0eff8230777b6128818a6
benchmark/results_seed14/lab4chain/training_stereo_false/first_goal_stereotypes_false_lab4chain.csv,107e98ce2bf0172ac00becb81aac245ead0473a2cfded342188f89065062adcd
benchmark/results_seed14/lab4chain/training_stereo_false/iv_stats_stereotypes_false_lab4chain.json,556b00169966a61ad02e726039d14d02de2bd6fed6759e383504f01d88c24f8f
benchmark/results_seed14/lab4chain/training_stereo_false/learned_stereotypes_false_lab4chain.ttl,4f58c0647ce1c5b2b1a50e841f185c1a69686f8991508af1aea621ca4df6d03b
benchmark/results_seed14/lab4chain/training_stereo_false/metrics_stereotypes_false_lab4chain.csv,5149c3a0994c026512ba7d250316e43c692d4aa63c9be806fdaed878af7434dc
benchmark/results_seed14/lab4chain/training_stereo_false/qtable_final_stereotypes_false_lab4chain.csv,3e2a74b5f366a01489fcbe7a1b74af0bfd6c6d69087c1b646d1caaa679878f29
benchmark/results_seed14/lab4chain/training_stereo_false/qtable_initial_stereotypes_false_lab4chain.csv,8e651424be7fc1e8f08b3ca8d4f82f240e9f7fc9a9db7c05f461ed8ca6c14a18
benchmark/results_seed14/lab4chain/training_stereo_false/TRAINING_OK.json,23f58123d68164469670dcb7fbb9ceb4754d52bf6f773119a121284225858655
benchmark/results_seed14/lab4chain/training_stereo_true/coverage_stereotypes_true_lab4chain.csv,4ad39d3a98a236fc3b38836aaefacb06fd51349606f1e8bc36d46a85ae051ac8
benchmark/results_seed14/lab4chain/training_stereo_true/first_goal_stereotypes_true_lab4chain.csv,a09602c1dfa8c761307cb7cd7db7f8df69174b707ca7b63fc558f01f355c5989
benchmark/results_seed14/lab4chain/training_stereo_true/iv_stats_stereotypes_true_lab4chain.json,c4efa6afb0eae2e73deab801c21d63588974dfb0e524210cf204254744b67274
benchmark/results_seed14/lab4chain/training_stereo_true/learned_stereotypes_true_lab4chain.ttl,f1061149708f4680de5c592d62c7c0ea8855c430a8ae93dfa9787048844dabe1
benchmark/results_seed14/lab4chain/training_stereo_true/metrics_stereotypes_true_lab4chain.csv,01cf7425ab26f4c357180d2589925d77d1d7373f68d6aa7865721b89c9084ee8
benchmark/results_seed14/lab4chain/training_stereo_true/qtable_final_stereotypes_true_lab4chain.csv,fba26d38487009b86536c99bd374f6d3ac7b886af620ab65c25f38a0d54cf779
benchmark/results_seed14/lab4chain/training_stereo_true/qtable_initial_stereotypes_true_lab4chain.csv,be569de97d95f95e9c344cdc3dd3e7846339ceb11bca6d874c399574155d2283
benchmark/results_seed14/lab4chain/training_stereo_true/TRAINING_OK.json,85ab3f29fb6219670b57677385725906a89739ddaedc52ca4475cabee52ff037
benchmark/results_seed14/lab4dual/ql_false/bench_step_log_ql_false.csv,3e0b03379c7f55e918403ac0b9a6849481d40847b9db6b0024b9a0fe4e7fc06e
benchmark/results_seed14/lab4dual/ql_false/benchmark_results_ql_false.csv,d6394b61e9a727787e0923c40c89aa0682528da0d3e3edf19352d6cf9b2251ae
benchmark/results_seed14/lab4dual/ql_false/coverage_stereotypes_false_lab4dual.csv,1f5653655cf612cdf8c67c09fb68cbed34f4c0b2b2e8eba0bcb18a7a58d32fd6
benchmark/results_seed14/lab4dual/ql_false/coverage_stereotypes_true_lab4dual.csv,3a8ae20c1196072e7206054516d765e51d10478f7837e63b39e048d390b1de3b
benchmark/results_seed14/lab4dual/ql_false/first_goal_stereotypes_false_lab4dual.csv,a952aa2ee719693cd7879cf3ab711682efbcb22a11bb21322e409437576553dd
benchmark/results_seed14/lab4dual/ql_false/first_goal_stereotypes_true_lab4dual.csv,a09602c1dfa8c761307cb7cd7db7f8df69174b707ca7b63fc558f01f355c5989
benchmark/results_seed14/lab4dual/ql_false/iv_stats_stereotypes_false_lab4dual.json,0abdc870726fbc4c003d8b3dc1d06a83df49677be25bb945e5f3374345883afc
benchmark/results_seed14/lab4dual/ql_false/iv_stats_stereotypes_true_lab4dual.json,c215542c5abb725b628b794fe8b1d8846c11703ed8dc1afa6d7d9483e178b6d9
benchmark/results_seed14/lab4dual/ql_false/learned_stereotypes_false_lab4dual.ttl,8dc06432e5374816664156b993e35ed7254af61b48680432d3c7525295ae11f8
benchmark/results_seed14/lab4dual/ql_false/learned_stereotypes_true_lab4dual.ttl,95e5f2f808b7732e88fd53a43040b34e58739176758ccc2605288c56abf09ffe
benchmark/results_seed14/lab4dual/ql_false/metrics_stereotypes_false_lab4dual.csv,c08881f49b6da7fb05ef46fc09ba3e79bafff567cf4c6be9db274b1168d7cf7e
benchmark/results_seed14/lab4dual/ql_false/metrics_stereotypes_true_lab4dual.csv,7056410e60908f810fbdce7e394b6014df6393d2e43275866470a521782cd228
benchmark/results_seed14/lab4dual/ql_false/qtable_final_stereotypes_false_lab4dual.csv,d543905ace3adf3c5635024f821bd825823174f66032fba31ea1735946e04023
benchmark/results_seed14/lab4dual/ql_false/qtable_final_stereotypes_false_lab4dual_trust.csv,8b74a8b2125268f80f75eedc1abd409afe252eae534fb6d33fbc9db761089e9b
benchmark/results_seed14/lab4dual/ql_false/qtable_final_stereotypes_false_lab4dual_visits.csv,94e97384f909ce73f1fdb81f7e3cc362b7039cecc37b52f170a9faed27fdd33a
benchmark/results_seed14/lab4dual/ql_false/qtable_final_stereotypes_false_lab4dual_zone1.csv,688bfa3cc74c8859407b87b062e7d1673e0db3f31884c20ba83d33762e30dc4a
benchmark/results_seed14/lab4dual/ql_false/qtable_final_stereotypes_false_lab4dual_zone2.csv,4c9731b60f4ff7b5a461038339c46f9b2b275e1cb7b47fba7f4e9b5a38e6dfe2
benchmark/results_seed14/lab4dual/ql_false/qtable_final_stereotypes_true_lab4dual.csv,7056b671abb36537a53ea0ce90c81d8b417e0fe67c42fe20e9bf48142093ccfc
benchmark/results_seed14/lab4dual/ql_false/qtable_final_stereotypes_true_lab4dual_trust.csv,8b74a8b2125268f80f75eedc1abd409afe252eae534fb6d33fbc9db761089e9b
benchmark/results_seed14/lab4dual/ql_false/qtable_final_stereotypes_true_lab4dual_visits.csv,6d2452aa4798208c53572644fb8b06e18863ce4d18431563666416444027a554
benchmark/results_seed14/lab4dual/ql_false/qtable_final_stereotypes_true_lab4dual_zone1.csv,5599819422fd960290a7e58c95fe142f55095f51b0fe7883aedb9e0e5b61416a
benchmark/results_seed14/lab4dual/ql_false/qtable_final_stereotypes_true_lab4dual_zone2.csv,f7afa3c9ec2bf9e5e007752da66e09ae9704e5c71b35244e92cf9f4d09103dff
benchmark/results_seed14/lab4dual/ql_false/trace_bench_ql_false.jsonl,e3b0c44298fc1c149afbf4c8996fb92427ae41e4649b934ca495991b7852b855
benchmark/results_seed14/lab4dual/ql_true/bench_step_log_ql_true.csv,5a9d3ef78fc1749eb644b723d51a39053000639460dacc6b7021b21157f0f9e3
benchmark/results_seed14/lab4dual/ql_true/benchmark_results_ql_true.csv,4ef26317167634d3034dd70ae84ec1c0c6517d4a01db9c8648f2ce3736326072
benchmark/results_seed14/lab4dual/ql_true/coverage_stereotypes_false_lab4dual.csv,1f5653655cf612cdf8c67c09fb68cbed34f4c0b2b2e8eba0bcb18a7a58d32fd6
benchmark/results_seed14/lab4dual/ql_true/coverage_stereotypes_true_lab4dual.csv,3a8ae20c1196072e7206054516d765e51d10478f7837e63b39e048d390b1de3b
benchmark/results_seed14/lab4dual/ql_true/first_goal_stereotypes_false_lab4dual.csv,a952aa2ee719693cd7879cf3ab711682efbcb22a11bb21322e409437576553dd
benchmark/results_seed14/lab4dual/ql_true/first_goal_stereotypes_true_lab4dual.csv,a09602c1dfa8c761307cb7cd7db7f8df69174b707ca7b63fc558f01f355c5989
benchmark/results_seed14/lab4dual/ql_true/iv_stats_stereotypes_false_lab4dual.json,0abdc870726fbc4c003d8b3dc1d06a83df49677be25bb945e5f3374345883afc
benchmark/results_seed14/lab4dual/ql_true/iv_stats_stereotypes_true_lab4dual.json,c215542c5abb725b628b794fe8b1d8846c11703ed8dc1afa6d7d9483e178b6d9
benchmark/results_seed14/lab4dual/ql_true/learned_stereotypes_false_lab4dual.ttl,8dc06432e5374816664156b993e35ed7254af61b48680432d3c7525295ae11f8
benchmark/results_seed14/lab4dual/ql_true/learned_stereotypes_true_lab4dual.ttl,95e5f2f808b7732e88fd53a43040b34e58739176758ccc2605288c56abf09ffe
benchmark/results_seed14/lab4dual/ql_true/metrics_stereotypes_false_lab4dual.csv,c08881f49b6da7fb05ef46fc09ba3e79bafff567cf4c6be9db274b1168d7cf7e
benchmark/results_seed14/lab4dual/ql_true/metrics_stereotypes_true_lab4dual.csv,7056410e60908f810fbdce7e394b6014df6393d2e43275866470a521782cd228
benchmark/results_seed14/lab4dual/ql_true/qtable_final_stereotypes_false_lab4dual.csv,d543905ace3adf3c5635024f821bd825823174f66032fba31ea1735946e04023
benchmark/results_seed14/lab4dual/ql_true/qtable_final_stereotypes_false_lab4dual_trust.csv,8b74a8b2125268f80f75eedc1abd409afe252eae534fb6d33fbc9db761089e9b
benchmark/results_seed14/lab4dual/ql_true/qtable_final_stereotypes_false_lab4dual_visits.csv,94e97384f909ce73f1fdb81f7e3cc362b7039cecc37b52f170a9faed27fdd33a
benchmark/results_seed14/lab4dual/ql_true/qtable_final_stereotypes_false_lab4dual_zone1.csv,688bfa3cc74c8859407b87b062e7d1673e0db3f31884c20ba83d33762e30dc4a
benchmark/results_seed14/lab4dual/ql_true/qtable_final_stereotypes_false_lab4dual_zone2.csv,4c9731b60f4ff7b5a461038339c46f9b2b275e1cb7b47fba7f4e9b5a38e6dfe2
benchmark/results_seed14/lab4dual/ql_true/qtable_final_stereotypes_true_lab4dual.csv,7056b671abb36537a53ea0ce90c81d8b417e0fe67c42fe20e9bf48142093ccfc
benchmark/results_seed14/lab4dual/ql_true/qtable_final_stereotypes_true_lab4dual_trust.csv,8b74a8b2125268f80f75eedc1abd409afe252eae534fb6d33fbc9db761089e9b
benchmark/results_seed14/lab4dual/ql_true/qtable_final_stereotypes_true_lab4dual_visits.csv,6d2452aa4798208c53572644fb8b06e18863ce4d18431563666416444027a554
benchmark/results_seed14/lab4dual/ql_true/qtable_final_stereotypes_true_lab4dual_zone1.csv,5599819422fd960290a7e58c95fe142f55095f51b0fe7883aedb9e0e5b61416a
benchmark/results_seed14/lab4dual/ql_true/qtable_final_stereotypes_true_lab4dual_zone2.csv,f7afa3c9ec2bf9e5e007752da66e09ae9704e5c71b35244e92cf9f4d09103dff
benchmark/results_seed14/lab4dual/ql_true/trace_bench_ql_true.jsonl,e3b0c44298fc1c149afbf4c8996fb92427ae41e4649b934ca495991b7852b855
benchmark/results_seed14/lab4dual/rule_based/bench_step_log_rule_based.csv,7bde9a71d15f8b7167398dfa5926ffbd85d5a7fc6c797150340006ad16070521
benchmark/results_seed14/lab4dual/rule_based/benchmark_results_rule_based.csv,786cfa9b97f8a1551d7b2e7ec489bd0315d8e3f40a38265a95a6167d797bc3ad
benchmark/results_seed14/lab4dual/rule_based/coverage_stereotypes_false_lab4dual.csv,1f5653655cf612cdf8c67c09fb68cbed34f4c0b2b2e8eba0bcb18a7a58d32fd6
benchmark/results_seed14/lab4dual/rule_based/coverage_stereotypes_true_lab4dual.csv,3a8ae20c1196072e7206054516d765e51d10478f7837e63b39e048d390b1de3b
benchmark/results_seed14/lab4dual/rule_based/first_goal_stereotypes_false_lab4dual.csv,a952aa2ee719693cd7879cf3ab711682efbcb22a11bb21322e409437576553dd
benchmark/results_seed14/lab4dual/rule_based/first_goal_stereotypes_true_lab4dual.csv,a09602c1dfa8c761307cb7cd7db7f8df69174b707ca7b63fc558f01f355c5989
benchmark/results_seed14/lab4dual/rule_based/iv_stats_stereotypes_false_lab4dual.json,0abdc870726fbc4c003d8b3dc1d06a83df49677be25bb945e5f3374345883afc
benchmark/results_seed14/lab4dual/rule_based/iv_stats_stereotypes_true_lab4dual.json,c215542c5abb725b628b794fe8b1d8846c11703ed8dc1afa6d7d9483e178b6d9
benchmark/results_seed14/lab4dual/rule_based/learned_stereotypes_false_lab4dual.ttl,8dc06432e5374816664156b993e35ed7254af61b48680432d3c7525295ae11f8
benchmark/results_seed14/lab4dual/rule_based/learned_stereotypes_true_lab4dual.ttl,95e5f2f808b7732e88fd53a43040b34e58739176758ccc2605288c56abf09ffe
benchmark/results_seed14/lab4dual/rule_based/metrics_stereotypes_false_lab4dual.csv,c08881f49b6da7fb05ef46fc09ba3e79bafff567cf4c6be9db274b1168d7cf7e
benchmark/results_seed14/lab4dual/rule_based/metrics_stereotypes_true_lab4dual.csv,7056410e60908f810fbdce7e394b6014df6393d2e43275866470a521782cd228
benchmark/results_seed14/lab4dual/rule_based/qtable_final_stereotypes_false_lab4dual.csv,d543905ace3adf3c5635024f821bd825823174f66032fba31ea1735946e04023
benchmark/results_seed14/lab4dual/rule_based/qtable_final_stereotypes_false_lab4dual_trust.csv,8b74a8b2125268f80f75eedc1abd409afe252eae534fb6d33fbc9db761089e9b
benchmark/results_seed14/lab4dual/rule_based/qtable_final_stereotypes_false_lab4dual_visits.csv,94e97384f909ce73f1fdb81f7e3cc362b7039cecc37b52f170a9faed27fdd33a
benchmark/results_seed14/lab4dual/rule_based/qtable_final_stereotypes_false_lab4dual_zone1.csv,688bfa3cc74c8859407b87b062e7d1673e0db3f31884c20ba83d33762e30dc4a
benchmark/results_seed14/lab4dual/rule_based/qtable_final_stereotypes_false_lab4dual_zone2.csv,4c9731b60f4ff7b5a461038339c46f9b2b275e1cb7b47fba7f4e9b5a38e6dfe2
benchmark/results_seed14/lab4dual/rule_based/qtable_final_stereotypes_true_lab4dual.csv,7056b671abb36537a53ea0ce90c81d8b417e0fe67c42fe20e9bf48142093ccfc
benchmark/results_seed14/lab4dual/rule_based/qtable_final_stereotypes_true_lab4dual_trust.csv,8b74a8b2125268f80f75eedc1abd409afe252eae534fb6d33fbc9db761089e9b
benchmark/results_seed14/lab4dual/rule_based/qtable_final_stereotypes_true_lab4dual_visits.csv,6d2452aa4798208c53572644fb8b06e18863ce4d18431563666416444027a554
benchmark/results_seed14/lab4dual/rule_based/qtable_final_stereotypes_true_lab4dual_zone1.csv,5599819422fd960290a7e58c95fe142f55095f51b0fe7883aedb9e0e5b61416a
benchmark/results_seed14/lab4dual/rule_based/qtable_final_stereotypes_true_lab4dual_zone2.csv,f7afa3c9ec2bf9e5e007752da66e09ae9704e5c71b35244e92cf9f4d09103dff
benchmark/results_seed14/lab4dual/training_stereo_false/coverage_stereotypes_false_lab4dual.csv,1f5653655cf612cdf8c67c09fb68cbed34f4c0b2b2e8eba0bcb18a7a58d32fd6
benchmark/results_seed14/lab4dual/training_stereo_false/first_goal_stereotypes_false_lab4dual.csv,a952aa2ee719693cd7879cf3ab711682efbcb22a11bb21322e409437576553dd
benchmark/results_seed14/lab4dual/training_stereo_false/iv_stats_stereotypes_false_lab4dual.json,0abdc870726fbc4c003d8b3dc1d06a83df49677be25bb945e5f3374345883afc
benchmark/results_seed14/lab4dual/training_stereo_false/learned_stereotypes_false_lab4dual.ttl,8dc06432e5374816664156b993e35ed7254af61b48680432d3c7525295ae11f8
benchmark/results_seed14/lab4dual/training_stereo_false/metrics_stereotypes_false_lab4dual.csv,c08881f49b6da7fb05ef46fc09ba3e79bafff567cf4c6be9db274b1168d7cf7e
benchmark/results_seed14/lab4dual/training_stereo_false/qtable_final_stereotypes_false_lab4dual.csv,d543905ace3adf3c5635024f821bd825823174f66032fba31ea1735946e04023
benchmark/results_seed14/lab4dual/training_stereo_false/qtable_initial_stereotypes_false_lab4dual.csv,76c7e1200a5c817c641f0fac6077a813d29a7731ea5b7ca36b5152359bf32840
benchmark/results_seed14/lab4dual/training_stereo_false/TRAINING_OK.json,9d761ab0508ad3639e8d75f7d9f8144539616f9c5fe420afb0d0a43ae12821d7
benchmark/results_seed14/lab4dual/training_stereo_true/coverage_stereotypes_true_lab4dual.csv,3a8ae20c1196072e7206054516d765e51d10478f7837e63b39e048d390b1de3b
benchmark/results_seed14/lab4dual/training_stereo_true/first_goal_stereotypes_true_lab4dual.csv,a09602c1dfa8c761307cb7cd7db7f8df69174b707ca7b63fc558f01f355c5989
benchmark/results_seed14/lab4dual/training_stereo_true/iv_stats_stereotypes_true_lab4dual.json,c215542c5abb725b628b794fe8b1d8846c11703ed8dc1afa6d7d9483e178b6d9
benchmark/results_seed14/lab4dual/training_stereo_true/learned_stereotypes_true_lab4dual.ttl,95e5f2f808b7732e88fd53a43040b34e58739176758ccc2605288c56abf09ffe
benchmark/results_seed14/lab4dual/training_stereo_true/metrics_stereotypes_true_lab4dual.csv,7056410e60908f810fbdce7e394b6014df6393d2e43275866470a521782cd228
benchmark/results_seed14/lab4dual/training_stereo_true/qtable_final_stereotypes_true_lab4dual.csv,7056b671abb36537a53ea0ce90c81d8b417e0fe67c42fe20e9bf48142093ccfc
benchmark/results_seed14/lab4dual/training_stereo_true/qtable_initial_stereotypes_true_lab4dual.csv,0ac9c51af98a5d238d35312958e4ef0068172106b0f793b4ec6e1d534e574776
benchmark/results_seed14/lab4dual/training_stereo_true/TRAINING_OK.json,1ca787bc54135ca8d052350e167b5ac09f8b358b82739c07b5d20963005d948c
benchmark/results_seed14/lab5/ql_false/bench_step_log_ql_false.csv,b05de4b294cb7afa47abc686c99fda23efc19a82865e02524d620e03993f5c8c
benchmark/results_seed14/lab5/ql_false/benchmark_results_ql_false.csv,a00fd6030f67f3f3d50c569897de53e1e9d68cc3848426d907c544b992381755
benchmark/results_seed14/lab5/ql_false/coverage_stereotypes_false_lab5.csv,32001f8edf6a7dc64c2491597e6fc4231e68dae8308664ed0d171b5d92b4fb89
benchmark/results_seed14/lab5/ql_false/coverage_stereotypes_true_lab5.csv,374ec6050d46fd953c5c66fb75e15552ccec5a9501dcb9e264b355532154b120
benchmark/results_seed14/lab5/ql_false/first_goal_stereotypes_false_lab5.csv,36d1ca1cf39233cefefd96f408882c7871aa1202b19185fb26c98fe734f6e0cf
benchmark/results_seed14/lab5/ql_false/first_goal_stereotypes_true_lab5.csv,a09602c1dfa8c761307cb7cd7db7f8df69174b707ca7b63fc558f01f355c5989
benchmark/results_seed14/lab5/ql_false/iv_stats_stereotypes_false_lab5.json,9c08f48474a4f06779b1efb694e7ee4a601e0db3955dade166217c24d7e2579e
benchmark/results_seed14/lab5/ql_false/iv_stats_stereotypes_true_lab5.json,6a9f82092aad64808da4b281c1454ead184919e5615ada3ccdcca8dc9b4247d6
benchmark/results_seed14/lab5/ql_false/learned_stereotypes_false_lab5.ttl,9705cfb7eca1a2128b19530291da1516f04c3602b526a2b9f29eb7577a2b4f17
benchmark/results_seed14/lab5/ql_false/learned_stereotypes_true_lab5.ttl,1202f1ef25d7f1a5c119c8113f5b859d14c064206092b52a6059d1b788d67d83
benchmark/results_seed14/lab5/ql_false/metrics_stereotypes_false_lab5.csv,d0a8f1af099ec2132573fc593f7422f788b834d2dcbb76837acbc4eac57e89b7
benchmark/results_seed14/lab5/ql_false/metrics_stereotypes_true_lab5.csv,b6f3fef3c7c04f52d31f4654ef9c09f3df129ec3274a44369319f4d8545e9077
benchmark/results_seed14/lab5/ql_false/qtable_final_stereotypes_false_lab5.csv,b9d2fff58b239062ab8fc08209b9be4d44f81ffcf202081f9a532c50ac809140
benchmark/results_seed14/lab5/ql_false/qtable_final_stereotypes_false_lab5_trust.csv,8b74a8b2125268f80f75eedc1abd409afe252eae534fb6d33fbc9db761089e9b
benchmark/results_seed14/lab5/ql_false/qtable_final_stereotypes_false_lab5_visits.csv,030721167612008d6321f5b7bf6959dc4f98bd45bc15abed4784a5f8d22c5e14
benchmark/results_seed14/lab5/ql_false/qtable_final_stereotypes_false_lab5_zone1.csv,713571c093935343b8b2cb40be20e5d22b4bfb7dc493e68d4681ca7e9dc5c8f6
benchmark/results_seed14/lab5/ql_false/qtable_final_stereotypes_false_lab5_zone2.csv,e4b4535a0348bb54fa01fd3ded81c1cf421bdff45806feb25d93f48bf82b8600
benchmark/results_seed14/lab5/ql_false/qtable_final_stereotypes_true_lab5.csv,461d468d65a31af27fc7b01197899ad428adaa6ee9c2604bed01440c56ad44c4
benchmark/results_seed14/lab5/ql_false/qtable_final_stereotypes_true_lab5_trust.csv,8b74a8b2125268f80f75eedc1abd409afe252eae534fb6d33fbc9db761089e9b
benchmark/results_seed14/lab5/ql_false/qtable_final_stereotypes_true_lab5_visits.csv,d5333dbca61d00c65bba9dceec1a1db5e72fb40aba7a9c7c2f39473d5e4919e2
benchmark/results_seed14/lab5/ql_false/qtable_final_stereotypes_true_lab5_zone1.csv,a11a34ce103cd910059b3b43fcfbe569f3acd6aa18ec4c3895a35031094d4dcf
benchmark/results_seed14/lab5/ql_false/qtable_final_stereotypes_true_lab5_zone2.csv,04e2b9172c22df8f7f4eec338df7b3ea3c9e7349a88741bdcded3964403c150a
benchmark/results_seed14/lab5/ql_false/trace_bench_ql_false.jsonl,e3b0c44298fc1c149afbf4c8996fb92427ae41e4649b934ca495991b7852b855
benchmark/results_seed14/lab5/ql_true/bench_step_log_ql_true.csv,ac1d40ba1aa8a123e8d2d7732057592363a36e2aaae708b575b8e8de5964be34
benchmark/results_seed14/lab5/ql_true/benchmark_results_ql_true.csv,b0dfc1840a99707f09d8ecaf3a9eab1c1eb0c859a2b959b858648c3c573fa4d8
benchmark/results_seed14/lab5/ql_true/coverage_stereotypes_false_lab5.csv,32001f8edf6a7dc64c2491597e6fc4231e68dae8308664ed0d171b5d92b4fb89
benchmark/results_seed14/lab5/ql_true/coverage_stereotypes_true_lab5.csv,374ec6050d46fd953c5c66fb75e15552ccec5a9501dcb9e264b355532154b120
benchmark/results_seed14/lab5/ql_true/first_goal_stereotypes_false_lab5.csv,36d1ca1cf39233cefefd96f408882c7871aa1202b19185fb26c98fe734f6e0cf
benchmark/results_seed14/lab5/ql_true/first_goal_stereotypes_true_lab5.csv,a09602c1dfa8c761307cb7cd7db7f8df69174b707ca7b63fc558f01f355c5989
benchmark/results_seed14/lab5/ql_true/iv_stats_stereotypes_false_lab5.json,9c08f48474a4f06779b1efb694e7ee4a601e0db3955dade166217c24d7e2579e
benchmark/results_seed14/lab5/ql_true/iv_stats_stereotypes_true_lab5.json,6a9f82092aad64808da4b281c1454ead184919e5615ada3ccdcca8dc9b4247d6
benchmark/results_seed14/lab5/ql_true/learned_stereotypes_false_lab5.ttl,9705cfb7eca1a2128b19530291da1516f04c3602b526a2b9f29eb7577a2b4f17
benchmark/results_seed14/lab5/ql_true/learned_stereotypes_true_lab5.ttl,1202f1ef25d7f1a5c119c8113f5b859d14c064206092b52a6059d1b788d67d83
benchmark/results_seed14/lab5/ql_true/metrics_stereotypes_false_lab5.csv,d0a8f1af099ec2132573fc593f7422f788b834d2dcbb76837acbc4eac57e89b7
benchmark/results_seed14/lab5/ql_true/metrics_stereotypes_true_lab5.csv,b6f3fef3c7c04f52d31f4654ef9c09f3df129ec3274a44369319f4d8545e9077
benchmark/results_seed14/lab5/ql_true/qtable_final_stereotypes_false_lab5.csv,b9d2fff58b239062ab8fc08209b9be4d44f81ffcf202081f9a532c50ac809140
benchmark/results_seed14/lab5/ql_true/qtable_final_stereotypes_false_lab5_trust.csv,8b74a8b2125268f80f75eedc1abd409afe252eae534fb6d33fbc9db761089e9b
benchmark/results_seed14/lab5/ql_true/qtable_final_stereotypes_false_lab5_visits.csv,030721167612008d6321f5b7bf6959dc4f98bd45bc15abed4784a5f8d22c5e14
benchmark/results_seed14/lab5/ql_true/qtable_final_stereotypes_false_lab5_zone1.csv,713571c093935343b8b2cb40be20e5d22b4bfb7dc493e68d4681ca7e9dc5c8f6
benchmark/results_seed14/lab5/ql_true/qtable_final_stereotypes_false_lab5_zone2.csv,e4b4535a0348bb54fa01fd3ded81c1cf421bdff45806feb25d93f48bf82b8600
benchmark/results_seed14/lab5/ql_true/qtable_final_stereotypes_true_lab5.csv,461d468d65a31af27fc7b01197899ad428adaa6ee9c2604bed01440c56ad44c4
benchmark/results_seed14/lab5/ql_true/qtable_final_stereotypes_true_lab5_trust.csv,8b74a8b2125268f80f75eedc1abd409afe252eae534fb6d33fbc9db761089e9b
benchmark/results_seed14/lab5/ql_true/qtable_final_stereotypes_true_lab5_visits.csv,d5333dbca61d00c65bba9dceec1a1db5e72fb40aba7a9c7c2f39473d5e4919e2
benchmark/results_seed14/lab5/ql_true/qtable_final_stereotypes_true_lab5_zone1.csv,a11a34ce103cd910059b3b43fcfbe569f3acd6aa18ec4c3895a35031094d4dcf
benchmark/results_seed14/lab5/ql_true/qtable_final_stereotypes_true_lab5_zone2.csv,04e2b9172c22df8f7f4eec338df7b3ea3c9e7349a88741bdcded3964403c150a
benchmark/results_seed14/lab5/ql_true/trace_bench_ql_true.jsonl,e3b0c44298fc1c149afbf4c8996fb92427ae41e4649b934ca495991b7852b855
benchmark/results_seed14/lab5/rule_based/bench_step_log_rule_based.csv,210ad2ed6784542e570d6acc3d2f49d7571b0eb50fcc22e5a336aa3356498cea
benchmark/results_seed14/lab5/rule_based/benchmark_results_rule_based.csv,f841be7d1ce629763c866dcbb07cb1aeabb0c172b83d9d843cf4917bb2fc9783
benchmark/results_seed14/lab5/rule_based/coverage_stereotypes_false_lab5.csv,32001f8edf6a7dc64c2491597e6fc4231e68dae8308664ed0d171b5d92b4fb89
benchmark/results_seed14/lab5/rule_based/coverage_stereotypes_true_lab5.csv,374ec6050d46fd953c5c66fb75e15552ccec5a9501dcb9e264b355532154b120
benchmark/results_seed14/lab5/rule_based/first_goal_stereotypes_false_lab5.csv,36d1ca1cf39233cefefd96f408882c7871aa1202b19185fb26c98fe734f6e0cf
benchmark/results_seed14/lab5/rule_based/first_goal_stereotypes_true_lab5.csv,a09602c1dfa8c761307cb7cd7db7f8df69174b707ca7b63fc558f01f355c5989
benchmark/results_seed14/lab5/rule_based/iv_stats_stereotypes_false_lab5.json,9c08f48474a4f06779b1efb694e7ee4a601e0db3955dade166217c24d7e2579e
benchmark/results_seed14/lab5/rule_based/iv_stats_stereotypes_true_lab5.json,6a9f82092aad64808da4b281c1454ead184919e5615ada3ccdcca8dc9b4247d6
benchmark/results_seed14/lab5/rule_based/learned_stereotypes_false_lab5.ttl,9705cfb7eca1a2128b19530291da1516f04c3602b526a2b9f29eb7577a2b4f17
benchmark/results_seed14/lab5/rule_based/learned_stereotypes_true_lab5.ttl,1202f1ef25d7f1a5c119c8113f5b859d14c064206092b52a6059d1b788d67d83
benchmark/results_seed14/lab5/rule_based/metrics_stereotypes_false_lab5.csv,d0a8f1af099ec2132573fc593f7422f788b834d2dcbb76837acbc4eac57e89b7
benchmark/results_seed14/lab5/rule_based/metrics_stereotypes_true_lab5.csv,b6f3fef3c7c04f52d31f4654ef9c09f3df129ec3274a44369319f4d8545e9077
benchmark/results_seed14/lab5/rule_based/qtable_final_stereotypes_false_lab5.csv,b9d2fff58b239062ab8fc08209b9be4d44f81ffcf202081f9a532c50ac809140
benchmark/results_seed14/lab5/rule_based/qtable_final_stereotypes_false_lab5_trust.csv,8b74a8b2125268f80f75eedc1abd409afe252eae534fb6d33fbc9db761089e9b
benchmark/results_seed14/lab5/rule_based/qtable_final_stereotypes_false_lab5_visits.csv,030721167612008d6321f5b7bf6959dc4f98bd45bc15abed4784a5f8d22c5e14
benchmark/results_seed14/lab5/rule_based/qtable_final_stereotypes_false_lab5_zone1.csv,713571c093935343b8b2cb40be20e5d22b4bfb7dc493e68d4681ca7e9dc5c8f6
benchmark/results_seed14/lab5/rule_based/qtable_final_stereotypes_false_lab5_zone2.csv,e4b4535a0348bb54fa01fd3ded81c1cf421bdff45806feb25d93f48bf82b8600
benchmark/results_seed14/lab5/rule_based/qtable_final_stereotypes_true_lab5.csv,461d468d65a31af27fc7b01197899ad428adaa6ee9c2604bed01440c56ad44c4
benchmark/results_seed14/lab5/rule_based/qtable_final_stereotypes_true_lab5_trust.csv,8b74a8b2125268f80f75eedc1abd409afe252eae534fb6d33fbc9db761089e9b
benchmark/results_seed14/lab5/rule_based/qtable_final_stereotypes_true_lab5_visits.csv,d5333dbca61d00c65bba9dceec1a1db5e72fb40aba7a9c7c2f39473d5e4919e2
benchmark/results_seed14/lab5/rule_based/qtable_final_stereotypes_true_lab5_zone1.csv,a11a34ce103cd910059b3b43fcfbe569f3acd6aa18ec4c3895a35031094d4dcf
benchmark/results_seed14/lab5/rule_based/qtable_final_stereotypes_true_lab5_zone2.csv,04e2b9172c22df8f7f4eec338df7b3ea3c9e7349a88741bdcded3964403c150a
benchmark/results_seed14/lab5/training_stereo_false/coverage_stereotypes_false_lab5.csv,32001f8edf6a7dc64c2491597e6fc4231e68dae8308664ed0d171b5d92b4fb89
benchmark/results_seed14/lab5/training_stereo_false/first_goal_stereotypes_false_lab5.csv,36d1ca1cf39233cefefd96f408882c7871aa1202b19185fb26c98fe734f6e0cf
benchmark/results_seed14/lab5/training_stereo_false/iv_stats_stereotypes_false_lab5.json,9c08f48474a4f06779b1efb694e7ee4a601e0db3955dade166217c24d7e2579e
benchmark/results_seed14/lab5/training_stereo_false/learned_stereotypes_false_lab5.ttl,9705cfb7eca1a2128b19530291da1516f04c3602b526a2b9f29eb7577a2b4f17
benchmark/results_seed14/lab5/training_stereo_false/metrics_stereotypes_false_lab5.csv,d0a8f1af099ec2132573fc593f7422f788b834d2dcbb76837acbc4eac57e89b7
benchmark/results_seed14/lab5/training_stereo_false/qtable_final_stereotypes_false_lab5.csv,b9d2fff58b239062ab8fc08209b9be4d44f81ffcf202081f9a532c50ac809140
benchmark/results_seed14/lab5/training_stereo_false/qtable_initial_stereotypes_false_lab5.csv,1f719efe3de3b894c6215931199c79ea5417981a846581751ac34959ed93d4a7
benchmark/results_seed14/lab5/training_stereo_false/TRAINING_OK.json,5b26d3fe90dc8514d62fac9f10a34ebf4c6f86fe5c614c993f9555478d9daf05
benchmark/results_seed14/lab5/training_stereo_true/coverage_stereotypes_true_lab5.csv,374ec6050d46fd953c5c66fb75e15552ccec5a9501dcb9e264b355532154b120
benchmark/results_seed14/lab5/training_stereo_true/first_goal_stereotypes_true_lab5.csv,a09602c1dfa8c761307cb7cd7db7f8df69174b707ca7b63fc558f01f355c5989
benchmark/results_seed14/lab5/training_stereo_true/iv_stats_stereotypes_true_lab5.json,6a9f82092aad64808da4b281c1454ead184919e5615ada3ccdcca8dc9b4247d6
benchmark/results_seed14/lab5/training_stereo_true/learned_stereotypes_true_lab5.ttl,1202f1ef25d7f1a5c119c8113f5b859d14c064206092b52a6059d1b788d67d83
benchmark/results_seed14/lab5/training_stereo_true/metrics_stereotypes_true_lab5.csv,b6f3fef3c7c04f52d31f4654ef9c09f3df129ec3274a44369319f4d8545e9077
benchmark/results_seed14/lab5/training_stereo_true/qtable_final_stereotypes_true_lab5.csv,461d468d65a31af27fc7b01197899ad428adaa6ee9c2604bed01440c56ad44c4
benchmark/results_seed14/lab5/training_stereo_true/qtable_initial_stereotypes_true_lab5.csv,78732e9f547e4ba2efc6ae510da7171030396e3b820ef3b90f6bd7c248cb5a41
benchmark/results_seed14/lab5/training_stereo_true/TRAINING_OK.json,62d2660cb10d1be1b0eeffd6cef446a9b271cd5155ff9735e3ad2ba7e9e87ac3
benchmark/results_seed15/lab4/ql_false/bench_step_log_ql_false.csv,65a5e3084c514f608371275c543cc2c6d997acaecff40c5c67c0328416c4a069
benchmark/results_seed15/lab4/ql_false/benchmark_results_ql_false.csv,16680ee9d9ae6fda647091b8fe8a6cd50611226a8c6945a7ba973fb13c39d5cb
benchmark/results_seed15/lab4/ql_false/coverage_stereotypes_false_lab4.csv,1df34beb74c53577a951d030628166bf5a4bfc2170fd4281e0cbd62b1531bd49
benchmark/results_seed15/lab4/ql_false/coverage_stereotypes_true_lab4.csv,0b83a9bb601263b2faca6eb4d0be5fd73c4e75a619670ccd07d84db00804a113
benchmark/results_seed15/lab4/ql_false/first_goal_stereotypes_false_lab4.csv,a09602c1dfa8c761307cb7cd7db7f8df69174b707ca7b63fc558f01f355c5989
benchmark/results_seed15/lab4/ql_false/first_goal_stereotypes_true_lab4.csv,a09602c1dfa8c761307cb7cd7db7f8df69174b707ca7b63fc558f01f355c5989
benchmark/results_seed15/lab4/ql_false/iv_stats_stereotypes_false_lab4.json,41cd7fe894eed08f2bdb5c18222deb8d0f31735186c44bf418eed8b7bb58c6c4
benchmark/results_seed15/lab4/ql_false/iv_stats_stereotypes_true_lab4.json,d4f9d9b6d670704f2be52ac6d815ce7a3dc6b6519297dd04b206a9bbd7427b10
benchmark/results_seed15/lab4/ql_false/learned_stereotypes_false_lab4.ttl,5084462900e239adc1e572e8031d6b6916e7cb949f9380995eb43e4e76bfea9c
benchmark/results_seed15/lab4/ql_false/learned_stereotypes_true_lab4.ttl,9ae5301a5698559324369921685cebcac31715b2f9a615321d494e2c25fc4a7b
benchmark/results_seed15/lab4/ql_false/metrics_stereotypes_false_lab4.csv,ad3794d7e68c1d8b12b5a2e8e0dbe0f8c48763a96ddf2911324b48714ae30095
benchmark/results_seed15/lab4/ql_false/metrics_stereotypes_true_lab4.csv,95d98523827a39d34a81cc6a30a9a3d178d7fd51fd5e362f0e389867a7cca132
benchmark/results_seed15/lab4/ql_false/qtable_final_stereotypes_false_lab4.csv,8807cc1f23eb70378508351bcc34c8cdb7cd64c26e32b1f506a83f65d690cc92
benchmark/results_seed15/lab4/ql_false/qtable_final_stereotypes_false_lab4_trust.csv,8b74a8b2125268f80f75eedc1abd409afe252eae534fb6d33fbc9db761089e9b
benchmark/results_seed15/lab4/ql_false/qtable_final_stereotypes_false_lab4_visits.csv,488ae283adef5a60da515a92216fc84c66cc5b77b3a89d91d02c1dd7b0478da9
benchmark/results_seed15/lab4/ql_false/qtable_final_stereotypes_false_lab4_zone1.csv,a7cb2fde332219ebcd544fbb95b5571be6f7a7b7e20bf7edca7f79bb933add0e
benchmark/results_seed15/lab4/ql_false/qtable_final_stereotypes_false_lab4_zone2.csv,a8da4875aa361308a65b61a32b33356bff09068f91de2f6d755e88387e2ec484
benchmark/results_seed15/lab4/ql_false/qtable_final_stereotypes_true_lab4.csv,aada62c71ccdcf1c5115af87f4980e1a3e33ddc9481a11ea860ffe1f55d55da3
benchmark/results_seed15/lab4/ql_false/qtable_final_stereotypes_true_lab4_trust.csv,8b74a8b2125268f80f75eedc1abd409afe252eae534fb6d33fbc9db761089e9b
benchmark/results_seed15/lab4/ql_false/qtable_final_stereotypes_true_lab4_visits.csv,da2b5d35c984de40b962080384a9c87774bcba6be07564f93802f129131c7dc8
benchmark/results_seed15/lab4/ql_false/qtable_final_stereotypes_true_lab4_zone1.csv,53c896a20b86b74f382cd850964fec74176f6eae370cc02d8e54cd3b9e51df30
benchmark/results_seed15/lab4/ql_false/qtable_final_stereotypes_true_lab4_zone2.csv,e24e6253eaa45a1701ed17984d3ff23f9331229024043d45cf5dab8266de5b16
benchmark/results_seed15/lab4/ql_false/trace_bench_ql_false.jsonl,e3b0c44298fc1c149afbf4c8996fb92427ae41e4649b934ca495991b7852b855
benchmark/results_seed15/lab4/ql_true/bench_step_log_ql_true.csv,90508464b731e3e46374acb5992ef6fdb05b61946af13d15337302151fcf1bd5
benchmark/results_seed15/lab4/ql_true/benchmark_results_ql_true.csv,675c3c03fa25ab66a05fb0980c3659b4846d2a751ccdda64bc45b86825fb9c98
benchmark/results_seed15/lab4/ql_true/coverage_stereotypes_false_lab4.csv,1df34beb74c53577a951d030628166bf5a4bfc2170fd4281e0cbd62b1531bd49
benchmark/results_seed15/lab4/ql_true/coverage_stereotypes_true_lab4.csv,0b83a9bb601263b2faca6eb4d0be5fd73c4e75a619670ccd07d84db00804a113
benchmark/results_seed15/lab4/ql_true/first_goal_stereotypes_false_lab4.csv,a09602c1dfa8c761307cb7cd7db7f8df69174b707ca7b63fc558f01f355c5989
benchmark/results_seed15/lab4/ql_true/first_goal_stereotypes_true_lab4.csv,a09602c1dfa8c761307cb7cd7db7f8df69174b707ca7b63fc558f01f355c5989
benchmark/results_seed15/lab4/ql_true/iv_stats_stereotypes_false_lab4.json,41cd7fe894eed08f2bdb5c18222deb8d0f31735186c44bf418eed8b7bb58c6c4
benchmark/results_seed15/lab4/ql_true/iv_stats_stereotypes_true_lab4.json,d4f9d9b6d670704f2be52ac6d815ce7a3dc6b6519297dd04b206a9bbd7427b10
benchmark/results_seed15/lab4/ql_true/learned_stereotypes_false_lab4.ttl,5084462900e239adc1e572e8031d6b6916e7cb949f9380995eb43e4e76bfea9c
benchmark/results_seed15/lab4/ql_true/learned_stereotypes_true_lab4.ttl,9ae5301a5698559324369921685cebcac31715b2f9a615321d494e2c25fc4a7b
benchmark/results_seed15/lab4/ql_true/metrics_stereotypes_false_lab4.csv,ad3794d7e68c1d8b12b5a2e8e0dbe0f8c48763a96ddf2911324b48714ae30095
benchmark/results_seed15/lab4/ql_true/metrics_stereotypes_true_lab4.csv,95d98523827a39d34a81cc6a30a9a3d178d7fd51fd5e362f0e389867a7cca132
benchmark/results_seed15/lab4/ql_true/qtable_final_stereotypes_false_lab4.csv,8807cc1f23eb70378508351bcc34c8cdb7cd64c26e32b1f506a83f65d690cc92
benchmark/results_seed15/lab4/ql_true/qtable_final_stereotypes_false_lab4_trust.csv,8b74a8b2125268f80f75eedc1abd409afe252eae534fb6d33fbc9db761089e9b
benchmark/results_seed15/lab4/ql_true/qtable_final_stereotypes_false_lab4_visits.csv,488ae283adef5a60da515a92216fc84c66cc5b77b3a89d91d02c1dd7b0478da9
benchmark/results_seed15/lab4/ql_true/qtable_final_stereotypes_false_lab4_zone1.csv,a7cb2fde332219ebcd544fbb95b5571be6f7a7b7e20bf7edca7f79bb933add0e
benchmark/results_seed15/lab4/ql_true/qtable_final_stereotypes_false_lab4_zone2.csv,a8da4875aa361308a65b61a32b33356bff09068f91de2f6d755e88387e2ec484
benchmark/results_seed15/lab4/ql_true/qtable_final_stereotypes_true_lab4.csv,aada62c71ccdcf1c5115af87f4980e1a3e33ddc9481a11ea860ffe1f55d55da3
benchmark/results_seed15/lab4/ql_true/qtable_final_stereotypes_true_lab4_trust.csv,8b74a8b2125268f80f75eedc1abd409afe252eae534fb6d33fbc9db761089e9b
benchmark/results_seed15/lab4/ql_true/qtable_final_stereotypes_true_lab4_visits.csv,da2b5d35c984de40b962080384a9c87774bcba6be07564f93802f129131c7dc8
benchmark/results_seed15/lab4/ql_true/qtable_final_stereotypes_true_lab4_zone1.csv,53c896a20b86b74f382cd850964fec74176f6eae370cc02d8e54cd3b9e51df30
benchmark/results_seed15/lab4/ql_true/qtable_final_stereotypes_true_lab4_zone2.csv,e24e6253eaa45a1701ed17984d3ff23f9331229024043d45cf5dab8266de5b16
benchmark/results_seed15/lab4/ql_true/trace_bench_ql_true.jsonl,e3b0c44298fc1c149afbf4c8996fb92427ae41e4649b934ca495991b7852b855
benchmark/results_seed15/lab4/rule_based/bench_step_log_rule_based.csv,dcbc4327da082492479ba30ccd4da61be5ac2d9659746d470daad350664a098d
benchmark/results_seed15/lab4/rule_based/benchmark_results_rule_based.csv,33809e6d2cde8b7ce233da7eacc0b7f246c1876e9a5c1fb6b2a9878293293a78
benchmark/results_seed15/lab4/rule_based/coverage_stereotypes_false_lab4.csv,1df34beb74c53577a951d030628166bf5a4bfc2170fd4281e0cbd62b1531bd49
benchmark/results_seed15/lab4/rule_based/coverage_stereotypes_true_lab4.csv,0b83a9bb601263b2faca6eb4d0be5fd73c4e75a619670ccd07d84db00804a113
benchmark/results_seed15/lab4/rule_based/first_goal_stereotypes_false_lab4.csv,a09602c1dfa8c761307cb7cd7db7f8df69174b707ca7b63fc558f01f355c5989
benchmark/results_seed15/lab4/rule_based/first_goal_stereotypes_true_lab4.csv,a09602c1dfa8c761307cb7cd7db7f8df69174b707ca7b63fc558f01f355c5989
benchmark/results_seed15/lab4/rule_based/iv_stats_stereotypes_false_lab4.json,41cd7fe894eed08f2bdb5c18222deb8d0f31735186c44bf418eed8b7bb58c6c4
benchmark/results_seed15/lab4/rule_based/iv_stats_stereotypes_true_lab4.json,d4f9d9b6d670704f2be52ac6d815ce7a3dc6b6519297dd04b206a9bbd7427b10
benchmark/results_seed15/lab4/rule_based/learned_stereotypes_false_lab4.ttl,5084462900e239adc1e572e8031d6b6916e7cb949f9380995eb43e4e76bfea9c
benchmark/results_seed15/lab4/rule_based/learned_stereotypes_true_lab4.ttl,9ae5301a5698559324369921685cebcac31715b2f9a615321d494e2c25fc4a7b
benchmark/results_seed15/lab4/rule_based/metrics_stereotypes_false_lab4.csv,ad3794d7e68c1d8b12b5a2e8e0dbe0f8c48763a96ddf2911324b48714ae30095
benchmark/results_seed15/lab4/rule_based/metrics_stereotypes_true_lab4.csv,95d98523827a39d34a81cc6a30a9a3d178d7fd51fd5e362f0e389867a7cca132
benchmark/results_seed15/lab4/rule_based/qtable_final_stereotypes_false_lab4.csv,8807cc1f23eb70378508351bcc34c8cdb7cd64c26e32b1f506a83f65d690cc92
benchmark/results_seed15/lab4/rule_based/qtable_final_stereotypes_false_lab4_trust.csv,8b74a8b2125268f80f75eedc1abd409afe252eae534fb6d33fbc9db761089e9b
benchmark/results_seed15/lab4/rule_based/qtable_final_stereotypes_false_lab4_visits.csv,488ae283adef5a60da515a92216fc84c66cc5b77b3a89d91d02c1dd7b0478da9
benchmark/results_seed15/lab4/rule_based/qtable_final_stereotypes_false_lab4_zone1.csv,a7cb2fde332219ebcd544fbb95b5571be6f7a7b7e20bf7edca7f79bb933add0e
benchmark/results_seed15/lab4/rule_based/qtable_final_stereotypes_false_lab4_zone2.csv,a8da4875aa361308a65b61a32b33356bff09068f91de2f6d755e88387e2ec484
benchmark/results_seed15/lab4/rule_based/qtable_final_stereotypes_true_lab4.csv,aada62c71ccdcf1c5115af87f4980e1a3e33ddc9481a11ea860ffe1f55d55da3
benchmark/results_seed15/lab4/rule_based/qtable_final_stereotypes_true_lab4_trust.csv,8b74a8b2125268f80f75eedc1abd409afe252eae534fb6d33fbc9db761089e9b
benchmark/results_seed15/lab4/rule_based/qtable_final_stereotypes_true_lab4_visits.csv,da2b5d35c984de40b962080384a9c87774bcba6be07564f93802f129131c7dc8
benchmark/results_seed15/lab4/rule_based/qtable_final_stereotypes_true_lab4_zone1.csv,53c896a20b86b74f382cd850964fec74176f6eae370cc02d8e54cd3b9e51df30
benchmark/results_seed15/lab4/rule_based/qtable_final_stereotypes_true_lab4_zone2.csv,e24e6253eaa45a1701ed17984d3ff23f9331229024043d45cf5dab8266de5b16
benchmark/results_seed15/lab4/training_stereo_false/coverage_stereotypes_false_lab4.csv,1df34beb74c53577a951d030628166bf5a4bfc2170fd4281e0cbd62b1531bd49
benchmark/results_seed15/lab4/training_stereo_false/first_goal_stereotypes_false_lab4.csv,a09602c1dfa8c761307cb7cd7db7f8df69174b707ca7b63fc558f01f355c5989
benchmark/results_seed15/lab4/training_stereo_false/iv_stats_stereotypes_false_lab4.json,41cd7fe894eed08f2bdb5c18222deb8d0f31735186c44bf418eed8b7bb58c6c4
benchmark/results_seed15/lab4/training_stereo_false/learned_stereotypes_false_lab4.ttl,5084462900e239adc1e572e8031d6b6916e7cb949f9380995eb43e4e76bfea9c
benchmark/results_seed15/lab4/training_stereo_false/metrics_stereotypes_false_lab4.csv,ad3794d7e68c1d8b12b5a2e8e0dbe0f8c48763a96ddf2911324b48714ae30095
benchmark/results_seed15/lab4/training_stereo_false/qtable_final_stereotypes_false_lab4.csv,8807cc1f23eb70378508351bcc34c8cdb7cd64c26e32b1f506a83f65d690cc92
benchmark/results_seed15/lab4/training_stereo_false/qtable_initial_stereotypes_false_lab4.csv,e7a805786d46aebc891069aaff4b80200c4fca7991e24d1c39adfbccc5be20ee
benchmark/results_seed15/lab4/training_stereo_false/TRAINING_OK.json,394264008229598ffea36ffa4081549a647e29936a0d2e79489da1995aea21e9
benchmark/results_seed15/lab4/training_stereo_true/coverage_stereotypes_true_lab4.csv,0b83a9bb601263b2faca6eb4d0be5fd73c4e75a619670ccd07d84db00804a113
benchmark/results_seed15/lab4/training_stereo_true/first_goal_stereotypes_true_lab4.csv,a09602c1dfa8c761307cb7cd7db7f8df69174b707ca7b63fc558f01f355c5989
benchmark/results_seed15/lab4/training_stereo_true/iv_stats_stereotypes_true_lab4.json,d4f9d9b6d670704f2be52ac6d815ce7a3dc6b6519297dd04b206a9bbd7427b10
benchmark/results_seed15/lab4/training_stereo_true/learned_stereotypes_true_lab4.ttl,9ae5301a5698559324369921685cebcac31715b2f9a615321d494e2c25fc4a7b
benchmark/results_seed15/lab4/training_stereo_true/metrics_stereotypes_true_lab4.csv,95d98523827a39d34a81cc6a30a9a3d178d7fd51fd5e362f0e389867a7cca132
benchmark/results_seed15/lab4/training_stereo_true/qtable_final_stereotypes_true_lab4.csv,aada62c71ccdcf1c5115af87f4980e1a3e33ddc9481a11ea860ffe1f55d55da3
benchmark/results_seed15/lab4/training_stereo_true/qtable_initial_stereotypes_true_lab4.csv,a34227689301a8b03f01964727db05c0cd5ac3ca6fef2c062cbacaa11b196a6e
benchmark/results_seed15/lab4/training_stereo_true/TRAINING_OK.json,f82dd69c6fdb613c6cc8ccd726c1f31b87f32c973b312827e554e5a43dbe662e
benchmark/results_seed15/lab4chain/ql_false/bench_step_log_ql_false.csv,60037f14096a8f85064463cca2d764e309e5c5aa61d72444924ed9f6ca3c04a6
benchmark/results_seed15/lab4chain/ql_false/benchmark_results_ql_false.csv,3efea5f24502a08840970d18578a577e220cd098a2f60683454fe6160d894fe7
benchmark/results_seed15/lab4chain/ql_false/coverage_stereotypes_false_lab4chain.csv,556145a778d8ac82de9ca5584e1a94c9b20dcd843d40d291e455576cb1652996
benchmark/results_seed15/lab4chain/ql_false/coverage_stereotypes_true_lab4chain.csv,f1b3b96da6939eed5fe42fa10f331541d9169c2821bf16852a6b8fee41edf749
benchmark/results_seed15/lab4chain/ql_false/first_goal_stereotypes_false_lab4chain.csv,0861fdcdb5fa26863e642d565a574ccb189860ed7d5d25278f56a65e73c10719
benchmark/results_seed15/lab4chain/ql_false/first_goal_stereotypes_true_lab4chain.csv,a09602c1dfa8c761307cb7cd7db7f8df69174b707ca7b63fc558f01f355c5989
benchmark/results_seed15/lab4chain/ql_false/iv_stats_stereotypes_false_lab4chain.json,db504dbc0f4d70855f700f298e1bdfeeec5760535f4f277364c13766c3349430
benchmark/results_seed15/lab4chain/ql_false/iv_stats_stereotypes_true_lab4chain.json,450804a3afd0d5ba4a20753f2d31ba1360c327b08a8d67ec4346bb377df8e0f6
benchmark/results_seed15/lab4chain/ql_false/learned_stereotypes_false_lab4chain.ttl,fde7e3af27b6235d19d8041736282a6e9e4c2d5d276c55628bd2419c8e07981b
benchmark/results_seed15/lab4chain/ql_false/learned_stereotypes_true_lab4chain.ttl,64e9c2ad678bd48469ccdaf69c66a2ee1d28cfe9435df325a735bd9b8fb19469
benchmark/results_seed15/lab4chain/ql_false/metrics_stereotypes_false_lab4chain.csv,74588dd1126da64d9b6f4a6e2326f1641464f6c8ad661d3a23aeb7014cbac8d3
benchmark/results_seed15/lab4chain/ql_false/metrics_stereotypes_true_lab4chain.csv,eb74347ff31a10dc057aaee0fd1dbddd880ae90dfaa13ec358033981820e1cf4
benchmark/results_seed15/lab4chain/ql_false/qtable_final_stereotypes_false_lab4chain.csv,9341931b42d715363efc5072779f3560c744b5505ff21b813c20c2d41efc2dd2
benchmark/results_seed15/lab4chain/ql_false/qtable_final_stereotypes_false_lab4chain_trust.csv,8b74a8b2125268f80f75eedc1abd409afe252eae534fb6d33fbc9db761089e9b
benchmark/results_seed15/lab4chain/ql_false/qtable_final_stereotypes_false_lab4chain_visits.csv,470526a7c74b1f0079c36e1281b74d078bac543b09ec71a7e19d70cbe0724c42
benchmark/results_seed15/lab4chain/ql_false/qtable_final_stereotypes_false_lab4chain_zone1.csv,a0f7498c66c4f46303a7fe3c81a02c8c764fd10df5271cb84b4a354ccce32c84
benchmark/results_seed15/lab4chain/ql_false/qtable_final_stereotypes_false_lab4chain_zone2.csv,e8aace6536b971b00681181e46379d9b4cf513cc5e864b4f85b6b555d4996357
benchmark/results_seed15/lab4chain/ql_false/qtable_final_stereotypes_true_lab4chain.csv,a86734a8942c272dd667fa467752e158fbc313fc341bbddc8b1bf28908d9d7f4
benchmark/results_seed15/lab4chain/ql_false/qtable_final_stereotypes_true_lab4chain_trust.csv,8b74a8b2125268f80f75eedc1abd409afe252eae534fb6d33fbc9db761089e9b
benchmark/results_seed15/lab4chain/ql_false/qtable_final_stereotypes_true_lab4chain_visits.csv,24275a29f95ed0f9760fb1f60127fcf6e3b002a46aa2171b806e3b9454fef321
benchmark/results_seed15/lab4chain/ql_false/qtable_final_stereotypes_true_lab4chain_zone1.csv,3a7b9c2e0049b17d688d910cf61e2010a5b969d69082b0798e6204a8cbe941d0
benchmark/results_seed15/lab4chain/ql_false/qtable_final_stereotypes_true_lab4chain_zone2.csv,0813b5666bfbe9d9146faa42c430d20441601b1df20e57f4ee32750861bc1ca9
benchmark/results_seed15/lab4chain/ql_false/trace_bench_ql_false.jsonl,e3b0c44298fc1c149afbf4c8996fb92427ae41e4649b934ca495991b7852b855
benchmark/results_seed15/lab4chain/ql_true/bench_step_log_ql_true.csv,0c07d461e02483a17c68ecbbee8f9d0ebe49ce306a8ccc0c82374951dcc4c5e1
benchmark/results_seed15/lab4chain/ql_true/benchmark_results_ql_true.csv,44d2ac59b9555f54885e3f1e68a378ae9f0b8662a34d60768dcea6695da278f8
benchmark/results_seed15/lab4chain/ql_true/coverage_stereotypes_false_lab4chain.csv,556145a778d8ac82de9ca5584e1a94c9b20dcd843d40d291e455576cb1652996
benchmark/results_seed15/lab4chain/ql_true/coverage_stereotypes_true_lab4chain.csv,f1b3b96da6939eed5fe42fa10f331541d9169c2821bf16852a6b8fee41edf749
benchmark/results_seed15/lab4chain/ql_true/first_goal_stereotypes_false_lab4chain.csv,0861fdcdb5fa26863e642d565a574ccb189860ed7d5d25278f56a65e73c10719
benchmark/results_seed15/lab4chain/ql_true/first_goal_stereotypes_true_lab4chain.csv,a09602c1dfa8c761307cb7cd7db7f8df69174b707ca7b63fc558f01f355c5989
benchmark/results_seed15/lab4chain/ql_true/iv_stats_stereotypes_false_lab4chain.json,db504dbc0f4d70855f700f298e1bdfeeec5760535f4f277364c13766c3349430
benchmark/results_seed15/lab4chain/ql_true/iv_stats_stereotypes_true_lab4chain.json,450804a3afd0d5ba4a20753f2d31ba1360c327b08a8d67ec4346bb377df8e0f6
benchmark/results_seed15/lab4chain/ql_true/learned_stereotypes_false_lab4chain.ttl,fde7e3af27b6235d19d8041736282a6e9e4c2d5d276c55628bd2419c8e07981b
benchmark/results_seed15/lab4chain/ql_true/learned_stereotypes_true_lab4chain.ttl,64e9c2ad678bd48469ccdaf69c66a2ee1d28cfe9435df325a735bd9b8fb19469
benchmark/results_seed15/lab4chain/ql_true/metrics_stereotypes_false_lab4chain.csv,74588dd1126da64d9b6f4a6e2326f1641464f6c8ad661d3a23aeb7014cbac8d3
benchmark/results_seed15/lab4chain/ql_true/metrics_stereotypes_true_lab4chain.csv,eb74347ff31a10dc057aaee0fd1dbddd880ae90dfaa13ec358033981820e1cf4
benchmark/results_seed15/lab4chain/ql_true/qtable_final_stereotypes_false_lab4chain.csv,9341931b42d715363efc5072779f3560c744b5505ff21b813c20c2d41efc2dd2
benchmark/results_seed15/lab4chain/ql_true/qtable_final_stereotypes_false_lab4chain_trust.csv,8b74a8b2125268f80f75eedc1abd409afe252eae534fb6d33fbc9db761089e9b
benchmark/results_seed15/lab4chain/ql_true/qtable_final_stereotypes_false_lab4chain_visits.csv,470526a7c74b1f0079c36e1281b74d078bac543b09ec71a7e19d70cbe0724c42
benchmark/results_seed15/lab4chain/ql_true/qtable_final_stereotypes_false_lab4chain_zone1.csv,a0f7498c66c4f46303a7fe3c81a02c8c764fd10df5271cb84b4a354ccce32c84
benchmark/results_seed15/lab4chain/ql_true/qtable_final_stereotypes_false_lab4chain_zone2.csv,e8aace6536b971b00681181e46379d9b4cf513cc5e864b4f85b6b555d4996357
benchmark/results_seed15/lab4chain/ql_true/qtable_final_stereotypes_true_lab4chain.csv,a86734a8942c272dd667fa467752e158fbc313fc341bbddc8b1bf28908d9d7f4
benchmark/results_seed15/lab4chain/ql_true/qtable_final_stereotypes_true_lab4chain_trust.csv,8b74a8b2125268f80f75eedc1abd409afe252eae534fb6d33fbc9db761089e9b
benchmark/results_seed15/lab4chain/ql_true/qtable_final_stereotypes_true_lab4chain_visits.csv,24275a29f95ed0f9760fb1f60127fcf6e3b002a46aa2171b806e3b9454fef321
benchmark/results_seed15/lab4chain/ql_true/qtable_final_stereotypes_true_lab4chain_zone1.csv,3a7b9c2e0049b17d688d910cf61e2010a5b969d69082b0798e6204a8cbe941d0
benchmark/results_seed15/lab4chain/ql_true/qtable_final_stereotypes_true_lab4chain_zone2.csv,0813b5666bfbe9d9146faa42c430d20441601b1df20e57f4ee32750861bc1ca9
benchmark/results_seed15/lab4chain/ql_true/trace_bench_ql_true.jsonl,e3b0c44298fc1c149afbf4c8996fb92427ae41e4649b934ca495991b7852b855
benchmark/results_seed15/lab4chain/rule_based/bench_step_log_rule_based.csv,80c72f4e1cceb1e8d37ced41e08fdf772dce607596a4f6e207a0fb1080d0716a
benchmark/results_seed15/lab4chain/rule_based/benchmark_results_rule_based.csv,6d8a4996f77c0a72d781aa8fc953c6f93e9b7326562e3eea4788c2d62b1b0c78
benchmark/results_seed15/lab4chain/rule_based/coverage_stereotypes_false_lab4chain.csv,556145a778d8ac82de9ca5584e1a94c9b20dcd843d40d291e455576cb1652996
benchmark/results_seed15/lab4chain/rule_based/coverage_stereotypes_true_lab4chain.csv,f1b3b96da6939eed5fe42fa10f331541d9169c2821bf16852a6b8fee41edf749
benchmark/results_seed15/lab4chain/rule_based/first_goal_stereotypes_false_lab4chain.csv,0861fdcdb5fa26863e642d565a574ccb189860ed7d5d25278f56a65e73c10719
benchmark/results_seed15/lab4chain/rule_based/first_goal_stereotypes_true_lab4chain.csv,a09602c1dfa8c761307cb7cd7db7f8df69174b707ca7b63fc558f01f355c5989
benchmark/results_seed15/lab4chain/rule_based/iv_stats_stereotypes_false_lab4chain.json,db504dbc0f4d70855f700f298e1bdfeeec5760535f4f277364c13766c3349430
benchmark/results_seed15/lab4chain/rule_based/iv_stats_stereotypes_true_lab4chain.json,450804a3afd0d5ba4a20753f2d31ba1360c327b08a8d67ec4346bb377df8e0f6
benchmark/results_seed15/lab4chain/rule_based/learned_stereotypes_false_lab4chain.ttl,fde7e3af27b6235d19d8041736282a6e9e4c2d5d276c55628bd2419c8e07981b
benchmark/results_seed15/lab4chain/rule_based/learned_stereotypes_true_lab4chain.ttl,64e9c2ad678bd48469ccdaf69c66a2ee1d28cfe9435df325a735bd9b8fb19469
benchmark/results_seed15/lab4chain/rule_based/metrics_stereotypes_false_lab4chain.csv,74588dd1126da64d9b6f4a6e2326f1641464f6c8ad661d3a23aeb7014cbac8d3
benchmark/results_seed15/lab4chain/rule_based/metrics_stereotypes_true_lab4chain.csv,eb74347ff31a10dc057aaee0fd1dbddd880ae90dfaa13ec358033981820e1cf4
benchmark/results_seed15/lab4chain/rule_based/qtable_final_stereotypes_false_lab4chain.csv,9341931b42d715363efc5072779f3560c744b5505ff21b813c20c2d41efc2dd2
benchmark/results_seed15/lab4chain/rule_based/qtable_final_stereotypes_false_lab4chain_trust.csv,8b74a8b2125268f80f75eedc1abd409afe252eae534fb6d33fbc9db761089e9b
benchmark/results_seed15/lab4chain/rule_based/qtable_final_stereotypes_false_lab4chain_visits.csv,470526a7c74b1f0079c36e1281b74d078bac543b09ec71a7e19d70cbe0724c42
benchmark/results_seed15/lab4chain/rule_based/qtable_final_stereotypes_false_lab4chain_zone1.csv,a0f7498c66c4f46303a7fe3c81a02c8c764fd10df5271cb84b4a354ccce32c84
benchmark/results_seed15/lab4chain/rule_based/qtable_final_stereotypes_false_lab4chain_zone2.csv,e8aace6536b971b00681181e46379d9b4cf513cc5e864b4f85b6b555d4996357
benchmark/results_seed15/lab4chain/rule_based/qtable_final_stereotypes_true_lab4chain.csv,a86734a8942c272dd667fa467752e158fbc313fc341bbddc8b1bf28908d9d7f4
benchmark/results_seed15/lab4chain/rule_based/qtable_final_stereotypes_true_lab4chain_trust.csv,8b74a8b2125268f80f75eedc1abd409afe252eae534fb6d33fbc9db761089e9b
benchmark/results_seed15/lab4chain/rule_based/qtable_final_stereotypes_true_lab4chain_visits.csv,24275a29f95ed0f9760fb1f60127fcf6e3b002a46aa2171b806e3b9454fef321
benchmark/results_seed15/lab4chain/rule_based/qtable_final_stereotypes_true_lab4chain_zone1.csv,3a7b9c2e0049b17d688d910cf61e2010a5b969d69082b0798e6204a8cbe941d0
benchmark/results_seed15/lab4chain/rule_based/qtable_final_stereotypes_true_lab4chain_zone2.csv,0813b5666bfbe9d9146faa42c430d20441601b1df20e57f4ee32750861bc1ca9
benchmark/results_seed15/lab4chain/training_stereo_false/coverage_stereotypes_false_lab4chain.csv,556145a778d8ac82de9ca5584e1a94c9b20dcd843d40d291e455576cb1652996
benchmark/results_seed15/lab4chain/training_stereo_false/first_goal_stereotypes_false_lab4chain.csv,0861fdcdb5fa26863e642d565a574ccb189860ed7d5d25278f56a65e73c10719
benchmark/results_seed15/lab4chain/training_stereo_false/iv_stats_stereotypes_false_lab4chain.json,db504dbc0f4d70855f700f298e1bdfeeec5760535f4f277364c13766c3349430
benchmark/results_seed15/lab4chain/training_stereo_false/learned_stereotypes_false_lab4chain.ttl,fde7e3af27b6235d19d8041736282a6e9e4c2d5d276c55628bd2419c8e07981b
benchmark/results_seed15/lab4chain/training_stereo_false/metrics_stereotypes_false_lab4chain.csv,74588dd1126da64d9b6f4a6e2326f1641464f6c8ad661d3a23aeb7014cbac8d3
benchmark/results_seed15/lab4chain/training_stereo_false/qtable_final_stereotypes_false_lab4chain.csv,9341931b42d715363efc5072779f3560c744b5505ff21b813c20c2d41efc2dd2
benchmark/results_seed15/lab4chain/training_stereo_false/qtable_initial_stereotypes_false_lab4chain.csv,8e651424be7fc1e8f08b3ca8d4f82f240e9f7fc9a9db7c05f461ed8ca6c14a18
benchmark/results_seed15/lab4chain/training_stereo_false/TRAINING_OK.json,b2bed0b7aa6488e886f9cbe9b12eb1ed810dcb38c64f598858fae9d7fd0fc0e3
benchmark/results_seed15/lab4chain/training_stereo_true/coverage_stereotypes_true_lab4chain.csv,f1b3b96da6939eed5fe42fa10f331541d9169c2821bf16852a6b8fee41edf749
benchmark/results_seed15/lab4chain/training_stereo_true/first_goal_stereotypes_true_lab4chain.csv,a09602c1dfa8c761307cb7cd7db7f8df69174b707ca7b63fc558f01f355c5989
benchmark/results_seed15/lab4chain/training_stereo_true/iv_stats_stereotypes_true_lab4chain.json,450804a3afd0d5ba4a20753f2d31ba1360c327b08a8d67ec4346bb377df8e0f6
benchmark/results_seed15/lab4chain/training_stereo_true/learned_stereotypes_true_lab4chain.ttl,64e9c2ad678bd48469ccdaf69c66a2ee1d28cfe9435df325a735bd9b8fb19469
benchmark/results_seed15/lab4chain/training_stereo_true/metrics_stereotypes_true_lab4chain.csv,eb74347ff31a10dc057aaee0fd1dbddd880ae90dfaa13ec358033981820e1cf4
benchmark/results_seed15/lab4chain/training_stereo_true/qtable_final_stereotypes_true_lab4chain.csv,a86734a8942c272dd667fa467752e158fbc313fc341bbddc8b1bf28908d9d7f4
benchmark/results_seed15/lab4chain/training_stereo_true/qtable_initial_stereotypes_true_lab4chain.csv,be569de97d95f95e9c344cdc3dd3e7846339ceb11bca6d874c399574155d2283
benchmark/results_seed15/lab4chain/training_stereo_true/TRAINING_OK.json,2b5ca5d00430d0af726dcb8c11aad0406ded2b82a1ca76a8953430e243013e39
benchmark/results_seed15/lab4dual/ql_false/bench_step_log_ql_false.csv,c3fc4650e738457f1fefe4f9400080ad1c186df92e03be7c72df3b82eecdb880
benchmark/results_seed15/lab4dual/ql_false/benchmark_results_ql_false.csv,ed1c67ed3bffca65fa53326b682f2cc049b23350942098b7420fd1b2e6d90a8e
benchmark/results_seed15/lab4dual/ql_false/coverage_stereotypes_false_lab4dual.csv,4a92c0fb5cdd1991119d37eb68a8b0a83e226f8ae247c14e1d799ea0d3aca908
benchmark/results_seed15/lab4dual/ql_false/coverage_stereotypes_true_lab4dual.csv,ce27f1154a3ea7be210e906c1dcdbb1e7bfa7f22d25c9773ff3eb6c5976d7011
benchmark/results_seed15/lab4dual/ql_false/first_goal_stereotypes_false_lab4dual.csv,6abe06618706922ea9b74054f190116c5d1877d2b71fe5ef2b50d4abc8af7388
benchmark/results_seed15/lab4dual/ql_false/first_goal_stereotypes_true_lab4dual.csv,a09602c1dfa8c761307cb7cd7db7f8df69174b707ca7b63fc558f01f355c5989
benchmark/results_seed15/lab4dual/ql_false/iv_stats_stereotypes_false_lab4dual.json,7d8124f29145ca3caf9e472028581951ab4b43480a1ba4c84f005da455cc92c1
benchmark/results_seed15/lab4dual/ql_false/iv_stats_stereotypes_true_lab4dual.json,efe7af7863db192d9b08b9e2ee047356cba4b11f08d3eb9fab4c871557f96f77
benchmark/results_seed15/lab4dual/ql_false/learned_stereotypes_false_lab4dual.ttl,72da0fb85b153a5a317529e39d54373d91fcca691b055f4bd030914e69ba0a83
benchmark/results_seed15/lab4dual/ql_false/learned_stereotypes_true_lab4dual.ttl,eb76fa8672fd474c3e675fcca9ac350b5d9799429a25a717ecc936696a10a3a7
benchmark/results_seed15/lab4dual/ql_false/metrics_stereotypes_false_lab4dual.csv,17eb1c1b1bbcfbf534f210be8ad3600027280b1d1c6833ae44a0bc0b81ce9cf7
benchmark/results_seed15/lab4dual/ql_false/metrics_stereotypes_true_lab4dual.csv,dbcb1786e401558246e6f17cc5ce3f05ffc8350351f5e1c72eb77de6b5ec33b4
benchmark/results_seed15/lab4dual/ql_false/qtable_final_stereotypes_false_lab4dual.csv,10b121ffccd16a3ce607bd2b7bc1b22ccd08fa3aba14c87deaacc5b518931051
benchmark/results_seed15/lab4dual/ql_false/qtable_final_stereotypes_false_lab4dual_trust.csv,8b74a8b2125268f80f75eedc1abd409afe252eae534fb6d33fbc9db761089e9b
benchmark/results_seed15/lab4dual/ql_false/qtable_final_stereotypes_false_lab4dual_visits.csv,b62a0b595138ca9936a57dde555a45cf12bd4cd56c9befac1216f663ee8dd4aa
benchmark/results_seed15/lab4dual/ql_false/qtable_final_stereotypes_false_lab4dual_zone1.csv,38dc1d3124b9b406c2ffbd2907e8122dc8cd8d054dd657b3b128158d316716bc
benchmark/results_seed15/lab4dual/ql_false/qtable_final_stereotypes_false_lab4dual_zone2.csv,b2789558532ede6d9b6a515ca923a30bc4483ace289c86404f1fecfd53f59332
benchmark/results_seed15/lab4dual/ql_false/qtable_final_stereotypes_true_lab4dual.csv,2bb5bd4715094751992864397f63fef168c7c46efbad3e7688d1d87208d98364
benchmark/results_seed15/lab4dual/ql_false/qtable_final_stereotypes_true_lab4dual_trust.csv,8b74a8b2125268f80f75eedc1abd409afe252eae534fb6d33fbc9db761089e9b
benchmark/results_seed15/lab4dual/ql_false/qtable_final_stereotypes_true_lab4dual_visits.csv,ae43754506d45ba349cdbf5cc2f35d41b1ec6a992fa2c2342ad796f620bdddaa
benchmark/results_seed15/lab4dual/ql_false/qtable_final_stereotypes_true_lab4dual_zone1.csv,46e42e96dea9da04fb322b49ce0ce2e2241d8c935f7398db26522c5b1c24a7fa
benchmark/results_seed15/lab4dual/ql_false/qtable_final_stereotypes_true_lab4dual_zone2.csv,c0a209fa9e1b623569ee7030998ddfd7ea48cc21d162613efc2340a0be1a26af
benchmark/results_seed15/lab4dual/ql_false/trace_bench_ql_false.jsonl,e3b0c44298fc1c149afbf4c8996fb92427ae41e4649b934ca495991b7852b855
benchmark/results_seed15/lab4dual/ql_true/bench_step_log_ql_true.csv,91065b978265644a1b7efb8f77374c9a8109537386cf0adbfea1945ba7f96133
benchmark/results_seed15/lab4dual/ql_true/benchmark_results_ql_true.csv,427542bb78b3c72b2f3b9953ad0b9bfc29fd02a1c66f71e697b71225445b1249
benchmark/results_seed15/lab4dual/ql_true/coverage_stereotypes_false_lab4dual.csv,4a92c0fb5cdd1991119d37eb68a8b0a83e226f8ae247c14e1d799ea0d3aca908
benchmark/results_seed15/lab4dual/ql_true/coverage_stereotypes_true_lab4dual.csv,ce27f1154a3ea7be210e906c1dcdbb1e7bfa7f22d25c9773ff3eb6c5976d7011
benchmark/results_seed15/lab4dual/ql_true/first_goal_stereotypes_false_lab4dual.csv,6abe06618706922ea9b74054f190116c5d1877d2b71fe5ef2b50d4abc8af7388
benchmark/results_seed15/lab4dual/ql_true/first_goal_stereotypes_true_lab4dual.csv,a09602c1dfa8c761307cb7cd7db7f8df69174b707ca7b63fc558f01f355c5989
benchmark/results_seed15/lab4dual/ql_true/iv_stats_stereotypes_false_lab4dual.json,7d8124f29145ca3caf9e472028581951ab4b43480a1ba4c84f005da455cc92c1
benchmark/results_seed15/lab4dual/ql_true/iv_stats_stereotypes_true_lab4dual.json,efe7af7863db192d9b08b9e2ee047356cba4b11f08d3eb9fab4c871557f96f77
benchmark/results_seed15/lab4dual/ql_true/learned_stereotypes_false_lab4dual.ttl,72da0fb85b153a5a317529e39d54373d91fcca691b055f4bd030914e69ba0a83
benchmark/results_seed15/lab4dual/ql_true/learned_stereotypes_true_lab4dual.ttl,eb76fa8672fd474c3e675fcca9ac350b5d9799429a25a717ecc936696a10a3a7
benchmark/results_seed15/lab4dual/ql_true/metrics_stereotypes_false_lab4dual.csv,17eb1c1b1bbcfbf534f210be8ad3600027280b1d1c6833ae44a0bc0b81ce9cf7
benchmark/results_seed15/lab4dual/ql_true/metrics_stereotypes_true_lab4dual.csv,dbcb1786e401558246e6f17cc5ce3f05ffc8350351f5e1c72eb77de6b5ec33b4
benchmark/results_seed15/lab4dual/ql_true/qtable_final_stereotypes_false_lab4dual.csv,10b121ffccd16a3ce607bd2b7bc1b22ccd08fa3aba14c87deaacc5b518931051
benchmark/results_seed15/lab4dual/ql_true/qtable_final_stereotypes_false_lab4dual_trust.csv,8b74a8b2125268f80f75eedc1abd409afe252eae534fb6d33fbc9db761089e9b
benchmark/results_seed15/lab4dual/ql_true/qtable_final_stereotypes_false_lab4dual_visits.csv,b62a0b595138ca9936a57dde555a45cf12bd4cd56c9befac1216f663ee8dd4aa
benchmark/results_seed15/lab4dual/ql_true/qtable_final_stereotypes_false_lab4dual_zone1.csv,38dc1d3124b9b406c2ffbd2907e8122dc8cd8d054dd657b3b128158d316716bc
benchmark/results_seed15/lab4dual/ql_true/qtable_final_stereotypes_false_lab4dual_zone2.csv,b2789558532ede6d9b6a515ca923a30bc4483ace289c86404f1fecfd53f59332
benchmark/results_seed15/lab4dual/ql_true/qtable_final_stereotypes_true_lab4dual.csv,2bb5bd4715094751992864397f63fef168c7c46efbad3e7688d1d87208d98364
benchmark/results_seed15/lab4dual/ql_true/qtable_final_stereotypes_true_lab4dual_trust.csv,8b74a8b2125268f80f75eedc1abd409afe252eae534fb6d33fbc9db761089e9b
benchmark/results_seed15/lab4dual/ql_true/qtable_final_stereotypes_true_lab4dual_visits.csv,ae43754506d45ba349cdbf5cc2f35d41b1ec6a992fa2c2342ad796f620bdddaa
benchmark/results_seed15/lab4dual/ql_true/qtable_final_stereotypes_true_lab4dual_zone1.csv,46e42e96dea9da04fb322b49ce0ce2e2241d8c935f7398db26522c5b1c24a7fa
benchmark/results_seed15/lab4dual/ql_true/qtable_final_stereotypes_true_lab4dual_zone2.csv,c0a209fa9e1b623569ee7030998ddfd7ea48cc21d162613efc2340a0be1a26af
benchmark/results_seed15/lab4dual/ql_true/trace_bench_ql_true.jsonl,e3b0c44298fc1c149afbf4c8996fb92427ae41e4649b934ca495991b7852b855
benchmark/results_seed15/lab4dual/rule_based/bench_step_log_rule_based.csv,7bde9a71d15f8b7167398dfa5926ffbd85d5a7fc6c797150340006ad16070521
benchmark/results_seed15/lab4dual/rule_based/benchmark_results_rule_based.csv,17ed5f132b6289d5ebf51fe6fd9143ffeea6adf4a004ce663f3106a46ef1b419
benchmark/results_seed15/lab4dual/rule_based/coverage_stereotypes_false_lab4dual.csv,4a92c0fb5cdd1991119d37eb68a8b0a83e226f8ae247c14e1d799ea0d3aca908
benchmark/results_seed15/lab4dual/rule_based/coverage_stereotypes_true_lab4dual.csv,ce27f1154a3ea7be210e906c1dcdbb1e7bfa7f22d25c9773ff3eb6c5976d7011
benchmark/results_seed15/lab4dual/rule_based/first_goal_stereotypes_false_lab4dual.csv,6abe06618706922ea9b74054f190116c5d1877d2b71fe5ef2b50d4abc8af7388
benchmark/results_seed15/lab4dual/rule_based/first_goal_stereotypes_true_lab4dual.csv,a09602c1dfa8c761307cb7cd7db7f8df69174b707ca7b63fc558f01f355c5989
benchmark/results_seed15/lab4dual/rule_based/iv_stats_stereotypes_false_lab4dual.json,7d8124f29145ca3caf9e472028581951ab4b43480a1ba4c84f005da455cc92c1
benchmark/results_seed15/lab4dual/rule_based/iv_stats_stereotypes_true_lab4dual.json,efe7af7863db192d9b08b9e2ee047356cba4b11f08d3eb9fab4c871557f96f77
benchmark/results_seed15/lab4dual/rule_based/learned_stereotypes_false_lab4dual.ttl,72da0fb85b153a5a317529e39d54373d91fcca691b055f4bd030914e69ba0a83
benchmark/results_seed15/lab4dual/rule_based/learned_stereotypes_true_lab4dual.ttl,eb76fa8672fd474c3e675fcca9ac350b5d9799429a25a717ecc936696a10a3a7
benchmark/results_seed15/lab4dual/rule_based/metrics_stereotypes_false_lab4dual.csv,17eb1c1b1bbcfbf534f210be8ad3600027280b1d1c6833ae44a0bc0b81ce9cf7
benchmark/results_seed15/lab4dual/rule_based/metrics_stereotypes_true_lab4dual.csv,dbcb1786e401558246e6f17cc5ce3f05ffc8350351f5e1c72eb77de6b5ec33b4
benchmark/results_seed15/lab4dual/rule_based/qtable_final_stereotypes_false_lab4dual.csv,10b121ffccd16a3ce607bd2b7bc1b22ccd08fa3aba14c87deaacc5b518931051
benchmark/results_seed15/lab4dual/rule_based/qtable_final_stereotypes_false_lab4dual_trust.csv,8b74a8b2125268f80f75eedc1abd409afe252eae534fb6d33fbc9db761089e9b
benchmark/results_seed15/lab4dual/rule_based/qtable_final_stereotypes_false_lab4dual_visits.csv,b62a0b595138ca9936a57dde555a45cf12bd4cd56c9befac1216f663ee8dd4aa
benchmark/results_seed15/lab4dual/rule_based/qtable_final_stereotypes_false_lab4dual_zone1.csv,38dc1d3124b9b406c2ffbd2907e8122dc8cd8d054dd657b3b128158d316716bc
benchmark/results_seed15/lab4dual/rule_based/qtable_final_stereotypes_false_lab4dual_zone2.csv,b2789558532ede6d9b6a515ca923a30bc4483ace289c86404f1fecfd53f59332
benchmark/results_seed15/lab4dual/rule_based/qtable_final_stereotypes_true_lab4dual.csv,2bb5bd4715094751992864397f63fef168c7c46efbad3e7688d1d87208d98364
benchmark/results_seed15/lab4dual/rule_based/qtable_final_stereotypes_true_lab4dual_trust.csv,8b74a8b2125268f80f75eedc1abd409afe252eae534fb6d33fbc9db761089e9b
benchmark/results_seed15/lab4dual/rule_based/qtable_final_stereotypes_true_lab4dual_visits.csv,ae43754506d45ba349cdbf5cc2f35d41b1ec6a992fa2c2342ad796f620bdddaa
benchmark/results_seed15/lab4dual/rule_based/qtable_final_stereotypes_true_lab4dual_zone1.csv,46e42e96dea9da04fb322b49ce0ce2e2241d8c935f7398db26522c5b1c24a7fa
benchmark/results_seed15/lab4dual/rule_based/qtable_final_stereotypes_true_lab4dual_zone2.csv,c0a209fa9e1b623569ee7030998ddfd7ea48cc21d162613efc2340a0be1a26af
benchmark/results_seed15/lab4dual/training_stereo_false/coverage_stereotypes_false_lab4dual.csv,4a92c0fb5cdd1991119d37eb68a8b0a83e226f8ae247c14e1d799ea0d3aca908
benchmark/results_seed15/lab4dual/training_stereo_false/first_goal_stereotypes_false_lab4dual.csv,6abe06618706922ea9b74054f190116c5d1877d2b71fe5ef2b50d4abc8af7388
benchmark/results_seed15/lab4dual/training_stereo_false/iv_stats_stereotypes_false_lab4dual.json,7d8124f29145ca3caf9e472028581951ab4b43480a1ba4c84f005da455cc92c1
benchmark/results_seed15/lab4dual/training_stereo_false/learned_stereotypes_false_lab4dual.ttl,72da0fb85b153a5a317529e39d54373d91fcca691b055f4bd030914e69ba0a83
benchmark/results_seed15/lab4dual/training_stereo_false/metrics_stereotypes_false_lab4dual.csv,17eb1c1b1bbcfbf534f210be8ad3600027280b1d1c6833ae44a0bc0b81ce9cf7
benchmark/results_seed15/lab4dual/training_stereo_false/qtable_final_stereotypes_false_lab4dual.csv,10b121ffccd16a3ce607bd2b7bc1b22ccd08fa3aba14c87deaacc5b518931051
benchmark/results_seed15/lab4dual/training_stereo_false/qtable_initial_stereotypes_false_lab4dual.csv,76c7e1200a5c817c641f0fac6077a813d29a7731ea5b7ca36b5152359bf32840
benchmark/results_seed15/lab4dual/training_stereo_false/TRAINING_OK.json,a6c096526d733b4ad467bc32c12b8a80cbacf0efa70c6c229e3685d16a2c23ef
benchmark/results_seed15/lab4dual/training_stereo_true/coverage_stereotypes_true_lab4dual.csv,ce27f1154a3ea7be210e906c1dcdbb1e7bfa7f22d25c9773ff3eb6c5976d7011
benchmark/results_seed15/lab4dual/training_stereo_true/first_goal_stereotypes_true_lab4dual.csv,a09602c1dfa8c761307cb7cd7db7f8df69174b707ca7b63fc558f01f355c5989
benchmark/results_seed15/lab4dual/training_stereo_true/iv_stats_stereotypes_true_lab4dual.json,efe7af7863db192d9b08b9e2ee047356cba4b11f08d3eb9fab4c871557f96f77
benchmark/results_seed15/lab4dual/training_stereo_true/learned_stereotypes_true_lab4dual.ttl,eb76fa8672fd474c3e675fcca9ac350b5d9799429a25a717ecc936696a10a3a7
benchmark/results_seed15/lab4dual/training_stereo_true/metrics_stereotypes_true_lab4dual.csv,dbcb1786e401558246e6f17cc5ce3f05ffc8350351f5e1c72eb77de6b5ec33b4
benchmark/results_seed15/lab4dual/training_stereo_true/qtable_final_stereotypes_true_lab4dual.csv,2bb5bd4715094751992864397f63fef168c7c46efbad3e7688d1d87208d98364
benchmark/results_seed15/lab4dual/training_stereo_true/qtable_initial_stereotypes_true_lab4dual.csv,0ac9c51af98a5d238d35312958e4ef0068172106b0f793b4ec6e1d534e574776
benchmark/results_seed15/lab4dual/training_stereo_true/TRAINING_OK.json,e8e3b03f2ee393ab66a9aa1af674b73f94006f967a92388f802876ab967baad6
benchmark/results_seed15/lab5/ql_false/bench_step_log_ql_false.csv,e5421640cbe5e8091c15feb5df04df3d05c0a838e2fe8b1f26f527f55dde3dc4
benchmark/results_seed15/lab5/ql_false/benchmark_results_ql_false.csv,a6a268b170d7896e22e01a0d2c1e6991db6f5b7a7bf7f5529938324de3cd6b20
benchmark/results_seed15/lab5/ql_false/coverage_stereotypes_false_lab5.csv,a05015fafed154e020429cd379e9eec2b61ddeddf75d89a52aba97a6df84566e
benchmark/results_seed15/lab5/ql_false/coverage_stereotypes_true_lab5.csv,0e5b22a4dbf54c4ef9ea8c9fd2632c5b65db9384f280ecf03cef7191936ebc03
benchmark/results_seed15/lab5/ql_false/first_goal_stereotypes_false_lab5.csv,ab10c9cbc98fff624e5a2d28a7cf1ee90ac40b721a3941e147db027c19a99656
benchmark/results_seed15/lab5/ql_false/first_goal_stereotypes_true_lab5.csv,a09602c1dfa8c761307cb7cd7db7f8df69174b707ca7b63fc558f01f355c5989
benchmark/results_seed15/lab5/ql_false/iv_stats_stereotypes_false_lab5.json,6f2942ee80091f0d85bd7a9462b9231c94b2a00ba26581abb9803871233931ca
benchmark/results_seed15/lab5/ql_false/iv_stats_stereotypes_true_lab5.json,f9d795df1787752795dd58ceeedae85fed4e1e61e225f80499f43651f7db8340
benchmark/results_seed15/lab5/ql_false/learned_stereotypes_false_lab5.ttl,12ee34d7363d9d6c610f128fdc32bb506f382aca4602dd549416eebb4e4d203c
benchmark/results_seed15/lab5/ql_false/learned_stereotypes_true_lab5.ttl,804082fc5cd10b0ee5e879867f8b1ca3f595e8b519096765b1d924aa579b504c
benchmark/results_seed15/lab5/ql_false/metrics_stereotypes_false_lab5.csv,a34f6f8ea87f042870a74f79f8c10b8b0f8675b9bc68c3ef50b1109c56cea789
benchmark/results_seed15/lab5/ql_false/metrics_stereotypes_true_lab5.csv,aba497e4c16d1fde0a98ed732ff7fe8833b77b82c2c9d1392ebbd1ed3112ad23
benchmark/results_seed15/lab5/ql_false/qtable_final_stereotypes_false_lab5.csv,8e52d60cda53a89baa0ac91284e6701c3c5a5e581f52e35fe40e608c3051b732
benchmark/results_seed15/lab5/ql_false/qtable_final_stereotypes_false_lab5_trust.csv,8b74a8b2125268f80f75eedc1abd409afe252eae534fb6d33fbc9db761089e9b
benchmark/results_seed15/lab5/ql_false/qtable_final_stereotypes_false_lab5_visits.csv,f616bf742e878576a0ac3d219ae3104d7a14da2e4ec5f83f6172ee56c27f394f
benchmark/results_seed15/lab5/ql_false/qtable_final_stereotypes_false_lab5_zone1.csv,8f91d7913b7c65d592dd20d3bba4a7f2872a0cf0afc64d81686051f88b08c402
benchmark/results_seed15/lab5/ql_false/qtable_final_stereotypes_false_lab5_zone2.csv,bc551c19dfda44e66c97d225ffae91dd1ee712ef4a1e37b63f358b9b1c0529c6
benchmark/results_seed15/lab5/ql_false/qtable_final_stereotypes_true_lab5.csv,0acd7a3b21dcf1b8bb14104f70ce0edec1c02839752934221cd1b7575e3f350c
benchmark/results_seed15/lab5/ql_false/qtable_final_stereotypes_true_lab5_trust.csv,8b74a8b2125268f80f75eedc1abd409afe252eae534fb6d33fbc9db761089e9b
benchmark/results_seed15/lab5/ql_false/qtable_final_stereotypes_true_lab5_visits.csv,d4bd122e060c268da4744eba87eaa2e19cc42dbac37ff91c34c837817cc5907f
benchmark/results_seed15/lab5/ql_false/qtable_final_stereotypes_true_lab5_zone1.csv,4b589a73feac476c240ffa45f34da4b7ce27fd71eaa5ac7aa7e3a5f27f20236f
benchmark/results_seed15/lab5/ql_false/qtable_final_stereotypes_true_lab5_zone2.csv,f930e52e3dbfcc145c5dd3b4bd60c3c653171688892248bed3ff8dff6337ffcd
benchmark/results_seed15/lab5/ql_false/trace_bench_ql_false.jsonl,e3b0c44298fc1c149afbf4c8996fb92427ae41e4649b934ca495991b7852b855
benchmark/results_seed15/lab5/ql_true/bench_step_log_ql_true.csv,65cce7693b484461ae230e29961363ec961e0d5f8fa6008e61cc03c20b2b674e
benchmark/results_seed15/lab5/ql_true/benchmark_results_ql_true.csv,294cd06424fb9916678749039035ed2a55bdf5dd7b1fe23b1903ee6658998966
benchmark/results_seed15/lab5/ql_true/coverage_stereotypes_false_lab5.csv,a05015fafed154e020429cd379e9eec2b61ddeddf75d89a52aba97a6df84566e
benchmark/results_seed15/lab5/ql_true/coverage_stereotypes_true_lab5.csv,0e5b22a4dbf54c4ef9ea8c9fd2632c5b65db9384f280ecf03cef7191936ebc03
benchmark/results_seed15/lab5/ql_true/first_goal_stereotypes_false_lab5.csv,ab10c9cbc98fff624e5a2d28a7cf1ee90ac40b721a3941e147db027c19a99656
benchmark/results_seed15/lab5/ql_true/first_goal_stereotypes_true_lab5.csv,a09602c1dfa8c761307cb7cd7db7f8df69174b707ca7b63fc558f01f355c5989
benchmark/results_seed15/lab5/ql_true/iv_stats_stereotypes_false_lab5.json,6f2942ee80091f0d85bd7a9462b9231c94b2a00ba26581abb9803871233931ca
benchmark/results_seed15/lab5/ql_true/iv_stats_stereotypes_true_lab5.json,f9d795df1787752795dd58ceeedae85fed4e1e61e225f80499f43651f7db8340
benchmark/results_seed15/lab5/ql_true/learned_stereotypes_false_lab5.ttl,12ee34d7363d9d6c610f128fdc32bb506f382aca4602dd549416eebb4e4d203c
benchmark/results_seed15/lab5/ql_true/learned_stereotypes_true_lab5.ttl,804082fc5cd10b0ee5e879867f8b1ca3f595e8b519096765b1d924aa579b504c
benchmark/results_seed15/lab5/ql_true/metrics_stereotypes_false_lab5.csv,a34f6f8ea87f042870a74f79f8c10b8b0f8675b9bc68c3ef50b1109c56cea789
benchmark/results_seed15/lab5/ql_true/metrics_stereotypes_true_lab5.csv,aba497e4c16d1fde0a98ed732ff7fe8833b77b82c2c9d1392ebbd1ed3112ad23
benchmark/results_seed15/lab5/ql_true/qtable_final_stereotypes_false_lab5.csv,8e52d60cda53a89baa0ac91284e6701c3c5a5e581f52e35fe40e608c3051b732
benchmark/results_seed15/lab5/ql_true/qtable_final_stereotypes_false_lab5_trust.csv,8b74a8b2125268f80f75eedc1abd409afe252eae534fb6d33fbc9db761089e9b
benchmark/results_seed15/lab5/ql_true/qtable_final_stereotypes_false_lab5_visits.csv,f616bf742e878576a0ac3d219ae3104d7a14da2e4ec5f83f6172ee56c27f394f
benchmark/results_seed15/lab5/ql_true/qtable_final_stereotypes_false_lab5_zone1.csv,8f91d7913b7c65d592dd20d3bba4a7f2872a0cf0afc64d81686051f88b08c402
benchmark/results_seed15/lab5/ql_true/qtable_final_stereotypes_false_lab5_zone2.csv,bc551c19dfda44e66c97d225ffae91dd1ee712ef4a1e37b63f358b9b1c0529c6
benchmark/results_seed15/lab5/ql_true/qtable_final_stereotypes_true_lab5.csv,0acd7a3b21dcf1b8bb14104f70ce0edec1c02839752934221cd1b7575e3f350c
benchmark/results_seed15/lab5/ql_true/qtable_final_stereotypes_true_lab5_trust.csv,8b74a8b2125268f80f75eedc1abd409afe252eae534fb6d33fbc9db761089e9b
benchmark/results_seed15/lab5/ql_true/qtable_final_stereotypes_true_lab5_visits.csv,d4bd122e060c268da4744eba87eaa2e19cc42dbac37ff91c34c837817cc5907f
benchmark/results_seed15/lab5/ql_true/qtable_final_stereotypes_true_lab5_zone1.csv,4b589a73feac476c240ffa45f34da4b7ce27fd71eaa5ac7aa7e3a5f27f20236f
benchmark/results_seed15/lab5/ql_true/qtable_final_stereotypes_true_lab5_zone2.csv,f930e52e3dbfcc145c5dd3b4bd60c3c653171688892248bed3ff8dff6337ffcd
benchmark/results_seed15/lab5/ql_true/trace_bench_ql_true.jsonl,e3b0c44298fc1c149afbf4c8996fb92427ae41e4649b934ca495991b7852b855
benchmark/results_seed15/lab5/rule_based/bench_step_log_rule_based.csv,210ad2ed6784542e570d6acc3d2f49d7571b0eb50fcc22e5a336aa3356498cea
benchmark/results_seed15/lab5/rule_based/benchmark_results_rule_based.csv,82727e5df54bb58489c77854b35a8615a5311858e934a43b560adc16c5f03497
benchmark/results_seed15/lab5/rule_based/coverage_stereotypes_false_lab5.csv,a05015fafed154e020429cd379e9eec2b61ddeddf75d89a52aba97a6df84566e
benchmark/results_seed15/lab5/rule_based/coverage_stereotypes_true_lab5.csv,0e5b22a4dbf54c4ef9ea8c9fd2632c5b65db9384f280ecf03cef7191936ebc03
benchmark/results_seed15/lab5/rule_based/first_goal_stereotypes_false_lab5.csv,ab10c9cbc98fff624e5a2d28a7cf1ee90ac40b721a3941e147db027c19a99656
benchmark/results_seed15/lab5/rule_based/first_goal_stereotypes_true_lab5.csv,a09602c1dfa8c761307cb7cd7db7f8df69174b707ca7b63fc558f01f355c5989
benchmark/results_seed15/lab5/rule_based/iv_stats_stereotypes_false_lab5.json,6f2942ee80091f0d85bd7a9462b9231c94b2a00ba26581abb9803871233931ca
benchmark/results_seed15/lab5/rule_based/iv_stats_stereotypes_true_lab5.json,f9d795df1787752795dd58ceeedae85fed4e1e61e225f80499f43651f7db8340
benchmark/results_seed15/lab5/rule_based/learned_stereotypes_false_lab5.ttl,12ee34d7363d9d6c610f128fdc32bb506f382aca4602dd549416eebb4e4d203c
benchmark/results_seed15/lab5/rule_based/learned_stereotypes_true_lab5.ttl,804082fc5cd10b0ee5e879867f8b1ca3f595e8b519096765b1d924aa579b504c
benchmark/results_seed15/lab5/rule_based/metrics_stereotypes_false_lab5.csv,a34f6f8ea87f042870a74f79f8c10b8b0f8675b9bc68c3ef50b1109c56cea789
benchmark/results_seed15/lab5/rule_based/metrics_stereotypes_true_lab5.csv,aba497e4c16d1fde0a98ed732ff7fe8833b77b82c2c9d1392ebbd1ed3112ad23
benchmark/results_seed15/lab5/rule_based/qtable_final_stereotypes_false_lab5.csv,8e52d60cda53a89baa0ac91284e6701c3c5a5e581f52e35fe40e608c3051b732
benchmark/results_seed15/lab5/rule_based/qtable_final_stereotypes_false_lab5_trust.csv,8b74a8b2125268f80f75eedc1abd409afe252eae534fb6d33fbc9db761089e9b
benchmark/results_seed15/lab5/rule_based/qtable_final_stereotypes_false_lab5_visits.csv,f616bf742e878576a0ac3d219ae3104d7a14da2e4ec5f83f6172ee56c27f394f
benchmark/results_seed15/lab5/rule_based/qtable_final_stereotypes_false_lab5_zone1.csv,8f91d7913b7c65d592dd20d3bba4a7f2872a0cf0afc64d81686051f88b08c402
benchmark/results_seed15/lab5/rule_based/qtable_final_stereotypes_false_lab5_zone2.csv,bc551c19dfda44e66c97d225ffae91dd1ee712ef4a1e37b63f358b9b1c0529c6
benchmark/results_seed15/lab5/rule_based/qtable_final_stereotypes_true_lab5.csv,0acd7a3b21dcf1b8bb14104f70ce0edec1c02839752934221cd1b7575e3f350c
benchmark/results_seed15/lab5/rule_based/qtable_final_stereotypes_true_lab5_trust.csv,8b74a8b2125268f80f75eedc1abd409afe252eae534fb6d33fbc9db761089e9b
benchmark/results_seed15/lab5/rule_based/qtable_final_stereotypes_true_lab5_visits.csv,d4bd122e060c268da4744eba87eaa2e19cc42dbac37ff91c34c837817cc5907f
benchmark/results_seed15/lab5/rule_based/qtable_final_stereotypes_true_lab5_zone1.csv,4b589a73feac476c240ffa45f34da4b7ce27fd71eaa5ac7aa7e3a5f27f20236f
benchmark/results_seed15/lab5/rule_based/qtable_final_stereotypes_true_lab5_zone2.csv,f930e52e3dbfcc145c5dd3b4bd60c3c653171688892248bed3ff8dff6337ffcd
benchmark/results_seed15/lab5/training_stereo_false/coverage_stereotypes_false_lab5.csv,a05015fafed154e020429cd379e9eec2b61ddeddf75d89a52aba97a6df84566e
benchmark/results_seed15/lab5/training_stereo_false/first_goal_stereotypes_false_lab5.csv,ab10c9cbc98fff624e5a2d28a7cf1ee90ac40b721a3941e147db027c19a99656
benchmark/results_seed15/lab5/training_stereo_false/iv_stats_stereotypes_false_lab5.json,6f2942ee80091f0d85bd7a9462b9231c94b2a00ba26581abb9803871233931ca
benchmark/results_seed15/lab5/training_stereo_false/learned_stereotypes_false_lab5.ttl,12ee34d7363d9d6c610f128fdc32bb506f382aca4602dd549416eebb4e4d203c
benchmark/results_seed15/lab5/training_stereo_false/metrics_stereotypes_false_lab5.csv,a34f6f8ea87f042870a74f79f8c10b8b0f8675b9bc68c3ef50b1109c56cea789
benchmark/results_seed15/lab5/training_stereo_false/qtable_final_stereotypes_false_lab5.csv,8e52d60cda53a89baa0ac91284e6701c3c5a5e581f52e35fe40e608c3051b732
benchmark/results_seed15/lab5/training_stereo_false/qtable_initial_stereotypes_false_lab5.csv,1f719efe3de3b894c6215931199c79ea5417981a846581751ac34959ed93d4a7
benchmark/results_seed15/lab5/training_stereo_false/TRAINING_OK.json,8600a3bd2175cd3b4a498750b6ea981abc98253b230699251db5ddcc335933a9
benchmark/results_seed15/lab5/training_stereo_true/coverage_stereotypes_true_lab5.csv,0e5b22a4dbf54c4ef9ea8c9fd2632c5b65db9384f280ecf03cef7191936ebc03
benchmark/results_seed15/lab5/training_stereo_true/first_goal_stereotypes_true_lab5.csv,a09602c1dfa8c761307cb7cd7db7f8df69174b707ca7b63fc558f01f355c5989
benchmark/results_seed15/lab5/training_stereo_true/iv_stats_stereotypes_true_lab5.json,f9d795df1787752795dd58ceeedae85fed4e1e61e225f80499f43651f7db8340
benchmark/results_seed15/lab5/training_stereo_true/learned_stereotypes_true_lab5.ttl,804082fc5cd10b0ee5e879867f8b1ca3f595e8b519096765b1d924aa579b504c
benchmark/results_seed15/lab5/training_stereo_true/metrics_stereotypes_true_lab5.csv,aba497e4c16d1fde0a98ed732ff7fe8833b77b82c2c9d1392ebbd1ed3112ad23
benchmark/results_seed15/lab5/training_stereo_true/qtable_final_stereotypes_true_lab5.csv,0acd7a3b21dcf1b8bb14104f70ce0edec1c02839752934221cd1b7575e3f350c
benchmark/results_seed15/lab5/training_stereo_true/qtable_initial_stereotypes_true_lab5.csv,78732e9f547e4ba2efc6ae510da7171030396e3b820ef3b90f6bd7c248cb5a41
benchmark/results_seed15/lab5/training_stereo_true/TRAINING_OK.json,e149caee03a52b54e9ab88d3a79b20cd663a289773e266a14805bfd1f0ec888d
benchmark/results_seed16/lab4/ql_false/bench_step_log_ql_false.csv,8d9af76c05e9e1b87dade5169f97a948f9e9ba30c7d0b8d188e30b4c195eb9e0
benchmark/results_seed16/lab4/ql_false/benchmark_results_ql_false.csv,cb0cceacaee6ec974f6b86c0184ee9a6d1b35e432270dac9987baf37e8bdb91b
benchmark/results_seed16/lab4/ql_false/coverage_stereotypes_false_lab4.csv,9b2730fc9c19a8202807283123b1b6b67f17cc87f675cad93954815fd583d8b3
benchmark/results_seed16/lab4/ql_false/coverage_stereotypes_true_lab4.csv,58a4bfc476cbacfd27095b70456cc9c3933ccc0e98bcd802f7c5464737bdc825
benchmark/results_seed16/lab4/ql_false/first_goal_stereotypes_false_lab4.csv,a09602c1dfa8c761307cb7cd7db7f8df69174b707ca7b63fc558f01f355c5989
benchmark/results_seed16/lab4/ql_false/first_goal_stereotypes_true_lab4.csv,a09602c1dfa8c761307cb7cd7db7f8df69174b707ca7b63fc558f01f355c5989
benchmark/results_seed16/lab4/ql_false/iv_stats_stereotypes_false_lab4.json,8677ea14dc3e0720ebaf781263f69fa07afd1dc33a33bd04c9b1b09c9088ab63
benchmark/results_seed16/lab4/ql_false/iv_stats_stereotypes_true_lab4.json,7fec99cde7840d107cc6d9b12edd25a8e44d30e6830c105798389e760572500a
benchmark/results_seed16/lab4/ql_false/learned_stereotypes_false_lab4.ttl,5deef65f15c571b3b2a650154fe69c2aac1c173ba4197e36cecd516381acc523
benchmark/results_seed16/lab4/ql_false/learned_stereotypes_true_lab4.ttl,816a285bc6c2bc6f020bae8430677ff48cd1c89858e70105ddb9945ec7a7c841
benchmark/results_seed16/lab4/ql_false/metrics_stereotypes_false_lab4.csv,9603ff29fcf27739777bcea71c173daec4a619d8ab605d7c3592b184bbee7cf3
benchmark/results_seed16/lab4/ql_false/metrics_stereotypes_true_lab4.csv,c400ceead236aa8466b165c55e1f3bab3edd34b84284f800aa238eb17af7b751
benchmark/results_seed16/lab4/ql_false/qtable_final_stereotypes_false_lab4.csv,110e508a44aa308a37014e952d32cef57dd706b8931d06b3da1b6342b3f9104e
benchmark/results_seed16/lab4/ql_false/qtable_final_stereotypes_false_lab4_trust.csv,8b74a8b2125268f80f75eedc1abd409afe252eae534fb6d33fbc9db761089e9b
benchmark/results_seed16/lab4/ql_false/qtable_final_stereotypes_false_lab4_visits.csv,cab8426dad37d0dc51f38733c3ed688ed8da6dcec48e6b63f745bb1da8b86e38
benchmark/results_seed16/lab4/ql_false/qtable_final_stereotypes_false_lab4_zone1.csv,37cbcb39f50384eaac2ff5be9b8578051f1619b9a09d60d67a2a8868f5ec4afe
benchmark/results_seed16/lab4/ql_false/qtable_final_stereotypes_false_lab4_zone2.csv,9804672c4b6f6764293a9367036ae652b7a844ebbdee29004c510d6aea046f67
benchmark/results_seed16/lab4/ql_false/qtable_final_stereotypes_true_lab4.csv,8d337e3bba01675ad0970552085db7fdba4f2292e2236494bf06faf3932cf91e
benchmark/results_seed16/lab4/ql_false/qtable_final_stereotypes_true_lab4_trust.csv,8b74a8b2125268f80f75eedc1abd409afe252eae534fb6d33fbc9db761089e9b
benchmark/results_seed16/lab4/ql_false/qtable_final_stereotypes_true_lab4_visits.csv,4f12b5e2417099cc7e0b4a7083a1e9d38ec31afcc0126954b055c5a3aeaa75b5
benchmark/results_seed16/lab4/ql_false/qtable_final_stereotypes_true_lab4_zone1.csv,0966750d94558534ed37a3293ed44680fe9f4999f20c58b7aad4ac1096c67cf5
benchmark/results_seed16/lab4/ql_false/qtable_final_stereotypes_true_lab4_zone2.csv,afb621eace63df16f478ac7cecdb475baa9506c9a05c7af3f4f604d6a495d8a7
benchmark/results_seed16/lab4/ql_false/trace_bench_ql_false.jsonl,e3b0c44298fc1c149afbf4c8996fb92427ae41e4649b934ca495991b7852b855
benchmark/results_seed16/lab4/ql_true/bench_step_log_ql_true.csv,e2d551370f05bec5a642fa1bda36f5e2392a57cceed4a5cd7b903e3de2e6d0dc
benchmark/results_seed16/lab4/ql_true/benchmark_results_ql_true.csv,39e90d649c3c3771ebf82871ae406a21644f533d920df30e47f627c504a8f8b9
benchmark/results_seed16/lab4/ql_true/coverage_stereotypes_false_lab4.csv,9b2730fc9c19a8202807283123b1b6b67f17cc87f675cad93954815fd583d8b3
benchmark/results_seed16/lab4/ql_true/coverage_stereotypes_true_lab4.csv,58a4bfc476cbacfd27095b70456cc9c3933ccc0e98bcd802f7c5464737bdc825
benchmark/results_seed16/lab4/ql_true/first_goal_stereotypes_false_lab4.csv,a09602c1dfa8c761307cb7cd7db7f8df69174b707ca7b63fc558f01f355c5989
benchmark/results_seed16/lab4/ql_true/first_goal_stereotypes_true_lab4.csv,a09602c1dfa8c761307cb7cd7db7f8df69174b707ca7b63fc558f01f355c5989
benchmark/results_seed16/lab4/ql_true/iv_stats_stereotypes_false_lab4.json,8677ea14dc3e0720ebaf781263f69fa07afd1dc33a33bd04c9b1b09c9088ab63
benchmark/results_seed16/lab4/ql_true/iv_stats_stereotypes_true_lab4.json,7fec99cde7840d107cc6d9b12edd25a8e44d30e6830c105798389e760572500a
benchmark/results_seed16/lab4/ql_true/learned_stereotypes_false_lab4.ttl,5deef65f15c571b3b2a650154fe69c2aac1c173ba4197e36cecd516381acc523
benchmark/results_seed16/lab4/ql_true/learned_stereotypes_true_lab4.ttl,816a285bc6c2bc6f020bae8430677ff48cd1c89858e70105ddb9945ec7a7c841
benchmark/results_seed16/lab4/ql_true/metrics_stereotypes_false_lab4.csv,9603ff29fcf27739777bcea71c173daec4a619d8ab605d7c3592b184bbee7cf3
benchmark/results_seed16/lab4/ql_true/metrics_stereotypes_true_lab4.csv,c400ceead236aa8466b165c55e1f3bab3edd34b84284f800aa238eb17af7b751
benchmark/results_seed16/lab4/ql_true/qtable_final_stereotypes_false_lab4.csv,110e508a44aa308a37014e952d32cef57dd706b8931d06b3da1b6342b3f9104e
benchmark/results_seed16/lab4/ql_true/qtable_final_stereotypes_false_lab4_trust.csv,8b74a8b2125268f80f75eedc1abd409afe252eae534fb6d33fbc9db761089e9b
benchmark/results_seed16/lab4/ql_true/qtable_final_stereotypes_false_lab4_visits.csv,cab8426dad37d0dc51f38733c3ed688ed8da6dcec48e6b63f745bb1da8b86e38
benchmark/results_seed16/lab4/ql_true/qtable_final_stereotypes_false_lab4_zone1.csv,37cbcb39f50384eaac2ff5be9b8578051f1619b9a09d60d67a2a8868f5ec4afe
benchmark/results_seed16/lab4/ql_true/qtable_final_stereotypes_false_lab4_zone2.csv,9804672c4b6f6764293a9367036ae652b7a844ebbdee29004c510d6aea046f67
benchmark/results_seed16/lab4/ql_true/qtable_final_stereotypes_true_lab4.csv,8d337e3bba01675ad0970552085db7fdba4f2292e2236494bf06faf3932cf91e
benchmark/results_seed16/lab4/ql_true/qtable_final_stereotypes_true_lab4_trust.csv,8b74a8b2125268f80f75eedc1abd409afe252eae534fb6d33fbc9db761089e9b
benchmark/results_seed16/lab4/ql_true/qtable_final_stereotypes_true_lab4_visits.csv,4f12b5e2417099cc7e0b4a7083a1e9d38ec31afcc0126954b055c5a3aeaa75b5
benchmark/results_seed16/lab4/ql_true/qtable_final_stereotypes_true_lab4_zone1.csv,0966750d94558534ed37a3293ed44680fe9f4999f20c58b7aad4ac1096c67cf5
benchmark/results_seed16/lab4/ql_true/qtable_final_stereotypes_true_lab4_zone2.csv,afb621eace63df16f478ac7cecdb475baa9506c9a05c7af3f4f604d6a495d8a7
benchmark/results_seed16/lab4/ql_true/trace_bench_ql_true.jsonl,e3b0c44298fc1c149afbf4c8996fb92427ae41e4649b934ca495991b7852b855
benchmark/results_seed16/lab4/rule_based/bench_step_log_rule_based.csv,dcbc4327da082492479ba30ccd4da61be5ac2d9659746d470daad350664a098d
benchmark/results_seed16/lab4/rule_based/benchmark_results_rule_based.csv,cc219d340dba04e3ea5799add56059a253e02bbcab18582eaa9fcf889b6f0bf9
benchmark/results_seed16/lab4/rule_based/coverage_stereotypes_false_lab4.csv,9b2730fc9c19a8202807283123b1b6b67f17cc87f675cad93954815fd583d8b3
benchmark/results_seed16/lab4/rule_based/coverage_stereotypes_true_lab4.csv,58a4bfc476cbacfd27095b70456cc9c3933ccc0e98bcd802f7c5464737bdc825
benchmark/results_seed16/lab4/rule_based/first_goal_stereotypes_false_lab4.csv,a09602c1dfa8c761307cb7cd7db7f8df69174b707ca7b63fc558f01f355c5989
benchmark/results_seed16/lab4/rule_based/first_goal_stereotypes_true_lab4.csv,a09602c1dfa8c761307cb7cd7db7f8df69174b707ca7b63fc558f01f355c5989
benchmark/results_seed16/lab4/rule_based/iv_stats_stereotypes_false_lab4.json,8677ea14dc3e0720ebaf781263f69fa07afd1dc33a33bd04c9b1b09c9088ab63
benchmark/results_seed16/lab4/rule_based/iv_stats_stereotypes_true_lab4.json,7fec99cde7840d107cc6d9b12edd25a8e44d30e6830c105798389e760572500a
benchmark/results_seed16/lab4/rule_based/learned_stereotypes_false_lab4.ttl,5deef65f15c571b3b2a650154fe69c2aac1c173ba4197e36cecd516381acc523
benchmark/results_seed16/lab4/rule_based/learned_stereotypes_true_lab4.ttl,816a285bc6c2bc6f020bae8430677ff48cd1c89858e70105ddb9945ec7a7c841
benchmark/results_seed16/lab4/rule_based/metrics_stereotypes_false_lab4.csv,9603ff29fcf27739777bcea71c173daec4a619d8ab605d7c3592b184bbee7cf3
benchmark/results_seed16/lab4/rule_based/metrics_stereotypes_true_lab4.csv,c400ceead236aa8466b165c55e1f3bab3edd34b84284f800aa238eb17af7b751
benchmark/results_seed16/lab4/rule_based/qtable_final_stereotypes_false_lab4.csv,110e508a44aa308a37014e952d32cef57dd706b8931d06b3da1b6342b3f9104e
benchmark/results_seed16/lab4/rule_based/qtable_final_stereotypes_false_lab4_trust.csv,8b74a8b2125268f80f75eedc1abd409afe252eae534fb6d33fbc9db761089e9b
benchmark/results_seed16/lab4/rule_based/qtable_final_stereotypes_false_lab4_visits.csv,cab8426dad37d0dc51f38733c3ed688ed8da6dcec48e6b63f745bb1da8b86e38
benchmark/results_seed16/lab4/rule_based/qtable_final_stereotypes_false_lab4_zone1.csv,37cbcb39f50384eaac2ff5be9b8578051f1619b9a09d60d67a2a8868f5ec4afe
benchmark/results_seed16/lab4/rule_based/qtable_final_stereotypes_false_lab4_zone2.csv,9804672c4b6f6764293a9367036ae652b7a844ebbdee29004c510d6aea046f67
benchmark/results_seed16/lab4/rule_based/qtable_final_stereotypes_true_lab4.csv,8d337e3bba01675ad0970552085db7fdba4f2292e2236494bf06faf3932cf91e
benchmark/results_seed16/lab4/rule_based/qtable_final_stereotypes_true_lab4_trust.csv,8b74a8b2125268f80f75eedc1abd409afe252eae534fb6d33fbc9db761089e9b
benchmark/results_seed16/lab4/rule_based/qtable_final_stereotypes_true_lab4_visits.csv,4f12b5e2417099cc7e0b4a7083a1e9d38ec31afcc0126954b055c5a3aeaa75b5
benchmark/results_seed16/lab4/rule_based/qtable_final_stereotypes_true_lab4_zone1.csv,0966750d94558534ed37a3293ed44680fe9f4999f20c58b7aad4ac1096c67cf5
benchmark/results_seed16/lab4/rule_based/qtable_final_stereotypes_true_lab4_zone2.csv,afb621eace63df16f478ac7cecdb475baa9506c9a05c7af3f4f604d6a495d8a7
benchmark/results_seed16/lab4/training_stereo_false/coverage_stereotypes_false_lab4.csv,9b2730fc9c19a8202807283123b1b6b67f17cc87f675cad93954815fd583d8b3
benchmark/results_seed16/lab4/training_stereo_false/first_goal_stereotypes_false_lab4.csv,a09602c1dfa8c761307cb7cd7db7f8df69174b707ca7b63fc558f01f355c5989
benchmark/results_seed16/lab4/training_stereo_false/iv_stats_stereotypes_false_lab4.json,8677ea14dc3e0720ebaf781263f69fa07afd1dc33a33bd04c9b1b09c9088ab63
benchmark/results_seed16/lab4/training_stereo_false/learned_stereotypes_false_lab4.ttl,5deef65f15c571b3b2a650154fe69c2aac1c173ba4197e36cecd516381acc523
benchmark/results_seed16/lab4/training_stereo_false/metrics_stereotypes_false_lab4.csv,9603ff29fcf27739777bcea71c173daec4a619d8ab605d7c3592b184bbee7cf3
benchmark/results_seed16/lab4/training_stereo_false/qtable_final_stereotypes_false_lab4.csv,110e508a44aa308a37014e952d32cef57dd706b8931d06b3da1b6342b3f9104e
benchmark/results_seed16/lab4/training_stereo_false/qtable_initial_stereotypes_false_lab4.csv,e7a805786d46aebc891069aaff4b80200c4fca7991e24d1c39adfbccc5be20ee
benchmark/results_seed16/lab4/training_stereo_false/TRAINING_OK.json,28d37b49651dcc7568f077a940e7ce3413e488987f87cda7a497752d7bb3d9f6
benchmark/results_seed16/lab4/training_stereo_true/coverage_stereotypes_true_lab4.csv,58a4bfc476cbacfd27095b70456cc9c3933ccc0e98bcd802f7c5464737bdc825
benchmark/results_seed16/lab4/training_stereo_true/first_goal_stereotypes_true_lab4.csv,a09602c1dfa8c761307cb7cd7db7f8df69174b707ca7b63fc558f01f355c5989
benchmark/results_seed16/lab4/training_stereo_true/iv_stats_stereotypes_true_lab4.json,7fec99cde7840d107cc6d9b12edd25a8e44d30e6830c105798389e760572500a
benchmark/results_seed16/lab4/training_stereo_true/learned_stereotypes_true_lab4.ttl,816a285bc6c2bc6f020bae8430677ff48cd1c89858e70105ddb9945ec7a7c841
benchmark/results_seed16/lab4/training_stereo_true/metrics_stereotypes_true_lab4.csv,c400ceead236aa8466b165c55e1f3bab3edd34b84284f800aa238eb17af7b751
benchmark/results_seed16/lab4/training_stereo_true/qtable_final_stereotypes_true_lab4.csv,8d337e3bba01675ad0970552085db7fdba4f2292e2236494bf06faf3932cf91e
benchmark/results_seed16/lab4/training_stereo_true/qtable_initial_stereotypes_true_lab4.csv,a34227689301a8b03f01964727db05c0cd5ac3ca6fef2c062cbacaa11b196a6e
benchmark/results_seed16/lab4/training_stereo_true/TRAINING_OK.json,935b2cf42fcd71cb5f65b67c14f2914b91dfdc96d49b1e70c82d9c2855606f6e
benchmark/results_seed16/lab4chain/ql_false/bench_step_log_ql_false.csv,14bc5bab5a45f2959a46dde37e430196a694044c8fb3001b0ac3f9e2dbd82c3a
benchmark/results_seed16/lab4chain/ql_false/benchmark_results_ql_false.csv,20a9bb9f7696c404871f6c770738ff8f8134d3aab5316192e1440569868495e6
benchmark/results_seed16/lab4chain/ql_false/coverage_stereotypes_false_lab4chain.csv,e4f80cb34d62cf0284d79768747d0fd32648118c1c16e25dd54609235b8c5a19
benchmark/results_seed16/lab4chain/ql_false/coverage_stereotypes_true_lab4chain.csv,7ac1ab5fdf85de7351a68fff8dea6b9b50d2932025e8c21c9de74e0b300508e5
benchmark/results_seed16/lab4chain/ql_false/first_goal_stereotypes_false_lab4chain.csv,6abe06618706922ea9b74054f190116c5d1877d2b71fe5ef2b50d4abc8af7388
benchmark/results_seed16/lab4chain/ql_false/first_goal_stereotypes_true_lab4chain.csv,a09602c1dfa8c761307cb7cd7db7f8df69174b707ca7b63fc558f01f355c5989
benchmark/results_seed16/lab4chain/ql_false/iv_stats_stereotypes_false_lab4chain.json,3ba69f80e8832b6bd9c92c3856d1acc2e5d648384fe4c862ce2727692f26c6d9
benchmark/results_seed16/lab4chain/ql_false/iv_stats_stereotypes_true_lab4chain.json,3a2f9a75e41c1634805becbb6006313854e49f2835f55baa7cd02b95d1f7efee
benchmark/results_seed16/lab4chain/ql_false/learned_stereotypes_false_lab4chain.ttl,e6ef9dc0b0c166d5fcbe1205470eb3e86c059fad892a8369be039eebe6bc8301
benchmark/results_seed16/lab4chain/ql_false/learned_stereotypes_true_lab4chain.ttl,19861e80b00aff15876d1eeabb09efda7b675dac01f2633d6aa11cd16890e40d
benchmark/results_seed16/lab4chain/ql_false/metrics_stereotypes_false_lab4chain.csv,50376fd6cbdc15fdfac01bd408bf1e79ef9df8f1169dd106d06aeab4d2cc9564
benchmark/results_seed16/lab4chain/ql_false/metrics_stereotypes_true_lab4chain.csv,fb1549c0019acc630e0576eb5fb7a177942d47c043372c108a75ee73f47a3741
benchmark/results_seed16/lab4chain/ql_false/qtable_final_stereotypes_false_lab4chain.csv,c03eaa682f0d7f9706c510e68abd03328ce0b395f3bbf134e225cae7eea1e813
benchmark/results_seed16/lab4chain/ql_false/qtable_final_stereotypes_false_lab4chain_trust.csv,8b74a8b2125268f80f75eedc1abd409afe252eae534fb6d33fbc9db761089e9b
benchmark/results_seed16/lab4chain/ql_false/qtable_final_stereotypes_false_lab4chain_visits.csv,9fc5b9e926a587b5b82890efd9ead5ddb5ee71d53f921a09faa3f236b1b6a142
benchmark/results_seed16/lab4chain/ql_false/qtable_final_stereotypes_false_lab4chain_zone1.csv,a20c282459493942b2cd0b1c9b08aa6269d27388a2b31577ee98ab8329cb62f0
benchmark/results_seed16/lab4chain/ql_false/qtable_final_stereotypes_false_lab4chain_zone2.csv,327d1c8cdc26dbd81324d55fcc0e5e6118fb793907766a6e1909be58bb5b48ac
benchmark/results_seed16/lab4chain/ql_false/qtable_final_stereotypes_true_lab4chain.csv,15621e2aa17d96198330dc207722068ad4fb14249a288b46621b0e33ff5182fb
benchmark/results_seed16/lab4chain/ql_false/qtable_final_stereotypes_true_lab4chain_trust.csv,8b74a8b2125268f80f75eedc1abd409afe252eae534fb6d33fbc9db761089e9b
benchmark/results_seed16/lab4chain/ql_false/qtable_final_stereotypes_true_lab4chain_visits.csv,ead77a544038119a6104eedf1e6640798a74da9675107e5d33b8c25c7a45432f
benchmark/results_seed16/lab4chain/ql_false/qtable_final_stereotypes_true_lab4chain_zone1.csv,e8cc8565597eeac434788b5a239eb7c0325ed95339039f213b14d07823f69b25
benchmark/results_seed16/lab4chain/ql_false/qtable_final_stereotypes_true_lab4chain_zone2.csv,6f01f02671110923677ff57933d4ba13d67028140221d054fb4cc9652f0e3900
benchmark/results_seed16/lab4chain/ql_false/trace_bench_ql_false.jsonl,e3b0c44298fc1c149afbf4c8996fb92427ae41e4649b934ca495991b7852b855
benchmark/results_seed16/lab4chain/ql_true/bench_step_log_ql_true.csv,aef16646528ccfc300d669af8a2ef3e41f2c5dd9193ef4c3b606fc39419979cd
benchmark/results_seed16/lab4chain/ql_true/benchmark_results_ql_true.csv,058652934796deb8b150b1e3a04f57151adb0324d6e844805e875fab5191dd28
benchmark/results_seed16/lab4chain/ql_true/coverage_stereotypes_false_lab4chain.csv,e4f80cb34d62cf0284d79768747d0fd32648118c1c16e25dd54609235b8c5a19
benchmark/results_seed16/lab4chain/ql_true/coverage_stereotypes_true_lab4chain.csv,7ac1ab5fdf85de7351a68fff8dea6b9b50d2932025e8c21c9de74e0b300508e5
benchmark/results_seed16/lab4chain/ql_true/first_goal_stereotypes_false_lab4chain.csv,6abe06618706922ea9b74054f190116c5d1877d2b71fe5ef2b50d4abc8af7388
benchmark/results_seed16/lab4chain/ql_true/first_goal_stereotypes_true_lab4chain.csv,a09602c1dfa8c761307cb7cd7db7f8df69174b707ca7b63fc558f01f355c5989
benchmark/results_seed16/lab4chain/ql_true/iv_stats_stereotypes_false_lab4chain.json,3ba69f80e8832b6bd9c92c3856d1acc2e5d648384fe4c862ce2727692f26c6d9
benchmark/results_seed16/lab4chain/ql_true/iv_stats_stereotypes_true_lab4chain.json,3a2f9a75e41c1634805becbb6006313854e49f2835f55baa7cd02b95d1f7efee
benchmark/results_seed16/lab4chain/ql_true/learned_stereotypes_false_lab4chain.ttl,e6ef9dc0b0c166d5fcbe1205470eb3e86c059fad892a8369be039eebe6bc8301
benchmark/results_seed16/lab4chain/ql_true/learned_stereotypes_true_lab4chain.ttl,19861e80b00aff15876d1eeabb09efda7b675dac01f2633d6aa11cd16890e40d
benchmark/results_seed16/lab4chain/ql_true/metrics_stereotypes_false_lab4chain.csv,50376fd6cbdc15fdfac01bd408bf1e79ef9df8f1169dd106d06aeab4d2cc9564
benchmark/results_seed16/lab4chain/ql_true/metrics_stereotypes_true_lab4chain.csv,fb1549c0019acc630e0576eb5fb7a177942d47c043372c108a75ee73f47a3741
benchmark/results_seed16/lab4chain/ql_true/qtable_final_stereotypes_false_lab4chain.csv,c03eaa682f0d7f9706c510e68abd03328ce0b395f3bbf134e225cae7eea1e813
benchmark/results_seed16/lab4chain/ql_true/qtable_final_stereotypes_false_lab4chain_trust.csv,8b74a8b2125268f80f75eedc1abd409afe252eae534fb6d33fbc9db761089e9b
benchmark/results_seed16/lab4chain/ql_true/qtable_final_stereotypes_false_lab4chain_visits.csv,9fc5b9e926a587b5b82890efd9ead5ddb5ee71d53f921a09faa3f236b1b6a142
benchmark/results_seed16/lab4chain/ql_true/qtable_final_stereotypes_false_lab4chain_zone1.csv,a20c282459493942b2cd0b1c9b08aa6269d27388a2b31577ee98ab8329cb62f0
benchmark/results_seed16/lab4chain/ql_true/qtable_final_stereotypes_false_lab4chain_zone2.csv,327d1c8cdc26dbd81324d55fcc0e5e6118fb793907766a6e1909be58bb5b48ac
benchmark/results_seed16/lab4chain/ql_true/qtable_final_stereotypes_true_lab4chain.csv,15621e2aa17d96198330dc207722068ad4fb14249a288b46621b0e33ff5182fb
benchmark/results_seed16/lab4chain/ql_true/qtable_final_stereotypes_true_lab4chain_trust.csv,8b74a8b2125268f80f75eedc1abd409afe252eae534fb6d33fbc9db761089e9b
benchmark/results_seed16/lab4chain/ql_true/qtable_final_stereotypes_true_lab4chain_visits.csv,ead77a544038119a6104eedf1e6640798a74da9675107e5d33b8c25c7a45432f
benchmark/results_seed16/lab4chain/ql_true/qtable_final_stereotypes_true_lab4chain_zone1.csv,e8cc8565597eeac434788b5a239eb7c0325ed95339039f213b14d07823f69b25
benchmark/results_seed16/lab4chain/ql_true/qtable_final_stereotypes_true_lab4chain_zone2.csv,6f01f02671110923677ff57933d4ba13d67028140221d054fb4cc9652f0e3900
benchmark/results_seed16/lab4chain/ql_true/trace_bench_ql_true.jsonl,e3b0c44298fc1c149afbf4c8996fb92427ae41e4649b934ca495991b7852b855
benchmark/results_seed16/lab4chain/rule_based/bench_step_log_rule_based.csv,80c72f4e1cceb1e8d37ced41e08fdf772dce607596a4f6e207a0fb1080d0716a
benchmark/results_seed16/lab4chain/rule_based/benchmark_results_rule_based.csv,7da10bd4aa0886fdbdc043bd6e1130abd93a0217f6d91fdb56abe6d24e5b78db
benchmark/results_seed16/lab4chain/rule_based/coverage_stereotypes_false_lab4chain.csv,e4f80cb34d62cf0284d79768747d0fd32648118c1c16e25dd54609235b8c5a19
benchmark/results_seed16/lab4chain/rule_based/coverage_stereotypes_true_lab4chain.csv,7ac1ab5fdf85de7351a68fff8dea6b9b50d2932025e8c21c9de74e0b300508e5
benchmark/results_seed16/lab4chain/rule_based/first_goal_stereotypes_false_lab4chain.csv,6abe06618706922ea9b74054f190116c5d1877d2b71fe5ef2b50d4abc8af7388
benchmark/results_seed16/lab4chain/rule_based/first_goal_stereotypes_true_lab4chain.csv,a09602c1dfa8c761307cb7cd7db7f8df69174b707ca7b63fc558f01f355c5989
benchmark/results_seed16/lab4chain/rule_based/iv_stats_stereotypes_false_lab4chain.json,3ba69f80e8832b6bd9c92c3856d1acc2e5d648384fe4c862ce2727692f26c6d9
benchmark/results_seed16/lab4chain/rule_based/iv_stats_stereotypes_true_lab4chain.json,3a2f9a75e41c1634805becbb6006313854e49f2835f55baa7cd02b95d1f7efee
benchmark/results_seed16/lab4chain/rule_based/learned_stereotypes_false_lab4chain.ttl,e6ef9dc0b0c166d5fcbe1205470eb3e86c059fad892a8369be039eebe6bc8301
benchmark/results_seed16/lab4chain/rule_based/learned_stereotypes_true_lab4chain.ttl,19861e80b00aff15876d1eeabb09efda7b675dac01f2633d6aa11cd16890e40d
benchmark/results_seed16/lab4chain/rule_based/metrics_stereotypes_false_lab4chain.csv,50376fd6cbdc15fdfac01bd408bf1e79ef9df8f1169dd106d06aeab4d2cc9564
benchmark/results_seed16/lab4chain/rule_based/metrics_stereotypes_true_lab4chain.csv,fb1549c0019acc630e0576eb5fb7a177942d47c043372c108a75ee73f47a3741
benchmark/results_seed16/lab4chain/rule_based/qtable_final_stereotypes_false_lab4chain.csv,c03eaa682f0d7f9706c510e68abd03328ce0b395f3bbf134e225cae7eea1e813
benchmark/results_seed16/lab4chain/rule_based/qtable_final_stereotypes_false_lab4chain_trust.csv,8b74a8b2125268f80f75eedc1abd409afe252eae534fb6d33fbc9db761089e9b
benchmark/results_seed16/lab4chain/rule_based/qtable_final_stereotypes_false_lab4chain_visits.csv,9fc5b9e926a587b5b82890efd9ead5ddb5ee71d53f921a09faa3f236b1b6a142
benchmark/results_seed16/lab4chain/rule_based/qtable_final_stereotypes_false_lab4chain_zone1.csv,a20c282459493942b2cd0b1c9b08aa6269d27388a2b31577ee98ab8329cb62f0
benchmark/results_seed16/lab4chain/rule_based/qtable_final_stereotypes_false_lab4chain_zone2.csv,327d1c8cdc26dbd81324d55fcc0e5e6118fb793907766a6e1909be58bb5b48ac
benchmark/results_seed16/lab4chain/rule_based/qtable_final_stereotypes_true_lab4chain.csv,15621e2aa17d96198330dc207722068ad4fb14249a288b46621b0e33ff5182fb
benchmark/results_seed16/lab4chain/rule_based/qtable_final_stereotypes_true_lab4chain_trust.csv,8b74a8b2125268f80f75eedc1abd409afe252eae534fb6d33fbc9db761089e9b
benchmark/results_seed16/lab4chain/rule_based/qtable_final_stereotypes_true_lab4chain_visits.csv,ead77a544038119a6104eedf1e6640798a74da9675107e5d33b8c25c7a45432f
benchmark/results_seed16/lab4chain/rule_based/qtable_final_stereotypes_true_lab4chain_zone1.csv,e8cc8565597eeac434788b5a239eb7c0325ed95339039f213b14d07823f69b25
benchmark/results_seed16/lab4chain/rule_based/qtable_final_stereotypes_true_lab4chain_zone2.csv,6f01f02671110923677ff57933d4ba13d67028140221d054fb4cc9652f0e3900
benchmark/results_seed16/lab4chain/training_stereo_false/coverage_stereotypes_false_lab4chain.csv,e4f80cb34d62cf0284d79768747d0fd32648118c1c16e25dd54609235b8c5a19
benchmark/results_seed16/lab4chain/training_stereo_false/first_goal_stereotypes_false_lab4chain.csv,6abe06618706922ea9b74054f190116c5d1877d2b71fe5ef2b50d4abc8af7388
benchmark/results_seed16/lab4chain/training_stereo_false/iv_stats_stereotypes_false_lab4chain.json,3ba69f80e8832b6bd9c92c3856d1acc2e5d648384fe4c862ce2727692f26c6d9
benchmark/results_seed16/lab4chain/training_stereo_false/learned_stereotypes_false_lab4chain.ttl,e6ef9dc0b0c166d5fcbe1205470eb3e86c059fad892a8369be039eebe6bc8301
benchmark/results_seed16/lab4chain/training_stereo_false/metrics_stereotypes_false_lab4chain.csv,50376fd6cbdc15fdfac01bd408bf1e79ef9df8f1169dd106d06aeab4d2cc9564
benchmark/results_seed16/lab4chain/training_stereo_false/qtable_final_stereotypes_false_lab4chain.csv,c03eaa682f0d7f9706c510e68abd03328ce0b395f3bbf134e225cae7eea1e813
benchmark/results_seed16/lab4chain/training_stereo_false/qtable_initial_stereotypes_false_lab4chain.csv,8e651424be7fc1e8f08b3ca8d4f82f240e9f7fc9a9db7c05f461ed8ca6c14a18
benchmark/results_seed16/lab4chain/training_stereo_false/TRAINING_OK.json,afb62e8b1fb73c4fe494553f6ae8a37b1a9e171d70fc6c520b7bb58560bd5b9b
benchmark/results_seed16/lab4chain/training_stereo_true/coverage_stereotypes_true_lab4chain.csv,7ac1ab5fdf85de7351a68fff8dea6b9b50d2932025e8c21c9de74e0b300508e5
benchmark/results_seed16/lab4chain/training_stereo_true/first_goal_stereotypes_true_lab4chain.csv,a09602c1dfa8c761307cb7cd7db7f8df69174b707ca7b63fc558f01f355c5989
benchmark/results_seed16/lab4chain/training_stereo_true/iv_stats_stereotypes_true_lab4chain.json,3a2f9a75e41c1634805becbb6006313854e49f2835f55baa7cd02b95d1f7efee
benchmark/results_seed16/lab4chain/training_stereo_true/learned_stereotypes_true_lab4chain.ttl,19861e80b00aff15876d1eeabb09efda7b675dac01f2633d6aa11cd16890e40d
benchmark/results_seed16/lab4chain/training_stereo_true/metrics_stereotypes_true_lab4chain.csv,fb1549c0019acc630e0576eb5fb7a177942d47c043372c108a75ee73f47a3741
benchmark/results_seed16/lab4chain/training_stereo_true/qtable_final_stereotypes_true_lab4chain.csv,15621e2aa17d96198330dc207722068ad4fb14249a288b46621b0e33ff5182fb
benchmark/results_seed16/lab4chain/training_stereo_true/qtable_initial_stereotypes_true_lab4chain.csv,be569de97d95f95e9c344cdc3dd3e7846339ceb11bca6d874c399574155d2283
benchmark/results_seed16/lab4chain/training_stereo_true/TRAINING_OK.json,8192624017ad427ae7bcdb5015a72d61dae45b34557e027607dd76938a6837e7
benchmark/results_seed16/lab4dual/ql_false/bench_step_log_ql_false.csv,e5b53778205263e7828575859a2bd1b5e24d67e27c581b0007c05c6a1bc214aa
benchmark/results_seed16/lab4dual/ql_false/benchmark_results_ql_false.csv,b2531cd4039c0bdb2a07254b1c754243b574bf10f7222033c908542b44a9db40
benchmark/results_seed16/lab4dual/ql_false/coverage_stereotypes_false_lab4dual.csv,b1cf19065c946da2574894e07cbc67215b148e5e2ca7d86a1d5b3256f46b68db
benchmark/results_seed16/lab4dual/ql_false/coverage_stereotypes_true_lab4dual.csv,d4e17ba5aef788398529a652a92736b5a1f61182bff12d399f96c3f70f8fbdb1
benchmark/results_seed16/lab4dual/ql_false/first_goal_stereotypes_false_lab4dual.csv,a4d7235c4355f88dec1e8e246ed41c06a47af1967338b24146fe5f58c2e9c047
benchmark/results_seed16/lab4dual/ql_false/first_goal_stereotypes_true_lab4dual.csv,a09602c1dfa8c761307cb7cd7db7f8df69174b707ca7b63fc558f01f355c5989
benchmark/results_seed16/lab4dual/ql_false/iv_stats_stereotypes_false_lab4dual.json,f9cbc5b1bd2aaf046ad8e029bace5c7fabc72572909166f8e8bb5d60fc02752f
benchmark/results_seed16/lab4dual/ql_false/iv_stats_stereotypes_true_lab4dual.json,1d8f96f24cfabd8dccee63b50af11d888320f24d9643346a4adea32b0765cfb2
benchmark/results_seed16/lab4dual/ql_false/learned_stereotypes_false_lab4dual.ttl,ce2bdf336609dde12e685c915c80457f6f3acf0ba8a6bf963c146a55eb8483df
benchmark/results_seed16/lab4dual/ql_false/learned_stereotypes_true_lab4dual.ttl,b53281a0fed7b6e1fd22b3b7b264ff6a29b2834bd775731143ee61b59c76e9bb
benchmark/results_seed16/lab4dual/ql_false/metrics_stereotypes_false_lab4dual.csv,6de6d721ac7a85f3e69b1d44c992e4d2e05dd16115505c5a0ea0bfcaf756f876
benchmark/results_seed16/lab4dual/ql_false/metrics_stereotypes_true_lab4dual.csv,05e20b3b8fce539506542d06ce3deda7bd7921ed7ed26ada2fdea207f7bd4e8f
benchmark/results_seed16/lab4dual/ql_false/qtable_final_stereotypes_false_lab4dual.csv,135129a2eb6632ba06b59f2600d0774aa94c730b39879659009dd4edcef8554c
benchmark/results_seed16/lab4dual/ql_false/qtable_final_stereotypes_false_lab4dual_trust.csv,8b74a8b2125268f80f75eedc1abd409afe252eae534fb6d33fbc9db761089e9b
benchmark/results_seed16/lab4dual/ql_false/qtable_final_stereotypes_false_lab4dual_visits.csv,809ae2c4db6346ea40210a65ea38733a16313b2a0b070a2c50da2d082db9e8e2
benchmark/results_seed16/lab4dual/ql_false/qtable_final_stereotypes_false_lab4dual_zone1.csv,4eb5e5964827113db9f79508972c2b7f10d15a573f92292612b5b38e341dfcbd
benchmark/results_seed16/lab4dual/ql_false/qtable_final_stereotypes_false_lab4dual_zone2.csv,02263239490547cf802880120acefe88aa48ee0730a5bc1437c80f4d42b82b67
benchmark/results_seed16/lab4dual/ql_false/qtable_final_stereotypes_true_lab4dual.csv,294c592061ad7cef03993743f2ca5361c28ef3f1e84680464f2e41408c5644f2
benchmark/results_seed16/lab4dual/ql_false/qtable_final_stereotypes_true_lab4dual_trust.csv,8b74a8b2125268f80f75eedc1abd409afe252eae534fb6d33fbc9db761089e9b
benchmark/results_seed16/lab4dual/ql_false/qtable_final_stereotypes_true_lab4dual_visits.csv,854575e37a7a7d7b15e5673ac5b0e92afa1b81283758e1b9aae618d8b07e9ddd
benchmark/results_seed16/lab4dual/ql_false/qtable_final_stereotypes_true_lab4dual_zone1.csv,6ea2f4371d2ed39e082d0b90805f871d9a2c212f1696a065836a1fcad154c6e7
benchmark/results_seed16/lab4dual/ql_false/qtable_final_stereotypes_true_lab4dual_zone2.csv,a77e96145a718bfc95d4774bd4272d1db7fc42d620e4e6f03f70a1560cca10c9
benchmark/results_seed16/lab4dual/ql_false/trace_bench_ql_false.jsonl,e3b0c44298fc1c149afbf4c8996fb92427ae41e4649b934ca495991b7852b855
benchmark/results_seed16/lab4dual/ql_true/bench_step_log_ql_true.csv,e1a28276c35c0986f4852607b269dc35f517077708c4766cb655dcd3e3999f35
benchmark/results_seed16/lab4dual/ql_true/benchmark_results_ql_true.csv,fb382986c910594954af6e328c573a39bf47ca5a868f1ac2cb92a18a116165f6
benchmark/results_seed16/lab4dual/ql_true/coverage_stereotypes_false_lab4dual.csv,b1cf19065c946da2574894e07cbc67215b148e5e2ca7d86a1d5b3256f46b68db
benchmark/results_seed16/lab4dual/ql_true/coverage_stereotypes_true_lab4dual.csv,d4e17ba5aef788398529a652a92736b5a1f61182bff12d399f96c3f70f8fbdb1
benchmark/results_seed16/lab4dual/ql_true/first_goal_stereotypes_false_lab4dual.csv,a4d7235c4355f88dec1e8e246ed41c06a47af1967338b24146fe5f58c2e9c047
benchmark/results_seed16/lab4dual/ql_true/first_goal_stereotypes_true_lab4dual.csv,a09602c1dfa8c761307cb7cd7db7f8df69174b707ca7b63fc558f01f355c5989
benchmark/results_seed16/lab4dual/ql_true/iv_stats_stereotypes_false_lab4dual.json,f9cbc5b1bd2aaf046ad8e029bace5c7fabc72572909166f8e8bb5d60fc02752f
benchmark/results_seed16/lab4dual/ql_true/iv_stats_stereotypes_true_lab4dual.json,1d8f96f24cfabd8dccee63b50af11d888320f24d9643346a4adea32b0765cfb2
benchmark/results_seed16/lab4dual/ql_true/learned_stereotypes_false_lab4dual.ttl,ce2bdf336609dde12e685c915c80457f6f3acf0ba8a6bf963c146a55eb8483df
benchmark/results_seed16/lab4dual/ql_true/learned_stereotypes_true_lab4dual.ttl,b53281a0fed7b6e1fd22b3b7b264ff6a29b2834bd775731143ee61b59c76e9bb
benchmark/results_seed16/lab4dual/ql_true/metrics_stereotypes_false_lab4dual.csv,6de6d721ac7a85f3e69b1d44c992e4d2e05dd16115505c5a0ea0bfcaf756f876
benchmark/results_seed16/lab4dual/ql_true/metrics_stereotypes_true_lab4dual.csv,05e20b3b8fce539506542d06ce3deda7bd7921ed7ed26ada2fdea207f7bd4e8f
benchmark/results_seed16/lab4dual/ql_true/qtable_final_stereotypes_false_lab4dual.csv,135129a2eb6632ba06b59f2600d0774aa94c730b39879659009dd4edcef8554c
benchmark/results_seed16/lab4dual/ql_true/qtable_final_stereotypes_false_lab4dual_trust.csv,8b74a8b2125268f80f75eedc1abd409afe252eae534fb6d33fbc9db761089e9b
benchmark/results_seed16/lab4dual/ql_true/qtable_final_stereotypes_false_lab4dual_visits.csv,809ae2c4db6346ea40210a65ea38733a16313b2a0b070a2c50da2d082db9e8e2
benchmark/results_seed16/lab4dual/ql_true/qtable_final_stereotypes_false_lab4dual_zone1.csv,4eb5e5964827113db9f79508972c2b7f10d15a573f92292612b5b38e341dfcbd
benchmark/results_seed16/lab4dual/ql_true/qtable_final_stereotypes_false_lab4dual_zone2.csv,02263239490547cf802880120acefe88aa48ee0730a5bc1437c80f4d42b82b67
benchmark/results_seed16/lab4dual/ql_true/qtable_final_stereotypes_true_lab4dual.csv,294c592061ad7cef03993743f2ca5361c28ef3f1e84680464f2e41408c5644f2
benchmark/results_seed16/lab4dual/ql_true/qtable_final_stereotypes_true_lab4dual_trust.csv,8b74a8b2125268f80f75eedc1abd409afe252eae534fb6d33fbc9db761089e9b
benchmark/results_seed16/lab4dual/ql_true/qtable_final_stereotypes_true_lab4dual_visits.csv,854575e37a7a7d7b15e5673ac5b0e92afa1b81283758e1b9aae618d8b07e9ddd
benchmark/results_seed16/lab4dual/ql_true/qtable_final_stereotypes_true_lab4dual_zone1.csv,6ea2f4371d2ed39e082d0b90805f871d9a2c212f1696a065836a1fcad154c6e7
benchmark/results_seed16/lab4dual/ql_true/qtable_final_stereotypes_true_lab4dual_zone2.csv,a77e96145a718bfc95d4774bd4272d1db7fc42d620e4e6f03f70a1560cca10c9
benchmark/results_seed16/lab4dual/ql_true/trace_bench_ql_true.jsonl,e3b0c44298fc1c149afbf4c8996fb92427ae41e4649b934ca495991b7852b855
benchmark/results_seed16/lab4dual/rule_based/bench_step_log_rule_based.csv,7bde9a71d15f8b7167398dfa5926ffbd85d5a7fc6c797150340006ad16070521
benchmark/results_seed16/lab4dual/rule_based/benchmark_results_rule_based.csv,28f26af10187e5fabbb708a5b72630dd90ee4390855f006a1b52f7aaaba18805
benchmark/results_seed16/lab4dual/rule_based/coverage_stereotypes_false_lab4dual.csv,b1cf19065c946da2574894e07cbc67215b148e5e2ca7d86a1d5b3256f46b68db
benchmark/results_seed16/lab4dual/rule_based/coverage_stereotypes_true_lab4dual.csv,d4e17ba5aef788398529a652a92736b5a1f61182bff12d399f96c3f70f8fbdb1
benchmark/results_seed16/lab4dual/rule_based/first_goal_stereotypes_false_lab4dual.csv,a4d7235c4355f88dec1e8e246ed41c06a47af1967338b24146fe5f58c2e9c047
benchmark/results_seed16/lab4dual/rule_based/first_goal_stereotypes_true_lab4dual.csv,a09602c1dfa8c761307cb7cd7db7f8df69174b707ca7b63fc558f01f355c5989
benchmark/results_seed16/lab4dual/rule_based/iv_stats_stereotypes_false_lab4dual.json,f9cbc5b1bd2aaf046ad8e029bace5c7fabc72572909166f8e8bb5d60fc02752f
benchmark/results_seed16/lab4dual/rule_based/iv_stats_stereotypes_true_lab4dual.json,1d8f96f24cfabd8dccee63b50af11d888320f24d9643346a4adea32b0765cfb2
benchmark/results_seed16/lab4dual/rule_based/learned_stereotypes_false_lab4dual.ttl,ce2bdf336609dde12e685c915c80457f6f3acf0ba8a6bf963c146a55eb8483df
benchmark/results_seed16/lab4dual/rule_based/learned_stereotypes_true_lab4dual.ttl,b53281a0fed7b6e1fd22b3b7b264ff6a29b2834bd775731143ee61b59c76e9bb
benchmark/results_seed16/lab4dual/rule_based/metrics_stereotypes_false_lab4dual.csv,6de6d721ac7a85f3e69b1d44c992e4d2e05dd16115505c5a0ea0bfcaf756f876
benchmark/results_seed16/lab4dual/rule_based/metrics_stereotypes_true_lab4dual.csv,05e20b3b8fce539506542d06ce3deda7bd7921ed7ed26ada2fdea207f7bd4e8f
benchmark/results_seed16/lab4dual/rule_based/qtable_final_stereotypes_false_lab4dual.csv,135129a2eb6632ba06b59f2600d0774aa94c730b39879659009dd4edcef8554c
benchmark/results_seed16/lab4dual/rule_based/qtable_final_stereotypes_false_lab4dual_trust.csv,8b74a8b2125268f80f75eedc1abd409afe252eae534fb6d33fbc9db761089e9b
benchmark/results_seed16/lab4dual/rule_based/qtable_final_stereotypes_false_lab4dual_visits.csv,809ae2c4db6346ea40210a65ea38733a16313b2a0b070a2c50da2d082db9e8e2
benchmark/results_seed16/lab4dual/rule_based/qtable_final_stereotypes_false_lab4dual_zone1.csv,4eb5e5964827113db9f79508972c2b7f10d15a573f92292612b5b38e341dfcbd
benchmark/results_seed16/lab4dual/rule_based/qtable_final_stereotypes_false_lab4dual_zone2.csv,02263239490547cf802880120acefe88aa48ee0730a5bc1437c80f4d42b82b67
benchmark/results_seed16/lab4dual/rule_based/qtable_final_stereotypes_true_lab4dual.csv,294c592061ad7cef03993743f2ca5361c28ef3f1e84680464f2e41408c5644f2
benchmark/results_seed16/lab4dual/rule_based/qtable_final_stereotypes_true_lab4dual_trust.csv,8b74a8b2125268f80f75eedc1abd409afe252eae534fb6d33fbc9db761089e9b
benchmark/results_seed16/lab4dual/rule_based/qtable_final_stereotypes_true_lab4dual_visits.csv,854575e37a7a7d7b15e5673ac5b0e92afa1b81283758e1b9aae618d8b07e9ddd
benchmark/results_seed16/lab4dual/rule_based/qtable_final_stereotypes_true_lab4dual_zone1.csv,6ea2f4371d2ed39e082d0b90805f871d9a2c212f1696a065836a1fcad154c6e7
benchmark/results_seed16/lab4dual/rule_based/qtable_final_stereotypes_true_lab4dual_zone2.csv,a77e96145a718bfc95d4774bd4272d1db7fc42d620e4e6f03f70a1560cca10c9
benchmark/results_seed16/lab4dual/training_stereo_false/coverage_stereotypes_false_lab4dual.csv,b1cf19065c946da2574894e07cbc67215b148e5e2ca7d86a1d5b3256f46b68db
benchmark/results_seed16/lab4dual/training_stereo_false/first_goal_stereotypes_false_lab4dual.csv,a4d7235c4355f88dec1e8e246ed41c06a47af1967338b24146fe5f58c2e9c047
benchmark/results_seed16/lab4dual/training_stereo_false/iv_stats_stereotypes_false_lab4dual.json,f9cbc5b1bd2aaf046ad8e029bace5c7fabc72572909166f8e8bb5d60fc02752f
benchmark/results_seed16/lab4dual/training_stereo_false/learned_stereotypes_false_lab4dual.ttl,ce2bdf336609dde12e685c915c80457f6f3acf0ba8a6bf963c146a55eb8483df
benchmark/results_seed16/lab4dual/training_stereo_false/metrics_stereotypes_false_lab4dual.csv,6de6d721ac7a85f3e69b1d44c992e4d2e05dd16115505c5a0ea0bfcaf756f876
benchmark/results_seed16/lab4dual/training_stereo_false/qtable_final_stereotypes_false_lab4dual.csv,135129a2eb6632ba06b59f2600d0774aa94c730b39879659009dd4edcef8554c
benchmark/results_seed16/lab4dual/training_stereo_false/qtable_initial_stereotypes_false_lab4dual.csv,76c7e1200a5c817c641f0fac6077a813d29a7731ea5b7ca36b5152359bf32840
benchmark/results_seed16/lab4dual/training_stereo_false/TRAINING_OK.json,e2cb10e9cdc9a2483667432bddf9e8e4c1d65c725339f5a6367df824fe34402f
benchmark/results_seed16/lab4dual/training_stereo_true/coverage_stereotypes_true_lab4dual.csv,d4e17ba5aef788398529a652a92736b5a1f61182bff12d399f96c3f70f8fbdb1
benchmark/results_seed16/lab4dual/training_stereo_true/first_goal_stereotypes_true_lab4dual.csv,a09602c1dfa8c761307cb7cd7db7f8df69174b707ca7b63fc558f01f355c5989
benchmark/results_seed16/lab4dual/training_stereo_true/iv_stats_stereotypes_true_lab4dual.json,1d8f96f24cfabd8dccee63b50af11d888320f24d9643346a4adea32b0765cfb2
benchmark/results_seed16/lab4dual/training_stereo_true/learned_stereotypes_true_lab4dual.ttl,b53281a0fed7b6e1fd22b3b7b264ff6a29b2834bd775731143ee61b59c76e9bb
benchmark/results_seed16/lab4dual/training_stereo_true/metrics_stereotypes_true_lab4dual.csv,05e20b3b8fce539506542d06ce3deda7bd7921ed7ed26ada2fdea207f7bd4e8f
benchmark/results_seed16/lab4dual/training_stereo_true/qtable_final_stereotypes_true_lab4dual.csv,294c592061ad7cef03993743f2ca5361c28ef3f1e84680464f2e41408c5644f2
benchmark/results_seed16/lab4dual/training_stereo_true/qtable_initial_stereotypes_true_lab4dual.csv,0ac9c51af98a5d238d35312958e4ef0068172106b0f793b4ec6e1d534e574776
benchmark/results_seed16/lab4dual/training_stereo_true/TRAINING_OK.json,4d361849cfd650b1dbd0346a9b3bee63de141cc7674d3a363984b6f1e043d3e0
benchmark/results_seed16/lab5/ql_false/bench_step_log_ql_false.csv,0e1dd072f80099aa29c4adb12989107617baeb3e829541cd2f4aea0603990d59
benchmark/results_seed16/lab5/ql_false/benchmark_results_ql_false.csv,8b880e3599ccb19be43f428a9a9f37d25af1d2f72b5e008c86efd612c7b45759
benchmark/results_seed16/lab5/ql_false/coverage_stereotypes_false_lab5.csv,d27fbd5241cf64a351ab102059ae0cb9ea706e5fe769c5232f66201d5bcf3198
benchmark/results_seed16/lab5/ql_false/coverage_stereotypes_true_lab5.csv,0f1f4469228dfa0238005c728b9b1a8a6d23f9cf0c87add7d7586cdfd88c7261
benchmark/results_seed16/lab5/ql_false/first_goal_stereotypes_false_lab5.csv,3bf0baf3e91d8b35d3600ee000b428d04b82056fbfebab7ef1109e6676f69d50
benchmark/results_seed16/lab5/ql_false/first_goal_stereotypes_true_lab5.csv,a09602c1dfa8c761307cb7cd7db7f8df69174b707ca7b63fc558f01f355c5989
benchmark/results_seed16/lab5/ql_false/iv_stats_stereotypes_false_lab5.json,b14aaac7bf6eea633b5a57267888d4e4dedcda4c0314cc6076a57252986e5228
benchmark/results_seed16/lab5/ql_false/iv_stats_stereotypes_true_lab5.json,bf1945aded346e0663430a8bef88465364fb7ebe93be57d344a7a2d2f492d11f
benchmark/results_seed16/lab5/ql_false/learned_stereotypes_false_lab5.ttl,ecae9085f3f39770ca5483d090bad11665cd0a4a484a03b9fc93f4b1a93f0fd1
benchmark/results_seed16/lab5/ql_false/learned_stereotypes_true_lab5.ttl,54568feea5a018470473cdfa8a4061c5e5480bbbf7533701d6a3c13fc3ec2094
benchmark/results_seed16/lab5/ql_false/metrics_stereotypes_false_lab5.csv,fd6ae97a08e2b92c96da0f377a18afd979f6dda3756aeb839b4d31db4233e03c
benchmark/results_seed16/lab5/ql_false/metrics_stereotypes_true_lab5.csv,0fbe143d5276895c847ce35c36399be7077ebe5b1924ab2f3c7774fb2fdc9458
benchmark/results_seed16/lab5/ql_false/qtable_final_stereotypes_false_lab5.csv,6fe2865a603059b0cc98b0f26e69b5ba2f18a7374cc83f8e1ed59f2bbf381427
benchmark/results_seed16/lab5/ql_false/qtable_final_stereotypes_false_lab5_trust.csv,8b74a8b2125268f80f75eedc1abd409afe252eae534fb6d33fbc9db761089e9b
benchmark/results_seed16/lab5/ql_false/qtable_final_stereotypes_false_lab5_visits.csv,02573dd4344825a208474d91e0224c88829f4d607f82217800a25545b7023f91
benchmark/results_seed16/lab5/ql_false/qtable_final_stereotypes_false_lab5_zone1.csv,3333e38a91d49f213d6d6f449ccea0b9b4754322baae9120793a2a51eab37bdb
benchmark/results_seed16/lab5/ql_false/qtable_final_stereotypes_false_lab5_zone2.csv,c2b204e199271e1f92988ac9a9a010c098f9d928e7a91b1bd1c6184f2fc3062e
benchmark/results_seed16/lab5/ql_false/qtable_final_stereotypes_true_lab5.csv,65d6e349a602a067495ca24a38a086b428c8d03194aa0e213d59350e0e09e275
benchmark/results_seed16/lab5/ql_false/qtable_final_stereotypes_true_lab5_trust.csv,8b74a8b2125268f80f75eedc1abd409afe252eae534fb6d33fbc9db761089e9b
benchmark/results_seed16/lab5/ql_false/qtable_final_stereotypes_true_lab5_visits.csv,119a509f3bfc36269e411efa773d2f915cab1763dc7d9aaed43f89d94b7ad5f1
benchmark/results_seed16/lab5/ql_false/qtable_final_stereotypes_true_lab5_zone1.csv,3afcd71bbd60dd1c0d645ed91576e66268eeb57a13cd11139ad3b9875ce0c739
benchmark/results_seed16/lab5/ql_false/qtable_final_stereotypes_true_lab5_zone2.csv,8332d923d11ed6f38d63c1a7bee46280b22c5eeb9e842ba9798b7ef4e53cac04
benchmark/results_seed16/lab5/ql_false/trace_bench_ql_false.jsonl,e3b0c44298fc1c149afbf4c8996fb92427ae41e4649b934ca495991b7852b855
benchmark/results_seed16/lab5/ql_true/bench_step_log_ql_true.csv,63c6f601fa8820361dce791a712cf4354b954f1bce3a8e87f6682d400e263a82
benchmark/results_seed16/lab5/ql_true/benchmark_results_ql_true.csv,f8c192acf70007c81db1c5803e09f8083d91e1ce96929265cf077f76ceb5af7d
benchmark/results_seed16/lab5/ql_true/coverage_stereotypes_false_lab5.csv,d27fbd5241cf64a351ab102059ae0cb9ea706e5fe769c5232f66201d5bcf3198
benchmark/results_seed16/lab5/ql_true/coverage_stereotypes_true_lab5.csv,0f1f4469228dfa0238005c728b9b1a8a6d23f9cf0c87add7d7586cdfd88c7261
benchmark/results_seed16/lab5/ql_true/first_goal_stereotypes_false_lab5.csv,3bf0baf3e91d8b35d3600ee000b428d04b82056fbfebab7ef1109e6676f69d50
benchmark/results_seed16/lab5/ql_true/first_goal_stereotypes_true_lab5.csv,a09602c1dfa8c761307cb7cd7db7f8df69174b707ca7b63fc558f01f355c5989
benchmark/results_seed16/lab5/ql_true/iv_stats_stereotypes_false_lab5.json,b14aaac7bf6eea633b5a57267888d4e4dedcda4c0314cc6076a57252986e5228
benchmark/results_seed16/lab5/ql_true/iv_stats_stereotypes_true_lab5.json,bf1945aded346e0663430a8bef88465364fb7ebe93be57d344a7a2d2f492d11f
benchmark/results_seed16/lab5/ql_true/learned_stereotypes_false_lab5.ttl,ecae9085f3f39770ca5483d090bad11665cd0a4a484a03b9fc93f4b1a93f0fd1
benchmark/results_seed16/lab5/ql_true/learned_stereotypes_true_lab5.ttl,54568feea5a018470473cdfa8a4061c5e5480bbbf7533701d6a3c13fc3ec2094
benchmark/results_seed16/lab5/ql_true/metrics_stereotypes_false_lab5.csv,fd6ae97a08e2b92c96da0f377a18afd979f6dda3756aeb839b4d31db4233e03c
benchmark/results_seed16/lab5/ql_true/metrics_stereotypes_true_lab5.csv,0fbe143d5276895c847ce35c36399be7077ebe5b1924ab2f3c7774fb2fdc9458
benchmark/results_seed16/lab5/ql_true/qtable_final_stereotypes_false_lab5.csv,6fe2865a603059b0cc98b0f26e69b5ba2f18a7374cc83f8e1ed59f2bbf381427
benchmark/results_seed16/lab5/ql_true/qtable_final_stereotypes_false_lab5_trust.csv,8b74a8b2125268f80f75eedc1abd409afe252eae534fb6d33fbc9db761089e9b
benchmark/results_seed16/lab5/ql_true/qtable_final_stereotypes_false_lab5_visits.csv,02573dd4344825a208474d91e0224c88829f4d607f82217800a25545b7023f91
benchmark/results_seed16/lab5/ql_true/qtable_final_stereotypes_false_lab5_zone1.csv,3333e38a91d49f213d6d6f449ccea0b9b4754322baae9120793a2a51eab37bdb
benchmark/results_seed16/lab5/ql_true/qtable_final_stereotypes_false_lab5_zone2.csv,c2b204e199271e1f92988ac9a9a010c098f9d928e7a91b1bd1c6184f2fc3062e
benchmark/results_seed16/lab5/ql_true/qtable_final_stereotypes_true_lab5.csv,65d6e349a602a067495ca24a38a086b428c8d03194aa0e213d59350e0e09e275
benchmark/results_seed16/lab5/ql_true/qtable_final_stereotypes_true_lab5_trust.csv,8b74a8b2125268f80f75eedc1abd409afe252eae534fb6d33fbc9db761089e9b
benchmark/results_seed16/lab5/ql_true/qtable_final_stereotypes_true_lab5_visits.csv,119a509f3bfc36269e411efa773d2f915cab1763dc7d9aaed43f89d94b7ad5f1
benchmark/results_seed16/lab5/ql_true/qtable_final_stereotypes_true_lab5_zone1.csv,3afcd71bbd60dd1c0d645ed91576e66268eeb57a13cd11139ad3b9875ce0c739
benchmark/results_seed16/lab5/ql_true/qtable_final_stereotypes_true_lab5_zone2.csv,8332d923d11ed6f38d63c1a7bee46280b22c5eeb9e842ba9798b7ef4e53cac04
benchmark/results_seed16/lab5/ql_true/trace_bench_ql_true.jsonl,e3b0c44298fc1c149afbf4c8996fb92427ae41e4649b934ca495991b7852b855
benchmark/results_seed16/lab5/rule_based/bench_step_log_rule_based.csv,210ad2ed6784542e570d6acc3d2f49d7571b0eb50fcc22e5a336aa3356498cea
benchmark/results_seed16/lab5/rule_based/benchmark_results_rule_based.csv,1421898a3c7d63cdfcde5332c0e9f292fceb1c6af56591771864199df8e07b33
benchmark/results_seed16/lab5/rule_based/coverage_stereotypes_false_lab5.csv,d27fbd5241cf64a351ab102059ae0cb9ea706e5fe769c5232f66201d5bcf3198
benchmark/results_seed16/lab5/rule_based/coverage_stereotypes_true_lab5.csv,0f1f4469228dfa0238005c728b9b1a8a6d23f9cf0c87add7d7586cdfd88c7261
benchmark/results_seed16/lab5/rule_based/first_goal_stereotypes_false_lab5.csv,3bf0baf3e91d8b35d3600ee000b428d04b82056fbfebab7ef1109e6676f69d50
benchmark/results_seed16/lab5/rule_based/first_goal_stereotypes_true_lab5.csv,a09602c1dfa8c761307cb7cd7db7f8df69174b707ca7b63fc558f01f355c5989
benchmark/results_seed16/lab5/rule_based/iv_stats_stereotypes_false_lab5.json,b14aaac7bf6eea633b5a57267888d4e4dedcda4c0314cc6076a57252986e5228
benchmark/results_seed16/lab5/rule_based/iv_stats_stereotypes_true_lab5.json,bf1945aded346e0663430a8bef88465364fb7ebe93be57d344a7a2d2f492d11f
benchmark/results_seed16/lab5/rule_based/learned_stereotypes_false_lab5.ttl,ecae9085f3f39770ca5483d090bad11665cd0a4a484a03b9fc93f4b1a93f0fd1
benchmark/results_seed16/lab5/rule_based/learned_stereotypes_true_lab5.ttl,54568feea5a018470473cdfa8a4061c5e5480bbbf7533701d6a3c13fc3ec2094
benchmark/results_seed16/lab5/rule_based/metrics_stereotypes_false_lab5.csv,fd6ae97a08e2b92c96da0f377a18afd979f6dda3756aeb839b4d31db4233e03c
benchmark/results_seed16/lab5/rule_based/metrics_stereotypes_true_lab5.csv,0fbe143d5276895c847ce35c36399be7077ebe5b1924ab2f3c7774fb2fdc9458
benchmark/results_seed16/lab5/rule_based/qtable_final_stereotypes_false_lab5.csv,6fe2865a603059b0cc98b0f26e69b5ba2f18a7374cc83f8e1ed59f2bbf381427
benchmark/results_seed16/lab5/rule_based/qtable_final_stereotypes_false_lab5_trust.csv,8b74a8b2125268f80f75eedc1abd409afe252eae534fb6d33fbc9db761089e9b
benchmark/results_seed16/lab5/rule_based/qtable_final_stereotypes_false_lab5_visits.csv,02573dd4344825a208474d91e0224c88829f4d607f82217800a25545b7023f91
benchmark/results_seed16/lab5/rule_based/qtable_final_stereotypes_false_lab5_zone1.csv,3333e38a91d49f213d6d6f449ccea0b9b4754322baae9120793a2a51eab37bdb
benchmark/results_seed16/lab5/rule_based/qtable_final_stereotypes_false_lab5_zone2.csv,c2b204e199271e1f92988ac9a9a010c098f9d928e7a91b1bd1c6184f2fc3062e
benchmark/results_seed16/lab5/rule_based/qtable_final_stereotypes_true_lab5.csv,65d6e349a602a067495ca24a38a086b428c8d03194aa0e213d59350e0e09e275
benchmark/results_seed16/lab5/rule_based/qtable_final_stereotypes_true_lab5_trust.csv,8b74a8b2125268f80f75eedc1abd409afe252eae534fb6d33fbc9db761089e9b
benchmark/results_seed16/lab5/rule_based/qtable_final_stereotypes_true_lab5_visits.csv,119a509f3bfc36269e411efa773d2f915cab1763dc7d9aaed43f89d94b7ad5f1
benchmark/results_seed16/lab5/rule_based/qtable_final_stereotypes_true_lab5_zone1.csv,3afcd71bbd60dd1c0d645ed91576e66268eeb57a13cd11139ad3b9875ce0c739
benchmark/results_seed16/lab5/rule_based/qtable_final_stereotypes_true_lab5_zone2.csv,8332d923d11ed6f38d63c1a7bee46280b22c5eeb9e842ba9798b7ef4e53cac04
benchmark/results_seed16/lab5/training_stereo_false/coverage_stereotypes_false_lab5.csv,d27fbd5241cf64a351ab102059ae0cb9ea706e5fe769c5232f66201d5bcf3198
benchmark/results_seed16/lab5/training_stereo_false/first_goal_stereotypes_false_lab5.csv,3bf0baf3e91d8b35d3600ee000b428d04b82056fbfebab7ef1109e6676f69d50
benchmark/results_seed16/lab5/training_stereo_false/iv_stats_stereotypes_false_lab5.json,b14aaac7bf6eea633b5a57267888d4e4dedcda4c0314cc6076a57252986e5228
benchmark/results_seed16/lab5/training_stereo_false/learned_stereotypes_false_lab5.ttl,ecae9085f3f39770ca5483d090bad11665cd0a4a484a03b9fc93f4b1a93f0fd1
benchmark/results_seed16/lab5/training_stereo_false/metrics_stereotypes_false_lab5.csv,fd6ae97a08e2b92c96da0f377a18afd979f6dda3756aeb839b4d31db4233e03c
benchmark/results_seed16/lab5/training_stereo_false/qtable_final_stereotypes_false_lab5.csv,6fe2865a603059b0cc98b0f26e69b5ba2f18a7374cc83f8e1ed59f2bbf381427
benchmark/results_seed16/lab5/training_stereo_false/qtable_initial_stereotypes_false_lab5.csv,1f719efe3de3b894c6215931199c79ea5417981a846581751ac34959ed93d4a7
benchmark/results_seed16/lab5/training_stereo_false/TRAINING_OK.json,a53efdbe25e2cc0680a6b822288c11f1884a523bd6266c1e41e63da9aec99363
benchmark/results_seed16/lab5/training_stereo_true/coverage_stereotypes_true_lab5.csv,0f1f4469228dfa0238005c728b9b1a8a6d23f9cf0c87add7d7586cdfd88c7261
benchmark/results_seed16/lab5/training_stereo_true/first_goal_stereotypes_true_lab5.csv,a09602c1dfa8c761307cb7cd7db7f8df69174b707ca7b63fc558f01f355c5989
benchmark/results_seed16/lab5/training_stereo_true/iv_stats_stereotypes_true_lab5.json,bf1945aded346e0663430a8bef88465364fb7ebe93be57d344a7a2d2f492d11f
benchmark/results_seed16/lab5/training_stereo_true/learned_stereotypes_true_lab5.ttl,54568feea5a018470473cdfa8a4061c5e5480bbbf7533701d6a3c13fc3ec2094
benchmark/results_seed16/lab5/training_stereo_true/metrics_stereotypes_true_lab5.csv,0fbe143d5276895c847ce35c36399be7077ebe5b1924ab2f3c7774fb2fdc9458
benchmark/results_seed16/lab5/training_stereo_true/qtable_final_stereotypes_true_lab5.csv,65d6e349a602a067495ca24a38a086b428c8d03194aa0e213d59350e0e09e275
benchmark/results_seed16/lab5/training_stereo_true/qtable_initial_stereotypes_true_lab5.csv,78732e9f547e4ba2efc6ae510da7171030396e3b820ef3b90f6bd7c248cb5a41
benchmark/results_seed16/lab5/training_stereo_true/TRAINING_OK.json,b52cc757475313d0c5720586c99022aeb839d052cf58b8559a92115e1e3eba08
benchmark/results_seed17/lab4/ql_false/bench_step_log_ql_false.csv,cb66c81f17b4ed4cbc7f4d5ee43a25f221f291db7ead63d72abda33edfcf94e9
benchmark/results_seed17/lab4/ql_false/benchmark_results_ql_false.csv,883934475d37272925afa87ee28f939385eb11d0b13b1b8da793260856916e07
benchmark/results_seed17/lab4/ql_false/coverage_stereotypes_false_lab4.csv,fb8a9bd924cf45eaa6842856fd57aff378764930143f38120b69bd5e05b788a4
benchmark/results_seed17/lab4/ql_false/coverage_stereotypes_true_lab4.csv,f8b6af9d2e0e259575beb6d461b96b7720cbe2ef16e80bfe4d199f2e7ac83951
benchmark/results_seed17/lab4/ql_false/first_goal_stereotypes_false_lab4.csv,c0a827bf008ab49dad9f6f260fca4c60fd82b4502b041e057cc80ddea75910f6
benchmark/results_seed17/lab4/ql_false/first_goal_stereotypes_true_lab4.csv,7ceba439c526e31ea2791a3b0b9c1d20d37913aa4813b670dbd31a8e087f0fbe
benchmark/results_seed17/lab4/ql_false/iv_stats_stereotypes_false_lab4.json,64ba8d3f556aab232ca6e27831e5e8fc04726fe5f07054a6bf77df1ef0a6011e
benchmark/results_seed17/lab4/ql_false/iv_stats_stereotypes_true_lab4.json,02834316f934eac33fc36e89b1ef7535edf3cf0193e7f7ae1ff5b98973109ccd
benchmark/results_seed17/lab4/ql_false/learned_stereotypes_false_lab4.ttl,1bc35dad1f71adeb7e7dc99aef9d47e3d9a3e350dd643f5b075a93d75de85e4c
benchmark/results_seed17/lab4/ql_false/learned_stereotypes_true_lab4.ttl,3aeb99f94f3e355bd62d9b85bb4a78dfcd1aecede8a42e25802fe9ac15312c80
benchmark/results_seed17/lab4/ql_false/metrics_stereotypes_false_lab4.csv,e96087a8715e07dd298238dc3def72cf2246d93c983fc378c26bbb43d48097ea
benchmark/results_seed17/lab4/ql_false/metrics_stereotypes_true_lab4.csv,e3771d32b97d0ba3c812467912a43768643fa6e3899a3eec8ba986aa2a516aff
benchmark/results_seed17/lab4/ql_false/qtable_final_stereotypes_false_lab4.csv,fe9d5c02d84fc0363a7ca50336a873b97403ed17808fe1c9840b666db4546a1d
benchmark/results_seed17/lab4/ql_false/qtable_final_stereotypes_false_lab4_trust.csv,8b74a8b2125268f80f75eedc1abd409afe252eae534fb6d33fbc9db761089e9b
benchmark/results_seed17/lab4/ql_false/qtable_final_stereotypes_false_lab4_visits.csv,71bb94a12025da6456f68015ddec0c5549b29e101d02f04139b8a446d24e90a7
benchmark/results_seed17/lab4/ql_false/qtable_final_stereotypes_false_lab4_zone1.csv,3ade8ad1683586c5f9abf6f394b852d4ba9da364b76910f7af5b259f289d376c
benchmark/results_seed17/lab4/ql_false/qtable_final_stereotypes_false_lab4_zone2.csv,f00ad40897428d639ce72c2df3ef93f00eeb3d40c41d28866bda97ba3cf0876a
benchmark/results_seed17/lab4/ql_false/qtable_final_stereotypes_true_lab4.csv,324e52d41d6bf73df59ed23f1f35b8d2d01942eabbfff9ed89a532c136ee9de5
benchmark/results_seed17/lab4/ql_false/qtable_final_stereotypes_true_lab4_trust.csv,8b74a8b2125268f80f75eedc1abd409afe252eae534fb6d33fbc9db761089e9b
benchmark/results_seed17/lab4/ql_false/qtable_final_stereotypes_true_lab4_visits.csv,3566f48489e0aa14bff4c2dab844b35c337e4482ff7304d5790bc4c249d14460
benchmark/results_seed17/lab4/ql_false/qtable_final_stereotypes_true_lab4_zone1.csv,6b20e29c9c90ea73437341e321b7fd1f060e445a2d3dac0e6719a772ec7f3542
benchmark/results_seed17/lab4/ql_false/qtable_final_stereotypes_true_lab4_zone2.csv,4e7e72160feee7104a6aedfc5bdc5970648e7e043595501c244d344767d89c13
benchmark/results_seed17/lab4/ql_false/trace_bench_ql_false.jsonl,e3b0c44298fc1c149afbf4c8996fb92427ae41e4649b934ca495991b7852b855
benchmark/results_seed17/lab4/ql_true/bench_step_log_ql_true.csv,d7fbcc7dfe5d98dfb8250861c24e1dc4de5257cda8f38053bab044bca98471fc
benchmark/results_seed17/lab4/ql_true/benchmark_results_ql_true.csv,f067a6faa5035fbebbac37f87b238a46b6474f358d319e7054584b0c17d43e0b
benchmark/results_seed17/lab4/ql_true/coverage_stereotypes_false_lab4.csv,fb8a9bd924cf45eaa6842856fd57aff378764930143f38120b69bd5e05b788a4
benchmark/results_seed17/lab4/ql_true/coverage_stereotypes_true_lab4.csv,f8b6af9d2e0e259575beb6d461b96b7720cbe2ef16e80bfe4d199f2e7ac83951
benchmark/results_seed17/lab4/ql_true/first_goal_stereotypes_false_lab4.csv,c0a827bf008ab49dad9f6f260fca4c60fd82b4502b041e057cc80ddea75910f6
benchmark/results_seed17/lab4/ql_true/first_goal_stereotypes_true_lab4.csv,7ceba439c526e31ea2791a3b0b9c1d20d37913aa4813b670dbd31a8e087f0fbe
benchmark/results_seed17/lab4/ql_true/iv_stats_stereotypes_false_lab4.json,64ba8d3f556aab232ca6e27831e5e8fc04726fe5f07054a6bf77df1ef0a6011e
benchmark/results_seed17/lab4/ql_true/iv_stats_stereotypes_true_lab4.json,02834316f934eac33fc36e89b1ef7535edf3cf0193e7f7ae1ff5b98973109ccd
benchmark/results_seed17/lab4/ql_true/learned_stereotypes_false_lab4.ttl,1bc35dad1f71adeb7e7dc99aef9d47e3d9a3e350dd643f5b075a93d75de85e4c
benchmark/results_seed17/lab4/ql_true/learned_stereotypes_true_lab4.ttl,3aeb99f94f3e355bd62d9b85bb4a78dfcd1aecede8a42e25802fe9ac15312c80
benchmark/results_seed17/lab4/ql_true/metrics_stereotypes_false_lab4.csv,e96087a8715e07dd298238dc3def72cf2246d93c983fc378c26bbb43d48097ea
benchmark/results_seed17/lab4/ql_true/metrics_stereotypes_true_lab4.csv,e3771d32b97d0ba3c812467912a43768643fa6e3899a3eec8ba986aa2a516aff
benchmark/results_seed17/lab4/ql_true/qtable_final_stereotypes_false_lab4.csv,fe9d5c02d84fc0363a7ca50336a873b97403ed17808fe1c9840b666db4546a1d
benchmark/results_seed17/lab4/ql_true/qtable_final_stereotypes_false_lab4_trust.csv,8b74a8b2125268f80f75eedc1abd409afe252eae534fb6d33fbc9db761089e9b
benchmark/results_seed17/lab4/ql_true/qtable_final_stereotypes_false_lab4_visits.csv,71bb94a12025da6456f68015ddec0c5549b29e101d02f04139b8a446d24e90a7
benchmark/results_seed17/lab4/ql_true/qtable_final_stereotypes_false_lab4_zone1.csv,3ade8ad1683586c5f9abf6f394b852d4ba9da364b76910f7af5b259f289d376c
benchmark/results_seed17/lab4/ql_true/qtable_final_stereotypes_false_lab4_zone2.csv,f00ad40897428d639ce72c2df3ef93f00eeb3d40c41d28866bda97ba3cf0876a
benchmark/results_seed17/lab4/ql_true/qtable_final_stereotypes_true_lab4.csv,324e52d41d6bf73df59ed23f1f35b8d2d01942eabbfff9ed89a532c136ee9de5
benchmark/results_seed17/lab4/ql_true/qtable_final_stereotypes_true_lab4_trust.csv,8b74a8b2125268f80f75eedc1abd409afe252eae534fb6d33fbc9db761089e9b
benchmark/results_seed17/lab4/ql_true/qtable_final_stereotypes_true_lab4_visits.csv,3566f48489e0aa14bff4c2dab844b35c337e4482ff7304d5790bc4c249d14460
benchmark/results_seed17/lab4/ql_true/qtable_final_stereotypes_true_lab4_zone1.csv,6b20e29c9c90ea73437341e321b7fd1f060e445a2d3dac0e6719a772ec7f3542
benchmark/results_seed17/lab4/ql_true/qtable_final_stereotypes_true_lab4_zone2.csv,4e7e72160feee7104a6aedfc5bdc5970648e7e043595501c244d344767d89c13
benchmark/results_seed17/lab4/ql_true/trace_bench_ql_true.jsonl,e3b0c44298fc1c149afbf4c8996fb92427ae41e4649b934ca495991b7852b855
benchmark/results_seed17/lab4/rule_based/bench_step_log_rule_based.csv,dcbc4327da082492479ba30ccd4da61be5ac2d9659746d470daad350664a098d
benchmark/results_seed17/lab4/rule_based/benchmark_results_rule_based.csv,ae514e69ceb512cdf498d0d764454c989e6aef7e6c0574669e211e140559362e
benchmark/results_seed17/lab4/rule_based/coverage_stereotypes_false_lab4.csv,fb8a9bd924cf45eaa6842856fd57aff378764930143f38120b69bd5e05b788a4
benchmark/results_seed17/lab4/rule_based/coverage_stereotypes_true_lab4.csv,f8b6af9d2e0e259575beb6d461b96b7720cbe2ef16e80bfe4d199f2e7ac83951
benchmark/results_seed17/lab4/rule_based/first_goal_stereotypes_false_lab4.csv,c0a827bf008ab49dad9f6f260fca4c60fd82b4502b041e057cc80ddea75910f6
benchmark/results_seed17/lab4/rule_based/first_goal_stereotypes_true_lab4.csv,7ceba439c526e31ea2791a3b0b9c1d20d37913aa4813b670dbd31a8e087f0fbe
benchmark/results_seed17/lab4/rule_based/iv_stats_stereotypes_false_lab4.json,64ba8d3f556aab232ca6e27831e5e8fc04726fe5f07054a6bf77df1ef0a6011e
benchmark/results_seed17/lab4/rule_based/iv_stats_stereotypes_true_lab4.json,02834316f934eac33fc36e89b1ef7535edf3cf0193e7f7ae1ff5b98973109ccd
benchmark/results_seed17/lab4/rule_based/learned_stereotypes_false_lab4.ttl,1bc35dad1f71adeb7e7dc99aef9d47e3d9a3e350dd643f5b075a93d75de85e4c
benchmark/results_seed17/lab4/rule_based/learned_stereotypes_true_lab4.ttl,3aeb99f94f3e355bd62d9b85bb4a78dfcd1aecede8a42e25802fe9ac15312c80
benchmark/results_seed17/lab4/rule_based/metrics_stereotypes_false_lab4.csv,e96087a8715e07dd298238dc3def72cf2246d93c983fc378c26bbb43d48097ea
benchmark/results_seed17/lab4/rule_based/metrics_stereotypes_true_lab4.csv,e3771d32b97d0ba3c812467912a43768643fa6e3899a3eec8ba986aa2a516aff
benchmark/results_seed17/lab4/rule_based/qtable_final_stereotypes_false_lab4.csv,fe9d5c02d84fc0363a7ca50336a873b97403ed17808fe1c9840b666db4546a1d
benchmark/results_seed17/lab4/rule_based/qtable_final_stereotypes_false_lab4_trust.csv,8b74a8b2125268f80f75eedc1abd409afe252eae534fb6d33fbc9db761089e9b
benchmark/results_seed17/lab4/rule_based/qtable_final_stereotypes_false_lab4_visits.csv,71bb94a12025da6456f68015ddec0c5549b29e101d02f04139b8a446d24e90a7
benchmark/results_seed17/lab4/rule_based/qtable_final_stereotypes_false_lab4_zone1.csv,3ade8ad1683586c5f9abf6f394b852d4ba9da364b76910f7af5b259f289d376c
benchmark/results_seed17/lab4/rule_based/qtable_final_stereotypes_false_lab4_zone2.csv,f00ad40897428d639ce72c2df3ef93f00eeb3d40c41d28866bda97ba3cf0876a
benchmark/results_seed17/lab4/rule_based/qtable_final_stereotypes_true_lab4.csv,324e52d41d6bf73df59ed23f1f35b8d2d01942eabbfff9ed89a532c136ee9de5
benchmark/results_seed17/lab4/rule_based/qtable_final_stereotypes_true_lab4_trust.csv,8b74a8b2125268f80f75eedc1abd409afe252eae534fb6d33fbc9db761089e9b
benchmark/results_seed17/lab4/rule_based/qtable_final_stereotypes_true_lab4_visits.csv,3566f48489e0aa14bff4c2dab844b35c337e4482ff7304d5790bc4c249d14460
benchmark/results_seed17/lab4/rule_based/qtable_final_stereotypes_true_lab4_zone1.csv,6b20e29c9c90ea73437341e321b7fd1f060e445a2d3dac0e6719a772ec7f3542
benchmark/results_seed17/lab4/rule_based/qtable_final_stereotypes_true_lab4_zone2.csv,4e7e72160feee7104a6aedfc5bdc5970648e7e043595501c244d344767d89c13
benchmark/results_seed17/lab4/training_stereo_false/coverage_stereotypes_false_lab4.csv,fb8a9bd924cf45eaa6842856fd57aff378764930143f38120b69bd5e05b788a4
benchmark/results_seed17/lab4/training_stereo_false/first_goal_stereotypes_false_lab4.csv,c0a827bf008ab49dad9f6f260fca4c60fd82b4502b041e057cc80ddea75910f6
benchmark/results_seed17/lab4/training_stereo_false/iv_stats_stereotypes_false_lab4.json,64ba8d3f556aab232ca6e27831e5e8fc04726fe5f07054a6bf77df1ef0a6011e
benchmark/results_seed17/lab4/training_stereo_false/learned_stereotypes_false_lab4.ttl,1bc35dad1f71adeb7e7dc99aef9d47e3d9a3e350dd643f5b075a93d75de85e4c
benchmark/results_seed17/lab4/training_stereo_false/metrics_stereotypes_false_lab4.csv,e96087a8715e07dd298238dc3def72cf2246d93c983fc378c26bbb43d48097ea
benchmark/results_seed17/lab4/training_stereo_false/qtable_final_stereotypes_false_lab4.csv,fe9d5c02d84fc0363a7ca50336a873b97403ed17808fe1c9840b666db4546a1d
benchmark/results_seed17/lab4/training_stereo_false/qtable_initial_stereotypes_false_lab4.csv,e7a805786d46aebc891069aaff4b80200c4fca7991e24d1c39adfbccc5be20ee
benchmark/results_seed17/lab4/training_stereo_false/TRAINING_OK.json,ba0effbf70e382fe3102c9ea909cfd7aeb3d11a03c61f25bdb864577b477f75e
benchmark/results_seed17/lab4/training_stereo_true/coverage_stereotypes_true_lab4.csv,f8b6af9d2e0e259575beb6d461b96b7720cbe2ef16e80bfe4d199f2e7ac83951
benchmark/results_seed17/lab4/training_stereo_true/first_goal_stereotypes_true_lab4.csv,7ceba439c526e31ea2791a3b0b9c1d20d37913aa4813b670dbd31a8e087f0fbe
benchmark/results_seed17/lab4/training_stereo_true/iv_stats_stereotypes_true_lab4.json,02834316f934eac33fc36e89b1ef7535edf3cf0193e7f7ae1ff5b98973109ccd
benchmark/results_seed17/lab4/training_stereo_true/learned_stereotypes_true_lab4.ttl,3aeb99f94f3e355bd62d9b85bb4a78dfcd1aecede8a42e25802fe9ac15312c80
benchmark/results_seed17/lab4/training_stereo_true/metrics_stereotypes_true_lab4.csv,e3771d32b97d0ba3c812467912a43768643fa6e3899a3eec8ba986aa2a516aff
benchmark/results_seed17/lab4/training_stereo_true/qtable_final_stereotypes_true_lab4.csv,324e52d41d6bf73df59ed23f1f35b8d2d01942eabbfff9ed89a532c136ee9de5
benchmark/results_seed17/lab4/training_stereo_true/qtable_initial_stereotypes_true_lab4.csv,a34227689301a8b03f01964727db05c0cd5ac3ca6fef2c062cbacaa11b196a6e
benchmark/results_seed17/lab4/training_stereo_true/TRAINING_OK.json,af0149991d181e8cec832f52cd53664991697718ec821733635b6ec2e37efc8d
benchmark/results_seed17/lab4chain/ql_false/bench_step_log_ql_false.csv,1a0ca8bbd37fcdbe43216d22fdb9dba89a48226a72d87ee84ef1f7249f29e62f
benchmark/results_seed17/lab4chain/ql_false/benchmark_results_ql_false.csv,d7cfbf613e9f36deba6537fe4b2720b2da64de7c1ff762abf3738df3d61702e1
benchmark/results_seed17/lab4chain/ql_false/coverage_stereotypes_false_lab4chain.csv,91ba9171bc75c8150a44abbd998f2154d0ecbe45dd92fa8102b24d38dc4af541
benchmark/results_seed17/lab4chain/ql_false/coverage_stereotypes_true_lab4chain.csv,69adbc17adc458fb31922d8da8082bcbe04d4f92be4399cc299941563cb20cf6
benchmark/results_seed17/lab4chain/ql_false/first_goal_stereotypes_false_lab4chain.csv,3bf0baf3e91d8b35d3600ee000b428d04b82056fbfebab7ef1109e6676f69d50
benchmark/results_seed17/lab4chain/ql_false/first_goal_stereotypes_true_lab4chain.csv,a09602c1dfa8c761307cb7cd7db7f8df69174b707ca7b63fc558f01f355c5989
benchmark/results_seed17/lab4chain/ql_false/iv_stats_stereotypes_false_lab4chain.json,ce210ab4d2c6d10d9529e1d033193b525235c19ee0849787938c45f77cba1190
benchmark/results_seed17/lab4chain/ql_false/iv_stats_stereotypes_true_lab4chain.json,2327e762ab4d9f5c23dda80b8512984ad5e6372da6abd0d35197b293a1cbfed9
benchmark/results_seed17/lab4chain/ql_false/learned_stereotypes_false_lab4chain.ttl,fcc33ee56b7bf2e1ff71d1d1b677ebde0189b0194128b8e9f51cfb792c0a4ff9
benchmark/results_seed17/lab4chain/ql_false/learned_stereotypes_true_lab4chain.ttl,a1df68d84586f189f9edb7ee883bbc23df4471d3b36b5419ae2427f59d3f605f
benchmark/results_seed17/lab4chain/ql_false/metrics_stereotypes_false_lab4chain.csv,86719e4e923c46eb01b7d3b40447e31ad7be96f41d07592091795610f6055420
benchmark/results_seed17/lab4chain/ql_false/metrics_stereotypes_true_lab4chain.csv,0c2a7a029c6fb1efee77b8f732bb8853a29b2729103b98a726b68a7d09030268
benchmark/results_seed17/lab4chain/ql_false/qtable_final_stereotypes_false_lab4chain.csv,a68bb9cfbb519a58488fa726aa0ae92e4a07d6db6c17bf9d864b8cf1d9dc0199
benchmark/results_seed17/lab4chain/ql_false/qtable_final_stereotypes_false_lab4chain_trust.csv,8b74a8b2125268f80f75eedc1abd409afe252eae534fb6d33fbc9db761089e9b
benchmark/results_seed17/lab4chain/ql_false/qtable_final_stereotypes_false_lab4chain_visits.csv,6c9c3c9dc77f56b0b1740bd4f0a45164b901b1f774ac82013d7bcfc24e72d56b
benchmark/results_seed17/lab4chain/ql_false/qtable_final_stereotypes_false_lab4chain_zone1.csv,91596ab41a48672894290cdc4de8a49f1515cc9190c7321277e6d58603281acd
benchmark/results_seed17/lab4chain/ql_false/qtable_final_stereotypes_false_lab4chain_zone2.csv,73d4889e41474e02041898a42c48f2fff54ea635cb4367126050c94a5e58bf14
benchmark/results_seed17/lab4chain/ql_false/qtable_final_stereotypes_true_lab4chain.csv,96e2ccd816b92d39c24f728e6f8ad1a34ddd2f89b27071d87d77a7a76848d80f
benchmark/results_seed17/lab4chain/ql_false/qtable_final_stereotypes_true_lab4chain_trust.csv,8b74a8b2125268f80f75eedc1abd409afe252eae534fb6d33fbc9db761089e9b
benchmark/results_seed17/lab4chain/ql_false/qtable_final_stereotypes_true_lab4chain_visits.csv,bbf1feea00247e8d93e6cd26380a418aa95b9c5a6654d4d3aa3a38143d418907
benchmark/results_seed17/lab4chain/ql_false/qtable_final_stereotypes_true_lab4chain_zone1.csv,09c6fa86cfb38093bee778e5e1da3a96950cdb1b2fadef8e821fd87b8a05d174
benchmark/results_seed17/lab4chain/ql_false/qtable_final_stereotypes_true_lab4chain_zone2.csv,5f458974f33169016c3be40e0f7eb9985bd7ba27697cda575d1606b3b133ceec
benchmark/results_seed17/lab4chain/ql_false/trace_bench_ql_false.jsonl,e3b0c44298fc1c149afbf4c8996fb92427ae41e4649b934ca495991b7852b855
benchmark/results_seed17/lab4chain/ql_true/bench_step_log_ql_true.csv,176dc84ba121bd4a41ed1dd6c9e572912e0c66b408f2ac6b821ff825b1b013cf
benchmark/results_seed17/lab4chain/ql_true/benchmark_results_ql_true.csv,9f8ff2be26226e946dfddcc0e45d3883b8388902e63060d3817eec53f3970549
benchmark/results_seed17/lab4chain/ql_true/coverage_stereotypes_false_lab4chain.csv,91ba9171bc75c8150a44abbd998f2154d0ecbe45dd92fa8102b24d38dc4af541
benchmark/results_seed17/lab4chain/ql_true/coverage_stereotypes_true_lab4chain.csv,69adbc17adc458fb31922d8da8082bcbe04d4f92be4399cc299941563cb20cf6
benchmark/results_seed17/lab4chain/ql_true/first_goal_stereotypes_false_lab4chain.csv,3bf0baf3e91d8b35d3600ee000b428d04b82056fbfebab7ef1109e6676f69d50
benchmark/results_seed17/lab4chain/ql_true/first_goal_stereotypes_true_lab4chain.csv,a09602c1dfa8c761307cb7cd7db7f8df69174b707ca7b63fc558f01f355c5989
benchmark/results_seed17/lab4chain/ql_true/iv_stats_stereotypes_false_lab4chain.json,ce210ab4d2c6d10d9529e1d033193b525235c19ee0849787938c45f77cba1190
benchmark/results_seed17/lab4chain/ql_true/iv_stats_stereotypes_true_lab4chain.json,2327e762ab4d9f5c23dda80b8512984ad5e6372da6abd0d35197b293a1cbfed9
benchmark/results_seed17/lab4chain/ql_true/learned_stereotypes_false_lab4chain.ttl,fcc33ee56b7bf2e1ff71d1d1b677ebde0189b0194128b8e9f51cfb792c0a4ff9
benchmark/results_seed17/lab4chain/ql_true/learned_stereotypes_true_lab4chain.ttl,a1df68d84586f189f9edb7ee883bbc23df4471d3b36b5419ae2427f59d3f605f
benchmark/results_seed17/lab4chain/ql_true/metrics_stereotypes_false_lab4chain.csv,86719e4e923c46eb01b7d3b40447e31ad7be96f41d07592091795610f6055420
benchmark/results_seed17/lab4chain/ql_true/metrics_stereotypes_true_lab4chain.csv,0c2a7a029c6fb1efee77b8f732bb8853a29b2729103b98a726b68a7d09030268
benchmark/results_seed17/lab4chain/ql_true/qtable_final_stereotypes_false_lab4chain.csv,a68bb9cfbb519a58488fa726aa0ae92e4a07d6db6c17bf9d864b8cf1d9dc0199
benchmark/results_seed17/lab4chain/ql_true/qtable_final_stereotypes_false_lab4chain_trust.csv,8b74a8b2125268f80f75eedc1abd409afe252eae534fb6d33fbc9db761089e9b
benchmark/results_seed17/lab4chain/ql_true/qtable_final_stereotypes_false_lab4chain_visits.csv,6c9c3c9dc77f56b0b1740bd4f0a45164b901b1f774ac82013d7bcfc24e72d56b
benchmark/results_seed17/lab4chain/ql_true/qtable_final_stereotypes_false_lab4chain_zone1.csv,91596ab41a48672894290cdc4de8a49f1515cc9190c7321277e6d58603281acd
benchmark/results_seed17/lab4chain/ql_true/qtable_final_stereotypes_false_lab4chain_zone2.csv,73d4889e41474e02041898a42c48f2fff54ea635cb4367126050c94a5e58bf14
benchmark/results_seed17/lab4chain/ql_true/qtable_final_stereotypes_true_lab4chain.csv,96e2ccd816b92d39c24f728e6f8ad1a34ddd2f89b27071d87d77a7a76848d80f
benchmark/results_seed17/lab4chain/ql_true/qtable_final_stereotypes_true_lab4chain_trust.csv,8b74a8b2125268f80f75eedc1abd409afe252eae534fb6d33fbc9db761089e9b
benchmark/results_seed17/lab4chain/ql_true/qtable_final_stereotypes_true_lab4chain_visits.csv,bbf1feea00247e8d93e6cd26380a418aa95b9c5a6654d4d3aa3a38143d418907
benchmark/results_seed17/lab4chain/ql_true/qtable_final_stereotypes_true_lab4chain_zone1.csv,09c6fa86cfb38093bee778e5e1da3a96950cdb1b2fadef8e821fd87b8a05d174
benchmark/results_seed17/lab4chain/ql_true/qtable_final_stereotypes_true_lab4chain_zone2.csv,5f458974f33169016c3be40e0f7eb9985bd7ba27697cda575d1606b3b133ceec
benchmark/results_seed17/lab4chain/ql_true/trace_bench_ql_true.jsonl,e3b0c44298fc1c149afbf4c8996fb92427ae41e4649b934ca495991b7852b855
benchmark/results_seed17/lab4chain/rule_based/bench_step_log_rule_based.csv,80c72f4e1cceb1e8d37ced41e08fdf772dce607596a4f6e207a0fb1080d0716a
benchmark/results_seed17/lab4chain/rule_based/benchmark_results_rule_based.csv,2298d99641856772065a2545b5a00d18834a1e22a7f246e4a76f745b22c5bc1c
benchmark/results_seed17/lab4chain/rule_based/coverage_stereotypes_false_lab4chain.csv,91ba9171bc75c8150a44abbd998f2154d0ecbe45dd92fa8102b24d38dc4af541
benchmark/results_seed17/lab4chain/rule_based/coverage_stereotypes_true_lab4chain.csv,69adbc17adc458fb31922d8da8082bcbe04d4f92be4399cc299941563cb20cf6
benchmark/results_seed17/lab4chain/rule_based/first_goal_stereotypes_false_lab4chain.csv,3bf0baf3e91d8b35d3600ee000b428d04b82056fbfebab7ef1109e6676f69d50
benchmark/results_seed17/lab4chain/rule_based/first_goal_stereotypes_true_lab4chain.csv,a09602c1dfa8c761307cb7cd7db7f8df69174b707ca7b63fc558f01f355c5989
benchmark/results_seed17/lab4chain/rule_based/iv_stats_stereotypes_false_lab4chain.json,ce210ab4d2c6d10d9529e1d033193b525235c19ee0849787938c45f77cba1190
benchmark/results_seed17/lab4chain/rule_based/iv_stats_stereotypes_true_lab4chain.json,2327e762ab4d9f5c23dda80b8512984ad5e6372da6abd0d35197b293a1cbfed9
benchmark/results_seed17/lab4chain/rule_based/learned_stereotypes_false_lab4chain.ttl,fcc33ee56b7bf2e1ff71d1d1b677ebde0189b0194128b8e9f51cfb792c0a4ff9
benchmark/results_seed17/lab4chain/rule_based/learned_stereotypes_true_lab4chain.ttl,a1df68d84586f189f9edb7ee883bbc23df4471d3b36b5419ae2427f59d3f605f
benchmark/results_seed17/lab4chain/rule_based/metrics_stereotypes_false_lab4chain.csv,86719e4e923c46eb01b7d3b40447e31ad7be96f41d07592091795610f6055420
benchmark/results_seed17/lab4chain/rule_based/metrics_stereotypes_true_lab4chain.csv,0c2a7a029c6fb1efee77b8f732bb8853a29b2729103b98a726b68a7d09030268
benchmark/results_seed17/lab4chain/rule_based/qtable_final_stereotypes_false_lab4chain.csv,a68bb9cfbb519a58488fa726aa0ae92e4a07d6db6c17bf9d864b8cf1d9dc0199
benchmark/results_seed17/lab4chain/rule_based/qtable_final_stereotypes_false_lab4chain_trust.csv,8b74a8b2125268f80f75eedc1abd409afe252eae534fb6d33fbc9db761089e9b
benchmark/results_seed17/lab4chain/rule_based/qtable_final_stereotypes_false_lab4chain_visits.csv,6c9c3c9dc77f56b0b1740bd4f0a45164b901b1f774ac82013d7bcfc24e72d56b
benchmark/results_seed17/lab4chain/rule_based/qtable_final_stereotypes_false_lab4chain_zone1.csv,91596ab41a48672894290cdc4de8a49f1515cc9190c7321277e6d58603281acd
benchmark/results_seed17/lab4chain/rule_based/qtable_final_stereotypes_false_lab4chain_zone2.csv,73d4889e41474e02041898a42c48f2fff54ea635cb4367126050c94a5e58bf14
benchmark/results_seed17/lab4chain/rule_based/qtable_final_stereotypes_true_lab4chain.csv,96e2ccd816b92d39c24f728e6f8ad1a34ddd2f89b27071d87d77a7a76848d80f
benchmark/results_seed17/lab4chain/rule_based/qtable_final_stereotypes_true_lab4chain_trust.csv,8b74a8b2125268f80f75eedc1abd409afe252eae534fb6d33fbc9db761089e9b
benchmark/results_seed17/lab4chain/rule_based/qtable_final_stereotypes_true_lab4chain_visits.csv,bbf1feea00247e8d93e6cd26380a418aa95b9c5a6654d4d3aa3a38143d418907
benchmark/results_seed17/lab4chain/rule_based/qtable_final_stereotypes_true_lab4chain_zone1.csv,09c6fa86cfb38093bee778e5e1da3a96950cdb1b2fadef8e821fd87b8a05d174
benchmark/results_seed17/lab4chain/rule_based/qtable_final_stereotypes_true_lab4chain_zone2.csv,5f458974f33169016c3be40e0f7eb9985bd7ba27697cda575d1606b3b133ceec
benchmark/results_seed17/lab4chain/training_stereo_false/coverage_stereotypes_false_lab4chain.csv,91ba9171bc75c8150a44abbd998f2154d0ecbe45dd92fa8102b24d38dc4af541
benchmark/results_seed17/lab4chain/training_stereo_false/first_goal_stereotypes_false_lab4chain.csv,3bf0baf3e91d8b35d3600ee000b428d04b82056fbfebab7ef1109e6676f69d50
benchmark/results_seed17/lab4chain/training_stereo_false/iv_stats_stereotypes_false_lab4chain.json,ce210ab4d2c6d10d9529e1d033193b525235c19ee0849787938c45f77cba1190
benchmark/results_seed17/lab4chain/training_stereo_false/learned_stereotypes_false_lab4chain.ttl,fcc33ee56b7bf2e1ff71d1d1b677ebde0189b0194128b8e9f51cfb792c0a4ff9
benchmark/results_seed17/lab4chain/training_stereo_false/metrics_stereotypes_false_lab4chain.csv,86719e4e923c46eb01b7d3b40447e31ad7be96f41d07592091795610f6055420
benchmark/results_seed17/lab4chain/training_stereo_false/qtable_final_stereotypes_false_lab4chain.csv,a68bb9cfbb519a58488fa726aa0ae92e4a07d6db6c17bf9d864b8cf1d9dc0199
benchmark/results_seed17/lab4chain/training_stereo_false/qtable_initial_stereotypes_false_lab4chain.csv,8e651424be7fc1e8f08b3ca8d4f82f240e9f7fc9a9db7c05f461ed8ca6c14a18
benchmark/results_seed17/lab4chain/training_stereo_false/TRAINING_OK.json,f2bf937b9075f2c42762324e97bea5a072ec0c0e7f21756ca704c282a200c6b9
benchmark/results_seed17/lab4chain/training_stereo_true/coverage_stereotypes_true_lab4chain.csv,69adbc17adc458fb31922d8da8082bcbe04d4f92be4399cc299941563cb20cf6
benchmark/results_seed17/lab4chain/training_stereo_true/first_goal_stereotypes_true_lab4chain.csv,a09602c1dfa8c761307cb7cd7db7f8df69174b707ca7b63fc558f01f355c5989
benchmark/results_seed17/lab4chain/training_stereo_true/iv_stats_stereotypes_true_lab4chain.json,2327e762ab4d9f5c23dda80b8512984ad5e6372da6abd0d35197b293a1cbfed9
benchmark/results_seed17/lab4chain/training_stereo_true/learned_stereotypes_true_lab4chain.ttl,a1df68d84586f189f9edb7ee883bbc23df4471d3b36b5419ae2427f59d3f605f
benchmark/results_seed17/lab4chain/training_stereo_true/metrics_stereotypes_true_lab4chain.csv,0c2a7a029c6fb1efee77b8f732bb8853a29b2729103b98a726b68a7d09030268
benchmark/results_seed17/lab4chain/training_stereo_true/qtable_final_stereotypes_true_lab4chain.csv,96e2ccd816b92d39c24f728e6f8ad1a34ddd2f89b27071d87d77a7a76848d80f
benchmark/results_seed17/lab4chain/training_stereo_true/qtable_initial_stereotypes_true_lab4chain.csv,be569de97d95f95e9c344cdc3dd3e7846339ceb11bca6d874c399574155d2283
benchmark/results_seed17/lab4chain/training_stereo_true/TRAINING_OK.json,8a5ad711563ca77b16bf4b6db814e9d2e8e6810b0ff9d71bd6bc2de6f3f6dec0
benchmark/results_seed17/lab4dual/ql_false/bench_step_log_ql_false.csv,a7202eed16b616b82a6c2239e5f18ff0eab542d1668a3c60a64f2617dc07aea1
benchmark/results_seed17/lab4dual/ql_false/benchmark_results_ql_false.csv,c00271f56c286630c15468431cabf5a17603a4fdf9b010a00c96cadd217b7789
benchmark/results_seed17/lab4dual/ql_false/coverage_stereotypes_false_lab4dual.csv,5458278cecc575f7270f1447bc21e6b8d3457d5a2a271c32060d00d696a5d4c3
benchmark/results_seed17/lab4dual/ql_false/coverage_stereotypes_true_lab4dual.csv,5484f8921f29fb4034b5c494c0bad3cb22087a9a40d12d9bd7d615b05352ad1b
benchmark/results_seed17/lab4dual/ql_false/first_goal_stereotypes_false_lab4dual.csv,3bf0baf3e91d8b35d3600ee000b428d04b82056fbfebab7ef1109e6676f69d50
benchmark/results_seed17/lab4dual/ql_false/first_goal_stereotypes_true_lab4dual.csv,a09602c1dfa8c761307cb7cd7db7f8df69174b707ca7b63fc558f01f355c5989
benchmark/results_seed17/lab4dual/ql_false/iv_stats_stereotypes_false_lab4dual.json,13cd763125946779bca83802708d695545e17518158e151b5328c101319e6be1
benchmark/results_seed17/lab4dual/ql_false/iv_stats_stereotypes_true_lab4dual.json,a1b7e13d46aa84935f8a8e7c956eebaee651d49224ca0a3cf7816956cf0d28cf
benchmark/results_seed17/lab4dual/ql_false/learned_stereotypes_false_lab4dual.ttl,4081352d92bdca6bc8e5805ce099beacb296cf7a55e022d295e32a863f8a6131
benchmark/results_seed17/lab4dual/ql_false/learned_stereotypes_true_lab4dual.ttl,bb201e4e5f99b5f21e41ef86c4bc51ae5f5468d9125c4c2a801ee200a1491a8f
benchmark/results_seed17/lab4dual/ql_false/metrics_stereotypes_false_lab4dual.csv,dadb5573da41f42e4342064e50b69a421a68893652b2d661106081f0683915a5
benchmark/results_seed17/lab4dual/ql_false/metrics_stereotypes_true_lab4dual.csv,5c8a75005cb19bb2724654558d47dd99210540857ade4357c265521e55129da4
benchmark/results_seed17/lab4dual/ql_false/qtable_final_stereotypes_false_lab4dual.csv,60cc68bd24c7c3a63c95de38bd0f10a341634b363aa828363755062399efd6b3
benchmark/results_seed17/lab4dual/ql_false/qtable_final_stereotypes_false_lab4dual_trust.csv,8b74a8b2125268f80f75eedc1abd409afe252eae534fb6d33fbc9db761089e9b
benchmark/results_seed17/lab4dual/ql_false/qtable_final_stereotypes_false_lab4dual_visits.csv,2a6d61291288cd514551927efb444d863e24bba9fe4a6ed803cd4fb29615679a
benchmark/results_seed17/lab4dual/ql_false/qtable_final_stereotypes_false_lab4dual_zone1.csv,6283642a8c78cac4c9b6cff2d3b25756e071a4d8c82ed4d4f821121f7c80c610
benchmark/results_seed17/lab4dual/ql_false/qtable_final_stereotypes_false_lab4dual_zone2.csv,3561ddfdcb1d8f5529a001a2b796b864cec951a341cdd80b832f8e8ee9ce08a9
benchmark/results_seed17/lab4dual/ql_false/qtable_final_stereotypes_true_lab4dual.csv,080bbd65ae9cc9781edf05a82452ef5b556a3096447c3235a6b30d2e2fd55959
benchmark/results_seed17/lab4dual/ql_false/qtable_final_stereotypes_true_lab4dual_trust.csv,8b74a8b2125268f80f75eedc1abd409afe252eae534fb6d33fbc9db761089e9b
benchmark/results_seed17/lab4dual/ql_false/qtable_final_stereotypes_true_lab4dual_visits.csv,8a3be1a080bd56e32db054230030778b91d02a76b76839a3c11bf43349c3990e
benchmark/results_seed17/lab4dual/ql_false/qtable_final_stereotypes_true_lab4dual_zone1.csv,652e5d62ec82c6eb16879b3028b31b4b4db4b6131325c5d7e269b7ed18365f4a
benchmark/results_seed17/lab4dual/ql_false/qtable_final_stereotypes_true_lab4dual_zone2.csv,c4263ee234f3c56a11fb9559585bc84b81e49a9a6ad8acd95c8ed68084a904d0
benchmark/results_seed17/lab4dual/ql_false/trace_bench_ql_false.jsonl,e3b0c44298fc1c149afbf4c8996fb92427ae41e4649b934ca495991b7852b855
benchmark/results_seed17/lab4dual/ql_true/bench_step_log_ql_true.csv,e1a28276c35c0986f4852607b269dc35f517077708c4766cb655dcd3e3999f35
benchmark/results_seed17/lab4dual/ql_true/benchmark_results_ql_true.csv,5b4d5e5c5aef9e63c1e15f7302f52299b122727e4cbcc82e28ad81d14bc77fba
benchmark/results_seed17/lab4dual/ql_true/coverage_stereotypes_false_lab4dual.csv,5458278cecc575f7270f1447bc21e6b8d3457d5a2a271c32060d00d696a5d4c3
benchmark/results_seed17/lab4dual/ql_true/coverage_stereotypes_true_lab4dual.csv,5484f8921f29fb4034b5c494c0bad3cb22087a9a40d12d9bd7d615b05352ad1b
benchmark/results_seed17/lab4dual/ql_true/first_goal_stereotypes_false_lab4dual.csv,3bf0baf3e91d8b35d3600ee000b428d04b82056fbfebab7ef1109e6676f69d50
benchmark/results_seed17/lab4dual/ql_true/first_goal_stereotypes_true_lab4dual.csv,a09602c1dfa8c761307cb7cd7db7f8df69174b707ca7b63fc558f01f355c5989
benchmark/results_seed17/lab4dual/ql_true/iv_stats_stereotypes_false_lab4dual.json,13cd763125946779bca83802708d695545e17518158e151b5328c101319e6be1
benchmark/results_seed17/lab4dual/ql_true/iv_stats_stereotypes_true_lab4dual.json,a1b7e13d46aa84935f8a8e7c956eebaee651d49224ca0a3cf7816956cf0d28cf
benchmark/results_seed17/lab4dual/ql_true/learned_stereotypes_false_lab4dual.ttl,4081352d92bdca6bc8e5805ce099beacb296cf7a55e022d295e32a863f8a6131
benchmark/results_seed17/lab4dual/ql_true/learned_stereotypes_true_lab4dual.ttl,bb201e4e5f99b5f21e41ef86c4bc51ae5f5468d9125c4c2a801ee200a1491a8f
benchmark/results_seed17/lab4dual/ql_true/metrics_stereotypes_false_lab4dual.csv,dadb5573da41f42e4342064e50b69a421a68893652b2d661106081f0683915a5
benchmark/results_seed17/lab4dual/ql_true/metrics_stereotypes_true_lab4dual.csv,5c8a75005cb19bb2724654558d47dd99210540857ade4357c265521e55129da4
benchmark/results_seed17/lab4dual/ql_true/qtable_final_stereotypes_false_lab4dual.csv,60cc68bd24c7c3a63c95de38bd0f10a341634b363aa828363755062399efd6b3
benchmark/results_seed17/lab4dual/ql_true/qtable_final_stereotypes_false_lab4dual_trust.csv,8b74a8b2125268f80f75eedc1abd409afe252eae534fb6d33fbc9db761089e9b
benchmark/results_seed17/lab4dual/ql_true/qtable_final_stereotypes_false_lab4dual_visits.csv,2a6d61291288cd514551927efb444d863e24bba9fe4a6ed803cd4fb29615679a
benchmark/results_seed17/lab4dual/ql_true/qtable_final_stereotypes_false_lab4dual_zone1.csv,6283642a8c78cac4c9b6cff2d3b25756e071a4d8c82ed4d4f821121f7c80c610
benchmark/results_seed17/lab4dual/ql_true/qtable_final_stereotypes_false_lab4dual_zone2.csv,3561ddfdcb1d8f5529a001a2b796b864cec951a341cdd80b832f8e8ee9ce08a9
benchmark/results_seed17/lab4dual/ql_true/qtable_final_stereotypes_true_lab4dual.csv,080bbd65ae9cc9781edf05a82452ef5b556a3096447c3235a6b30d2e2fd55959
benchmark/results_seed17/lab4dual/ql_true/qtable_final_stereotypes_true_lab4dual_trust.csv,8b74a8b2125268f80f75eedc1abd409afe252eae534fb6d33fbc9db761089e9b
benchmark/results_seed17/lab4dual/ql_true/qtable_final_stereotypes_true_lab4dual_visits.csv,8a3be1a080bd56e32db054230030778b91d02a76b76839a3c11bf43349c3990e
benchmark/results_seed17/lab4dual/ql_true/qtable_final_stereotypes_true_lab4dual_zone1.csv,652e5d62ec82c6eb16879b3028b31b4b4db4b6131325c5d7e269b7ed18365f4a
benchmark/results_seed17/lab4dual/ql_true/qtable_final_stereotypes_true_lab4dual_zone2.csv,c4263ee234f3c56a11fb9559585bc84b81e49a9a6ad8acd95c8ed68084a904d0
benchmark/results_seed17/lab4dual/ql_true/trace_bench_ql_true.jsonl,e3b0c44298fc1c149afbf4c8996fb92427ae41e4649b934ca495991b7852b855
benchmark/results_seed17/lab4dual/rule_based/bench_step_log_rule_based.csv,7bde9a71d15f8b7167398dfa5926ffbd85d5a7fc6c797150340006ad16070521
benchmark/results_seed17/lab4dual/rule_based/benchmark_results_rule_based.csv,b2f1ca83f82c2432e25957cda701710ce829c27b6483be818671eeedae68b7f0
benchmark/results_seed17/lab4dual/rule_based/coverage_stereotypes_false_lab4dual.csv,5458278cecc575f7270f1447bc21e6b8d3457d5a2a271c32060d00d696a5d4c3
benchmark/results_seed17/lab4dual/rule_based/coverage_stereotypes_true_lab4dual.csv,5484f8921f29fb4034b5c494c0bad3cb22087a9a40d12d9bd7d615b05352ad1b
benchmark/results_seed17/lab4dual/rule_based/first_goal_stereotypes_false_lab4dual.csv,3bf0baf3e91d8b35d3600ee000b428d04b82056fbfebab7ef1109e6676f69d50
benchmark/results_seed17/lab4dual/rule_based/first_goal_stereotypes_true_lab4dual.csv,a09602c1dfa8c761307cb7cd7db7f8df69174b707ca7b63fc558f01f355c5989
benchmark/results_seed17/lab4dual/rule_based/iv_stats_stereotypes_false_lab4dual.json,13cd763125946779bca83802708d695545e17518158e151b5328c101319e6be1
benchmark/results_seed17/lab4dual/rule_based/iv_stats_stereotypes_true_lab4dual.json,a1b7e13d46aa84935f8a8e7c956eebaee651d49224ca0a3cf7816956cf0d28cf
benchmark/results_seed17/lab4dual/rule_based/learned_stereotypes_false_lab4dual.ttl,4081352d92bdca6bc8e5805ce099beacb296cf7a55e022d295e32a863f8a6131
benchmark/results_seed17/lab4dual/rule_based/learned_stereotypes_true_lab4dual.ttl,bb201e4e5f99b5f21e41ef86c4bc51ae5f5468d9125c4c2a801ee200a1491a8f
benchmark/results_seed17/lab4dual/rule_based/metrics_stereotypes_false_lab4dual.csv,dadb5573da41f42e4342064e50b69a421a68893652b2d661106081f0683915a5
benchmark/results_seed17/lab4dual/rule_based/metrics_stereotypes_true_lab4dual.csv,5c8a75005cb19bb2724654558d47dd99210540857ade4357c265521e55129da4
benchmark/results_seed17/lab4dual/rule_based/qtable_final_stereotypes_false_lab4dual.csv,60cc68bd24c7c3a63c95de38bd0f10a341634b363aa828363755062399efd6b3
benchmark/results_seed17/lab4dual/rule_based/qtable_final_stereotypes_false_lab4dual_trust.csv,8b74a8b2125268f80f75eedc1abd409afe252eae534fb6d33fbc9db761089e9b
benchmark/results_seed17/lab4dual/rule_based/qtable_final_stereotypes_false_lab4dual_visits.csv,2a6d61291288cd514551927efb444d863e24bba9fe4a6ed803cd4fb29615679a
benchmark/results_seed17/lab4dual/rule_based/qtable_final_stereotypes_false_lab4dual_zone1.csv,6283642a8c78cac4c9b6cff2d3b25756e071a4d8c82ed4d4f821121f7c80c610
benchmark/results_seed17/lab4dual/rule_based/qtable_final_stereotypes_false_lab4dual_zone2.csv,3561ddfdcb1d8f5529a001a2b796b864cec951a341cdd80b832f8e8ee9ce08a9
benchmark/results_seed17/lab4dual/rule_based/qtable_final_stereotypes_true_lab4dual.csv,080bbd65ae9cc9781edf05a82452ef5b556a3096447c3235a6b30d2e2fd55959
benchmark/results_seed17/lab4dual/rule_based/qtable_final_stereotypes_true_lab4dual_trust.csv,8b74a8b2125268f80f75eedc1abd409afe252eae534fb6d33fbc9db761089e9b
benchmark/results_seed17/lab4dual/rule_based/qtable_final_stereotypes_true_lab4dual_visits.csv,8a3be1a080bd56e32db054230030778b91d02a76b76839a3c11bf43349c3990e
benchmark/results_seed17/lab4dual/rule_based/qtable_final_stereotypes_true_lab4dual_zone1.csv,652e5d62ec82c6eb16879b3028b31b4b4db4b6131325c5d7e269b7ed18365f4a
benchmark/results_seed17/lab4dual/rule_based/qtable_final_stereotypes_true_lab4dual_zone2.csv,c4263ee234f3c56a11fb9559585bc84b81e49a9a6ad8acd95c8ed68084a904d0
benchmark/results_seed17/lab4dual/training_stereo_false/coverage_stereotypes_false_lab4dual.csv,5458278cecc575f7270f1447bc21e6b8d3457d5a2a271c32060d00d696a5d4c3
benchmark/results_seed17/lab4dual/training_stereo_false/first_goal_stereotypes_false_lab4dual.csv,3bf0baf3e91d8b35d3600ee000b428d04b82056fbfebab7ef1109e6676f69d50
benchmark/results_seed17/lab4dual/training_stereo_false/iv_stats_stereotypes_false_lab4dual.json,13cd763125946779bca83802708d695545e17518158e151b5328c101319e6be1
benchmark/results_seed17/lab4dual/training_stereo_false/learned_stereotypes_false_lab4dual.ttl,4081352d92bdca6bc8e5805ce099beacb296cf7a55e022d295e32a863f8a6131
benchmark/results_seed17/lab4dual/training_stereo_false/metrics_stereotypes_false_lab4dual.csv,dadb5573da41f42e4342064e50b69a421a68893652b2d661106081f0683915a5
benchmark/results_seed17/lab4dual/training_stereo_false/qtable_final_stereotypes_false_lab4dual.csv,60cc68bd24c7c3a63c95de38bd0f10a341634b363aa828363755062399efd6b3
benchmark/results_seed17/lab4dual/training_stereo_false/qtable_initial_stereotypes_false_lab4dual.csv,76c7e1200a5c817c641f0fac6077a813d29a7731ea5b7ca36b5152359bf32840
benchmark/results_seed17/lab4dual/training_stereo_false/TRAINING_OK.json,67f79fc78a3cd234d4edc8e0b7482079f69f43c52021f81a6fcb50d2656bb5f3
benchmark/results_seed17/lab4dual/training_stereo_true/coverage_stereotypes_true_lab4dual.csv,5484f8921f29fb4034b5c494c0bad3cb22087a9a40d12d9bd7d615b05352ad1b
benchmark/results_seed17/lab4dual/training_stereo_true/first_goal_stereotypes_true_lab4dual.csv,a09602c1dfa8c761307cb7cd7db7f8df69174b707ca7b63fc558f01f355c5989
benchmark/results_seed17/lab4dual/training_stereo_true/iv_stats_stereotypes_true_lab4dual.json,a1b7e13d46aa84935f8a8e7c956eebaee651d49224ca0a3cf7816956cf0d28cf
benchmark/results_seed17/lab4dual/training_stereo_true/learned_stereotypes_true_lab4dual.ttl,bb201e4e5f99b5f21e41ef86c4bc51ae5f5468d9125c4c2a801ee200a1491a8f
benchmark/results_seed17/lab4dual/training_stereo_true/metrics_stereotypes_true_lab4dual.csv,5c8a75005cb19bb2724654558d47dd99210540857ade4357c265521e55129da4
benchmark/results_seed17/lab4dual/training_stereo_true/qtable_final_stereotypes_true_lab4dual.csv,080bbd65ae9cc9781edf05a82452ef5b556a3096447c3235a6b30d2e2fd55959
benchmark/results_seed17/lab4dual/training_stereo_true/qtable_initial_stereotypes_true_lab4dual.csv,0ac9c51af98a5d238d35312958e4ef0068172106b0f793b4ec6e1d534e574776
benchmark/results_seed17/lab4dual/training_stereo_true/TRAINING_OK.json,48c1649b163e7def01e9a100db1cb317497ddbc80775dc92c2ad1f28efbcd89b
benchmark/results_seed17/lab5/ql_false/bench_step_log_ql_false.csv,8bdafde97242723f690b89eca7705475b460d1e79fdf5b2e5311846a293e356d
benchmark/results_seed17/lab5/ql_false/benchmark_results_ql_false.csv,da287341129110cab123f587f31ae200ec0492f732f47fbccf017ce2ff8221e4
benchmark/results_seed17/lab5/ql_false/coverage_stereotypes_false_lab5.csv,d6799d140e90db8fe885b8fc96c0273b0f0c5fb8852c6c7910520d52f5c607c3
benchmark/results_seed17/lab5/ql_false/coverage_stereotypes_true_lab5.csv,dfa070b78c3fd0bf58c41fe6a4e74d779c98ba5864bb4c396fd1dbad3aabd3bc
benchmark/results_seed17/lab5/ql_false/first_goal_stereotypes_false_lab5.csv,a09602c1dfa8c761307cb7cd7db7f8df69174b707ca7b63fc558f01f355c5989
benchmark/results_seed17/lab5/ql_false/first_goal_stereotypes_true_lab5.csv,a09602c1dfa8c761307cb7cd7db7f8df69174b707ca7b63fc558f01f355c5989
benchmark/results_seed17/lab5/ql_false/iv_stats_stereotypes_false_lab5.json,834b468bba910ea2b3c35369af56baf9079cad4e5d21fe17f68bb7258563adfe
benchmark/results_seed17/lab5/ql_false/iv_stats_stereotypes_true_lab5.json,2c34e9cd27ddb40fcb0602a1f6f1769964e59c30e3894194d9da27a9bdcdb09a
benchmark/results_seed17/lab5/ql_false/learned_stereotypes_false_lab5.ttl,26c5fa3c6d6d09a5a4ea5fb32e08a5c1d95a442c157c7379d9eeaf1a76b80536
benchmark/results_seed17/lab5/ql_false/learned_stereotypes_true_lab5.ttl,a9580d4245e2e199146d8728cb9f4990de8809455e3dd904aa71029d65f5d256
benchmark/results_seed17/lab5/ql_false/metrics_stereotypes_false_lab5.csv,e02c264823c3e4596516b042d7c1e83d4f729032809f4b6d7bdf1711f3693436
benchmark/results_seed17/lab5/ql_false/metrics_stereotypes_true_lab5.csv,cfc2d421d3ba1a71233a4e1b10dc993d2194b722993063454910074b4828799b
benchmark/results_seed17/lab5/ql_false/qtable_final_stereotypes_false_lab5.csv,ac7c472209f470f1a6f5486299c751bc3e81c7a21fb59ccd0ccab2c4f2b9970a
benchmark/results_seed17/lab5/ql_false/qtable_final_stereotypes_false_lab5_trust.csv,8b74a8b2125268f80f75eedc1abd409afe252eae534fb6d33fbc9db761089e9b
benchmark/results_seed17/lab5/ql_false/qtable_final_stereotypes_false_lab5_visits.csv,1d3ff39c1c41bd493ca98c488762edf52ae52740f7ac56636c58480def7b68ca
benchmark/results_seed17/lab5/ql_false/qtable_final_stereotypes_false_lab5_zone1.csv,63dda27977a6999dbb2cb171207862c7859ef6bd983c2ad064694665396ea179
benchmark/results_seed17/lab5/ql_false/qtable_final_stereotypes_false_lab5_zone2.csv,df0ecbc09c49dfd0138b7b40c5a29046abdf0010e1f505c5a5ced73a64cf76a6
benchmark/results_seed17/lab5/ql_false/qtable_final_stereotypes_true_lab5.csv,f274f10303c04b1b91d36b0e8334dac3f41b6c9cb994dbc2c4c5c9ecc048ee2c
benchmark/results_seed17/lab5/ql_false/qtable_final_stereotypes_true_lab5_trust.csv,8b74a8b2125268f80f75eedc1abd409afe252eae534fb6d33fbc9db761089e9b
benchmark/results_seed17/lab5/ql_false/qtable_final_stereotypes_true_lab5_visits.csv,fc34f7e3a6cf2fd940559505ef8b2223c48ca0314d1d614d12e04af547897f7e
benchmark/results_seed17/lab5/ql_false/qtable_final_stereotypes_true_lab5_zone1.csv,7caba9b7f6dcd60b6ff2ed0ca5bfac7ab9e255b28c9c5fb12641cb2892524e01
benchmark/results_seed17/lab5/ql_false/qtable_final_stereotypes_true_lab5_zone2.csv,05da3179e325c11997c8baabe67f7c600d8c4b834e7d2ced07a2cb491102b04e
benchmark/results_seed17/lab5/ql_false/trace_bench_ql_false.jsonl,e3b0c44298fc1c149afbf4c8996fb92427ae41e4649b934ca495991b7852b855
benchmark/results_seed17/lab5/ql_true/bench_step_log_ql_true.csv,b734c57fee0134503f19e4068bf482028b82b50379deeead0303124388fcfa6b
benchmark/results_seed17/lab5/ql_true/benchmark_results_ql_true.csv,326cd273030fd9bcf9378a583ee87d132edb183b4704ecaeb0c2db963f1e8a6d
benchmark/results_seed17/lab5/ql_true/coverage_stereotypes_false_lab5.csv,d6799d140e90db8fe885b8fc96c0273b0f0c5fb8852c6c7910520d52f5c607c3
benchmark/results_seed17/lab5/ql_true/coverage_stereotypes_true_lab5.csv,dfa070b78c3fd0bf58c41fe6a4e74d779c98ba5864bb4c396fd1dbad3aabd3bc
benchmark/results_seed17/lab5/ql_true/first_goal_stereotypes_false_lab5.csv,a09602c1dfa8c761307cb7cd7db7f8df69174b707ca7b63fc558f01f355c5989
benchmark/results_seed17/lab5/ql_true/first_goal_stereotypes_true_lab5.csv,a09602c1dfa8c761307cb7cd7db7f8df69174b707ca7b63fc558f01f355c5989
benchmark/results_seed17/lab5/ql_true/iv_stats_stereotypes_false_lab5.json,834b468bba910ea2b3c35369af56baf9079cad4e5d21fe17f68bb7258563adfe
benchmark/results_seed17/lab5/ql_true/iv_stats_stereotypes_true_lab5.json,2c34e9cd27ddb40fcb0602a1f6f1769964e59c30e3894194d9da27a9bdcdb09a
benchmark/results_seed17/lab5/ql_true/learned_stereotypes_false_lab5.ttl,26c5fa3c6d6d09a5a4ea5fb32e08a5c1d95a442c157c7379d9eeaf1a76b80536
benchmark/results_seed17/lab5/ql_true/learned_stereotypes_true_lab5.ttl,a9580d4245e2e199146d8728cb9f4990de8809455e3dd904aa71029d65f5d256
benchmark/results_seed17/lab5/ql_true/metrics_stereotypes_false_lab5.csv,e02c264823c3e4596516b042d7c1e83d4f729032809f4b6d7bdf1711f3693436
benchmark/results_seed17/lab5/ql_true/metrics_stereotypes_true_lab5.csv,cfc2d421d3ba1a71233a4e1b10dc993d2194b722993063454910074b4828799b
benchmark/results_seed17/lab5/ql_true/qtable_final_stereotypes_false_lab5.csv,ac7c472209f470f1a6f5486299c751bc3e81c7a21fb59ccd0ccab2c4f2b9970a
benchmark/results_seed17/lab5/ql_true/qtable_final_stereotypes_false_lab5_trust.csv,8b74a8b2125268f80f75eedc1abd409afe252eae534fb6d33fbc9db761089e9b
benchmark/results_seed17/lab5/ql_true/qtable_final_stereotypes_false_lab5_visits.csv,1d3ff39c1c41bd493ca98c488762edf52ae52740f7ac56636c58480def7b68ca
benchmark/results_seed17/lab5/ql_true/qtable_final_stereotypes_false_lab5_zone1.csv,63dda27977a6999dbb2cb171207862c7859ef6bd983c2ad064694665396ea179
benchmark/results_seed17/lab5/ql_true/qtable_final_stereotypes_false_lab5_zone2.csv,df0ecbc09c49dfd0138b7b40c5a29046abdf0010e1f505c5a5ced73a64cf76a6
benchmark/results_seed17/lab5/ql_true/qtable_final_stereotypes_true_lab5.csv,f274f10303c04b1b91d36b0e8334dac3f41b6c9cb994dbc2c4c5c9ecc048ee2c
benchmark/results_seed17/lab5/ql_true/qtable_final_stereotypes_true_lab5_trust.csv,8b74a8b2125268f80f75eedc1abd409afe252eae534fb6d33fbc9db761089e9b
benchmark/results_seed17/lab5/ql_true/qtable_final_stereotypes_true_lab5_visits.csv,fc34f7e3a6cf2fd940559505ef8b2223c48ca0314d1d614d12e04af547897f7e
benchmark/results_seed17/lab5/ql_true/qtable_final_stereotypes_true_lab5_zone1.csv,7caba9b7f6dcd60b6ff2ed0ca5bfac7ab9e255b28c9c5fb12641cb2892524e01
benchmark/results_seed17/lab5/ql_true/qtable_final_stereotypes_true_lab5_zone2.csv,05da3179e325c11997c8baabe67f7c600d8c4b834e7d2ced07a2cb491102b04e
benchmark/results_seed17/lab5/ql_true/trace_bench_ql_true.jsonl,e3b0c44298fc1c149afbf4c8996fb92427ae41e4649b934ca495991b7852b855
benchmark/results_seed17/lab5/rule_based/bench_step_log_rule_based.csv,210ad2ed6784542e570d6acc3d2f49d7571b0eb50fcc22e5a336aa3356498cea
benchmark/results_seed17/lab5/rule_based/benchmark_results_rule_based.csv,2be09e501e9df5b89fb8f327da2537e0bf58a2621ace100eb4a4fb172af5167e
benchmark/results_seed17/lab5/rule_based/coverage_stereotypes_false_lab5.csv,d6799d140e90db8fe885b8fc96c0273b0f0c5fb8852c6c7910520d52f5c607c3
benchmark/results_seed17/lab5/rule_based/coverage_stereotypes_true_lab5.csv,dfa070b78c3fd0bf58c41fe6a4e74d779c98ba5864bb4c396fd1dbad3aabd3bc
benchmark/results_seed17/lab5/rule_based/first_goal_stereotypes_false_lab5.csv,a09602c1dfa8c761307cb7cd7db7f8df69174b707ca7b63fc558f01f355c5989
benchmark/results_seed17/lab5/rule_based/first_goal_stereotypes_true_lab5.csv,a09602c1dfa8c761307cb7cd7db7f8df69174b707ca7b63fc558f01f355c5989
benchmark/results_seed17/lab5/rule_based/iv_stats_stereotypes_false_lab5.json,834b468bba910ea2b3c35369af56baf9079cad4e5d21fe17f68bb7258563adfe
benchmark/results_seed17/lab5/rule_based/iv_stats_stereotypes_true_lab5.json,2c34e9cd27ddb40fcb0602a1f6f1769964e59c30e3894194d9da27a9bdcdb09a
benchmark/results_seed17/lab5/rule_based/learned_stereotypes_false_lab5.ttl,26c5fa3c6d6d09a5a4ea5fb32e08a5c1d95a442c157c7379d9eeaf1a76b80536
benchmark/results_seed17/lab5/rule_based/learned_stereotypes_true_lab5.ttl,a9580d4245e2e199146d8728cb9f4990de8809455e3dd904aa71029d65f5d256
benchmark/results_seed17/lab5/rule_based/metrics_stereotypes_false_lab5.csv,e02c264823c3e4596516b042d7c1e83d4f729032809f4b6d7bdf1711f3693436
benchmark/results_seed17/lab5/rule_based/metrics_stereotypes_true_lab5.csv,cfc2d421d3ba1a71233a4e1b10dc993d2194b722993063454910074b4828799b
benchmark/results_seed17/lab5/rule_based/qtable_final_stereotypes_false_lab5.csv,ac7c472209f470f1a6f5486299c751bc3e81c7a21fb59ccd0ccab2c4f2b9970a
benchmark/results_seed17/lab5/rule_based/qtable_final_stereotypes_false_lab5_trust.csv,8b74a8b2125268f80f75eedc1abd409afe252eae534fb6d33fbc9db761089e9b
benchmark/results_seed17/lab5/rule_based/qtable_final_stereotypes_false_lab5_visits.csv,1d3ff39c1c41bd493ca98c488762edf52ae52740f7ac56636c58480def7b68ca
benchmark/results_seed17/lab5/rule_based/qtable_final_stereotypes_false_lab5_zone1.csv,63dda27977a6999dbb2cb171207862c7859ef6bd983c2ad064694665396ea179
benchmark/results_seed17/lab5/rule_based/qtable_final_stereotypes_false_lab5_zone2.csv,df0ecbc09c49dfd0138b7b40c5a29046abdf0010e1f505c5a5ced73a64cf76a6
benchmark/results_seed17/lab5/rule_based/qtable_final_stereotypes_true_lab5.csv,f274f10303c04b1b91d36b0e8334dac3f41b6c9cb994dbc2c4c5c9ecc048ee2c
benchmark/results_seed17/lab5/rule_based/qtable_final_stereotypes_true_lab5_trust.csv,8b74a8b2125268f80f75eedc1abd409afe252eae534fb6d33fbc9db761089e9b
benchmark/results_seed17/lab5/rule_based/qtable_final_stereotypes_true_lab5_visits.csv,fc34f7e3a6cf2fd940559505ef8b2223c48ca0314d1d614d12e04af547897f7e
benchmark/results_seed17/lab5/rule_based/qtable_final_stereotypes_true_lab5_zone1.csv,7caba9b7f6dcd60b6ff2ed0ca5bfac7ab9e255b28c9c5fb12641cb2892524e01
benchmark/results_seed17/lab5/rule_based/qtable_final_stereotypes_true_lab5_zone2.csv,05da3179e325c11997c8baabe67f7c600d8c4b834e7d2ced07a2cb491102b04e
benchmark/results_seed17/lab5/training_stereo_false/coverage_stereotypes_false_lab5.csv,d6799d140e90db8fe885b8fc96c0273b0f0c5fb8852c6c7910520d52f5c607c3
benchmark/results_seed17/lab5/training_stereo_false/first_goal_stereotypes_false_lab5.csv,a09602c1dfa8c761307cb7cd7db7f8df69174b707ca7b63fc558f01f355c5989
benchmark/results_seed17/lab5/training_stereo_false/iv_stats_stereotypes_false_lab5.json,834b468bba910ea2b3c35369af56baf9079cad4e5d21fe17f68bb7258563adfe
benchmark/results_seed17/lab5/training_stereo_false/learned_stereotypes_false_lab5.ttl,26c5fa3c6d6d09a5a4ea5fb32e08a5c1d95a442c157c7379d9eeaf1a76b80536
benchmark/results_seed17/lab5/training_stereo_false/metrics_stereotypes_false_lab5.csv,e02c264823c3e4596516b042d7c1e83d4f729032809f4b6d7bdf1711f3693436
benchmark/results_seed17/lab5/training_stereo_false/qtable_final_stereotypes_false_lab5.csv,ac7c472209f470f1a6f5486299c751bc3e81c7a21fb59ccd0ccab2c4f2b9970a
benchmark/results_seed17/lab5/training_stereo_false/qtable_initial_stereotypes_false_lab5.csv,1f719efe3de3b894c6215931199c79ea5417981a846581751ac34959ed93d4a7
benchmark/results_seed17/lab5/training_stereo_false/TRAINING_OK.json,f40bcabab19036c7fb0478c0ab8afa9725828ab906af11337333cbc67ab3257a
benchmark/results_seed17/lab5/training_stereo_true/coverage_stereotypes_true_lab5.csv,dfa070b78c3fd0bf58c41fe6a4e74d779c98ba5864bb4c396fd1dbad3aabd3bc
benchmark/results_seed17/lab5/training_stereo_true/first_goal_stereotypes_true_lab5.csv,a09602c1dfa8c761307cb7cd7db7f8df69174b707ca7b63fc558f01f355c5989
benchmark/results_seed17/lab5/training_stereo_true/iv_stats_stereotypes_true_lab5.json,2c34e9cd27ddb40fcb0602a1f6f1769964e59c30e3894194d9da27a9bdcdb09a
benchmark/results_seed17/lab5/training_stereo_true/learned_stereotypes_true_lab5.ttl,a9580d4245e2e199146d8728cb9f4990de8809455e3dd904aa71029d65f5d256
benchmark/results_seed17/lab5/training_stereo_true/metrics_stereotypes_true_lab5.csv,cfc2d421d3ba1a71233a4e1b10dc993d2194b722993063454910074b4828799b
benchmark/results_seed17/lab5/training_stereo_true/qtable_final_stereotypes_true_lab5.csv,f274f10303c04b1b91d36b0e8334dac3f41b6c9cb994dbc2c4c5c9ecc048ee2c
benchmark/results_seed17/lab5/training_stereo_true/qtable_initial_stereotypes_true_lab5.csv,78732e9f547e4ba2efc6ae510da7171030396e3b820ef3b90f6bd7c248cb5a41
benchmark/results_seed17/lab5/training_stereo_true/TRAINING_OK.json,239e01baa7d6e10be3c1aa90bcc4c3678017cff673e47afc52fb94cdb720e24d
benchmark/results_seed18/lab4/ql_false/bench_step_log_ql_false.csv,169eb4b3b4758da76fadb34df180ce487339b15ea0bc8b071b18afc7aa89fbd6
benchmark/results_seed18/lab4/ql_false/benchmark_results_ql_false.csv,e922226a35c5f2f2e1427181c97f019ad8624c4eaba71e31f5b84c9495c52c60
benchmark/results_seed18/lab4/ql_false/coverage_stereotypes_false_lab4.csv,402e6cf27a0f08225932e443f1f7de54cf1f8a08920c1a324cd3f50ddcc3d611
benchmark/results_seed18/lab4/ql_false/coverage_stereotypes_true_lab4.csv,84b75b207548de155ee46b964d765fa014f3f27b54cb00aa7ee45996ac8ecaae
benchmark/results_seed18/lab4/ql_false/first_goal_stereotypes_false_lab4.csv,3bf0baf3e91d8b35d3600ee000b428d04b82056fbfebab7ef1109e6676f69d50
benchmark/results_seed18/lab4/ql_false/first_goal_stereotypes_true_lab4.csv,a09602c1dfa8c761307cb7cd7db7f8df69174b707ca7b63fc558f01f355c5989
benchmark/results_seed18/lab4/ql_false/iv_stats_stereotypes_false_lab4.json,c90e1302fea81c0f24902ec1eccd8e57cff9f46763c3cc298ae37a8219eb8aaa
benchmark/results_seed18/lab4/ql_false/iv_stats_stereotypes_true_lab4.json,00f484ac9b0e4fcd02887d0f97727340747680ecfd1b5a766485160412fb6a16
benchmark/results_seed18/lab4/ql_false/learned_stereotypes_false_lab4.ttl,5d50b0de67aa3cd19886d1dc418bbb074de190aab24e7844c24c7aaa8ebb10eb
benchmark/results_seed18/lab4/ql_false/learned_stereotypes_true_lab4.ttl,265f75f38bc71d6ae5743a69f53832dbdb88519be87728668fcd5540202c9c08
benchmark/results_seed18/lab4/ql_false/metrics_stereotypes_false_lab4.csv,ec654924606e76b86c153091ddc199750f40a0265d41b91d529c8b6a40ccd836
benchmark/results_seed18/lab4/ql_false/metrics_stereotypes_true_lab4.csv,6d29b104b8c887f5b6e1d3531d26760626cfb90e688f0d6fd678ce91ef4d358a
benchmark/results_seed18/lab4/ql_false/qtable_final_stereotypes_false_lab4.csv,24bc946106fefc884bfcb0d08d99a83e0fffe80f7f11fc72875c78285b9365f8
benchmark/results_seed18/lab4/ql_false/qtable_final_stereotypes_false_lab4_trust.csv,8b74a8b2125268f80f75eedc1abd409afe252eae534fb6d33fbc9db761089e9b
benchmark/results_seed18/lab4/ql_false/qtable_final_stereotypes_false_lab4_visits.csv,b8b5b97607dc0d9d4ac921cb7ed1bd0785f835ff55013aecdb0e9858a214b78a
benchmark/results_seed18/lab4/ql_false/qtable_final_stereotypes_false_lab4_zone1.csv,c12ad03ca1356ec918bb0c6d08a4a8001f3a72a8fc543abf5b25c1d454ec380f
benchmark/results_seed18/lab4/ql_false/qtable_final_stereotypes_false_lab4_zone2.csv,45ee4705382e9ecdd0dbda596fbb7f41627df2310ae6e1d612fa53300be7f53f
benchmark/results_seed18/lab4/ql_false/qtable_final_stereotypes_true_lab4.csv,40a889c1d59355935c23f59000f5b98d7ced023e707d6995ac1334fcb67fdaa7
benchmark/results_seed18/lab4/ql_false/qtable_final_stereotypes_true_lab4_trust.csv,8b74a8b2125268f80f75eedc1abd409afe252eae534fb6d33fbc9db761089e9b
benchmark/results_seed18/lab4/ql_false/qtable_final_stereotypes_true_lab4_visits.csv,1ae76cb1407b9abf9b40be185f14c34b049a63bca37d9e0078afb5b1360f2746
benchmark/results_seed18/lab4/ql_false/qtable_final_stereotypes_true_lab4_zone1.csv,3f632b7e48f12941a1a1275adec9f1f3b093ae142f89d537f47e947b0baaffe5
benchmark/results_seed18/lab4/ql_false/qtable_final_stereotypes_true_lab4_zone2.csv,8380d8b26a818561e219890b80a4952b0ce5f399ef878831ed17adfac9f76ac9
benchmark/results_seed18/lab4/ql_false/trace_bench_ql_false.jsonl,e3b0c44298fc1c149afbf4c8996fb92427ae41e4649b934ca495991b7852b855
benchmark/results_seed18/lab4/ql_true/bench_step_log_ql_true.csv,c5177cad1dfba62095f0c21b40c63c5c8527cad965c45c12fde98afe9184c857
benchmark/results_seed18/lab4/ql_true/benchmark_results_ql_true.csv,6cf4c02807baf86aef1f662ca5badbb683963b78cb8117d618c914d402293833
benchmark/results_seed18/lab4/ql_true/coverage_stereotypes_false_lab4.csv,402e6cf27a0f08225932e443f1f7de54cf1f8a08920c1a324cd3f50ddcc3d611
benchmark/results_seed18/lab4/ql_true/coverage_stereotypes_true_lab4.csv,84b75b207548de155ee46b964d765fa014f3f27b54cb00aa7ee45996ac8ecaae
benchmark/results_seed18/lab4/ql_true/first_goal_stereotypes_false_lab4.csv,3bf0baf3e91d8b35d3600ee000b428d04b82056fbfebab7ef1109e6676f69d50
benchmark/results_seed18/lab4/ql_true/first_goal_stereotypes_true_lab4.csv,a09602c1dfa8c761307cb7cd7db7f8df69174b707ca7b63fc558f01f355c5989
benchmark/results_seed18/lab4/ql_true/iv_stats_stereotypes_false_lab4.json,c90e1302fea81c0f24902ec1eccd8e57cff9f46763c3cc298ae37a8219eb8aaa
benchmark/results_seed18/lab4/ql_true/iv_stats_stereotypes_true_lab4.json,00f484ac9b0e4fcd02887d0f97727340747680ecfd1b5a766485160412fb6a16
benchmark/results_seed18/lab4/ql_true/learned_stereotypes_false_lab4.ttl,5d50b0de67aa3cd19886d1dc418bbb074de190aab24e7844c24c7aaa8ebb10eb
benchmark/results_seed18/lab4/ql_true/learned_stereotypes_true_lab4.ttl,265f75f38bc71d6ae5743a69f53832dbdb88519be87728668fcd5540202c9c08
benchmark/results_seed18/lab4/ql_true/metrics_stereotypes_false_lab4.csv,ec654924606e76b86c153091ddc199750f40a0265d41b91d529c8b6a40ccd836
benchmark/results_seed18/lab4/ql_true/metrics_stereotypes_true_lab4.csv,6d29b104b8c887f5b6e1d3531d26760626cfb90e688f0d6fd678ce91ef4d358a
benchmark/results_seed18/lab4/ql_true/qtable_final_stereotypes_false_lab4.csv,24bc946106fefc884bfcb0d08d99a83e0fffe80f7f11fc72875c78285b9365f8
benchmark/results_seed18/lab4/ql_true/qtable_final_stereotypes_false_lab4_trust.csv,8b74a8b2125268f80f75eedc1abd409afe252eae534fb6d33fbc9db761089e9b
benchmark/results_seed18/lab4/ql_true/qtable_final_stereotypes_false_lab4_visits.csv,b8b5b97607dc0d9d4ac921cb7ed1bd0785f835ff55013aecdb0e9858a214b78a
benchmark/results_seed18/lab4/ql_true/qtable_final_stereotypes_false_lab4_zone1.csv,c12ad03ca1356ec918bb0c6d08a4a8001f3a72a8fc543abf5b25c1d454ec380f
benchmark/results_seed18/lab4/ql_true/qtable_final_stereotypes_false_lab4_zone2.csv,45ee4705382e9ecdd0dbda596fbb7f41627df2310ae6e1d612fa53300be7f53f
benchmark/results_seed18/lab4/ql_true/qtable_final_stereotypes_true_lab4.csv,40a889c1d59355935c23f59000f5b98d7ced023e707d6995ac1334fcb67fdaa7
benchmark/results_seed18/lab4/ql_true/qtable_final_stereotypes_true_lab4_trust.csv,8b74a8b2125268f80f75eedc1abd409afe252eae534fb6d33fbc9db761089e9b
benchmark/results_seed18/lab4/ql_true/qtable_final_stereotypes_true_lab4_visits.csv,1ae76cb1407b9abf9b40be185f14c34b049a63bca37d9e0078afb5b1360f2746
benchmark/results_seed18/lab4/ql_true/qtable_final_stereotypes_true_lab4_zone1.csv,3f632b7e48f12941a1a1275adec9f1f3b093ae142f89d537f47e947b0baaffe5
benchmark/results_seed18/lab4/ql_true/qtable_final_stereotypes_true_lab4_zone2.csv,8380d8b26a818561e219890b80a4952b0ce5f399ef878831ed17adfac9f76ac9
benchmark/results_seed18/lab4/ql_true/trace_bench_ql_true.jsonl,e3b0c44298fc1c149afbf4c8996fb92427ae41e4649b934ca495991b7852b855
benchmark/results_seed18/lab4/rule_based/bench_step_log_rule_based.csv,dcbc4327da082492479ba30ccd4da61be5ac2d9659746d470daad350664a098d
benchmark/results_seed18/lab4/rule_based/benchmark_results_rule_based.csv,d0e4def6b9c85c9fcdbfff7f492ad6c9be7de71df3e111044b8ffb0ac926aa23
benchmark/results_seed18/lab4/rule_based/coverage_stereotypes_false_lab4.csv,402e6cf27a0f08225932e443f1f7de54cf1f8a08920c1a324cd3f50ddcc3d611
benchmark/results_seed18/lab4/rule_based/coverage_stereotypes_true_lab4.csv,84b75b207548de155ee46b964d765fa014f3f27b54cb00aa7ee45996ac8ecaae
benchmark/results_seed18/lab4/rule_based/first_goal_stereotypes_false_lab4.csv,3bf0baf3e91d8b35d3600ee000b428d04b82056fbfebab7ef1109e6676f69d50
benchmark/results_seed18/lab4/rule_based/first_goal_stereotypes_true_lab4.csv,a09602c1dfa8c761307cb7cd7db7f8df69174b707ca7b63fc558f01f355c5989
benchmark/results_seed18/lab4/rule_based/iv_stats_stereotypes_false_lab4.json,c90e1302fea81c0f24902ec1eccd8e57cff9f46763c3cc298ae37a8219eb8aaa
benchmark/results_seed18/lab4/rule_based/iv_stats_stereotypes_true_lab4.json,00f484ac9b0e4fcd02887d0f97727340747680ecfd1b5a766485160412fb6a16
benchmark/results_seed18/lab4/rule_based/learned_stereotypes_false_lab4.ttl,5d50b0de67aa3cd19886d1dc418bbb074de190aab24e7844c24c7aaa8ebb10eb
benchmark/results_seed18/lab4/rule_based/learned_stereotypes_true_lab4.ttl,265f75f38bc71d6ae5743a69f53832dbdb88519be87728668fcd5540202c9c08
benchmark/results_seed18/lab4/rule_based/metrics_stereotypes_false_lab4.csv,ec654924606e76b86c153091ddc199750f40a0265d41b91d529c8b6a40ccd836
benchmark/results_seed18/lab4/rule_based/metrics_stereotypes_true_lab4.csv,6d29b104b8c887f5b6e1d3531d26760626cfb90e688f0d6fd678ce91ef4d358a
benchmark/results_seed18/lab4/rule_based/qtable_final_stereotypes_false_lab4.csv,24bc946106fefc884bfcb0d08d99a83e0fffe80f7f11fc72875c78285b9365f8
benchmark/results_seed18/lab4/rule_based/qtable_final_stereotypes_false_lab4_trust.csv,8b74a8b2125268f80f75eedc1abd409afe252eae534fb6d33fbc9db761089e9b
benchmark/results_seed18/lab4/rule_based/qtable_final_stereotypes_false_lab4_visits.csv,b8b5b97607dc0d9d4ac921cb7ed1bd0785f835ff55013aecdb0e9858a214b78a
benchmark/results_seed18/lab4/rule_based/qtable_final_stereotypes_false_lab4_zone1.csv,c12ad03ca1356ec918bb0c6d08a4a8001f3a72a8fc543abf5b25c1d454ec380f
benchmark/results_seed18/lab4/rule_based/qtable_final_stereotypes_false_lab4_zone2.csv,45ee4705382e9ecdd0dbda596fbb7f41627df2310ae6e1d612fa53300be7f53f
benchmark/results_seed18/lab4/rule_based/qtable_final_stereotypes_true_lab4.csv,40a889c1d59355935c23f59000f5b98d7ced023e707d6995ac1334fcb67fdaa7
benchmark/results_seed18/lab4/rule_based/qtable_final_stereotypes_true_lab4_trust.csv,8b74a8b2125268f80f75eedc1abd409afe252eae534fb6d33fbc9db761089e9b
benchmark/results_seed18/lab4/rule_based/qtable_final_stereotypes_true_lab4_visits.csv,1ae76cb1407b9abf9b40be185f14c34b049a63bca37d9e0078afb5b1360f2746
benchmark/results_seed18/lab4/rule_based/qtable_final_stereotypes_true_lab4_zone1.csv,3f632b7e48f12941a1a1275adec9f1f3b093ae142f89d537f47e947b0baaffe5
benchmark/results_seed18/lab4/rule_based/qtable_final_stereotypes_true_lab4_zone2.csv,8380d8b26a818561e219890b80a4952b0ce5f399ef878831ed17adfac9f76ac9
benchmark/results_seed18/lab4/training_stereo_false/coverage_stereotypes_false_lab4.csv,402e6cf27a0f08225932e443f1f7de54cf1f8a08920c1a324cd3f50ddcc3d611
benchmark/results_seed18/lab4/training_stereo_false/first_goal_stereotypes_false_lab4.csv,3bf0baf3e91d8b35d3600ee000b428d04b82056fbfebab7ef1109e6676f69d50
benchmark/results_seed18/lab4/training_stereo_false/iv_stats_stereotypes_false_lab4.json,c90e1302fea81c0f24902ec1eccd8e57cff9f46763c3cc298ae37a8219eb8aaa
benchmark/results_seed18/lab4/training_stereo_false/learned_stereotypes_false_lab4.ttl,5d50b0de67aa3cd19886d1dc418bbb074de190aab24e7844c24c7aaa8ebb10eb
benchmark/results_seed18/lab4/training_stereo_false/metrics_stereotypes_false_lab4.csv,ec654924606e76b86c153091ddc199750f40a0265d41b91d529c8b6a40ccd836
benchmark/results_seed18/lab4/training_stereo_false/qtable_final_stereotypes_false_lab4.csv,24bc946106fefc884bfcb0d08d99a83e0fffe80f7f11fc72875c78285b9365f8
benchmark/results_seed18/lab4/training_stereo_false/qtable_initial_stereotypes_false_lab4.csv,e7a805786d46aebc891069aaff4b80200c4fca7991e24d1c39adfbccc5be20ee
benchmark/results_seed18/lab4/training_stereo_false/TRAINING_OK.json,a4e89b593f604ed0247ed92335ed6c71b4d0f0384f6fae74538499ac0045786b
benchmark/results_seed18/lab4/training_stereo_true/coverage_stereotypes_true_lab4.csv,84b75b207548de155ee46b964d765fa014f3f27b54cb00aa7ee45996ac8ecaae
benchmark/results_seed18/lab4/training_stereo_true/first_goal_stereotypes_true_lab4.csv,a09602c1dfa8c761307cb7cd7db7f8df69174b707ca7b63fc558f01f355c5989
benchmark/results_seed18/lab4/training_stereo_true/iv_stats_stereotypes_true_lab4.json,00f484ac9b0e4fcd02887d0f97727340747680ecfd1b5a766485160412fb6a16
benchmark/results_seed18/lab4/training_stereo_true/learned_stereotypes_true_lab4.ttl,265f75f38bc71d6ae5743a69f53832dbdb88519be87728668fcd5540202c9c08
benchmark/results_seed18/lab4/training_stereo_true/metrics_stereotypes_true_lab4.csv,6d29b104b8c887f5b6e1d3531d26760626cfb90e688f0d6fd678ce91ef4d358a
benchmark/results_seed18/lab4/training_stereo_true/qtable_final_stereotypes_true_lab4.csv,40a889c1d59355935c23f59000f5b98d7ced023e707d6995ac1334fcb67fdaa7
benchmark/results_seed18/lab4/training_stereo_true/qtable_initial_stereotypes_true_lab4.csv,a34227689301a8b03f01964727db05c0cd5ac3ca6fef2c062cbacaa11b196a6e
benchmark/results_seed18/lab4/training_stereo_true/TRAINING_OK.json,9a6b3c9592c4be7fdd6bb8e684d90175c1c357e9606ee42702a19ff3b8aeacc7
benchmark/results_seed18/lab4chain/ql_false/bench_step_log_ql_false.csv,b96324b4caf29dcd9240354b5179ed0a6ad3c355089b6a135420b71ce58d4002
benchmark/results_seed18/lab4chain/ql_false/benchmark_results_ql_false.csv,52b6019cf0a415ccdda6134d3ac4d5edcb41524364fd13e3fc00eed195c6712d
benchmark/results_seed18/lab4chain/ql_false/coverage_stereotypes_false_lab4chain.csv,bef38e06707547b705a8c7b97c2c53f384b8b97f540c86656b8178e83da9a2ea
benchmark/results_seed18/lab4chain/ql_false/coverage_stereotypes_true_lab4chain.csv,4c516bfaa90da19b660618bab2834af8d02e0b309580dad82f2c6ee9024d1d36
benchmark/results_seed18/lab4chain/ql_false/first_goal_stereotypes_false_lab4chain.csv,7ceba439c526e31ea2791a3b0b9c1d20d37913aa4813b670dbd31a8e087f0fbe
benchmark/results_seed18/lab4chain/ql_false/first_goal_stereotypes_true_lab4chain.csv,a09602c1dfa8c761307cb7cd7db7f8df69174b707ca7b63fc558f01f355c5989
benchmark/results_seed18/lab4chain/ql_false/iv_stats_stereotypes_false_lab4chain.json,a294d3bfbf2c5589cff8279e0343490806d0cce0cc3ffa6738f73ad8b099d897
benchmark/results_seed18/lab4chain/ql_false/iv_stats_stereotypes_true_lab4chain.json,fe2d57e9274bcd7bfdaafd035033aadd54258f288ed9648d4625f8259bf225ea
benchmark/results_seed18/lab4chain/ql_false/learned_stereotypes_false_lab4chain.ttl,7ff0ba4c731a178df36c526747347e627f757d6db5b588dd979f8e29d3fab6f3
benchmark/results_seed18/lab4chain/ql_false/learned_stereotypes_true_lab4chain.ttl,966f5a2920bdb1b01a0311f0b15cb978b582e58366d3c4c0f04827ad5d0d7506
benchmark/results_seed18/lab4chain/ql_false/metrics_stereotypes_false_lab4chain.csv,ead6d72df6b6e1156dcd79e462fb94f4d37ae718c317d5d315e00fd17278bf81
benchmark/results_seed18/lab4chain/ql_false/metrics_stereotypes_true_lab4chain.csv,b519bc6ae06c6550b0429e8c376480bfd28cec9d0d85efd20820e68a94656c80
benchmark/results_seed18/lab4chain/ql_false/qtable_final_stereotypes_false_lab4chain.csv,99e25de15f2d735c8e4490c28ba7118ccb0e80c0fe3b20b83a394289f02a50a8
benchmark/results_seed18/lab4chain/ql_false/qtable_final_stereotypes_false_lab4chain_trust.csv,8b74a8b2125268f80f75eedc1abd409afe252eae534fb6d33fbc9db761089e9b
benchmark/results_seed18/lab4chain/ql_false/qtable_final_stereotypes_false_lab4chain_visits.csv,ed24b7f9846ed55f82ce415cbf9616bfcd29ef9f2a3779709c86084c4b8fddda
benchmark/results_seed18/lab4chain/ql_false/qtable_final_stereotypes_false_lab4chain_zone1.csv,0475acbdebb32b66c5281c9bd2fa69779ec926196c17ad85f488aade92c6e21b
benchmark/results_seed18/lab4chain/ql_false/qtable_final_stereotypes_false_lab4chain_zone2.csv,1a609f6fc37338a1adc92139d17e87a24237a61757da09e5adb24e917fafb958
benchmark/results_seed18/lab4chain/ql_false/qtable_final_stereotypes_true_lab4chain.csv,3bcf72ceeb0ac68d5f10983f7465a452c38395d12b7db8c2e82d82cccf4c657e
benchmark/results_seed18/lab4chain/ql_false/qtable_final_stereotypes_true_lab4chain_trust.csv,8b74a8b2125268f80f75eedc1abd409afe252eae534fb6d33fbc9db761089e9b
benchmark/results_seed18/lab4chain/ql_false/qtable_final_stereotypes_true_lab4chain_visits.csv,3f3de9138d6b9d0732231693fe44c03dedc340faf989d0f760180a2256fe7e33
benchmark/results_seed18/lab4chain/ql_false/qtable_final_stereotypes_true_lab4chain_zone1.csv,e66049b64c9d6dd37d247832753f51e6ee27e73b7e2eb0cb937c39124428cb7b
benchmark/results_seed18/lab4chain/ql_false/qtable_final_stereotypes_true_lab4chain_zone2.csv,cda18f66efe83bd3c1831d1450a85a587cc104a41da596fab70df7a6b9128e70
benchmark/results_seed18/lab4chain/ql_false/trace_bench_ql_false.jsonl,e3b0c44298fc1c149afbf4c8996fb92427ae41e4649b934ca495991b7852b855
benchmark/results_seed18/lab4chain/ql_true/bench_step_log_ql_true.csv,5a723776d1b20618736a0af767b16a1a2a120e071343158e2c1aa7f2475520cd
benchmark/results_seed18/lab4chain/ql_true/benchmark_results_ql_true.csv,4fa61735fc4c5ed563445995b8876fd94bdb1c5d6f5ec3ece855e960fa208ac2
benchmark/results_seed18/lab4chain/ql_true/coverage_stereotypes_false_lab4chain.csv,bef38e06707547b705a8c7b97c2c53f384b8b97f540c86656b8178e83da9a2ea
benchmark/results_seed18/lab4chain/ql_true/coverage_stereotypes_true_lab4chain.csv,4c516bfaa90da19b660618bab2834af8d02e0b309580dad82f2c6ee9024d1d36
benchmark/results_seed18/lab4chain/ql_true/first_goal_stereotypes_false_lab4chain.csv,7ceba439c526e31ea2791a3b0b9c1d20d37913aa4813b670dbd31a8e087f0fbe
benchmark/results_seed18/lab4chain/ql_true/first_goal_stereotypes_true_lab4chain.csv,a09602c1dfa8c761307cb7cd7db7f8df69174b707ca7b63fc558f01f355c5989
benchmark/results_seed18/lab4chain/ql_true/iv_stats_stereotypes_false_lab4chain.json,a294d3bfbf2c5589cff8279e0343490806d0cce0cc3ffa6738f73ad8b099d897
benchmark/results_seed18/lab4chain/ql_true/iv_stats_stereotypes_true_lab4chain.json,fe2d57e9274bcd7bfdaafd035033aadd54258f288ed9648d4625f8259bf225ea
benchmark/results_seed18/lab4chain/ql_true/learned_stereotypes_false_lab4chain.ttl,7ff0ba4c731a178df36c526747347e627f757d6db5b588dd979f8e29d3fab6f3
benchmark/results_seed18/lab4chain/ql_true/learned_stereotypes_true_lab4chain.ttl,966f5a2920bdb1b01a0311f0b15cb978b582e58366d3c4c0f04827ad5d0d7506
benchmark/results_seed18/lab4chain/ql_true/metrics_stereotypes_false_lab4chain.csv,ead6d72df6b6e1156dcd79e462fb94f4d37ae718c317d5d315e00fd17278bf81
benchmark/results_seed18/lab4chain/ql_true/metrics_stereotypes_true_lab4chain.csv,b519bc6ae06c6550b0429e8c376480bfd28cec9d0d85efd20820e68a94656c80
benchmark/results_seed18/lab4chain/ql_true/qtable_final_stereotypes_false_lab4chain.csv,99e25de15f2d735c8e4490c28ba7118ccb0e80c0fe3b20b83a394289f02a50a8
benchmark/results_seed18/lab4chain/ql_true/qtable_final_stereotypes_false_lab4chain_trust.csv,8b74a8b2125268f80f75eedc1abd409afe252eae534fb6d33fbc9db761089e9b
benchmark/results_seed18/lab4chain/ql_true/qtable_final_stereotypes_false_lab4chain_visits.csv,ed24b7f9846ed55f82ce415cbf9616bfcd29ef9f2a3779709c86084c4b8fddda
benchmark/results_seed18/lab4chain/ql_true/qtable_final_stereotypes_false_lab4chain_zone1.csv,0475acbdebb32b66c5281c9bd2fa69779ec926196c17ad85f488aade92c6e21b
benchmark/results_seed18/lab4chain/ql_true/qtable_final_stereotypes_false_lab4chain_zone2.csv,1a609f6fc37338a1adc92139d17e87a24237a61757da09e5adb24e917fafb958
benchmark/results_seed18/lab4chain/ql_true/qtable_final_stereotypes_true_lab4chain.csv,3bcf72ceeb0ac68d5f10983f7465a452c38395d12b7db8c2e82d82cccf4c657e
benchmark/results_seed18/lab4chain/ql_true/qtable_final_stereotypes_true_lab4chain_trust.csv,8b74a8b2125268f80f75eedc1abd409afe252eae534fb6d33fbc9db761089e9b
benchmark/results_seed18/lab4chain/ql_true/qtable_final_stereotypes_true_lab4chain_visits.csv,3f3de9138d6b9d0732231693fe44c03dedc340faf989d0f760180a2256fe7e33
benchmark/results_seed18/lab4chain/ql_true/qtable_final_stereotypes_true_lab4chain_zone1.csv,e66049b64c9d6dd37d247832753f51e6ee27e73b7e2eb0cb937c39124428cb7b
benchmark/results_seed18/lab4chain/ql_true/qtable_final_stereotypes_true_lab4chain_zone2.csv,cda18f66efe83bd3c1831d1450a85a587cc104a41da596fab70df7a6b9128e70
benchmark/results_seed18/lab4chain/ql_true/trace_bench_ql_true.jsonl,e3b0c44298fc1c149afbf4c8996fb92427ae41e4649b934ca495991b7852b855
benchmark/results_seed18/lab4chain/rule_based/bench_step_log_rule_based.csv,80c72f4e1cceb1e8d37ced41e08fdf772dce607596a4f6e207a0fb1080d0716a
benchmark/results_seed18/lab4chain/rule_based/benchmark_results_rule_based.csv,aacfc9446fb4bb3f702508ab5265fd432382b12730ca3c17f5931a99a0be64fe
benchmark/results_seed18/lab4chain/rule_based/coverage_stereotypes_false_lab4chain.csv,bef38e06707547b705a8c7b97c2c53f384b8b97f540c86656b8178e83da9a2ea
benchmark/results_seed18/lab4chain/rule_based/coverage_stereotypes_true_lab4chain.csv,4c516bfaa90da19b660618bab2834af8d02e0b309580dad82f2c6ee9024d1d36
benchmark/results_seed18/lab4chain/rule_based/first_goal_stereotypes_false_lab4chain.csv,7ceba439c526e31ea2791a3b0b9c1d20d37913aa4813b670dbd31a8e087f0fbe
benchmark/results_seed18/lab4chain/rule_based/first_goal_stereotypes_true_lab4chain.csv,a09602c1dfa8c761307cb7cd7db7f8df69174b707ca7b63fc558f01f355c5989
benchmark/results_seed18/lab4chain/rule_based/iv_stats_stereotypes_false_lab4chain.json,a294d3bfbf2c5589cff8279e0343490806d0cce0cc3ffa6738f73ad8b099d897
benchmark/results_seed18/lab4chain/rule_based/iv_stats_stereotypes_true_lab4chain.json,fe2d57e9274bcd7bfdaafd035033aadd54258f288ed9648d4625f8259bf225ea
benchmark/results_seed18/lab4chain/rule_based/learned_stereotypes_false_lab4chain.ttl,7ff0ba4c731a178df36c526747347e627f757d6db5b588dd979f8e29d3fab6f3
benchmark/results_seed18/lab4chain/rule_based/learned_stereotypes_true_lab4chain.ttl,966f5a2920bdb1b01a0311f0b15cb978b582e58366d3c4c0f04827ad5d0d7506
benchmark/results_seed18/lab4chain/rule_based/metrics_stereotypes_false_lab4chain.csv,ead6d72df6b6e1156dcd79e462fb94f4d37ae718c317d5d315e00fd17278bf81
benchmark/results_seed18/lab4chain/rule_based/metrics_stereotypes_true_lab4chain.csv,b519bc6ae06c6550b0429e8c376480bfd28cec9d0d85efd20820e68a94656c80
benchmark/results_seed18/lab4chain/rule_based/qtable_final_stereotypes_false_lab4chain.csv,99e25de15f2d735c8e4490c28ba7118ccb0e80c0fe3b20b83a394289f02a50a8
benchmark/results_seed18/lab4chain/rule_based/qtable_final_stereotypes_false_lab4chain_trust.csv,8b74a8b2125268f80f75eedc1abd409afe252eae534fb6d33fbc9db761089e9b
benchmark/results_seed18/lab4chain/rule_based/qtable_final_stereotypes_false_lab4chain_visits.csv,ed24b7f9846ed55f82ce415cbf9616bfcd29ef9f2a3779709c86084c4b8fddda
benchmark/results_seed18/lab4chain/rule_based/qtable_final_stereotypes_false_lab4chain_zone1.csv,0475acbdebb32b66c5281c9bd2fa69779ec926196c17ad85f488aade92c6e21b
benchmark/results_seed18/lab4chain/rule_based/qtable_final_stereotypes_false_lab4chain_zone2.csv,1a609f6fc37338a1adc92139d17e87a24237a61757da09e5adb24e917fafb958
benchmark/results_seed18/lab4chain/rule_based/qtable_final_stereotypes_true_lab4chain.csv,3bcf72ceeb0ac68d5f10983f7465a452c38395d12b7db8c2e82d82cccf4c657e
benchmark/results_seed18/lab4chain/rule_based/qtable_final_stereotypes_true_lab4chain_trust.csv,8b74a8b2125268f80f75eedc1abd409afe252eae534fb6d33fbc9db761089e9b
benchmark/results_seed18/lab4chain/rule_based/qtable_final_stereotypes_true_lab4chain_visits.csv,3f3de9138d6b9d0732231693fe44c03dedc340faf989d0f760180a2256fe7e33
benchmark/results_seed18/lab4chain/rule_based/qtable_final_stereotypes_true_lab4chain_zone1.csv,e66049b64c9d6dd37d247832753f51e6ee27e73b7e2eb0cb937c39124428cb7b
benchmark/results_seed18/lab4chain/rule_based/qtable_final_stereotypes_true_lab4chain_zone2.csv,cda18f66efe83bd3c1831d1450a85a587cc104a41da596fab70df7a6b9128e70
benchmark/results_seed18/lab4chain/training_stereo_false/coverage_stereotypes_false_lab4chain.csv,bef38e06707547b705a8c7b97c2c53f384b8b97f540c86656b8178e83da9a2ea
benchmark/results_seed18/lab4chain/training_stereo_false/first_goal_stereotypes_false_lab4chain.csv,7ceba439c526e31ea2791a3b0b9c1d20d37913aa4813b670dbd31a8e087f0fbe
benchmark/results_seed18/lab4chain/training_stereo_false/iv_stats_stereotypes_false_lab4chain.json,a294d3bfbf2c5589cff8279e0343490806d0cce0cc3ffa6738f73ad8b099d897
benchmark/results_seed18/lab4chain/training_stereo_false/learned_stereotypes_false_lab4chain.ttl,7ff0ba4c731a178df36c526747347e627f757d6db5b588dd979f8e29d3fab6f3
benchmark/results_seed18/lab4chain/training_stereo_false/metrics_stereotypes_false_lab4chain.csv,ead6d72df6b6e1156dcd79e462fb94f4d37ae718c317d5d315e00fd17278bf81
benchmark/results_seed18/lab4chain/training_stereo_false/qtable_final_stereotypes_false_lab4chain.csv,99e25de15f2d735c8e4490c28ba7118ccb0e80c0fe3b20b83a394289f02a50a8
benchmark/results_seed18/lab4chain/training_stereo_false/qtable_initial_stereotypes_false_lab4chain.csv,8e651424be7fc1e8f08b3ca8d4f82f240e9f7fc9a9db7c05f461ed8ca6c14a18
benchmark/results_seed18/lab4chain/training_stereo_false/TRAINING_OK.json,6a211e73bd117bbf789c25984c6fcaa2857e0bc8cd9868b3ca4603abc90c4143
benchmark/results_seed18/lab4chain/training_stereo_true/coverage_stereotypes_true_lab4chain.csv,4c516bfaa90da19b660618bab2834af8d02e0b309580dad82f2c6ee9024d1d36
benchmark/results_seed18/lab4chain/training_stereo_true/first_goal_stereotypes_true_lab4chain.csv,a09602c1dfa8c761307cb7cd7db7f8df69174b707ca7b63fc558f01f355c5989
benchmark/results_seed18/lab4chain/training_stereo_true/iv_stats_stereotypes_true_lab4chain.json,fe2d57e9274bcd7bfdaafd035033aadd54258f288ed9648d4625f8259bf225ea
benchmark/results_seed18/lab4chain/training_stereo_true/learned_stereotypes_true_lab4chain.ttl,966f5a2920bdb1b01a0311f0b15cb978b582e58366d3c4c0f04827ad5d0d7506
benchmark/results_seed18/lab4chain/training_stereo_true/metrics_stereotypes_true_lab4chain.csv,b519bc6ae06c6550b0429e8c376480bfd28cec9d0d85efd20820e68a94656c80
benchmark/results_seed18/lab4chain/training_stereo_true/qtable_final_stereotypes_true_lab4chain.csv,3bcf72ceeb0ac68d5f10983f7465a452c38395d12b7db8c2e82d82cccf4c657e
benchmark/results_seed18/lab4chain/training_stereo_true/qtable_initial_stereotypes_true_lab4chain.csv,be569de97d95f95e9c344cdc3dd3e7846339ceb11bca6d874c399574155d2283
benchmark/results_seed18/lab4chain/training_stereo_true/TRAINING_OK.json,f75f3bf836b7f79bd7f98327d4ea6ff244e696c656bdba6e3681b3d7d8b5da07
benchmark/results_seed18/lab4dual/ql_false/bench_step_log_ql_false.csv,7ec5c528addeffbc1d20d915a74b629cfcad8828a9da91dab7525c57b3acb358
benchmark/results_seed18/lab4dual/ql_false/benchmark_results_ql_false.csv,98bae2eb569c93c816b4a68718e047ee36854a392c9204607b7937817b94fe1c
benchmark/results_seed18/lab4dual/ql_false/coverage_stereotypes_false_lab4dual.csv,36e24b30d80fd939f38e86e0bc0a6bd1cd42aa26e67624cbb2cb4199851b3e48
benchmark/results_seed18/lab4dual/ql_false/coverage_stereotypes_true_lab4dual.csv,518b87c1f0a72dbf4a29fea691286131c2fbb919e6e5582a58b6d6674066b9a9
benchmark/results_seed18/lab4dual/ql_false/first_goal_stereotypes_false_lab4dual.csv,c8437d579883358b42d968f08996efac9afcb47a3d987189dd091d54fd7189a0
benchmark/results_seed18/lab4dual/ql_false/first_goal_stereotypes_true_lab4dual.csv,a09602c1dfa8c761307cb7cd7db7f8df69174b707ca7b63fc558f01f355c5989
benchmark/results_seed18/lab4dual/ql_false/iv_stats_stereotypes_false_lab4dual.json,61395600260b0007e7c0b6d6d866e2b87f3246af32b8206491f532705910c7b3
benchmark/results_seed18/lab4dual/ql_false/iv_stats_stereotypes_true_lab4dual.json,5262d1cf9902bfbb784188b01a37d7eec05e22560bbe666f2bbdcf4068a20327
benchmark/results_seed18/lab4dual/ql_false/learned_stereotypes_false_lab4dual.ttl,b4de5ea8218c5c317110a2d9b4cf3a44e6434844005caa60dfc3cfcb5f18525b
benchmark/results_seed18/lab4dual/ql_false/learned_stereotypes_true_lab4dual.ttl,69e9788cc3d29bf5b295cd03f87f89bb9c89c80e53176d705bea2bf5b49a2ddc
benchmark/results_seed18/lab4dual/ql_false/metrics_stereotypes_false_lab4dual.csv,8520c70e45337036fb87d00918c21c15b705c12db67c1ee0e39679e5d5c5a7d7
benchmark/results_seed18/lab4dual/ql_false/metrics_stereotypes_true_lab4dual.csv,670638c5c4b8b1ae38c096f715551496271c76515beb67618646e171f187f348
benchmark/results_seed18/lab4dual/ql_false/qtable_final_stereotypes_false_lab4dual.csv,591d5800654d918273a2b1879678aba6c79694394c1a6f3f386aa2c41273335e
benchmark/results_seed18/lab4dual/ql_false/qtable_final_stereotypes_false_lab4dual_trust.csv,8b74a8b2125268f80f75eedc1abd409afe252eae534fb6d33fbc9db761089e9b
benchmark/results_seed18/lab4dual/ql_false/qtable_final_stereotypes_false_lab4dual_visits.csv,046d47006fd0ad863b99752a9d6c716234f55107eb7f4e116b1b1dd0c02b908d
benchmark/results_seed18/lab4dual/ql_false/qtable_final_stereotypes_false_lab4dual_zone1.csv,d4c60387a8adf436c0c9c9c50e13116ea85de2c0dfe2df07f33013efa55b71f0
benchmark/results_seed18/lab4dual/ql_false/qtable_final_stereotypes_false_lab4dual_zone2.csv,d04018546ba753fd388255aa1ac8ae00cf3e52fc504557a26a0cc127c9a6d234
benchmark/results_seed18/lab4dual/ql_false/qtable_final_stereotypes_true_lab4dual.csv,8734f30b1ecb7d734b041e3ed0038fa305e90852be7830839d02e38619df1bbf
benchmark/results_seed18/lab4dual/ql_false/qtable_final_stereotypes_true_lab4dual_trust.csv,8b74a8b2125268f80f75eedc1abd409afe252eae534fb6d33fbc9db761089e9b
benchmark/results_seed18/lab4dual/ql_false/qtable_final_stereotypes_true_lab4dual_visits.csv,fc374a71e164e828df959a44f3325f65f58a4fc9aa32d074323496c5d5cb1fbf
benchmark/results_seed18/lab4dual/ql_false/qtable_final_stereotypes_true_lab4dual_zone1.csv,83a014e80a798aa6a6796ac8ea9c70f3c4c117ff2f2cdeb00a8ed1c3cf105160
benchmark/results_seed18/lab4dual/ql_false/qtable_final_stereotypes_true_lab4dual_zone2.csv,494c0800724e53cec7aa382ab4bea388845de89fcca960ce1bd90395d54dd908
benchmark/results_seed18/lab4dual/ql_false/trace_bench_ql_false.jsonl,e3b0c44298fc1c149afbf4c8996fb92427ae41e4649b934ca495991b7852b855
benchmark/results_seed18/lab4dual/ql_true/bench_step_log_ql_true.csv,e1a28276c35c0986f4852607b269dc35f517077708c4766cb655dcd3e3999f35
benchmark/results_seed18/lab4dual/ql_true/benchmark_results_ql_true.csv,d2f688a77f06ee715c83a11868bfc7a0249689cec5cb8fe21ae8f23c0e0925e6
benchmark/results_seed18/lab4dual/ql_true/coverage_stereotypes_false_lab4dual.csv,36e24b30d80fd939f38e86e0bc0a6bd1cd42aa26e67624cbb2cb4199851b3e48
benchmark/results_seed18/lab4dual/ql_true/coverage_stereotypes_true_lab4dual.csv,518b87c1f0a72dbf4a29fea691286131c2fbb919e6e5582a58b6d6674066b9a9
benchmark/results_seed18/lab4dual/ql_true/first_goal_stereotypes_false_lab4dual.csv,c8437d579883358b42d968f08996efac9afcb47a3d987189dd091d54fd7189a0
benchmark/results_seed18/lab4dual/ql_true/first_goal_stereotypes_true_lab4dual.csv,a09602c1dfa8c761307cb7cd7db7f8df69174b707ca7b63fc558f01f355c5989
benchmark/results_seed18/lab4dual/ql_true/iv_stats_stereotypes_false_lab4dual.json,61395600260b0007e7c0b6d6d866e2b87f3246af32b8206491f532705910c7b3
benchmark/results_seed18/lab4dual/ql_true/iv_stats_stereotypes_true_lab4dual.json,5262d1cf9902bfbb784188b01a37d7eec05e22560bbe666f2bbdcf4068a20327
benchmark/results_seed18/lab4dual/ql_true/learned_stereotypes_false_lab4dual.ttl,b4de5ea8218c5c317110a2d9b4cf3a44e6434844005caa60dfc3cfcb5f18525b
benchmark/results_seed18/lab4dual/ql_true/learned_stereotypes_true_lab4dual.ttl,69e9788cc3d29bf5b295cd03f87f89bb9c89c80e53176d705bea2bf5b49a2ddc
benchmark/results_seed18/lab4dual/ql_true/metrics_stereotypes_false_lab4dual.csv,8520c70e45337036fb87d00918c21c15b705c12db67c1ee0e39679e5d5c5a7d7
benchmark/results_seed18/lab4dual/ql_true/metrics_stereotypes_true_lab4dual.csv,670638c5c4b8b1ae38c096f715551496271c76515beb67618646e171f187f348
benchmark/results_seed18/lab4dual/ql_true/qtable_final_stereotypes_false_lab4dual.csv,591d5800654d918273a2b1879678aba6c79694394c1a6f3f386aa2c41273335e
benchmark/results_seed18/lab4dual/ql_true/qtable_final_stereotypes_false_lab4dual_trust.csv,8b74a8b2125268f80f75eedc1abd409afe252eae534fb6d33fbc9db761089e9b
benchmark/results_seed18/lab4dual/ql_true/qtable_final_stereotypes_false_lab4dual_visits.csv,046d47006fd0ad863b99752a9d6c716234f55107eb7f4e116b1b1dd0c02b908d
benchmark/results_seed18/lab4dual/ql_true/qtable_final_stereotypes_false_lab4dual_zone1.csv,d4c60387a8adf436c0c9c9c50e13116ea85de2c0dfe2df07f33013efa55b71f0
benchmark/results_seed18/lab4dual/ql_true/qtable_final_stereotypes_false_lab4dual_zone2.csv,d04018546ba753fd388255aa1ac8ae00cf3e52fc504557a26a0cc127c9a6d234
benchmark/results_seed18/lab4dual/ql_true/qtable_final_stereotypes_true_lab4dual.csv,8734f30b1ecb7d734b041e3ed0038fa305e90852be7830839d02e38619df1bbf
benchmark/results_seed18/lab4dual/ql_true/qtable_final_stereotypes_true_lab4dual_trust.csv,8b74a8b2125268f80f75eedc1abd409afe252eae534fb6d33fbc9db761089e9b
benchmark/results_seed18/lab4dual/ql_true/qtable_final_stereotypes_true_lab4dual_visits.csv,fc374a71e164e828df959a44f3325f65f58a4fc9aa32d074323496c5d5cb1fbf
benchmark/results_seed18/lab4dual/ql_true/qtable_final_stereotypes_true_lab4dual_zone1.csv,83a014e80a798aa6a6796ac8ea9c70f3c4c117ff2f2cdeb00a8ed1c3cf105160
benchmark/results_seed18/lab4dual/ql_true/qtable_final_stereotypes_true_lab4dual_zone2.csv,494c0800724e53cec7aa382ab4bea388845de89fcca960ce1bd90395d54dd908
benchmark/results_seed18/lab4dual/ql_true/trace_bench_ql_true.jsonl,e3b0c44298fc1c149afbf4c8996fb92427ae41e4649b934ca495991b7852b855
benchmark/results_seed18/lab4dual/rule_based/bench_step_log_rule_based.csv,7bde9a71d15f8b7167398dfa5926ffbd85d5a7fc6c797150340006ad16070521
benchmark/results_seed18/lab4dual/rule_based/benchmark_results_rule_based.csv,858d36f2e7ca5fb01cab3d36388773c0401576ca3cf5e2d036305d3d9aece805
benchmark/results_seed18/lab4dual/rule_based/coverage_stereotypes_false_lab4dual.csv,36e24b30d80fd939f38e86e0bc0a6bd1cd42aa26e67624cbb2cb4199851b3e48
benchmark/results_seed18/lab4dual/rule_based/coverage_stereotypes_true_lab4dual.csv,518b87c1f0a72dbf4a29fea691286131c2fbb919e6e5582a58b6d6674066b9a9
benchmark/results_seed18/lab4dual/rule_based/first_goal_stereotypes_false_lab4dual.csv,c8437d579883358b42d968f08996efac9afcb47a3d987189dd091d54fd7189a0
benchmark/results_seed18/lab4dual/rule_based/first_goal_stereotypes_true_lab4dual.csv,a09602c1dfa8c761307cb7cd7db7f8df69174b707ca7b63fc558f01f355c5989
benchmark/results_seed18/lab4dual/rule_based/iv_stats_stereotypes_false_lab4dual.json,61395600260b0007e7c0b6d6d866e2b87f3246af32b8206491f532705910c7b3
benchmark/results_seed18/lab4dual/rule_based/iv_stats_stereotypes_true_lab4dual.json,5262d1cf9902bfbb784188b01a37d7eec05e22560bbe666f2bbdcf4068a20327
benchmark/results_seed18/lab4dual/rule_based/learned_stereotypes_false_lab4dual.ttl,b4de5ea8218c5c317110a2d9b4cf3a44e6434844005caa60dfc3cfcb5f18525b
benchmark/results_seed18/lab4dual/rule_based/learned_stereotypes_true_lab4dual.ttl,69e9788cc3d29bf5b295cd03f87f89bb9c89c80e53176d705bea2bf5b49a2ddc
benchmark/results_seed18/lab4dual/rule_based/metrics_stereotypes_false_lab4dual.csv,8520c70e45337036fb87d00918c21c15b705c12db67c1ee0e39679e5d5c5a7d7
benchmark/results_seed18/lab4dual/rule_based/metrics_stereotypes_true_lab4dual.csv,670638c5c4b8b1ae38c096f715551496271c76515beb67618646e171f187f348
benchmark/results_seed18/lab4dual/rule_based/qtable_final_stereotypes_false_lab4dual.csv,591d5800654d918273a2b1879678aba6c79694394c1a6f3f386aa2c41273335e
benchmark/results_seed18/lab4dual/rule_based/qtable_final_stereotypes_false_lab4dual_trust.csv,8b74a8b2125268f80f75eedc1abd409afe252eae534fb6d33fbc9db761089e9b
benchmark/results_seed18/lab4dual/rule_based/qtable_final_stereotypes_false_lab4dual_visits.csv,046d47006fd0ad863b99752a9d6c716234f55107eb7f4e116b1b1dd0c02b908d
benchmark/results_seed18/lab4dual/rule_based/qtable_final_stereotypes_false_lab4dual_zone1.csv,d4c60387a8adf436c0c9c9c50e13116ea85de2c0dfe2df07f33013efa55b71f0
benchmark/results_seed18/lab4dual/rule_based/qtable_final_stereotypes_false_lab4dual_zone2.csv,d04018546ba753fd388255aa1ac8ae00cf3e52fc504557a26a0cc127c9a6d234
benchmark/results_seed18/lab4dual/rule_based/qtable_final_stereotypes_true_lab4dual.csv,8734f30b1ecb7d734b041e3ed0038fa305e90852be7830839d02e38619df1bbf
benchmark/results_seed18/lab4dual/rule_based/qtable_final_stereotypes_true_lab4dual_trust.csv,8b74a8b2125268f80f75eedc1abd409afe252eae534fb6d33fbc9db761089e9b
benchmark/results_seed18/lab4dual/rule_based/qtable_final_stereotypes_true_lab4dual_visits.csv,fc374a71e164e828df959a44f3325f65f58a4fc9aa32d074323496c5d5cb1fbf
benchmark/results_seed18/lab4dual/rule_based/qtable_final_stereotypes_true_lab4dual_zone1.csv,83a014e80a798aa6a6796ac8ea9c70f3c4c117ff2f2cdeb00a8ed1c3cf105160
benchmark/results_seed18/lab4dual/rule_based/qtable_final_stereotypes_true_lab4dual_zone2.csv,494c0800724e53cec7aa382ab4bea388845de89fcca960ce1bd90395d54dd908
benchmark/results_seed18/lab4dual/training_stereo_false/coverage_stereotypes_false_lab4dual.csv,36e24b30d80fd939f38e86e0bc0a6bd1cd42aa26e67624cbb2cb4199851b3e48
benchmark/results_seed18/lab4dual/training_stereo_false/first_goal_stereotypes_false_lab4dual.csv,c8437d579883358b42d968f08996efac9afcb47a3d987189dd091d54fd7189a0
benchmark/results_seed18/lab4dual/training_stereo_false/iv_stats_stereotypes_false_lab4dual.json,61395600260b0007e7c0b6d6d866e2b87f3246af32b8206491f532705910c7b3
benchmark/results_seed18/lab4dual/training_stereo_false/learned_stereotypes_false_lab4dual.ttl,b4de5ea8218c5c317110a2d9b4cf3a44e6434844005caa60dfc3cfcb5f18525b
benchmark/results_seed18/lab4dual/training_stereo_false/metrics_stereotypes_false_lab4dual.csv,8520c70e45337036fb87d00918c21c15b705c12db67c1ee0e39679e5d5c5a7d7
benchmark/results_seed18/lab4dual/training_stereo_false/qtable_final_stereotypes_false_lab4dual.csv,591d5800654d918273a2b1879678aba6c79694394c1a6f3f386aa2c41273335e
benchmark/results_seed18/lab4dual/training_stereo_false/qtable_initial_stereotypes_false_lab4dual.csv,76c7e1200a5c817c641f0fac6077a813d29a7731ea5b7ca36b5152359bf32840
benchmark/results_seed18/lab4dual/training_stereo_false/TRAINING_OK.json,833ecc57ca214c0d838c790859e301921c6d9b4644c078cf09e9679d39b08120
benchmark/results_seed18/lab4dual/training_stereo_true/coverage_stereotypes_true_lab4dual.csv,518b87c1f0a72dbf4a29fea691286131c2fbb919e6e5582a58b6d6674066b9a9
benchmark/results_seed18/lab4dual/training_stereo_true/first_goal_stereotypes_true_lab4dual.csv,a09602c1dfa8c761307cb7cd7db7f8df69174b707ca7b63fc558f01f355c5989
benchmark/results_seed18/lab4dual/training_stereo_true/iv_stats_stereotypes_true_lab4dual.json,5262d1cf9902bfbb784188b01a37d7eec05e22560bbe666f2bbdcf4068a20327
benchmark/results_seed18/lab4dual/training_stereo_true/learned_stereotypes_true_lab4dual.ttl,69e9788cc3d29bf5b295cd03f87f89bb9c89c80e53176d705bea2bf5b49a2ddc
benchmark/results_seed18/lab4dual/training_stereo_true/metrics_stereotypes_true_lab4dual.csv,670638c5c4b8b1ae38c096f715551496271c76515beb67618646e171f187f348
benchmark/results_seed18/lab4dual/training_stereo_true/qtable_final_stereotypes_true_lab4dual.csv,8734f30b1ecb7d734b041e3ed0038fa305e90852be7830839d02e38619df1bbf
benchmark/results_seed18/lab4dual/training_stereo_true/qtable_initial_stereotypes_true_lab4dual.csv,0ac9c51af98a5d238d35312958e4ef0068172106b0f793b4ec6e1d534e574776
benchmark/results_seed18/lab4dual/training_stereo_true/TRAINING_OK.json,f9e080f8551ca92d258d372d2ee5b4cc09eaf779c8a6aa8cbe08d1519b51d385
benchmark/results_seed18/lab5/ql_false/bench_step_log_ql_false.csv,bf5bde1e305fcc148e3bcd3ab836779385a9945f74cf9f8f7678c7e9091f6f7a
benchmark/results_seed18/lab5/ql_false/benchmark_results_ql_false.csv,62d9c7bf81bf10c7607540f83d021ff85e42313dce5afc661a2be0f686139f6a
benchmark/results_seed18/lab5/ql_false/coverage_stereotypes_false_lab5.csv,b9966ce7431c4672ee756dc4df18efb404a193815bad7365e846a64e314897e6
benchmark/results_seed18/lab5/ql_false/coverage_stereotypes_true_lab5.csv,a904b72a6871b258ede22a33422579db6b5b1e3300c6fd9fd20e915d6242d30b
benchmark/results_seed18/lab5/ql_false/first_goal_stereotypes_false_lab5.csv,7ceba439c526e31ea2791a3b0b9c1d20d37913aa4813b670dbd31a8e087f0fbe
benchmark/results_seed18/lab5/ql_false/first_goal_stereotypes_true_lab5.csv,a09602c1dfa8c761307cb7cd7db7f8df69174b707ca7b63fc558f01f355c5989
benchmark/results_seed18/lab5/ql_false/iv_stats_stereotypes_false_lab5.json,86cbaea67bae51b03a145a9a55b46bb0a7dfd8162bf50cd3028c964fc30d710e
benchmark/results_seed18/lab5/ql_false/iv_stats_stereotypes_true_lab5.json,99322e52074fe23ee8be2f674e964ea55450dbed44d559b54b7ab0c5bb6b32ea
benchmark/results_seed18/lab5/ql_false/learned_stereotypes_false_lab5.ttl,3336254bc4694d3b9fe362397b95d02822eb5231d2f49fbff86fe478bf13b3ee
benchmark/results_seed18/lab5/ql_false/learned_stereotypes_true_lab5.ttl,644fe25f55d14a0d34693cc072bacc49d678cb227f71e3d78b2879912020b315
benchmark/results_seed18/lab5/ql_false/metrics_stereotypes_false_lab5.csv,1b6d4c6a58afb180dfc1b048108befb10aa7d04e0b00eb3f65e3bf99bb41f83b
benchmark/results_seed18/lab5/ql_false/metrics_stereotypes_true_lab5.csv,9bdf1c76a4fc9498779bdfc260814cc62d587b5f99d7ae28a88874ade7263814
benchmark/results_seed18/lab5/ql_false/qtable_final_stereotypes_false_lab5.csv,ae97dca18957e805b5aa0c44ef884244e4a30e419a5b82d9cfe80beefe7de887
benchmark/results_seed18/lab5/ql_false/qtable_final_stereotypes_false_lab5_trust.csv,8b74a8b2125268f80f75eedc1abd409afe252eae534fb6d33fbc9db761089e9b
benchmark/results_seed18/lab5/ql_false/qtable_final_stereotypes_false_lab5_visits.csv,e84c0d66dc8eb7241f32c7bf9d164a4a073acf5536d81d428ab7091343b804a0
benchmark/results_seed18/lab5/ql_false/qtable_final_stereotypes_false_lab5_zone1.csv,a7d32bae69770aa105d0cd0d56fdfe835a76d154638ba444b1c860de775a0274
benchmark/results_seed18/lab5/ql_false/qtable_final_stereotypes_false_lab5_zone2.csv,9bb17daaf18db7f254d4d78c507fdf95713a695fc47b6ed184b4481a540589bd
benchmark/results_seed18/lab5/ql_false/qtable_final_stereotypes_true_lab5.csv,0c756b08411e00d2b04f1b7c0bbabbfdb04b16f8a9ab39788d62064611669a25
benchmark/results_seed18/lab5/ql_false/qtable_final_stereotypes_true_lab5_trust.csv,8b74a8b2125268f80f75eedc1abd409afe252eae534fb6d33fbc9db761089e9b
benchmark/results_seed18/lab5/ql_false/qtable_final_stereotypes_true_lab5_visits.csv,73f320f747b9d007b27274d1c1dcb8f6214409aa9aaa7c7fd4a33a815cd03b83
benchmark/results_seed18/lab5/ql_false/qtable_final_stereotypes_true_lab5_zone1.csv,405d45f0421ae0cc3cef3c4e8c42b067104692fab07ca154c734b65e62b39ee5
benchmark/results_seed18/lab5/ql_false/qtable_final_stereotypes_true_lab5_zone2.csv,e3ef2c081f46d28080a5b2a6befe2a09cbc40c616068dee8be1e5449bdcfb323
benchmark/results_seed18/lab5/ql_false/trace_bench_ql_false.jsonl,e3b0c44298fc1c149afbf4c8996fb92427ae41e4649b934ca495991b7852b855
benchmark/results_seed18/lab5/ql_true/bench_step_log_ql_true.csv,5518c91c19dd2e40b6dabac687fd9d233ecddf53ff34ac0e55cea7a05b2185d1
benchmark/results_seed18/lab5/ql_true/benchmark_results_ql_true.csv,0c309249939421e5d7cac3262e3a830d7dc001fcf486e833f67403eb28ae5a1d
benchmark/results_seed18/lab5/ql_true/coverage_stereotypes_false_lab5.csv,b9966ce7431c4672ee756dc4df18efb404a193815bad7365e846a64e314897e6
benchmark/results_seed18/lab5/ql_true/coverage_stereotypes_true_lab5.csv,a904b72a6871b258ede22a33422579db6b5b1e3300c6fd9fd20e915d6242d30b
benchmark/results_seed18/lab5/ql_true/first_goal_stereotypes_false_lab5.csv,7ceba439c526e31ea2791a3b0b9c1d20d37913aa4813b670dbd31a8e087f0fbe
benchmark/results_seed18/lab5/ql_true/first_goal_stereotypes_true_lab5.csv,a09602c1dfa8c761307cb7cd7db7f8df69174b707ca7b63fc558f01f355c5989
benchmark/results_seed18/lab5/ql_true/iv_stats_stereotypes_false_lab5.json,86cbaea67bae51b03a145a9a55b46bb0a7dfd8162bf50cd3028c964fc30d710e
benchmark/results_seed18/lab5/ql_true/iv_stats_stereotypes_true_lab5.json,99322e52074fe23ee8be2f674e964ea55450dbed44d559b54b7ab0c5bb6b32ea
benchmark/results_seed18/lab5/ql_true/learned_stereotypes_false_lab5.ttl,3336254bc4694d3b9fe362397b95d02822eb5231d2f49fbff86fe478bf13b3ee
benchmark/results_seed18/lab5/ql_true/learned_stereotypes_true_lab5.ttl,644fe25f55d14a0d34693cc072bacc49d678cb227f71e3d78b2879912020b315
benchmark/results_seed18/lab5/ql_true/metrics_stereotypes_false_lab5.csv,1b6d4c6a58afb180dfc1b048108befb10aa7d04e0b00eb3f65e3bf99bb41f83b
benchmark/results_seed18/lab5/ql_true/metrics_stereotypes_true_lab5.csv,9bdf1c76a4fc9498779bdfc260814cc62d587b5f99d7ae28a88874ade7263814
benchmark/results_seed18/lab5/ql_true/qtable_final_stereotypes_false_lab5.csv,ae97dca18957e805b5aa0c44ef884244e4a30e419a5b82d9cfe80beefe7de887
benchmark/results_seed18/lab5/ql_true/qtable_final_stereotypes_false_lab5_trust.csv,8b74a8b2125268f80f75eedc1abd409afe252eae534fb6d33fbc9db761089e9b
benchmark/results_seed18/lab5/ql_true/qtable_final_stereotypes_false_lab5_visits.csv,e84c0d66dc8eb7241f32c7bf9d164a4a073acf5536d81d428ab7091343b804a0
benchmark/results_seed18/lab5/ql_true/qtable_final_stereotypes_false_lab5_zone1.csv,a7d32bae69770aa105d0cd0d56fdfe835a76d154638ba444b1c860de775a0274
benchmark/results_seed18/lab5/ql_true/qtable_final_stereotypes_false_lab5_zone2.csv,9bb17daaf18db7f254d4d78c507fdf95713a695fc47b6ed184b4481a540589bd
benchmark/results_seed18/lab5/ql_true/qtable_final_stereotypes_true_lab5.csv,0c756b08411e00d2b04f1b7c0bbabbfdb04b16f8a9ab39788d62064611669a25
benchmark/results_seed18/lab5/ql_true/qtable_final_stereotypes_true_lab5_trust.csv,8b74a8b2125268f80f75eedc1abd409afe252eae534fb6d33fbc9db761089e9b
benchmark/results_seed18/lab5/ql_true/qtable_final_stereotypes_true_lab5_visits.csv,73f320f747b9d007b27274d1c1dcb8f6214409aa9aaa7c7fd4a33a815cd03b83
benchmark/results_seed18/lab5/ql_true/qtable_final_stereotypes_true_lab5_zone1.csv,405d45f0421ae0cc3cef3c4e8c42b067104692fab07ca154c734b65e62b39ee5
benchmark/results_seed18/lab5/ql_true/qtable_final_stereotypes_true_lab5_zone2.csv,e3ef2c081f46d28080a5b2a6befe2a09cbc40c616068dee8be1e5449bdcfb323
benchmark/results_seed18/lab5/ql_true/trace_bench_ql_true.jsonl,e3b0c44298fc1c149afbf4c8996fb92427ae41e4649b934ca495991b7852b855
benchmark/results_seed18/lab5/rule_based/bench_step_log_rule_based.csv,210ad2ed6784542e570d6acc3d2f49d7571b0eb50fcc22e5a336aa3356498cea
benchmark/results_seed18/lab5/rule_based/benchmark_results_rule_based.csv,fc9fc86bc693f2ca914e89cdbb09bc0a9bfff0afda5808a029c3c792a64271b4
benchmark/results_seed18/lab5/rule_based/coverage_stereotypes_false_lab5.csv,b9966ce7431c4672ee756dc4df18efb404a193815bad7365e846a64e314897e6
benchmark/results_seed18/lab5/rule_based/coverage_stereotypes_true_lab5.csv,a904b72a6871b258ede22a33422579db6b5b1e3300c6fd9fd20e915d6242d30b
benchmark/results_seed18/lab5/rule_based/first_goal_stereotypes_false_lab5.csv,7ceba439c526e31ea2791a3b0b9c1d20d37913aa4813b670dbd31a8e087f0fbe
benchmark/results_seed18/lab5/rule_based/first_goal_stereotypes_true_lab5.csv,a09602c1dfa8c761307cb7cd7db7f8df69174b707ca7b63fc558f01f355c5989
benchmark/results_seed18/lab5/rule_based/iv_stats_stereotypes_false_lab5.json,86cbaea67bae51b03a145a9a55b46bb0a7dfd8162bf50cd3028c964fc30d710e
benchmark/results_seed18/lab5/rule_based/iv_stats_stereotypes_true_lab5.json,99322e52074fe23ee8be2f674e964ea55450dbed44d559b54b7ab0c5bb6b32ea
benchmark/results_seed18/lab5/rule_based/learned_stereotypes_false_lab5.ttl,3336254bc4694d3b9fe362397b95d02822eb5231d2f49fbff86fe478bf13b3ee
benchmark/results_seed18/lab5/rule_based/learned_stereotypes_true_lab5.ttl,644fe25f55d14a0d34693cc072bacc49d678cb227f71e3d78b2879912020b315
benchmark/results_seed18/lab5/rule_based/metrics_stereotypes_false_lab5.csv,1b6d4c6a58afb180dfc1b048108befb10aa7d04e0b00eb3f65e3bf99bb41f83b
benchmark/results_seed18/lab5/rule_based/metrics_stereotypes_true_lab5.csv,9bdf1c76a4fc9498779bdfc260814cc62d587b5f99d7ae28a88874ade7263814
benchmark/results_seed18/lab5/rule_based/qtable_final_stereotypes_false_lab5.csv,ae97dca18957e805b5aa0c44ef884244e4a30e419a5b82d9cfe80beefe7de887
benchmark/results_seed18/lab5/rule_based/qtable_final_stereotypes_false_lab5_trust.csv,8b74a8b2125268f80f75eedc1abd409afe252eae534fb6d33fbc9db761089e9b
benchmark/results_seed18/lab5/rule_based/qtable_final_stereotypes_false_lab5_visits.csv,e84c0d66dc8eb7241f32c7bf9d164a4a073acf5536d81d428ab7091343b804a0
benchmark/results_seed18/lab5/rule_based/qtable_final_stereotypes_false_lab5_zone1.csv,a7d32bae69770aa105d0cd0d56fdfe835a76d154638ba444b1c860de775a0274
benchmark/results_seed18/lab5/rule_based/qtable_final_stereotypes_false_lab5_zone2.csv,9bb17daaf18db7f254d4d78c507fdf95713a695fc47b6ed184b4481a540589bd
benchmark/results_seed18/lab5/rule_based/qtable_final_stereotypes_true_lab5.csv,0c756b08411e00d2b04f1b7c0bbabbfdb04b16f8a9ab39788d62064611669a25
benchmark/results_seed18/lab5/rule_based/qtable_final_stereotypes_true_lab5_trust.csv,8b74a8b2125268f80f75eedc1abd409afe252eae534fb6d33fbc9db761089e9b
benchmark/results_seed18/lab5/rule_based/qtable_final_stereotypes_true_lab5_visits.csv,73f320f747b9d007b27274d1c1dcb8f6214409aa9aaa7c7fd4a33a815cd03b83
benchmark/results_seed18/lab5/rule_based/qtable_final_stereotypes_true_lab5_zone1.csv,405d45f0421ae0cc3cef3c4e8c42b067104692fab07ca154c734b65e62b39ee5
benchmark/results_seed18/lab5/rule_based/qtable_final_stereotypes_true_lab5_zone2.csv,e3ef2c081f46d28080a5b2a6befe2a09cbc40c616068dee8be1e5449bdcfb323
benchmark/results_seed18/lab5/training_stereo_false/coverage_stereotypes_false_lab5.csv,b9966ce7431c4672ee756dc4df18efb404a193815bad7365e846a64e314897e6
benchmark/results_seed18/lab5/training_stereo_false/first_goal_stereotypes_false_lab5.csv,7ceba439c526e31ea2791a3b0b9c1d20d37913aa4813b670dbd31a8e087f0fbe
benchmark/results_seed18/lab5/training_stereo_false/iv_stats_stereotypes_false_lab5.json,86cbaea67bae51b03a145a9a55b46bb0a7dfd8162bf50cd3028c964fc30d710e
benchmark/results_seed18/lab5/training_stereo_false/learned_stereotypes_false_lab5.ttl,3336254bc4694d3b9fe362397b95d02822eb5231d2f49fbff86fe478bf13b3ee
benchmark/results_seed18/lab5/training_stereo_false/metrics_stereotypes_false_lab5.csv,1b6d4c6a58afb180dfc1b048108befb10aa7d04e0b00eb3f65e3bf99bb41f83b
benchmark/results_seed18/lab5/training_stereo_false/qtable_final_stereotypes_false_lab5.csv,ae97dca18957e805b5aa0c44ef884244e4a30e419a5b82d9cfe80beefe7de887
benchmark/results_seed18/lab5/training_stereo_false/qtable_initial_stereotypes_false_lab5.csv,1f719efe3de3b894c6215931199c79ea5417981a846581751ac34959ed93d4a7
benchmark/results_seed18/lab5/training_stereo_false/TRAINING_OK.json,cd2a0cf9d75c5b40278797ab019191c6342de81438ef886b9bc14f8e92bf67d5
benchmark/results_seed18/lab5/training_stereo_true/coverage_stereotypes_true_lab5.csv,a904b72a6871b258ede22a33422579db6b5b1e3300c6fd9fd20e915d6242d30b
benchmark/results_seed18/lab5/training_stereo_true/first_goal_stereotypes_true_lab5.csv,a09602c1dfa8c761307cb7cd7db7f8df69174b707ca7b63fc558f01f355c5989
benchmark/results_seed18/lab5/training_stereo_true/iv_stats_stereotypes_true_lab5.json,99322e52074fe23ee8be2f674e964ea55450dbed44d559b54b7ab0c5bb6b32ea
benchmark/results_seed18/lab5/training_stereo_true/learned_stereotypes_true_lab5.ttl,644fe25f55d14a0d34693cc072bacc49d678cb227f71e3d78b2879912020b315
benchmark/results_seed18/lab5/training_stereo_true/metrics_stereotypes_true_lab5.csv,9bdf1c76a4fc9498779bdfc260814cc62d587b5f99d7ae28a88874ade7263814
benchmark/results_seed18/lab5/training_stereo_true/qtable_final_stereotypes_true_lab5.csv,0c756b08411e00d2b04f1b7c0bbabbfdb04b16f8a9ab39788d62064611669a25
benchmark/results_seed18/lab5/training_stereo_true/qtable_initial_stereotypes_true_lab5.csv,78732e9f547e4ba2efc6ae510da7171030396e3b820ef3b90f6bd7c248cb5a41
benchmark/results_seed18/lab5/training_stereo_true/TRAINING_OK.json,911dd3e5690ee98baa8999012b7fb4a9f9e40019aa0e4e5b8740e1371774e971
benchmark/results_seed19/lab4/ql_false/bench_step_log_ql_false.csv,c43b4d496d3213c4134a3c3302dab29a4f7113360527583aa10cc401ef286f05
benchmark/results_seed19/lab4/ql_false/benchmark_results_ql_false.csv,59c81a16e8612c1b5a25ca11332510c3e07a6dda4996844b1e8924749b8e3397
benchmark/results_seed19/lab4/ql_false/coverage_stereotypes_false_lab4.csv,4e00cab8db08825b09af8a597dcef86acad2bcd6da24344e8df82d6978159456
benchmark/results_seed19/lab4/ql_false/coverage_stereotypes_true_lab4.csv,af4f765292a0d401be1230c6b7c33cd6bfe3371f8348a9f3efd3e8359aa03ddb
benchmark/results_seed19/lab4/ql_false/first_goal_stereotypes_false_lab4.csv,a09602c1dfa8c761307cb7cd7db7f8df69174b707ca7b63fc558f01f355c5989
benchmark/results_seed19/lab4/ql_false/first_goal_stereotypes_true_lab4.csv,a09602c1dfa8c761307cb7cd7db7f8df69174b707ca7b63fc558f01f355c5989
benchmark/results_seed19/lab4/ql_false/iv_stats_stereotypes_false_lab4.json,d23d5dda1d5bda3ec2490814c7a1e5b12d8a758573826513a4a73e17583e7266
benchmark/results_seed19/lab4/ql_false/iv_stats_stereotypes_true_lab4.json,172c3ca3c610b623f96a5a3737b1051f1a621105c2dafd3b2d3acbc4db4ecdff
benchmark/results_seed19/lab4/ql_false/learned_stereotypes_false_lab4.ttl,365bb3ace6099988fcfc346dbf81d14a9d3dd9627443e3cd11ed4b128980bff5
benchmark/results_seed19/lab4/ql_false/learned_stereotypes_true_lab4.ttl,d775694e01d127240c5bb331f02558e649baac9f64bec9c536b67c47ce7631cd
benchmark/results_seed19/lab4/ql_false/metrics_stereotypes_false_lab4.csv,d30558641fa30c72b01b62107f4eccd9c5fb6bb602d20002792b9f638173adbd
benchmark/results_seed19/lab4/ql_false/metrics_stereotypes_true_lab4.csv,e9c925c236c7aaf799459025a97c8743e61b346c70a474be935a288c38462c5f
benchmark/results_seed19/lab4/ql_false/qtable_final_stereotypes_false_lab4.csv,f791de71784a11a2de79e8a8f8be85667028e8024337f2026c1d47f6a1edb327
benchmark/results_seed19/lab4/ql_false/qtable_final_stereotypes_false_lab4_trust.csv,8b74a8b2125268f80f75eedc1abd409afe252eae534fb6d33fbc9db761089e9b
benchmark/results_seed19/lab4/ql_false/qtable_final_stereotypes_false_lab4_visits.csv,69c56420422036873e7a6f59f70d01b74ee419578f916eec03feede6038c7279
benchmark/results_seed19/lab4/ql_false/qtable_final_stereotypes_false_lab4_zone1.csv,8be32e50896e92619493d991dfb2877332ecca4f1417fcfc049d77e832713b54
benchmark/results_seed19/lab4/ql_false/qtable_final_stereotypes_false_lab4_zone2.csv,01432f1e3e404272f4ff3d4b7003d11e658e5bfb74bd4dc2eaa634366a788756
benchmark/results_seed19/lab4/ql_false/qtable_final_stereotypes_true_lab4.csv,d7d06409dc04079391148689acfb87564b4cc47572a628d9c30279cfd182463e
benchmark/results_seed19/lab4/ql_false/qtable_final_stereotypes_true_lab4_trust.csv,8b74a8b2125268f80f75eedc1abd409afe252eae534fb6d33fbc9db761089e9b
benchmark/results_seed19/lab4/ql_false/qtable_final_stereotypes_true_lab4_visits.csv,1c7f986a293fc499e33d8e167ffc97d8a98a637c2ffbd760363910f1a10f15dd
benchmark/results_seed19/lab4/ql_false/qtable_final_stereotypes_true_lab4_zone1.csv,614f14f10c84a3317c33636ed0c4dbec111bab846476acfcbba045d51bc5496c
benchmark/results_seed19/lab4/ql_false/qtable_final_stereotypes_true_lab4_zone2.csv,259a1c8a81bb29eb9881a7772bada3af9938271fa7d31c1bede3b9260a83c84e
benchmark/results_seed19/lab4/ql_false/trace_bench_ql_false.jsonl,e3b0c44298fc1c149afbf4c8996fb92427ae41e4649b934ca495991b7852b855
benchmark/results_seed19/lab4/ql_true/bench_step_log_ql_true.csv,d9375ccfd8822d965162160752bb91c4ffd67bf2947f73ec087f870763691c64
benchmark/results_seed19/lab4/ql_true/benchmark_results_ql_true.csv,c1e3bc609c6ad11e08910158b27e42f313eaee1cf84b30c8f85295531741f88a
benchmark/results_seed19/lab4/ql_true/coverage_stereotypes_false_lab4.csv,4e00cab8db08825b09af8a597dcef86acad2bcd6da24344e8df82d6978159456
benchmark/results_seed19/lab4/ql_true/coverage_stereotypes_true_lab4.csv,af4f765292a0d401be1230c6b7c33cd6bfe3371f8348a9f3efd3e8359aa03ddb
benchmark/results_seed19/lab4/ql_true/first_goal_stereotypes_false_lab4.csv,a09602c1dfa8c761307cb7cd7db7f8df69174b707ca7b63fc558f01f355c5989
benchmark/results_seed19/lab4/ql_true/first_goal_stereotypes_true_lab4.csv,a09602c1dfa8c761307cb7cd7db7f8df69174b707ca7b63fc558f01f355c5989
benchmark/results_seed19/lab4/ql_true/iv_stats_stereotypes_false_lab4.json,d23d5dda1d5bda3ec2490814c7a1e5b12d8a758573826513a4a73e17583e7266
benchmark/results_seed19/lab4/ql_true/iv_stats_stereotypes_true_lab4.json,172c3ca3c610b623f96a5a3737b1051f1a621105c2dafd3b2d3acbc4db4ecdff
benchmark/results_seed19/lab4/ql_true/learned_stereotypes_false_lab4.ttl,365bb3ace6099988fcfc346dbf81d14a9d3dd9627443e3cd11ed4b128980bff5
benchmark/results_seed19/lab4/ql_true/learned_stereotypes_true_lab4.ttl,d775694e01d127240c5bb331f02558e649baac9f64bec9c536b67c47ce7631cd
benchmark/results_seed19/lab4/ql_true/metrics_stereotypes_false_lab4.csv,d30558641fa30c72b01b62107f4eccd9c5fb6bb602d20002792b9f638173adbd
benchmark/results_seed19/lab4/ql_true/metrics_stereotypes_true_lab4.csv,e9c925c236c7aaf799459025a97c8743e61b346c70a474be935a288c38462c5f
benchmark/results_seed19/lab4/ql_true/qtable_final_stereotypes_false_lab4.csv,f791de71784a11a2de79e8a8f8be85667028e8024337f2026c1d47f6a1edb327
benchmark/results_seed19/lab4/ql_true/qtable_final_stereotypes_false_lab4_trust.csv,8b74a8b2125268f80f75eedc1abd409afe252eae534fb6d33fbc9db761089e9b
benchmark/results_seed19/lab4/ql_true/qtable_final_stereotypes_false_lab4_visits.csv,69c56420422036873e7a6f59f70d01b74ee419578f916eec03feede6038c7279
benchmark/results_seed19/lab4/ql_true/qtable_final_stereotypes_false_lab4_zone1.csv,8be32e50896e92619493d991dfb2877332ecca4f1417fcfc049d77e832713b54
benchmark/results_seed19/lab4/ql_true/qtable_final_stereotypes_false_lab4_zone2.csv,01432f1e3e404272f4ff3d4b7003d11e658e5bfb74bd4dc2eaa634366a788756
benchmark/results_seed19/lab4/ql_true/qtable_final_stereotypes_true_lab4.csv,d7d06409dc04079391148689acfb87564b4cc47572a628d9c30279cfd182463e
benchmark/results_seed19/lab4/ql_true/qtable_final_stereotypes_true_lab4_trust.csv,8b74a8b2125268f80f75eedc1abd409afe252eae534fb6d33fbc9db761089e9b
benchmark/results_seed19/lab4/ql_true/qtable_final_stereotypes_true_lab4_visits.csv,1c7f986a293fc499e33d8e167ffc97d8a98a637c2ffbd760363910f1a10f15dd
benchmark/results_seed19/lab4/ql_true/qtable_final_stereotypes_true_lab4_zone1.csv,614f14f10c84a3317c33636ed0c4dbec111bab846476acfcbba045d51bc5496c
benchmark/results_seed19/lab4/ql_true/qtable_final_stereotypes_true_lab4_zone2.csv,259a1c8a81bb29eb9881a7772bada3af9938271fa7d31c1bede3b9260a83c84e
benchmark/results_seed19/lab4/ql_true/trace_bench_ql_true.jsonl,e3b0c44298fc1c149afbf4c8996fb92427ae41e4649b934ca495991b7852b855
benchmark/results_seed19/lab4/rule_based/bench_step_log_rule_based.csv,dcbc4327da082492479ba30ccd4da61be5ac2d9659746d470daad350664a098d
benchmark/results_seed19/lab4/rule_based/benchmark_results_rule_based.csv,b06a372d51150502e8646d1227d9c3b3ac4323a4a4fd9812c0a342fac91b8ee1
benchmark/results_seed19/lab4/rule_based/coverage_stereotypes_false_lab4.csv,4e00cab8db08825b09af8a597dcef86acad2bcd6da24344e8df82d6978159456
benchmark/results_seed19/lab4/rule_based/coverage_stereotypes_true_lab4.csv,af4f765292a0d401be1230c6b7c33cd6bfe3371f8348a9f3efd3e8359aa03ddb
benchmark/results_seed19/lab4/rule_based/first_goal_stereotypes_false_lab4.csv,a09602c1dfa8c761307cb7cd7db7f8df69174b707ca7b63fc558f01f355c5989
benchmark/results_seed19/lab4/rule_based/first_goal_stereotypes_true_lab4.csv,a09602c1dfa8c761307cb7cd7db7f8df69174b707ca7b63fc558f01f355c5989
benchmark/results_seed19/lab4/rule_based/iv_stats_stereotypes_false_lab4.json,d23d5dda1d5bda3ec2490814c7a1e5b12d8a758573826513a4a73e17583e7266
benchmark/results_seed19/lab4/rule_based/iv_stats_stereotypes_true_lab4.json,172c3ca3c610b623f96a5a3737b1051f1a621105c2dafd3b2d3acbc4db4ecdff
benchmark/results_seed19/lab4/rule_based/learned_stereotypes_false_lab4.ttl,365bb3ace6099988fcfc346dbf81d14a9d3dd9627443e3cd11ed4b128980bff5
benchmark/results_seed19/lab4/rule_based/learned_stereotypes_true_lab4.ttl,d775694e01d127240c5bb331f02558e649baac9f64bec9c536b67c47ce7631cd
benchmark/results_seed19/lab4/rule_based/metrics_stereotypes_false_lab4.csv,d30558641fa30c72b01b62107f4eccd9c5fb6bb602d20002792b9f638173adbd
benchmark/results_seed19/lab4/rule_based/metrics_stereotypes_true_lab4.csv,e9c925c236c7aaf799459025a97c8743e61b346c70a474be935a288c38462c5f
benchmark/results_seed19/lab4/rule_based/qtable_final_stereotypes_false_lab4.csv,f791de71784a11a2de79e8a8f8be85667028e8024337f2026c1d47f6a1edb327
benchmark/results_seed19/lab4/rule_based/qtable_final_stereotypes_false_lab4_trust.csv,8b74a8b2125268f80f75eedc1abd409afe252eae534fb6d33fbc9db761089e9b
benchmark/results_seed19/lab4/rule_based/qtable_final_stereotypes_false_lab4_visits.csv,69c56420422036873e7a6f59f70d01b74ee419578f916eec03feede6038c7279
benchmark/results_seed19/lab4/rule_based/qtable_final_stereotypes_false_lab4_zone1.csv,8be32e50896e92619493d991dfb2877332ecca4f1417fcfc049d77e832713b54
benchmark/results_seed19/lab4/rule_based/qtable_final_stereotypes_false_lab4_zone2.csv,01432f1e3e404272f4ff3d4b7003d11e658e5bfb74bd4dc2eaa634366a788756
benchmark/results_seed19/lab4/rule_based/qtable_final_stereotypes_true_lab4.csv,d7d06409dc04079391148689acfb87564b4cc47572a628d9c30279cfd182463e
benchmark/results_seed19/lab4/rule_based/qtable_final_stereotypes_true_lab4_trust.csv,8b74a8b2125268f80f75eedc1abd409afe252eae534fb6d33fbc9db761089e9b
benchmark/results_seed19/lab4/rule_based/qtable_final_stereotypes_true_lab4_visits.csv,1c7f986a293fc499e33d8e167ffc97d8a98a637c2ffbd760363910f1a10f15dd
benchmark/results_seed19/lab4/rule_based/qtable_final_stereotypes_true_lab4_zone1.csv,614f14f10c84a3317c33636ed0c4dbec111bab846476acfcbba045d51bc5496c
benchmark/results_seed19/lab4/rule_based/qtable_final_stereotypes_true_lab4_zone2.csv,259a1c8a81bb29eb9881a7772bada3af9938271fa7d31c1bede3b9260a83c84e
benchmark/results_seed19/lab4/training_stereo_false/coverage_stereotypes_false_lab4.csv,4e00cab8db08825b09af8a597dcef86acad2bcd6da24344e8df82d6978159456
benchmark/results_seed19/lab4/training_stereo_false/first_goal_stereotypes_false_lab4.csv,a09602c1dfa8c761307cb7cd7db7f8df69174b707ca7b63fc558f01f355c5989
benchmark/results_seed19/lab4/training_stereo_false/iv_stats_stereotypes_false_lab4.json,d23d5dda1d5bda3ec2490814c7a1e5b12d8a758573826513a4a73e17583e7266
benchmark/results_seed19/lab4/training_stereo_false/learned_stereotypes_false_lab4.ttl,365bb3ace6099988fcfc346dbf81d14a9d3dd9627443e3cd11ed4b128980bff5
benchmark/results_seed19/lab4/training_stereo_false/metrics_stereotypes_false_lab4.csv,d30558641fa30c72b01b62107f4eccd9c5fb6bb602d20002792b9f638173adbd
benchmark/results_seed19/lab4/training_stereo_false/qtable_final_stereotypes_false_lab4.csv,f791de71784a11a2de79e8a8f8be85667028e8024337f2026c1d47f6a1edb327
benchmark/results_seed19/lab4/training_stereo_false/qtable_initial_stereotypes_false_lab4.csv,e7a805786d46aebc891069aaff4b80200c4fca7991e24d1c39adfbccc5be20ee
benchmark/results_seed19/lab4/training_stereo_false/TRAINING_OK.json,6f5f53186ecce800ac52308c6d5b1434238ad900376497fb65cefbd270c503f0
benchmark/results_seed19/lab4/training_stereo_true/coverage_stereotypes_true_lab4.csv,af4f765292a0d401be1230c6b7c33cd6bfe3371f8348a9f3efd3e8359aa03ddb
benchmark/results_seed19/lab4/training_stereo_true/first_goal_stereotypes_true_lab4.csv,a09602c1dfa8c761307cb7cd7db7f8df69174b707ca7b63fc558f01f355c5989
benchmark/results_seed19/lab4/training_stereo_true/iv_stats_stereotypes_true_lab4.json,172c3ca3c610b623f96a5a3737b1051f1a621105c2dafd3b2d3acbc4db4ecdff
benchmark/results_seed19/lab4/training_stereo_true/learned_stereotypes_true_lab4.ttl,d775694e01d127240c5bb331f02558e649baac9f64bec9c536b67c47ce7631cd
benchmark/results_seed19/lab4/training_stereo_true/metrics_stereotypes_true_lab4.csv,e9c925c236c7aaf799459025a97c8743e61b346c70a474be935a288c38462c5f
benchmark/results_seed19/lab4/training_stereo_true/qtable_final_stereotypes_true_lab4.csv,d7d06409dc04079391148689acfb87564b4cc47572a628d9c30279cfd182463e
benchmark/results_seed19/lab4/training_stereo_true/qtable_initial_stereotypes_true_lab4.csv,a34227689301a8b03f01964727db05c0cd5ac3ca6fef2c062cbacaa11b196a6e
benchmark/results_seed19/lab4/training_stereo_true/TRAINING_OK.json,4f77b8401cf13bc489cab555eff1d9c25ff053cf278d7ce543eff7daa5a7c94a
benchmark/results_seed19/lab4chain/ql_false/bench_step_log_ql_false.csv,b7bf764a96b33771135634cef6b40f13432c196fbc638d1142c40b25fd4e6f1e
benchmark/results_seed19/lab4chain/ql_false/benchmark_results_ql_false.csv,320b1c68fa8c6219b48c6990e820dfce5c8d48957479d59f76cb088458ae8eb9
benchmark/results_seed19/lab4chain/ql_false/coverage_stereotypes_false_lab4chain.csv,a78acf9aa9463c21ca7ebb983d4f62b7b36494fd61a7d9f7a988c9c832df18fa
benchmark/results_seed19/lab4chain/ql_false/coverage_stereotypes_true_lab4chain.csv,4238fc44ebd84dcc61df7333bc3fb4b2e3a0838fef2bff066e18bca566e0b9ae
benchmark/results_seed19/lab4chain/ql_false/first_goal_stereotypes_false_lab4chain.csv,3bf0baf3e91d8b35d3600ee000b428d04b82056fbfebab7ef1109e6676f69d50
benchmark/results_seed19/lab4chain/ql_false/first_goal_stereotypes_true_lab4chain.csv,a09602c1dfa8c761307cb7cd7db7f8df69174b707ca7b63fc558f01f355c5989
benchmark/results_seed19/lab4chain/ql_false/iv_stats_stereotypes_false_lab4chain.json,c1d433ba877cc70c48e1df1618be5126869afacb4f920a11214210d64aad3156
benchmark/results_seed19/lab4chain/ql_false/iv_stats_stereotypes_true_lab4chain.json,8acd003ac66eb1026689b3af04d844a6f5e63693893f3ebe18039a558482e572
benchmark/results_seed19/lab4chain/ql_false/learned_stereotypes_false_lab4chain.ttl,5f02590b41708589a6895c84ce8ba56b456a94ff497b297d74f99dab2db8213b
benchmark/results_seed19/lab4chain/ql_false/learned_stereotypes_true_lab4chain.ttl,9ea248aec310ce46f41e62e6485fdf737d2f67e65fa980a76e3c1da4eb39aa77
benchmark/results_seed19/lab4chain/ql_false/metrics_stereotypes_false_lab4chain.csv,d15bbe5cbe1dff255369509a1087a14c4bf2c9dfc268685bd7426e3b2f7bf88d
benchmark/results_seed19/lab4chain/ql_false/metrics_stereotypes_true_lab4chain.csv,2c0b6a5a164dcf3fc362041c4f798a6115333e00eb8291a4347420a8264015fa
benchmark/results_seed19/lab4chain/ql_false/qtable_final_stereotypes_false_lab4chain.csv,b37981b8a96fc1acbd417ded6dee9b03819dab637df7cac2a98c8230245f011b
benchmark/results_seed19/lab4chain/ql_false/qtable_final_stereotypes_false_lab4chain_trust.csv,8b74a8b2125268f80f75eedc1abd409afe252eae534fb6d33fbc9db761089e9b
benchmark/results_seed19/lab4chain/ql_false/qtable_final_stereotypes_false_lab4chain_visits.csv,eeef2c864bb690c0bba722071005c83abe78acc73b2dc9266c6cb0f0ec8fca40
benchmark/results_seed19/lab4chain/ql_false/qtable_final_stereotypes_false_lab4chain_zone1.csv,14aa844ff8dcda19b5844ea437acf02ee5d7fba6870f687a5e1e82e05f6fd59e
benchmark/results_seed19/lab4chain/ql_false/qtable_final_stereotypes_false_lab4chain_zone2.csv,a559adc24d72286a655f278cd9855bbbc59923226b101edb4cf8f944ef428426
benchmark/results_seed19/lab4chain/ql_false/qtable_final_stereotypes_true_lab4chain.csv,6522a4603c57b4f1f29e65535d8df712dea57d43516cda892950c836204d21e3
benchmark/results_seed19/lab4chain/ql_false/qtable_final_stereotypes_true_lab4chain_trust.csv,8b74a8b2125268f80f75eedc1abd409afe252eae534fb6d33fbc9db761089e9b
benchmark/results_seed19/lab4chain/ql_false/qtable_final_stereotypes_true_lab4chain_visits.csv,cf9cc4436f063119412283c77212bbc3213e331f7c205b69c2f065c92ed0c299
benchmark/results_seed19/lab4chain/ql_false/qtable_final_stereotypes_true_lab4chain_zone1.csv,adf2ddff2dfbd3db1d7eae8b6d8f0d4b3f29f1e1ab6fb698abd8785516e3b7d3
benchmark/results_seed19/lab4chain/ql_false/qtable_final_stereotypes_true_lab4chain_zone2.csv,ce4e12f720d02be2f2c2ee1790a946e6d1b7a8ff8071e971874d942111807e28
benchmark/results_seed19/lab4chain/ql_false/trace_bench_ql_false.jsonl,e3b0c44298fc1c149afbf4c8996fb92427ae41e4649b934ca495991b7852b855
benchmark/results_seed19/lab4chain/ql_true/bench_step_log_ql_true.csv,5a723776d1b20618736a0af767b16a1a2a120e071343158e2c1aa7f2475520cd
benchmark/results_seed19/lab4chain/ql_true/benchmark_results_ql_true.csv,55a156dbe1ebfe72218783ee0fb164ca02e62d0ed752ace80af9eb532c555c02
benchmark/results_seed19/lab4chain/ql_true/coverage_stereotypes_false_lab4chain.csv,a78acf9aa9463c21ca7ebb983d4f62b7b36494fd61a7d9f7a988c9c832df18fa
benchmark/results_seed19/lab4chain/ql_true/coverage_stereotypes_true_lab4chain.csv,4238fc44ebd84dcc61df7333bc3fb4b2e3a0838fef2bff066e18bca566e0b9ae
benchmark/results_seed19/lab4chain/ql_true/first_goal_stereotypes_false_lab4chain.csv,3bf0baf3e91d8b35d3600ee000b428d04b82056fbfebab7ef1109e6676f69d50
benchmark/results_seed19/lab4chain/ql_true/first_goal_stereotypes_true_lab4chain.csv,a09602c1dfa8c761307cb7cd7db7f8df69174b707ca7b63fc558f01f355c5989
benchmark/results_seed19/lab4chain/ql_true/iv_stats_stereotypes_false_lab4chain.json,c1d433ba877cc70c48e1df1618be5126869afacb4f920a11214210d64aad3156
benchmark/results_seed19/lab4chain/ql_true/iv_stats_stereotypes_true_lab4chain.json,8acd003ac66eb1026689b3af04d844a6f5e63693893f3ebe18039a558482e572
benchmark/results_seed19/lab4chain/ql_true/learned_stereotypes_false_lab4chain.ttl,5f02590b41708589a6895c84ce8ba56b456a94ff497b297d74f99dab2db8213b
benchmark/results_seed19/lab4chain/ql_true/learned_stereotypes_true_lab4chain.ttl,9ea248aec310ce46f41e62e6485fdf737d2f67e65fa980a76e3c1da4eb39aa77
benchmark/results_seed19/lab4chain/ql_true/metrics_stereotypes_false_lab4chain.csv,d15bbe5cbe1dff255369509a1087a14c4bf2c9dfc268685bd7426e3b2f7bf88d
benchmark/results_seed19/lab4chain/ql_true/metrics_stereotypes_true_lab4chain.csv,2c0b6a5a164dcf3fc362041c4f798a6115333e00eb8291a4347420a8264015fa
benchmark/results_seed19/lab4chain/ql_true/qtable_final_stereotypes_false_lab4chain.csv,b37981b8a96fc1acbd417ded6dee9b03819dab637df7cac2a98c8230245f011b
benchmark/results_seed19/lab4chain/ql_true/qtable_final_stereotypes_false_lab4chain_trust.csv,8b74a8b2125268f80f75eedc1abd409afe252eae534fb6d33fbc9db761089e9b
benchmark/results_seed19/lab4chain/ql_true/qtable_final_stereotypes_false_lab4chain_visits.csv,eeef2c864bb690c0bba722071005c83abe78acc73b2dc9266c6cb0f0ec8fca40
benchmark/results_seed19/lab4chain/ql_true/qtable_final_stereotypes_false_lab4chain_zone1.csv,14aa844ff8dcda19b5844ea437acf02ee5d7fba6870f687a5e1e82e05f6fd59e
benchmark/results_seed19/lab4chain/ql_true/qtable_final_stereotypes_false_lab4chain_zone2.csv,a559adc24d72286a655f278cd9855bbbc59923226b101edb4cf8f944ef428426
benchmark/results_seed19/lab4chain/ql_true/qtable_final_stereotypes_true_lab4chain.csv,6522a4603c57b4f1f29e65535d8df712dea57d43516cda892950c836204d21e3
benchmark/results_seed19/lab4chain/ql_true/qtable_final_stereotypes_true_lab4chain_trust.csv,8b74a8b2125268f80f75eedc1abd409afe252eae534fb6d33fbc9db761089e9b
benchmark/results_seed19/lab4chain/ql_true/qtable_final_stereotypes_true_lab4chain_visits.csv,cf9cc4436f063119412283c77212bbc3213e331f7c205b69c2f065c92ed0c299
benchmark/results_seed19/lab4chain/ql_true/qtable_final_stereotypes_true_lab4chain_zone1.csv,adf2ddff2dfbd3db1d7eae8b6d8f0d4b3f29f1e1ab6fb698abd8785516e3b7d3
benchmark/results_seed19/lab4chain/ql_true/qtable_final_stereotypes_true_lab4chain_zone2.csv,ce4e12f720d02be2f2c2ee1790a946e6d1b7a8ff8071e971874d942111807e28
benchmark/results_seed19/lab4chain/ql_true/trace_bench_ql_true.jsonl,e3b0c44298fc1c149afbf4c8996fb92427ae41e4649b934ca495991b7852b855
benchmark/results_seed19/lab4chain/rule_based/bench_step_log_rule_based.csv,80c72f4e1cceb1e8d37ced41e08fdf772dce607596a4f6e207a0fb1080d0716a
benchmark/results_seed19/lab4chain/rule_based/benchmark_results_rule_based.csv,18510f93174b7df8e97c17d0a746cf32bce99cb53cc6a74db1deb778862e497f
benchmark/results_seed19/lab4chain/rule_based/coverage_stereotypes_false_lab4chain.csv,a78acf9aa9463c21ca7ebb983d4f62b7b36494fd61a7d9f7a988c9c832df18fa
benchmark/results_seed19/lab4chain/rule_based/coverage_stereotypes_true_lab4chain.csv,4238fc44ebd84dcc61df7333bc3fb4b2e3a0838fef2bff066e18bca566e0b9ae
benchmark/results_seed19/lab4chain/rule_based/first_goal_stereotypes_false_lab4chain.csv,3bf0baf3e91d8b35d3600ee000b428d04b82056fbfebab7ef1109e6676f69d50
benchmark/results_seed19/lab4chain/rule_based/first_goal_stereotypes_true_lab4chain.csv,a09602c1dfa8c761307cb7cd7db7f8df69174b707ca7b63fc558f01f355c5989
benchmark/results_seed19/lab4chain/rule_based/iv_stats_stereotypes_false_lab4chain.json,c1d433ba877cc70c48e1df1618be5126869afacb4f920a11214210d64aad3156
benchmark/results_seed19/lab4chain/rule_based/iv_stats_stereotypes_true_lab4chain.json,8acd003ac66eb1026689b3af04d844a6f5e63693893f3ebe18039a558482e572
benchmark/results_seed19/lab4chain/rule_based/learned_stereotypes_false_lab4chain.ttl,5f02590b41708589a6895c84ce8ba56b456a94ff497b297d74f99dab2db8213b
benchmark/results_seed19/lab4chain/rule_based/learned_stereotypes_true_lab4chain.ttl,9ea248aec310ce46f41e62e6485fdf737d2f67e65fa980a76e3c1da4eb39aa77
benchmark/results_seed19/lab4chain/rule_based/metrics_stereotypes_false_lab4chain.csv,d15bbe5cbe1dff255369509a1087a14c4bf2c9dfc268685bd7426e3b2f7bf88d
benchmark/results_seed19/lab4chain/rule_based/metrics_stereotypes_true_lab4chain.csv,2c0b6a5a164dcf3fc362041c4f798a6115333e00eb8291a4347420a8264015fa
benchmark/results_seed19/lab4chain/rule_based/qtable_final_stereotypes_false_lab4chain.csv,b37981b8a96fc1acbd417ded6dee9b03819dab637df7cac2a98c8230245f011b
benchmark/results_seed19/lab4chain/rule_based/qtable_final_stereotypes_false_lab4chain_trust.csv,8b74a8b2125268f80f75eedc1abd409afe252eae534fb6d33fbc9db761089e9b
benchmark/results_seed19/lab4chain/rule_based/qtable_final_stereotypes_false_lab4chain_visits.csv,eeef2c864bb690c0bba722071005c83abe78acc73b2dc9266c6cb0f0ec8fca40
benchmark/results_seed19/lab4chain/rule_based/qtable_final_stereotypes_false_lab4chain_zone1.csv,14aa844ff8dcda19b5844ea437acf02ee5d7fba6870f687a5e1e82e05f6fd59e
benchmark/results_seed19/lab4chain/rule_based/qtable_final_stereotypes_false_lab4chain_zone2.csv,a559adc24d72286a655f278cd9855bbbc59923226b101edb4cf8f944ef428426
benchmark/results_seed19/lab4chain/rule_based/qtable_final_stereotypes_true_lab4chain.csv,6522a4603c57b4f1f29e65535d8df712dea57d43516cda892950c836204d21e3
benchmark/results_seed19/lab4chain/rule_based/qtable_final_stereotypes_true_lab4chain_trust.csv,8b74a8b2125268f80f75eedc1abd409afe252eae534fb6d33fbc9db761089e9b
benchmark/results_seed19/lab4chain/rule_based/qtable_final_stereotypes_true_lab4chain_visits.csv,cf9cc4436f063119412283c77212bbc3213e331f7c205b69c2f065c92ed0c299
benchmark/results_seed19/lab4chain/rule_based/qtable_final_stereotypes_true_lab4chain_zone1.csv,adf2ddff2dfbd3db1d7eae8b6d8f0d4b3f29f1e1ab6fb698abd8785516e3b7d3
benchmark/results_seed19/lab4chain/rule_based/qtable_final_stereotypes_true_lab4chain_zone2.csv,ce4e12f720d02be2f2c2ee1790a946e6d1b7a8ff8071e971874d942111807e28
benchmark/results_seed19/lab4chain/training_stereo_false/coverage_stereotypes_false_lab4chain.csv,a78acf9aa9463c21ca7ebb983d4f62b7b36494fd61a7d9f7a988c9c832df18fa
benchmark/results_seed19/lab4chain/training_stereo_false/first_goal_stereotypes_false_lab4chain.csv,3bf0baf3e91d8b35d3600ee000b428d04b82056fbfebab7ef1109e6676f69d50
benchmark/results_seed19/lab4chain/training_stereo_false/iv_stats_stereotypes_false_lab4chain.json,c1d433ba877cc70c48e1df1618be5126869afacb4f920a11214210d64aad3156
benchmark/results_seed19/lab4chain/training_stereo_false/learned_stereotypes_false_lab4chain.ttl,5f02590b41708589a6895c84ce8ba56b456a94ff497b297d74f99dab2db8213b
benchmark/results_seed19/lab4chain/training_stereo_false/metrics_stereotypes_false_lab4chain.csv,d15bbe5cbe1dff255369509a1087a14c4bf2c9dfc268685bd7426e3b2f7bf88d
benchmark/results_seed19/lab4chain/training_stereo_false/qtable_final_stereotypes_false_lab4chain.csv,b37981b8a96fc1acbd417ded6dee9b03819dab637df7cac2a98c8230245f011b
benchmark/results_seed19/lab4chain/training_stereo_false/qtable_initial_stereotypes_false_lab4chain.csv,8e651424be7fc1e8f08b3ca8d4f82f240e9f7fc9a9db7c05f461ed8ca6c14a18
benchmark/results_seed19/lab4chain/training_stereo_false/TRAINING_OK.json,4267f048484f3cd972272a3cd46a2dfaf08ced4601e3f316abeec69b82749649
benchmark/results_seed19/lab4chain/training_stereo_true/coverage_stereotypes_true_lab4chain.csv,4238fc44ebd84dcc61df7333bc3fb4b2e3a0838fef2bff066e18bca566e0b9ae
benchmark/results_seed19/lab4chain/training_stereo_true/first_goal_stereotypes_true_lab4chain.csv,a09602c1dfa8c761307cb7cd7db7f8df69174b707ca7b63fc558f01f355c5989
benchmark/results_seed19/lab4chain/training_stereo_true/iv_stats_stereotypes_true_lab4chain.json,8acd003ac66eb1026689b3af04d844a6f5e63693893f3ebe18039a558482e572
benchmark/results_seed19/lab4chain/training_stereo_true/learned_stereotypes_true_lab4chain.ttl,9ea248aec310ce46f41e62e6485fdf737d2f67e65fa980a76e3c1da4eb39aa77
benchmark/results_seed19/lab4chain/training_stereo_true/metrics_stereotypes_true_lab4chain.csv,2c0b6a5a164dcf3fc362041c4f798a6115333e00eb8291a4347420a8264015fa
benchmark/results_seed19/lab4chain/training_stereo_true/qtable_final_stereotypes_true_lab4chain.csv,6522a4603c57b4f1f29e65535d8df712dea57d43516cda892950c836204d21e3
benchmark/results_seed19/lab4chain/training_stereo_true/qtable_initial_stereotypes_true_lab4chain.csv,be569de97d95f95e9c344cdc3dd3e7846339ceb11bca6d874c399574155d2283
benchmark/results_seed19/lab4chain/training_stereo_true/TRAINING_OK.json,149ed1e122f8bd2fdce9668574aec66996a67d1cf1307e095f52c9e6d219010f
benchmark/results_seed19/lab4dual/ql_false/bench_step_log_ql_false.csv,07f0d307ed67fd58b15d00320e1ae138abf544c70206974aa75373d9211c9b7a
benchmark/results_seed19/lab4dual/ql_false/benchmark_results_ql_false.csv,1f85b5cedc985317472738cac7cee5a488d1f780075ff2db74d73807097bad81
benchmark/results_seed19/lab4dual/ql_false/coverage_stereotypes_false_lab4dual.csv,8cef9d74f7d5e3836b3f812439f93672ac6ef6372502defc6c32c6d89a8942d6
benchmark/results_seed19/lab4dual/ql_false/coverage_stereotypes_true_lab4dual.csv,58f99e33bff50f27a81ab3c4a15a99d5ff012d1d1e6be12499819649cec1920f
benchmark/results_seed19/lab4dual/ql_false/first_goal_stereotypes_false_lab4dual.csv,e928d8935f01d4a786dd7646e024d0d718749ca0927d1a8cb9481fc5546da5c2
benchmark/results_seed19/lab4dual/ql_false/first_goal_stereotypes_true_lab4dual.csv,a09602c1dfa8c761307cb7cd7db7f8df69174b707ca7b63fc558f01f355c5989
benchmark/results_seed19/lab4dual/ql_false/iv_stats_stereotypes_false_lab4dual.json,fdd891a34335ec7ed0ca7c36dd14cef69397bb3188ab49809f99a95469e890af
benchmark/results_seed19/lab4dual/ql_false/iv_stats_stereotypes_true_lab4dual.json,75721ce6bff59a06ba5bf6dd8398dd351a9b9b9158c40432918744de6a8db9b8
benchmark/results_seed19/lab4dual/ql_false/learned_stereotypes_false_lab4dual.ttl,989b945f85aa746fb3376d9408d43edd75b3497ae338522880a069cc2dfecf9d
benchmark/results_seed19/lab4dual/ql_false/learned_stereotypes_true_lab4dual.ttl,ab29f02f22be00c6fcec04fe4de2c72d3f125ae77e636305983336fddafdab61
benchmark/results_seed19/lab4dual/ql_false/metrics_stereotypes_false_lab4dual.csv,481b2d26f908db61bfd86dea520a9477f10b268972c3620670d649cc9564995e
benchmark/results_seed19/lab4dual/ql_false/metrics_stereotypes_true_lab4dual.csv,9c3a67baf08072e3fa0fbb164d32840b181b38693e92003a9cbb06aba6b2b1e7
benchmark/results_seed19/lab4dual/ql_false/qtable_final_stereotypes_false_lab4dual.csv,161768d0ffa1b9c9c3c1e6dae96787cea202de91536c8ec622d3d04ff836c46d
benchmark/results_seed19/lab4dual/ql_false/qtable_final_stereotypes_false_lab4dual_trust.csv,8b74a8b2125268f80f75eedc1abd409afe252eae534fb6d33fbc9db761089e9b
benchmark/results_seed19/lab4dual/ql_false/qtable_final_stereotypes_false_lab4dual_visits.csv,d3d7dbf3ff188d5ee9de86968383cf85038467923b64b5bb969e54a880da0b63
benchmark/results_seed19/lab4dual/ql_false/qtable_final_stereotypes_false_lab4dual_zone1.csv,701bcde43ebcdcb4cdafbdfd7f0c97b33abf984868ef009a9527b1f51c88a898
benchmark/results_seed19/lab4dual/ql_false/qtable_final_stereotypes_false_lab4dual_zone2.csv,e9906f82d43d385e2b515f3350ee6c55dd40a6e37b8871a2fb1ba3c3f7120f8a
benchmark/results_seed19/lab4dual/ql_false/qtable_final_stereotypes_true_lab4dual.csv,e0a49adb1aa43b07fc1066332bae0841f36fcf3e4265fd6d425dc1f5d5b6facd
benchmark/results_seed19/lab4dual/ql_false/qtable_final_stereotypes_true_lab4dual_trust.csv,8b74a8b2125268f80f75eedc1abd409afe252eae534fb6d33fbc9db761089e9b
benchmark/results_seed19/lab4dual/ql_false/qtable_final_stereotypes_true_lab4dual_visits.csv,b1bb4bc19b7e8b39ce20532d69d5323040d6388092c40e39c4a686f674d0f86a
benchmark/results_seed19/lab4dual/ql_false/qtable_final_stereotypes_true_lab4dual_zone1.csv,6c5f4ac6feec2133fea26c51517803f1a1ba2ecf64da3beb495ab5b816ac8aee
benchmark/results_seed19/lab4dual/ql_false/qtable_final_stereotypes_true_lab4dual_zone2.csv,6a71a7f2d4d7420e3df6e61412c5ff85832fde25e40933ebf6b6bcbffb047809
benchmark/results_seed19/lab4dual/ql_false/trace_bench_ql_false.jsonl,e3b0c44298fc1c149afbf4c8996fb92427ae41e4649b934ca495991b7852b855
benchmark/results_seed19/lab4dual/ql_true/bench_step_log_ql_true.csv,8e3449ad9d837d3388584e380d127217d6a5afb4147c0146e619a95dacae7e99
benchmark/results_seed19/lab4dual/ql_true/benchmark_results_ql_true.csv,7ed3e63e8c2275d0db620b2708742d3c836032b5991a17cbab62dce5cb97420b
benchmark/results_seed19/lab4dual/ql_true/coverage_stereotypes_false_lab4dual.csv,8cef9d74f7d5e3836b3f812439f93672ac6ef6372502defc6c32c6d89a8942d6
benchmark/results_seed19/lab4dual/ql_true/coverage_stereotypes_true_lab4dual.csv,58f99e33bff50f27a81ab3c4a15a99d5ff012d1d1e6be12499819649cec1920f
benchmark/results_seed19/lab4dual/ql_true/first_goal_stereotypes_false_lab4dual.csv,e928d8935f01d4a786dd7646e024d0d718749ca0927d1a8cb9481fc5546da5c2
benchmark/results_seed19/lab4dual/ql_true/first_goal_stereotypes_true_lab4dual.csv,a09602c1dfa8c761307cb7cd7db7f8df69174b707ca7b63fc558f01f355c5989
benchmark/results_seed19/lab4dual/ql_true/iv_stats_stereotypes_false_lab4dual.json,fdd891a34335ec7ed0ca7c36dd14cef69397bb3188ab49809f99a95469e890af
benchmark/results_seed19/lab4dual/ql_true/iv_stats_stereotypes_true_lab4dual.json,75721ce6bff59a06ba5bf6dd8398dd351a9b9b9158c40432918744de6a8db9b8
benchmark/results_seed19/lab4dual/ql_true/learned_stereotypes_false_lab4dual.ttl,989b945f85aa746fb3376d9408d43edd75b3497ae338522880a069cc2dfecf9d
benchmark/results_seed19/lab4dual/ql_true/learned_stereotypes_true_lab4dual.ttl,ab29f02f22be00c6fcec04fe4de2c72d3f125ae77e636305983336fddafdab61
benchmark/results_seed19/lab4dual/ql_true/metrics_stereotypes_false_lab4dual.csv,481b2d26f908db61bfd86dea520a9477f10b268972c3620670d649cc9564995e
benchmark/results_seed19/lab4dual/ql_true/metrics_stereotypes_true_lab4dual.csv,9c3a67baf08072e3fa0fbb164d32840b181b38693e92003a9cbb06aba6b2b1e7
benchmark/results_seed19/lab4dual/ql_true/qtable_final_stereotypes_false_lab4dual.csv,161768d0ffa1b9c9c3c1e6dae96787cea202de91536c8ec622d3d04ff836c46d
benchmark/results_seed19/lab4dual/ql_true/qtable_final_stereotypes_false_lab4dual_trust.csv,8b74a8b2125268f80f75eedc1abd409afe252eae534fb6d33fbc9db761089e9b
benchmark/results_seed19/lab4dual/ql_true/qtable_final_stereotypes_false_lab4dual_visits.csv,d3d7dbf3ff188d5ee9de86968383cf85038467923b64b5bb969e54a880da0b63
benchmark/results_seed19/lab4dual/ql_true/qtable_final_stereotypes_false_lab4dual_zone1.csv,701bcde43ebcdcb4cdafbdfd7f0c97b33abf984868ef009a9527b1f51c88a898
benchmark/results_seed19/lab4dual/ql_true/qtable_final_stereotypes_false_lab4dual_zone2.csv,e9906f82d43d385e2b515f3350ee6c55dd40a6e37b8871a2fb1ba3c3f7120f8a
benchmark/results_seed19/lab4dual/ql_true/qtable_final_stereotypes_true_lab4dual.csv,e0a49adb1aa43b07fc1066332bae0841f36fcf3e4265fd6d425dc1f5d5b6facd
benchmark/results_seed19/lab4dual/ql_true/qtable_final_stereotypes_true_lab4dual_trust.csv,8b74a8b2125268f80f75eedc1abd409afe252eae534fb6d33fbc9db761089e9b
benchmark/results_seed19/lab4dual/ql_true/qtable_final_stereotypes_true_lab4dual_visits.csv,b1bb4bc19b7e8b39ce20532d69d5323040d6388092c40e39c4a686f674d0f86a
benchmark/results_seed19/lab4dual/ql_true/qtable_final_stereotypes_true_lab4dual_zone1.csv,6c5f4ac6feec2133fea26c51517803f1a1ba2ecf64da3beb495ab5b816ac8aee
benchmark/results_seed19/lab4dual/ql_true/qtable_final_stereotypes_true_lab4dual_zone2.csv,6a71a7f2d4d7420e3df6e61412c5ff85832fde25e40933ebf6b6bcbffb047809
benchmark/results_seed19/lab4dual/ql_true/trace_bench_ql_true.jsonl,e3b0c44298fc1c149afbf4c8996fb92427ae41e4649b934ca495991b7852b855
benchmark/results_seed19/lab4dual/rule_based/bench_step_log_rule_based.csv,7bde9a71d15f8b7167398dfa5926ffbd85d5a7fc6c797150340006ad16070521
benchmark/results_seed19/lab4dual/rule_based/benchmark_results_rule_based.csv,2665f65320ff675777a82e5256b4fe802f40266feba62c5523cc8abec0642b08
benchmark/results_seed19/lab4dual/rule_based/coverage_stereotypes_false_lab4dual.csv,8cef9d74f7d5e3836b3f812439f93672ac6ef6372502defc6c32c6d89a8942d6
benchmark/results_seed19/lab4dual/rule_based/coverage_stereotypes_true_lab4dual.csv,58f99e33bff50f27a81ab3c4a15a99d5ff012d1d1e6be12499819649cec1920f
benchmark/results_seed19/lab4dual/rule_based/first_goal_stereotypes_false_lab4dual.csv,e928d8935f01d4a786dd7646e024d0d718749ca0927d1a8cb9481fc5546da5c2
benchmark/results_seed19/lab4dual/rule_based/first_goal_stereotypes_true_lab4dual.csv,a09602c1dfa8c761307cb7cd7db7f8df69174b707ca7b63fc558f01f355c5989
benchmark/results_seed19/lab4dual/rule_based/iv_stats_stereotypes_false_lab4dual.json,fdd891a34335ec7ed0ca7c36dd14cef69397bb3188ab49809f99a95469e890af
benchmark/results_seed19/lab4dual/rule_based/iv_stats_stereotypes_true_lab4dual.json,75721ce6bff59a06ba5bf6dd8398dd351a9b9b9158c40432918744de6a8db9b8
benchmark/results_seed19/lab4dual/rule_based/learned_stereotypes_false_lab4dual.ttl,989b945f85aa746fb3376d9408d43edd75b3497ae338522880a069cc2dfecf9d
benchmark/results_seed19/lab4dual/rule_based/learned_stereotypes_true_lab4dual.ttl,ab29f02f22be00c6fcec04fe4de2c72d3f125ae77e636305983336fddafdab61
benchmark/results_seed19/lab4dual/rule_based/metrics_stereotypes_false_lab4dual.csv,481b2d26f908db61bfd86dea520a9477f10b268972c3620670d649cc9564995e
benchmark/results_seed19/lab4dual/rule_based/metrics_stereotypes_true_lab4dual.csv,9c3a67baf08072e3fa0fbb164d32840b181b38693e92003a9cbb06aba6b2b1e7
benchmark/results_seed19/lab4dual/rule_based/qtable_final_stereotypes_false_lab4dual.csv,161768d0ffa1b9c9c3c1e6dae96787cea202de91536c8ec622d3d04ff836c46d
benchmark/results_seed19/lab4dual/rule_based/qtable_final_stereotypes_false_lab4dual_trust.csv,8b74a8b2125268f80f75eedc1abd409afe252eae534fb6d33fbc9db761089e9b
benchmark/results_seed19/lab4dual/rule_based/qtable_final_stereotypes_false_lab4dual_visits.csv,d3d7dbf3ff188d5ee9de86968383cf85038467923b64b5bb969e54a880da0b63
benchmark/results_seed19/lab4dual/rule_based/qtable_final_stereotypes_false_lab4dual_zone1.csv,701bcde43ebcdcb4cdafbdfd7f0c97b33abf984868ef009a9527b1f51c88a898
benchmark/results_seed19/lab4dual/rule_based/qtable_final_stereotypes_false_lab4dual_zone2.csv,e9906f82d43d385e2b515f3350ee6c55dd40a6e37b8871a2fb1ba3c3f7120f8a
benchmark/results_seed19/lab4dual/rule_based/qtable_final_stereotypes_true_lab4dual.csv,e0a49adb1aa43b07fc1066332bae0841f36fcf3e4265fd6d425dc1f5d5b6facd
benchmark/results_seed19/lab4dual/rule_based/qtable_final_stereotypes_true_lab4dual_trust.csv,8b74a8b2125268f80f75eedc1abd409afe252eae534fb6d33fbc9db761089e9b
benchmark/results_seed19/lab4dual/rule_based/qtable_final_stereotypes_true_lab4dual_visits.csv,b1bb4bc19b7e8b39ce20532d69d5323040d6388092c40e39c4a686f674d0f86a
benchmark/results_seed19/lab4dual/rule_based/qtable_final_stereotypes_true_lab4dual_zone1.csv,6c5f4ac6feec2133fea26c51517803f1a1ba2ecf64da3beb495ab5b816ac8aee
benchmark/results_seed19/lab4dual/rule_based/qtable_final_stereotypes_true_lab4dual_zone2.csv,6a71a7f2d4d7420e3df6e61412c5ff85832fde25e40933ebf6b6bcbffb047809
benchmark/results_seed19/lab4dual/training_stereo_false/coverage_stereotypes_false_lab4dual.csv,8cef9d74f7d5e3836b3f812439f93672ac6ef6372502defc6c32c6d89a8942d6
benchmark/results_seed19/lab4dual/training_stereo_false/first_goal_stereotypes_false_lab4dual.csv,e928d8935f01d4a786dd7646e024d0d718749ca0927d1a8cb9481fc5546da5c2
benchmark/results_seed19/lab4dual/training_stereo_false/iv_stats_stereotypes_false_lab4dual.json,fdd891a34335ec7ed0ca7c36dd14cef69397bb3188ab49809f99a95469e890af
benchmark/results_seed19/lab4dual/training_stereo_false/learned_stereotypes_false_lab4dual.ttl,989b945f85aa746fb3376d9408d43edd75b3497ae338522880a069cc2dfecf9d
benchmark/results_seed19/lab4dual/training_stereo_false/metrics_stereotypes_false_lab4dual.csv,481b2d26f908db61bfd86dea520a9477f10b268972c3620670d649cc9564995e
benchmark/results_seed19/lab4dual/training_stereo_false/qtable_final_stereotypes_false_lab4dual.csv,161768d0ffa1b9c9c3c1e6dae96787cea202de91536c8ec622d3d04ff836c46d
benchmark/results_seed19/lab4dual/training_stereo_false/qtable_initial_stereotypes_false_lab4dual.csv,76c7e1200a5c817c641f0fac6077a813d29a7731ea5b7ca36b5152359bf32840
benchmark/results_seed19/lab4dual/training_stereo_false/TRAINING_OK.json,cb06f796d7ab6fb4101e7bc419ca3098df7c632efbcc5273e57297f1300e8782
benchmark/results_seed19/lab4dual/training_stereo_true/coverage_stereotypes_true_lab4dual.csv,58f99e33bff50f27a81ab3c4a15a99d5ff012d1d1e6be12499819649cec1920f
benchmark/results_seed19/lab4dual/training_stereo_true/first_goal_stereotypes_true_lab4dual.csv,a09602c1dfa8c761307cb7cd7db7f8df69174b707ca7b63fc558f01f355c5989
benchmark/results_seed19/lab4dual/training_stereo_true/iv_stats_stereotypes_true_lab4dual.json,75721ce6bff59a06ba5bf6dd8398dd351a9b9b9158c40432918744de6a8db9b8
benchmark/results_seed19/lab4dual/training_stereo_true/learned_stereotypes_true_lab4dual.ttl,ab29f02f22be00c6fcec04fe4de2c72d3f125ae77e636305983336fddafdab61
benchmark/results_seed19/lab4dual/training_stereo_true/metrics_stereotypes_true_lab4dual.csv,9c3a67baf08072e3fa0fbb164d32840b181b38693e92003a9cbb06aba6b2b1e7
benchmark/results_seed19/lab4dual/training_stereo_true/qtable_final_stereotypes_true_lab4dual.csv,e0a49adb1aa43b07fc1066332bae0841f36fcf3e4265fd6d425dc1f5d5b6facd
benchmark/results_seed19/lab4dual/training_stereo_true/qtable_initial_stereotypes_true_lab4dual.csv,0ac9c51af98a5d238d35312958e4ef0068172106b0f793b4ec6e1d534e574776
benchmark/results_seed19/lab4dual/training_stereo_true/TRAINING_OK.json,1862fb0d0e2e66af4e72aed9f136c4ce2afd0048b486d4d74629573930c267d6
benchmark/results_seed19/lab5/ql_false/bench_step_log_ql_false.csv,2d2822ba9e6e1a5b6f1f9fbce04984c7d69c2de87ca78a8c56db7b51ce3f9c5f
benchmark/results_seed19/lab5/ql_false/benchmark_results_ql_false.csv,c9531996294ef4aa111b5c6cad1a7188160e86b62c927285f7056f5893ef9c98
benchmark/results_seed19/lab5/ql_false/coverage_stereotypes_false_lab5.csv,2fdcf97683414adaad1d95b82cffb283b32d1b1c2df5aaa84fdbadbc60b127d1
benchmark/results_seed19/lab5/ql_false/coverage_stereotypes_true_lab5.csv,f004ced267b56ebcde8d153db42569537b706076a9f18f2cee18fce1066cc092
benchmark/results_seed19/lab5/ql_false/first_goal_stereotypes_false_lab5.csv,a09602c1dfa8c761307cb7cd7db7f8df69174b707ca7b63fc558f01f355c5989
benchmark/results_seed19/lab5/ql_false/first_goal_stereotypes_true_lab5.csv,a09602c1dfa8c761307cb7cd7db7f8df69174b707ca7b63fc558f01f355c5989
benchmark/results_seed19/lab5/ql_false/iv_stats_stereotypes_false_lab5.json,3e03a1fbd8639fa79afba4c64f3c724dc00fef22db4a2043907b1716da77f40e
benchmark/results_seed19/lab5/ql_false/iv_stats_stereotypes_true_lab5.json,280008a47e492db7a084976b51fea580a9ba8c28c761eae112634d11a597ce1b
benchmark/results_seed19/lab5/ql_false/learned_stereotypes_false_lab5.ttl,0654c137c8a60156a1848161416df57c59c81ed043db9d94a8346cab75ff414d
benchmark/results_seed19/lab5/ql_false/learned_stereotypes_true_lab5.ttl,eb78b73f7412598757c425a9dc5e9d13cfe2f5400f9c0b37778e52991c3ec190
benchmark/results_seed19/lab5/ql_false/metrics_stereotypes_false_lab5.csv,cb878af5928a7801bded0fe0b2340397f8768e7e756cf2e98b75d435c173bbbf
benchmark/results_seed19/lab5/ql_false/metrics_stereotypes_true_lab5.csv,05da6e6067f3b9618e447b64c6fb9771b160d3c88a73319670377440e48de48c
benchmark/results_seed19/lab5/ql_false/qtable_final_stereotypes_false_lab5.csv,5d68a95d55d1274b38951949df49b1cc7c07a0bbf4ca27654ea084d0e2430f4b
benchmark/results_seed19/lab5/ql_false/qtable_final_stereotypes_false_lab5_trust.csv,8b74a8b2125268f80f75eedc1abd409afe252eae534fb6d33fbc9db761089e9b
benchmark/results_seed19/lab5/ql_false/qtable_final_stereotypes_false_lab5_visits.csv,8d79f57232e076b4b1fd0fc99a16e7e8129aa036f396b9fd1be8afe162a9d9fc
benchmark/results_seed19/lab5/ql_false/qtable_final_stereotypes_false_lab5_zone1.csv,a64155ad1d94eb9155f5d1b7bfdf9056b4311520efeeda2382e3ed32662aa7eb
benchmark/results_seed19/lab5/ql_false/qtable_final_stereotypes_false_lab5_zone2.csv,e916632d1c1ca997a62e7b2282ecb99d38488f77bcd68bc271763e6ab1662f3a
benchmark/results_seed19/lab5/ql_false/qtable_final_stereotypes_true_lab5.csv,20500d60232fd58d649dc0d8e0d9052d8222b9b76908ab5aec5bca2f9e26e580
benchmark/results_seed19/lab5/ql_false/qtable_final_stereotypes_true_lab5_trust.csv,8b74a8b2125268f80f75eedc1abd409afe252eae534fb6d33fbc9db761089e9b
benchmark/results_seed19/lab5/ql_false/qtable_final_stereotypes_true_lab5_visits.csv,a65960a39e557731faccc38b0160d4a5c56024dcaf7111fd471e08673b22596f
benchmark/results_seed19/lab5/ql_false/qtable_final_stereotypes_true_lab5_zone1.csv,9576c8b84bcb50fed1a19aac8687cd6b118e2e144718d0545645566290d7e5ce
benchmark/results_seed19/lab5/ql_false/qtable_final_stereotypes_true_lab5_zone2.csv,8e4a711ef4db57afcbba493413d18703430fe4164cdd1d026bf6baf65ab51e28
benchmark/results_seed19/lab5/ql_false/trace_bench_ql_false.jsonl,e3b0c44298fc1c149afbf4c8996fb92427ae41e4649b934ca495991b7852b855
benchmark/results_seed19/lab5/ql_true/bench_step_log_ql_true.csv,03aeaf768b9b520100c52d7784e6f9def78170342dc7ee89012062e318c68fef
benchmark/results_seed19/lab5/ql_true/benchmark_results_ql_true.csv,64f2fdc27944634ef87eb541ae3b2f24323c40098c7a7274a89cb7830eefda1d
benchmark/results_seed19/lab5/ql_true/coverage_stereotypes_false_lab5.csv,2fdcf97683414adaad1d95b82cffb283b32d1b1c2df5aaa84fdbadbc60b127d1
benchmark/results_seed19/lab5/ql_true/coverage_stereotypes_true_lab5.csv,f004ced267b56ebcde8d153db42569537b706076a9f18f2cee18fce1066cc092
benchmark/results_seed19/lab5/ql_true/first_goal_stereotypes_false_lab5.csv,a09602c1dfa8c761307cb7cd7db7f8df69174b707ca7b63fc558f01f355c5989
benchmark/results_seed19/lab5/ql_true/first_goal_stereotypes_true_lab5.csv,a09602c1dfa8c761307cb7cd7db7f8df69174b707ca7b63fc558f01f355c5989
benchmark/results_seed19/lab5/ql_true/iv_stats_stereotypes_false_lab5.json,3e03a1fbd8639fa79afba4c64f3c724dc00fef22db4a2043907b1716da77f40e
benchmark/results_seed19/lab5/ql_true/iv_stats_stereotypes_true_lab5.json,280008a47e492db7a084976b51fea580a9ba8c28c761eae112634d11a597ce1b
benchmark/results_seed19/lab5/ql_true/learned_stereotypes_false_lab5.ttl,0654c137c8a60156a1848161416df57c59c81ed043db9d94a8346cab75ff414d
benchmark/results_seed19/lab5/ql_true/learned_stereotypes_true_lab5.ttl,eb78b73f7412598757c425a9dc5e9d13cfe2f5400f9c0b37778e52991c3ec190
benchmark/results_seed19/lab5/ql_true/metrics_stereotypes_false_lab5.csv,cb878af5928a7801bded0fe0b2340397f8768e7e756cf2e98b75d435c173bbbf
benchmark/results_seed19/lab5/ql_true/metrics_stereotypes_true_lab5.csv,05da6e6067f3b9618e447b64c6fb9771b160d3c88a73319670377440e48de48c
benchmark/results_seed19/lab5/ql_true/qtable_final_stereotypes_false_lab5.csv,5d68a95d55d1274b38951949df49b1cc7c07a0bbf4ca27654ea084d0e2430f4b
benchmark/results_seed19/lab5/ql_true/qtable_final_stereotypes_false_lab5_trust.csv,8b74a8b2125268f80f75eedc1abd409afe252eae534fb6d33fbc9db761089e9b
benchmark/results_seed19/lab5/ql_true/qtable_final_stereotypes_false_lab5_visits.csv,8d79f57232e076b4b1fd0fc99a16e7e8129aa036f396b9fd1be8afe162a9d9fc
benchmark/results_seed19/lab5/ql_true/qtable_final_stereotypes_false_lab5_zone1.csv,a64155ad1d94eb9155f5d1b7bfdf9056b4311520efeeda2382e3ed32662aa7eb
benchmark/results_seed19/lab5/ql_true/qtable_final_stereotypes_false_lab5_zone2.csv,e916632d1c1ca997a62e7b2282ecb99d38488f77bcd68bc271763e6ab1662f3a
benchmark/results_seed19/lab5/ql_true/qtable_final_stereotypes_true_lab5.csv,20500d60232fd58d649dc0d8e0d9052d8222b9b76908ab5aec5bca2f9e26e580
benchmark/results_seed19/lab5/ql_true/qtable_final_stereotypes_true_lab5_trust.csv,8b74a8b2125268f80f75eedc1abd409afe252eae534fb6d33fbc9db761089e9b
benchmark/results_seed19/lab5/ql_true/qtable_final_stereotypes_true_lab5_visits.csv,a65960a39e557731faccc38b0160d4a5c56024dcaf7111fd471e08673b22596f
benchmark/results_seed19/lab5/ql_true/qtable_final_stereotypes_true_lab5_zone1.csv,9576c8b84bcb50fed1a19aac8687cd6b118e2e144718d0545645566290d7e5ce
benchmark/results_seed19/lab5/ql_true/qtable_final_stereotypes_true_lab5_zone2.csv,8e4a711ef4db57afcbba493413d18703430fe4164cdd1d026bf6baf65ab51e28
benchmark/results_seed19/lab5/ql_true/trace_bench_ql_true.jsonl,e3b0c44298fc1c149afbf4c8996fb92427ae41e4649b934ca495991b7852b855
benchmark/results_seed19/lab5/rule_based/bench_step_log_rule_based.csv,210ad2ed6784542e570d6acc3d2f49d7571b0eb50fcc22e5a336aa3356498cea
benchmark/results_seed19/lab5/rule_based/benchmark_results_rule_based.csv,2f9d104fac865191341eac6d3d100721c134acb1fb6d5ad3cd88147b81553074
benchmark/results_seed19/lab5/rule_based/coverage_stereotypes_false_lab5.csv,2fdcf97683414adaad1d95b82cffb283b32d1b1c2df5aaa84fdbadbc60b127d1
benchmark/results_seed19/lab5/rule_based/coverage_stereotypes_true_lab5.csv,f004ced267b56ebcde8d153db42569537b706076a9f18f2cee18fce1066cc092
benchmark/results_seed19/lab5/rule_based/first_goal_stereotypes_false_lab5.csv,a09602c1dfa8c761307cb7cd7db7f8df69174b707ca7b63fc558f01f355c5989
benchmark/results_seed19/lab5/rule_based/first_goal_stereotypes_true_lab5.csv,a09602c1dfa8c761307cb7cd7db7f8df69174b707ca7b63fc558f01f355c5989
benchmark/results_seed19/lab5/rule_based/iv_stats_stereotypes_false_lab5.json,3e03a1fbd8639fa79afba4c64f3c724dc00fef22db4a2043907b1716da77f40e
benchmark/results_seed19/lab5/rule_based/iv_stats_stereotypes_true_lab5.json,280008a47e492db7a084976b51fea580a9ba8c28c761eae112634d11a597ce1b
benchmark/results_seed19/lab5/rule_based/learned_stereotypes_false_lab5.ttl,0654c137c8a60156a1848161416df57c59c81ed043db9d94a8346cab75ff414d
benchmark/results_seed19/lab5/rule_based/learned_stereotypes_true_lab5.ttl,eb78b73f7412598757c425a9dc5e9d13cfe2f5400f9c0b37778e52991c3ec190
benchmark/results_seed19/lab5/rule_based/metrics_stereotypes_false_lab5.csv,cb878af5928a7801bded0fe0b2340397f8768e7e756cf2e98b75d435c173bbbf
benchmark/results_seed19/lab5/rule_based/metrics_stereotypes_true_lab5.csv,05da6e6067f3b9618e447b64c6fb9771b160d3c88a73319670377440e48de48c
benchmark/results_seed19/lab5/rule_based/qtable_final_stereotypes_false_lab5.csv,5d68a95d55d1274b38951949df49b1cc7c07a0bbf4ca27654ea084d0e2430f4b
benchmark/results_seed19/lab5/rule_based/qtable_final_stereotypes_false_lab5_trust.csv,8b74a8b2125268f80f75eedc1abd409afe252eae534fb6d33fbc9db761089e9b
benchmark/results_seed19/lab5/rule_based/qtable_final_stereotypes_false_lab5_visits.csv,8d79f57232e076b4b1fd0fc99a16e7e8129aa036f396b9fd1be8afe162a9d9fc
benchmark/results_seed19/lab5/rule_based/qtable_final_stereotypes_false_lab5_zone1.csv,a64155ad1d94eb9155f5d1b7bfdf9056b4311520efeeda2382e3ed32662aa7eb
benchmark/results_seed19/lab5/rule_based/qtable_final_stereotypes_false_lab5_zone2.csv,e916632d1c1ca997a62e7b2282ecb99d38488f77bcd68bc271763e6ab1662f3a
benchmark/results_seed19/lab5/rule_based/qtable_final_stereotypes_true_lab5.csv,20500d60232fd58d649dc0d8e0d9052d8222b9b76908ab5aec5bca2f9e26e580
benchmark/results_seed19/lab5/rule_based/qtable_final_stereotypes_true_lab5_trust.csv,8b74a8b2125268f80f75eedc1abd409afe252eae534fb6d33fbc9db761089e9b
benchmark/results_seed19/lab5/rule_based/qtable_final_stereotypes_true_lab5_visits.csv,a65960a39e557731faccc38b0160d4a5c56024dcaf7111fd471e08673b22596f
benchmark/results_seed19/lab5/rule_based/qtable_final_stereotypes_true_lab5_zone1.csv,9576c8b84bcb50fed1a19aac8687cd6b118e2e144718d0545645566290d7e5ce
benchmark/results_seed19/lab5/rule_based/qtable_final_stereotypes_true_lab5_zone2.csv,8e4a711ef4db57afcbba493413d18703430fe4164cdd1d026bf6baf65ab51e28
benchmark/results_seed19/lab5/training_stereo_false/coverage_stereotypes_false_lab5.csv,2fdcf97683414adaad1d95b82cffb283b32d1b1c2df5aaa84fdbadbc60b127d1
benchmark/results_seed19/lab5/training_stereo_false/first_goal_stereotypes_false_lab5.csv,a09602c1dfa8c761307cb7cd7db7f8df69174b707ca7b63fc558f01f355c5989
benchmark/results_seed19/lab5/training_stereo_false/iv_stats_stereotypes_false_lab5.json,3e03a1fbd8639fa79afba4c64f3c724dc00fef22db4a2043907b1716da77f40e
benchmark/results_seed19/lab5/training_stereo_false/learned_stereotypes_false_lab5.ttl,0654c137c8a60156a1848161416df57c59c81ed043db9d94a8346cab75ff414d
benchmark/results_seed19/lab5/training_stereo_false/metrics_stereotypes_false_lab5.csv,cb878af5928a7801bded0fe0b2340397f8768e7e756cf2e98b75d435c173bbbf
benchmark/results_seed19/lab5/training_stereo_false/qtable_final_stereotypes_false_lab5.csv,5d68a95d55d1274b38951949df49b1cc7c07a0bbf4ca27654ea084d0e2430f4b
benchmark/results_seed19/lab5/training_stereo_false/qtable_initial_stereotypes_false_lab5.csv,1f719efe3de3b894c6215931199c79ea5417981a846581751ac34959ed93d4a7
benchmark/results_seed19/lab5/training_stereo_false/TRAINING_OK.json,76ad926d15402a9d40c2f0d282a431f6e365f2d18e572db48ff16d03a3202e01
benchmark/results_seed19/lab5/training_stereo_true/coverage_stereotypes_true_lab5.csv,f004ced267b56ebcde8d153db42569537b706076a9f18f2cee18fce1066cc092
benchmark/results_seed19/lab5/training_stereo_true/first_goal_stereotypes_true_lab5.csv,a09602c1dfa8c761307cb7cd7db7f8df69174b707ca7b63fc558f01f355c5989
benchmark/results_seed19/lab5/training_stereo_true/iv_stats_stereotypes_true_lab5.json,280008a47e492db7a084976b51fea580a9ba8c28c761eae112634d11a597ce1b
benchmark/results_seed19/lab5/training_stereo_true/learned_stereotypes_true_lab5.ttl,eb78b73f7412598757c425a9dc5e9d13cfe2f5400f9c0b37778e52991c3ec190
benchmark/results_seed19/lab5/training_stereo_true/metrics_stereotypes_true_lab5.csv,05da6e6067f3b9618e447b64c6fb9771b160d3c88a73319670377440e48de48c
benchmark/results_seed19/lab5/training_stereo_true/qtable_final_stereotypes_true_lab5.csv,20500d60232fd58d649dc0d8e0d9052d8222b9b76908ab5aec5bca2f9e26e580
benchmark/results_seed19/lab5/training_stereo_true/qtable_initial_stereotypes_true_lab5.csv,78732e9f547e4ba2efc6ae510da7171030396e3b820ef3b90f6bd7c248cb5a41
benchmark/results_seed19/lab5/training_stereo_true/TRAINING_OK.json,1d96816399eb6c7b62925324a7ada3bfc0a94c504bb980d0945f4109d60efdd0
benchmark/results_seed20/lab4/ql_false/bench_step_log_ql_false.csv,28cfbc303b77cde32b1015d57772e809ae58ace15986fdef337af0c87b075c41
benchmark/results_seed20/lab4/ql_false/benchmark_results_ql_false.csv,fa33eacb56d13ab3322bdc3dd5f13343ef1d30b41476ef246e01c274d17b97c8
benchmark/results_seed20/lab4/ql_false/coverage_stereotypes_false_lab4.csv,117560c059dd9652ff689281db9f5d65d3a9d2becc6ae2f02667c4e857a166b5
benchmark/results_seed20/lab4/ql_false/coverage_stereotypes_true_lab4.csv,db5ebe1faa8a9283bdcff2be7c97a3bcca297015e78a2fb3d5a47565c3c46b2b
benchmark/results_seed20/lab4/ql_false/first_goal_stereotypes_false_lab4.csv,a09602c1dfa8c761307cb7cd7db7f8df69174b707ca7b63fc558f01f355c5989
benchmark/results_seed20/lab4/ql_false/first_goal_stereotypes_true_lab4.csv,a09602c1dfa8c761307cb7cd7db7f8df69174b707ca7b63fc558f01f355c5989
benchmark/results_seed20/lab4/ql_false/iv_stats_stereotypes_false_lab4.json,efd7d51b4c199036f133177a093b3b355ba3e1260b6cfd7c47f90a6d6fcb4273
benchmark/results_seed20/lab4/ql_false/iv_stats_stereotypes_true_lab4.json,431722f58db877e004c05da7aa9f533f0fd8d4981832daea4edf4c2653b72450
benchmark/results_seed20/lab4/ql_false/learned_stereotypes_false_lab4.ttl,358ca3fd056455534bafa646bbff92e325df98425c14e108d5b80b257495f732
benchmark/results_seed20/lab4/ql_false/learned_stereotypes_true_lab4.ttl,70d8563dda1722c2fed3be4e795be18907173ed834257393fb1dd8c608833725
benchmark/results_seed20/lab4/ql_false/metrics_stereotypes_false_lab4.csv,f308a9407fdb833602b69942d56793b4961d3262ab9e35414f8507a4ec950725
benchmark/results_seed20/lab4/ql_false/metrics_stereotypes_true_lab4.csv,e84f84a6a49b2eed0540c0e1c9661600a5747796d0e9da7a2d6367986af30b09
benchmark/results_seed20/lab4/ql_false/qtable_final_stereotypes_false_lab4.csv,71a2ae376765b3e38f8b0bd387a8b4718632a2ac6c98786e401b3ad7393406f8
benchmark/results_seed20/lab4/ql_false/qtable_final_stereotypes_false_lab4_trust.csv,8b74a8b2125268f80f75eedc1abd409afe252eae534fb6d33fbc9db761089e9b
benchmark/results_seed20/lab4/ql_false/qtable_final_stereotypes_false_lab4_visits.csv,d17d5c9211f163b602a85b65473601894245efa4f804d7dc1ed79cc85feec5cc
benchmark/results_seed20/lab4/ql_false/qtable_final_stereotypes_false_lab4_zone1.csv,55a9b2628755cc2f455856971c1fd2a4ccb1d45379324c2b296b1775cca9e7e7
benchmark/results_seed20/lab4/ql_false/qtable_final_stereotypes_false_lab4_zone2.csv,a54a83e4b0567f82d0f8e88a7d098d6a54789538951f706218f813014fd3ad9a
benchmark/results_seed20/lab4/ql_false/qtable_final_stereotypes_true_lab4.csv,52d6c1e396b5eafbd66a96ec82dc8fcb7af618d879e9b0fabaca523bc50e74c9
benchmark/results_seed20/lab4/ql_false/qtable_final_stereotypes_true_lab4_trust.csv,8b74a8b2125268f80f75eedc1abd409afe252eae534fb6d33fbc9db761089e9b
benchmark/results_seed20/lab4/ql_false/qtable_final_stereotypes_true_lab4_visits.csv,fd49ad595137f0228f71eed0fd4dfe07e86c9df0e3dbdff14568742ef3fcf6a7
benchmark/results_seed20/lab4/ql_false/qtable_final_stereotypes_true_lab4_zone1.csv,582d0a4dd84d6b13ce430d7559eedad80d7b027f264e73b2f91f4a4267b28c65
benchmark/results_seed20/lab4/ql_false/qtable_final_stereotypes_true_lab4_zone2.csv,1dc72ec5105c1f4f5ffae83deed7925ad8c5648adbd8e6bc9f271d4afcdfe8d7
benchmark/results_seed20/lab4/ql_false/trace_bench_ql_false.jsonl,e3b0c44298fc1c149afbf4c8996fb92427ae41e4649b934ca495991b7852b855
benchmark/results_seed20/lab4/ql_true/bench_step_log_ql_true.csv,5a968a37f205934d845afda0f541e7fb8088769c63d1eb79bc0c8d66257cc81e
benchmark/results_seed20/lab4/ql_true/benchmark_results_ql_true.csv,59bd079c7709b167dfd3d3d8975243b03696905d4342feccf6dffb73935fe3d1
benchmark/results_seed20/lab4/ql_true/coverage_stereotypes_false_lab4.csv,117560c059dd9652ff689281db9f5d65d3a9d2becc6ae2f02667c4e857a166b5
benchmark/results_seed20/lab4/ql_true/coverage_stereotypes_true_lab4.csv,db5ebe1faa8a9283bdcff2be7c97a3bcca297015e78a2fb3d5a47565c3c46b2b
benchmark/results_seed20/lab4/ql_true/first_goal_stereotypes_false_lab4.csv,a09602c1dfa8c761307cb7cd7db7f8df69174b707ca7b63fc558f01f355c5989
benchmark/results_seed20/lab4/ql_true/first_goal_stereotypes_true_lab4.csv,a09602c1dfa8c761307cb7cd7db7f8df69174b707ca7b63fc558f01f355c5989
benchmark/results_seed20/lab4/ql_true/iv_stats_stereotypes_false_lab4.json,efd7d51b4c199036f133177a093b3b355ba3e1260b6cfd7c47f90a6d6fcb4273
benchmark/results_seed20/lab4/ql_true/iv_stats_stereotypes_true_lab4.json,431722f58db877e004c05da7aa9f533f0fd8d4981832daea4edf4c2653b72450
benchmark/results_seed20/lab4/ql_true/learned_stereotypes_false_lab4.ttl,358ca3fd056455534bafa646bbff92e325df98425c14e108d5b80b257495f732
benchmark/results_seed20/lab4/ql_true/learned_stereotypes_true_lab4.ttl,70d8563dda1722c2fed3be4e795be18907173ed834257393fb1dd8c608833725
benchmark/results_seed20/lab4/ql_true/metrics_stereotypes_false_lab4.csv,f308a9407fdb833602b69942d56793b4961d3262ab9e35414f8507a4ec950725
benchmark/results_seed20/lab4/ql_true/metrics_stereotypes_true_lab4.csv,e84f84a6a49b2eed0540c0e1c9661600a5747796d0e9da7a2d6367986af30b09
benchmark/results_seed20/lab4/ql_true/qtable_final_stereotypes_false_lab4.csv,71a2ae376765b3e38f8b0bd387a8b4718632a2ac6c98786e401b3ad7393406f8
benchmark/results_seed20/lab4/ql_true/qtable_final_stereotypes_false_lab4_trust.csv,8b74a8b2125268f80f75eedc1abd409afe252eae534fb6d33fbc9db761089e9b
benchmark/results_seed20/lab4/ql_true/qtable_final_stereotypes_false_lab4_visits.csv,d17d5c9211f163b602a85b65473601894245efa4f804d7dc1ed79cc85feec5cc
benchmark/results_seed20/lab4/ql_true/qtable_final_stereotypes_false_lab4_zone1.csv,55a9b2628755cc2f455856971c1fd2a4ccb1d45379324c2b296b1775cca9e7e7
benchmark/results_seed20/lab4/ql_true/qtable_final_stereotypes_false_lab4_zone2.csv,a54a83e4b0567f82d0f8e88a7d098d6a54789538951f706218f813014fd3ad9a
benchmark/results_seed20/lab4/ql_true/qtable_final_stereotypes_true_lab4.csv,52d6c1e396b5eafbd66a96ec82dc8fcb7af618d879e9b0fabaca523bc50e74c9
benchmark/results_seed20/lab4/ql_true/qtable_final_stereotypes_true_lab4_trust.csv,8b74a8b2125268f80f75eedc1abd409afe252eae534fb6d33fbc9db761089e9b
benchmark/results_seed20/lab4/ql_true/qtable_final_stereotypes_true_lab4_visits.csv,fd49ad595137f0228f71eed0fd4dfe07e86c9df0e3dbdff14568742ef3fcf6a7
benchmark/results_seed20/lab4/ql_true/qtable_final_stereotypes_true_lab4_zone1.csv,582d0a4dd84d6b13ce430d7559eedad80d7b027f264e73b2f91f4a4267b28c65
benchmark/results_seed20/lab4/ql_true/qtable_final_stereotypes_true_lab4_zone2.csv,1dc72ec5105c1f4f5ffae83deed7925ad8c5648adbd8e6bc9f271d4afcdfe8d7
benchmark/results_seed20/lab4/ql_true/trace_bench_ql_true.jsonl,e3b0c44298fc1c149afbf4c8996fb92427ae41e4649b934ca495991b7852b855
benchmark/results_seed20/lab4/rule_based/bench_step_log_rule_based.csv,dcbc4327da082492479ba30ccd4da61be5ac2d9659746d470daad350664a098d
benchmark/results_seed20/lab4/rule_based/benchmark_results_rule_based.csv,42ff8cbd9de7a99dd27bbe5f6b5b1b55fd065f48133b516d4cd1a713578407eb
benchmark/results_seed20/lab4/rule_based/coverage_stereotypes_false_lab4.csv,117560c059dd9652ff689281db9f5d65d3a9d2becc6ae2f02667c4e857a166b5
benchmark/results_seed20/lab4/rule_based/coverage_stereotypes_true_lab4.csv,db5ebe1faa8a9283bdcff2be7c97a3bcca297015e78a2fb3d5a47565c3c46b2b
benchmark/results_seed20/lab4/rule_based/first_goal_stereotypes_false_lab4.csv,a09602c1dfa8c761307cb7cd7db7f8df69174b707ca7b63fc558f01f355c5989
benchmark/results_seed20/lab4/rule_based/first_goal_stereotypes_true_lab4.csv,a09602c1dfa8c761307cb7cd7db7f8df69174b707ca7b63fc558f01f355c5989
benchmark/results_seed20/lab4/rule_based/iv_stats_stereotypes_false_lab4.json,efd7d51b4c199036f133177a093b3b355ba3e1260b6cfd7c47f90a6d6fcb4273
benchmark/results_seed20/lab4/rule_based/iv_stats_stereotypes_true_lab4.json,431722f58db877e004c05da7aa9f533f0fd8d4981832daea4edf4c2653b72450
benchmark/results_seed20/lab4/rule_based/learned_stereotypes_false_lab4.ttl,358ca3fd056455534bafa646bbff92e325df98425c14e108d5b80b257495f732
benchmark/results_seed20/lab4/rule_based/learned_stereotypes_true_lab4.ttl,70d8563dda1722c2fed3be4e795be18907173ed834257393fb1dd8c608833725
benchmark/results_seed20/lab4/rule_based/metrics_stereotypes_false_lab4.csv,f308a9407fdb833602b69942d56793b4961d3262ab9e35414f8507a4ec950725
benchmark/results_seed20/lab4/rule_based/metrics_stereotypes_true_lab4.csv,e84f84a6a49b2eed0540c0e1c9661600a5747796d0e9da7a2d6367986af30b09
benchmark/results_seed20/lab4/rule_based/qtable_final_stereotypes_false_lab4.csv,71a2ae376765b3e38f8b0bd387a8b4718632a2ac6c98786e401b3ad7393406f8
benchmark/results_seed20/lab4/rule_based/qtable_final_stereotypes_false_lab4_trust.csv,8b74a8b2125268f80f75eedc1abd409afe252eae534fb6d33fbc9db761089e9b
benchmark/results_seed20/lab4/rule_based/qtable_final_stereotypes_false_lab4_visits.csv,d17d5c9211f163b602a85b65473601894245efa4f804d7dc1ed79cc85feec5cc
benchmark/results_seed20/lab4/rule_based/qtable_final_stereotypes_false_lab4_zone1.csv,55a9b2628755cc2f455856971c1fd2a4ccb1d45379324c2b296b1775cca9e7e7
benchmark/results_seed20/lab4/rule_based/qtable_final_stereotypes_false_lab4_zone2.csv,a54a83e4b0567f82d0f8e88a7d098d6a54789538951f706218f813014fd3ad9a
benchmark/results_seed20/lab4/rule_based/qtable_final_stereotypes_true_lab4.csv,52d6c1e396b5eafbd66a96ec82dc8fcb7af618d879e9b0fabaca523bc50e74c9
benchmark/results_seed20/lab4/rule_based/qtable_final_stereotypes_true_lab4_trust.csv,8b74a8b2125268f80f75eedc1abd409afe252eae534fb6d33fbc9db761089e9b
benchmark/results_seed20/lab4/rule_based/qtable_final_stereotypes_true_lab4_visits.csv,fd49ad595137f0228f71eed0fd4dfe07e86c9df0e3dbdff14568742ef3fcf6a7
benchmark/results_seed20/lab4/rule_based/qtable_final_stereotypes_true_lab4_zone1.csv,582d0a4dd84d6b13ce430d7559eedad80d7b027f264e73b2f91f4a4267b28c65
benchmark/results_seed20/lab4/rule_based/qtable_final_stereotypes_true_lab4_zone2.csv,1dc72ec5105c1f4f5ffae83deed7925ad8c5648adbd8e6bc9f271d4afcdfe8d7
benchmark/results_seed20/lab4/training_stereo_false/coverage_stereotypes_false_lab4.csv,117560c059dd9652ff689281db9f5d65d3a9d2becc6ae2f02667c4e857a166b5
benchmark/results_seed20/lab4/training_stereo_false/first_goal_stereotypes_false_lab4.csv,a09602c1dfa8c761307cb7cd7db7f8df69174b707ca7b63fc558f01f355c5989
benchmark/results_seed20/lab4/training_stereo_false/iv_stats_stereotypes_false_lab4.json,efd7d51b4c199036f133177a093b3b355ba3e1260b6cfd7c47f90a6d6fcb4273
benchmark/results_seed20/lab4/training_stereo_false/learned_stereotypes_false_lab4.ttl,358ca3fd056455534bafa646bbff92e325df98425c14e108d5b80b257495f732
benchmark/results_seed20/lab4/training_stereo_false/metrics_stereotypes_false_lab4.csv,f308a9407fdb833602b69942d56793b4961d3262ab9e35414f8507a4ec950725
benchmark/results_seed20/lab4/training_stereo_false/qtable_final_stereotypes_false_lab4.csv,71a2ae376765b3e38f8b0bd387a8b4718632a2ac6c98786e401b3ad7393406f8
benchmark/results_seed20/lab4/training_stereo_false/qtable_initial_stereotypes_false_lab4.csv,e7a805786d46aebc891069aaff4b80200c4fca7991e24d1c39adfbccc5be20ee
benchmark/results_seed20/lab4/training_stereo_false/TRAINING_OK.json,ddb1d6edb4eb27639f98ce86664c3d9f092a12b4c88efee262fb69e8f3f3d95c
benchmark/results_seed20/lab4/training_stereo_true/coverage_stereotypes_true_lab4.csv,db5ebe1faa8a9283bdcff2be7c97a3bcca297015e78a2fb3d5a47565c3c46b2b
benchmark/results_seed20/lab4/training_stereo_true/first_goal_stereotypes_true_lab4.csv,a09602c1dfa8c761307cb7cd7db7f8df69174b707ca7b63fc558f01f355c5989
benchmark/results_seed20/lab4/training_stereo_true/iv_stats_stereotypes_true_lab4.json,431722f58db877e004c05da7aa9f533f0fd8d4981832daea4edf4c2653b72450
benchmark/results_seed20/lab4/training_stereo_true/learned_stereotypes_true_lab4.ttl,70d8563dda1722c2fed3be4e795be18907173ed834257393fb1dd8c608833725
benchmark/results_seed20/lab4/training_stereo_true/metrics_stereotypes_true_lab4.csv,e84f84a6a49b2eed0540c0e1c9661600a5747796d0e9da7a2d6367986af30b09
benchmark/results_seed20/lab4/training_stereo_true/qtable_final_stereotypes_true_lab4.csv,52d6c1e396b5eafbd66a96ec82dc8fcb7af618d879e9b0fabaca523bc50e74c9
benchmark/results_seed20/lab4/training_stereo_true/qtable_initial_stereotypes_true_lab4.csv,a34227689301a8b03f01964727db05c0cd5ac3ca6fef2c062cbacaa11b196a6e
benchmark/results_seed20/lab4/training_stereo_true/TRAINING_OK.json,e494f3b9cedc5b6316dfc1e993f6a04d2c0e48d1794ea9e5cf882fa325c2185d
benchmark/results_seed20/lab4chain/ql_false/bench_step_log_ql_false.csv,ba92ada7e740312719e6b75cdf44e23a4c3acb1324d9f69e407ac863413d48fc
benchmark/results_seed20/lab4chain/ql_false/benchmark_results_ql_false.csv,5a30f281b19ff16ea3fa50db72fbbfde1247c5e135db478f1a427bda37201e92
benchmark/results_seed20/lab4chain/ql_false/coverage_stereotypes_false_lab4chain.csv,fb146c377edf8e7bfcd6bab2d279a31f1ca87e8bb9db2c966999d7ce3a6a8317
benchmark/results_seed20/lab4chain/ql_false/coverage_stereotypes_true_lab4chain.csv,d84ac441638dd0f5fed28e5e54c60badd97e863d01c76dd438bad9930a741966
benchmark/results_seed20/lab4chain/ql_false/first_goal_stereotypes_false_lab4chain.csv,c5ffe804be30efeafcb90445a2aad5fc8c6c61d1059cb9495473a82bc4a0a63a
benchmark/results_seed20/lab4chain/ql_false/first_goal_stereotypes_true_lab4chain.csv,a09602c1dfa8c761307cb7cd7db7f8df69174b707ca7b63fc558f01f355c5989
benchmark/results_seed20/lab4chain/ql_false/iv_stats_stereotypes_false_lab4chain.json,8f25587ca3fb0299ba9fabe666abde5b59f5f64c06b2cf7b9346f0a2ca3b28ae
benchmark/results_seed20/lab4chain/ql_false/iv_stats_stereotypes_true_lab4chain.json,9f2b29b693aafc5957a38e19fe02a95df8a7b13961dd998d5397e0e5521b43c8
benchmark/results_seed20/lab4chain/ql_false/learned_stereotypes_false_lab4chain.ttl,7cb5c3ee64a87ac104dcd6a332a860afd7a62977eed557a5ab3e09ee4fcce2ce
benchmark/results_seed20/lab4chain/ql_false/learned_stereotypes_true_lab4chain.ttl,f094999e4f3b90b220326438aac35beee3a85dffa1d13e4adf442f9b9bdda025
benchmark/results_seed20/lab4chain/ql_false/metrics_stereotypes_false_lab4chain.csv,2d94667b956dc6344744f46e6f180fd4da77148a879ed52711d742e7c872c076
benchmark/results_seed20/lab4chain/ql_false/metrics_stereotypes_true_lab4chain.csv,33b26d368407a03f34438e533115c744d048958ce4b52e6c8fa91567a7399275
benchmark/results_seed20/lab4chain/ql_false/qtable_final_stereotypes_false_lab4chain.csv,4dad1412a06a9ea9ae84a5677aff1fb4f7e1dc0d43da5981f05fc03607957bd7
benchmark/results_seed20/lab4chain/ql_false/qtable_final_stereotypes_false_lab4chain_trust.csv,8b74a8b2125268f80f75eedc1abd409afe252eae534fb6d33fbc9db761089e9b
benchmark/results_seed20/lab4chain/ql_false/qtable_final_stereotypes_false_lab4chain_visits.csv,2292ee4ff2f53b02412725cd78a1efca32634e9ae6ef4f424e89b8a855313ecb
benchmark/results_seed20/lab4chain/ql_false/qtable_final_stereotypes_false_lab4chain_zone1.csv,779fbb29fccc76c3fa6ba3b67441d910e5b719cf861732652cd8f8b390d85489
benchmark/results_seed20/lab4chain/ql_false/qtable_final_stereotypes_false_lab4chain_zone2.csv,95cb7d319e225c77686e87dc9c4d53cd1833ed091c90b26f2d11fab10776ea5f
benchmark/results_seed20/lab4chain/ql_false/qtable_final_stereotypes_true_lab4chain.csv,c5d1d1c670d4c9cf021d9f88bbdf833607f4eb40ddba3a2e50780849b765e91f
benchmark/results_seed20/lab4chain/ql_false/qtable_final_stereotypes_true_lab4chain_trust.csv,8b74a8b2125268f80f75eedc1abd409afe252eae534fb6d33fbc9db761089e9b
benchmark/results_seed20/lab4chain/ql_false/qtable_final_stereotypes_true_lab4chain_visits.csv,ac8b49fa06c36a9347c3c57c7604825233b435d49b53d1a0fd7fbdfc8fa7f820
benchmark/results_seed20/lab4chain/ql_false/qtable_final_stereotypes_true_lab4chain_zone1.csv,fea0f6d069c4307e144d590f4a93f8f43b408b8737e04646a7843d78f1f4c20c
benchmark/results_seed20/lab4chain/ql_false/qtable_final_stereotypes_true_lab4chain_zone2.csv,8c76828a9241ea3769f8af16c851691ca4f2c687a45f6aae23f0b4ff1936a90e
benchmark/results_seed20/lab4chain/ql_false/trace_bench_ql_false.jsonl,e3b0c44298fc1c149afbf4c8996fb92427ae41e4649b934ca495991b7852b855
benchmark/results_seed20/lab4chain/ql_true/bench_step_log_ql_true.csv,c118588caba8271824a1d0012066f382f67b41c619fbf1fda52a3635a11eb6b1
benchmark/results_seed20/lab4chain/ql_true/benchmark_results_ql_true.csv,5e72ac45f7517ebb429ff79773b2595c9eb28c1ec2359229c344f73ab1bcb47a
benchmark/results_seed20/lab4chain/ql_true/coverage_stereotypes_false_lab4chain.csv,fb146c377edf8e7bfcd6bab2d279a31f1ca87e8bb9db2c966999d7ce3a6a8317
benchmark/results_seed20/lab4chain/ql_true/coverage_stereotypes_true_lab4chain.csv,d84ac441638dd0f5fed28e5e54c60badd97e863d01c76dd438bad9930a741966
benchmark/results_seed20/lab4chain/ql_true/first_goal_stereotypes_false_lab4chain.csv,c5ffe804be30efeafcb90445a2aad5fc8c6c61d1059cb9495473a82bc4a0a63a
benchmark/results_seed20/lab4chain/ql_true/first_goal_stereotypes_true_lab4chain.csv,a09602c1dfa8c761307cb7cd7db7f8df69174b707ca7b63fc558f01f355c5989
benchmark/results_seed20/lab4chain/ql_true/iv_stats_stereotypes_false_lab4chain.json,8f25587ca3fb0299ba9fabe666abde5b59f5f64c06b2cf7b9346f0a2ca3b28ae
benchmark/results_seed20/lab4chain/ql_true/iv_stats_stereotypes_true_lab4chain.json,9f2b29b693aafc5957a38e19fe02a95df8a7b13961dd998d5397e0e5521b43c8
benchmark/results_seed20/lab4chain/ql_true/learned_stereotypes_false_lab4chain.ttl,7cb5c3ee64a87ac104dcd6a332a860afd7a62977eed557a5ab3e09ee4fcce2ce
benchmark/results_seed20/lab4chain/ql_true/learned_stereotypes_true_lab4chain.ttl,f094999e4f3b90b220326438aac35beee3a85dffa1d13e4adf442f9b9bdda025
benchmark/results_seed20/lab4chain/ql_true/metrics_stereotypes_false_lab4chain.csv,2d94667b956dc6344744f46e6f180fd4da77148a879ed52711d742e7c872c076
benchmark/results_seed20/lab4chain/ql_true/metrics_stereotypes_true_lab4chain.csv,33b26d368407a03f34438e533115c744d048958ce4b52e6c8fa91567a7399275
benchmark/results_seed20/lab4chain/ql_true/qtable_final_stereotypes_false_lab4chain.csv,4dad1412a06a9ea9ae84a5677aff1fb4f7e1dc0d43da5981f05fc03607957bd7
benchmark/results_seed20/lab4chain/ql_true/qtable_final_stereotypes_false_lab4chain_trust.csv,8b74a8b2125268f80f75eedc1abd409afe252eae534fb6d33fbc9db761089e9b
benchmark/results_seed20/lab4chain/ql_true/qtable_final_stereotypes_false_lab4chain_visits.csv,2292ee4ff2f53b02412725cd78a1efca32634e9ae6ef4f424e89b8a855313ecb
benchmark/results_seed20/lab4chain/ql_true/qtable_final_stereotypes_false_lab4chain_zone1.csv,779fbb29fccc76c3fa6ba3b67441d910e5b719cf861732652cd8f8b390d85489
benchmark/results_seed20/lab4chain/ql_true/qtable_final_stereotypes_false_lab4chain_zone2.csv,95cb7d319e225c77686e87dc9c4d53cd1833ed091c90b26f2d11fab10776ea5f
benchmark/results_seed20/lab4chain/ql_true/qtable_final_stereotypes_true_lab4chain.csv,c5d1d1c670d4c9cf021d9f88bbdf833607f4eb40ddba3a2e50780849b765e91f
benchmark/results_seed20/lab4chain/ql_true/qtable_final_stereotypes_true_lab4chain_trust.csv,8b74a8b2125268f80f75eedc1abd409afe252eae534fb6d33fbc9db761089e9b
benchmark/results_seed20/lab4chain/ql_true/qtable_final_stereotypes_true_lab4chain_visits.csv,ac8b49fa06c36a9347c3c57c7604825233b435d49b53d1a0fd7fbdfc8fa7f820
benchmark/results_seed20/lab4chain/ql_true/qtable_final_stereotypes_true_lab4chain_zone1.csv,fea0f6d069c4307e144d590f4a93f8f43b408b8737e04646a7843d78f1f4c20c
benchmark/results_seed20/lab4chain/ql_true/qtable_final_stereotypes_true_lab4chain_zone2.csv,8c76828a9241ea3769f8af16c851691ca4f2c687a45f6aae23f0b4ff1936a90e
benchmark/results_seed20/lab4chain/ql_true/trace_bench_ql_true.jsonl,e3b0c44298fc1c149afbf4c8996fb92427ae41e4649b934ca495991b7852b855
benchmark/results_seed20/lab4chain/rule_based/bench_step_log_rule_based.csv,80c72f4e1cceb1e8d37ced41e08fdf772dce607596a4f6e207a0fb1080d0716a
benchmark/results_seed20/lab4chain/rule_based/benchmark_results_rule_based.csv,05f9cb9401f0d98821373252ab743cf09edb232e70642042d2b340d33f6046b1
benchmark/results_seed20/lab4chain/rule_based/coverage_stereotypes_false_lab4chain.csv,fb146c377edf8e7bfcd6bab2d279a31f1ca87e8bb9db2c966999d7ce3a6a8317
benchmark/results_seed20/lab4chain/rule_based/coverage_stereotypes_true_lab4chain.csv,d84ac441638dd0f5fed28e5e54c60badd97e863d01c76dd438bad9930a741966
benchmark/results_seed20/lab4chain/rule_based/first_goal_stereotypes_false_lab4chain.csv,c5ffe804be30efeafcb90445a2aad5fc8c6c61d1059cb9495473a82bc4a0a63a
benchmark/results_seed20/lab4chain/rule_based/first_goal_stereotypes_true_lab4chain.csv,a09602c1dfa8c761307cb7cd7db7f8df69174b707ca7b63fc558f01f355c5989
benchmark/results_seed20/lab4chain/rule_based/iv_stats_stereotypes_false_lab4chain.json,8f25587ca3fb0299ba9fabe666abde5b59f5f64c06b2cf7b9346f0a2ca3b28ae
benchmark/results_seed20/lab4chain/rule_based/iv_stats_stereotypes_true_lab4chain.json,9f2b29b693aafc5957a38e19fe02a95df8a7b13961dd998d5397e0e5521b43c8
benchmark/results_seed20/lab4chain/rule_based/learned_stereotypes_false_lab4chain.ttl,7cb5c3ee64a87ac104dcd6a332a860afd7a62977eed557a5ab3e09ee4fcce2ce
benchmark/results_seed20/lab4chain/rule_based/learned_stereotypes_true_lab4chain.ttl,f094999e4f3b90b220326438aac35beee3a85dffa1d13e4adf442f9b9bdda025
benchmark/results_seed20/lab4chain/rule_based/metrics_stereotypes_false_lab4chain.csv,2d94667b956dc6344744f46e6f180fd4da77148a879ed52711d742e7c872c076
benchmark/results_seed20/lab4chain/rule_based/metrics_stereotypes_true_lab4chain.csv,33b26d368407a03f34438e533115c744d048958ce4b52e6c8fa91567a7399275
benchmark/results_seed20/lab4chain/rule_based/qtable_final_stereotypes_false_lab4chain.csv,4dad1412a06a9ea9ae84a5677aff1fb4f7e1dc0d43da5981f05fc03607957bd7
benchmark/results_seed20/lab4chain/rule_based/qtable_final_stereotypes_false_lab4chain_trust.csv,8b74a8b2125268f80f75eedc1abd409afe252eae534fb6d33fbc9db761089e9b
benchmark/results_seed20/lab4chain/rule_based/qtable_final_stereotypes_false_lab4chain_visits.csv,2292ee4ff2f53b02412725cd78a1efca32634e9ae6ef4f424e89b8a855313ecb
benchmark/results_seed20/lab4chain/rule_based/qtable_final_stereotypes_false_lab4chain_zone1.csv,779fbb29fccc76c3fa6ba3b67441d910e5b719cf861732652cd8f8b390d85489
benchmark/results_seed20/lab4chain/rule_based/qtable_final_stereotypes_false_lab4chain_zone2.csv,95cb7d319e225c77686e87dc9c4d53cd1833ed091c90b26f2d11fab10776ea5f
benchmark/results_seed20/lab4chain/rule_based/qtable_final_stereotypes_true_lab4chain.csv,c5d1d1c670d4c9cf021d9f88bbdf833607f4eb40ddba3a2e50780849b765e91f
benchmark/results_seed20/lab4chain/rule_based/qtable_final_stereotypes_true_lab4chain_trust.csv,8b74a8b2125268f80f75eedc1abd409afe252eae534fb6d33fbc9db761089e9b
benchmark/results_seed20/lab4chain/rule_based/qtable_final_stereotypes_true_lab4chain_visits.csv,ac8b49fa06c36a9347c3c57c7604825233b435d49b53d1a0fd7fbdfc8fa7f820
benchmark/results_seed20/lab4chain/rule_based/qtable_final_stereotypes_true_lab4chain_zone1.csv,fea0f6d069c4307e144d590f4a93f8f43b408b8737e04646a7843d78f1f4c20c
benchmark/results_seed20/lab4chain/rule_based/qtable_final_stereotypes_true_lab4chain_zone2.csv,8c76828a9241ea3769f8af16c851691ca4f2c687a45f6aae23f0b4ff1936a90e
benchmark/results_seed20/lab4chain/training_stereo_false/coverage_stereotypes_false_lab4chain.csv,fb146c377edf8e7bfcd6bab2d279a31f1ca87e8bb9db2c966999d7ce3a6a8317
benchmark/results_seed20/lab4chain/training_stereo_false/first_goal_stereotypes_false_lab4chain.csv,c5ffe804be30efeafcb90445a2aad5fc8c6c61d1059cb9495473a82bc4a0a63a
benchmark/results_seed20/lab4chain/training_stereo_false/iv_stats_stereotypes_false_lab4chain.json,8f25587ca3fb0299ba9fabe666abde5b59f5f64c06b2cf7b9346f0a2ca3b28ae
benchmark/results_seed20/lab4chain/training_stereo_false/learned_stereotypes_false_lab4chain.ttl,7cb5c3ee64a87ac104dcd6a332a860afd7a62977eed557a5ab3e09ee4fcce2ce
benchmark/results_seed20/lab4chain/training_stereo_false/metrics_stereotypes_false_lab4chain.csv,2d94667b956dc6344744f46e6f180fd4da77148a879ed52711d742e7c872c076
benchmark/results_seed20/lab4chain/training_stereo_false/qtable_final_stereotypes_false_lab4chain.csv,4dad1412a06a9ea9ae84a5677aff1fb4f7e1dc0d43da5981f05fc03607957bd7
benchmark/results_seed20/lab4chain/training_stereo_false/qtable_initial_stereotypes_false_lab4chain.csv,8e651424be7fc1e8f08b3ca8d4f82f240e9f7fc9a9db7c05f461ed8ca6c14a18
benchmark/results_seed20/lab4chain/training_stereo_false/TRAINING_OK.json,f17df32deaea148c6b976d4238c425b707686c6b06fbdc4c7ac65cc275f6021b
benchmark/results_seed20/lab4chain/training_stereo_true/coverage_stereotypes_true_lab4chain.csv,d84ac441638dd0f5fed28e5e54c60badd97e863d01c76dd438bad9930a741966
benchmark/results_seed20/lab4chain/training_stereo_true/first_goal_stereotypes_true_lab4chain.csv,a09602c1dfa8c761307cb7cd7db7f8df69174b707ca7b63fc558f01f355c5989
benchmark/results_seed20/lab4chain/training_stereo_true/iv_stats_stereotypes_true_lab4chain.json,9f2b29b693aafc5957a38e19fe02a95df8a7b13961dd998d5397e0e5521b43c8
benchmark/results_seed20/lab4chain/training_stereo_true/learned_stereotypes_true_lab4chain.ttl,f094999e4f3b90b220326438aac35beee3a85dffa1d13e4adf442f9b9bdda025
benchmark/results_seed20/lab4chain/training_stereo_true/metrics_stereotypes_true_lab4chain.csv,33b26d368407a03f34438e533115c744d048958ce4b52e6c8fa91567a7399275
benchmark/results_seed20/lab4chain/training_stereo_true/qtable_final_stereotypes_true_lab4chain.csv,c5d1d1c670d4c9cf021d9f88bbdf833607f4eb40ddba3a2e50780849b765e91f
benchmark/results_seed20/lab4chain/training_stereo_true/qtable_initial_stereotypes_true_lab4chain.csv,be569de97d95f95e9c344cdc3dd3e7846339ceb11bca6d874c399574155d2283
benchmark/results_seed20/lab4chain/training_stereo_true/TRAINING_OK.json,004d107a287a023055bfa91ff95078a9e244b646a247c7e39057e3c7ce2a189c
benchmark/results_seed20/lab4dual/ql_false/bench_step_log_ql_false.csv,d2f5df5bac6f498e09d8a77e3746d7f593b47a4a450c3cb4212db815e2fa3d62
benchmark/results_seed20/lab4dual/ql_false/benchmark_results_ql_false.csv,68f1571f78db77f18bb2c9979901f42085cb8c8b3ca6e288f07edea73f8f61de
benchmark/results_seed20/lab4dual/ql_false/coverage_stereotypes_false_lab4dual.csv,4c42e91a07834326f310ac9b6714c7cf09bfb6b3fdc31d7359c38a0feb8ed7f9
benchmark/results_seed20/lab4dual/ql_false/coverage_stereotypes_true_lab4dual.csv,67076814d943f10ddea522c478d29d1bf9db3e845fb85c33846d09c576bb2f9f
benchmark/results_seed20/lab4dual/ql_false/first_goal_stereotypes_false_lab4dual.csv,56f2c2a502f9941eb6a4af6c25cb8e2677054a2c83d66cf778457fc0d4fb1f21
benchmark/results_seed20/lab4dual/ql_false/first_goal_stereotypes_true_lab4dual.csv,a09602c1dfa8c761307cb7cd7db7f8df69174b707ca7b63fc558f01f355c5989
benchmark/results_seed20/lab4dual/ql_false/iv_stats_stereotypes_false_lab4dual.json,e5c78d25e44b951470ac1d033559e4853ce18916e19950643ac32ba269c48a65
benchmark/results_seed20/lab4dual/ql_false/iv_stats_stereotypes_true_lab4dual.json,fbb22c92cbea58cc48c5d14e5876fdcd11e7b4cc3f831f9799c01c3df2235f1b
benchmark/results_seed20/lab4dual/ql_false/learned_stereotypes_false_lab4dual.ttl,2cd8d0841eb74809d1ee56cde7ca7fa2bcc915cbaeff1acea8a4d39bbe28fdc9
benchmark/results_seed20/lab4dual/ql_false/learned_stereotypes_true_lab4dual.ttl,11cdb8e6fbb9777481ebdeadada49135cc741f4faab291e1a61702cc75df2714
benchmark/results_seed20/lab4dual/ql_false/metrics_stereotypes_false_lab4dual.csv,620c8a4f4e6da13c980bf0ea9867981b28255b173cef941afa4916a3b84dfaa6
benchmark/results_seed20/lab4dual/ql_false/metrics_stereotypes_true_lab4dual.csv,2a303ed1f5b25064fc2dd2bea3399be2ce7f9e4e2a85d529af7a20dce4ece215
benchmark/results_seed20/lab4dual/ql_false/qtable_final_stereotypes_false_lab4dual.csv,987e56568f2de9352eecb1e783e455edca7630f5ffcd88dfa11b0ebcdcf36670
benchmark/results_seed20/lab4dual/ql_false/qtable_final_stereotypes_false_lab4dual_trust.csv,8b74a8b2125268f80f75eedc1abd409afe252eae534fb6d33fbc9db761089e9b
benchmark/results_seed20/lab4dual/ql_false/qtable_final_stereotypes_false_lab4dual_visits.csv,4fad8abbd03274f77d2659b8a540e7393926b0f411664014f786ad150c3fefb0
benchmark/results_seed20/lab4dual/ql_false/qtable_final_stereotypes_false_lab4dual_zone1.csv,74d9d252f4f7e1fe4d02b0b7cb71ed71fcf7c066c0826b74e74a4bbc6c57a488
benchmark/results_seed20/lab4dual/ql_false/qtable_final_stereotypes_false_lab4dual_zone2.csv,6eacdff91759fa096a50be99265e0d9f0665384406eee718ce2c1522e820b862
benchmark/results_seed20/lab4dual/ql_false/qtable_final_stereotypes_true_lab4dual.csv,3277baf906dd23f8c3c97d3ae2f8b407b5f6e38591147066cd039bb7ea246d66
benchmark/results_seed20/lab4dual/ql_false/qtable_final_stereotypes_true_lab4dual_trust.csv,8b74a8b2125268f80f75eedc1abd409afe252eae534fb6d33fbc9db761089e9b
benchmark/results_seed20/lab4dual/ql_false/qtable_final_stereotypes_true_lab4dual_visits.csv,fa9f0557991cf92aa74b306aa96893a183f821e0cdb13cef01800f6118148497
benchmark/results_seed20/lab4dual/ql_false/qtable_final_stereotypes_true_lab4dual_zone1.csv,a7b88abcf437b1b5e02c3af4363f26f8b1b1ac663a1762653daf4aa0f048882d
benchmark/results_seed20/lab4dual/ql_false/qtable_final_stereotypes_true_lab4dual_zone2.csv,3d77fe4265faf81004a4a5e73fcea6b2943c289a3e80411da6d7dce51804e997
benchmark/results_seed20/lab4dual/ql_false/trace_bench_ql_false.jsonl,e3b0c44298fc1c149afbf4c8996fb92427ae41e4649b934ca495991b7852b855
benchmark/results_seed20/lab4dual/ql_true/bench_step_log_ql_true.csv,013c84f0bda874741e44ead3793e75bf92717adccd4ea1373412f1da1def6690
benchmark/results_seed20/lab4dual/ql_true/benchmark_results_ql_true.csv,1399d4bf79ae2882c0f130daa7d5ecd2c7e3a85830001cdc455a300a19bfe773
benchmark/results_seed20/lab4dual/ql_true/coverage_stereotypes_false_lab4dual.csv,4c42e91a07834326f310ac9b6714c7cf09bfb6b3fdc31d7359c38a0feb8ed7f9
benchmark/results_seed20/lab4dual/ql_true/coverage_stereotypes_true_lab4dual.csv,67076814d943f10ddea522c478d29d1bf9db3e845fb85c33846d09c576bb2f9f
benchmark/results_seed20/lab4dual/ql_true/first_goal_stereotypes_false_lab4dual.csv,56f2c2a502f9941eb6a4af6c25cb8e2677054a2c83d66cf778457fc0d4fb1f21
benchmark/results_seed20/lab4dual/ql_true/first_goal_stereotypes_true_lab4dual.csv,a09602c1dfa8c761307cb7cd7db7f8df69174b707ca7b63fc558f01f355c5989
benchmark/results_seed20/lab4dual/ql_true/iv_stats_stereotypes_false_lab4dual.json,e5c78d25e44b951470ac1d033559e4853ce18916e19950643ac32ba269c48a65
benchmark/results_seed20/lab4dual/ql_true/iv_stats_stereotypes_true_lab4dual.json,fbb22c92cbea58cc48c5d14e5876fdcd11e7b4cc3f831f9799c01c3df2235f1b
benchmark/results_seed20/lab4dual/ql_true/learned_stereotypes_false_lab4dual.ttl,2cd8d0841eb74809d1ee56cde7ca7fa2bcc915cbaeff1acea8a4d39bbe28fdc9
benchmark/results_seed20/lab4dual/ql_true/learned_stereotypes_true_lab4dual.ttl,11cdb8e6fbb9777481ebdeadada49135cc741f4faab291e1a61702cc75df2714
benchmark/results_seed20/lab4dual/ql_true/metrics_stereotypes_false_lab4dual.csv,620c8a4f4e6da13c980bf0ea9867981b28255b173cef941afa4916a3b84dfaa6
benchmark/results_seed20/lab4dual/ql_true/metrics_stereotypes_true_lab4dual.csv,2a303ed1f5b25064fc2dd2bea3399be2ce7f9e4e2a85d529af7a20dce4ece215
benchmark/results_seed20/lab4dual/ql_true/qtable_final_stereotypes_false_lab4dual.csv,987e56568f2de9352eecb1e783e455edca7630f5ffcd88dfa11b0ebcdcf36670
benchmark/results_seed20/lab4dual/ql_true/qtable_final_stereotypes_false_lab4dual_trust.csv,8b74a8b2125268f80f75eedc1abd409afe252eae534fb6d33fbc9db761089e9b
benchmark/results_seed20/lab4dual/ql_true/qtable_final_stereotypes_false_lab4dual_visits.csv,4fad8abbd03274f77d2659b8a540e7393926b0f411664014f786ad150c3fefb0
benchmark/results_seed20/lab4dual/ql_true/qtable_final_stereotypes_false_lab4dual_zone1.csv,74d9d252f4f7e1fe4d02b0b7cb71ed71fcf7c066c0826b74e74a4bbc6c57a488
benchmark/results_seed20/lab4dual/ql_true/qtable_final_stereotypes_false_lab4dual_zone2.csv,6eacdff91759fa096a50be99265e0d9f0665384406eee718ce2c1522e820b862
benchmark/results_seed20/lab4dual/ql_true/qtable_final_stereotypes_true_lab4dual.csv,3277baf906dd23f8c3c97d3ae2f8b407b5f6e38591147066cd039bb7ea246d66
benchmark/results_seed20/lab4dual/ql_true/qtable_final_stereotypes_true_lab4dual_trust.csv,8b74a8b2125268f80f75eedc1abd409afe252eae534fb6d33fbc9db761089e9b
benchmark/results_seed20/lab4dual/ql_true/qtable_final_stereotypes_true_lab4dual_visits.csv,fa9f0557991cf92aa74b306aa96893a183f821e0cdb13cef01800f6118148497
benchmark/results_seed20/lab4dual/ql_true/qtable_final_stereotypes_true_lab4dual_zone1.csv,a7b88abcf437b1b5e02c3af4363f26f8b1b1ac663a1762653daf4aa0f048882d
benchmark/results_seed20/lab4dual/ql_true/qtable_final_stereotypes_true_lab4dual_zone2.csv,3d77fe4265faf81004a4a5e73fcea6b2943c289a3e80411da6d7dce51804e997
benchmark/results_seed20/lab4dual/ql_true/trace_bench_ql_true.jsonl,e3b0c44298fc1c149afbf4c8996fb92427ae41e4649b934ca495991b7852b855
benchmark/results_seed20/lab4dual/rule_based/bench_step_log_rule_based.csv,7bde9a71d15f8b7167398dfa5926ffbd85d5a7fc6c797150340006ad16070521
benchmark/results_seed20/lab4dual/rule_based/benchmark_results_rule_based.csv,f0f24a67e39d174937e5a64a2cffdbbb2c03fd64b138dc066051194e2002327b
benchmark/results_seed20/lab4dual/rule_based/coverage_stereotypes_false_lab4dual.csv,4c42e91a07834326f310ac9b6714c7cf09bfb6b3fdc31d7359c38a0feb8ed7f9
benchmark/results_seed20/lab4dual/rule_based/coverage_stereotypes_true_lab4dual.csv,67076814d943f10ddea522c478d29d1bf9db3e845fb85c33846d09c576bb2f9f
benchmark/results_seed20/lab4dual/rule_based/first_goal_stereotypes_false_lab4dual.csv,56f2c2a502f9941eb6a4af6c25cb8e2677054a2c83d66cf778457fc0d4fb1f21
benchmark/results_seed20/lab4dual/rule_based/first_goal_stereotypes_true_lab4dual.csv,a09602c1dfa8c761307cb7cd7db7f8df69174b707ca7b63fc558f01f355c5989
benchmark/results_seed20/lab4dual/rule_based/iv_stats_stereotypes_false_lab4dual.json,e5c78d25e44b951470ac1d033559e4853ce18916e19950643ac32ba269c48a65
benchmark/results_seed20/lab4dual/rule_based/iv_stats_stereotypes_true_lab4dual.json,fbb22c92cbea58cc48c5d14e5876fdcd11e7b4cc3f831f9799c01c3df2235f1b
benchmark/results_seed20/lab4dual/rule_based/learned_stereotypes_false_lab4dual.ttl,2cd8d0841eb74809d1ee56cde7ca7fa2bcc915cbaeff1acea8a4d39bbe28fdc9
benchmark/results_seed20/lab4dual/rule_based/learned_stereotypes_true_lab4dual.ttl,11cdb8e6fbb9777481ebdeadada49135cc741f4faab291e1a61702cc75df2714
benchmark/results_seed20/lab4dual/rule_based/metrics_stereotypes_false_lab4dual.csv,620c8a4f4e6da13c980bf0ea9867981b28255b173cef941afa4916a3b84dfaa6
benchmark/results_seed20/lab4dual/rule_based/metrics_stereotypes_true_lab4dual.csv,2a303ed1f5b25064fc2dd2bea3399be2ce7f9e4e2a85d529af7a20dce4ece215
benchmark/results_seed20/lab4dual/rule_based/qtable_final_stereotypes_false_lab4dual.csv,987e56568f2de9352eecb1e783e455edca7630f5ffcd88dfa11b0ebcdcf36670
benchmark/results_seed20/lab4dual/rule_based/qtable_final_stereotypes_false_lab4dual_trust.csv,8b74a8b2125268f80f75eedc1abd409afe252eae534fb6d33fbc9db761089e9b
benchmark/results_seed20/lab4dual/rule_based/qtable_final_stereotypes_false_lab4dual_visits.csv,4fad8abbd03274f77d2659b8a540e7393926b0f411664014f786ad150c3fefb0
benchmark/results_seed20/lab4dual/rule_based/qtable_final_stereotypes_false_lab4dual_zone1.csv,74d9d252f4f7e1fe4d02b0b7cb71ed71fcf7c066c0826b74e74a4bbc6c57a488
benchmark/results_seed20/lab4dual/rule_based/qtable_final_stereotypes_false_lab4dual_zone2.csv,6eacdff91759fa096a50be99265e0d9f0665384406eee718ce2c1522e820b862
benchmark/results_seed20/lab4dual/rule_based/qtable_final_stereotypes_true_lab4dual.csv,3277baf906dd23f8c3c97d3ae2f8b407b5f6e38591147066cd039bb7ea246d66
benchmark/results_seed20/lab4dual/rule_based/qtable_final_stereotypes_true_lab4dual_trust.csv,8b74a8b2125268f80f75eedc1abd409afe252eae534fb6d33fbc9db761089e9b
benchmark/results_seed20/lab4dual/rule_based/qtable_final_stereotypes_true_lab4dual_visits.csv,fa9f0557991cf92aa74b306aa96893a183f821e0cdb13cef01800f6118148497
benchmark/results_seed20/lab4dual/rule_based/qtable_final_stereotypes_true_lab4dual_zone1.csv,a7b88abcf437b1b5e02c3af4363f26f8b1b1ac663a1762653daf4aa0f048882d
benchmark/results_seed20/lab4dual/rule_based/qtable_final_stereotypes_true_lab4dual_zone2.csv,3d77fe4265faf81004a4a5e73fcea6b2943c289a3e80411da6d7dce51804e997
benchmark/results_seed20/lab4dual/training_stereo_false/coverage_stereotypes_false_lab4dual.csv,4c42e91a07834326f310ac9b6714c7cf09bfb6b3fdc31d7359c38a0feb8ed7f9
benchmark/results_seed20/lab4dual/training_stereo_false/first_goal_stereotypes_false_lab4dual.csv,56f2c2a502f9941eb6a4af6c25cb8e2677054a2c83d66cf778457fc0d4fb1f21
benchmark/results_seed20/lab4dual/training_stereo_false/iv_stats_stereotypes_false_lab4dual.json,e5c78d25e44b951470ac1d033559e4853ce18916e19950643ac32ba269c48a65
benchmark/results_seed20/lab4dual/training_stereo_false/learned_stereotypes_false_lab4dual.ttl,2cd8d0841eb74809d1ee56cde7ca7fa2bcc915cbaeff1acea8a4d39bbe28fdc9
benchmark/results_seed20/lab4dual/training_stereo_false/metrics_stereotypes_false_lab4dual.csv,620c8a4f4e6da13c980bf0ea9867981b28255b173cef941afa4916a3b84dfaa6
benchmark/results_seed20/lab4dual/training_stereo_false/qtable_final_stereotypes_false_lab4dual.csv,987e56568f2de9352eecb1e783e455edca7630f5ffcd88dfa11b0ebcdcf36670
benchmark/results_seed20/lab4dual/training_stereo_false/qtable_initial_stereotypes_false_lab4dual.csv,76c7e1200a5c817c641f0fac6077a813d29a7731ea5b7ca36b5152359bf32840
benchmark/results_seed20/lab4dual/training_stereo_false/TRAINING_OK.json,14e6099188da2b026dc7cee7228ae2c8639b9c36fe22cbce196224e33c0ca453
benchmark/results_seed20/lab4dual/training_stereo_true/coverage_stereotypes_true_lab4dual.csv,67076814d943f10ddea522c478d29d1bf9db3e845fb85c33846d09c576bb2f9f
benchmark/results_seed20/lab4dual/training_stereo_true/first_goal_stereotypes_true_lab4dual.csv,a09602c1dfa8c761307cb7cd7db7f8df69174b707ca7b63fc558f01f355c5989
benchmark/results_seed20/lab4dual/training_stereo_true/iv_stats_stereotypes_true_lab4dual.json,fbb22c92cbea58cc48c5d14e5876fdcd11e7b4cc3f831f9799c01c3df2235f1b
benchmark/results_seed20/lab4dual/training_stereo_true/learned_stereotypes_true_lab4dual.ttl,11cdb8e6fbb9777481ebdeadada49135cc741f4faab291e1a61702cc75df2714
benchmark/results_seed20/lab4dual/training_stereo_true/metrics_stereotypes_true_lab4dual.csv,2a303ed1f5b25064fc2dd2bea3399be2ce7f9e4e2a85d529af7a20dce4ece215
benchmark/results_seed20/lab4dual/training_stereo_true/qtable_final_stereotypes_true_lab4dual.csv,3277baf906dd23f8c3c97d3ae2f8b407b5f6e38591147066cd039bb7ea246d66
benchmark/results_seed20/lab4dual/training_stereo_true/qtable_initial_stereotypes_true_lab4dual.csv,0ac9c51af98a5d238d35312958e4ef0068172106b0f793b4ec6e1d534e574776
benchmark/results_seed20/lab4dual/training_stereo_true/TRAINING_OK.json,fea234c8c3002c3c652b2ee10a2065ea646358d8dff9b41bede85d7d1325eba3
benchmark/results_seed20/lab5/ql_false/bench_step_log_ql_false.csv,7fc8197c971cd3da1fd78fb156d2900adcf8e9e7e1b7fe74e7456b343bb7fbdd
benchmark/results_seed20/lab5/ql_false/benchmark_results_ql_false.csv,b86654e0a7b5417cec92dda1949b337895a784483ea367cb1de8733d56d4410e
benchmark/results_seed20/lab5/ql_false/coverage_stereotypes_false_lab5.csv,319357d753392428cce1f444cde307e0a191d7e4465c1946e51bbb5853356d7c
benchmark/results_seed20/lab5/ql_false/coverage_stereotypes_true_lab5.csv,824fff4958e33fb5335e2cb80e4dfbb3320949f07e439f0ad0115b76e54b76a6
benchmark/results_seed20/lab5/ql_false/first_goal_stereotypes_false_lab5.csv,ab10c9cbc98fff624e5a2d28a7cf1ee90ac40b721a3941e147db027c19a99656
benchmark/results_seed20/lab5/ql_false/first_goal_stereotypes_true_lab5.csv,a09602c1dfa8c761307cb7cd7db7f8df69174b707ca7b63fc558f01f355c5989
benchmark/results_seed20/lab5/ql_false/iv_stats_stereotypes_false_lab5.json,1fb087b1a7b0d7ded1b03937d15c3b3955cfdc79b3906cd228c613bc777239b9
benchmark/results_seed20/lab5/ql_false/iv_stats_stereotypes_true_lab5.json,c48294281068e4cfa3c3c45bf981e695a6a05c31334a0f160793d843e6d2ec1a
benchmark/results_seed20/lab5/ql_false/learned_stereotypes_false_lab5.ttl,a2458ec33b17d25c039eabb901224971776c16714a4a0971677937ae7b4c2632
benchmark/results_seed20/lab5/ql_false/learned_stereotypes_true_lab5.ttl,65b4718521ae986d649f60897e4190ea326e047bbfa7e67b33a0fd581f25c1c3
benchmark/results_seed20/lab5/ql_false/metrics_stereotypes_false_lab5.csv,4512ddfd631b7ad7f8ab3ad19a552ae0d53f35310eb9d00b4c8ca85d3050a422
benchmark/results_seed20/lab5/ql_false/metrics_stereotypes_true_lab5.csv,2a7e8fd5ca58fd6103defcc7651fd8a290f95fdbe16b25c242de6c26f151894d
benchmark/results_seed20/lab5/ql_false/qtable_final_stereotypes_false_lab5.csv,a71b8e475ff28968c42f4eba869ed94b54f4b4de40d7effb892f4dec21e8b785
benchmark/results_seed20/lab5/ql_false/qtable_final_stereotypes_false_lab5_trust.csv,8b74a8b2125268f80f75eedc1abd409afe252eae534fb6d33fbc9db761089e9b
benchmark/results_seed20/lab5/ql_false/qtable_final_stereotypes_false_lab5_visits.csv,f9580171f6e285ff49d10688c5452998a539828fafc644b96a024e38ec671d1a
benchmark/results_seed20/lab5/ql_false/qtable_final_stereotypes_false_lab5_zone1.csv,1d029b9bb8a140e4469c767df84813846273b945681288ee8b5fbbf098d9020d
benchmark/results_seed20/lab5/ql_false/qtable_final_stereotypes_false_lab5_zone2.csv,19bf3797d65e07b7a500e4214f5d5e073b2bafcd5375f6249e8aa7600e6ff64f
benchmark/results_seed20/lab5/ql_false/qtable_final_stereotypes_true_lab5.csv,a8cd60e6931c8ade92c66051c03673078e66c80f5f141c50133c4e04a01cf961
benchmark/results_seed20/lab5/ql_false/qtable_final_stereotypes_true_lab5_trust.csv,8b74a8b2125268f80f75eedc1abd409afe252eae534fb6d33fbc9db761089e9b
benchmark/results_seed20/lab5/ql_false/qtable_final_stereotypes_true_lab5_visits.csv,46ee23fd671552d3feebb036712b47269541bd27fa5f4efd080a0089c41654e9
benchmark/results_seed20/lab5/ql_false/qtable_final_stereotypes_true_lab5_zone1.csv,d34b807aa26760ca9a084d053bf778edfdbb4d4f0cb13284aebb0bc49637100a
benchmark/results_seed20/lab5/ql_false/qtable_final_stereotypes_true_lab5_zone2.csv,050bb0a8caf6447022ef28fed820815d1e64e61fec82bc9ab5b2397a92e622ba
benchmark/results_seed20/lab5/ql_false/trace_bench_ql_false.jsonl,e3b0c44298fc1c149afbf4c8996fb92427ae41e4649b934ca495991b7852b855
benchmark/results_seed20/lab5/ql_true/bench_step_log_ql_true.csv,01304dd3a24d6fd8f741dddee6a115240bd8159387d662a6a155fe539d8bc1e6
benchmark/results_seed20/lab5/ql_true/benchmark_results_ql_true.csv,8740c8e05c2c79fe629d934abe84b1e9024f84f08f4f9ef303be2d6a890ef285
benchmark/results_seed20/lab5/ql_true/coverage_stereotypes_false_lab5.csv,319357d753392428cce1f444cde307e0a191d7e4465c1946e51bbb5853356d7c
benchmark/results_seed20/lab5/ql_true/coverage_stereotypes_true_lab5.csv,824fff4958e33fb5335e2cb80e4dfbb3320949f07e439f0ad0115b76e54b76a6
benchmark/results_seed20/lab5/ql_true/first_goal_stereotypes_false_lab5.csv,ab10c9cbc98fff624e5a2d28a7cf1ee90ac40b721a3941e147db027c19a99656
benchmark/results_seed20/lab5/ql_true/first_goal_stereotypes_true_lab5.csv,a09602c1dfa8c761307cb7cd7db7f8df69174b707ca7b63fc558f01f355c5989
benchmark/results_seed20/lab5/ql_true/iv_stats_stereotypes_false_lab5.json,1fb087b1a7b0d7ded1b03937d15c3b3955cfdc79b3906cd228c613bc777239b9
benchmark/results_seed20/lab5/ql_true/iv_stats_stereotypes_true_lab5.json,c48294281068e4cfa3c3c45bf981e695a6a05c31334a0f160793d843e6d2ec1a
benchmark/results_seed20/lab5/ql_true/learned_stereotypes_false_lab5.ttl,a2458ec33b17d25c039eabb901224971776c16714a4a0971677937ae7b4c2632
benchmark/results_seed20/lab5/ql_true/learned_stereotypes_true_lab5.ttl,65b4718521ae986d649f60897e4190ea326e047bbfa7e67b33a0fd581f25c1c3
benchmark/results_seed20/lab5/ql_true/metrics_stereotypes_false_lab5.csv,4512ddfd631b7ad7f8ab3ad19a552ae0d53f35310eb9d00b4c8ca85d3050a422
benchmark/results_seed20/lab5/ql_true/metrics_stereotypes_true_lab5.csv,2a7e8fd5ca58fd6103defcc7651fd8a290f95fdbe16b25c242de6c26f151894d
benchmark/results_seed20/lab5/ql_true/qtable_final_stereotypes_false_lab5.csv,a71b8e475ff28968c42f4eba869ed94b54f4b4de40d7effb892f4dec21e8b785
benchmark/results_seed20/lab5/ql_true/qtable_final_stereotypes_false_lab5_trust.csv,8b74a8b2125268f80f75eedc1abd409afe252eae534fb6d33fbc9db761089e9b
benchmark/results_seed20/lab5/ql_true/qtable_final_stereotypes_false_lab5_visits.csv,f9580171f6e285ff49d10688c5452998a539828fafc644b96a024e38ec671d1a
benchmark/results_seed20/lab5/ql_true/qtable_final_stereotypes_false_lab5_zone1.csv,1d029b9bb8a140e4469c767df84813846273b945681288ee8b5fbbf098d9020d
benchmark/results_seed20/lab5/ql_true/qtable_final_stereotypes_false_lab5_zone2.csv,19bf3797d65e07b7a500e4214f5d5e073b2bafcd5375f6249e8aa7600e6ff64f
benchmark/results_seed20/lab5/ql_true/qtable_final_stereotypes_true_lab5.csv,a8cd60e6931c8ade92c66051c03673078e66c80f5f141c50133c4e04a01cf961
benchmark/results_seed20/lab5/ql_true/qtable_final_stereotypes_true_lab5_trust.csv,8b74a8b2125268f80f75eedc1abd409afe252eae534fb6d33fbc9db761089e9b
benchmark/results_seed20/lab5/ql_true/qtable_final_stereotypes_true_lab5_visits.csv,46ee23fd671552d3feebb036712b47269541bd27fa5f4efd080a0089c41654e9
benchmark/results_seed20/lab5/ql_true/qtable_final_stereotypes_true_lab5_zone1.csv,d34b807aa26760ca9a084d053bf778edfdbb4d4f0cb13284aebb0bc49637100a
benchmark/results_seed20/lab5/ql_true/qtable_final_stereotypes_true_lab5_zone2.csv,050bb0a8caf6447022ef28fed820815d1e64e61fec82bc9ab5b2397a92e622ba
benchmark/results_seed20/lab5/ql_true/trace_bench_ql_true.jsonl,e3b0c44298fc1c149afbf4c8996fb92427ae41e4649b934ca495991b7852b855
benchmark/results_seed20/lab5/rule_based/bench_step_log_rule_based.csv,210ad2ed6784542e570d6acc3d2f49d7571b0eb50fcc22e5a336aa3356498cea
benchmark/results_seed20/lab5/rule_based/benchmark_results_rule_based.csv,13f9eeb0144022c487f0b09b293395ec67cd41ec23462f74999628daf76639c6
benchmark/results_seed20/lab5/rule_based/coverage_stereotypes_false_lab5.csv,319357d753392428cce1f444cde307e0a191d7e4465c1946e51bbb5853356d7c
benchmark/results_seed20/lab5/rule_based/coverage_stereotypes_true_lab5.csv,824fff4958e33fb5335e2cb80e4dfbb3320949f07e439f0ad0115b76e54b76a6
benchmark/results_seed20/lab5/rule_based/first_goal_stereotypes_false_lab5.csv,ab10c9cbc98fff624e5a2d28a7cf1ee90ac40b721a3941e147db027c19a99656
benchmark/results_seed20/lab5/rule_based/first_goal_stereotypes_true_lab5.csv,a09602c1dfa8c761307cb7cd7db7f8df69174b707ca7b63fc558f01f355c5989
benchmark/results_seed20/lab5/rule_based/iv_stats_stereotypes_false_lab5.json,1fb087b1a7b0d7ded1b03937d15c3b3955cfdc79b3906cd228c613bc777239b9
benchmark/results_seed20/lab5/rule_based/iv_stats_stereotypes_true_lab5.json,c48294281068e4cfa3c3c45bf981e695a6a05c31334a0f160793d843e6d2ec1a
benchmark/results_seed20/lab5/rule_based/learned_stereotypes_false_lab5.ttl,a2458ec33b17d25c039eabb901224971776c16714a4a0971677937ae7b4c2632
benchmark/results_seed20/lab5/rule_based/learned_stereotypes_true_lab5.ttl,65b4718521ae986d649f60897e4190ea326e047bbfa7e67b33a0fd581f25c1c3
benchmark/results_seed20/lab5/rule_based/metrics_stereotypes_false_lab5.csv,4512ddfd631b7ad7f8ab3ad19a552ae0d53f35310eb9d00b4c8ca85d3050a422
benchmark/results_seed20/lab5/rule_based/metrics_stereotypes_true_lab5.csv,2a7e8fd5ca58fd6103defcc7651fd8a290f95fdbe16b25c242de6c26f151894d
benchmark/results_seed20/lab5/rule_based/qtable_final_stereotypes_false_lab5.csv,a71b8e475ff28968c42f4eba869ed94b54f4b4de40d7effb892f4dec21e8b785
benchmark/results_seed20/lab5/rule_based/qtable_final_stereotypes_false_lab5_trust.csv,8b74a8b2125268f80f75eedc1abd409afe252eae534fb6d33fbc9db761089e9b
benchmark/results_seed20/lab5/rule_based/qtable_final_stereotypes_false_lab5_visits.csv,f9580171f6e285ff49d10688c5452998a539828fafc644b96a024e38ec671d1a
benchmark/results_seed20/lab5/rule_based/qtable_final_stereotypes_false_lab5_zone1.csv,1d029b9bb8a140e4469c767df84813846273b945681288ee8b5fbbf098d9020d
benchmark/results_seed20/lab5/rule_based/qtable_final_stereotypes_false_lab5_zone2.csv,19bf3797d65e07b7a500e4214f5d5e073b2bafcd5375f6249e8aa7600e6ff64f
benchmark/results_seed20/lab5/rule_based/qtable_final_stereotypes_true_lab5.csv,a8cd60e6931c8ade92c66051c03673078e66c80f5f141c50133c4e04a01cf961
benchmark/results_seed20/lab5/rule_based/qtable_final_stereotypes_true_lab5_trust.csv,8b74a8b2125268f80f75eedc1abd409afe252eae534fb6d33fbc9db761089e9b
benchmark/results_seed20/lab5/rule_based/qtable_final_stereotypes_true_lab5_visits.csv,46ee23fd671552d3feebb036712b47269541bd27fa5f4efd080a0089c41654e9
benchmark/results_seed20/lab5/rule_based/qtable_final_stereotypes_true_lab5_zone1.csv,d34b807aa26760ca9a084d053bf778edfdbb4d4f0cb13284aebb0bc49637100a
benchmark/results_seed20/lab5/rule_based/qtable_final_stereotypes_true_lab5_zone2.csv,050bb0a8caf6447022ef28fed820815d1e64e61fec82bc9ab5b2397a92e622ba
benchmark/results_seed20/lab5/training_stereo_false/coverage_stereotypes_false_lab5.csv,319357d753392428cce1f444cde307e0a191d7e4465c1946e51bbb5853356d7c
benchmark/results_seed20/lab5/training_stereo_false/first_goal_stereotypes_false_lab5.csv,ab10c9cbc98fff624e5a2d28a7cf1ee90ac40b721a3941e147db027c19a99656
benchmark/results_seed20/lab5/training_stereo_false/iv_stats_stereotypes_false_lab5.json,1fb087b1a7b0d7ded1b03937d15c3b3955cfdc79b3906cd228c613bc777239b9
benchmark/results_seed20/lab5/training_stereo_false/learned_stereotypes_false_lab5.ttl,a2458ec33b17d25c039eabb901224971776c16714a4a0971677937ae7b4c2632
benchmark/results_seed20/lab5/training_stereo_false/metrics_stereotypes_false_lab5.csv,4512ddfd631b7ad7f8ab3ad19a552ae0d53f35310eb9d00b4c8ca85d3050a422
benchmark/results_seed20/lab5/training_stereo_false/qtable_final_stereotypes_false_lab5.csv,a71b8e475ff28968c42f4eba869ed94b54f4b4de40d7effb892f4dec21e8b785
benchmark/results_seed20/lab5/training_stereo_false/qtable_initial_stereotypes_false_lab5.csv,1f719efe3de3b894c6215931199c79ea5417981a846581751ac34959ed93d4a7
benchmark/results_seed20/lab5/training_stereo_false/TRAINING_OK.json,c0286cf7bbac4dd3699255e354e10df902b25d0311bf72a26d638c9ad0630012
benchmark/results_seed20/lab5/training_stereo_true/coverage_stereotypes_true_lab5.csv,824fff4958e33fb5335e2cb80e4dfbb3320949f07e439f0ad0115b76e54b76a6
benchmark/results_seed20/lab5/training_stereo_true/first_goal_stereotypes_true_lab5.csv,a09602c1dfa8c761307cb7cd7db7f8df69174b707ca7b63fc558f01f355c5989
benchmark/results_seed20/lab5/training_stereo_true/iv_stats_stereotypes_true_lab5.json,c48294281068e4cfa3c3c45bf981e695a6a05c31334a0f160793d843e6d2ec1a
benchmark/results_seed20/lab5/training_stereo_true/learned_stereotypes_true_lab5.ttl,65b4718521ae986d649f60897e4190ea326e047bbfa7e67b33a0fd581f25c1c3
benchmark/results_seed20/lab5/training_stereo_true/metrics_stereotypes_true_lab5.csv,2a7e8fd5ca58fd6103defcc7651fd8a290f95fdbe16b25c242de6c26f151894d
benchmark/results_seed20/lab5/training_stereo_true/qtable_final_stereotypes_true_lab5.csv,a8cd60e6931c8ade92c66051c03673078e66c80f5f141c50133c4e04a01cf961
benchmark/results_seed20/lab5/training_stereo_true/qtable_initial_stereotypes_true_lab5.csv,78732e9f547e4ba2efc6ae510da7171030396e3b820ef3b90f6bd7c248cb5a41
benchmark/results_seed20/lab5/training_stereo_true/TRAINING_OK.json,791b7069f8dbf10b64e2e4a95544c9e57e96eead73966e817479cd7ce0eaa4aa
