Episode,Steps,RewardZ1,RewardZ2,GoalReached,Epsilon,WastedByPenalty,WastedByNoEffect
0,20,-108.00,-128.00,0,0.300000,19,9
1,20,-77.00,-67.00,0,0.299100,16,12
2,0,0.00,0.00,1,0.298203,0,0
3,20,-142.00,-182.00,0,0.297308,17,7
4,20,-24.00,-64.00,0,0.296416,15,7
5,20,-105.00,-65.00,0,0.295527,15,11
6,20,-90.00,30.00,0,0.294640,14,5
7,20,-115.00,-125.00,0,0.293756,18,9
8,7,70.00,60.00,1,0.292875,4,4
9,7,70.00,60.00,1,0.291997,4,4
10,20,-42.00,-72.00,0,0.291121,17,10
11,20,-40.00,-60.00,0,0.290247,16,10
12,0,0.00,0.00,1,0.289376,0,0
13,20,-74.00,-74.00,0,0.288508,18,8
14,20,-40.00,-30.00,0,0.300000,14,9
15,20,-44.00,-84.00,0,0.299100,15,9
16,20,10.00,-60.00,0,0.298203,14,11
17,2,49.00,39.00,1,0.297308,1,1
18,3,99.00,89.00,1,0.296416,1,1
19,3,89.00,89.00,1,0.295527,1,1
20,20,-108.00,-148.00,0,0.294640,19,16
21,20,-50.00,-30.00,0,0.293756,16,9
22,0,0.00,0.00,1,0.292875,0,0
23,0,0.00,0.00,1,0.291997,0,0
24,20,-55.00,-115.00,0,0.291121,14,11
25,20,-3.00,-53.00,0,0.290247,16,11
26,20,0.00,-40.00,0,0.289376,13,8
27,20,-40.00,-180.00,0,0.288508,17,8
28,3,99.00,89.00,1,0.287643,1,0
29,3,99.00,89.00,1,0.286780,1,1
30,20,-54.00,-84.00,0,0.285920,18,10
31,20,-39.00,-99.00,0,0.300000,15,12
32,0,0.00,0.00,1,0.299100,0,0
33,3,99.00,89.00,1,0.298203,1,1
34,20,21.00,11.00,0,0.297308,12,8
35,20,-79.00,-69.00,0,0.296416,17,11
36,20,-45.00,-25.00,0,0.295527,13,8
37,0,0.00,0.00,1,0.294640,0,0
38,3,99.00,89.00,1,0.293756,1,1
39,3,89.00,89.00,1,0.292875,1,1
40,20,-123.00,-113.00,0,0.291997,14,9
41,20,-54.00,-104.00,0,0.291121,16,14
42,20,-130.00,-130.00,0,0.290247,17,13
43,20,-59.00,-79.00,0,0.289376,17,7
44,20,-23.00,-33.00,0,0.288508,14,9
45,20,-69.00,-79.00,0,0.287643,15,12
46,20,-25.00,-45.00,0,0.286780,14,12
47,2,44.00,44.00,1,0.285920,0,1
48,2,100.00,100.00,1,0.285062,0,0
49,3,89.00,99.00,1,0.284207,1,1
50,20,-74.00,-74.00,0,0.283354,18,11
51,20,-89.00,-59.00,0,0.282504,15,12
52,20,-135.00,-115.00,0,0.281656,15,12
53,20,-63.00,-23.00,0,0.280811,14,9
54,20,-35.00,-5.00,0,0.279969,13,13
55,20,-74.00,-54.00,0,0.279129,15,10
56,20,-35.00,-35.00,0,0.278292,12,14
57,20,-64.00,-74.00,0,0.277457,16,11
58,3,89.00,89.00,1,0.276624,1,1
59,2,100.00,100.00,1,0.275795,0,0
60,20,-92.00,-12.00,0,0.274967,15,3
61,20,-74.00,-64.00,0,0.274142,16,11
62,2,100.00,100.00,1,0.273320,0,0
63,0,0.00,0.00,1,0.272500,0,0
64,20,6.00,26.00,0,0.271682,13,7
65,20,-67.00,-27.00,0,0.270867,14,11
66,20,-45.00,-45.00,0,0.270055,15,11
67,20,-90.00,-70.00,0,0.269245,14,10
68,2,100.00,100.00,1,0.268437,0,0
69,2,100.00,100.00,1,0.267632,0,0
70,20,-107.00,-27.00,0,0.266829,18,5
71,20,-55.00,-45.00,0,0.266028,15,7
72,1,50.00,50.00,1,0.265230,0,0
73,20,-88.00,-58.00,0,0.264434,12,9
74,20,16.00,-4.00,0,0.263641,12,9
75,20,-54.00,-84.00,0,0.262850,15,12
76,20,-35.00,-35.00,0,0.262062,14,14
77,20,-90.00,-100.00,0,0.261275,15,13
78,3,89.00,89.00,1,0.260492,1,1
79,3,89.00,89.00,1,0.259710,1,1
80,20,-116.00,-106.00,0,0.258931,18,4
81,20,-62.00,-62.00,0,0.258154,15,11
82,0,0.00,0.00,1,0.257380,0,0
83,20,-33.00,-23.00,0,0.256608,14,6
84,20,-14.00,6.00,0,0.255838,13,10
85,20,-64.00,-84.00,0,0.255070,14,12
86,20,-25.00,-25.00,0,0.254305,13,9
87,0,0.00,0.00,1,0.253542,0,0
88,2,100.00,100.00,1,0.252781,0,0
89,2,100.00,100.00,1,0.252023,0,0
90,20,-112.00,-42.00,0,0.251267,14,5
91,20,-64.00,-84.00,0,0.250513,16,12
92,1,50.00,50.00,1,0.249762,0,0
93,20,-97.00,-47.00,0,0.249012,15,3
94,20,32.00,32.00,0,0.248265,11,5
95,20,-84.00,-64.00,0,0.247521,16,11
96,20,0.00,-40.00,0,0.246778,14,10
97,20,-60.00,-50.00,0,0.246038,16,10
98,2,100.00,100.00,1,0.245300,0,0
99,2,100.00,100.00,1,0.244564,0,0
100,20,-68.00,2.00,0,0.243830,15,4
101,20,-64.00,-84.00,0,0.243099,14,13
102,0,0.00,0.00,1,0.242369,0,0
103,20,-100.00,-90.00,0,0.241642,15,14
104,20,-33.00,-43.00,0,0.240917,14,4
105,20,-52.00,-62.00,0,0.240194,15,11
106,20,-35.00,-5.00,0,0.239474,12,8
107,20,-50.00,-70.00,0,0.238755,14,10
108,2,100.00,100.00,1,0.238039,0,0
109,3,99.00,89.00,1,0.237325,1,1
110,20,-50.00,-40.00,0,0.236613,16,7
111,20,-70.00,-30.00,0,0.235903,16,8
112,2,100.00,100.00,1,0.235196,0,0
113,0,0.00,0.00,1,0.234490,0,0
114,20,-53.00,-3.00,0,0.233786,14,6
115,20,-89.00,-49.00,0,0.233085,17,10
116,20,-65.00,-15.00,0,0.232386,15,12
117,0,0.00,0.00,1,0.231689,0,0
118,2,100.00,100.00,1,0.230994,0,0
119,3,89.00,89.00,1,0.230301,1,1
120,20,-56.00,24.00,0,0.229610,14,2
121,20,-108.00,-138.00,0,0.228921,17,13
122,20,-35.00,-55.00,0,0.228234,15,8
123,0,0.00,0.00,1,0.227549,0,0
124,20,-43.00,-43.00,0,0.226867,15,8
125,20,-15.00,-35.00,0,0.226186,12,12
126,20,-25.00,-55.00,0,0.225508,14,12
127,1,50.00,50.00,1,0.224831,0,0
128,2,100.00,100.00,1,0.224157,0,0
129,3,94.00,94.00,1,0.223484,0,1
130,20,-73.00,7.00,0,0.222814,16,3
131,20,-45.00,-45.00,0,0.222145,15,9
132,20,-67.00,-47.00,0,0.221479,14,11
133,0,0.00,0.00,1,0.220814,0,0
134,20,37.00,57.00,0,0.220152,13,4
135,20,-74.00,-84.00,0,0.219492,16,13
136,20,-35.00,-15.00,0,0.218833,12,5
137,20,-82.00,-52.00,0,0.218177,17,10
138,5,77.00,87.00,1,0.217522,3,3
139,3,89.00,99.00,1,0.216869,1,1
140,20,-72.00,-42.00,0,0.216219,15,9
141,20,-74.00,-74.00,0,0.215570,16,11
142,4,32.00,32.00,1,0.214923,2,3
143,20,-120.00,-140.00,0,0.214279,15,14
144,20,11.00,31.00,0,0.213636,12,4
145,20,-77.00,-37.00,0,0.212995,15,9
146,20,-50.00,-110.00,0,0.212356,13,9
147,0,0.00,0.00,1,0.211719,0,0
148,3,89.00,99.00,1,0.211084,1,1
149,2,100.00,100.00,1,0.210450,0,0
150,20,-45.00,-45.00,0,0.209819,13,8
151,20,-69.00,-79.00,0,0.209190,15,13
152,1,50.00,50.00,1,0.208562,0,0
153,1,50.00,50.00,1,0.207936,0,0
154,20,47.00,67.00,0,0.207313,12,6
155,20,-44.00,-74.00,0,0.206691,15,9
156,20,-60.00,-40.00,0,0.206071,16,10
157,20,-57.00,-47.00,0,0.205452,14,11
158,2,100.00,100.00,1,0.204836,0,0
159,2,100.00,100.00,1,0.204222,0,0
160,20,-52.00,-72.00,0,0.203609,17,9
161,20,-57.00,-57.00,0,0.202998,14,10
162,0,0.00,0.00,1,0.202389,0,0
163,0,0.00,0.00,1,0.201782,0,0
164,20,12.00,12.00,0,0.201177,10,5
165,20,-67.00,-67.00,0,0.200573,16,11
166,20,-30.00,0.00,0,0.199971,12,10
167,0,0.00,0.00,1,0.199371,0,0
168,3,94.00,94.00,1,0.198773,0,1
169,3,99.00,89.00,1,0.198177,1,1
170,20,-92.00,-42.00,0,0.197582,17,12
171,20,-50.00,-40.00,0,0.196990,16,8
172,2,100.00,100.00,1,0.196399,0,0
173,20,-20.00,-20.00,0,0.195809,14,9
174,20,57.00,57.00,0,0.195222,12,3
175,20,-57.00,-67.00,0,0.194636,14,12
176,20,-4.00,-24.00,0,0.194052,12,7
177,1,50.00,50.00,1,0.193470,0,0
178,3,89.00,89.00,1,0.192890,1,1
179,2,100.00,100.00,1,0.192311,0,0
180,20,-33.00,-33.00,0,0.191734,12,8
181,20,-57.00,-57.00,0,0.191159,14,12
182,0,0.00,0.00,1,0.190586,0,0
183,0,0.00,0.00,1,0.190014,0,0
184,20,26.00,36.00,0,0.189444,12,4
185,20,-57.00,-47.00,0,0.188876,13,10
186,20,-14.00,-14.00,0,0.188309,12,9
187,1,50.00,50.00,1,0.187744,0,0
188,2,100.00,100.00,1,0.187181,0,0
189,2,100.00,100.00,1,0.186619,0,0
190,20,-47.00,-67.00,0,0.186059,16,8
191,20,-67.00,-67.00,0,0.185501,16,12
192,0,0.00,0.00,1,0.184945,0,0
193,1,50.00,50.00,1,0.184390,0,0
194,20,37.00,47.00,0,0.183837,13,5
195,20,-47.00,-37.00,0,0.183285,14,10
196,20,-25.00,-55.00,0,0.182735,13,10
197,0,0.00,0.00,1,0.182187,0,0
198,3,94.00,94.00,1,0.181641,0,1
199,3,89.00,99.00,1,0.181096,1,1
200,20,-19.00,1.00,0,0.180552,12,7
201,20,-57.00,-57.00,0,0.180011,14,10
202,20,-133.00,-103.00,0,0.179471,16,12
203,1,50.00,50.00,1,0.178932,0,0
204,20,23.00,23.00,0,0.178395,12,5
205,20,-74.00,-64.00,0,0.177860,15,11
206,20,-20.00,10.00,0,0.177327,11,9
207,20,-94.00,-104.00,0,0.176795,15,13
208,2,100.00,100.00,1,0.176264,0,0
209,2,100.00,100.00,1,0.175735,0,0
210,20,-84.00,-64.00,0,0.175208,14,13
211,20,-47.00,-77.00,0,0.174683,16,10
212,6,22.00,32.00,1,0.174159,3,3
213,20,-98.00,-138.00,0,0.173636,15,12
214,20,67.00,57.00,0,0.173115,12,3
215,20,-82.00,-62.00,0,0.172596,15,11
216,20,-20.00,-30.00,0,0.172078,15,6
217,1,50.00,50.00,1,0.171562,0,0
218,2,100.00,100.00,1,0.171047,0,0
219,4,98.00,78.00,1,0.170534,2,2
220,20,-65.00,-55.00,0,0.170022,15,11
221,20,-60.00,-20.00,0,0.169512,14,9
222,0,0.00,0.00,1,0.169004,0,0
223,20,-120.00,-120.00,0,0.168497,15,13
224,20,23.00,13.00,0,0.167991,12,6
225,20,-62.00,-42.00,0,0.167487,15,9
226,20,-4.00,16.00,0,0.166985,12,5
227,1,50.00,50.00,1,0.166484,0,0
228,2,100.00,100.00,1,0.165984,0,0
229,2,100.00,100.00,1,0.165487,0,0
230,20,-69.00,-79.00,0,0.164990,15,12
231,20,-40.00,-60.00,0,0.164495,14,9
232,0,0.00,0.00,1,0.164002,0,0
233,20,-45.00,-45.00,0,0.163510,15,10
234,20,6.00,26.00,0,0.163019,11,4
235,20,-13.00,-33.00,0,0.162530,15,8
236,20,16.00,6.00,0,0.162042,11,7
237,0,0.00,0.00,1,0.161556,0,0
238,2,100.00,100.00,1,0.161072,0,0
239,2,100.00,100.00,1,0.160588,0,0
240,20,-50.00,-30.00,0,0.160107,16,6
241,20,-40.00,-60.00,0,0.159626,14,10
242,5,28.00,48.00,1,0.159147,3,2
243,1,50.00,50.00,1,0.158670,0,0
244,20,27.00,27.00,0,0.158194,12,5
245,20,-62.00,-22.00,0,0.157719,14,8
246,20,41.00,31.00,0,0.157246,11,6
247,20,-130.00,-110.00,0,0.156775,16,11
248,2,100.00,100.00,1,0.156304,0,0
249,3,89.00,89.00,1,0.155835,1,1
250,20,-30.00,-60.00,0,0.155368,14,10
251,20,-67.00,-47.00,0,0.154902,14,10
252,1,50.00,50.00,1,0.154437,0,0
253,0,0.00,0.00,1,0.153974,0,0
254,20,52.00,32.00,0,0.153512,14,4
255,20,-50.00,-50.00,0,0.153051,14,10
256,20,-9.00,-19.00,0,0.152592,12,5
257,20,-24.00,-4.00,0,0.152134,14,7
258,2,100.00,100.00,1,0.151678,0,0
259,2,100.00,100.00,1,0.151223,0,0
260,20,-62.00,-52.00,0,0.150769,15,9
261,20,-45.00,-45.00,0,0.150317,15,10
262,0,0.00,0.00,1,0.149866,0,0
263,20,-42.00,-82.00,0,0.149416,15,11
264,20,22.00,22.00,0,0.148968,13,3
265,20,-57.00,-67.00,0,0.148521,14,13
266,20,48.00,48.00,0,0.148076,11,3
267,1,50.00,50.00,1,0.147631,0,0
268,2,100.00,100.00,1,0.147188,0,0
269,2,100.00,100.00,1,0.146747,0,0
270,20,-48.00,-18.00,0,0.146307,13,7
271,20,-96.00,-126.00,0,0.145868,16,10
272,2,100.00,100.00,1,0.145430,0,0
273,20,-113.00,-123.00,0,0.144994,16,10
274,20,72.00,52.00,0,0.144559,11,4
275,20,-38.00,-28.00,0,0.144125,13,8
276,20,41.00,31.00,0,0.143693,11,6
277,1,50.00,50.00,1,0.143262,0,0
278,2,100.00,100.00,1,0.142832,0,0
279,2,100.00,100.00,1,0.142403,0,0
280,20,-55.00,-25.00,0,0.141976,13,8
281,20,-70.00,-30.00,0,0.141550,14,10
282,0,0.00,0.00,1,0.141126,0,0
283,3,50.00,50.00,1,0.140702,1,0
284,20,43.00,53.00,0,0.140280,13,1
285,20,-50.00,-10.00,0,0.139859,14,12
286,20,67.00,67.00,0,0.139440,11,2
287,4,88.00,88.00,1,0.139021,0,2
288,2,100.00,100.00,1,0.138604,0,0
289,2,100.00,100.00,1,0.138189,0,0
290,20,-40.00,-50.00,0,0.137774,16,10
291,20,-55.00,-25.00,0,0.137361,15,8
292,20,-69.00,-69.00,0,0.136949,15,10
293,20,-81.00,-121.00,0,0.136538,15,9
294,20,-38.00,-38.00,0,0.136128,13,6
295,20,-25.00,-45.00,0,0.135720,14,6
296,20,32.00,42.00,0,0.135313,12,3
297,20,-135.00,-145.00,0,0.134907,17,12
298,2,100.00,100.00,1,0.134502,0,0
299,2,100.00,100.00,1,0.134098,0,0
300,20,-31.00,-21.00,0,0.133696,13,6
301,20,-45.00,-65.00,0,0.133295,15,11
302,20,-53.00,-13.00,0,0.132895,14,7
303,20,7.00,17.00,0,0.132496,13,1
304,20,98.00,88.00,0,0.132099,11,2
305,20,-57.00,-57.00,0,0.131703,15,12
306,20,-8.00,-28.00,0,0.131308,14,4
307,20,-74.00,-74.00,0,0.130914,16,12
308,2,100.00,100.00,1,0.130521,0,0
309,2,100.00,100.00,1,0.130129,0,0
310,20,-8.00,-58.00,0,0.129739,15,6
311,20,-16.00,-16.00,0,0.129350,12,7
312,20,-69.00,-59.00,0,0.128962,15,12
313,0,0.00,0.00,1,0.128575,0,0
314,20,-19.00,1.00,0,0.128189,12,5
315,20,-35.00,-55.00,0,0.127805,13,9
316,20,36.00,16.00,0,0.127421,13,5
317,20,46.00,46.00,0,0.127039,11,4
318,2,100.00,100.00,1,0.126658,0,0
319,2,100.00,100.00,1,0.126278,0,0
320,20,-60.00,-50.00,0,0.125899,14,8
321,20,-65.00,-35.00,0,0.125521,15,10
322,20,-33.00,-33.00,0,0.125145,14,8
323,0,0.00,0.00,1,0.124769,0,0
324,20,53.00,63.00,0,0.124395,12,1
325,20,-35.00,-15.00,0,0.124022,13,11
326,20,22.00,22.00,0,0.123650,11,3
327,1,50.00,50.00,1,0.123279,0,0
328,3,89.00,99.00,1,0.122909,1,1
329,2,100.00,100.00,1,0.122540,0,0
330,20,-94.00,-74.00,0,0.122173,17,4
331,20,-45.00,-45.00,0,0.121806,13,8
332,20,-88.00,-88.00,0,0.121441,14,8
333,0,0.00,0.00,1,0.121076,0,0
334,20,32.00,42.00,0,0.120713,14,3
335,20,-74.00,-64.00,0,0.120351,14,8
336,20,67.00,57.00,0,0.119990,12,4
337,20,-77.00,-67.00,0,0.119630,15,5
338,2,100.00,100.00,1,0.119271,0,0
339,2,100.00,100.00,1,0.118913,0,0
340,20,-40.00,-50.00,0,0.118556,14,7
341,20,-55.00,-35.00,0,0.118201,15,9
342,20,-100.00,-110.00,0,0.117846,13,13
343,1,50.00,50.00,1,0.117493,0,0
344,20,38.00,8.00,0,0.117140,13,5
345,20,-45.00,-55.00,0,0.116789,15,9
346,20,21.00,11.00,0,0.116438,13,4
347,1,50.00,50.00,1,0.116089,0,0
348,2,100.00,100.00,1,0.115741,0,0
349,3,94.00,94.00,1,0.115394,0,1
350,20,-52.00,-72.00,0,0.115047,15,10
351,20,-64.00,-74.00,0,0.114702,16,11
352,1,50.00,50.00,1,0.114358,0,0
353,20,-80.00,-100.00,0,0.114015,15,11
354,20,32.00,72.00,0,0.113673,12,4
355,20,-35.00,-25.00,0,0.113332,14,9
356,20,-18.00,-8.00,0,0.112992,13,2
357,20,-85.00,-115.00,0,0.112653,14,10
358,2,100.00,100.00,1,0.112315,0,0
359,2,100.00,100.00,1,0.111978,0,0
360,20,-65.00,-35.00,0,0.111642,15,9
361,20,-62.00,-82.00,0,0.111307,14,6
362,1,50.00,50.00,1,0.110973,0,0
363,3,50.00,50.00,1,0.110640,1,0
364,20,93.00,93.00,0,0.110308,12,0
365,20,-54.00,-34.00,0,0.109978,13,10
366,20,62.00,82.00,0,0.109648,12,2
367,0,0.00,0.00,1,0.109319,0,0
368,2,100.00,100.00,1,0.108991,0,0
369,2,100.00,100.00,1,0.108664,0,0
370,20,-50.00,-40.00,0,0.108338,14,10
371,20,-60.00,-50.00,0,0.108013,14,11
372,1,50.00,50.00,1,0.107689,0,0
373,0,0.00,0.00,1,0.107366,0,0
374,20,42.00,52.00,0,0.107044,14,3
375,20,-30.00,-30.00,0,0.106722,10,8
376,20,67.00,67.00,0,0.106402,11,1
377,20,-65.00,-55.00,0,0.106083,15,8
378,2,100.00,100.00,1,0.105765,0,0
379,2,100.00,100.00,1,0.105448,0,0
380,20,-60.00,-50.00,0,0.105131,16,7
381,20,-75.00,-35.00,0,0.104816,15,12
382,0,0.00,0.00,1,0.104501,0,0
383,20,-108.00,-148.00,0,0.104188,16,6
384,20,47.00,67.00,0,0.103875,12,3
385,20,-35.00,-55.00,0,0.103564,15,8
386,20,13.00,13.00,0,0.103253,13,0
387,20,-91.00,-81.00,0,0.102943,15,6
388,2,100.00,100.00,1,0.102634,0,0
389,2,100.00,100.00,1,0.102326,0,0
390,20,-40.00,-40.00,0,0.102019,14,10
391,20,-58.00,2.00,0,0.101713,13,8
392,20,-87.00,-87.00,0,0.101408,14,4
393,1,50.00,50.00,1,0.101104,0,0
394,20,62.00,62.00,0,0.100801,12,1
395,20,-59.00,-59.00,0,0.100498,14,12
396,20,72.00,62.00,0,0.100197,12,0
397,1,50.00,50.00,1,0.099896,0,0
398,2,100.00,100.00,1,0.099597,0,0
399,4,100.00,100.00,1,0.099298,1,0
400,20,-72.00,-72.00,0,0.099000,14,4
401,20,-23.00,-53.00,0,0.098703,14,8
402,0,0.00,0.00,1,0.098407,0,0
403,20,13.00,-7.00,0,0.098112,14,1
404,20,47.00,37.00,0,0.097817,13,4
405,20,-18.00,-28.00,0,0.097524,12,7
406,20,42.00,62.00,0,0.097231,13,3
407,1,50.00,50.00,1,0.096940,0,0
408,2,100.00,100.00,1,0.096649,0,0
409,2,100.00,100.00,1,0.096359,0,0
410,20,-87.00,-37.00,0,0.096070,16,9
411,20,-45.00,-55.00,0,0.095781,13,11
412,20,-47.00,-67.00,0,0.095494,16,9
413,20,-135.00,-125.00,0,0.095208,17,12
414,20,-2.00,8.00,0,0.094922,13,2
415,20,-50.00,-40.00,0,0.094637,15,8
416,20,53.00,43.00,0,0.094353,13,1
417,3,89.00,99.00,1,0.094070,1,1
418,3,99.00,89.00,1,0.093788,1,1
419,2,100.00,100.00,1,0.093507,0,0
420,20,-53.00,-13.00,0,0.093226,14,6
421,20,-9.00,1.00,0,0.092946,12,5
422,20,-40.00,-30.00,0,0.092668,13,13
423,20,-37.00,-27.00,0,0.092390,14,1
424,20,22.00,52.00,0,0.092112,14,1
425,20,-82.00,-62.00,0,0.091836,14,8
426,20,93.00,93.00,0,0.091561,12,0
427,1,50.00,50.00,1,0.091286,0,0
428,2,100.00,100.00,1,0.091012,0,0
429,2,100.00,100.00,1,0.090739,0,0
430,20,-47.00,-77.00,0,0.090467,14,11
431,20,-48.00,-28.00,0,0.090195,15,8
432,0,0.00,0.00,1,0.089925,0,0
433,2,49.00,39.00,1,0.089655,1,1
434,20,53.00,43.00,0,0.089386,13,1
435,20,-69.00,-59.00,0,0.089118,14,11
436,20,15.00,15.00,0,0.088851,13,0
437,20,-58.00,2.00,0,0.088584,15,5
438,2,100.00,100.00,1,0.088318,0,0
439,6,100.00,100.00,1,0.088053,2,0
440,20,-54.00,-94.00,0,0.087789,16,11
441,20,-28.00,-38.00,0,0.087526,13,9
442,0,0.00,0.00,1,0.087263,0,0
443,20,-69.00,-79.00,0,0.087001,15,12
444,20,62.00,52.00,0,0.086740,13,1
445,20,-20.00,-20.00,0,0.086480,13,6
446,20,52.00,52.00,0,0.086221,13,1
447,20,-130.00,-130.00,0,0.085962,16,14
448,2,100.00,100.00,1,0.085704,0,0
449,2,100.00,100.00,1,0.085447,0,0
450,20,-60.00,-20.00,0,0.085191,14,9
451,20,-26.00,-6.00,0,0.084935,14,5
452,1,50.00,50.00,1,0.084680,0,0
453,2,100.00,100.00,1,0.084426,0,0
454,20,57.00,57.00,0,0.084173,12,2
455,20,-19.00,-19.00,0,0.083921,12,6
456,20,93.00,93.00,0,0.083669,12,0
457,0,0.00,0.00,1,0.083418,0,0
458,3,94.00,94.00,1,0.083168,0,1
459,4,100.00,100.00,1,0.082918,1,0
460,20,-40.00,-60.00,0,0.082669,14,8
461,20,-28.00,-28.00,0,0.082421,13,9
462,0,0.00,0.00,1,0.082174,0,0
463,20,-7.00,13.00,0,0.081927,14,3
464,20,43.00,53.00,0,0.081682,13,1
465,20,19.00,9.00,0,0.081437,10,7
466,20,52.00,62.00,0,0.081192,13,1
467,20,-87.00,-97.00,0,0.080949,14,9
468,2,100.00,100.00,1,0.080706,0,0
469,2,100.00,100.00,1,0.080464,0,0
470,20,-50.00,-50.00,0,0.080222,16,9
471,20,-14.00,-14.00,0,0.079982,13,5
472,0,0.00,0.00,1,0.079742,0,0
473,0,0.00,0.00,1,0.079503,0,0
474,20,67.00,47.00,0,0.079264,12,2
475,20,-17.00,13.00,0,0.079026,13,4
476,20,93.00,93.00,0,0.078789,12,0
477,0,0.00,0.00,1,0.078553,0,0
478,2,100.00,100.00,1,0.078317,0,0
479,2,100.00,100.00,1,0.078082,0,0
480,20,-40.00,-50.00,0,0.077848,14,9
481,20,-11.00,-41.00,0,0.077614,13,8
482,1,50.00,50.00,1,0.077382,0,0
483,20,42.00,52.00,0,0.077149,12,5
484,20,3.00,-7.00,0,0.076918,14,2
485,20,-15.00,-35.00,0,0.076687,13,6
486,20,54.00,44.00,0,0.076457,13,2
487,20,-84.00,-64.00,0,0.076228,16,12
488,2,100.00,100.00,1,0.075999,0,0
489,2,100.00,100.00,1,0.075771,0,0
490,20,-60.00,-20.00,0,0.075544,12,9
491,20,-65.00,-55.00,0,0.075317,12,6
492,20,-55.00,-65.00,0,0.075091,14,5
493,1,50.00,50.00,1,0.074866,0,0
494,20,57.00,57.00,0,0.074641,12,1
495,20,-43.00,-23.00,0,0.074417,14,8
496,20,57.00,57.00,0,0.074194,12,3
497,0,0.00,0.00,1,0.073972,0,0
498,2,100.00,100.00,1,0.073750,0,0
499,3,99.00,89.00,1,0.073528,1,1
500,20,-11.00,-31.00,0,0.073308,15,4
501,20,-33.00,-33.00,0,0.073088,14,7
502,20,-24.00,-4.00,0,0.072869,13,6
503,0,0.00,0.00,1,0.072650,0,0
504,20,93.00,93.00,0,0.072432,12,0
505,20,-32.00,-42.00,0,0.072215,14,8
506,20,54.00,44.00,0,0.071998,13,0
507,20,-64.00,-74.00,0,0.071782,16,11
508,2,100.00,100.00,1,0.071567,0,0
509,2,100.00,100.00,1,0.071352,0,0
510,20,-38.00,-38.00,0,0.071138,13,9
511,20,-14.00,-4.00,0,0.070925,13,6
512,20,-70.00,-50.00,0,0.070712,14,5
513,20,-74.00,-74.00,0,0.070500,16,12
514,20,93.00,93.00,0,0.070288,12,0
515,20,-93.00,-83.00,0,0.070077,13,6
516,20,43.00,53.00,0,0.069867,13,1
517,1,50.00,50.00,1,0.069658,0,0
518,3,89.00,89.00,1,0.069449,1,1
519,2,100.00,100.00,1,0.069240,0,0
520,20,-65.00,-25.00,0,0.069033,15,7
521,20,-41.00,-1.00,0,0.068825,13,6
522,0,0.00,0.00,1,0.068619,0,0
523,20,-82.00,-72.00,0,0.068413,14,2
524,20,22.00,2.00,0,0.068208,12,5
525,20,-52.00,-52.00,0,0.068003,14,9
526,20,72.00,42.00,0,0.067799,13,0
527,20,-101.00,-101.00,0,0.067596,15,10
528,2,100.00,100.00,1,0.067393,0,0
529,2,100.00,100.00,1,0.067191,0,0
530,20,-67.00,-77.00,0,0.066989,15,6
531,20,-9.00,1.00,0,0.066788,12,5
532,0,0.00,0.00,1,0.066588,0,0
533,20,-103.00,-133.00,0,0.066388,16,10
534,20,48.00,48.00,0,0.066189,12,1
535,20,-44.00,-44.00,0,0.065990,13,10
536,20,48.00,48.00,0,0.065792,12,1
537,0,0.00,0.00,1,0.065595,0,0
538,2,100.00,100.00,1,0.065398,0,0
539,2,100.00,100.00,1,0.065202,0,0
540,20,-57.00,-67.00,0,0.065007,16,10
541,20,-67.00,-77.00,0,0.064811,13,7
542,0,0.00,0.00,1,0.064617,0,0
543,1,50.00,50.00,1,0.064423,0,0
544,20,93.00,93.00,0,0.064230,12,0
545,20,-56.00,-56.00,0,0.064037,12,7
546,20,48.00,48.00,0,0.063845,12,1
547,2,39.00,49.00,1,0.063654,1,1
548,2,100.00,100.00,1,0.063463,0,0
549,3,89.00,89.00,1,0.063272,1,1
550,20,-99.00,-79.00,0,0.063082,14,9
551,20,-21.00,-31.00,0,0.062893,15,7
552,20,-145.00,-115.00,0,0.062705,17,11
553,20,-64.00,-84.00,0,0.062516,16,11
554,20,32.00,52.00,0,0.062329,14,3
555,20,-30.00,-20.00,0,0.062142,14,7
556,20,93.00,93.00,0,0.061955,12,0
557,2,100.00,100.00,1,0.061770,0,0
558,2,100.00,100.00,1,0.061584,0,0
559,2,100.00,100.00,1,0.061400,0,0
560,20,-45.00,-45.00,0,0.061215,15,9
561,20,-2.00,18.00,0,0.061032,10,5
562,20,-90.00,-110.00,0,0.060849,14,6
563,20,3.00,3.00,0,0.060666,14,2
564,20,3.00,3.00,0,0.060484,14,2
565,20,-73.00,-73.00,0,0.060303,14,4
566,20,15.00,15.00,0,0.060122,13,0
567,20,-20.00,-20.00,0,0.059941,13,9
568,2,100.00,100.00,1,0.059761,0,0
569,2,100.00,100.00,1,0.059582,0,0
570,20,-55.00,-35.00,0,0.059403,13,9
571,20,-6.00,-36.00,0,0.059225,14,8
572,20,8.00,-2.00,0,0.059048,13,1
573,20,-10.00,10.00,0,0.058870,12,6
574,20,52.00,62.00,0,0.058694,11,3
575,20,-30.00,-40.00,0,0.058518,13,9
576,20,43.00,53.00,0,0.058342,13,1
577,20,-30.00,-50.00,0,0.058167,14,8
578,2,100.00,100.00,1,0.057993,0,0
579,2,100.00,100.00,1,0.057819,0,0
580,20,-35.00,-65.00,0,0.057645,15,8
581,20,-53.00,-53.00,0,0.057472,13,4
582,20,-48.00,-18.00,0,0.057300,15,7
583,0,0.00,0.00,1,0.057128,0,0
584,20,62.00,22.00,0,0.056957,14,4
585,20,-25.00,15.00,0,0.056786,13,3
586,20,43.00,53.00,0,0.056615,13,1
587,20,-65.00,-85.00,0,0.056445,12,8
588,2,100.00,100.00,1,0.056276,0,0
589,2,100.00,100.00,1,0.056107,0,0
590,20,-45.00,-55.00,0,0.055939,15,7
591,20,-41.00,-31.00,0,0.055771,12,3
592,1,50.00,50.00,1,0.055604,0,0
593,3,89.00,89.00,1,0.055437,1,1
594,20,57.00,57.00,0,0.055271,12,1
595,20,-45.00,-35.00,0,0.055105,15,9
596,20,93.00,93.00,0,0.054940,12,0
597,0,0.00,0.00,1,0.054775,0,0
598,2,100.00,100.00,1,0.054610,0,0
599,2,100.00,100.00,1,0.054447,0,0
600,20,-55.00,-25.00,0,0.054283,13,9
601,20,-7.00,3.00,0,0.054120,11,6
602,0,0.00,0.00,1,0.053958,0,0
603,0,0.00,0.00,1,0.053796,0,0
604,20,52.00,42.00,0,0.053635,13,0
605,20,-13.00,-13.00,0,0.053474,13,2
606,20,62.00,42.00,0,0.053314,14,2
607,20,8.00,8.00,0,0.053154,12,5
608,2,100.00,100.00,1,0.052994,0,0
609,2,100.00,100.00,1,0.052835,0,0
610,20,-1.00,-31.00,0,0.052677,15,4
611,20,-60.00,-60.00,0,0.052519,13,5
612,20,-7.00,3.00,0,0.052361,14,1
613,0,0.00,0.00,1,0.052204,0,0
614,20,43.00,53.00,0,0.052047,13,1
615,20,29.00,19.00,0,0.051891,10,6
616,20,93.00,93.00,0,0.051736,12,0
617,1,50.00,50.00,1,0.051580,0,0
618,3,99.00,89.00,1,0.051426,1,1
619,2,100.00,100.00,1,0.051271,0,0
620,20,-31.00,-21.00,0,0.051117,13,8
621,20,-31.00,-51.00,0,0.050964,12,5
622,20,-36.00,-16.00,0,0.050811,14,5
623,20,-57.00,-57.00,0,0.050659,14,11
624,20,103.00,113.00,0,0.050507,11,0
625,20,-57.00,-27.00,0,0.050355,14,9
626,20,43.00,43.00,0,0.050204,13,1
627,20,42.00,22.00,0,0.050054,10,2
628,2,100.00,100.00,1,0.049903,0,0
629,2,100.00,100.00,1,0.049754,0,0
630,20,-16.00,-16.00,0,0.049605,12,7
631,20,3.00,13.00,0,0.049456,11,5
632,0,0.00,0.00,1,0.049307,0,0
633,20,3.00,3.00,0,0.049159,13,4
634,20,52.00,42.00,0,0.049012,14,2
635,20,-4.00,-4.00,0,0.048865,13,4
636,20,93.00,93.00,0,0.048718,12,0
637,0,0.00,0.00,1,0.048572,0,0
638,2,100.00,100.00,1,0.048426,0,0
639,2,100.00,100.00,1,0.048281,0,0
640,20,-60.00,-40.00,0,0.048136,16,8
641,20,-19.00,1.00,0,0.047992,12,5
642,0,0.00,0.00,1,0.047848,0,0
643,1,50.00,50.00,1,0.047704,0,0
644,20,67.00,47.00,0,0.047561,12,3
645,20,-52.00,-72.00,0,0.047419,12,7
646,20,93.00,93.00,0,0.047276,12,0
647,20,-51.00,-61.00,0,0.047134,13,6
648,2,100.00,100.00,1,0.046993,0,0
649,2,100.00,100.00,1,0.046852,0,0
650,20,-96.00,-116.00,0,0.046712,16,10
651,20,-2.00,8.00,0,0.046571,12,4
652,20,-24.00,-24.00,0,0.046432,10,3
653,20,-113.00,-123.00,0,0.046292,16,12
654,20,43.00,53.00,0,0.046154,13,1
655,20,-18.00,-18.00,0,0.046015,13,6
656,20,48.00,48.00,0,0.045877,12,1
657,20,-90.00,-100.00,0,0.045739,15,12
658,2,100.00,100.00,1,0.045602,0,0
659,2,100.00,100.00,1,0.045465,0,0
660,20,-72.00,-72.00,0,0.045329,12,6
661,20,23.00,-7.00,0,0.045193,11,3
662,0,0.00,0.00,1,0.045057,0,0
663,20,43.00,43.00,0,0.044922,13,0
664,20,32.00,52.00,0,0.044787,14,1
665,20,-25.00,-15.00,0,0.044653,11,7
666,20,93.00,93.00,0,0.044519,12,0
667,20,63.00,63.00,0,0.044386,12,1
668,2,100.00,100.00,1,0.044252,0,0
669,2,100.00,100.00,1,0.044120,0,0
670,20,-6.00,-26.00,0,0.043987,14,6
671,20,15.00,25.00,0,0.043855,12,2
672,20,-135.00,-115.00,0,0.043724,15,7
673,2,100.00,100.00,1,0.043593,0,0
674,20,67.00,77.00,0,0.043462,11,2
675,20,-13.00,-13.00,0,0.043331,12,7
676,20,43.00,53.00,0,0.043201,13,1
677,1,50.00,50.00,1,0.043072,0,0
678,2,100.00,100.00,1,0.042943,0,0
679,2,100.00,100.00,1,0.042814,0,0
680,20,-31.00,-11.00,0,0.042685,13,6
681,20,-29.00,-19.00,0,0.042557,11,3
682,0,0.00,0.00,1,0.042430,0,0
683,0,0.00,0.00,1,0.042302,0,0
684,20,123.00,153.00,0,0.042175,9,0
685,20,-58.00,-88.00,0,0.042049,13,4
686,20,48.00,48.00,0,0.041923,12,1
687,20,-25.00,-5.00,0,0.041797,12,6
688,2,100.00,100.00,1,0.041672,0,0
689,2,100.00,100.00,1,0.041547,0,0
690,20,-43.00,-33.00,0,0.041422,14,9
691,20,18.00,-2.00,0,0.041298,12,4
692,20,-106.00,-106.00,0,0.041174,16,9
693,1,50.00,50.00,1,0.041050,0,0
694,20,102.00,122.00,0,0.040927,9,0
695,20,-79.00,-69.00,0,0.040804,14,6
696,20,93.00,93.00,0,0.040682,12,0
697,0,0.00,0.00,1,0.040560,0,0
698,2,100.00,100.00,1,0.040438,0,0
699,2,100.00,100.00,1,0.040317,0,0
700,20,-55.00,-65.00,0,0.040196,12,6
701,20,3.00,3.00,0,0.040075,13,3
702,20,-111.00,-91.00,0,0.039955,15,9
703,20,-125.00,-135.00,0,0.039835,17,12
704,20,73.00,113.00,0,0.039716,10,1
705,20,-33.00,-33.00,0,0.039597,12,7
706,20,43.00,43.00,0,0.039478,13,1
707,20,73.00,103.00,0,0.039359,10,1
708,2,100.00,100.00,1,0.039241,0,0
709,2,100.00,100.00,1,0.039124,0,0
710,20,-38.00,-28.00,0,0.039006,15,7
711,20,3.00,13.00,0,0.038889,11,4
712,20,-125.00,-135.00,0,0.038773,17,11
713,0,0.00,0.00,1,0.038656,0,0
714,20,73.00,113.00,0,0.038540,10,1
715,20,25.00,25.00,0,0.038425,11,5
716,20,93.00,93.00,0,0.038309,12,0
717,20,-36.00,-6.00,0,0.038194,14,5
718,3,94.00,94.00,1,0.038080,0,1
719,2,100.00,100.00,1,0.037966,0,0
720,20,-50.00,-70.00,0,0.037852,13,6
721,20,10.00,30.00,0,0.037738,11,3
722,20,43.00,43.00,0,0.037625,13,0
723,20,0.00,0.00,0,0.037512,12,7
724,20,125.00,155.00,0,0.037400,9,0
725,20,40.00,20.00,0,0.037287,12,4
726,20,93.00,93.00,0,0.037175,12,0
727,20,-5.00,45.00,0,0.037064,10,5
728,2,100.00,100.00,1,0.036953,0,0
729,4,100.00,100.00,1,0.036842,1,0
730,20,-19.00,11.00,0,0.036731,12,5
731,20,37.00,27.00,0,0.036621,11,0
732,20,-79.00,-59.00,0,0.036511,15,12
733,20,-85.00,-75.00,0,0.036402,15,13
734,20,97.00,107.00,0,0.036293,9,2
735,20,61.00,31.00,0,0.036184,10,6
736,20,93.00,93.00,0,0.036075,12,0
737,20,6.00,16.00,0,0.035967,11,3
738,2,100.00,100.00,1,0.035859,0,0
739,2,100.00,100.00,1,0.035751,0,0
740,20,-89.00,-89.00,0,0.035644,16,6
741,20,1.00,-9.00,0,0.035537,12,5
742,20,-24.00,-24.00,0,0.035431,12,3
743,20,43.00,43.00,0,0.035324,13,0
744,20,123.00,153.00,0,0.035218,9,0
745,20,0.00,-30.00,0,0.035113,13,8
746,20,93.00,93.00,0,0.035007,12,0
747,0,0.00,0.00,1,0.034902,0,0
748,2,100.00,100.00,1,0.034798,0,0
749,2,100.00,100.00,1,0.034693,0,0
750,20,-31.00,-11.00,0,0.034589,13,8
751,20,20.00,20.00,0,0.034485,11,3
752,0,0.00,0.00,1,0.034382,0,0
753,3,50.00,50.00,1,0.034279,1,0
754,20,73.00,113.00,0,0.034176,10,1
755,20,31.00,31.00,0,0.034073,11,3
756,20,93.00,93.00,0,0.033971,12,0
757,3,89.00,89.00,1,0.033869,1,1
758,2,100.00,100.00,1,0.033768,0,0
759,2,100.00,100.00,1,0.033666,0,0
760,20,-33.00,-33.00,0,0.033565,14,6
761,20,32.00,22.00,0,0.033465,10,2
762,1,50.00,50.00,1,0.033364,0,0
763,20,33.00,63.00,0,0.033264,11,0
764,20,28.00,58.00,0,0.033164,10,2
765,20,26.00,46.00,0,0.033065,12,4
766,20,93.00,93.00,0,0.032966,12,0
767,20,-77.00,-87.00,0,0.032867,15,7
768,2,100.00,100.00,1,0.032768,0,0
769,2,100.00,100.00,1,0.032670,0,0
770,20,-26.00,-16.00,0,0.032572,12,7
771,20,-19.00,-9.00,0,0.032474,12,6
772,0,0.00,0.00,1,0.032377,0,0
773,20,-60.00,-80.00,0,0.032280,14,11
774,20,73.00,113.00,0,0.032183,10,1
775,20,117.00,87.00,0,0.032086,9,2
776,20,43.00,43.00,0,0.031990,13,1
777,20,123.00,153.00,0,0.031894,9,0
778,2,100.00,100.00,1,0.031798,0,0
779,2,100.00,100.00,1,0.031703,0,0
780,20,-48.00,-48.00,0,0.031608,12,5
781,20,25.00,5.00,0,0.031513,12,3
782,2,100.00,100.00,1,0.031418,0,0
783,0,0.00,0.00,1,0.031324,0,0
784,20,33.00,63.00,0,0.031230,11,2
785,20,72.00,62.00,0,0.031137,10,1
786,20,93.00,93.00,0,0.031043,12,0
787,20,123.00,153.00,0,0.030950,9,0
788,2,100.00,100.00,1,0.030857,0,0
789,2,100.00,100.00,1,0.030765,0,0
790,20,-45.00,-45.00,0,0.030672,15,9
791,20,-34.00,-14.00,0,0.030580,12,2
792,20,43.00,73.00,0,0.030489,10,0
793,0,0.00,0.00,1,0.030397,0,0
794,20,123.00,153.00,0,0.030306,9,0
795,20,-9.00,-9.00,0,0.030215,12,7
796,20,43.00,53.00,0,0.030124,13,1
797,20,-130.00,-130.00,0,0.030034,16,12
798,2,100.00,100.00,1,0.029944,0,0
799,2,100.00,100.00,1,0.029854,0,0
800,20,13.00,-7.00,0,0.029764,13,3
801,20,-60.00,-60.00,0,0.029675,13,5
802,0,0.00,0.00,1,0.029586,0,0
803,20,-63.00,-33.00,0,0.029497,13,5
804,20,123.00,153.00,0,0.029409,9,0
805,20,122.00,102.00,0,0.029321,9,0
806,20,93.00,93.00,0,0.029233,12,0
807,20,67.00,47.00,0,0.029145,10,3
808,2,100.00,100.00,1,0.029058,0,0
809,2,100.00,100.00,1,0.028970,0,0
810,20,25.00,15.00,0,0.028883,10,3
811,20,30.00,10.00,0,0.028797,11,3
812,20,30.00,10.00,0,0.028710,11,3
813,20,3.00,-7.00,0,0.028624,14,2
814,20,123.00,153.00,0,0.028538,9,0
815,20,103.00,73.00,0,0.028453,10,1
816,20,48.00,48.00,0,0.028367,12,1
817,4,39.00,39.00,1,0.028282,2,1
818,2,100.00,100.00,1,0.028198,0,0
819,2,100.00,100.00,1,0.028113,0,0
820,20,-11.00,-21.00,0,0.028029,13,5
821,20,-29.00,-19.00,0,0.027944,11,1
822,20,47.00,47.00,0,0.027861,13,4
823,3,50.00,50.00,1,0.027777,1,0
824,20,123.00,153.00,0,0.027694,9,0
825,20,153.00,123.00,0,0.027611,9,0
826,20,3.00,-7.00,0,0.027528,14,2
827,1,50.00,50.00,1,0.027445,0,0
828,2,100.00,100.00,1,0.027363,0,0
829,2,100.00,100.00,1,0.027281,0,0
830,20,-2.00,8.00,0,0.027199,12,4
831,20,20.00,20.00,0,0.027117,11,4
832,0,0.00,0.00,1,0.027036,0,0
833,0,0.00,0.00,1,0.026955,0,0
834,20,123.00,153.00,0,0.026874,9,0
835,20,153.00,123.00,0,0.026793,9,0
836,20,13.00,13.00,0,0.026713,13,0
837,0,0.00,0.00,1,0.026633,0,0
838,2,100.00,100.00,1,0.026553,0,0
839,2,100.00,100.00,1,0.026473,0,0
840,20,-2.00,8.00,0,0.026394,12,4
841,20,-22.00,-2.00,0,0.026315,11,0
842,20,-100.00,-100.00,0,0.026236,15,11
843,20,-130.00,-120.00,0,0.026157,16,13
844,20,123.00,153.00,0,0.026079,9,0
845,20,153.00,123.00,0,0.026000,9,0
846,20,53.00,43.00,0,0.025922,13,1
847,1,50.00,50.00,1,0.025845,0,0
848,2,100.00,100.00,1,0.025767,0,0
849,2,100.00,100.00,1,0.025690,0,0
850,20,-12.00,18.00,0,0.025613,12,4
851,20,-9.00,-9.00,0,0.025536,12,4
852,20,-52.00,-92.00,0,0.025459,14,7
853,20,-65.00,-85.00,0,0.025383,15,12
854,20,123.00,153.00,0,0.025307,9,0
855,20,153.00,123.00,0,0.025231,9,0
856,20,93.00,93.00,0,0.025155,12,0
857,20,-74.00,-74.00,0,0.025080,16,11
858,2,100.00,100.00,1,0.025004,0,0
859,2,100.00,100.00,1,0.024929,0,0
860,20,-53.00,-43.00,0,0.024855,13,4
861,20,32.00,32.00,0,0.024780,10,2
862,20,43.00,73.00,0,0.024706,10,0
863,0,0.00,0.00,1,0.024632,0,0
864,20,73.00,103.00,0,0.024558,10,1
865,20,58.00,28.00,0,0.024484,10,2
866,20,93.00,93.00,0,0.024411,12,0
867,0,0.00,0.00,1,0.024337,0,0
868,2,100.00,100.00,1,0.024264,0,0
869,2,100.00,100.00,1,0.024192,0,0
870,20,-9.00,-9.00,0,0.024119,12,6
871,20,-2.00,-2.00,0,0.024047,12,6
872,0,0.00,0.00,1,0.023974,0,0
873,0,0.00,0.00,1,0.023903,0,0
874,20,123.00,153.00,0,0.023831,9,0
875,20,153.00,123.00,0,0.023759,9,0
876,20,93.00,93.00,0,0.023688,12,0
877,0,0.00,0.00,1,0.023617,0,0
878,2,100.00,100.00,1,0.023546,0,0
879,2,100.00,100.00,1,0.023476,0,0
880,20,-60.00,-70.00,0,0.023405,13,6
881,20,20.00,20.00,0,0.023335,11,3
882,20,-46.00,-36.00,0,0.023265,13,4
883,20,73.00,103.00,0,0.023195,10,1
884,20,123.00,153.00,0,0.023126,9,0
885,20,117.00,87.00,0,0.023056,9,1
886,20,93.00,93.00,0,0.022987,12,0
887,1,50.00,50.00,1,0.022918,0,0
888,2,100.00,100.00,1,0.022849,0,0
889,2,100.00,100.00,1,0.022781,0,0
890,20,27.00,27.00,0,0.022712,11,2
891,20,47.00,17.00,0,0.022644,11,1
892,20,-90.00,-110.00,0,0.022576,17,12
893,20,-120.00,-100.00,0,0.022509,14,12
894,20,123.00,153.00,0,0.022441,9,0
895,20,153.00,123.00,0,0.022374,9,0
896,20,13.00,13.00,0,0.022307,13,0
897,2,100.00,100.00,1,0.022240,0,0
898,2,100.00,100.00,1,0.022173,0,0
899,2,100.00,100.00,1,0.022106,0,0
900,20,-65.00,-65.00,0,0.022040,14,5
901,20,-12.00,8.00,0,0.021974,12,4
902,20,-69.00,-69.00,0,0.021908,15,12
903,1,50.00,50.00,1,0.021842,0,0
904,20,123.00,153.00,0,0.021777,9,0
905,20,82.00,72.00,0,0.021711,12,4
906,20,93.00,93.00,0,0.021646,12,0
907,1,50.00,50.00,1,0.021581,0,0
908,2,100.00,100.00,1,0.021517,0,0
909,2,100.00,100.00,1,0.021452,0,0
910,20,-9.00,-39.00,0,0.021388,11,2
911,20,32.00,32.00,0,0.021324,10,2
912,0,0.00,0.00,1,0.021260,0,0
913,0,0.00,0.00,1,0.021196,0,0
914,20,123.00,153.00,0,0.021132,9,0
915,20,153.00,123.00,0,0.021069,9,0
916,20,93.00,93.00,0,0.021006,12,0
917,2,49.00,39.00,1,0.020943,1,1
918,2,100.00,100.00,1,0.020880,0,0
919,2,100.00,100.00,1,0.020817,0,0
920,20,5.00,35.00,0,0.020755,12,2
921,20,20.00,20.00,0,0.020692,11,3
922,1,50.00,50.00,1,0.020630,0,0
923,20,-70.00,-50.00,0,0.020568,13,6
924,20,123.00,153.00,0,0.020507,9,0
925,20,153.00,123.00,0,0.020445,9,0
926,20,-7.00,-7.00,0,0.020384,14,0
927,20,1.00,-9.00,0,0.020323,12,4
928,2,100.00,100.00,1,0.020262,0,0
929,2,100.00,100.00,1,0.020201,0,0
930,20,-26.00,-46.00,0,0.020140,13,2
931,20,39.00,49.00,0,0.020080,10,1
932,20,-72.00,-52.00,0,0.020020,15,12
933,20,43.00,73.00,0,0.019960,10,0
934,20,123.00,153.00,0,0.019900,9,0
935,20,153.00,123.00,0,0.019840,9,0
936,20,93.00,93.00,0,0.019781,12,0
937,0,0.00,0.00,1,0.019721,0,0
938,2,100.00,100.00,1,0.019662,0,0
939,2,100.00,100.00,1,0.019603,0,0
940,20,-41.00,-41.00,0,0.019544,12,5
941,20,-22.00,-2.00,0,0.019486,11,0
942,20,27.00,27.00,0,0.019427,11,2
943,0,0.00,0.00,1,0.019369,0,0
944,20,78.00,108.00,0,0.019311,9,1
945,20,153.00,123.00,0,0.019253,9,0
946,20,93.00,93.00,0,0.019195,12,0
947,20,-90.00,-70.00,0,0.019138,16,8
948,2,100.00,100.00,1,0.019080,0,0
949,2,100.00,100.00,1,0.019023,0,0
950,20,5.00,25.00,0,0.018966,10,3
951,20,10.00,30.00,0,0.018909,11,2
952,2,100.00,100.00,1,0.018852,0,0
953,20,4.00,4.00,0,0.018796,13,0
954,20,73.00,103.00,0,0.018739,10,1
955,20,73.00,23.00,0,0.018683,11,2
956,20,93.00,93.00,0,0.018627,12,0
957,20,33.00,-7.00,0,0.018571,11,1
958,2,100.00,100.00,1,0.018515,0,0
959,2,100.00,100.00,1,0.018460,0,0
960,20,47.00,17.00,0,0.018404,11,1
961,20,42.00,22.00,0,0.018349,10,1
962,2,100.00,100.00,1,0.018294,0,0
963,0,0.00,0.00,1,0.018239,0,0
964,20,123.00,153.00,0,0.018185,9,0
965,20,153.00,123.00,0,0.018130,9,0
966,20,43.00,43.00,0,0.018076,13,1
967,1,50.00,50.00,1,0.018021,0,0
968,2,100.00,100.00,1,0.017967,0,0
969,2,100.00,100.00,1,0.017913,0,0
970,20,-12.00,18.00,0,0.017860,12,4
971,20,-33.00,-63.00,0,0.017806,13,5
972,0,0.00,0.00,1,0.017753,0,0
973,20,3.00,3.00,0,0.017699,14,0
974,20,123.00,153.00,0,0.017646,9,0
975,20,53.00,43.00,0,0.017593,11,0
976,20,43.00,53.00,0,0.017541,13,1
977,20,10.00,20.00,0,0.017488,11,3
978,2,100.00,100.00,1,0.017436,0,0
979,2,100.00,100.00,1,0.017383,0,0
980,20,-39.00,-9.00,0,0.017331,11,2
981,20,27.00,37.00,0,0.017279,11,2
982,0,0.00,0.00,1,0.017227,0,0
983,20,3.00,3.00,0,0.017176,14,0
984,20,123.00,153.00,0,0.017124,9,0
985,20,153.00,123.00,0,0.017073,9,0
986,20,93.00,93.00,0,0.017021,12,0
987,20,-57.00,-67.00,0,0.016970,16,10
988,2,100.00,100.00,1,0.016920,0,0
989,2,100.00,100.00,1,0.016869,0,0
990,20,-6.00,-36.00,0,0.016818,14,6
991,20,0.00,0.00,0,0.016768,10,0
992,20,153.00,123.00,0,0.016717,9,0
993,1,50.00,50.00,1,0.016667,0,0
994,20,123.00,153.00,0,0.016617,9,0
995,20,153.00,123.00,0,0.016567,9,0
996,20,93.00,93.00,0,0.016518,12,0
997,20,43.00,43.00,0,0.016468,13,0
998,2,100.00,100.00,1,0.016419,0,0
999,2,100.00,100.00,1,0.016369,0,0
1000,20,47.00,17.00,0,0.016320,11,1
1001,20,22.00,42.00,0,0.016271,10,2
1002,20,-69.00,-79.00,0,0.016223,13,11
1003,20,3.00,-7.00,0,0.016174,14,0
1004,20,123.00,153.00,0,0.016125,9,0
1005,20,153.00,123.00,0,0.016077,9,0
1006,20,48.00,48.00,0,0.016029,12,1
1007,20,-2.00,18.00,0,0.015981,12,4
1008,2,100.00,100.00,1,0.015933,0,0
1009,2,100.00,100.00,1,0.015885,0,0
1010,20,13.00,3.00,0,0.015837,11,3
1011,20,1.00,-9.00,0,0.015790,12,5
1012,20,123.00,153.00,0,0.015742,9,0
1013,3,50.00,50.00,1,0.015695,1,0
1014,20,123.00,153.00,0,0.015648,9,0
1015,20,153.00,123.00,0,0.015601,9,0
1016,20,93.00,93.00,0,0.015554,12,0
1017,1,50.00,50.00,1,0.015508,0,0
1018,2,100.00,100.00,1,0.015461,0,0
1019,2,100.00,100.00,1,0.015415,0,0
1020,20,-48.00,-48.00,0,0.015369,14,4
1021,20,44.00,44.00,0,0.015322,9,1
1022,4,39.00,49.00,1,0.015276,2,1
1023,0,0.00,0.00,1,0.015231,0,0
1024,20,123.00,153.00,0,0.015185,9,0
1025,20,153.00,123.00,0,0.015139,9,0
1026,20,93.00,93.00,0,0.015094,12,0
1027,20,123.00,153.00,0,0.015049,9,0
1028,2,100.00,100.00,1,0.015004,0,0
1029,2,100.00,100.00,1,0.014959,0,0
1030,20,42.00,22.00,0,0.014914,10,2
1031,20,49.00,39.00,0,0.014869,10,0
1032,20,73.00,43.00,0,0.014824,10,0
1033,2,100.00,100.00,1,0.014780,0,0
1034,20,123.00,153.00,0,0.014736,9,0
1035,20,153.00,123.00,0,0.014691,9,0
1036,20,93.00,93.00,0,0.014647,12,0
1037,1,50.00,50.00,1,0.014603,0,0
1038,2,100.00,100.00,1,0.014559,0,0
1039,2,100.00,100.00,1,0.014516,0,0
1040,20,39.00,39.00,0,0.014472,10,1
1041,20,-22.00,-12.00,0,0.014429,11,1
1042,20,43.00,43.00,0,0.014386,13,0
1043,0,0.00,0.00,1,0.014342,0,0
1044,20,123.00,153.00,0,0.014299,9,0
1045,20,153.00,123.00,0,0.014256,9,0
1046,20,93.00,93.00,0,0.014214,12,0
1047,1,50.00,50.00,1,0.014171,0,0
1048,2,100.00,100.00,1,0.014129,0,0
1049,2,100.00,100.00,1,0.014086,0,0
1050,20,-2.00,8.00,0,0.014044,12,4
1051,20,49.00,39.00,0,0.014002,10,1
1052,0,0.00,0.00,1,0.013960,0,0
1053,0,0.00,0.00,1,0.013918,0,0
1054,20,123.00,153.00,0,0.013876,9,0
1055,20,153.00,123.00,0,0.013834,9,0
1056,20,93.00,93.00,0,0.013793,12,0
1057,1,50.00,50.00,1,0.013752,0,0
1058,2,100.00,100.00,1,0.013710,0,0
1059,2,100.00,100.00,1,0.013669,0,0
1060,20,-39.00,-9.00,0,0.013628,11,2
1061,20,39.00,49.00,0,0.013587,10,1
1062,1,50.00,50.00,1,0.013547,0,0
1063,20,-130.00,-140.00,0,0.013506,16,14
1064,20,123.00,153.00,0,0.013465,9,0
1065,20,153.00,123.00,0,0.013425,9,0
1066,20,93.00,93.00,0,0.013385,12,0
1067,20,-36.00,-46.00,0,0.013345,14,0
1068,2,100.00,100.00,1,0.013305,0,0
1069,2,100.00,100.00,1,0.013265,0,0
1070,20,-7.00,-17.00,0,0.013225,10,1
1071,20,-2.00,-22.00,0,0.013185,11,0
1072,20,153.00,123.00,0,0.013146,9,0
1073,20,33.00,63.00,0,0.013106,11,1
1074,20,73.00,103.00,0,0.013067,10,1
1075,20,153.00,123.00,0,0.013028,9,0
1076,20,93.00,93.00,0,0.012989,12,0
1077,4,39.00,39.00,1,0.012950,2,1
1078,2,100.00,100.00,1,0.012911,0,0
1079,2,100.00,100.00,1,0.012872,0,0
1080,20,-19.00,-9.00,0,0.012833,14,5
1081,20,-29.00,-29.00,0,0.012795,11,3
1082,0,0.00,0.00,1,0.012757,0,0
1083,20,-12.00,-12.00,0,0.012718,11,1
1084,20,123.00,153.00,0,0.012680,9,0
1085,20,153.00,123.00,0,0.012642,9,0
1086,20,93.00,93.00,0,0.012604,12,0
1087,0,0.00,0.00,1,0.012566,0,0
1088,2,100.00,100.00,1,0.012529,0,0
1089,2,100.00,100.00,1,0.012491,0,0
1090,20,3.00,13.00,0,0.012454,11,4
1091,20,0.00,0.00,0,0.012416,10,0
1092,20,-174.00,-174.00,0,0.012379,17,11
1093,20,-110.00,-110.00,0,0.012342,14,11
1094,20,123.00,153.00,0,0.012305,9,0
1095,20,153.00,123.00,0,0.012268,9,0
1096,20,93.00,93.00,0,0.012231,12,0
1097,1,50.00,50.00,1,0.012194,0,0
1098,2,100.00,100.00,1,0.012158,0,0
1099,2,100.00,100.00,1,0.012121,0,0
1100,20,39.00,49.00,0,0.012085,10,1
1101,20,0.00,0.00,0,0.012049,10,0
1102,20,-36.00,-46.00,0,0.012013,14,0
1103,0,0.00,0.00,1,0.011977,0,0
1104,20,123.00,153.00,0,0.011941,9,0
1105,20,153.00,123.00,0,0.011905,9,0
1106,20,43.00,43.00,0,0.011869,13,1
1107,20,-84.00,-64.00,0,0.011833,16,13
1108,2,100.00,100.00,1,0.011798,0,0
1109,2,100.00,100.00,1,0.011763,0,0
1110,20,-60.00,-60.00,0,0.011727,13,6
1111,20,-7.00,-17.00,0,0.011692,10,2
1112,20,23.00,3.00,0,0.011657,11,0
1113,20,22.00,42.00,0,0.011622,10,1
1114,20,78.00,108.00,0,0.011587,9,1
1115,20,153.00,123.00,0,0.011552,9,0
1116,20,93.00,93.00,0,0.011518,12,0
1117,1,50.00,50.00,1,0.011483,0,0
1118,2,100.00,100.00,1,0.011449,0,0
1119,2,100.00,100.00,1,0.011414,0,0
1120,20,-2.00,-22.00,0,0.011380,11,0
1121,20,15.00,25.00,0,0.011346,12,2
1122,0,0.00,0.00,1,0.011312,0,0
1123,20,73.00,43.00,0,0.011278,10,0
1124,20,123.00,153.00,0,0.011244,9,0
1125,20,153.00,123.00,0,0.011210,9,0
1126,20,93.00,93.00,0,0.011177,12,0
1127,1,50.00,50.00,1,0.011143,0,0
1128,2,100.00,100.00,1,0.011110,0,0
1129,2,100.00,100.00,1,0.011077,0,0
1130,20,44.00,44.00,0,0.011043,9,1
1131,20,0.00,0.00,0,0.011010,10,0
1132,0,0.00,0.00,1,0.010977,0,0
1133,20,-34.00,-14.00,0,0.010944,10,3
1134,20,123.00,153.00,0,0.010911,9,0
1135,20,153.00,123.00,0,0.010879,9,0
1136,20,93.00,93.00,0,0.010846,12,0
1137,0,0.00,0.00,1,0.010814,0,0
1138,2,100.00,100.00,1,0.010781,0,0
1139,2,100.00,100.00,1,0.010749,0,0
1140,20,-26.00,-46.00,0,0.010716,13,2
1141,20,-12.00,-12.00,0,0.010684,11,2
1142,20,-45.00,-55.00,0,0.010652,14,6
1143,2,100.00,100.00,1,0.010620,0,0
1144,20,123.00,153.00,0,0.010588,9,0
1145,20,153.00,123.00,0,0.010557,9,0
1146,20,93.00,93.00,0,0.010525,12,0
1147,20,13.00,13.00,0,0.010493,13,0
1148,2,100.00,100.00,1,0.010462,0,0
1149,2,100.00,100.00,1,0.010431,0,0
1150,20,-58.00,-48.00,0,0.010399,12,4
1151,20,49.00,39.00,0,0.010368,10,1
1152,1,50.00,50.00,1,0.010337,0,0
1153,0,0.00,0.00,1,0.010306,0,0
1154,20,123.00,153.00,0,0.010275,9,0
1155,20,153.00,123.00,0,0.010244,9,0
1156,20,93.00,93.00,0,0.010213,12,0
1157,0,0.00,0.00,1,0.010183,0,0
1158,2,100.00,100.00,1,0.010152,0,0
1159,2,100.00,100.00,1,0.010122,0,0
1160,20,0.00,0.00,0,0.010091,10,0
1161,20,0.00,0.00,0,0.010061,10,0
1162,20,22.00,32.00,0,0.010031,10,2
1163,20,-62.00,-62.00,0,0.010001,15,9
1164,20,123.00,153.00,0,0.010000,9,0
1165,20,153.00,123.00,0,0.010000,9,0
1166,20,93.00,93.00,0,0.010000,12,0
1167,20,-24.00,-34.00,0,0.010000,12,2
1168,2,100.00,100.00,1,0.010000,0,0
1169,2,100.00,100.00,1,0.010000,0,0
1170,20,0.00,0.00,0,0.010000,10,0
1171,20,49.00,39.00,0,0.010000,10,1
1172,0,0.00,0.00,1,0.010000,0,0
1173,20,-84.00,-54.00,0,0.010000,16,12
1174,20,78.00,108.00,0,0.010000,9,1
1175,20,108.00,78.00,0,0.010000,9,1
1176,20,93.00,93.00,0,0.010000,12,0
1177,20,-30.00,-60.00,0,0.010000,14,9
1178,2,100.00,100.00,1,0.010000,0,0
1179,2,100.00,100.00,1,0.010000,0,0
1180,20,-2.00,-22.00,0,0.010000,11,1
1181,20,17.00,37.00,0,0.010000,11,2
1182,1,50.00,50.00,1,0.010000,0,0
1183,0,0.00,0.00,1,0.010000,0,0
1184,20,123.00,153.00,0,0.010000,9,0
1185,20,153.00,123.00,0,0.010000,9,0
1186,20,93.00,93.00,0,0.010000,12,0
1187,0,0.00,0.00,1,0.010000,0,0
1188,2,100.00,100.00,1,0.010000,0,0
1189,2,100.00,100.00,1,0.010000,0,0
1190,20,-22.00,-2.00,0,0.010000,11,2
1191,20,0.00,0.00,0,0.010000,10,0
1192,1,50.00,50.00,1,0.010000,0,0
1193,1,50.00,50.00,1,0.010000,0,0
1194,20,123.00,153.00,0,0.010000,9,0
1195,20,153.00,123.00,0,0.010000,9,0
1196,20,93.00,93.00,0,0.010000,12,0
1197,20,63.00,33.00,0,0.010000,11,0
1198,2,100.00,100.00,1,0.010000,0,0
1199,2,100.00,100.00,1,0.010000,0,0
1200,20,-58.00,-48.00,0,0.010000,12,5
1201,20,39.00,49.00,0,0.010000,10,1
1202,20,-105.00,-95.00,0,0.010000,15,8
1203,20,153.00,123.00,0,0.010000,9,0
1204,20,123.00,153.00,0,0.010000,9,0
1205,20,153.00,123.00,0,0.010000,9,0
1206,20,93.00,93.00,0,0.010000,12,0
1207,20,43.00,73.00,0,0.010000,10,0
1208,2,100.00,100.00,1,0.010000,0,0
1209,2,100.00,100.00,1,0.010000,0,0
1210,20,0.00,0.00,0,0.010000,10,0
1211,20,-2.00,-22.00,0,0.010000,11,1
1212,20,-79.00,-59.00,0,0.010000,15,12
1213,0,0.00,0.00,1,0.010000,0,0
1214,20,123.00,153.00,0,0.010000,9,0
1215,20,153.00,123.00,0,0.010000,9,0
1216,20,93.00,93.00,0,0.010000,12,0
1217,20,-67.00,-57.00,0,0.010000,16,9
1218,2,100.00,100.00,1,0.010000,0,0
1219,2,100.00,100.00,1,0.010000,0,0
1220,20,39.00,39.00,0,0.010000,10,1
1221,20,0.00,0.00,0,0.010000,10,0
1222,20,-105.00,-115.00,0,0.010000,14,9
1223,0,0.00,0.00,1,0.010000,0,0
1224,20,73.00,113.00,0,0.010000,10,1
1225,20,153.00,123.00,0,0.010000,9,0
1226,20,93.00,93.00,0,0.010000,12,0
1227,3,50.00,50.00,1,0.010000,1,0
1228,2,100.00,100.00,1,0.010000,0,0
1229,2,100.00,100.00,1,0.010000,0,0
1230,20,44.00,44.00,0,0.010000,9,1
1231,20,0.00,0.00,0,0.010000,10,0
1232,0,0.00,0.00,1,0.010000,0,0
1233,20,37.00,27.00,0,0.010000,11,0
1234,20,123.00,153.00,0,0.010000,9,0
1235,20,153.00,123.00,0,0.010000,9,0
1236,20,93.00,93.00,0,0.010000,12,0
1237,20,-75.00,-55.00,0,0.010000,14,7
1238,2,100.00,100.00,1,0.010000,0,0
1239,2,100.00,100.00,1,0.010000,0,0
1240,20,0.00,0.00,0,0.010000,10,0
1241,20,0.00,0.00,0,0.010000,10,0
1242,1,50.00,50.00,1,0.010000,0,0
1243,0,0.00,0.00,1,0.010000,0,0
1244,20,123.00,153.00,0,0.010000,9,0
1245,20,153.00,123.00,0,0.010000,9,0
1246,20,57.00,37.00,0,0.010000,13,1
1247,20,0.00,0.00,0,0.010000,10,0
1248,2,100.00,100.00,1,0.010000,0,0
1249,2,100.00,100.00,1,0.010000,0,0
1250,20,49.00,39.00,0,0.010000,10,1
1251,20,-46.00,-26.00,0,0.010000,11,3
1252,20,153.00,123.00,0,0.010000,9,0
1253,0,0.00,0.00,1,0.010000,0,0
1254,20,123.00,153.00,0,0.010000,9,0
1255,20,153.00,123.00,0,0.010000,9,0
1256,20,93.00,93.00,0,0.010000,12,0
1257,0,0.00,0.00,1,0.010000,0,0
1258,2,100.00,100.00,1,0.010000,0,0
1259,2,100.00,100.00,1,0.010000,0,0
1260,20,27.00,37.00,0,0.010000,11,0
1261,20,0.00,0.00,0,0.010000,10,0
1262,20,-45.00,-55.00,0,0.010000,13,8
1263,20,-7.00,-17.00,0,0.010000,10,2
1264,20,123.00,153.00,0,0.010000,9,0
1265,20,153.00,123.00,0,0.010000,9,0
1266,20,93.00,93.00,0,0.010000,12,0
1267,20,-16.00,24.00,0,0.010000,11,0
1268,2,100.00,100.00,1,0.010000,0,0
1269,2,100.00,100.00,1,0.010000,0,0
1270,20,-22.00,-2.00,0,0.010000,11,0
1271,20,0.00,0.00,0,0.010000,10,0
1272,2,100.00,100.00,1,0.010000,0,0
1273,20,-12.00,-12.00,0,0.010000,11,0
1274,20,73.00,103.00,0,0.010000,10,1
1275,20,153.00,123.00,0,0.010000,9,0
1276,20,93.00,93.00,0,0.010000,12,0
1277,20,-36.00,-46.00,0,0.010000,14,0
1278,2,100.00,100.00,1,0.010000,0,0
1279,2,100.00,100.00,1,0.010000,0,0
1280,20,0.00,0.00,0,0.010000,10,0
1281,20,0.00,0.00,0,0.010000,10,0
1282,0,0.00,0.00,1,0.010000,0,0
1283,0,0.00,0.00,1,0.010000,0,0
1284,20,123.00,153.00,0,0.010000,9,0
1285,20,153.00,123.00,0,0.010000,9,0
1286,20,93.00,93.00,0,0.010000,12,0
1287,20,0.00,0.00,0,0.010000,10,0
1288,2,100.00,100.00,1,0.010000,0,0
1289,2,100.00,100.00,1,0.010000,0,0
1290,20,0.00,0.00,0,0.010000,10,0
1291,20,0.00,0.00,0,0.010000,10,0
1292,2,100.00,100.00,1,0.010000,0,0
1293,1,50.00,50.00,1,0.010000,0,0
1294,20,123.00,153.00,0,0.010000,9,0
1295,20,153.00,123.00,0,0.010000,9,0
1296,20,93.00,93.00,0,0.010000,12,0
1297,20,43.00,73.00,0,0.010000,10,0
1298,2,100.00,100.00,1,0.010000,0,0
1299,2,100.00,100.00,1,0.010000,0,0
1300,20,0.00,0.00,0,0.010000,10,0
1301,20,0.00,0.00,0,0.010000,10,0
1302,20,64.00,34.00,0,0.010000,10,0
1303,20,34.00,64.00,0,0.010000,10,0
1304,20,123.00,153.00,0,0.010000,9,0
1305,20,153.00,123.00,0,0.010000,9,0
1306,20,93.00,93.00,0,0.010000,12,0
1307,20,43.00,73.00,0,0.010000,10,0
1308,2,100.00,100.00,1,0.010000,0,0
1309,2,100.00,100.00,1,0.010000,0,0
1310,20,20.00,20.00,0,0.010000,11,3
1311,20,0.00,0.00,0,0.010000,10,0
1312,0,0.00,0.00,1,0.010000,0,0
1313,2,100.00,100.00,1,0.010000,0,0
1314,20,123.00,153.00,0,0.010000,9,0
1315,20,153.00,123.00,0,0.010000,9,0
1316,20,93.00,93.00,0,0.010000,12,0
1317,0,0.00,0.00,1,0.010000,0,0
1318,2,100.00,100.00,1,0.010000,0,0
1319,2,100.00,100.00,1,0.010000,0,0
1320,20,0.00,0.00,0,0.010000,10,0
1321,20,0.00,0.00,0,0.010000,10,0
1322,1,50.00,50.00,1,0.010000,0,0
1323,20,73.00,43.00,0,0.010000,10,0
1324,20,123.00,153.00,0,0.010000,9,0
1325,20,153.00,123.00,0,0.010000,9,0
1326,20,93.00,93.00,0,0.010000,12,0
1327,0,0.00,0.00,1,0.010000,0,0
1328,2,100.00,100.00,1,0.010000,0,0
1329,2,100.00,100.00,1,0.010000,0,0
1330,20,0.00,0.00,0,0.010000,10,0
1331,20,0.00,0.00,0,0.010000,10,0
1332,20,14.00,-6.00,0,0.010000,11,0
1333,20,0.00,0.00,0,0.010000,10,0
1334,20,78.00,108.00,0,0.010000,9,1
1335,20,153.00,123.00,0,0.010000,9,0
1336,20,93.00,93.00,0,0.010000,12,0
1337,20,-130.00,-140.00,0,0.010000,16,14
1338,2,100.00,100.00,1,0.010000,0,0
1339,2,100.00,100.00,1,0.010000,0,0
1340,20,0.00,0.00,0,0.010000,10,0
1341,20,0.00,0.00,0,0.010000,10,0
1342,20,0.00,0.00,0,0.010000,10,0
1343,20,64.00,34.00,0,0.010000,10,0
1344,20,123.00,153.00,0,0.010000,9,0
1345,20,153.00,123.00,0,0.010000,9,0
1346,20,93.00,93.00,0,0.010000,12,0
1347,3,50.00,50.00,1,0.010000,1,0
1348,2,100.00,100.00,1,0.010000,0,0
1349,2,100.00,100.00,1,0.010000,0,0
1350,20,0.00,0.00,0,0.010000,10,0
1351,20,0.00,0.00,0,0.010000,10,0
1352,20,0.00,0.00,0,0.010000,10,0
1353,2,100.00,100.00,1,0.010000,0,0
1354,20,123.00,153.00,0,0.010000,9,0
1355,20,153.00,123.00,0,0.010000,9,0
1356,20,93.00,93.00,0,0.010000,12,0
1357,20,-7.00,-17.00,0,0.010000,10,2
1358,2,100.00,100.00,1,0.010000,0,0
1359,2,100.00,100.00,1,0.010000,0,0
1360,20,0.00,0.00,0,0.010000,10,0
1361,20,44.00,44.00,0,0.010000,9,1
1362,20,43.00,43.00,0,0.010000,13,0
1363,1,50.00,50.00,1,0.010000,0,0
1364,20,123.00,153.00,0,0.010000,9,0
1365,20,153.00,123.00,0,0.010000,9,0
1366,20,93.00,93.00,0,0.010000,12,0
1367,0,0.00,0.00,1,0.010000,0,0
1368,2,100.00,100.00,1,0.010000,0,0
1369,2,100.00,100.00,1,0.010000,0,0
1370,20,0.00,0.00,0,0.010000,10,0
1371,20,0.00,0.00,0,0.010000,10,0
1372,0,0.00,0.00,1,0.010000,0,0
1373,0,0.00,0.00,1,0.010000,0,0
1374,20,123.00,153.00,0,0.010000,9,0
1375,20,153.00,123.00,0,0.010000,9,0
1376,20,93.00,93.00,0,0.010000,12,0
1377,20,-84.00,-54.00,0,0.010000,16,11
1378,2,100.00,100.00,1,0.010000,0,0
1379,2,100.00,100.00,1,0.010000,0,0
1380,20,0.00,0.00,0,0.010000,10,0
1381,20,0.00,0.00,0,0.010000,10,0
1382,20,-125.00,-105.00,0,0.010000,15,10
1383,3,50.00,50.00,1,0.010000,1,0
1384,20,123.00,153.00,0,0.010000,9,0
1385,20,153.00,123.00,0,0.010000,9,0
1386,20,93.00,93.00,0,0.010000,12,0
1387,2,100.00,100.00,1,0.010000,0,0
1388,2,100.00,100.00,1,0.010000,0,0
1389,2,100.00,100.00,1,0.010000,0,0
1390,20,0.00,0.00,0,0.010000,10,0
1391,20,0.00,0.00,0,0.010000,10,0
1392,20,-46.00,-36.00,0,0.010000,14,0
1393,0,0.00,0.00,1,0.010000,0,0
1394,20,123.00,153.00,0,0.010000,9,0
1395,20,153.00,123.00,0,0.010000,9,0
1396,20,43.00,53.00,0,0.010000,13,1
1397,0,0.00,0.00,1,0.010000,0,0
1398,2,100.00,100.00,1,0.010000,0,0
1399,2,100.00,100.00,1,0.010000,0,0
1400,20,0.00,0.00,0,0.010000,10,0
1401,20,0.00,0.00,0,0.010000,10,0
1402,0,0.00,0.00,1,0.010000,0,0
1403,20,-52.00,-72.00,0,0.010000,15,10
1404,20,123.00,153.00,0,0.010000,9,0
1405,20,153.00,123.00,0,0.010000,9,0
1406,20,93.00,93.00,0,0.010000,12,0
1407,2,49.00,39.00,1,0.010000,1,1
1408,2,100.00,100.00,1,0.010000,0,0
1409,2,100.00,100.00,1,0.010000,0,0
1410,20,0.00,0.00,0,0.010000,10,0
1411,20,0.00,0.00,0,0.010000,10,0
1412,20,43.00,73.00,0,0.010000,10,0
1413,0,0.00,0.00,1,0.010000,0,0
1414,20,123.00,153.00,0,0.010000,9,0
1415,20,153.00,123.00,0,0.010000,9,0
1416,20,48.00,48.00,0,0.010000,12,1
1417,0,0.00,0.00,1,0.010000,0,0
1418,2,100.00,100.00,1,0.010000,0,0
1419,2,100.00,100.00,1,0.010000,0,0
1420,20,0.00,0.00,0,0.010000,10,0
1421,20,0.00,0.00,0,0.010000,10,0
1422,0,0.00,0.00,1,0.010000,0,0
1423,1,50.00,50.00,1,0.010000,0,0
1424,20,123.00,153.00,0,0.010000,9,0
1425,20,153.00,123.00,0,0.010000,9,0
1426,20,93.00,93.00,0,0.010000,12,0
1427,1,50.00,50.00,1,0.010000,0,0
1428,2,100.00,100.00,1,0.010000,0,0
1429,2,100.00,100.00,1,0.010000,0,0
1430,20,0.00,0.00,0,0.010000,10,0
1431,20,0.00,0.00,0,0.010000,10,0
1432,20,43.00,43.00,0,0.010000,13,0
1433,0,0.00,0.00,1,0.010000,0,0
1434,20,123.00,153.00,0,0.010000,9,0
1435,20,153.00,123.00,0,0.010000,9,0
1436,20,93.00,93.00,0,0.010000,12,0
1437,0,0.00,0.00,1,0.010000,0,0
1438,2,100.00,100.00,1,0.010000,0,0
1439,2,100.00,100.00,1,0.010000,0,0
1440,20,0.00,0.00,0,0.010000,10,0
1441,20,0.00,0.00,0,0.010000,10,0
1442,20,53.00,43.00,0,0.010000,11,1
1443,2,100.00,100.00,1,0.010000,0,0
1444,20,123.00,153.00,0,0.010000,9,0
1445,20,153.00,123.00,0,0.010000,9,0
1446,20,93.00,93.00,0,0.010000,12,0
1447,20,-105.00,-105.00,0,0.010000,16,8
1448,2,100.00,100.00,1,0.010000,0,0
1449,2,100.00,100.00,1,0.010000,0,0
1450,20,0.00,0.00,0,0.010000,10,0
1451,20,0.00,0.00,0,0.010000,10,0
1452,0,0.00,0.00,1,0.010000,0,0
1453,1,50.00,50.00,1,0.010000,0,0
1454,20,123.00,153.00,0,0.010000,9,0
1455,20,153.00,123.00,0,0.010000,9,0
1456,20,93.00,93.00,0,0.010000,12,0
1457,20,5.00,35.00,0,0.010000,12,2
1458,2,100.00,100.00,1,0.010000,0,0
1459,2,100.00,100.00,1,0.010000,0,0
1460,20,0.00,0.00,0,0.010000,10,0
1461,20,0.00,0.00,0,0.010000,10,0
1462,0,0.00,0.00,1,0.010000,0,0
1463,20,113.00,73.00,0,0.010000,10,0
1464,20,123.00,153.00,0,0.010000,9,0
1465,20,153.00,123.00,0,0.010000,9,0
1466,20,93.00,93.00,0,0.010000,12,0
1467,20,-45.00,-65.00,0,0.010000,13,9
1468,2,100.00,100.00,1,0.010000,0,0
1469,2,100.00,100.00,1,0.010000,0,0
1470,20,39.00,39.00,0,0.010000,10,1
1471,20,0.00,0.00,0,0.010000,10,0
1472,1,50.00,50.00,1,0.010000,0,0
1473,1,50.00,50.00,1,0.010000,0,0
1474,20,123.00,153.00,0,0.010000,9,0
1475,20,153.00,123.00,0,0.010000,9,0
1476,20,93.00,93.00,0,0.010000,12,0
1477,20,-101.00,-101.00,0,0.010000,15,10
1478,2,100.00,100.00,1,0.010000,0,0
1479,2,100.00,100.00,1,0.010000,0,0
1480,20,0.00,0.00,0,0.010000,10,0
1481,20,0.00,0.00,0,0.010000,10,0
1482,3,50.00,50.00,1,0.010000,1,0
1483,0,0.00,0.00,1,0.010000,0,0
1484,20,123.00,153.00,0,0.010000,9,0
1485,20,153.00,123.00,0,0.010000,9,0
1486,20,93.00,93.00,0,0.010000,12,0
1487,20,-47.00,-57.00,0,0.010000,14,10
1488,2,100.00,100.00,1,0.010000,0,0
1489,2,100.00,100.00,1,0.010000,0,0
1490,20,22.00,42.00,0,0.010000,10,1
1491,20,49.00,39.00,0,0.010000,10,1
1492,20,113.00,73.00,0,0.010000,10,0
1493,0,0.00,0.00,1,0.010000,0,0
1494,20,123.00,153.00,0,0.010000,9,0
1495,20,153.00,123.00,0,0.010000,9,0
1496,20,93.00,93.00,0,0.010000,12,0
1497,0,0.00,0.00,1,0.010000,0,0
1498,2,100.00,100.00,1,0.010000,0,0
1499,2,100.00,100.00,1,0.010000,0,0
1500,20,0.00,0.00,0,0.010000,10,0
1501,20,0.00,0.00,0,0.010000,10,0
1502,20,-94.00,-64.00,0,0.010000,16,13
1503,2,100.00,100.00,1,0.010000,0,0
1504,20,73.00,113.00,0,0.010000,10,1
1505,20,153.00,123.00,0,0.010000,9,0
1506,20,93.00,93.00,0,0.010000,12,0
1507,20,4.00,4.00,0,0.010000,13,0
1508,2,100.00,100.00,1,0.010000,0,0
1509,2,100.00,100.00,1,0.010000,0,0
1510,20,0.00,0.00,0,0.010000,10,0
1511,20,0.00,0.00,0,0.010000,10,0
1512,1,50.00,50.00,1,0.010000,0,0
1513,1,50.00,50.00,1,0.010000,0,0
1514,20,78.00,108.00,0,0.010000,9,1
1515,20,153.00,123.00,0,0.010000,9,0
1516,20,93.00,93.00,0,0.010000,12,0
1517,20,0.00,0.00,0,0.010000,10,0
1518,2,100.00,100.00,1,0.010000,0,0
1519,2,100.00,100.00,1,0.010000,0,0
1520,20,0.00,0.00,0,0.010000,10,0
1521,20,0.00,0.00,0,0.010000,10,0
1522,0,0.00,0.00,1,0.010000,0,0
1523,20,49.00,39.00,0,0.010000,10,1
1524,20,78.00,108.00,0,0.010000,9,1
1525,20,153.00,123.00,0,0.010000,9,0
1526,20,93.00,93.00,0,0.010000,12,0
1527,0,0.00,0.00,1,0.010000,0,0
1528,2,100.00,100.00,1,0.010000,0,0
1529,2,100.00,100.00,1,0.010000,0,0
1530,20,0.00,0.00,0,0.010000,10,0
1531,20,0.00,0.00,0,0.010000,10,0
1532,0,0.00,0.00,1,0.010000,0,0
1533,20,-108.00,-118.00,0,0.010000,15,12
1534,20,123.00,153.00,0,0.010000,9,0
1535,20,153.00,123.00,0,0.010000,9,0
1536,20,43.00,43.00,0,0.010000,13,1
1537,0,0.00,0.00,1,0.010000,0,0
1538,2,100.00,100.00,1,0.010000,0,0
1539,2,100.00,100.00,1,0.010000,0,0
1540,20,0.00,0.00,0,0.010000,10,0
1541,20,0.00,0.00,0,0.010000,10,0
1542,1,50.00,50.00,1,0.010000,0,0
1543,20,37.00,27.00,0,0.010000,11,1
1544,20,78.00,108.00,0,0.010000,9,1
1545,20,153.00,123.00,0,0.010000,9,0
1546,20,93.00,93.00,0,0.010000,12,0
1547,20,-64.00,-84.00,0,0.010000,16,11
1548,2,100.00,100.00,1,0.010000,0,0
1549,2,100.00,100.00,1,0.010000,0,0
1550,20,0.00,0.00,0,0.010000,10,0
1551,20,0.00,0.00,0,0.010000,10,0
1552,20,43.00,43.00,0,0.010000,13,0
1553,0,0.00,0.00,1,0.010000,0,0
1554,20,123.00,153.00,0,0.010000,9,0
1555,20,153.00,123.00,0,0.010000,9,0
1556,20,93.00,93.00,0,0.010000,12,0
1557,0,0.00,0.00,1,0.010000,0,0
1558,2,100.00,100.00,1,0.010000,0,0
1559,2,100.00,100.00,1,0.010000,0,0
1560,20,0.00,0.00,0,0.010000,10,0
1561,20,0.00,0.00,0,0.010000,10,0
1562,1,50.00,50.00,1,0.010000,0,0
1563,1,50.00,50.00,1,0.010000,0,0
1564,20,23.00,73.00,0,0.010000,11,0
1565,20,153.00,123.00,0,0.010000,9,0
1566,20,-7.00,-7.00,0,0.010000,14,0
1567,1,50.00,50.00,1,0.010000,0,0
1568,2,100.00,100.00,1,0.010000,0,0
1569,2,100.00,100.00,1,0.010000,0,0
1570,20,0.00,0.00,0,0.010000,10,0
1571,20,0.00,0.00,0,0.010000,10,0
1572,1,50.00,50.00,1,0.010000,0,0
1573,1,50.00,50.00,1,0.010000,0,0
1574,20,123.00,153.00,0,0.010000,9,0
1575,20,153.00,123.00,0,0.010000,9,0
1576,20,93.00,93.00,0,0.010000,12,0
1577,20,-80.00,-80.00,0,0.010000,13,6
1578,2,100.00,100.00,1,0.010000,0,0
1579,2,100.00,100.00,1,0.010000,0,0
1580,20,0.00,0.00,0,0.010000,10,0
1581,20,0.00,0.00,0,0.010000,10,0
1582,1,50.00,50.00,1,0.010000,0,0
1583,20,-62.00,-52.00,0,0.010000,15,11
1584,20,73.00,103.00,0,0.010000,10,1
1585,20,153.00,123.00,0,0.010000,9,0
1586,20,93.00,93.00,0,0.010000,12,0
1587,2,100.00,100.00,1,0.010000,0,0
1588,2,100.00,100.00,1,0.010000,0,0
1589,2,100.00,100.00,1,0.010000,0,0
1590,20,0.00,0.00,0,0.010000,10,0
1591,20,0.00,0.00,0,0.010000,10,0
1592,20,27.00,37.00,0,0.010000,11,1
1593,20,48.00,48.00,0,0.010000,12,1
1594,20,123.00,153.00,0,0.010000,9,0
1595,20,153.00,123.00,0,0.010000,9,0
1596,20,93.00,93.00,0,0.010000,12,0
1597,20,0.00,0.00,0,0.010000,10,0
1598,2,100.00,100.00,1,0.010000,0,0
1599,2,100.00,100.00,1,0.010000,0,0
1600,20,0.00,0.00,0,0.010000,10,0
1601,20,0.00,0.00,0,0.010000,10,0
1602,20,43.00,43.00,0,0.010000,13,0
1603,0,0.00,0.00,1,0.010000,0,0
1604,20,82.00,122.00,0,0.010000,10,1
1605,20,153.00,123.00,0,0.010000,9,0
1606,20,93.00,93.00,0,0.010000,12,0
1607,0,0.00,0.00,1,0.010000,0,0
1608,2,100.00,100.00,1,0.010000,0,0
1609,2,100.00,100.00,1,0.010000,0,0
1610,20,0.00,0.00,0,0.010000,10,0
1611,20,0.00,0.00,0,0.010000,10,0
1612,0,0.00,0.00,1,0.010000,0,0
1613,1,50.00,50.00,1,0.010000,0,0
1614,20,123.00,153.00,0,0.010000,9,0
1615,20,153.00,123.00,0,0.010000,9,0
1616,20,93.00,93.00,0,0.010000,12,0
1617,20,93.00,93.00,0,0.010000,12,0
1618,2,100.00,100.00,1,0.010000,0,0
1619,2,100.00,100.00,1,0.010000,0,0
1620,20,0.00,0.00,0,0.010000,10,0
1621,20,0.00,0.00,0,0.010000,10,0
1622,20,-25.00,-5.00,0,0.010000,13,9
1623,20,-27.00,-77.00,0,0.010000,14,9
1624,20,123.00,153.00,0,0.010000,9,0
1625,20,153.00,123.00,0,0.010000,9,0
1626,20,43.00,53.00,0,0.010000,13,1
1627,20,-120.00,-100.00,0,0.010000,16,9
1628,2,100.00,100.00,1,0.010000,0,0
1629,2,100.00,100.00,1,0.010000,0,0
1630,20,0.00,0.00,0,0.010000,10,0
1631,20,0.00,0.00,0,0.010000,10,0
1632,20,-36.00,-46.00,0,0.010000,14,0
1633,1,50.00,50.00,1,0.010000,0,0
1634,20,123.00,153.00,0,0.010000,9,0
1635,20,108.00,78.00,0,0.010000,9,1
1636,20,93.00,93.00,0,0.010000,12,0
1637,0,0.00,0.00,1,0.010000,0,0
1638,2,100.00,100.00,1,0.010000,0,0
1639,2,100.00,100.00,1,0.010000,0,0
1640,20,0.00,0.00,0,0.010000,10,0
1641,20,0.00,0.00,0,0.010000,10,0
1642,1,50.00,50.00,1,0.010000,0,0
1643,20,-9.00,-19.00,0,0.010000,12,6
1644,20,123.00,153.00,0,0.010000,9,0
1645,20,153.00,123.00,0,0.010000,9,0
1646,20,93.00,93.00,0,0.010000,12,0
1647,0,0.00,0.00,1,0.010000,0,0
1648,2,100.00,100.00,1,0.010000,0,0
1649,2,100.00,100.00,1,0.010000,0,0
1650,20,0.00,0.00,0,0.010000,10,0
1651,20,49.00,39.00,0,0.010000,10,1
1652,3,50.00,50.00,1,0.010000,1,0
1653,20,33.00,63.00,0,0.010000,11,0
1654,20,123.00,153.00,0,0.010000,9,0
1655,20,153.00,123.00,0,0.010000,9,0
1656,20,93.00,93.00,0,0.010000,12,0
1657,20,-50.00,-50.00,0,0.010000,13,9
1658,2,100.00,100.00,1,0.010000,0,0
1659,2,100.00,100.00,1,0.010000,0,0
1660,20,39.00,49.00,0,0.010000,10,1
1661,20,-58.00,-38.00,0,0.010000,12,5
1662,0,0.00,0.00,1,0.010000,0,0
1663,20,-12.00,-12.00,0,0.010000,11,0
1664,20,73.00,103.00,0,0.010000,10,1
1665,20,153.00,123.00,0,0.010000,9,0
1666,20,83.00,103.00,0,0.010000,12,0
1667,0,0.00,0.00,1,0.010000,0,0
1668,2,100.00,100.00,1,0.010000,0,0
1669,2,100.00,100.00,1,0.010000,0,0
1670,20,0.00,0.00,0,0.010000,10,0
1671,20,0.00,0.00,0,0.010000,10,0
1672,20,73.00,43.00,0,0.010000,10,0
1673,20,-116.00,-106.00,0,0.010000,16,12
1674,20,123.00,153.00,0,0.010000,9,0
1675,20,153.00,123.00,0,0.010000,9,0
1676,20,93.00,93.00,0,0.010000,12,0
1677,20,-116.00,-106.00,0,0.010000,16,10
1678,2,100.00,100.00,1,0.010000,0,0
1679,2,100.00,100.00,1,0.010000,0,0
1680,20,49.00,39.00,0,0.010000,10,1
1681,20,44.00,44.00,0,0.010000,9,1
1682,20,10.00,10.00,0,0.010000,11,6
1683,0,0.00,0.00,1,0.010000,0,0
1684,20,123.00,153.00,0,0.010000,9,0
1685,20,103.00,83.00,0,0.010000,10,1
1686,20,93.00,93.00,0,0.010000,12,0
1687,20,49.00,39.00,0,0.010000,10,1
1688,2,100.00,100.00,1,0.010000,0,0
1689,2,100.00,100.00,1,0.010000,0,0
1690,20,39.00,39.00,0,0.010000,10,1
1691,20,0.00,0.00,0,0.010000,10,0
1692,20,-16.00,24.00,0,0.010000,11,0
1693,20,113.00,73.00,0,0.010000,10,0
1694,20,123.00,153.00,0,0.010000,9,0
1695,20,153.00,123.00,0,0.010000,9,0
1696,20,43.00,43.00,0,0.010000,13,1
1697,20,93.00,93.00,0,0.010000,12,0
1698,2,100.00,100.00,1,0.010000,0,0
1699,2,100.00,100.00,1,0.010000,0,0
1700,20,39.00,39.00,0,0.010000,10,1
1701,20,0.00,0.00,0,0.010000,10,0
1702,2,100.00,100.00,1,0.010000,0,0
1703,1,50.00,50.00,1,0.010000,0,0
1704,20,123.00,153.00,0,0.010000,9,0
1705,20,153.00,123.00,0,0.010000,9,0
1706,20,93.00,93.00,0,0.010000,12,0
1707,0,0.00,0.00,1,0.010000,0,0
1708,2,100.00,100.00,1,0.010000,0,0
1709,2,100.00,100.00,1,0.010000,0,0
1710,20,-2.00,-22.00,0,0.010000,11,1
1711,20,39.00,49.00,0,0.010000,10,0
1712,2,100.00,100.00,1,0.010000,0,0
1713,1,50.00,50.00,1,0.010000,0,0
1714,20,93.00,93.00,0,0.010000,10,1
1715,20,153.00,123.00,0,0.010000,9,0
1716,20,93.00,93.00,0,0.010000,12,0
1717,0,0.00,0.00,1,0.010000,0,0
1718,2,100.00,100.00,1,0.010000,0,0
1719,2,100.00,100.00,1,0.010000,0,0
1720,20,0.00,0.00,0,0.010000,10,0
1721,20,0.00,0.00,0,0.010000,10,0
1722,0,0.00,0.00,1,0.010000,0,0
1723,20,73.00,43.00,0,0.010000,10,0
1724,20,123.00,153.00,0,0.010000,9,0
1725,20,153.00,123.00,0,0.010000,9,0
1726,20,43.00,43.00,0,0.010000,13,1
1727,0,0.00,0.00,1,0.010000,0,0
1728,2,100.00,100.00,1,0.010000,0,0
1729,2,100.00,100.00,1,0.010000,0,0
1730,20,0.00,0.00,0,0.010000,10,0
1731,20,0.00,0.00,0,0.010000,10,0
1732,20,-55.00,-75.00,0,0.010000,12,6
1733,0,0.00,0.00,1,0.010000,0,0
1734,20,123.00,153.00,0,0.010000,9,0
1735,20,153.00,123.00,0,0.010000,9,0
1736,20,93.00,93.00,0,0.010000,12,0
1737,20,-73.00,-73.00,0,0.010000,12,2
1738,2,100.00,100.00,1,0.010000,0,0
1739,2,100.00,100.00,1,0.010000,0,0
1740,20,0.00,0.00,0,0.010000,10,0
1741,20,49.00,39.00,0,0.010000,10,1
1742,1,50.00,50.00,1,0.010000,0,0
1743,20,-169.00,-169.00,0,0.010000,18,9
1744,20,123.00,153.00,0,0.010000,9,0
1745,20,153.00,123.00,0,0.010000,9,0
1746,20,93.00,93.00,0,0.010000,12,0
1747,20,-52.00,-52.00,0,0.010000,15,9
1748,2,100.00,100.00,1,0.010000,0,0
1749,2,100.00,100.00,1,0.010000,0,0
1750,20,0.00,0.00,0,0.010000,10,0
1751,20,44.00,44.00,0,0.010000,9,1
1752,20,-34.00,-14.00,0,0.010000,12,2
1753,2,100.00,100.00,1,0.010000,0,0
1754,20,123.00,153.00,0,0.010000,9,0
1755,20,113.00,73.00,0,0.010000,10,1
1756,20,93.00,93.00,0,0.010000,12,0
1757,20,-25.00,-35.00,0,0.010000,14,8
1758,2,100.00,100.00,1,0.010000,0,0
1759,2,100.00,100.00,1,0.010000,0,0
1760,20,-22.00,-2.00,0,0.010000,11,0
1761,20,0.00,0.00,0,0.010000,10,0
1762,20,-101.00,-101.00,0,0.010000,15,9
1763,1,50.00,50.00,1,0.010000,0,0
1764,20,123.00,153.00,0,0.010000,9,0
1765,20,153.00,123.00,0,0.010000,9,0
1766,20,43.00,53.00,0,0.010000,13,1
1767,1,50.00,50.00,1,0.010000,0,0
1768,2,100.00,100.00,1,0.010000,0,0
1769,2,100.00,100.00,1,0.010000,0,0
1770,20,0.00,0.00,0,0.010000,10,0
1771,20,39.00,49.00,0,0.010000,10,1
1772,20,-65.00,-45.00,0,0.010000,15,8
1773,20,-39.00,-29.00,0,0.010000,11,4
1774,20,123.00,153.00,0,0.010000,9,0
1775,20,153.00,123.00,0,0.010000,9,0
1776,20,53.00,43.00,0,0.010000,13,1
1777,20,73.00,113.00,0,0.010000,10,0
1778,2,100.00,100.00,1,0.010000,0,0
1779,2,100.00,100.00,1,0.010000,0,0
1780,20,0.00,0.00,0,0.010000,10,0
1781,20,0.00,0.00,0,0.010000,10,0
1782,1,50.00,50.00,1,0.010000,0,0
1783,20,-128.00,-108.00,0,0.010000,15,13
1784,20,123.00,153.00,0,0.010000,9,0
1785,20,153.00,123.00,0,0.010000,9,0
1786,20,93.00,93.00,0,0.010000,12,0
1787,20,83.00,103.00,0,0.010000,10,1
1788,2,100.00,100.00,1,0.010000,0,0
1789,2,100.00,100.00,1,0.010000,0,0
1790,20,0.00,0.00,0,0.010000,10,0
1791,20,0.00,0.00,0,0.010000,10,0
1792,20,-123.00,-113.00,0,0.010000,16,11
1793,0,0.00,0.00,1,0.010000,0,0
1794,20,123.00,153.00,0,0.010000,9,0
1795,20,153.00,123.00,0,0.010000,9,0
1796,20,93.00,93.00,0,0.010000,12,0
1797,2,100.00,100.00,1,0.010000,0,0
1798,2,100.00,100.00,1,0.010000,0,0
1799,2,100.00,100.00,1,0.010000,0,0
1800,20,0.00,0.00,0,0.010000,10,0
1801,20,0.00,0.00,0,0.010000,10,0
1802,20,-64.00,-74.00,0,0.010000,16,12
1803,2,100.00,100.00,1,0.010000,0,0
1804,20,123.00,153.00,0,0.010000,9,0
1805,20,153.00,123.00,0,0.010000,9,0
1806,20,93.00,93.00,0,0.010000,12,0
1807,0,0.00,0.00,1,0.010000,0,0
1808,2,100.00,100.00,1,0.010000,0,0
1809,2,100.00,100.00,1,0.010000,0,0
1810,20,0.00,0.00,0,0.010000,10,0
1811,20,0.00,0.00,0,0.010000,10,0
1812,20,3.00,-7.00,0,0.010000,14,0
1813,1,50.00,50.00,1,0.010000,0,0
1814,20,123.00,153.00,0,0.010000,9,0
1815,20,153.00,123.00,0,0.010000,9,0
1816,20,93.00,93.00,0,0.010000,12,0
1817,0,0.00,0.00,1,0.010000,0,0
1818,2,100.00,100.00,1,0.010000,0,0
1819,2,100.00,100.00,1,0.010000,0,0
1820,20,0.00,0.00,0,0.010000,10,0
1821,20,0.00,0.00,0,0.010000,10,0
1822,20,-74.00,-74.00,0,0.010000,16,11
1823,20,-50.00,-50.00,0,0.010000,14,10
1824,20,123.00,153.00,0,0.010000,9,0
1825,20,153.00,123.00,0,0.010000,9,0
1826,20,93.00,93.00,0,0.010000,12,0
1827,2,100.00,100.00,1,0.010000,0,0
1828,2,100.00,100.00,1,0.010000,0,0
1829,2,100.00,100.00,1,0.010000,0,0
1830,20,0.00,0.00,0,0.010000,10,0
1831,20,0.00,0.00,0,0.010000,10,0
1832,20,-115.00,-145.00,0,0.010000,15,14
1833,1,50.00,50.00,1,0.010000,0,0
1834,20,123.00,153.00,0,0.010000,9,0
1835,20,153.00,123.00,0,0.010000,9,0
1836,20,93.00,93.00,0,0.010000,12,0
1837,1,50.00,50.00,1,0.010000,0,0
1838,2,100.00,100.00,1,0.010000,0,0
1839,2,100.00,100.00,1,0.010000,0,0
1840,20,0.00,0.00,0,0.010000,10,0
1841,20,0.00,0.00,0,0.010000,10,0
1842,20,108.00,78.00,0,0.010000,9,1
1843,0,0.00,0.00,1,0.010000,0,0
1844,20,123.00,153.00,0,0.010000,9,0
1845,20,153.00,123.00,0,0.010000,9,0
1846,20,53.00,43.00,0,0.010000,13,1
1847,20,153.00,123.00,0,0.010000,9,0
1848,2,100.00,100.00,1,0.010000,0,0
1849,2,100.00,100.00,1,0.010000,0,0
1850,20,0.00,0.00,0,0.010000,10,0
1851,20,0.00,0.00,0,0.010000,10,0
1852,0,0.00,0.00,1,0.010000,0,0
1853,1,50.00,50.00,1,0.010000,0,0
1854,20,123.00,153.00,0,0.010000,9,0
1855,20,133.00,113.00,0,0.010000,10,0
1856,20,93.00,93.00,0,0.010000,12,0
1857,20,4.00,4.00,0,0.010000,13,0
1858,2,100.00,100.00,1,0.010000,0,0
1859,2,100.00,100.00,1,0.010000,0,0
1860,20,0.00,0.00,0,0.010000,10,0
1861,20,0.00,0.00,0,0.010000,10,0
1862,1,50.00,50.00,1,0.010000,0,0
1863,0,0.00,0.00,1,0.010000,0,0
1864,20,123.00,153.00,0,0.010000,9,0
1865,20,153.00,123.00,0,0.010000,9,0
1866,20,93.00,93.00,0,0.010000,12,0
1867,20,43.00,73.00,0,0.010000,10,0
1868,2,100.00,100.00,1,0.010000,0,0
1869,2,100.00,100.00,1,0.010000,0,0
1870,20,0.00,0.00,0,0.010000,10,0
1871,20,44.00,44.00,0,0.010000,9,1
1872,0,0.00,0.00,1,0.010000,0,0
1873,1,50.00,50.00,1,0.010000,0,0
1874,20,123.00,153.00,0,0.010000,9,0
1875,20,153.00,123.00,0,0.010000,9,0
1876,20,93.00,93.00,0,0.010000,12,0
1877,20,-60.00,-50.00,0,0.010000,14,7
1878,2,100.00,100.00,1,0.010000,0,0
1879,2,100.00,100.00,1,0.010000,0,0
1880,20,0.00,0.00,0,0.010000,10,0
1881,20,0.00,0.00,0,0.010000,10,0
1882,20,0.00,0.00,0,0.010000,10,0
1883,20,-87.00,-97.00,0,0.010000,14,3
1884,20,123.00,153.00,0,0.010000,9,0
1885,20,153.00,123.00,0,0.010000,9,0
1886,20,93.00,93.00,0,0.010000,12,0
1887,20,-57.00,-67.00,0,0.010000,14,13
1888,2,100.00,100.00,1,0.010000,0,0
1889,2,100.00,100.00,1,0.010000,0,0
1890,20,44.00,44.00,0,0.010000,9,1
1891,20,0.00,0.00,0,0.010000,10,0
1892,20,-6.00,14.00,0,0.010000,11,0
1893,20,-65.00,-65.00,0,0.010000,12,4
1894,20,123.00,153.00,0,0.010000,9,0
1895,20,153.00,123.00,0,0.010000,9,0
1896,20,43.00,43.00,0,0.010000,13,1
1897,0,0.00,0.00,1,0.010000,0,0
1898,2,100.00,100.00,1,0.010000,0,0
1899,2,100.00,100.00,1,0.010000,0,0
1900,20,0.00,0.00,0,0.010000,10,0
1901,20,0.00,0.00,0,0.010000,10,0
1902,20,73.00,113.00,0,0.010000,10,0
1903,1,50.00,50.00,1,0.010000,0,0
1904,20,123.00,153.00,0,0.010000,9,0
1905,20,153.00,123.00,0,0.010000,9,0
1906,20,93.00,93.00,0,0.010000,12,0
1907,20,153.00,123.00,0,0.010000,9,0
1908,2,100.00,100.00,1,0.010000,0,0
1909,2,100.00,100.00,1,0.010000,0,0
1910,20,0.00,0.00,0,0.010000,10,0
1911,20,49.00,39.00,0,0.010000,10,1
1912,0,0.00,0.00,1,0.010000,0,0
1913,0,0.00,0.00,1,0.010000,0,0
1914,20,123.00,153.00,0,0.010000,9,0
1915,20,113.00,73.00,0,0.010000,10,1
1916,20,93.00,93.00,0,0.010000,12,0
1917,0,0.00,0.00,1,0.010000,0,0
1918,2,100.00,100.00,1,0.010000,0,0
1919,2,100.00,100.00,1,0.010000,0,0
1920,20,22.00,42.00,0,0.010000,10,1
1921,20,39.00,49.00,0,0.010000,10,0
1922,0,0.00,0.00,1,0.010000,0,0
1923,0,0.00,0.00,1,0.010000,0,0
1924,20,123.00,153.00,0,0.010000,9,0
1925,20,153.00,123.00,0,0.010000,9,0
1926,20,93.00,93.00,0,0.010000,12,0
1927,0,0.00,0.00,1,0.010000,0,0
1928,3,89.00,99.00,1,0.010000,1,1
1929,2,100.00,100.00,1,0.010000,0,0
1930,20,0.00,0.00,0,0.010000,10,0
1931,20,0.00,0.00,0,0.010000,10,0
1932,0,0.00,0.00,1,0.010000,0,0
1933,1,50.00,50.00,1,0.010000,0,0
1934,20,123.00,153.00,0,0.010000,9,0
1935,20,153.00,123.00,0,0.010000,9,0
1936,20,93.00,93.00,0,0.010000,12,0
1937,0,0.00,0.00,1,0.010000,0,0
1938,2,100.00,100.00,1,0.010000,0,0
1939,2,100.00,100.00,1,0.010000,0,0
1940,20,0.00,0.00,0,0.010000,10,0
1941,20,0.00,0.00,0,0.010000,10,0
1942,20,-16.00,24.00,0,0.010000,11,0
1943,0,0.00,0.00,1,0.010000,0,0
1944,20,123.00,153.00,0,0.010000,9,0
1945,20,143.00,133.00,0,0.010000,9,0
1946,20,93.00,93.00,0,0.010000,12,0
1947,20,-33.00,-23.00,0,0.010000,14,6
1948,3,89.00,99.00,1,0.010000,1,1
1949,2,100.00,100.00,1,0.010000,0,0
1950,20,0.00,0.00,0,0.010000,10,0
1951,20,0.00,0.00,0,0.010000,10,0
1952,1,50.00,50.00,1,0.010000,0,0
1953,20,-95.00,-85.00,0,0.010000,15,4
1954,20,123.00,153.00,0,0.010000,9,0
1955,20,153.00,123.00,0,0.010000,9,0
1956,20,93.00,93.00,0,0.010000,12,0
1957,20,-101.00,-101.00,0,0.010000,15,10
1958,2,100.00,100.00,1,0.010000,0,0
1959,2,100.00,100.00,1,0.010000,0,0
1960,20,0.00,0.00,0,0.010000,10,0
1961,20,39.00,49.00,0,0.010000,10,1
1962,0,0.00,0.00,1,0.010000,0,0
1963,0,0.00,0.00,1,0.010000,0,0
1964,20,67.00,117.00,0,0.010000,10,1
1965,20,153.00,123.00,0,0.010000,9,0
1966,20,93.00,93.00,0,0.010000,12,0
1967,0,0.00,0.00,1,0.010000,0,0
1968,2,100.00,100.00,1,0.010000,0,0
1969,2,100.00,100.00,1,0.010000,0,0
1970,20,0.00,0.00,0,0.010000,10,0
1971,20,0.00,0.00,0,0.010000,10,0
1972,20,123.00,153.00,0,0.010000,9,0
1973,0,0.00,0.00,1,0.010000,0,0
1974,20,83.00,103.00,0,0.010000,10,1
1975,20,153.00,123.00,0,0.010000,9,0
1976,20,93.00,93.00,0,0.010000,12,0
1977,2,100.00,100.00,1,0.010000,0,0
1978,2,100.00,100.00,1,0.010000,0,0
1979,2,100.00,100.00,1,0.010000,0,0
1980,20,0.00,0.00,0,0.010000,10,0
1981,20,0.00,0.00,0,0.010000,10,0
1982,20,43.00,43.00,0,0.010000,13,0
1983,1,50.00,50.00,1,0.010000,0,0
1984,20,123.00,153.00,0,0.010000,9,0
1985,20,153.00,123.00,0,0.010000,9,0
1986,20,93.00,93.00,0,0.010000,12,0
1987,20,0.00,0.00,0,0.010000,10,0
1988,2,100.00,100.00,1,0.010000,0,0
1989,2,100.00,100.00,1,0.010000,0,0
1990,20,44.00,44.00,0,0.010000,9,1
1991,20,0.00,0.00,0,0.010000,10,0
1992,20,43.00,43.00,0,0.010000,13,0
1993,20,-62.00,-62.00,0,0.010000,15,10
1994,20,123.00,153.00,0,0.010000,9,0
1995,20,153.00,123.00,0,0.010000,9,0
1996,20,93.00,93.00,0,0.010000,12,0
1997,20,0.00,0.00,0,0.010000,10,0
1998,2,100.00,100.00,1,0.010000,0,0
1999,2,100.00,100.00,1,0.010000,0,0
2000,20,0.00,0.00,0,0.010000,10,0
2001,20,0.00,0.00,0,0.010000,10,0
2002,1,50.00,50.00,1,0.010000,0,0
2003,3,50.00,50.00,1,0.010000,1,0
2004,20,78.00,108.00,0,0.010000,9,1
2005,20,153.00,123.00,0,0.010000,9,0
2006,20,93.00,93.00,0,0.010000,12,0
2007,1,50.00,50.00,1,0.010000,0,0
2008,2,100.00,100.00,1,0.010000,0,0
2009,2,100.00,100.00,1,0.010000,0,0
2010,20,49.00,39.00,0,0.010000,10,1
2011,20,0.00,0.00,0,0.010000,10,0
2012,1,50.00,50.00,1,0.010000,0,0
2013,0,0.00,0.00,1,0.010000,0,0
2014,20,123.00,153.00,0,0.010000,9,0
2015,20,153.00,123.00,0,0.010000,9,0
2016,20,93.00,93.00,0,0.010000,12,0
2017,20,-60.00,-50.00,0,0.010000,14,12
2018,2,100.00,100.00,1,0.010000,0,0
2019,2,100.00,100.00,1,0.010000,0,0
2020,20,0.00,0.00,0,0.010000,10,0
2021,20,0.00,0.00,0,0.010000,10,0
2022,20,-38.00,-28.00,0,0.010000,13,7
2023,0,0.00,0.00,1,0.010000,0,0
2024,20,43.00,53.00,0,0.010000,11,0
2025,20,153.00,123.00,0,0.010000,9,0
2026,20,93.00,93.00,0,0.010000,12,0
2027,1,50.00,50.00,1,0.010000,0,0
2028,2,100.00,100.00,1,0.010000,0,0
2029,4,100.00,100.00,1,0.010000,1,0
2030,20,0.00,0.00,0,0.010000,10,0
2031,20,0.00,0.00,0,0.010000,10,0
2032,20,-52.00,-62.00,0,0.010000,15,10
2033,1,50.00,50.00,1,0.010000,0,0
2034,20,45.00,75.00,0,0.010000,10,0
2035,20,153.00,123.00,0,0.010000,9,0
2036,20,93.00,93.00,0,0.010000,12,0
2037,20,0.00,0.00,0,0.010000,10,0
2038,2,100.00,100.00,1,0.010000,0,0
2039,2,100.00,100.00,1,0.010000,0,0
2040,20,0.00,0.00,0,0.010000,10,0
2041,20,0.00,0.00,0,0.010000,10,0
2042,20,123.00,153.00,0,0.010000,9,0
2043,20,-26.00,-16.00,0,0.010000,14,5
2044,20,123.00,153.00,0,0.010000,9,0
2045,20,153.00,123.00,0,0.010000,9,0
2046,20,48.00,48.00,0,0.010000,12,1
2047,20,-114.00,-114.00,0,0.010000,15,12
2048,2,100.00,100.00,1,0.010000,0,0
2049,2,100.00,100.00,1,0.010000,0,0
2050,20,44.00,44.00,0,0.010000,9,1
2051,20,0.00,0.00,0,0.010000,10,0
2052,0,0.00,0.00,1,0.010000,0,0
2053,1,50.00,50.00,1,0.010000,0,0
2054,20,123.00,153.00,0,0.010000,9,0
2055,20,103.00,73.00,0,0.010000,10,1
2056,20,93.00,93.00,0,0.010000,12,0
2057,3,50.00,50.00,1,0.010000,1,0
2058,2,100.00,100.00,1,0.010000,0,0
2059,2,100.00,100.00,1,0.010000,0,0
2060,20,0.00,0.00,0,0.010000,10,0
2061,20,0.00,0.00,0,0.010000,10,0
2062,20,0.00,0.00,0,0.010000,10,0
2063,20,113.00,73.00,0,0.010000,10,0
2064,20,78.00,108.00,0,0.010000,9,1
2065,20,153.00,123.00,0,0.010000,9,0
2066,20,93.00,93.00,0,0.010000,12,0
2067,20,-120.00,-170.00,0,0.010000,17,8
2068,2,100.00,100.00,1,0.010000,0,0
2069,2,100.00,100.00,1,0.010000,0,0
2070,20,0.00,0.00,0,0.010000,10,0
2071,20,0.00,0.00,0,0.010000,10,0
2072,0,0.00,0.00,1,0.010000,0,0
2073,0,0.00,0.00,1,0.010000,0,0
2074,20,123.00,153.00,0,0.010000,9,0
2075,20,153.00,123.00,0,0.010000,9,0
2076,20,93.00,93.00,0,0.010000,12,0
2077,0,0.00,0.00,1,0.010000,0,0
2078,2,100.00,100.00,1,0.010000,0,0
2079,2,100.00,100.00,1,0.010000,0,0
2080,20,0.00,0.00,0,0.010000,10,0
2081,20,0.00,0.00,0,0.010000,10,0
2082,0,0.00,0.00,1,0.010000,0,0
2083,20,-99.00,-79.00,0,0.010000,14,9
2084,20,123.00,153.00,0,0.010000,9,0
2085,20,153.00,123.00,0,0.010000,9,0
2086,20,93.00,93.00,0,0.010000,12,0
2087,0,0.00,0.00,1,0.010000,0,0
2088,2,100.00,100.00,1,0.010000,0,0
2089,2,100.00,100.00,1,0.010000,0,0
2090,20,44.00,44.00,0,0.010000,9,1
2091,20,-12.00,-12.00,0,0.010000,11,1
2092,20,43.00,43.00,0,0.010000,13,0
2093,1,50.00,50.00,1,0.010000,0,0
2094,20,123.00,153.00,0,0.010000,9,0
2095,20,153.00,123.00,0,0.010000,9,0
2096,20,93.00,93.00,0,0.010000,12,0
2097,20,-12.00,-12.00,0,0.010000,11,0
2098,2,100.00,100.00,1,0.010000,0,0
2099,2,100.00,100.00,1,0.010000,0,0
2100,20,49.00,39.00,0,0.010000,10,1
2101,20,39.00,49.00,0,0.010000,10,1
2102,0,0.00,0.00,1,0.010000,0,0
2103,20,3.00,3.00,0,0.010000,14,0
2104,20,123.00,153.00,0,0.010000,9,0
2105,20,153.00,123.00,0,0.010000,9,0
2106,20,93.00,93.00,0,0.010000,12,0
2107,0,0.00,0.00,1,0.010000,0,0
2108,2,100.00,100.00,1,0.010000,0,0
2109,2,100.00,100.00,1,0.010000,0,0
2110,20,0.00,0.00,0,0.010000,10,0
2111,20,0.00,0.00,0,0.010000,10,0
2112,20,-26.00,-46.00,0,0.010000,11,4
2113,2,100.00,100.00,1,0.010000,0,0
2114,20,73.00,113.00,0,0.010000,10,1
2115,20,153.00,123.00,0,0.010000,9,0
2116,20,93.00,93.00,0,0.010000,12,0
2117,20,-57.00,-47.00,0,0.010000,14,12
2118,2,100.00,100.00,1,0.010000,0,0
2119,2,100.00,100.00,1,0.010000,0,0
2120,20,0.00,0.00,0,0.010000,10,0
2121,20,0.00,0.00,0,0.010000,10,0
2122,20,-48.00,-38.00,0,0.010000,15,7
2123,2,100.00,100.00,1,0.010000,0,0
2124,20,33.00,63.00,0,0.010000,9,2
2125,20,153.00,123.00,0,0.010000,9,0
2126,20,93.00,93.00,0,0.010000,12,0
2127,20,43.00,53.00,0,0.010000,11,0
2128,2,100.00,100.00,1,0.010000,0,0
2129,2,100.00,100.00,1,0.010000,0,0
2130,20,0.00,0.00,0,0.010000,10,0
2131,20,0.00,0.00,0,0.010000,10,0
2132,20,-22.00,-2.00,0,0.010000,11,2
2133,0,0.00,0.00,1,0.010000,0,0
2134,20,123.00,153.00,0,0.010000,9,0
2135,20,122.00,102.00,0,0.010000,9,0
2136,20,93.00,93.00,0,0.010000,12,0
2137,1,50.00,50.00,1,0.010000,0,0
2138,2,100.00,100.00,1,0.010000,0,0
2139,2,100.00,100.00,1,0.010000,0,0
2140,20,0.00,0.00,0,0.010000,10,0
2141,20,0.00,0.00,0,0.010000,10,0
2142,20,-50.00,-40.00,0,0.010000,14,10
2143,20,-55.00,-55.00,0,0.010000,13,9
2144,20,123.00,153.00,0,0.010000,9,0
2145,20,153.00,123.00,0,0.010000,9,0
2146,20,93.00,93.00,0,0.010000,12,0
2147,1,50.00,50.00,1,0.010000,0,0
2148,2,100.00,100.00,1,0.010000,0,0
2149,2,100.00,100.00,1,0.010000,0,0
2150,20,0.00,0.00,0,0.010000,10,0
2151,20,0.00,0.00,0,0.010000,10,0
2152,0,0.00,0.00,1,0.010000,0,0
2153,1,50.00,50.00,1,0.010000,0,0
2154,20,123.00,153.00,0,0.010000,9,0
2155,20,153.00,123.00,0,0.010000,9,0
2156,20,93.00,93.00,0,0.010000,12,0
2157,20,-40.00,-80.00,0,0.010000,13,5
2158,2,100.00,100.00,1,0.010000,0,0
2159,2,100.00,100.00,1,0.010000,0,0
2160,20,39.00,39.00,0,0.010000,10,1
2161,20,0.00,0.00,0,0.010000,10,0
2162,0,0.00,0.00,1,0.010000,0,0
2163,1,50.00,50.00,1,0.010000,0,0
2164,20,123.00,153.00,0,0.010000,9,0
2165,20,153.00,123.00,0,0.010000,9,0
2166,20,93.00,93.00,0,0.010000,12,0
2167,0,0.00,0.00,1,0.010000,0,0
2168,2,100.00,100.00,1,0.010000,0,0
2169,2,100.00,100.00,1,0.010000,0,0
2170,20,0.00,0.00,0,0.010000,10,0
2171,20,0.00,0.00,0,0.010000,10,0
2172,20,-111.00,-91.00,0,0.010000,15,9
2173,2,100.00,100.00,1,0.010000,0,0
2174,20,123.00,153.00,0,0.010000,9,0
2175,20,108.00,78.00,0,0.010000,9,1
2176,20,93.00,93.00,0,0.010000,12,0
2177,20,-29.00,-29.00,0,0.010000,11,2
2178,2,100.00,100.00,1,0.010000,0,0
2179,2,100.00,100.00,1,0.010000,0,0
2180,20,0.00,0.00,0,0.010000,10,0
2181,20,0.00,0.00,0,0.010000,10,0
2182,0,0.00,0.00,1,0.010000,0,0
2183,0,0.00,0.00,1,0.010000,0,0
2184,20,123.00,153.00,0,0.010000,9,0
2185,20,153.00,123.00,0,0.010000,9,0
2186,20,93.00,93.00,0,0.010000,12,0
2187,20,0.00,0.00,0,0.010000,10,0
2188,2,100.00,100.00,1,0.010000,0,0
2189,2,100.00,100.00,1,0.010000,0,0
2190,20,49.00,39.00,0,0.010000,10,1
2191,20,0.00,0.00,0,0.010000,10,0
2192,20,43.00,73.00,0,0.010000,10,0
2193,1,50.00,50.00,1,0.010000,0,0
2194,20,123.00,153.00,0,0.010000,9,0
2195,20,103.00,73.00,0,0.010000,10,1
2196,20,93.00,93.00,0,0.010000,12,0
2197,0,0.00,0.00,1,0.010000,0,0
2198,2,100.00,100.00,1,0.010000,0,0
2199,2,100.00,100.00,1,0.010000,0,0
2200,20,0.00,0.00,0,0.010000,10,0
2201,20,0.00,0.00,0,0.010000,10,0
2202,0,0.00,0.00,1,0.010000,0,0
2203,20,-67.00,-107.00,0,0.010000,15,7
2204,20,123.00,153.00,0,0.010000,9,0
2205,20,153.00,123.00,0,0.010000,9,0
2206,20,93.00,93.00,0,0.010000,12,0
2207,2,100.00,100.00,1,0.010000,0,0
2208,2,100.00,100.00,1,0.010000,0,0
2209,2,100.00,100.00,1,0.010000,0,0
2210,20,0.00,0.00,0,0.010000,10,0
2211,20,0.00,0.00,0,0.010000,10,0
2212,20,-40.00,-40.00,0,0.010000,14,8
2213,20,-43.00,-33.00,0,0.010000,14,9
2214,20,123.00,153.00,0,0.010000,9,0
2215,20,153.00,123.00,0,0.010000,9,0
2216,20,93.00,93.00,0,0.010000,12,0
2217,20,-22.00,-2.00,0,0.010000,11,0
2218,2,100.00,100.00,1,0.010000,0,0
2219,2,100.00,100.00,1,0.010000,0,0
2220,20,0.00,0.00,0,0.010000,10,0
2221,20,44.00,44.00,0,0.010000,9,1
2222,20,48.00,48.00,0,0.010000,12,1
2223,20,0.00,0.00,0,0.010000,10,0
2224,20,123.00,153.00,0,0.010000,9,0
2225,20,153.00,123.00,0,0.010000,9,0
2226,20,93.00,93.00,0,0.010000,12,0
2227,0,0.00,0.00,1,0.010000,0,0
2228,2,100.00,100.00,1,0.010000,0,0
2229,2,100.00,100.00,1,0.010000,0,0
2230,20,0.00,0.00,0,0.010000,10,0
2231,20,0.00,0.00,0,0.010000,10,0
2232,2,100.00,100.00,1,0.010000,0,0
2233,0,0.00,0.00,1,0.010000,0,0
2234,20,43.00,73.00,0,0.010000,10,0
2235,20,153.00,123.00,0,0.010000,9,0
2236,20,93.00,93.00,0,0.010000,12,0
2237,20,0.00,0.00,0,0.010000,10,0
2238,2,100.00,100.00,1,0.010000,0,0
2239,2,100.00,100.00,1,0.010000,0,0
2240,20,0.00,0.00,0,0.010000,10,0
2241,20,0.00,0.00,0,0.010000,10,0
2242,20,-62.00,-62.00,0,0.010000,15,10
2243,20,-130.00,-140.00,0,0.010000,14,7
2244,20,92.00,112.00,0,0.010000,10,1
2245,20,153.00,123.00,0,0.010000,9,0
2246,20,93.00,93.00,0,0.010000,12,0
2247,0,0.00,0.00,1,0.010000,0,0
2248,2,100.00,100.00,1,0.010000,0,0
2249,2,100.00,100.00,1,0.010000,0,0
2250,20,0.00,0.00,0,0.010000,10,0
2251,20,0.00,0.00,0,0.010000,10,0
2252,0,0.00,0.00,1,0.010000,0,0
2253,2,100.00,100.00,1,0.010000,0,0
2254,20,123.00,153.00,0,0.010000,9,0
2255,20,153.00,123.00,0,0.010000,9,0
2256,20,93.00,93.00,0,0.010000,12,0
2257,0,0.00,0.00,1,0.010000,0,0
2258,2,100.00,100.00,1,0.010000,0,0
2259,2,100.00,100.00,1,0.010000,0,0
2260,20,0.00,0.00,0,0.010000,10,0
2261,20,0.00,0.00,0,0.010000,10,0
2262,0,0.00,0.00,1,0.010000,0,0
2263,20,-56.00,-56.00,0,0.010000,10,1
2264,20,123.00,153.00,0,0.010000,9,0
2265,20,153.00,123.00,0,0.010000,9,0
2266,20,93.00,93.00,0,0.010000,12,0
2267,20,64.00,34.00,0,0.010000,10,0
2268,2,100.00,100.00,1,0.010000,0,0
2269,2,100.00,100.00,1,0.010000,0,0
2270,20,0.00,0.00,0,0.010000,10,0
2271,20,0.00,0.00,0,0.010000,10,0
2272,20,-12.00,18.00,0,0.010000,12,5
2273,20,-12.00,-12.00,0,0.010000,11,0
2274,20,78.00,108.00,0,0.010000,9,1
2275,20,153.00,123.00,0,0.010000,9,0
2276,20,93.00,93.00,0,0.010000,12,0
2277,0,0.00,0.00,1,0.010000,0,0
2278,2,100.00,100.00,1,0.010000,0,0
2279,2,100.00,100.00,1,0.010000,0,0
2280,20,0.00,0.00,0,0.010000,10,0
2281,20,0.00,0.00,0,0.010000,10,0
2282,20,-51.00,-61.00,0,0.010000,11,1
2283,0,0.00,0.00,1,0.010000,0,0
2284,20,123.00,153.00,0,0.010000,9,0
2285,20,153.00,123.00,0,0.010000,9,0
2286,20,93.00,93.00,0,0.010000,12,0
2287,20,0.00,0.00,0,0.010000,10,0
2288,2,100.00,100.00,1,0.010000,0,0
2289,2,100.00,100.00,1,0.010000,0,0
2290,20,0.00,0.00,0,0.010000,10,0
2291,20,0.00,0.00,0,0.010000,10,0
2292,1,50.00,50.00,1,0.010000,0,0
2293,20,39.00,49.00,0,0.010000,10,0
2294,20,123.00,153.00,0,0.010000,9,0
2295,20,153.00,123.00,0,0.010000,9,0
2296,20,48.00,48.00,0,0.010000,12,1
2297,0,0.00,0.00,1,0.010000,0,0
2298,2,100.00,100.00,1,0.010000,0,0
2299,2,100.00,100.00,1,0.010000,0,0
2300,20,0.00,0.00,0,0.010000,10,0
2301,20,0.00,0.00,0,0.010000,10,0
2302,0,0.00,0.00,1,0.010000,0,0
2303,20,-50.00,-30.00,0,0.010000,14,10
2304,20,43.00,53.00,0,0.010000,11,0
2305,20,153.00,123.00,0,0.010000,9,0
2306,20,93.00,93.00,0,0.010000,12,0
2307,0,0.00,0.00,1,0.010000,0,0
2308,2,100.00,100.00,1,0.010000,0,0
2309,2,100.00,100.00,1,0.010000,0,0
2310,20,22.00,42.00,0,0.010000,10,1
2311,20,0.00,0.00,0,0.010000,10,0
2312,0,0.00,0.00,1,0.010000,0,0
2313,0,0.00,0.00,1,0.010000,0,0
2314,20,123.00,153.00,0,0.010000,9,0
2315,20,153.00,123.00,0,0.010000,9,0
2316,20,93.00,93.00,0,0.010000,12,0
2317,1,50.00,50.00,1,0.010000,0,0
2318,2,100.00,100.00,1,0.010000,0,0
2319,2,100.00,100.00,1,0.010000,0,0
2320,20,0.00,0.00,0,0.010000,10,0
2321,20,0.00,0.00,0,0.010000,10,0
2322,20,43.00,43.00,0,0.010000,13,0
2323,20,-28.00,-28.00,0,0.010000,13,8
2324,20,123.00,153.00,0,0.010000,9,0
2325,20,113.00,73.00,0,0.010000,10,1
2326,20,53.00,43.00,0,0.010000,13,1
2327,0,0.00,0.00,1,0.010000,0,0
2328,2,100.00,100.00,1,0.010000,0,0
2329,2,100.00,100.00,1,0.010000,0,0
2330,20,0.00,0.00,0,0.010000,10,0
2331,20,0.00,0.00,0,0.010000,10,0
2332,20,-41.00,-41.00,0,0.010000,12,4
2333,0,0.00,0.00,1,0.010000,0,0
2334,20,123.00,153.00,0,0.010000,9,0
2335,20,153.00,123.00,0,0.010000,9,0
2336,20,93.00,93.00,0,0.010000,12,0
2337,20,64.00,34.00,0,0.010000,10,0
2338,2,100.00,100.00,1,0.010000,0,0
2339,2,100.00,100.00,1,0.010000,0,0
2340,20,49.00,39.00,0,0.010000,10,1
2341,20,0.00,0.00,0,0.010000,10,0
2342,0,0.00,0.00,1,0.010000,0,0
2343,2,100.00,100.00,1,0.010000,0,0
2344,20,123.00,153.00,0,0.010000,9,0
2345,20,153.00,123.00,0,0.010000,9,0
2346,20,93.00,93.00,0,0.010000,12,0
2347,0,0.00,0.00,1,0.010000,0,0
2348,2,100.00,100.00,1,0.010000,0,0
2349,2,100.00,100.00,1,0.010000,0,0
2350,20,49.00,39.00,0,0.010000,10,1
2351,20,0.00,0.00,0,0.010000,10,0
2352,20,-106.00,-106.00,0,0.010000,16,9
2353,2,100.00,100.00,1,0.010000,0,0
2354,20,73.00,103.00,0,0.010000,10,1
2355,20,153.00,123.00,0,0.010000,9,0
2356,20,93.00,93.00,0,0.010000,12,0
2357,0,0.00,0.00,1,0.010000,0,0
2358,2,100.00,100.00,1,0.010000,0,0
2359,2,100.00,100.00,1,0.010000,0,0
2360,20,0.00,0.00,0,0.010000,10,0
2361,20,0.00,0.00,0,0.010000,10,0
2362,1,50.00,50.00,1,0.010000,0,0
2363,0,0.00,0.00,1,0.010000,0,0
2364,20,123.00,153.00,0,0.010000,9,0
2365,20,153.00,123.00,0,0.010000,9,0
2366,20,93.00,93.00,0,0.010000,12,0
2367,20,0.00,0.00,0,0.010000,10,0
2368,2,100.00,100.00,1,0.010000,0,0
2369,2,100.00,100.00,1,0.010000,0,0
2370,20,0.00,0.00,0,0.010000,10,0
2371,20,-2.00,-22.00,0,0.010000,11,1
2372,20,39.00,49.00,0,0.010000,10,1
2373,1,50.00,50.00,1,0.010000,0,0
2374,20,123.00,153.00,0,0.010000,9,0
2375,20,153.00,123.00,0,0.010000,9,0
2376,20,93.00,93.00,0,0.010000,12,0
2377,0,0.00,0.00,1,0.010000,0,0
2378,2,100.00,100.00,1,0.010000,0,0
2379,2,100.00,100.00,1,0.010000,0,0
2380,20,0.00,0.00,0,0.010000,10,0
2381,20,0.00,0.00,0,0.010000,10,0
2382,20,39.00,49.00,0,0.010000,10,0
2383,2,100.00,100.00,1,0.010000,0,0
2384,20,123.00,153.00,0,0.010000,9,0
2385,20,153.00,123.00,0,0.010000,9,0
2386,20,93.00,93.00,0,0.010000,12,0
2387,20,0.00,0.00,0,0.010000,10,0
2388,2,100.00,100.00,1,0.010000,0,0
2389,2,100.00,100.00,1,0.010000,0,0
2390,20,49.00,39.00,0,0.010000,10,0
2391,20,0.00,0.00,0,0.010000,10,0
2392,20,-84.00,-84.00,0,0.010000,13,11
2393,0,0.00,0.00,1,0.010000,0,0
2394,20,123.00,153.00,0,0.010000,9,0
2395,20,153.00,123.00,0,0.010000,9,0
2396,20,93.00,93.00,0,0.010000,12,0
2397,20,-106.00,-106.00,0,0.010000,16,9
2398,2,100.00,100.00,1,0.010000,0,0
2399,2,100.00,100.00,1,0.010000,0,0
2400,20,0.00,0.00,0,0.010000,10,0
2401,20,0.00,0.00,0,0.010000,10,0
2402,20,-62.00,-82.00,0,0.010000,14,7
2403,0,0.00,0.00,1,0.010000,0,0
2404,20,43.00,53.00,0,0.010000,11,0
2405,20,153.00,123.00,0,0.010000,9,0
2406,20,93.00,93.00,0,0.010000,12,0
2407,20,-90.00,-100.00,0,0.010000,15,7
2408,2,100.00,100.00,1,0.010000,0,0
2409,2,100.00,100.00,1,0.010000,0,0
2410,20,0.00,0.00,0,0.010000,10,0
2411,20,0.00,0.00,0,0.010000,10,0
2412,0,0.00,0.00,1,0.010000,0,0
2413,20,14.00,-6.00,0,0.010000,11,0
2414,20,123.00,153.00,0,0.010000,9,0
2415,20,153.00,123.00,0,0.010000,9,0
2416,20,93.00,93.00,0,0.010000,12,0
2417,20,-110.00,-70.00,0,0.010000,14,7
2418,2,100.00,100.00,1,0.010000,0,0
2419,2,100.00,100.00,1,0.010000,0,0
2420,20,49.00,39.00,0,0.010000,10,1
2421,20,0.00,0.00,0,0.010000,10,0
2422,1,50.00,50.00,1,0.010000,0,0
2423,20,-23.00,-53.00,0,0.010000,14,8
2424,20,123.00,153.00,0,0.010000,9,0
2425,20,113.00,73.00,0,0.010000,10,1
2426,20,8.00,-2.00,0,0.010000,13,2
2427,20,-77.00,-77.00,0,0.010000,13,8
2428,2,100.00,100.00,1,0.010000,0,0
2429,2,100.00,100.00,1,0.010000,0,0
2430,20,42.00,22.00,0,0.010000,10,1
2431,20,0.00,0.00,0,0.010000,10,0
2432,0,0.00,0.00,1,0.010000,0,0
2433,20,73.00,113.00,0,0.010000,10,0
2434,20,123.00,153.00,0,0.010000,9,0
2435,20,153.00,123.00,0,0.010000,9,0
2436,20,93.00,93.00,0,0.010000,12,0
2437,0,0.00,0.00,1,0.010000,0,0
2438,2,100.00,100.00,1,0.010000,0,0
2439,2,100.00,100.00,1,0.010000,0,0
2440,20,0.00,0.00,0,0.010000,10,0
2441,20,0.00,0.00,0,0.010000,10,0
2442,20,-90.00,-90.00,0,0.010000,14,9
2443,0,0.00,0.00,1,0.010000,0,0
2444,20,123.00,153.00,0,0.010000,9,0
2445,20,153.00,123.00,0,0.010000,9,0
2446,20,93.00,93.00,0,0.010000,12,0
2447,0,0.00,0.00,1,0.010000,0,0
2448,2,100.00,100.00,1,0.010000,0,0
2449,2,100.00,100.00,1,0.010000,0,0
2450,20,0.00,0.00,0,0.010000,10,0
2451,20,0.00,0.00,0,0.010000,10,0
2452,0,0.00,0.00,1,0.010000,0,0
2453,0,0.00,0.00,1,0.010000,0,0
2454,20,123.00,153.00,0,0.010000,9,0
2455,20,153.00,123.00,0,0.010000,9,0
2456,20,93.00,93.00,0,0.010000,12,0
2457,20,43.00,43.00,0,0.010000,13,0
2458,2,100.00,100.00,1,0.010000,0,0
2459,2,100.00,100.00,1,0.010000,0,0
2460,20,39.00,49.00,0,0.010000,10,1
2461,20,0.00,0.00,0,0.010000,10,0
2462,20,-96.00,-116.00,0,0.010000,16,9
2463,2,100.00,100.00,1,0.010000,0,0
2464,20,123.00,153.00,0,0.010000,9,0
2465,20,153.00,123.00,0,0.010000,9,0
2466,20,43.00,53.00,0,0.010000,13,1
2467,20,0.00,0.00,0,0.010000,10,0
2468,2,100.00,100.00,1,0.010000,0,0
2469,2,100.00,100.00,1,0.010000,0,0
2470,20,0.00,0.00,0,0.010000,10,0
2471,20,0.00,0.00,0,0.010000,10,0
2472,0,0.00,0.00,1,0.010000,0,0
2473,20,-12.00,-12.00,0,0.010000,11,0
2474,20,123.00,153.00,0,0.010000,9,0
2475,20,153.00,123.00,0,0.010000,9,0
2476,20,53.00,43.00,0,0.010000,13,1
2477,20,39.00,49.00,0,0.010000,10,0
2478,2,100.00,100.00,1,0.010000,0,0
2479,2,100.00,100.00,1,0.010000,0,0
2480,20,0.00,0.00,0,0.010000,10,0
2481,20,0.00,0.00,0,0.010000,10,0
2482,0,0.00,0.00,1,0.010000,0,0
2483,20,73.00,43.00,0,0.010000,10,0
2484,20,123.00,153.00,0,0.010000,9,0
2485,20,153.00,123.00,0,0.010000,9,0
2486,20,93.00,93.00,0,0.010000,12,0
2487,20,-21.00,-21.00,0,0.010000,13,6
2488,2,100.00,100.00,1,0.010000,0,0
2489,2,100.00,100.00,1,0.010000,0,0
2490,20,0.00,0.00,0,0.010000,10,0
2491,20,0.00,0.00,0,0.010000,10,0
2492,20,-17.00,-7.00,0,0.010000,10,2
2493,20,93.00,93.00,0,0.010000,12,0
2494,20,123.00,153.00,0,0.010000,9,0
2495,20,108.00,78.00,0,0.010000,9,1
2496,20,93.00,93.00,0,0.010000,12,0
2497,0,0.00,0.00,1,0.010000,0,0
2498,2,100.00,100.00,1,0.010000,0,0
2499,2,100.00,100.00,1,0.010000,0,0
2500,20,0.00,0.00,0,0.010000,10,0
2501,20,0.00,0.00,0,0.010000,10,0
2502,20,-22.00,-12.00,0,0.010000,11,1
2503,1,50.00,50.00,1,0.010000,0,0
2504,20,123.00,153.00,0,0.010000,9,0
2505,20,153.00,123.00,0,0.010000,9,0
2506,20,93.00,93.00,0,0.010000,12,0
2507,0,0.00,0.00,1,0.010000,0,0
2508,2,100.00,100.00,1,0.010000,0,0
2509,2,100.00,100.00,1,0.010000,0,0
2510,20,39.00,49.00,0,0.010000,10,1
2511,20,0.00,0.00,0,0.010000,10,0
2512,20,-65.00,-95.00,0,0.010000,12,8
2513,20,-82.00,-72.00,0,0.010000,14,8
2514,20,123.00,153.00,0,0.010000,9,0
2515,20,153.00,123.00,0,0.010000,9,0
2516,20,93.00,93.00,0,0.010000,12,0
2517,2,100.00,100.00,1,0.010000,0,0
2518,2,100.00,100.00,1,0.010000,0,0
2519,2,100.00,100.00,1,0.010000,0,0
2520,20,-4.00,-14.00,0,0.010000,13,5
2521,20,0.00,0.00,0,0.010000,10,0
2522,20,-33.00,-33.00,0,0.010000,14,9
2523,0,0.00,0.00,1,0.010000,0,0
2524,20,123.00,153.00,0,0.010000,9,0
2525,20,153.00,123.00,0,0.010000,9,0
2526,20,43.00,53.00,0,0.010000,13,1
2527,0,0.00,0.00,1,0.010000,0,0
2528,2,100.00,100.00,1,0.010000,0,0
2529,2,100.00,100.00,1,0.010000,0,0
2530,20,0.00,0.00,0,0.010000,10,0
2531,20,49.00,39.00,0,0.010000,10,0
2532,20,73.00,113.00,0,0.010000,10,0
2533,20,-61.00,-51.00,0,0.010000,11,0
2534,20,123.00,153.00,0,0.010000,9,0
2535,20,119.00,89.00,0,0.010000,9,1
2536,20,93.00,93.00,0,0.010000,12,0
2537,20,-65.00,-55.00,0,0.010000,12,4
2538,2,100.00,100.00,1,0.010000,0,0
2539,2,100.00,100.00,1,0.010000,0,0
2540,20,0.00,0.00,0,0.010000,10,0
2541,20,0.00,0.00,0,0.010000,10,0
2542,20,-75.00,-75.00,0,0.010000,15,7
2543,1,50.00,50.00,1,0.010000,0,0
2544,20,123.00,153.00,0,0.010000,9,0
2545,20,153.00,123.00,0,0.010000,9,0
2546,20,93.00,93.00,0,0.010000,12,0
2547,0,0.00,0.00,1,0.010000,0,0
2548,2,100.00,100.00,1,0.010000,0,0
2549,2,100.00,100.00,1,0.010000,0,0
2550,20,0.00,0.00,0,0.010000,10,0
2551,20,0.00,0.00,0,0.010000,10,0
2552,20,-116.00,-126.00,0,0.010000,13,7
2553,0,0.00,0.00,1,0.010000,0,0
2554,20,123.00,153.00,0,0.010000,9,0
2555,20,153.00,123.00,0,0.010000,9,0
2556,20,93.00,93.00,0,0.010000,12,0
2557,2,100.00,100.00,1,0.010000,0,0
2558,2,100.00,100.00,1,0.010000,0,0
2559,2,100.00,100.00,1,0.010000,0,0
2560,20,0.00,0.00,0,0.010000,10,0
2561,20,0.00,0.00,0,0.010000,10,0
2562,1,50.00,50.00,1,0.010000,0,0
2563,2,100.00,100.00,1,0.010000,0,0
2564,20,123.00,153.00,0,0.010000,9,0
2565,20,153.00,123.00,0,0.010000,9,0
2566,20,93.00,93.00,0,0.010000,12,0
2567,3,50.00,50.00,1,0.010000,1,0
2568,2,100.00,100.00,1,0.010000,0,0
2569,2,100.00,100.00,1,0.010000,0,0
2570,20,0.00,0.00,0,0.010000,10,0
2571,20,0.00,0.00,0,0.010000,10,0
2572,0,0.00,0.00,1,0.010000,0,0
2573,1,50.00,50.00,1,0.010000,0,0
2574,20,123.00,153.00,0,0.010000,9,0
2575,20,153.00,123.00,0,0.010000,9,0
2576,20,93.00,93.00,0,0.010000,12,0
2577,0,0.00,0.00,1,0.010000,0,0
2578,2,100.00,100.00,1,0.010000,0,0
2579,2,100.00,100.00,1,0.010000,0,0
2580,20,-22.00,-2.00,0,0.010000,11,0
2581,20,0.00,0.00,0,0.010000,10,0
2582,20,-87.00,-67.00,0,0.010000,15,6
2583,20,-34.00,-44.00,0,0.010000,13,6
2584,20,123.00,153.00,0,0.010000,9,0
2585,20,153.00,123.00,0,0.010000,9,0
2586,20,93.00,93.00,0,0.010000,12,0
2587,2,100.00,100.00,1,0.010000,0,0
2588,2,100.00,100.00,1,0.010000,0,0
2589,2,100.00,100.00,1,0.010000,0,0
2590,20,0.00,0.00,0,0.010000,10,0
2591,20,0.00,0.00,0,0.010000,10,0
2592,1,50.00,50.00,1,0.010000,0,0
2593,3,50.00,50.00,1,0.010000,1,0
2594,20,123.00,153.00,0,0.010000,9,0
2595,20,153.00,123.00,0,0.010000,9,0
2596,20,93.00,93.00,0,0.010000,12,0
2597,0,0.00,0.00,1,0.010000,0,0
2598,2,100.00,100.00,1,0.010000,0,0
2599,2,100.00,100.00,1,0.010000,0,0
2600,20,0.00,0.00,0,0.010000,10,0
2601,20,0.00,0.00,0,0.010000,10,0
2602,0,0.00,0.00,1,0.010000,0,0
2603,20,-50.00,-80.00,0,0.010000,14,7
2604,20,78.00,108.00,0,0.010000,9,1
2605,20,153.00,123.00,0,0.010000,9,0
2606,20,93.00,93.00,0,0.010000,12,0
2607,0,0.00,0.00,1,0.010000,0,0
2608,2,100.00,100.00,1,0.010000,0,0
2609,2,100.00,100.00,1,0.010000,0,0
2610,20,0.00,0.00,0,0.010000,10,0
2611,20,0.00,0.00,0,0.010000,10,0
2612,20,0.00,40.00,0,0.010000,11,3
2613,0,0.00,0.00,1,0.010000,0,0
2614,20,123.00,153.00,0,0.010000,9,0
2615,20,153.00,123.00,0,0.010000,9,0
2616,20,93.00,93.00,0,0.010000,12,0
2617,3,50.00,50.00,1,0.010000,1,0
2618,2,100.00,100.00,1,0.010000,0,0
2619,2,100.00,100.00,1,0.010000,0,0
2620,20,0.00,0.00,0,0.010000,10,0
2621,20,0.00,0.00,0,0.010000,10,0
2622,20,-45.00,-25.00,0,0.010000,13,5
2623,0,0.00,0.00,1,0.010000,0,0
2624,20,123.00,153.00,0,0.010000,9,0
2625,20,153.00,123.00,0,0.010000,9,0
2626,20,93.00,93.00,0,0.010000,12,0
2627,20,-110.00,-110.00,0,0.010000,13,7
2628,2,100.00,100.00,1,0.010000,0,0
2629,2,100.00,100.00,1,0.010000,0,0
2630,20,0.00,0.00,0,0.010000,10,0
2631,20,-12.00,-12.00,0,0.010000,11,2
2632,1,50.00,50.00,1,0.010000,0,0
2633,0,0.00,0.00,1,0.010000,0,0
2634,20,123.00,153.00,0,0.010000,9,0
2635,20,153.00,123.00,0,0.010000,9,0
2636,20,93.00,93.00,0,0.010000,12,0
2637,20,73.00,113.00,0,0.010000,10,0
2638,2,100.00,100.00,1,0.010000,0,0
2639,2,100.00,100.00,1,0.010000,0,0
2640,20,0.00,0.00,0,0.010000,10,0
2641,20,0.00,0.00,0,0.010000,10,0
2642,0,0.00,0.00,1,0.010000,0,0
2643,2,100.00,100.00,1,0.010000,0,0
2644,20,123.00,153.00,0,0.010000,9,0
2645,20,153.00,123.00,0,0.010000,9,0
2646,20,93.00,93.00,0,0.010000,12,0
2647,20,39.00,49.00,0,0.010000,10,0
2648,2,100.00,100.00,1,0.010000,0,0
2649,2,100.00,100.00,1,0.010000,0,0
2650,20,0.00,0.00,0,0.010000,10,0
2651,20,0.00,0.00,0,0.010000,10,0
2652,1,50.00,50.00,1,0.010000,0,0
2653,0,0.00,0.00,1,0.010000,0,0
2654,20,43.00,73.00,0,0.010000,10,0
2655,20,153.00,123.00,0,0.010000,9,0
2656,20,93.00,93.00,0,0.010000,12,0
2657,20,34.00,64.00,0,0.010000,10,0
2658,2,100.00,100.00,1,0.010000,0,0
2659,2,100.00,100.00,1,0.010000,0,0
2660,20,0.00,0.00,0,0.010000,10,0
2661,20,0.00,0.00,0,0.010000,10,0
2662,2,100.00,100.00,1,0.010000,0,0
2663,0,0.00,0.00,1,0.010000,0,0
2664,20,123.00,153.00,0,0.010000,9,0
2665,20,153.00,123.00,0,0.010000,9,0
2666,20,93.00,93.00,0,0.010000,12,0
2667,20,43.00,73.00,0,0.010000,10,0
2668,2,100.00,100.00,1,0.010000,0,0
2669,2,100.00,100.00,1,0.010000,0,0
2670,20,0.00,0.00,0,0.010000,10,0
2671,20,0.00,0.00,0,0.010000,10,0
2672,0,0.00,0.00,1,0.010000,0,0
2673,20,73.00,43.00,0,0.010000,10,0
2674,20,73.00,113.00,0,0.010000,10,1
2675,20,153.00,123.00,0,0.010000,9,0
2676,20,93.00,93.00,0,0.010000,12,0
2677,0,0.00,0.00,1,0.010000,0,0
2678,2,100.00,100.00,1,0.010000,0,0
2679,2,100.00,100.00,1,0.010000,0,0
2680,20,0.00,0.00,0,0.010000,10,0
2681,20,0.00,0.00,0,0.010000,10,0
2682,20,39.00,49.00,0,0.010000,10,0
2683,1,50.00,50.00,1,0.010000,0,0
2684,20,78.00,108.00,0,0.010000,9,1
2685,20,153.00,123.00,0,0.010000,9,0
2686,20,93.00,93.00,0,0.010000,12,0
2687,20,-49.00,-49.00,0,0.010000,13,6
2688,2,100.00,100.00,1,0.010000,0,0
2689,2,100.00,100.00,1,0.010000,0,0
2690,20,0.00,0.00,0,0.010000,10,0
2691,20,0.00,0.00,0,0.010000,10,0
2692,0,0.00,0.00,1,0.010000,0,0
2693,0,0.00,0.00,1,0.010000,0,0
2694,20,123.00,153.00,0,0.010000,9,0
2695,20,153.00,123.00,0,0.010000,9,0
2696,20,93.00,93.00,0,0.010000,12,0
2697,0,0.00,0.00,1,0.010000,0,0
2698,2,100.00,100.00,1,0.010000,0,0
2699,2,100.00,100.00,1,0.010000,0,0
2700,20,0.00,0.00,0,0.010000,10,0
2701,20,0.00,0.00,0,0.010000,10,0
2702,20,113.00,73.00,0,0.010000,10,0
2703,0,0.00,0.00,1,0.010000,0,0
2704,20,123.00,153.00,0,0.010000,9,0
2705,20,153.00,123.00,0,0.010000,9,0
2706,20,93.00,93.00,0,0.010000,12,0
2707,0,0.00,0.00,1,0.010000,0,0
2708,2,100.00,100.00,1,0.010000,0,0
2709,2,100.00,100.00,1,0.010000,0,0
2710,20,0.00,0.00,0,0.010000,10,0
2711,20,0.00,0.00,0,0.010000,10,0
2712,1,50.00,50.00,1,0.010000,0,0
2713,20,-72.00,-72.00,0,0.010000,14,7
2714,20,123.00,153.00,0,0.010000,9,0
2715,20,153.00,123.00,0,0.010000,9,0
2716,20,43.00,43.00,0,0.010000,13,1
2717,20,73.00,43.00,0,0.010000,10,0
2718,2,100.00,100.00,1,0.010000,0,0
2719,2,100.00,100.00,1,0.010000,0,0
2720,20,0.00,0.00,0,0.010000,10,0
2721,20,0.00,0.00,0,0.010000,10,0
2722,20,39.00,49.00,0,0.010000,10,0
2723,20,-31.00,-11.00,0,0.010000,13,6
2724,20,123.00,153.00,0,0.010000,9,0
2725,20,153.00,123.00,0,0.010000,9,0
2726,20,93.00,93.00,0,0.010000,12,0
2727,20,24.00,-16.00,0,0.010000,11,0
2728,2,100.00,100.00,1,0.010000,0,0
2729,2,100.00,100.00,1,0.010000,0,0
2730,20,0.00,0.00,0,0.010000,10,0
2731,20,0.00,0.00,0,0.010000,10,0
2732,20,-36.00,-46.00,0,0.010000,14,0
2733,20,-18.00,-38.00,0,0.010000,13,8
2734,20,123.00,153.00,0,0.010000,9,0
2735,20,153.00,123.00,0,0.010000,9,0
2736,20,93.00,93.00,0,0.010000,12,0
2737,20,-48.00,-68.00,0,0.010000,14,4
2738,2,100.00,100.00,1,0.010000,0,0
2739,2,100.00,100.00,1,0.010000,0,0
2740,20,0.00,0.00,0,0.010000,10,0
2741,20,0.00,0.00,0,0.010000,10,0
2742,0,0.00,0.00,1,0.010000,0,0
2743,20,4.00,4.00,0,0.010000,13,0
2744,20,123.00,153.00,0,0.010000,9,0
2745,20,153.00,123.00,0,0.010000,9,0
2746,20,93.00,93.00,0,0.010000,12,0
2747,20,73.00,43.00,0,0.010000,10,0
2748,2,100.00,100.00,1,0.010000,0,0
2749,2,100.00,100.00,1,0.010000,0,0
2750,20,0.00,0.00,0,0.010000,10,0
2751,20,44.00,44.00,0,0.010000,9,1
2752,20,-46.00,-36.00,0,0.010000,14,0
2753,0,0.00,0.00,1,0.010000,0,0
2754,20,43.00,73.00,0,0.010000,10,0
2755,20,153.00,123.00,0,0.010000,9,0
2756,20,93.00,93.00,0,0.010000,12,0
2757,0,0.00,0.00,1,0.010000,0,0
2758,2,100.00,100.00,1,0.010000,0,0
2759,2,100.00,100.00,1,0.010000,0,0
2760,20,49.00,39.00,0,0.010000,10,1
2761,20,0.00,0.00,0,0.010000,10,0
2762,20,-85.00,-55.00,0,0.010000,14,5
2763,20,-6.00,14.00,0,0.010000,11,0
2764,20,123.00,153.00,0,0.010000,9,0
2765,20,153.00,123.00,0,0.010000,9,0
2766,20,93.00,93.00,0,0.010000,12,0
2767,1,50.00,50.00,1,0.010000,0,0
2768,2,100.00,100.00,1,0.010000,0,0
2769,2,100.00,100.00,1,0.010000,0,0
2770,20,0.00,0.00,0,0.010000,10,0
2771,20,44.00,44.00,0,0.010000,9,1
2772,1,50.00,50.00,1,0.010000,0,0
2773,20,49.00,39.00,0,0.010000,10,1
2774,20,123.00,153.00,0,0.010000,9,0
2775,20,108.00,78.00,0,0.010000,9,1
2776,20,93.00,93.00,0,0.010000,12,0
2777,0,0.00,0.00,1,0.010000,0,0
2778,2,100.00,100.00,1,0.010000,0,0
2779,2,100.00,100.00,1,0.010000,0,0
2780,20,0.00,0.00,0,0.010000,10,0
2781,20,0.00,0.00,0,0.010000,10,0
2782,0,0.00,0.00,1,0.010000,0,0
2783,20,73.00,43.00,0,0.010000,10,0
2784,20,123.00,153.00,0,0.010000,9,0
2785,20,108.00,78.00,0,0.010000,9,1
2786,20,93.00,93.00,0,0.010000,12,0
2787,0,0.00,0.00,1,0.010000,0,0
2788,2,100.00,100.00,1,0.010000,0,0
2789,2,100.00,100.00,1,0.010000,0,0
2790,20,0.00,0.00,0,0.010000,10,0
2791,20,0.00,0.00,0,0.010000,10,0
2792,20,73.00,43.00,0,0.010000,10,0
2793,20,49.00,39.00,0,0.010000,10,1
2794,20,123.00,153.00,0,0.010000,9,0
2795,20,153.00,123.00,0,0.010000,9,0
2796,20,93.00,93.00,0,0.010000,12,0
2797,0,0.00,0.00,1,0.010000,0,0
2798,2,100.00,100.00,1,0.010000,0,0
2799,2,100.00,100.00,1,0.010000,0,0
2800,20,0.00,0.00,0,0.010000,10,0
2801,20,0.00,0.00,0,0.010000,10,0
2802,0,0.00,0.00,1,0.010000,0,0
2803,20,-16.00,24.00,0,0.010000,11,0
2804,20,123.00,153.00,0,0.010000,9,0
2805,20,153.00,123.00,0,0.010000,9,0
2806,20,93.00,93.00,0,0.010000,12,0
2807,0,0.00,0.00,1,0.010000,0,0
2808,2,100.00,100.00,1,0.010000,0,0
2809,2,100.00,100.00,1,0.010000,0,0
2810,20,0.00,0.00,0,0.010000,10,0
2811,20,0.00,0.00,0,0.010000,10,0
2812,0,0.00,0.00,1,0.010000,0,0
2813,20,64.00,34.00,0,0.010000,10,0
2814,20,123.00,153.00,0,0.010000,9,0
2815,20,153.00,123.00,0,0.010000,9,0
2816,20,93.00,93.00,0,0.010000,12,0
2817,1,50.00,50.00,1,0.010000,0,0
2818,2,100.00,100.00,1,0.010000,0,0
2819,2,100.00,100.00,1,0.010000,0,0
2820,20,0.00,0.00,0,0.010000,10,0
2821,20,0.00,0.00,0,0.010000,10,0
2822,0,0.00,0.00,1,0.010000,0,0
2823,1,50.00,50.00,1,0.010000,0,0
2824,20,123.00,153.00,0,0.010000,9,0
2825,20,153.00,123.00,0,0.010000,9,0
2826,20,93.00,93.00,0,0.010000,12,0
2827,20,-6.00,-26.00,0,0.010000,12,7
2828,2,100.00,100.00,1,0.010000,0,0
2829,2,100.00,100.00,1,0.010000,0,0
2830,20,0.00,0.00,0,0.010000,10,0
2831,20,0.00,0.00,0,0.010000,10,0
2832,20,-12.00,-12.00,0,0.010000,11,0
2833,20,-145.00,-165.00,0,0.010000,16,10
2834,20,123.00,153.00,0,0.010000,9,0
2835,20,153.00,123.00,0,0.010000,9,0
2836,20,93.00,93.00,0,0.010000,12,0
2837,20,-43.00,-23.00,0,0.010000,14,7
2838,2,100.00,100.00,1,0.010000,0,0
2839,2,100.00,100.00,1,0.010000,0,0
2840,20,0.00,0.00,0,0.010000,10,0
2841,20,0.00,0.00,0,0.010000,10,0
2842,20,73.00,43.00,0,0.010000,10,0
2843,20,-74.00,-64.00,0,0.010000,13,8
2844,20,123.00,153.00,0,0.010000,9,0
2845,20,153.00,123.00,0,0.010000,9,0
2846,20,93.00,93.00,0,0.010000,12,0
2847,2,100.00,100.00,1,0.010000,0,0
2848,2,100.00,100.00,1,0.010000,0,0
2849,2,100.00,100.00,1,0.010000,0,0
2850,20,8.00,-2.00,0,0.010000,12,3
2851,20,0.00,0.00,0,0.010000,10,0
2852,0,0.00,0.00,1,0.010000,0,0
2853,20,-38.00,-18.00,0,0.010000,13,10
2854,20,123.00,153.00,0,0.010000,9,0
2855,20,153.00,123.00,0,0.010000,9,0
2856,20,43.00,43.00,0,0.010000,13,1
2857,20,0.00,0.00,0,0.010000,10,0
2858,2,100.00,100.00,1,0.010000,0,0
2859,2,100.00,100.00,1,0.010000,0,0
2860,20,0.00,0.00,0,0.010000,10,0
2861,20,0.00,0.00,0,0.010000,10,0
2862,1,50.00,50.00,1,0.010000,0,0
2863,20,-4.00,-4.00,0,0.010000,13,3
2864,20,123.00,153.00,0,0.010000,9,0
2865,20,153.00,123.00,0,0.010000,9,0
2866,20,93.00,93.00,0,0.010000,12,0
2867,1,50.00,50.00,1,0.010000,0,0
2868,2,100.00,100.00,1,0.010000,0,0
2869,2,100.00,100.00,1,0.010000,0,0
2870,20,0.00,0.00,0,0.010000,10,0
2871,20,0.00,0.00,0,0.010000,10,0
2872,1,50.00,50.00,1,0.010000,0,0
2873,20,-43.00,-33.00,0,0.010000,14,10
2874,20,123.00,153.00,0,0.010000,9,0
2875,20,153.00,123.00,0,0.010000,9,0
2876,20,93.00,93.00,0,0.010000,12,0
2877,20,-104.00,-94.00,0,0.010000,15,11
2878,2,100.00,100.00,1,0.010000,0,0
2879,2,100.00,100.00,1,0.010000,0,0
2880,20,0.00,0.00,0,0.010000,10,0
2881,20,44.00,44.00,0,0.010000,9,1
2882,0,0.00,0.00,1,0.010000,0,0
2883,0,0.00,0.00,1,0.010000,0,0
2884,20,123.00,153.00,0,0.010000,9,0
2885,20,153.00,123.00,0,0.010000,9,0
2886,20,93.00,93.00,0,0.010000,12,0
2887,20,-82.00,-102.00,0,0.010000,13,4
2888,2,100.00,100.00,1,0.010000,0,0
2889,2,100.00,100.00,1,0.010000,0,0
2890,20,0.00,0.00,0,0.010000,10,0
2891,20,0.00,0.00,0,0.010000,10,0
2892,20,-57.00,-87.00,0,0.010000,13,7
2893,0,0.00,0.00,1,0.010000,0,0
2894,20,43.00,73.00,0,0.010000,10,0
2895,20,153.00,123.00,0,0.010000,9,0
2896,20,93.00,93.00,0,0.010000,12,0
2897,2,100.00,100.00,1,0.010000,0,0
2898,2,100.00,100.00,1,0.010000,0,0
2899,2,100.00,100.00,1,0.010000,0,0
2900,20,0.00,0.00,0,0.010000,10,0
2901,20,39.00,49.00,0,0.010000,10,0
2902,0,0.00,0.00,1,0.010000,0,0
2903,20,43.00,73.00,0,0.010000,10,0
2904,20,123.00,153.00,0,0.010000,9,0
2905,20,153.00,123.00,0,0.010000,9,0
2906,20,93.00,93.00,0,0.010000,12,0
2907,1,50.00,50.00,1,0.010000,0,0
2908,2,100.00,100.00,1,0.010000,0,0
2909,2,100.00,100.00,1,0.010000,0,0
2910,20,0.00,0.00,0,0.010000,10,0
2911,20,0.00,0.00,0,0.010000,10,0
2912,0,0.00,0.00,1,0.010000,0,0
2913,20,-107.00,-87.00,0,0.010000,12,5
2914,20,123.00,153.00,0,0.010000,9,0
2915,20,153.00,123.00,0,0.010000,9,0
2916,20,93.00,93.00,0,0.010000,12,0
2917,0,0.00,0.00,1,0.010000,0,0
2918,2,100.00,100.00,1,0.010000,0,0
2919,2,100.00,100.00,1,0.010000,0,0
2920,20,0.00,0.00,0,0.010000,10,0
2921,20,0.00,0.00,0,0.010000,10,0
2922,20,43.00,73.00,0,0.010000,10,0
2923,20,93.00,93.00,0,0.010000,12,0
2924,20,123.00,153.00,0,0.010000,9,0
2925,20,153.00,123.00,0,0.010000,9,0
2926,20,93.00,93.00,0,0.010000,12,0
2927,20,-6.00,14.00,0,0.010000,11,0
2928,2,100.00,100.00,1,0.010000,0,0
2929,2,100.00,100.00,1,0.010000,0,0
2930,20,0.00,0.00,0,0.010000,10,0
2931,20,0.00,0.00,0,0.010000,10,0
2932,20,-85.00,-95.00,0,0.010000,14,8
2933,20,-36.00,-16.00,0,0.010000,14,6
2934,20,123.00,153.00,0,0.010000,9,0
2935,20,153.00,123.00,0,0.010000,9,0
2936,20,93.00,93.00,0,0.010000,12,0
2937,2,100.00,100.00,1,0.010000,0,0
2938,2,100.00,100.00,1,0.010000,0,0
2939,2,100.00,100.00,1,0.010000,0,0
2940,20,0.00,0.00,0,0.010000,10,0
2941,20,39.00,39.00,0,0.010000,10,1
2942,20,-60.00,-60.00,0,0.010000,13,4
2943,1,50.00,50.00,1,0.010000,0,0
2944,20,73.00,103.00,0,0.010000,10,1
2945,20,153.00,123.00,0,0.010000,9,0
2946,20,43.00,43.00,0,0.010000,13,1
2947,20,73.00,43.00,0,0.010000,10,0
2948,2,100.00,100.00,1,0.010000,0,0
2949,2,100.00,100.00,1,0.010000,0,0
2950,20,0.00,0.00,0,0.010000,10,0
2951,20,0.00,0.00,0,0.010000,10,0
2952,20,-39.00,-39.00,0,0.010000,12,6
2953,20,73.00,43.00,0,0.010000,10,0
2954,20,123.00,153.00,0,0.010000,9,0
2955,20,153.00,123.00,0,0.010000,9,0
2956,20,13.00,13.00,0,0.010000,13,0
2957,0,0.00,0.00,1,0.010000,0,0
2958,2,100.00,100.00,1,0.010000,0,0
2959,2,100.00,100.00,1,0.010000,0,0
2960,20,-7.00,-17.00,0,0.010000,10,1
2961,20,0.00,0.00,0,0.010000,10,0
2962,20,-64.00,-64.00,0,0.010000,12,3
2963,2,100.00,100.00,1,0.010000,0,0
2964,20,123.00,153.00,0,0.010000,9,0
2965,20,153.00,123.00,0,0.010000,9,0
2966,20,93.00,93.00,0,0.010000,12,0
2967,20,27.00,37.00,0,0.010000,11,1
2968,2,100.00,100.00,1,0.010000,0,0
2969,2,100.00,100.00,1,0.010000,0,0
2970,20,0.00,0.00,0,0.010000,10,0
2971,20,0.00,0.00,0,0.010000,10,0
2972,0,0.00,0.00,1,0.010000,0,0
2973,20,-45.00,-75.00,0,0.010000,12,7
2974,20,123.00,153.00,0,0.010000,9,0
2975,20,153.00,123.00,0,0.010000,9,0
2976,20,93.00,93.00,0,0.010000,12,0
2977,20,43.00,43.00,0,0.010000,13,0
2978,2,100.00,100.00,1,0.010000,0,0
2979,2,100.00,100.00,1,0.010000,0,0
2980,20,0.00,0.00,0,0.010000,10,0
2981,20,0.00,0.00,0,0.010000,10,0
2982,20,24.00,-16.00,0,0.010000,11,0
2983,0,0.00,0.00,1,0.010000,0,0
2984,20,123.00,153.00,0,0.010000,9,0
2985,20,153.00,123.00,0,0.010000,9,0
2986,20,93.00,93.00,0,0.010000,12,0
2987,0,0.00,0.00,1,0.010000,0,0
2988,2,100.00,100.00,1,0.010000,0,0
2989,2,100.00,100.00,1,0.010000,0,0
2990,20,44.00,44.00,0,0.010000,9,1
2991,20,44.00,44.00,0,0.010000,9,1
2992,20,5.00,5.00,0,0.010000,13,5
2993,0,0.00,0.00,1,0.010000,0,0
2994,20,123.00,153.00,0,0.010000,9,0
2995,20,153.00,123.00,0,0.010000,9,0
2996,20,93.00,93.00,0,0.010000,12,0
2997,0,0.00,0.00,1,0.010000,0,0
2998,2,100.00,100.00,1,0.010000,0,0
2999,2,100.00,100.00,1,0.010000,0,0
3000,20,0.00,0.00,0,0.010000,10,0
3001,20,25.00,15.00,0,0.010000,10,2
3002,0,0.00,0.00,1,0.010000,0,0
3003,0,0.00,0.00,1,0.010000,0,0
3004,20,123.00,153.00,0,0.010000,9,0
3005,20,153.00,123.00,0,0.010000,9,0
3006,20,93.00,93.00,0,0.010000,12,0
3007,20,93.00,93.00,0,0.010000,12,0
3008,2,100.00,100.00,1,0.010000,0,0
3009,2,100.00,100.00,1,0.010000,0,0
3010,20,0.00,0.00,0,0.010000,10,0
3011,20,0.00,0.00,0,0.010000,10,0
3012,0,0.00,0.00,1,0.010000,0,0
3013,20,-26.00,-16.00,0,0.010000,14,6
3014,20,123.00,153.00,0,0.010000,9,0
3015,20,108.00,78.00,0,0.010000,9,1
3016,20,93.00,93.00,0,0.010000,12,0
3017,20,-39.00,-29.00,0,0.010000,11,5
3018,2,100.00,100.00,1,0.010000,0,0
3019,2,100.00,100.00,1,0.010000,0,0
3020,20,0.00,0.00,0,0.010000,10,0
3021,20,0.00,0.00,0,0.010000,10,0
3022,20,-16.00,24.00,0,0.010000,11,0
3023,0,0.00,0.00,1,0.010000,0,0
3024,20,123.00,153.00,0,0.010000,9,0
3025,20,153.00,123.00,0,0.010000,9,0
3026,20,93.00,93.00,0,0.010000,12,0
3027,20,73.00,43.00,0,0.010000,10,0
3028,2,100.00,100.00,1,0.010000,0,0
3029,2,100.00,100.00,1,0.010000,0,0
3030,20,0.00,0.00,0,0.010000,10,0
3031,20,0.00,0.00,0,0.010000,10,0
3032,1,50.00,50.00,1,0.010000,0,0
3033,20,-24.00,-24.00,0,0.010000,12,2
3034,20,123.00,153.00,0,0.010000,9,0
3035,20,153.00,123.00,0,0.010000,9,0
3036,20,93.00,93.00,0,0.010000,12,0
3037,20,48.00,48.00,0,0.010000,12,1
3038,2,100.00,100.00,1,0.010000,0,0
3039,2,100.00,100.00,1,0.010000,0,0
3040,20,39.00,49.00,0,0.010000,10,1
3041,20,0.00,0.00,0,0.010000,10,0
3042,20,-34.00,-24.00,0,0.010000,12,4
3043,20,39.00,49.00,0,0.010000,10,0
3044,20,123.00,153.00,0,0.010000,9,0
3045,20,153.00,123.00,0,0.010000,9,0
3046,20,93.00,93.00,0,0.010000,12,0
3047,0,0.00,0.00,1,0.010000,0,0
3048,2,100.00,100.00,1,0.010000,0,0
3049,2,100.00,100.00,1,0.010000,0,0
3050,20,0.00,0.00,0,0.010000,10,0
3051,20,0.00,0.00,0,0.010000,10,0
3052,20,49.00,39.00,0,0.010000,10,0
3053,20,4.00,4.00,0,0.010000,13,0
3054,20,123.00,153.00,0,0.010000,9,0
3055,20,153.00,123.00,0,0.010000,9,0
3056,20,93.00,93.00,0,0.010000,12,0
3057,20,21.00,31.00,0,0.010000,11,1
3058,2,100.00,100.00,1,0.010000,0,0
3059,2,100.00,100.00,1,0.010000,0,0
3060,20,0.00,0.00,0,0.010000,10,0
3061,20,0.00,0.00,0,0.010000,10,0
3062,0,0.00,0.00,1,0.010000,0,0
3063,20,4.00,4.00,0,0.010000,13,0
3064,20,123.00,153.00,0,0.010000,9,0
3065,20,108.00,78.00,0,0.010000,9,1
3066,20,93.00,93.00,0,0.010000,12,0
3067,20,113.00,73.00,0,0.010000,10,0
3068,2,100.00,100.00,1,0.010000,0,0
3069,2,100.00,100.00,1,0.010000,0,0
3070,20,0.00,0.00,0,0.010000,10,0
3071,20,39.00,49.00,0,0.010000,10,0
3072,0,0.00,0.00,1,0.010000,0,0
3073,0,0.00,0.00,1,0.010000,0,0
3074,20,123.00,153.00,0,0.010000,9,0
3075,20,153.00,123.00,0,0.010000,9,0
3076,20,93.00,93.00,0,0.010000,12,0
3077,0,0.00,0.00,1,0.010000,0,0
3078,2,100.00,100.00,1,0.010000,0,0
3079,2,100.00,100.00,1,0.010000,0,0
3080,20,0.00,0.00,0,0.010000,10,0
3081,20,0.00,0.00,0,0.010000,10,0
3082,0,0.00,0.00,1,0.010000,0,0
3083,0,0.00,0.00,1,0.010000,0,0
3084,20,123.00,153.00,0,0.010000,9,0
3085,20,153.00,123.00,0,0.010000,9,0
3086,20,64.00,74.00,0,0.010000,12,0
3087,20,39.00,49.00,0,0.010000,10,0
3088,2,100.00,100.00,1,0.010000,0,0
3089,2,100.00,100.00,1,0.010000,0,0
3090,20,0.00,0.00,0,0.010000,10,0
3091,20,0.00,0.00,0,0.010000,10,0
3092,2,100.00,100.00,1,0.010000,0,0
3093,0,0.00,0.00,1,0.010000,0,0
3094,20,123.00,153.00,0,0.010000,9,0
3095,20,153.00,123.00,0,0.010000,9,0
3096,20,53.00,43.00,0,0.010000,13,1
3097,0,0.00,0.00,1,0.010000,0,0
3098,2,100.00,100.00,1,0.010000,0,0
3099,2,100.00,100.00,1,0.010000,0,0
3100,20,0.00,0.00,0,0.010000,10,0
3101,20,-34.00,-14.00,0,0.010000,12,1
3102,20,-16.00,-26.00,0,0.010000,12,6
3103,20,-65.00,-75.00,0,0.010000,14,7
3104,20,73.00,103.00,0,0.010000,10,1
3105,20,153.00,123.00,0,0.010000,9,0
3106,20,93.00,93.00,0,0.010000,12,0
3107,0,0.00,0.00,1,0.010000,0,0
3108,2,100.00,100.00,1,0.010000,0,0
3109,2,100.00,100.00,1,0.010000,0,0
3110,20,49.00,39.00,0,0.010000,10,1
3111,20,0.00,0.00,0,0.010000,10,0
3112,1,50.00,50.00,1,0.010000,0,0
3113,0,0.00,0.00,1,0.010000,0,0
3114,20,123.00,153.00,0,0.010000,9,0
3115,20,153.00,123.00,0,0.010000,9,0
3116,20,93.00,93.00,0,0.010000,12,0
3117,0,0.00,0.00,1,0.010000,0,0
3118,2,100.00,100.00,1,0.010000,0,0
3119,2,100.00,100.00,1,0.010000,0,0
3120,20,0.00,0.00,0,0.010000,10,0
3121,20,0.00,0.00,0,0.010000,10,0
3122,20,17.00,47.00,0,0.010000,11,1
3123,0,0.00,0.00,1,0.010000,0,0
3124,20,123.00,153.00,0,0.010000,9,0
3125,20,153.00,123.00,0,0.010000,9,0
3126,20,93.00,93.00,0,0.010000,12,0
3127,0,0.00,0.00,1,0.010000,0,0
3128,2,100.00,100.00,1,0.010000,0,0
3129,2,100.00,100.00,1,0.010000,0,0
3130,20,0.00,0.00,0,0.010000,10,0
3131,20,0.00,0.00,0,0.010000,10,0
3132,20,-9.00,-19.00,0,0.010000,12,7
3133,0,0.00,0.00,1,0.010000,0,0
3134,20,78.00,108.00,0,0.010000,9,1
3135,20,113.00,73.00,0,0.010000,10,1
3136,20,93.00,93.00,0,0.010000,12,0
3137,0,0.00,0.00,1,0.010000,0,0
3138,2,100.00,100.00,1,0.010000,0,0
3139,2,100.00,100.00,1,0.010000,0,0
3140,20,0.00,0.00,0,0.010000,10,0
3141,20,0.00,0.00,0,0.010000,10,0
3142,0,0.00,0.00,1,0.010000,0,0
3143,0,0.00,0.00,1,0.010000,0,0
3144,20,123.00,153.00,0,0.010000,9,0
3145,20,108.00,78.00,0,0.010000,9,1
3146,20,93.00,93.00,0,0.010000,12,0
3147,20,123.00,153.00,0,0.010000,9,0
3148,2,100.00,100.00,1,0.010000,0,0
3149,2,100.00,100.00,1,0.010000,0,0
3150,20,0.00,0.00,0,0.010000,10,0
3151,20,0.00,0.00,0,0.010000,10,0
3152,1,50.00,50.00,1,0.010000,0,0
3153,0,0.00,0.00,1,0.010000,0,0
3154,20,43.00,73.00,0,0.010000,10,0
3155,20,153.00,123.00,0,0.010000,9,0
3156,20,93.00,93.00,0,0.010000,12,0
3157,1,50.00,50.00,1,0.010000,0,0
3158,2,100.00,100.00,1,0.010000,0,0
3159,2,100.00,100.00,1,0.010000,0,0
3160,20,0.00,0.00,0,0.010000,10,0
3161,20,0.00,0.00,0,0.010000,10,0
3162,20,-12.00,-12.00,0,0.010000,11,2
3163,1,50.00,50.00,1,0.010000,0,0
3164,20,43.00,73.00,0,0.010000,10,0
3165,20,153.00,123.00,0,0.010000,9,0
3166,20,93.00,93.00,0,0.010000,12,0
3167,20,-21.00,-21.00,0,0.010000,13,8
3168,2,100.00,100.00,1,0.010000,0,0
3169,2,100.00,100.00,1,0.010000,0,0
3170,20,0.00,0.00,0,0.010000,10,0
3171,20,49.00,39.00,0,0.010000,10,0
3172,20,44.00,44.00,0,0.010000,9,1
3173,20,123.00,153.00,0,0.010000,9,0
3174,20,123.00,153.00,0,0.010000,9,0
3175,20,153.00,123.00,0,0.010000,9,0
3176,20,93.00,93.00,0,0.010000,12,0
3177,0,0.00,0.00,1,0.010000,0,0
3178,2,100.00,100.00,1,0.010000,0,0
3179,2,100.00,100.00,1,0.010000,0,0
3180,20,0.00,0.00,0,0.010000,10,0
3181,20,0.00,0.00,0,0.010000,10,0
3182,20,3.00,13.00,0,0.010000,11,3
3183,20,-62.00,-82.00,0,0.010000,14,6
3184,20,123.00,153.00,0,0.010000,9,0
3185,20,153.00,123.00,0,0.010000,9,0
3186,20,93.00,93.00,0,0.010000,12,0
3187,20,-7.00,13.00,0,0.010000,14,0
3188,2,100.00,100.00,1,0.010000,0,0
3189,2,100.00,100.00,1,0.010000,0,0
3190,20,0.00,0.00,0,0.010000,10,0
3191,20,0.00,0.00,0,0.010000,10,0
3192,20,-12.00,-12.00,0,0.010000,11,0
3193,20,-6.00,14.00,0,0.010000,11,0
3194,20,123.00,153.00,0,0.010000,9,0
3195,20,153.00,123.00,0,0.010000,9,0
3196,20,15.00,15.00,0,0.010000,13,0
3197,20,-80.00,-70.00,0,0.010000,13,6
3198,2,100.00,100.00,1,0.010000,0,0
3199,2,100.00,100.00,1,0.010000,0,0
3200,20,0.00,0.00,0,0.010000,10,0
3201,20,0.00,0.00,0,0.010000,10,0
3202,0,0.00,0.00,1,0.010000,0,0
3203,0,0.00,0.00,1,0.010000,0,0
3204,20,83.00,103.00,0,0.010000,10,1
3205,20,153.00,123.00,0,0.010000,9,0
3206,20,93.00,93.00,0,0.010000,12,0
3207,1,50.00,50.00,1,0.010000,0,0
3208,2,100.00,100.00,1,0.010000,0,0
3209,2,100.00,100.00,1,0.010000,0,0
3210,20,0.00,0.00,0,0.010000,10,0
3211,20,0.00,0.00,0,0.010000,10,0
3212,20,113.00,73.00,0,0.010000,10,0
3213,20,-34.00,-64.00,0,0.010000,13,4
3214,20,123.00,153.00,0,0.010000,9,0
3215,20,153.00,123.00,0,0.010000,9,0
3216,20,93.00,93.00,0,0.010000,12,0
3217,20,56.00,46.00,0,0.010000,11,4
3218,2,100.00,100.00,1,0.010000,0,0
3219,2,100.00,100.00,1,0.010000,0,0
3220,20,0.00,0.00,0,0.010000,10,0
3221,20,0.00,0.00,0,0.010000,10,0
3222,20,43.00,43.00,0,0.010000,13,0
3223,20,64.00,34.00,0,0.010000,10,0
3224,20,43.00,73.00,0,0.010000,10,0
3225,20,153.00,123.00,0,0.010000,9,0
3226,20,93.00,93.00,0,0.010000,12,0
3227,0,0.00,0.00,1,0.010000,0,0
3228,2,100.00,100.00,1,0.010000,0,0
3229,2,100.00,100.00,1,0.010000,0,0
3230,20,0.00,0.00,0,0.010000,10,0
3231,20,39.00,49.00,0,0.010000,10,1
3232,0,0.00,0.00,1,0.010000,0,0
3233,20,43.00,73.00,0,0.010000,10,0
3234,20,123.00,153.00,0,0.010000,9,0
3235,20,153.00,123.00,0,0.010000,9,0
3236,20,93.00,93.00,0,0.010000,12,0
3237,20,6.00,16.00,0,0.010000,11,3
3238,2,100.00,100.00,1,0.010000,0,0
3239,2,100.00,100.00,1,0.010000,0,0
3240,20,0.00,0.00,0,0.010000,10,0
3241,20,44.00,44.00,0,0.010000,9,1
3242,20,-6.00,14.00,0,0.010000,11,0
3243,20,73.00,113.00,0,0.010000,10,0
3244,20,123.00,153.00,0,0.010000,9,0
3245,20,153.00,123.00,0,0.010000,9,0
3246,20,93.00,93.00,0,0.010000,12,0
3247,20,-33.00,-43.00,0,0.010000,12,2
3248,2,100.00,100.00,1,0.010000,0,0
3249,2,100.00,100.00,1,0.010000,0,0
3250,20,0.00,0.00,0,0.010000,10,0
3251,20,0.00,0.00,0,0.010000,10,0
3252,1,50.00,50.00,1,0.010000,0,0
3253,0,0.00,0.00,1,0.010000,0,0
3254,20,123.00,153.00,0,0.010000,9,0
3255,20,103.00,73.00,0,0.010000,10,1
3256,20,93.00,93.00,0,0.010000,12,0
3257,0,0.00,0.00,1,0.010000,0,0
3258,2,100.00,100.00,1,0.010000,0,0
3259,2,100.00,100.00,1,0.010000,0,0
3260,20,-2.00,-22.00,0,0.010000,11,0
3261,20,0.00,0.00,0,0.010000,10,0
3262,20,11.00,11.00,0,0.010000,12,3
3263,20,-7.00,33.00,0,0.010000,11,1
3264,20,123.00,153.00,0,0.010000,9,0
3265,20,153.00,123.00,0,0.010000,9,0
3266,20,93.00,93.00,0,0.010000,12,0
3267,20,0.00,0.00,0,0.010000,10,0
3268,2,100.00,100.00,1,0.010000,0,0
3269,2,100.00,100.00,1,0.010000,0,0
3270,20,0.00,0.00,0,0.010000,10,0
3271,20,0.00,0.00,0,0.010000,10,0
3272,1,50.00,50.00,1,0.010000,0,0
3273,1,50.00,50.00,1,0.010000,0,0
3274,20,82.00,112.00,0,0.010000,10,1
3275,20,108.00,78.00,0,0.010000,9,1
3276,20,93.00,93.00,0,0.010000,12,0
3277,2,100.00,100.00,1,0.010000,0,0
3278,2,100.00,100.00,1,0.010000,0,0
3279,2,100.00,100.00,1,0.010000,0,0
3280,20,0.00,0.00,0,0.010000,10,0
3281,20,0.00,0.00,0,0.010000,10,0
3282,0,0.00,0.00,1,0.010000,0,0
3283,20,-36.00,-6.00,0,0.010000,14,6
3284,20,123.00,153.00,0,0.010000,9,0
3285,20,153.00,123.00,0,0.010000,9,0
3286,20,48.00,48.00,0,0.010000,12,1
3287,20,153.00,123.00,0,0.010000,9,0
3288,2,100.00,100.00,1,0.010000,0,0
3289,2,100.00,100.00,1,0.010000,0,0
3290,20,0.00,0.00,0,0.010000,10,0
3291,20,0.00,0.00,0,0.010000,10,0
3292,20,16.00,16.00,0,0.010000,11,3
3293,0,0.00,0.00,1,0.010000,0,0
3294,20,123.00,153.00,0,0.010000,9,0
3295,20,103.00,83.00,0,0.010000,10,1
3296,20,93.00,93.00,0,0.010000,12,0
3297,20,-6.00,14.00,0,0.010000,11,0
3298,2,100.00,100.00,1,0.010000,0,0
3299,2,100.00,100.00,1,0.010000,0,0
3300,20,0.00,0.00,0,0.010000,10,0
3301,20,0.00,0.00,0,0.010000,10,0
3302,20,-55.00,-65.00,0,0.010000,14,5
3303,20,7.00,-3.00,0,0.010000,11,2
3304,20,123.00,153.00,0,0.010000,9,0
3305,20,153.00,123.00,0,0.010000,9,0
3306,20,93.00,93.00,0,0.010000,12,0
3307,0,0.00,0.00,1,0.010000,0,0
3308,2,100.00,100.00,1,0.010000,0,0
3309,2,100.00,100.00,1,0.010000,0,0
3310,20,0.00,0.00,0,0.010000,10,0
3311,20,0.00,0.00,0,0.010000,10,0
3312,20,-22.00,-2.00,0,0.010000,11,1
3313,20,-64.00,-64.00,0,0.010000,12,3
3314,20,123.00,153.00,0,0.010000,9,0
3315,20,153.00,123.00,0,0.010000,9,0
3316,20,93.00,93.00,0,0.010000,12,0
3317,1,50.00,50.00,1,0.010000,0,0
3318,2,100.00,100.00,1,0.010000,0,0
3319,2,100.00,100.00,1,0.010000,0,0
3320,20,0.00,0.00,0,0.010000,10,0
3321,20,0.00,0.00,0,0.010000,10,0
3322,20,-26.00,-16.00,0,0.010000,14,6
3323,20,73.00,43.00,0,0.010000,10,0
3324,20,123.00,153.00,0,0.010000,9,0
3325,20,153.00,123.00,0,0.010000,9,0
3326,20,93.00,93.00,0,0.010000,12,0
3327,1,50.00,50.00,1,0.010000,0,0
3328,2,100.00,100.00,1,0.010000,0,0
3329,2,100.00,100.00,1,0.010000,0,0
3330,20,0.00,0.00,0,0.010000,10,0
3331,20,0.00,0.00,0,0.010000,10,0
3332,0,0.00,0.00,1,0.010000,0,0
3333,0,0.00,0.00,1,0.010000,0,0
3334,20,123.00,153.00,0,0.010000,9,0
3335,20,153.00,123.00,0,0.010000,9,0
3336,20,93.00,93.00,0,0.010000,12,0
3337,0,0.00,0.00,1,0.010000,0,0
3338,2,100.00,100.00,1,0.010000,0,0
3339,2,100.00,100.00,1,0.010000,0,0
3340,20,0.00,0.00,0,0.010000,10,0
3341,20,49.00,39.00,0,0.010000,10,1
3342,20,-46.00,-36.00,0,0.010000,14,0
3343,20,-84.00,-84.00,0,0.010000,15,7
3344,20,123.00,153.00,0,0.010000,9,0
3345,20,153.00,123.00,0,0.010000,9,0
3346,20,48.00,48.00,0,0.010000,12,1
3347,0,0.00,0.00,1,0.010000,0,0
3348,2,100.00,100.00,1,0.010000,0,0
3349,2,100.00,100.00,1,0.010000,0,0
3350,20,0.00,0.00,0,0.010000,10,0
3351,20,0.00,0.00,0,0.010000,10,0
3352,20,113.00,73.00,0,0.010000,10,0
3353,20,73.00,113.00,0,0.010000,10,0
3354,20,123.00,153.00,0,0.010000,9,0
3355,20,153.00,123.00,0,0.010000,9,0
3356,20,93.00,93.00,0,0.010000,12,0
3357,20,-18.00,-38.00,0,0.010000,12,1
3358,2,100.00,100.00,1,0.010000,0,0
3359,2,100.00,100.00,1,0.010000,0,0
3360,20,0.00,0.00,0,0.010000,10,0
3361,20,0.00,0.00,0,0.010000,10,0
3362,20,-53.00,-53.00,0,0.010000,13,3
3363,20,-53.00,-63.00,0,0.010000,13,6
3364,20,123.00,153.00,0,0.010000,9,0
3365,20,153.00,123.00,0,0.010000,9,0
3366,20,93.00,93.00,0,0.010000,12,0
3367,20,-89.00,-89.00,0,0.010000,14,9
3368,2,100.00,100.00,1,0.010000,0,0
3369,2,100.00,100.00,1,0.010000,0,0
3370,20,0.00,0.00,0,0.010000,10,0
3371,20,0.00,0.00,0,0.010000,10,0
3372,20,0.00,0.00,0,0.010000,10,0
3373,1,50.00,50.00,1,0.010000,0,0
3374,20,73.00,113.00,0,0.010000,10,1
3375,20,153.00,123.00,0,0.010000,9,0
3376,20,93.00,93.00,0,0.010000,12,0
3377,20,-99.00,-109.00,0,0.010000,13,5
3378,2,100.00,100.00,1,0.010000,0,0
3379,2,100.00,100.00,1,0.010000,0,0
3380,20,0.00,0.00,0,0.010000,10,0
3381,20,0.00,0.00,0,0.010000,10,0
3382,2,100.00,100.00,1,0.010000,0,0
3383,0,0.00,0.00,1,0.010000,0,0
3384,20,123.00,153.00,0,0.010000,9,0
3385,20,153.00,123.00,0,0.010000,9,0
3386,20,93.00,93.00,0,0.010000,12,0
3387,20,-6.00,14.00,0,0.010000,11,0
3388,2,100.00,100.00,1,0.010000,0,0
3389,2,100.00,100.00,1,0.010000,0,0
3390,20,0.00,0.00,0,0.010000,10,0
3391,20,44.00,44.00,0,0.010000,9,1
3392,20,-60.00,-80.00,0,0.010000,13,7
3393,1,50.00,50.00,1,0.010000,0,0
3394,20,78.00,108.00,0,0.010000,9,1
3395,20,153.00,123.00,0,0.010000,9,0
3396,20,93.00,93.00,0,0.010000,12,0
3397,20,73.00,113.00,0,0.010000,10,0
3398,2,100.00,100.00,1,0.010000,0,0
3399,2,100.00,100.00,1,0.010000,0,0
3400,20,49.00,39.00,0,0.010000,10,0
3401,20,0.00,0.00,0,0.010000,10,0
3402,20,-16.00,14.00,0,0.010000,11,1
3403,0,0.00,0.00,1,0.010000,0,0
3404,20,123.00,153.00,0,0.010000,9,0
3405,20,153.00,123.00,0,0.010000,9,0
3406,20,93.00,93.00,0,0.010000,12,0
3407,1,50.00,50.00,1,0.010000,0,0
3408,2,100.00,100.00,1,0.010000,0,0
3409,2,100.00,100.00,1,0.010000,0,0
3410,20,-2.00,-22.00,0,0.010000,11,1
3411,20,0.00,0.00,0,0.010000,10,0
3412,0,0.00,0.00,1,0.010000,0,0
3413,0,0.00,0.00,1,0.010000,0,0
3414,20,73.00,103.00,0,0.010000,10,1
3415,20,153.00,123.00,0,0.010000,9,0
3416,20,93.00,93.00,0,0.010000,12,0
3417,1,50.00,50.00,1,0.010000,0,0
3418,2,100.00,100.00,1,0.010000,0,0
3419,2,100.00,100.00,1,0.010000,0,0
3420,20,0.00,0.00,0,0.010000,10,0
3421,20,0.00,0.00,0,0.010000,10,0
3422,0,0.00,0.00,1,0.010000,0,0
3423,0,0.00,0.00,1,0.010000,0,0
3424,20,123.00,153.00,0,0.010000,9,0
3425,20,153.00,123.00,0,0.010000,9,0
3426,20,93.00,93.00,0,0.010000,12,0
3427,3,50.00,50.00,1,0.010000,1,0
3428,4,100.00,100.00,1,0.010000,1,0
3429,2,100.00,100.00,1,0.010000,0,0
3430,20,0.00,0.00,0,0.010000,10,0
3431,20,0.00,0.00,0,0.010000,10,0
3432,20,43.00,43.00,0,0.010000,13,0
3433,0,0.00,0.00,1,0.010000,0,0
3434,20,43.00,73.00,0,0.010000,10,0
3435,20,153.00,123.00,0,0.010000,9,0
3436,20,93.00,93.00,0,0.010000,12,0
3437,20,31.00,21.00,0,0.010000,11,1
3438,2,100.00,100.00,1,0.010000,0,0
3439,2,100.00,100.00,1,0.010000,0,0
3440,20,0.00,0.00,0,0.010000,10,0
3441,20,0.00,0.00,0,0.010000,10,0
3442,20,-12.00,-22.00,0,0.010000,11,2
3443,20,43.00,73.00,0,0.010000,10,0
3444,20,123.00,153.00,0,0.010000,9,0
3445,20,153.00,123.00,0,0.010000,9,0
3446,20,93.00,93.00,0,0.010000,12,0
3447,20,-12.00,-12.00,0,0.010000,11,0
3448,2,100.00,100.00,1,0.010000,0,0
3449,2,100.00,100.00,1,0.010000,0,0
3450,20,0.00,0.00,0,0.010000,10,0
3451,20,0.00,0.00,0,0.010000,10,0
3452,20,-33.00,-33.00,0,0.010000,14,6
3453,0,0.00,0.00,1,0.010000,0,0
3454,20,123.00,153.00,0,0.010000,9,0
3455,20,153.00,123.00,0,0.010000,9,0
3456,20,93.00,93.00,0,0.010000,12,0
3457,20,-16.00,24.00,0,0.010000,11,0
3458,2,100.00,100.00,1,0.010000,0,0
3459,2,100.00,100.00,1,0.010000,0,0
3460,20,0.00,0.00,0,0.010000,10,0
3461,20,0.00,0.00,0,0.010000,10,0
3462,0,0.00,0.00,1,0.010000,0,0
3463,1,50.00,50.00,1,0.010000,0,0
3464,20,123.00,153.00,0,0.010000,9,0
3465,20,153.00,123.00,0,0.010000,9,0
3466,20,93.00,93.00,0,0.010000,12,0
3467,20,43.00,73.00,0,0.010000,10,0
3468,2,100.00,100.00,1,0.010000,0,0
3469,2,100.00,100.00,1,0.010000,0,0
3470,20,0.00,0.00,0,0.010000,10,0
3471,20,0.00,0.00,0,0.010000,10,0
3472,20,0.00,0.00,0,0.010000,10,0
3473,20,-16.00,-26.00,0,0.010000,12,8
3474,20,123.00,153.00,0,0.010000,9,0
3475,20,153.00,123.00,0,0.010000,9,0
3476,20,93.00,93.00,0,0.010000,12,0
3477,20,0.00,0.00,0,0.010000,10,0
3478,2,100.00,100.00,1,0.010000,0,0
3479,2,100.00,100.00,1,0.010000,0,0
3480,20,0.00,0.00,0,0.010000,10,0
3481,20,0.00,0.00,0,0.010000,10,0
3482,1,50.00,50.00,1,0.010000,0,0
3483,0,0.00,0.00,1,0.010000,0,0
3484,20,123.00,153.00,0,0.010000,9,0
3485,20,153.00,123.00,0,0.010000,9,0
3486,20,93.00,93.00,0,0.010000,12,0
3487,0,0.00,0.00,1,0.010000,0,0
3488,2,100.00,100.00,1,0.010000,0,0
3489,2,100.00,100.00,1,0.010000,0,0
3490,20,0.00,0.00,0,0.010000,10,0
3491,20,44.00,44.00,0,0.010000,9,1
3492,0,0.00,0.00,1,0.010000,0,0
3493,3,50.00,50.00,1,0.010000,1,0
3494,20,123.00,153.00,0,0.010000,9,0
3495,20,153.00,123.00,0,0.010000,9,0
3496,20,93.00,93.00,0,0.010000,12,0
3497,20,3.00,13.00,0,0.010000,11,5
3498,2,100.00,100.00,1,0.010000,0,0
3499,2,100.00,100.00,1,0.010000,0,0
3500,20,0.00,0.00,0,0.010000,10,0
3501,20,0.00,0.00,0,0.010000,10,0
3502,0,0.00,0.00,1,0.010000,0,0
3503,0,0.00,0.00,1,0.010000,0,0
3504,20,123.00,153.00,0,0.010000,9,0
3505,20,153.00,123.00,0,0.010000,9,0
3506,20,43.00,43.00,0,0.010000,13,1
3507,20,0.00,0.00,0,0.010000,10,0
3508,2,100.00,100.00,1,0.010000,0,0
3509,2,100.00,100.00,1,0.010000,0,0
3510,20,0.00,0.00,0,0.010000,10,0
3511,20,0.00,0.00,0,0.010000,10,0
3512,0,0.00,0.00,1,0.010000,0,0
3513,2,100.00,100.00,1,0.010000,0,0
3514,20,123.00,153.00,0,0.010000,9,0
3515,20,153.00,123.00,0,0.010000,9,0
3516,20,93.00,93.00,0,0.010000,12,0
3517,1,50.00,50.00,1,0.010000,0,0
3518,2,100.00,100.00,1,0.010000,0,0
3519,2,100.00,100.00,1,0.010000,0,0
3520,20,49.00,39.00,0,0.010000,10,1
3521,20,0.00,0.00,0,0.010000,10,0
3522,20,0.00,0.00,0,0.010000,10,0
3523,20,-104.00,-104.00,0,0.010000,14,5
3524,20,123.00,153.00,0,0.010000,9,0
3525,20,153.00,123.00,0,0.010000,9,0
3526,20,93.00,93.00,0,0.010000,12,0
3527,20,123.00,153.00,0,0.010000,9,0
3528,3,89.00,89.00,1,0.010000,1,1
3529,2,100.00,100.00,1,0.010000,0,0
3530,20,0.00,0.00,0,0.010000,10,0
3531,20,49.00,39.00,0,0.010000,10,1
3532,20,-60.00,-70.00,0,0.010000,13,7
3533,0,0.00,0.00,1,0.010000,0,0
3534,20,123.00,153.00,0,0.010000,9,0
3535,20,153.00,123.00,0,0.010000,9,0
3536,20,93.00,93.00,0,0.010000,12,0
3537,0,0.00,0.00,1,0.010000,0,0
3538,2,100.00,100.00,1,0.010000,0,0
3539,2,100.00,100.00,1,0.010000,0,0
3540,20,0.00,0.00,0,0.010000,10,0
3541,20,0.00,0.00,0,0.010000,10,0
3542,0,0.00,0.00,1,0.010000,0,0
3543,0,0.00,0.00,1,0.010000,0,0
3544,20,123.00,153.00,0,0.010000,9,0
3545,20,153.00,123.00,0,0.010000,9,0
3546,20,93.00,93.00,0,0.010000,12,0
3547,20,-3.00,7.00,0,0.010000,11,3
3548,2,100.00,100.00,1,0.010000,0,0
3549,2,100.00,100.00,1,0.010000,0,0
3550,20,0.00,0.00,0,0.010000,10,0
3551,20,0.00,0.00,0,0.010000,10,0
3552,20,-43.00,-23.00,0,0.010000,14,6
3553,0,0.00,0.00,1,0.010000,0,0
3554,20,123.00,153.00,0,0.010000,9,0
3555,20,153.00,123.00,0,0.010000,9,0
3556,20,53.00,43.00,0,0.010000,13,1
3557,20,108.00,78.00,0,0.010000,9,1
3558,2,100.00,100.00,1,0.010000,0,0
3559,2,100.00,100.00,1,0.010000,0,0
3560,20,39.00,49.00,0,0.010000,10,1
3561,20,0.00,0.00,0,0.010000,10,0
3562,20,8.00,-2.00,0,0.010000,12,4
3563,20,63.00,33.00,0,0.010000,11,0
3564,20,123.00,153.00,0,0.010000,9,0
3565,20,153.00,123.00,0,0.010000,9,0
3566,20,93.00,93.00,0,0.010000,12,0
3567,0,0.00,0.00,1,0.010000,0,0
3568,2,100.00,100.00,1,0.010000,0,0
3569,2,100.00,100.00,1,0.010000,0,0
3570,20,0.00,0.00,0,0.010000,10,0
3571,20,0.00,0.00,0,0.010000,10,0
3572,1,50.00,50.00,1,0.010000,0,0
3573,0,0.00,0.00,1,0.010000,0,0
3574,20,123.00,153.00,0,0.010000,9,0
3575,20,153.00,123.00,0,0.010000,9,0
3576,20,93.00,93.00,0,0.010000,12,0
3577,0,0.00,0.00,1,0.010000,0,0
3578,3,94.00,94.00,1,0.010000,0,1
3579,2,100.00,100.00,1,0.010000,0,0
3580,20,39.00,39.00,0,0.010000,10,1
3581,20,0.00,0.00,0,0.010000,10,0
3582,20,16.00,16.00,0,0.010000,11,3
3583,0,0.00,0.00,1,0.010000,0,0
3584,20,123.00,153.00,0,0.010000,9,0
3585,20,153.00,123.00,0,0.010000,9,0
3586,20,93.00,93.00,0,0.010000,12,0
3587,1,50.00,50.00,1,0.010000,0,0
3588,2,100.00,100.00,1,0.010000,0,0
3589,2,100.00,100.00,1,0.010000,0,0
3590,20,0.00,0.00,0,0.010000,10,0
3591,20,0.00,0.00,0,0.010000,10,0
3592,20,-63.00,-43.00,0,0.010000,13,4
3593,0,0.00,0.00,1,0.010000,0,0
3594,20,123.00,153.00,0,0.010000,9,0
3595,20,153.00,123.00,0,0.010000,9,0
3596,20,43.00,53.00,0,0.010000,13,1
3597,20,-23.00,-43.00,0,0.010000,14,8
3598,2,100.00,100.00,1,0.010000,0,0
3599,2,100.00,100.00,1,0.010000,0,0
3600,20,0.00,0.00,0,0.010000,10,0
3601,20,0.00,0.00,0,0.010000,10,0
3602,20,1.00,-29.00,0,0.010000,12,5
3603,20,39.00,39.00,0,0.010000,10,1
3604,20,123.00,153.00,0,0.010000,9,0
3605,20,153.00,123.00,0,0.010000,9,0
3606,20,48.00,48.00,0,0.010000,12,1
3607,20,11.00,-19.00,0,0.010000,12,6
3608,2,100.00,100.00,1,0.010000,0,0
3609,2,100.00,100.00,1,0.010000,0,0
3610,20,0.00,0.00,0,0.010000,10,0
3611,20,0.00,0.00,0,0.010000,10,0
3612,20,62.00,82.00,0,0.010000,12,0
3613,20,-2.00,-2.00,0,0.010000,13,1
3614,20,123.00,153.00,0,0.010000,9,0
3615,20,113.00,73.00,0,0.010000,10,1
3616,20,93.00,93.00,0,0.010000,12,0
3617,0,0.00,0.00,1,0.010000,0,0
3618,2,100.00,100.00,1,0.010000,0,0
3619,2,100.00,100.00,1,0.010000,0,0
3620,20,0.00,0.00,0,0.010000,10,0
3621,20,0.00,0.00,0,0.010000,10,0
3622,3,94.00,94.00,1,0.010000,0,1
3623,0,0.00,0.00,1,0.010000,0,0
3624,20,123.00,153.00,0,0.010000,9,0
3625,20,153.00,123.00,0,0.010000,9,0
3626,20,93.00,93.00,0,0.010000,12,0
3627,20,11.00,11.00,0,0.010000,12,0
3628,2,100.00,100.00,1,0.010000,0,0
3629,2,100.00,100.00,1,0.010000,0,0
3630,20,0.00,0.00,0,0.010000,10,0
3631,20,0.00,0.00,0,0.010000,10,0
3632,0,0.00,0.00,1,0.010000,0,0
3633,0,0.00,0.00,1,0.010000,0,0
3634,20,133.00,143.00,0,0.010000,9,0
3635,20,153.00,123.00,0,0.010000,9,0
3636,20,93.00,93.00,0,0.010000,12,0
3637,0,0.00,0.00,1,0.010000,0,0
3638,2,100.00,100.00,1,0.010000,0,0
3639,3,99.00,89.00,1,0.010000,1,1
3640,20,0.00,0.00,0,0.010000,10,0
3641,20,0.00,0.00,0,0.010000,10,0
3642,0,0.00,0.00,1,0.010000,0,0
3643,20,24.00,-16.00,0,0.010000,11,0
3644,20,123.00,153.00,0,0.010000,9,0
3645,20,153.00,123.00,0,0.010000,9,0
3646,20,93.00,93.00,0,0.010000,12,0
3647,1,50.00,50.00,1,0.010000,0,0
3648,2,100.00,100.00,1,0.010000,0,0
3649,2,100.00,100.00,1,0.010000,0,0
3650,20,0.00,0.00,0,0.010000,10,0
3651,20,0.00,0.00,0,0.010000,10,0
3652,20,3.00,13.00,0,0.010000,13,2
3653,0,0.00,0.00,1,0.010000,0,0
3654,20,43.00,53.00,0,0.010000,11,0
3655,20,153.00,123.00,0,0.010000,9,0
3656,20,93.00,93.00,0,0.010000,12,0
3657,2,100.00,100.00,1,0.010000,0,0
3658,2,100.00,100.00,1,0.010000,0,0
3659,2,100.00,100.00,1,0.010000,0,0
3660,20,0.00,0.00,0,0.010000,10,0
3661,20,49.00,39.00,0,0.010000,10,0
3662,20,43.00,43.00,0,0.010000,13,0
3663,20,-65.00,-55.00,0,0.010000,14,5
3664,20,33.00,63.00,0,0.010000,11,2
3665,20,153.00,123.00,0,0.010000,9,0
3666,20,93.00,93.00,0,0.010000,12,0
3667,1,50.00,50.00,1,0.010000,0,0
3668,2,100.00,100.00,1,0.010000,0,0
3669,2,100.00,100.00,1,0.010000,0,0
3670,20,0.00,0.00,0,0.010000,10,0
3671,20,0.00,0.00,0,0.010000,10,0
3672,0,0.00,0.00,1,0.010000,0,0
3673,0,0.00,0.00,1,0.010000,0,0
3674,20,73.00,103.00,0,0.010000,10,1
3675,20,108.00,78.00,0,0.010000,9,1
3676,20,93.00,93.00,0,0.010000,12,0
3677,20,39.00,49.00,0,0.010000,10,0
3678,2,100.00,100.00,1,0.010000,0,0
3679,2,100.00,100.00,1,0.010000,0,0
3680,20,0.00,0.00,0,0.010000,10,0
3681,20,0.00,0.00,0,0.010000,10,0
3682,0,0.00,0.00,1,0.010000,0,0
3683,2,100.00,100.00,1,0.010000,0,0
3684,20,123.00,153.00,0,0.010000,9,0
3685,20,153.00,123.00,0,0.010000,9,0
3686,20,93.00,93.00,0,0.010000,12,0
3687,1,50.00,50.00,1,0.010000,0,0
3688,2,100.00,100.00,1,0.010000,0,0
3689,2,100.00,100.00,1,0.010000,0,0
3690,20,0.00,0.00,0,0.010000,10,0
3691,20,39.00,49.00,0,0.010000,10,0
3692,20,64.00,34.00,0,0.010000,10,0
3693,20,43.00,73.00,0,0.010000,10,0
3694,20,123.00,153.00,0,0.010000,9,0
3695,20,108.00,78.00,0,0.010000,9,1
3696,20,93.00,93.00,0,0.010000,12,0
3697,2,100.00,100.00,1,0.010000,0,0
3698,2,100.00,100.00,1,0.010000,0,0
3699,2,100.00,100.00,1,0.010000,0,0
3700,20,0.00,0.00,0,0.010000,10,0
3701,20,0.00,0.00,0,0.010000,10,0
3702,20,27.00,27.00,0,0.010000,12,3
3703,0,0.00,0.00,1,0.010000,0,0
3704,20,123.00,153.00,0,0.010000,9,0
3705,20,153.00,123.00,0,0.010000,9,0
3706,20,93.00,93.00,0,0.010000,12,0
3707,20,73.00,43.00,0,0.010000,10,0
3708,2,100.00,100.00,1,0.010000,0,0
3709,2,100.00,100.00,1,0.010000,0,0
3710,20,49.00,39.00,0,0.010000,10,1
3711,20,0.00,0.00,0,0.010000,10,0
3712,0,0.00,0.00,1,0.010000,0,0
3713,2,100.00,100.00,1,0.010000,0,0
3714,20,123.00,153.00,0,0.010000,9,0
3715,20,153.00,123.00,0,0.010000,9,0
3716,20,43.00,43.00,0,0.010000,13,1
3717,2,100.00,100.00,1,0.010000,0,0
3718,2,100.00,100.00,1,0.010000,0,0
3719,2,100.00,100.00,1,0.010000,0,0
3720,20,0.00,0.00,0,0.010000,10,0
3721,20,0.00,0.00,0,0.010000,10,0
3722,20,8.00,-2.00,0,0.010000,12,5
3723,0,0.00,0.00,1,0.010000,0,0
3724,20,123.00,153.00,0,0.010000,9,0
3725,20,153.00,123.00,0,0.010000,9,0
3726,20,93.00,93.00,0,0.010000,12,0
3727,20,3.00,13.00,0,0.010000,11,6
3728,2,100.00,100.00,1,0.010000,0,0
3729,2,100.00,100.00,1,0.010000,0,0
3730,20,0.00,0.00,0,0.010000,10,0
3731,20,0.00,0.00,0,0.010000,10,0
3732,1,50.00,50.00,1,0.010000,0,0
3733,1,50.00,50.00,1,0.010000,0,0
3734,20,123.00,153.00,0,0.010000,9,0
3735,20,153.00,123.00,0,0.010000,9,0
3736,20,93.00,93.00,0,0.010000,12,0
3737,0,0.00,0.00,1,0.010000,0,0
3738,2,100.00,100.00,1,0.010000,0,0
3739,2,100.00,100.00,1,0.010000,0,0
3740,20,-7.00,-17.00,0,0.010000,10,1
3741,20,0.00,0.00,0,0.010000,10,0
3742,0,0.00,0.00,1,0.010000,0,0
3743,20,123.00,153.00,0,0.010000,9,0
3744,20,123.00,153.00,0,0.010000,9,0
3745,20,153.00,123.00,0,0.010000,9,0
3746,20,93.00,93.00,0,0.010000,12,0
3747,2,100.00,100.00,1,0.010000,0,0
3748,2,100.00,100.00,1,0.010000,0,0
3749,2,100.00,100.00,1,0.010000,0,0
3750,20,17.00,37.00,0,0.010000,11,1
3751,20,0.00,0.00,0,0.010000,10,0
3752,0,0.00,0.00,1,0.010000,0,0
3753,20,73.00,113.00,0,0.010000,10,0
3754,20,123.00,153.00,0,0.010000,9,0
3755,20,153.00,123.00,0,0.010000,9,0
3756,20,93.00,93.00,0,0.010000,12,0
3757,20,-37.00,-37.00,0,0.010000,14,1
3758,2,100.00,100.00,1,0.010000,0,0
3759,2,100.00,100.00,1,0.010000,0,0
3760,20,0.00,0.00,0,0.010000,10,0
3761,20,49.00,39.00,0,0.010000,10,1
3762,20,43.00,43.00,0,0.010000,13,0
3763,20,43.00,73.00,0,0.010000,10,0
3764,20,123.00,153.00,0,0.010000,9,0
3765,20,153.00,123.00,0,0.010000,9,0
3766,20,93.00,93.00,0,0.010000,12,0
3767,0,0.00,0.00,1,0.010000,0,0
3768,2,100.00,100.00,1,0.010000,0,0
3769,2,100.00,100.00,1,0.010000,0,0
3770,20,0.00,0.00,0,0.010000,10,0
3771,20,0.00,0.00,0,0.010000,10,0
3772,0,0.00,0.00,1,0.010000,0,0
3773,0,0.00,0.00,1,0.010000,0,0
3774,20,123.00,153.00,0,0.010000,9,0
3775,20,153.00,123.00,0,0.010000,9,0
3776,20,93.00,93.00,0,0.010000,12,0
3777,20,153.00,123.00,0,0.010000,9,0
3778,2,100.00,100.00,1,0.010000,0,0
3779,2,100.00,100.00,1,0.010000,0,0
3780,20,0.00,0.00,0,0.010000,10,0
3781,20,44.00,44.00,0,0.010000,9,1
3782,20,113.00,73.00,0,0.010000,10,0
3783,20,73.00,43.00,0,0.010000,10,0
3784,20,73.00,103.00,0,0.010000,10,1
3785,20,153.00,123.00,0,0.010000,9,0
3786,20,93.00,93.00,0,0.010000,12,0
3787,1,50.00,50.00,1,0.010000,0,0
3788,2,100.00,100.00,1,0.010000,0,0
3789,2,100.00,100.00,1,0.010000,0,0
3790,20,0.00,0.00,0,0.010000,10,0
3791,20,0.00,0.00,0,0.010000,10,0
3792,20,-7.00,3.00,0,0.010000,14,0
3793,0,0.00,0.00,1,0.010000,0,0
3794,20,123.00,153.00,0,0.010000,9,0
3795,20,153.00,123.00,0,0.010000,9,0
3796,20,93.00,93.00,0,0.010000,12,0
3797,1,50.00,50.00,1,0.010000,0,0
3798,2,100.00,100.00,1,0.010000,0,0
3799,2,100.00,100.00,1,0.010000,0,0
3800,20,0.00,0.00,0,0.010000,10,0
3801,20,44.00,44.00,0,0.010000,9,1
3802,0,0.00,0.00,1,0.010000,0,0
3803,0,0.00,0.00,1,0.010000,0,0
3804,20,123.00,153.00,0,0.010000,9,0
3805,20,153.00,123.00,0,0.010000,9,0
3806,20,93.00,93.00,0,0.010000,12,0
3807,20,27.00,37.00,0,0.010000,11,1
3808,2,100.00,100.00,1,0.010000,0,0
3809,2,100.00,100.00,1,0.010000,0,0
3810,20,0.00,0.00,0,0.010000,10,0
3811,20,0.00,0.00,0,0.010000,10,0
3812,20,43.00,43.00,0,0.010000,13,0
3813,20,39.00,49.00,0,0.010000,10,0
3814,20,123.00,153.00,0,0.010000,9,0
3815,20,153.00,123.00,0,0.010000,9,0
3816,20,93.00,93.00,0,0.010000,12,0
3817,1,50.00,50.00,1,0.010000,0,0
3818,2,100.00,100.00,1,0.010000,0,0
3819,2,100.00,100.00,1,0.010000,0,0
3820,20,0.00,0.00,0,0.010000,10,0
3821,20,0.00,0.00,0,0.010000,10,0
3822,1,50.00,50.00,1,0.010000,0,0
3823,1,50.00,50.00,1,0.010000,0,0
3824,20,123.00,153.00,0,0.010000,9,0
3825,20,133.00,113.00,0,0.010000,10,0
3826,20,93.00,93.00,0,0.010000,12,0
3827,20,-6.00,-26.00,0,0.010000,12,6
3828,2,100.00,100.00,1,0.010000,0,0
3829,2,100.00,100.00,1,0.010000,0,0
3830,20,0.00,0.00,0,0.010000,10,0
3831,20,0.00,0.00,0,0.010000,10,0
3832,0,0.00,0.00,1,0.010000,0,0
3833,2,100.00,100.00,1,0.010000,0,0
3834,20,23.00,73.00,0,0.010000,11,0
3835,20,153.00,123.00,0,0.010000,9,0
3836,20,93.00,93.00,0,0.010000,12,0
3837,0,0.00,0.00,1,0.010000,0,0
3838,2,100.00,100.00,1,0.010000,0,0
3839,2,100.00,100.00,1,0.010000,0,0
3840,20,0.00,0.00,0,0.010000,10,0
3841,20,39.00,39.00,0,0.010000,10,1
3842,20,-53.00,-53.00,0,0.010000,13,5
3843,2,100.00,100.00,1,0.010000,0,0
3844,20,123.00,153.00,0,0.010000,9,0
3845,20,153.00,123.00,0,0.010000,9,0
3846,20,93.00,93.00,0,0.010000,12,0
3847,0,0.00,0.00,1,0.010000,0,0
3848,2,100.00,100.00,1,0.010000,0,0
3849,2,100.00,100.00,1,0.010000,0,0
3850,20,0.00,0.00,0,0.010000,10,0
3851,20,0.00,0.00,0,0.010000,10,0
3852,20,28.00,-2.00,0,0.010000,10,1
3853,20,43.00,73.00,0,0.010000,10,0
3854,20,123.00,153.00,0,0.010000,9,0
3855,20,153.00,123.00,0,0.010000,9,0
3856,20,52.00,52.00,0,0.010000,13,0
3857,0,0.00,0.00,1,0.010000,0,0
3858,2,100.00,100.00,1,0.010000,0,0
3859,2,100.00,100.00,1,0.010000,0,0
3860,20,0.00,0.00,0,0.010000,10,0
3861,20,0.00,0.00,0,0.010000,10,0
3862,1,50.00,50.00,1,0.010000,0,0
3863,2,100.00,100.00,1,0.010000,0,0
3864,20,123.00,153.00,0,0.010000,9,0
3865,20,153.00,123.00,0,0.010000,9,0
3866,20,93.00,93.00,0,0.010000,12,0
3867,20,-2.00,8.00,0,0.010000,12,4
3868,2,100.00,100.00,1,0.010000,0,0
3869,2,100.00,100.00,1,0.010000,0,0
3870,20,0.00,0.00,0,0.010000,10,0
3871,20,0.00,0.00,0,0.010000,10,0
3872,0,0.00,0.00,1,0.010000,0,0
3873,20,43.00,53.00,0,0.010000,13,1
3874,20,123.00,153.00,0,0.010000,9,0
3875,20,153.00,123.00,0,0.010000,9,0
3876,20,93.00,93.00,0,0.010000,12,0
3877,0,0.00,0.00,1,0.010000,0,0
3878,2,100.00,100.00,1,0.010000,0,0
3879,2,100.00,100.00,1,0.010000,0,0
3880,20,0.00,0.00,0,0.010000,10,0
3881,20,0.00,0.00,0,0.010000,10,0
3882,20,-16.00,-36.00,0,0.010000,14,6
3883,20,-6.00,14.00,0,0.010000,11,0
3884,20,123.00,153.00,0,0.010000,9,0
3885,20,153.00,123.00,0,0.010000,9,0
3886,20,93.00,93.00,0,0.010000,12,0
3887,2,100.00,100.00,1,0.010000,0,0
3888,2,100.00,100.00,1,0.010000,0,0
3889,2,100.00,100.00,1,0.010000,0,0
3890,20,0.00,0.00,0,0.010000,10,0
3891,20,39.00,49.00,0,0.010000,10,0
3892,20,43.00,43.00,0,0.010000,13,0
3893,20,73.00,113.00,0,0.010000,10,1
3894,20,123.00,153.00,0,0.010000,9,0
3895,20,153.00,123.00,0,0.010000,9,0
3896,20,93.00,93.00,0,0.010000,12,0
3897,20,73.00,43.00,0,0.010000,10,0
3898,2,100.00,100.00,1,0.010000,0,0
3899,2,100.00,100.00,1,0.010000,0,0
3900,20,0.00,0.00,0,0.010000,10,0
3901,20,0.00,0.00,0,0.010000,10,0
3902,20,93.00,93.00,0,0.010000,12,0
3903,20,0.00,0.00,0,0.010000,10,0
3904,20,123.00,153.00,0,0.010000,9,0
3905,20,153.00,123.00,0,0.010000,9,0
3906,20,93.00,93.00,0,0.010000,12,0
3907,20,63.00,33.00,0,0.010000,11,1
3908,3,89.00,99.00,1,0.010000,1,1
3909,2,100.00,100.00,1,0.010000,0,0
3910,20,0.00,0.00,0,0.010000,10,0
3911,20,0.00,0.00,0,0.010000,10,0
3912,20,-12.00,-12.00,0,0.010000,11,1
3913,20,39.00,49.00,0,0.010000,10,0
3914,20,123.00,153.00,0,0.010000,9,0
3915,20,153.00,123.00,0,0.010000,9,0
3916,20,93.00,93.00,0,0.010000,12,0
3917,2,100.00,100.00,1,0.010000,0,0
3918,2,100.00,100.00,1,0.010000,0,0
3919,2,100.00,100.00,1,0.010000,0,0
3920,20,0.00,0.00,0,0.010000,10,0
3921,20,0.00,0.00,0,0.010000,10,0
3922,20,39.00,39.00,0,0.010000,10,1
3923,0,0.00,0.00,1,0.010000,0,0
3924,20,123.00,153.00,0,0.010000,9,0
3925,20,153.00,123.00,0,0.010000,9,0
3926,20,93.00,93.00,0,0.010000,12,0
3927,20,4.00,4.00,0,0.010000,13,0
3928,2,100.00,100.00,1,0.010000,0,0
3929,2,100.00,100.00,1,0.010000,0,0
3930,20,0.00,0.00,0,0.010000,10,0
3931,20,0.00,0.00,0,0.010000,10,0
3932,1,50.00,50.00,1,0.010000,0,0
3933,20,-12.00,-12.00,0,0.010000,11,0
3934,20,123.00,153.00,0,0.010000,9,0
3935,20,153.00,123.00,0,0.010000,9,0
3936,20,93.00,93.00,0,0.010000,12,0
3937,20,17.00,47.00,0,0.010000,11,0
3938,2,100.00,100.00,1,0.010000,0,0
3939,2,100.00,100.00,1,0.010000,0,0
3940,20,0.00,0.00,0,0.010000,10,0
3941,20,0.00,0.00,0,0.010000,10,0
3942,0,0.00,0.00,1,0.010000,0,0
3943,20,39.00,49.00,0,0.010000,10,0
3944,20,123.00,153.00,0,0.010000,9,0
3945,20,153.00,123.00,0,0.010000,9,0
3946,20,43.00,53.00,0,0.010000,13,1
3947,1,50.00,50.00,1,0.010000,0,0
3948,2,100.00,100.00,1,0.010000,0,0
3949,2,100.00,100.00,1,0.010000,0,0
3950,20,0.00,0.00,0,0.010000,10,0
3951,20,0.00,0.00,0,0.010000,10,0
3952,1,50.00,50.00,1,0.010000,0,0
3953,20,-23.00,-43.00,0,0.010000,14,7
3954,20,123.00,153.00,0,0.010000,9,0
3955,20,153.00,123.00,0,0.010000,9,0
3956,20,93.00,93.00,0,0.010000,12,0
3957,20,-12.00,-12.00,0,0.010000,11,0
3958,2,100.00,100.00,1,0.010000,0,0
3959,2,100.00,100.00,1,0.010000,0,0
3960,20,0.00,0.00,0,0.010000,10,0
3961,20,0.00,0.00,0,0.010000,10,0
3962,1,50.00,50.00,1,0.010000,0,0
3963,0,0.00,0.00,1,0.010000,0,0
3964,20,123.00,153.00,0,0.010000,9,0
3965,20,153.00,123.00,0,0.010000,9,0
3966,20,93.00,93.00,0,0.010000,12,0
3967,20,73.00,43.00,0,0.010000,10,0
3968,2,100.00,100.00,1,0.010000,0,0
3969,2,100.00,100.00,1,0.010000,0,0
3970,20,0.00,0.00,0,0.010000,10,0
3971,20,0.00,0.00,0,0.010000,10,0
3972,0,0.00,0.00,1,0.010000,0,0
3973,1,50.00,50.00,1,0.010000,0,0
3974,20,83.00,103.00,0,0.010000,10,1
3975,20,153.00,123.00,0,0.010000,9,0
3976,20,43.00,43.00,0,0.010000,13,1
3977,0,0.00,0.00,1,0.010000,0,0
3978,2,100.00,100.00,1,0.010000,0,0
3979,2,100.00,100.00,1,0.010000,0,0
3980,20,0.00,0.00,0,0.010000,10,0
3981,20,0.00,0.00,0,0.010000,10,0
3982,1,50.00,50.00,1,0.010000,0,0
3983,20,-51.00,-61.00,0,0.010000,11,0
3984,20,28.00,68.00,0,0.010000,10,2
3985,20,153.00,123.00,0,0.010000,9,0
3986,20,93.00,93.00,0,0.010000,12,0
3987,2,100.00,100.00,1,0.010000,0,0
3988,2,100.00,100.00,1,0.010000,0,0
3989,2,100.00,100.00,1,0.010000,0,0
3990,20,0.00,0.00,0,0.010000,10,0
3991,20,0.00,0.00,0,0.010000,10,0
3992,0,0.00,0.00,1,0.010000,0,0
3993,20,-22.00,-2.00,0,0.010000,11,1
3994,20,123.00,153.00,0,0.010000,9,0
3995,20,153.00,123.00,0,0.010000,9,0
3996,20,93.00,93.00,0,0.010000,12,0
3997,20,43.00,43.00,0,0.010000,13,0
3998,2,100.00,100.00,1,0.010000,0,0
3999,2,100.00,100.00,1,0.010000,0,0

# Summary
# FirstGoalEpisode,8
# TotalGoalCount,1064
# GoalRate_last100,0.34
