Episode,Steps,RewardZ1,RewardZ2,GoalReached,Epsilon,WastedByPenalty,WastedByNoEffect
0,16,135.00,204.00,1,0.300000,7,8
1,0,0.00,0.00,1,0.298800,0,0
2,0,0.00,0.00,1,0.297605,0,0
3,3,12.00,178.00,1,0.296414,2,1
4,14,214.00,212.00,1,0.295229,5,8
5,0,0.00,0.00,1,0.294048,0,0
6,20,0.00,80.00,0,0.292872,1,18
7,2,8.00,194.00,1,0.291700,0,1
8,3,203.00,188.00,1,0.290533,1,1
9,0,0.00,0.00,1,0.289371,0,0
10,4,202.00,3.00,1,0.288214,1,1
11,2,199.00,204.00,1,0.287061,0,0
12,0,0.00,0.00,1,0.285913,0,0
13,0,0.00,0.00,1,0.284769,0,0
14,4,16.00,187.00,1,0.283630,1,2
15,8,223.00,183.00,1,0.282495,4,3
16,0,0.00,0.00,1,0.281365,0,0
17,20,-40.00,-124.00,0,0.280240,4,13
18,20,15.00,80.00,0,0.279119,0,18
19,3,203.00,188.00,1,0.278002,1,1
20,0,0.00,0.00,1,0.276890,0,0
21,1,4.00,200.00,1,0.275783,0,0
22,3,188.00,208.00,1,0.274680,1,1
23,0,0.00,0.00,1,0.273581,0,0
24,3,198.00,193.00,1,0.272487,0,1
25,5,20.00,171.00,1,0.271397,2,3
26,20,10.00,306.00,0,0.270311,0,12
27,0,0.00,0.00,1,0.269230,0,0
28,18,208.00,94.00,1,0.268153,2,13
29,3,198.00,12.00,1,0.267080,0,1
30,2,204.00,199.00,1,0.266012,0,0
31,0,0.00,0.00,1,0.264948,0,0
32,6,235.00,220.00,1,0.263888,1,2
33,2,199.00,204.00,1,0.262833,0,0
34,0,0.00,0.00,1,0.261781,0,0
35,14,63.00,212.00,1,0.260734,4,7
36,2,8.00,199.00,1,0.259691,0,0
37,6,250.00,235.00,1,0.258653,0,2
38,0,0.00,0.00,1,0.257618,0,0
39,20,5.00,80.00,0,0.256587,2,17
40,7,28.00,184.00,1,0.255561,1,5
41,2,204.00,199.00,1,0.254539,0,0
42,0,0.00,0.00,1,0.253521,0,0
43,1,4.00,200.00,1,0.252507,0,0
44,3,193.00,198.00,1,0.251497,0,1
45,0,0.00,0.00,1,0.250491,0,0
46,2,204.00,199.00,1,0.249489,0,0
47,2,8.00,199.00,1,0.248491,0,0
48,10,241.00,183.00,1,0.247497,4,3
49,0,0.00,0.00,1,0.246507,0,0
50,20,216.00,102.00,1,0.245521,2,13
51,1,200.00,4.00,1,0.244539,0,0
52,2,204.00,199.00,1,0.243560,0,0
53,0,0.00,0.00,1,0.242586,0,0
54,0,0.00,0.00,1,0.241616,0,0
55,2,199.00,204.00,1,0.240649,0,0
56,0,0.00,0.00,1,0.239687,0,0
57,14,197.00,18.00,1,0.238728,6,8
58,2,8.00,199.00,1,0.237773,0,0
59,5,246.00,226.00,1,0.236822,1,1
60,0,0.00,0.00,1,0.235875,0,0
61,7,234.00,28.00,1,0.234931,0,3
62,2,194.00,8.00,1,0.233992,0,1
63,2,204.00,199.00,1,0.233056,0,0
64,0,0.00,0.00,1,0.232123,0,0
65,1,4.00,200.00,1,0.231195,0,0
66,2,199.00,204.00,1,0.230270,0,0
67,0,0.00,0.00,1,0.229349,0,0
68,0,0.00,0.00,1,0.228432,0,0
69,2,8.00,199.00,1,0.227518,0,0
70,5,241.00,226.00,1,0.226608,1,1
71,0,0.00,0.00,1,0.225701,0,0
72,2,239.00,8.00,1,0.224799,0,0
73,2,8.00,199.00,1,0.223899,0,0
74,2,204.00,199.00,1,0.223004,0,0
75,0,0.00,0.00,1,0.222112,0,0
76,0,0.00,0.00,1,0.221223,0,0
77,3,198.00,208.00,1,0.220338,0,1
78,0,0.00,0.00,1,0.219457,0,0
79,2,199.00,8.00,1,0.218579,0,0
80,2,8.00,199.00,1,0.217705,0,0
81,4,242.00,237.00,1,0.216834,0,0
82,0,0.00,0.00,1,0.215967,0,0
83,2,239.00,8.00,1,0.215103,0,0
84,1,200.00,4.00,1,0.214243,0,0
85,2,204.00,199.00,1,0.213386,0,0
86,0,0.00,0.00,1,0.212532,0,0
87,4,16.00,117.00,1,0.211682,1,1
88,2,199.00,204.00,1,0.210835,0,0
89,0,0.00,0.00,1,0.209992,0,0
90,3,208.00,198.00,1,0.209152,0,0
91,2,8.00,199.00,1,0.208315,0,0
92,4,242.00,237.00,1,0.207482,0,0
93,0,0.00,0.00,1,0.206652,0,0
94,2,239.00,8.00,1,0.205825,0,0
95,2,204.00,199.00,1,0.205002,0,0
96,2,204.00,199.00,1,0.204182,0,0
97,0,0.00,0.00,1,0.203365,0,0
98,8,-6.00,178.00,1,0.202552,4,2
99,3,193.00,198.00,1,0.201742,0,1
100,0,0.00,0.00,1,0.200935,0,0
101,6,205.00,85.00,1,0.200131,4,3
102,2,8.00,199.00,1,0.199331,0,0
103,5,231.00,236.00,1,0.198533,1,1
104,0,0.00,0.00,1,0.197739,0,0
105,2,239.00,8.00,1,0.196948,0,0
106,8,163.00,32.00,1,0.196160,2,7
107,4,212.00,197.00,1,0.195376,0,2
108,0,0.00,0.00,1,0.194594,0,0
109,1,4.00,200.00,1,0.193816,0,0
110,2,199.00,204.00,1,0.193041,0,0
111,0,0.00,0.00,1,0.192268,0,0
112,0,0.00,0.00,1,0.191499,0,0
113,2,8.00,199.00,1,0.190733,0,0
114,5,241.00,226.00,1,0.189970,1,1
115,0,0.00,0.00,1,0.189210,0,0
116,2,239.00,8.00,1,0.188454,0,0
117,11,190.00,44.00,1,0.187700,0,10
118,2,204.00,199.00,1,0.186949,0,0
119,0,0.00,0.00,1,0.186201,0,0
120,1,200.00,4.00,1,0.185456,0,0
121,2,199.00,204.00,1,0.184715,0,0
122,0,0.00,0.00,1,0.183976,0,0
123,2,8.00,199.00,1,0.183240,0,0
124,2,8.00,199.00,1,0.182507,0,0
125,6,242.00,235.00,1,0.181777,1,0
126,0,0.00,0.00,1,0.181050,0,0
127,2,239.00,8.00,1,0.180326,0,0
128,3,203.00,238.00,1,0.179604,0,0
129,2,204.00,199.00,1,0.178886,0,0
130,0,0.00,0.00,1,0.178170,0,0
131,11,26.00,180.00,1,0.177458,1,8
132,3,188.00,208.00,1,0.176748,1,1
133,0,0.00,0.00,1,0.176041,0,0
134,4,227.00,16.00,1,0.175337,1,1
135,2,8.00,199.00,1,0.174635,0,0
136,5,246.00,196.00,1,0.173937,1,0
137,0,0.00,0.00,1,0.173241,0,0
138,3,228.00,12.00,1,0.172548,1,1
139,1,4.00,200.00,1,0.171858,0,0
140,2,204.00,199.00,1,0.171170,0,0
141,0,0.00,0.00,1,0.170486,0,0
142,0,0.00,0.00,1,0.169804,0,0
143,3,203.00,188.00,1,0.169125,1,0
144,0,0.00,0.00,1,0.168448,0,0
145,2,8.00,189.00,1,0.167774,1,1
146,3,12.00,198.00,1,0.167103,0,1
147,5,241.00,226.00,1,0.166435,1,1
148,0,0.00,0.00,1,0.165769,0,0
149,2,239.00,8.00,1,0.165106,0,0
150,0,0.00,0.00,1,0.164446,0,0
151,2,204.00,199.00,1,0.163788,0,0
152,0,0.00,0.00,1,0.163133,0,0
153,2,204.00,199.00,1,0.162480,0,0
154,5,186.00,203.00,1,0.161830,2,1
155,0,0.00,0.00,1,0.161183,0,0
156,3,12.00,178.00,1,0.160538,2,1
157,2,8.00,199.00,1,0.159896,0,0
158,20,276.00,0.00,0,0.159256,2,18
159,0,0.00,0.00,1,0.158619,0,0
160,2,239.00,8.00,1,0.157985,0,0
161,1,200.00,4.00,1,0.157353,0,0
162,2,204.00,199.00,1,0.156723,0,0
163,0,0.00,0.00,1,0.156097,0,0
164,2,8.00,199.00,1,0.155472,0,0
165,2,199.00,204.00,1,0.154850,0,0
166,0,0.00,0.00,1,0.154231,0,0
167,0,0.00,0.00,1,0.153614,0,0
168,2,8.00,199.00,1,0.153000,0,0
169,3,238.00,208.00,1,0.152388,0,0
170,0,0.00,0.00,1,0.151778,0,0
171,2,239.00,8.00,1,0.151171,0,0
172,0,0.00,0.00,1,0.150566,0,0
173,2,204.00,199.00,1,0.149964,0,0
174,0,0.00,0.00,1,0.149364,0,0
175,2,204.00,199.00,1,0.148767,0,0
176,3,203.00,188.00,1,0.148172,1,0
177,0,0.00,0.00,1,0.147579,0,0
178,1,4.00,200.00,1,0.146989,0,0
179,2,8.00,199.00,1,0.146401,0,0
180,6,225.00,230.00,1,0.145815,1,2
181,0,0.00,0.00,1,0.145232,0,0
182,3,238.00,12.00,1,0.144651,0,1
183,2,189.00,8.00,1,0.144072,1,1
184,4,202.00,197.00,1,0.143496,1,0
185,0,0.00,0.00,1,0.142922,0,0
186,1,200.00,4.00,1,0.142350,0,0
187,5,186.00,216.00,1,0.141781,1,0
188,0,0.00,0.00,1,0.141214,0,0
189,2,8.00,199.00,1,0.140649,0,0
190,3,12.00,188.00,1,0.140086,1,1
191,4,242.00,237.00,1,0.139526,0,0
192,0,0.00,0.00,1,0.138968,0,0
193,2,239.00,8.00,1,0.138412,0,0
194,0,0.00,0.00,1,0.137858,0,0
195,2,204.00,199.00,1,0.137307,0,0
196,0,0.00,0.00,1,0.136758,0,0
197,2,8.00,199.00,1,0.136211,0,0
198,2,199.00,204.00,1,0.135666,0,0
199,0,0.00,0.00,1,0.135123,0,0
200,2,8.00,189.00,1,0.134583,1,0
201,2,8.00,199.00,1,0.134044,0,0
202,4,242.00,237.00,1,0.133508,0,0
203,0,0.00,0.00,1,0.132974,0,0
204,2,239.00,8.00,1,0.132442,0,0
205,4,242.00,237.00,1,0.131912,0,0
206,2,204.00,199.00,1,0.131385,0,0
207,0,0.00,0.00,1,0.130859,0,0
208,3,203.00,238.00,1,0.130336,0,0
209,2,199.00,204.00,1,0.129814,0,0
210,0,0.00,0.00,1,0.129295,0,0
211,2,199.00,8.00,1,0.128778,0,0
212,2,8.00,199.00,1,0.128263,0,0
213,4,242.00,237.00,1,0.127750,0,0
214,0,0.00,0.00,1,0.127239,0,0
215,2,239.00,8.00,1,0.126730,0,0
216,2,199.00,8.00,1,0.126223,0,0
217,2,204.00,199.00,1,0.125718,0,0
218,0,0.00,0.00,1,0.125215,0,0
219,2,199.00,8.00,1,0.124714,0,0
220,3,208.00,198.00,1,0.124215,0,1
221,0,0.00,0.00,1,0.123719,0,0
222,2,199.00,8.00,1,0.123224,0,0
223,2,8.00,199.00,1,0.122731,0,0
224,7,214.00,244.00,1,0.122240,2,2
225,0,0.00,0.00,1,0.121751,0,0
226,2,239.00,8.00,1,0.121264,0,0
227,3,238.00,12.00,1,0.120779,0,0
228,2,204.00,199.00,1,0.120296,0,0
229,0,0.00,0.00,1,0.119815,0,0
230,4,212.00,197.00,1,0.119335,0,1
231,2,199.00,204.00,1,0.118858,0,0
232,0,0.00,0.00,1,0.118383,0,0
233,1,200.00,4.00,1,0.117909,0,0
234,2,8.00,199.00,1,0.117437,0,0
235,4,242.00,237.00,1,0.116968,0,0
236,0,0.00,0.00,1,0.116500,0,0
237,2,239.00,8.00,1,0.116034,0,0
238,1,4.00,200.00,1,0.115570,0,0
239,2,204.00,199.00,1,0.115107,0,0
240,0,0.00,0.00,1,0.114647,0,0
241,1,200.00,4.00,1,0.114188,0,0
242,2,199.00,204.00,1,0.113732,0,0
243,0,0.00,0.00,1,0.113277,0,0
244,0,0.00,0.00,1,0.112824,0,0
245,2,8.00,199.00,1,0.112372,0,0
246,4,242.00,237.00,1,0.111923,0,0
247,0,0.00,0.00,1,0.111475,0,0
248,2,239.00,8.00,1,0.111029,0,0
249,5,201.00,7.00,1,0.110585,1,2
250,3,208.00,198.00,1,0.110143,0,1
251,0,0.00,0.00,1,0.109702,0,0
252,0,0.00,0.00,1,0.109263,0,0
253,3,198.00,193.00,1,0.108826,1,1
254,0,0.00,0.00,1,0.108391,0,0
255,4,207.00,277.00,1,0.107957,0,0
256,2,8.00,199.00,1,0.107526,0,0
257,5,236.00,231.00,1,0.107096,0,1
258,0,0.00,0.00,1,0.106667,0,0
259,2,239.00,8.00,1,0.106240,0,0
260,2,204.00,199.00,1,0.105815,0,0
261,2,204.00,199.00,1,0.105392,0,0
262,0,0.00,0.00,1,0.104971,0,0
263,0,0.00,0.00,1,0.104551,0,0
264,2,199.00,204.00,1,0.104133,0,0
265,0,0.00,0.00,1,0.103716,0,0
266,0,0.00,0.00,1,0.103301,0,0
267,3,12.00,198.00,1,0.102888,0,1
268,4,242.00,237.00,1,0.102476,0,0
269,0,0.00,0.00,1,0.102067,0,0
270,3,233.00,12.00,1,0.101658,0,1
271,4,212.00,197.00,1,0.101252,0,1
272,2,204.00,199.00,1,0.100847,0,0
273,0,0.00,0.00,1,0.100443,0,0
274,4,197.00,204.00,1,0.100041,1,0
275,3,198.00,193.00,1,0.099641,1,1
276,0,0.00,0.00,1,0.099243,0,0
277,5,196.00,276.00,1,0.098846,1,1
278,3,12.00,188.00,1,0.098450,1,1
279,5,231.00,236.00,1,0.098057,1,1
280,0,0.00,0.00,1,0.097664,0,0
281,2,239.00,8.00,1,0.097274,0,0
282,4,202.00,227.00,1,0.096885,1,1
283,2,204.00,199.00,1,0.096497,0,0
284,0,0.00,0.00,1,0.096111,0,0
285,3,203.00,238.00,1,0.095727,0,0
286,2,199.00,204.00,1,0.095344,0,0
287,0,0.00,0.00,1,0.094962,0,0
288,1,200.00,4.00,1,0.094582,0,0
289,4,16.00,177.00,1,0.094204,2,0
290,6,240.00,237.00,1,0.093827,1,0
291,0,0.00,0.00,1,0.093452,0,0
292,2,239.00,8.00,1,0.093078,0,0
293,0,0.00,0.00,1,0.092706,0,0
294,2,204.00,199.00,1,0.092335,0,0
295,0,0.00,0.00,1,0.091966,0,0
296,0,0.00,0.00,1,0.091598,0,0
297,2,199.00,204.00,1,0.091231,0,0
298,0,0.00,0.00,1,0.090867,0,0
299,0,0.00,0.00,1,0.090503,0,0
300,2,8.00,199.00,1,0.090141,0,0
301,4,242.00,237.00,1,0.089781,0,0
302,0,0.00,0.00,1,0.089421,0,0
303,2,239.00,8.00,1,0.089064,0,0
304,1,4.00,200.00,1,0.088707,0,0
305,3,208.00,278.00,1,0.088353,0,0
306,0,0.00,0.00,1,0.087999,0,0
307,0,0.00,0.00,1,0.087647,0,0
308,4,182.00,197.00,1,0.087297,1,2
309,0,0.00,0.00,1,0.086947,0,0
310,0,0.00,0.00,1,0.086600,0,0
311,1,4.00,200.00,1,0.086253,0,0
312,4,242.00,237.00,1,0.085908,0,0
313,0,0.00,0.00,1,0.085565,0,0
314,2,239.00,8.00,1,0.085222,0,0
315,1,4.00,200.00,1,0.084881,0,0
316,2,204.00,199.00,1,0.084542,0,0
317,0,0.00,0.00,1,0.084204,0,0
318,3,238.00,12.00,1,0.083867,0,0
319,2,199.00,204.00,1,0.083531,0,0
320,0,0.00,0.00,1,0.083197,0,0
321,0,0.00,0.00,1,0.082865,0,0
322,2,8.00,199.00,1,0.082533,0,0
323,4,242.00,237.00,1,0.082203,0,0
324,0,0.00,0.00,1,0.081874,0,0
325,2,239.00,8.00,1,0.081547,0,0
326,0,0.00,0.00,1,0.081220,0,0
327,2,204.00,199.00,1,0.080896,0,0
328,0,0.00,0.00,1,0.080572,0,0
329,0,0.00,0.00,1,0.080250,0,0
330,2,199.00,204.00,1,0.079929,0,0
331,0,0.00,0.00,1,0.079609,0,0
332,1,200.00,4.00,1,0.079291,0,0
333,2,8.00,199.00,1,0.078973,0,0
334,4,242.00,237.00,1,0.078658,0,0
335,0,0.00,0.00,1,0.078343,0,0
336,2,239.00,8.00,1,0.078030,0,0
337,0,0.00,0.00,1,0.077717,0,0
338,2,204.00,199.00,1,0.077407,0,0
339,0,0.00,0.00,1,0.077097,0,0
340,0,0.00,0.00,1,0.076789,0,0
341,2,199.00,204.00,1,0.076481,0,0
342,0,0.00,0.00,1,0.076175,0,0
343,3,238.00,12.00,1,0.075871,0,0
344,2,8.00,199.00,1,0.075567,0,0
345,4,242.00,237.00,1,0.075265,0,0
346,0,0.00,0.00,1,0.074964,0,0
347,2,239.00,8.00,1,0.074664,0,0
348,3,243.00,198.00,1,0.074365,0,0
349,2,204.00,199.00,1,0.074068,0,0
350,0,0.00,0.00,1,0.073772,0,0
351,0,0.00,0.00,1,0.073477,0,0
352,2,199.00,204.00,1,0.073183,0,0
353,0,0.00,0.00,1,0.072890,0,0
354,0,0.00,0.00,1,0.072598,0,0
355,2,8.00,199.00,1,0.072308,0,0
356,4,242.00,237.00,1,0.072019,0,0
357,0,0.00,0.00,1,0.071731,0,0
358,2,239.00,8.00,1,0.071444,0,0
359,1,4.00,200.00,1,0.071158,0,0
360,2,204.00,199.00,1,0.070873,0,0
361,0,0.00,0.00,1,0.070590,0,0
362,1,4.00,200.00,1,0.070308,0,0
363,2,199.00,204.00,1,0.070026,0,0
364,0,0.00,0.00,1,0.069746,0,0
365,2,8.00,199.00,1,0.069467,0,1
366,2,8.00,199.00,1,0.069189,0,0
367,4,242.00,237.00,1,0.068913,0,0
368,0,0.00,0.00,1,0.068637,0,0
369,2,239.00,8.00,1,0.068362,0,0
370,0,0.00,0.00,1,0.068089,0,0
371,2,204.00,199.00,1,0.067817,0,0
372,0,0.00,0.00,1,0.067545,0,0
373,1,4.00,200.00,1,0.067275,0,0
374,3,188.00,203.00,1,0.067006,1,1
375,0,0.00,0.00,1,0.066738,0,0
376,0,0.00,0.00,1,0.066471,0,0
377,2,8.00,199.00,1,0.066205,0,0
378,4,242.00,237.00,1,0.065940,0,0
379,0,0.00,0.00,1,0.065677,0,0
380,2,239.00,8.00,1,0.065414,0,0
381,0,0.00,0.00,1,0.065152,0,0
382,2,204.00,199.00,1,0.064892,0,0
383,0,0.00,0.00,1,0.064632,0,0
384,1,4.00,200.00,1,0.064374,0,0
385,2,199.00,204.00,1,0.064116,0,0
386,0,0.00,0.00,1,0.063860,0,0
387,3,198.00,208.00,1,0.063604,0,0
388,2,8.00,199.00,1,0.063350,0,0
389,5,231.00,236.00,1,0.063096,1,1
390,0,0.00,0.00,1,0.062844,0,0
391,2,239.00,8.00,1,0.062593,0,0
392,1,4.00,200.00,1,0.062342,0,0
393,2,204.00,199.00,1,0.062093,0,0
394,0,0.00,0.00,1,0.061844,0,0
395,20,80.00,-35.00,0,0.061597,1,20
396,2,199.00,204.00,1,0.061351,0,0
397,0,0.00,0.00,1,0.061105,0,0
398,0,0.00,0.00,1,0.060861,0,0
399,2,8.00,199.00,1,0.060617,0,0
400,4,242.00,237.00,1,0.060375,0,0
401,0,0.00,0.00,1,0.060133,0,0
402,2,239.00,8.00,1,0.059893,0,0
403,1,4.00,200.00,1,0.059653,0,0
404,2,204.00,199.00,1,0.059415,0,0
405,0,0.00,0.00,1,0.059177,0,0
406,4,207.00,277.00,1,0.058940,0,0
407,2,199.00,204.00,1,0.058705,0,0
408,0,0.00,0.00,1,0.058470,0,0
409,2,199.00,8.00,1,0.058236,0,0
410,2,8.00,199.00,1,0.058003,0,0
411,4,242.00,237.00,1,0.057771,0,0
412,0,0.00,0.00,1,0.057540,0,0
413,2,239.00,8.00,1,0.057310,0,0
414,2,199.00,204.00,1,0.057080,0,0
415,2,204.00,199.00,1,0.056852,0,0
416,0,0.00,0.00,1,0.056625,0,0
417,20,-20.00,80.00,0,0.056398,0,20
418,2,199.00,204.00,1,0.056173,0,0
419,0,0.00,0.00,1,0.055948,0,0
420,2,199.00,204.00,1,0.055724,0,0
421,2,8.00,199.00,1,0.055501,0,0
422,4,242.00,237.00,1,0.055279,0,0
423,0,0.00,0.00,1,0.055058,0,0
424,2,239.00,8.00,1,0.054838,0,0
425,0,0.00,0.00,1,0.054619,0,0
426,4,202.00,197.00,1,0.054400,1,0
427,0,0.00,0.00,1,0.054182,0,0
428,0,0.00,0.00,1,0.053966,0,0
429,2,199.00,204.00,1,0.053750,0,0
430,0,0.00,0.00,1,0.053535,0,0
431,1,200.00,4.00,1,0.053321,0,0
432,3,12.00,198.00,1,0.053107,0,1
433,4,242.00,237.00,1,0.052895,0,0
434,0,0.00,0.00,1,0.052683,0,0
435,2,239.00,8.00,1,0.052473,0,0
436,1,4.00,200.00,1,0.052263,0,0
437,2,204.00,199.00,1,0.052054,0,0
438,0,0.00,0.00,1,0.051846,0,0
439,4,207.00,227.00,1,0.051638,1,1
440,2,199.00,204.00,1,0.051432,0,0
441,0,0.00,0.00,1,0.051226,0,0
442,2,204.00,199.00,1,0.051021,0,0
443,2,8.00,199.00,1,0.050817,0,0
444,4,242.00,237.00,1,0.050614,0,0
445,0,0.00,0.00,1,0.050411,0,0
446,2,239.00,8.00,1,0.050210,0,0
447,0,0.00,0.00,1,0.050009,0,0
448,2,204.00,199.00,1,0.049809,0,0
449,0,0.00,0.00,1,0.049609,0,0
450,1,4.00,200.00,1,0.049411,0,0
451,2,199.00,204.00,1,0.049213,0,0
452,0,0.00,0.00,1,0.049016,0,0
453,0,0.00,0.00,1,0.048820,0,0
454,2,8.00,199.00,1,0.048625,0,0
455,4,242.00,237.00,1,0.048431,0,0
456,0,0.00,0.00,1,0.048237,0,0
457,2,239.00,8.00,1,0.048044,0,0
458,2,199.00,204.00,1,0.047852,0,0
459,2,204.00,199.00,1,0.047660,0,0
460,0,0.00,0.00,1,0.047470,0,0
461,0,0.00,0.00,1,0.047280,0,0
462,3,198.00,208.00,1,0.047091,0,1
463,0,0.00,0.00,1,0.046902,0,0
464,7,289.00,194.00,1,0.046715,1,1
465,2,8.00,199.00,1,0.046528,0,0
466,20,271.00,20.00,0,0.046342,0,18
467,0,0.00,0.00,1,0.046156,0,0
468,2,239.00,8.00,1,0.045972,0,0
469,20,-25.00,80.00,0,0.045788,0,20
470,2,204.00,199.00,1,0.045605,0,0
471,0,0.00,0.00,1,0.045422,0,0
472,6,51.00,235.00,1,0.045241,1,1
473,2,199.00,204.00,1,0.045060,0,0
474,0,0.00,0.00,1,0.044879,0,0
475,1,4.00,200.00,1,0.044700,0,0
476,2,8.00,199.00,1,0.044521,0,0
477,4,242.00,237.00,1,0.044343,0,0
478,0,0.00,0.00,1,0.044166,0,0
479,2,239.00,8.00,1,0.043989,0,0
480,0,0.00,0.00,1,0.043813,0,0
481,2,204.00,199.00,1,0.043638,0,0
482,0,0.00,0.00,1,0.043463,0,0
483,1,200.00,4.00,1,0.043289,0,0
484,2,199.00,204.00,1,0.043116,0,0
485,0,0.00,0.00,1,0.042944,0,0
486,0,0.00,0.00,1,0.042772,0,0
487,2,8.00,199.00,1,0.042601,0,0
488,7,239.00,224.00,1,0.042431,2,1
489,0,0.00,0.00,1,0.042261,0,0
490,2,239.00,8.00,1,0.042092,0,0
491,2,239.00,8.00,1,0.041923,0,0
492,2,204.00,199.00,1,0.041756,0,0
493,0,0.00,0.00,1,0.041589,0,0
494,1,200.00,4.00,1,0.041422,0,0
495,2,199.00,204.00,1,0.041257,0,0
496,0,0.00,0.00,1,0.041092,0,0
497,0,0.00,0.00,1,0.040927,0,0
498,2,8.00,199.00,1,0.040764,0,0
499,4,242.00,237.00,1,0.040600,0,0
500,0,0.00,0.00,1,0.040438,0,0
501,2,239.00,8.00,1,0.040276,0,0
502,1,200.00,4.00,1,0.040115,0,0
503,2,204.00,199.00,1,0.039955,0,0
504,0,0.00,0.00,1,0.039795,0,0
505,3,12.00,178.00,1,0.039636,2,1
506,2,199.00,204.00,1,0.039477,0,0
507,0,0.00,0.00,1,0.039319,0,0
508,1,4.00,200.00,1,0.039162,0,0
509,2,8.00,199.00,1,0.039005,0,0
510,4,242.00,237.00,1,0.038849,0,0
511,0,0.00,0.00,1,0.038694,0,0
512,2,239.00,8.00,1,0.038539,0,0
513,1,4.00,200.00,1,0.038385,0,0
514,2,204.00,199.00,1,0.038231,0,0
515,0,0.00,0.00,1,0.038079,0,0
516,2,204.00,199.00,1,0.037926,0,0
517,2,199.00,204.00,1,0.037775,0,0
518,0,0.00,0.00,1,0.037623,0,0
519,2,204.00,199.00,1,0.037473,0,0
520,2,8.00,199.00,1,0.037323,0,0
521,4,242.00,237.00,1,0.037174,0,0
522,0,0.00,0.00,1,0.037025,0,0
523,2,239.00,8.00,1,0.036877,0,0
524,1,4.00,200.00,1,0.036729,0,0
525,2,204.00,199.00,1,0.036583,0,0
526,0,0.00,0.00,1,0.036436,0,0
527,1,200.00,4.00,1,0.036290,0,0
528,2,199.00,204.00,1,0.036145,0,0
529,0,0.00,0.00,1,0.036001,0,0
530,0,0.00,0.00,1,0.035857,0,0
531,2,8.00,199.00,1,0.035713,0,0
532,4,242.00,237.00,1,0.035570,0,0
533,0,0.00,0.00,1,0.035428,0,0
534,2,239.00,8.00,1,0.035286,0,0
535,1,200.00,4.00,1,0.035145,0,0
536,2,204.00,199.00,1,0.035005,0,0
537,0,0.00,0.00,1,0.034865,0,0
538,3,208.00,198.00,1,0.034725,0,0
539,2,199.00,204.00,1,0.034586,0,0
540,0,0.00,0.00,1,0.034448,0,0
541,0,0.00,0.00,1,0.034310,0,0
542,2,8.00,199.00,1,0.034173,0,0
543,4,242.00,237.00,1,0.034036,0,0
544,0,0.00,0.00,1,0.033900,0,0
545,3,228.00,12.00,1,0.033765,1,1
546,0,0.00,0.00,1,0.033629,0,0
547,2,204.00,199.00,1,0.033495,0,0
548,0,0.00,0.00,1,0.033361,0,0
549,1,4.00,200.00,1,0.033228,0,0
550,2,199.00,204.00,1,0.033095,0,0
551,0,0.00,0.00,1,0.032962,0,0
552,2,199.00,8.00,1,0.032830,0,0
553,2,8.00,199.00,1,0.032699,0,0
554,4,242.00,237.00,1,0.032568,0,0
555,0,0.00,0.00,1,0.032438,0,0
556,2,239.00,8.00,1,0.032308,0,0
557,2,8.00,199.00,1,0.032179,0,0
558,2,204.00,199.00,1,0.032050,0,0
559,0,0.00,0.00,1,0.031922,0,0
560,0,0.00,0.00,1,0.031794,0,0
561,2,199.00,204.00,1,0.031667,0,0
562,0,0.00,0.00,1,0.031541,0,0
563,1,200.00,4.00,1,0.031414,0,0
564,2,8.00,199.00,1,0.031289,0,0
565,4,242.00,237.00,1,0.031164,0,0
566,0,0.00,0.00,1,0.031039,0,0
567,2,239.00,8.00,1,0.030915,0,0
568,0,0.00,0.00,1,0.030791,0,0
569,2,204.00,199.00,1,0.030668,0,0
570,0,0.00,0.00,1,0.030545,0,0
571,0,0.00,0.00,1,0.030423,0,0
572,2,199.00,204.00,1,0.030301,0,0
573,0,0.00,0.00,1,0.030180,0,0
574,0,0.00,0.00,1,0.030059,0,0
575,2,8.00,199.00,1,0.029939,0,0
576,4,242.00,237.00,1,0.029819,0,0
577,0,0.00,0.00,1,0.029700,0,0
578,2,239.00,8.00,1,0.029581,0,0
579,0,0.00,0.00,1,0.029463,0,0
580,2,204.00,199.00,1,0.029345,0,0
581,0,0.00,0.00,1,0.029228,0,0
582,2,204.00,199.00,1,0.029111,0,0
583,2,199.00,204.00,1,0.028994,0,0
584,0,0.00,0.00,1,0.028879,0,0
585,3,198.00,193.00,1,0.028763,1,0
586,2,8.00,199.00,1,0.028648,0,0
587,4,242.00,237.00,1,0.028533,0,0
588,0,0.00,0.00,1,0.028419,0,0
589,2,239.00,8.00,1,0.028306,0,0
590,2,199.00,8.00,1,0.028192,0,0
591,2,204.00,199.00,1,0.028080,0,0
592,0,0.00,0.00,1,0.027967,0,0
593,0,0.00,0.00,1,0.027855,0,0
594,2,199.00,204.00,1,0.027744,0,0
595,0,0.00,0.00,1,0.027633,0,0
596,0,0.00,0.00,1,0.027522,0,0
597,2,8.00,199.00,1,0.027412,0,0
598,4,242.00,237.00,1,0.027303,0,0
599,0,0.00,0.00,1,0.027193,0,0
600,2,239.00,8.00,1,0.027085,0,0
601,0,0.00,0.00,1,0.026976,0,0
602,2,204.00,199.00,1,0.026868,0,0
603,0,0.00,0.00,1,0.026761,0,0
604,0,0.00,0.00,1,0.026654,0,0
605,2,199.00,204.00,1,0.026547,0,0
606,0,0.00,0.00,1,0.026441,0,0
607,0,0.00,0.00,1,0.026335,0,0
608,2,8.00,199.00,1,0.026230,0,0
609,4,242.00,237.00,1,0.026125,0,0
610,0,0.00,0.00,1,0.026021,0,0
611,2,239.00,8.00,1,0.025917,0,0
612,0,0.00,0.00,1,0.025813,0,0
613,2,204.00,199.00,1,0.025710,0,0
614,0,0.00,0.00,1,0.025607,0,0
615,20,80.00,20.00,0,0.025504,0,19
616,2,199.00,204.00,1,0.025402,0,0
617,0,0.00,0.00,1,0.025301,0,0
618,1,4.00,200.00,1,0.025200,0,0
619,2,8.00,199.00,1,0.025099,0,0
620,4,242.00,237.00,1,0.024998,0,0
621,0,0.00,0.00,1,0.024898,0,0
622,2,239.00,8.00,1,0.024799,0,0
623,0,0.00,0.00,1,0.024700,0,0
624,2,204.00,199.00,1,0.024601,0,0
625,0,0.00,0.00,1,0.024502,0,0
626,0,0.00,0.00,1,0.024404,0,0
627,2,199.00,204.00,1,0.024307,0,0
628,0,0.00,0.00,1,0.024209,0,0
629,0,0.00,0.00,1,0.024113,0,0
630,3,12.00,198.00,1,0.024016,0,1
631,4,242.00,237.00,1,0.023920,0,0
632,0,0.00,0.00,1,0.023824,0,0
633,2,239.00,8.00,1,0.023729,0,0
634,0,0.00,0.00,1,0.023634,0,0
635,2,204.00,199.00,1,0.023540,0,0
636,0,0.00,0.00,1,0.023446,0,0
637,3,198.00,12.00,1,0.023352,0,1
638,2,199.00,204.00,1,0.023258,0,0
639,0,0.00,0.00,1,0.023165,0,0
640,4,192.00,117.00,1,0.023073,2,1
641,2,8.00,199.00,1,0.022980,0,0
642,4,242.00,237.00,1,0.022888,0,0
643,0,0.00,0.00,1,0.022797,0,0
644,2,239.00,8.00,1,0.022706,0,0
645,20,-100.00,80.00,0,0.022615,1,18
646,2,204.00,199.00,1,0.022524,0,0
647,0,0.00,0.00,1,0.022434,0,0
648,0,0.00,0.00,1,0.022345,0,0
649,2,199.00,204.00,1,0.022255,0,0
650,0,0.00,0.00,1,0.022166,0,0
651,0,0.00,0.00,1,0.022078,0,0
652,2,8.00,199.00,1,0.021989,0,0
653,4,242.00,237.00,1,0.021901,0,0
654,0,0.00,0.00,1,0.021814,0,0
655,2,239.00,8.00,1,0.021726,0,0
656,2,199.00,8.00,1,0.021640,0,0
657,2,204.00,199.00,1,0.021553,0,0
658,0,0.00,0.00,1,0.021467,0,0
659,2,8.00,199.00,1,0.021381,0,0
660,2,199.00,204.00,1,0.021295,0,0
661,0,0.00,0.00,1,0.021210,0,0
662,2,204.00,199.00,1,0.021125,0,0
663,2,8.00,199.00,1,0.021041,0,0
664,4,242.00,237.00,1,0.020957,0,0
665,0,0.00,0.00,1,0.020873,0,0
666,2,239.00,8.00,1,0.020789,0,0
667,0,0.00,0.00,1,0.020706,0,0
668,2,204.00,199.00,1,0.020623,0,0
669,0,0.00,0.00,1,0.020541,0,0
670,0,0.00,0.00,1,0.020459,0,0
671,2,199.00,204.00,1,0.020377,0,0
672,0,0.00,0.00,1,0.020295,0,0
673,1,4.00,200.00,1,0.020214,0,0
674,2,8.00,199.00,1,0.020133,0,0
675,4,242.00,237.00,1,0.020053,0,0
676,0,0.00,0.00,1,0.019973,0,0
677,2,239.00,8.00,1,0.019893,0,0
678,0,0.00,0.00,1,0.019813,0,0
679,2,204.00,199.00,1,0.019734,0,0
680,0,0.00,0.00,1,0.019655,0,0
681,0,0.00,0.00,1,0.019576,0,0
682,2,199.00,204.00,1,0.019498,0,0
683,0,0.00,0.00,1,0.019420,0,0
684,0,0.00,0.00,1,0.019342,0,0
685,2,8.00,199.00,1,0.019265,0,0
686,4,242.00,237.00,1,0.019188,0,0
687,0,0.00,0.00,1,0.019111,0,0
688,2,239.00,8.00,1,0.019035,0,0
689,1,200.00,4.00,1,0.018959,0,0
690,2,204.00,199.00,1,0.018883,0,0
691,0,0.00,0.00,1,0.018807,0,0
692,0,0.00,0.00,1,0.018732,0,0
693,2,199.00,204.00,1,0.018657,0,0
694,0,0.00,0.00,1,0.018582,0,0
695,0,0.00,0.00,1,0.018508,0,0
696,2,8.00,199.00,1,0.018434,0,0
697,4,242.00,237.00,1,0.018360,0,0
698,0,0.00,0.00,1,0.018287,0,0
699,2,239.00,8.00,1,0.018214,0,0
700,3,198.00,193.00,1,0.018141,1,0
701,2,204.00,199.00,1,0.018068,0,0
702,0,0.00,0.00,1,0.017996,0,0
703,20,-20.00,80.00,0,0.017924,0,0
704,2,199.00,204.00,1,0.017852,0,0
705,0,0.00,0.00,1,0.017781,0,0
706,2,199.00,8.00,1,0.017710,0,0
707,2,8.00,199.00,1,0.017639,0,0
708,4,242.00,237.00,1,0.017568,0,0
709,0,0.00,0.00,1,0.017498,0,0
710,2,239.00,8.00,1,0.017428,0,0
711,2,199.00,204.00,1,0.017358,0,0
712,2,204.00,199.00,1,0.017289,0,0
713,0,0.00,0.00,1,0.017220,0,0
714,0,0.00,0.00,1,0.017151,0,0
715,2,199.00,204.00,1,0.017082,0,0
716,0,0.00,0.00,1,0.017014,0,0
717,0,0.00,0.00,1,0.016946,0,0
718,2,8.00,199.00,1,0.016878,0,0
719,4,242.00,237.00,1,0.016811,0,0
720,0,0.00,0.00,1,0.016743,0,0
721,2,239.00,8.00,1,0.016676,0,0
722,3,203.00,238.00,1,0.016610,0,0
723,2,204.00,199.00,1,0.016543,0,0
724,0,0.00,0.00,1,0.016477,0,0
725,20,-20.00,80.00,0,0.016411,0,0
726,2,199.00,204.00,1,0.016346,0,0
727,0,0.00,0.00,1,0.016280,0,0
728,2,199.00,8.00,1,0.016215,0,0
729,2,8.00,199.00,1,0.016150,0,0
730,4,242.00,237.00,1,0.016086,0,0
731,0,0.00,0.00,1,0.016021,0,0
732,2,239.00,8.00,1,0.015957,0,0
733,3,203.00,118.00,1,0.015893,1,0
734,2,204.00,199.00,1,0.015830,0,0
735,0,0.00,0.00,1,0.015766,0,0
736,1,4.00,200.00,1,0.015703,0,0
737,2,199.00,204.00,1,0.015641,0,0
738,0,0.00,0.00,1,0.015578,0,0
739,0,0.00,0.00,1,0.015516,0,0
740,2,8.00,199.00,1,0.015454,0,0
741,4,242.00,237.00,1,0.015392,0,0
742,0,0.00,0.00,1,0.015330,0,0
743,2,239.00,8.00,1,0.015269,0,0
744,1,4.00,200.00,1,0.015208,0,0
745,2,204.00,199.00,1,0.015147,0,0
746,0,0.00,0.00,1,0.015086,0,0
747,0,0.00,0.00,1,0.015026,0,0
748,2,199.00,204.00,1,0.014966,0,0
749,0,0.00,0.00,1,0.014906,0,0
750,2,204.00,199.00,1,0.014847,0,0
751,2,8.00,199.00,1,0.014787,0,0
752,4,242.00,237.00,1,0.014728,0,0
753,0,0.00,0.00,1,0.014669,0,0
754,2,239.00,8.00,1,0.014610,0,0
755,1,4.00,200.00,1,0.014552,0,0
756,2,204.00,199.00,1,0.014494,0,0
757,0,0.00,0.00,1,0.014436,0,0
758,2,199.00,8.00,1,0.014378,0,0
759,2,199.00,204.00,1,0.014321,0,0
760,0,0.00,0.00,1,0.014263,0,0
761,2,204.00,199.00,1,0.014206,0,0
762,2,8.00,199.00,1,0.014149,0,0
763,4,242.00,237.00,1,0.014093,0,0
764,0,0.00,0.00,1,0.014036,0,0
765,2,239.00,8.00,1,0.013980,0,0
766,2,8.00,199.00,1,0.013924,0,0
767,2,204.00,199.00,1,0.013869,0,0
768,0,0.00,0.00,1,0.013813,0,0
769,0,0.00,0.00,1,0.013758,0,0
770,2,199.00,204.00,1,0.013703,0,0
771,0,0.00,0.00,1,0.013648,0,0
772,0,0.00,0.00,1,0.013593,0,0
773,2,8.00,199.00,1,0.013539,0,0
774,5,241.00,226.00,1,0.013485,1,1
775,0,0.00,0.00,1,0.013431,0,0
776,2,239.00,8.00,1,0.013377,0,0
777,0,0.00,0.00,1,0.013324,0,0
778,2,204.00,199.00,1,0.013270,0,0
779,0,0.00,0.00,1,0.013217,0,0
780,0,0.00,0.00,1,0.013165,0,0
781,2,199.00,204.00,1,0.013112,0,0
782,0,0.00,0.00,1,0.013059,0,0
783,0,0.00,0.00,1,0.013007,0,0
784,2,8.00,199.00,1,0.012955,0,0
785,4,242.00,237.00,1,0.012903,0,0
786,0,0.00,0.00,1,0.012852,0,0
787,2,239.00,8.00,1,0.012800,0,0
788,1,200.00,4.00,1,0.012749,0,0
789,2,204.00,199.00,1,0.012698,0,0
790,0,0.00,0.00,1,0.012647,0,0
791,1,4.00,200.00,1,0.012597,0,0
792,2,199.00,204.00,1,0.012546,0,0
793,0,0.00,0.00,1,0.012496,0,0
794,1,200.00,4.00,1,0.012446,0,0
795,2,8.00,199.00,1,0.012396,0,0
796,4,242.00,237.00,1,0.012347,0,0
797,0,0.00,0.00,1,0.012297,0,0
798,2,239.00,8.00,1,0.012248,0,0
799,3,238.00,12.00,1,0.012199,0,0
800,2,204.00,199.00,1,0.012150,0,0
801,0,0.00,0.00,1,0.012102,0,0
802,0,0.00,0.00,1,0.012053,0,0
803,2,199.00,204.00,1,0.012005,0,0
804,0,0.00,0.00,1,0.011957,0,0
805,2,8.00,199.00,1,0.011909,0,0
806,3,-1.00,203.00,1,0.011862,1,0
807,4,242.00,237.00,1,0.011814,0,0
808,0,0.00,0.00,1,0.011767,0,0
809,2,239.00,8.00,1,0.011720,0,0
810,1,200.00,4.00,1,0.011673,0,0
811,2,204.00,199.00,1,0.011626,0,0
812,0,0.00,0.00,1,0.011580,0,0
813,1,200.00,4.00,1,0.011534,0,0
814,2,199.00,204.00,1,0.011487,0,0
815,0,0.00,0.00,1,0.011441,0,0
816,2,199.00,204.00,1,0.011396,0,0
817,2,8.00,199.00,1,0.011350,0,0
818,5,236.00,251.00,1,0.011305,0,0
819,0,0.00,0.00,1,0.011260,0,0
820,2,239.00,8.00,1,0.011214,0,0
821,20,-20.00,80.00,0,0.011170,0,0
822,2,204.00,199.00,1,0.011125,0,0
823,0,0.00,0.00,1,0.011080,0,0
824,4,207.00,277.00,1,0.011036,0,0
825,2,199.00,204.00,1,0.010992,0,0
826,0,0.00,0.00,1,0.010948,0,0
827,0,0.00,0.00,1,0.010904,0,0
828,2,8.00,199.00,1,0.010861,0,0
829,4,242.00,237.00,1,0.010817,0,0
830,0,0.00,0.00,1,0.010774,0,0
831,2,239.00,8.00,1,0.010731,0,0
832,2,204.00,199.00,1,0.010688,0,0
833,2,204.00,199.00,1,0.010645,0,0
834,0,0.00,0.00,1,0.010603,0,0
835,2,199.00,204.00,1,0.010560,0,0
836,2,199.00,204.00,1,0.010518,0,0
837,0,0.00,0.00,1,0.010476,0,0
838,4,207.00,277.00,1,0.010434,0,0
839,2,8.00,199.00,1,0.010392,0,0
840,4,242.00,237.00,1,0.010351,0,0
841,0,0.00,0.00,1,0.010309,0,0
842,2,239.00,8.00,1,0.010268,0,0
843,2,204.00,199.00,1,0.010227,0,0
844,2,204.00,199.00,1,0.010186,0,0
845,0,0.00,0.00,1,0.010145,0,0
846,20,80.00,-20.00,0,0.010105,0,20
847,2,199.00,204.00,1,0.010064,0,0
848,0,0.00,0.00,1,0.010024,0,0
849,0,0.00,0.00,1,0.010000,0,0
850,2,8.00,199.00,1,0.010000,0,0
851,4,242.00,237.00,1,0.010000,0,0
852,0,0.00,0.00,1,0.010000,0,0
853,2,239.00,8.00,1,0.010000,0,0
854,20,-20.00,80.00,0,0.010000,0,20
855,2,204.00,199.00,1,0.010000,0,0
856,0,0.00,0.00,1,0.010000,0,0
857,1,200.00,4.00,1,0.010000,0,0
858,2,199.00,204.00,1,0.010000,0,0
859,0,0.00,0.00,1,0.010000,0,0
860,2,8.00,189.00,1,0.010000,1,0
861,2,8.00,199.00,1,0.010000,0,0
862,4,242.00,237.00,1,0.010000,0,0
863,0,0.00,0.00,1,0.010000,0,0
864,1,200.00,4.00,1,0.010000,0,0
865,0,0.00,0.00,1,0.010000,0,0
866,2,204.00,199.00,1,0.010000,0,0
867,0,0.00,0.00,1,0.010000,0,0
868,0,0.00,0.00,1,0.010000,0,0
869,2,199.00,204.00,1,0.010000,0,0
870,0,0.00,0.00,1,0.010000,0,0
871,0,0.00,0.00,1,0.010000,0,0
872,2,8.00,199.00,1,0.010000,0,0
873,4,242.00,237.00,1,0.010000,0,0
874,0,0.00,0.00,1,0.010000,0,0
875,2,239.00,8.00,1,0.010000,0,0
876,1,200.00,4.00,1,0.010000,0,0
877,2,204.00,199.00,1,0.010000,0,0
878,0,0.00,0.00,1,0.010000,0,0
879,1,200.00,4.00,1,0.010000,0,0
880,2,199.00,204.00,1,0.010000,0,0
881,0,0.00,0.00,1,0.010000,0,0
882,2,8.00,199.00,1,0.010000,0,0
883,2,8.00,199.00,1,0.010000,0,0
884,4,242.00,237.00,1,0.010000,0,0
885,0,0.00,0.00,1,0.010000,0,0
886,2,239.00,8.00,1,0.010000,0,0
887,2,8.00,199.00,1,0.010000,0,0
888,2,204.00,199.00,1,0.010000,0,0
889,0,0.00,0.00,1,0.010000,0,0
890,1,200.00,4.00,1,0.010000,0,0
891,2,199.00,204.00,1,0.010000,0,0
892,0,0.00,0.00,1,0.010000,0,0
893,2,8.00,199.00,1,0.010000,0,0
894,2,8.00,199.00,1,0.010000,0,0
895,4,242.00,237.00,1,0.010000,0,0
896,0,0.00,0.00,1,0.010000,0,0
897,2,239.00,8.00,1,0.010000,0,0
898,0,0.00,0.00,1,0.010000,0,0
899,2,204.00,199.00,1,0.010000,0,0
900,0,0.00,0.00,1,0.010000,0,0
901,2,204.00,199.00,1,0.010000,0,0
902,2,199.00,204.00,1,0.010000,0,0
903,0,0.00,0.00,1,0.010000,0,0
904,5,236.00,20.00,1,0.010000,0,0
905,2,8.00,199.00,1,0.010000,0,0
906,5,241.00,226.00,1,0.010000,1,1
907,0,0.00,0.00,1,0.010000,0,0
908,2,239.00,8.00,1,0.010000,0,0
909,0,0.00,0.00,1,0.010000,0,0
910,2,204.00,199.00,1,0.010000,0,0
911,0,0.00,0.00,1,0.010000,0,0
912,1,4.00,200.00,1,0.010000,0,0
913,2,199.00,204.00,1,0.010000,0,0
914,0,0.00,0.00,1,0.010000,0,0
915,0,0.00,0.00,1,0.010000,0,0
916,2,8.00,199.00,1,0.010000,0,0
917,4,242.00,237.00,1,0.010000,0,0
918,0,0.00,0.00,1,0.010000,0,0
919,2,239.00,8.00,1,0.010000,0,0
920,1,200.00,4.00,1,0.010000,0,0
921,2,204.00,199.00,1,0.010000,0,0
922,0,0.00,0.00,1,0.010000,0,0
923,1,4.00,200.00,1,0.010000,0,0
924,2,199.00,204.00,1,0.010000,0,0
925,0,0.00,0.00,1,0.010000,0,0
926,0,0.00,0.00,1,0.010000,0,0
927,2,8.00,199.00,1,0.010000,0,0
928,4,242.00,237.00,1,0.010000,0,0
929,0,0.00,0.00,1,0.010000,0,0
930,2,239.00,8.00,1,0.010000,0,0
931,20,80.00,20.00,0,0.010000,0,19
932,2,204.00,199.00,1,0.010000,0,0
933,0,0.00,0.00,1,0.010000,0,0
934,1,200.00,4.00,1,0.010000,0,0
935,2,199.00,204.00,1,0.010000,0,0
936,0,0.00,0.00,1,0.010000,0,0
937,20,-20.00,80.00,0,0.010000,0,0
938,2,8.00,199.00,1,0.010000,0,0
939,4,242.00,237.00,1,0.010000,0,0
940,0,0.00,0.00,1,0.010000,0,0
941,4,237.00,16.00,1,0.010000,1,0
942,2,8.00,199.00,1,0.010000,0,0
943,2,204.00,199.00,1,0.010000,0,0
944,0,0.00,0.00,1,0.010000,0,0
945,2,204.00,199.00,1,0.010000,0,0
946,2,199.00,204.00,1,0.010000,0,0
947,0,0.00,0.00,1,0.010000,0,0
948,20,-20.00,80.00,0,0.010000,0,20
949,3,-1.00,203.00,1,0.010000,1,0
950,4,242.00,237.00,1,0.010000,0,0
951,0,0.00,0.00,1,0.010000,0,0
952,2,239.00,8.00,1,0.010000,0,0
953,0,0.00,0.00,1,0.010000,0,0
954,2,204.00,199.00,1,0.010000,0,0
955,0,0.00,0.00,1,0.010000,0,0
956,2,8.00,189.00,1,0.010000,1,0
957,2,199.00,204.00,1,0.010000,0,0
958,0,0.00,0.00,1,0.010000,0,0
959,20,-20.00,80.00,0,0.010000,0,0
960,2,8.00,199.00,1,0.010000,0,0
961,4,242.00,237.00,1,0.010000,0,0
962,0,0.00,0.00,1,0.010000,0,0
963,2,239.00,8.00,1,0.010000,0,0
964,1,4.00,200.00,1,0.010000,0,0
965,2,204.00,199.00,1,0.010000,0,0
966,0,0.00,0.00,1,0.010000,0,0
967,1,200.00,4.00,1,0.010000,0,0
968,2,199.00,204.00,1,0.010000,0,0
969,0,0.00,0.00,1,0.010000,0,0
970,0,0.00,0.00,1,0.010000,0,0
971,2,8.00,199.00,1,0.010000,0,0
972,4,242.00,237.00,1,0.010000,0,0
973,0,0.00,0.00,1,0.010000,0,0
974,2,239.00,8.00,1,0.010000,0,0
975,3,208.00,198.00,1,0.010000,0,0
976,2,204.00,199.00,1,0.010000,0,0
977,0,0.00,0.00,1,0.010000,0,0
978,0,0.00,0.00,1,0.010000,0,0
979,2,199.00,204.00,1,0.010000,0,0
980,0,0.00,0.00,1,0.010000,0,0
981,20,-20.00,80.00,0,0.010000,0,0
982,2,8.00,199.00,1,0.010000,0,0
983,4,242.00,237.00,1,0.010000,0,0
984,0,0.00,0.00,1,0.010000,0,0
985,2,239.00,8.00,1,0.010000,0,0
986,20,-20.00,80.00,0,0.010000,0,20
987,2,204.00,199.00,1,0.010000,0,0
988,0,0.00,0.00,1,0.010000,0,0
989,0,0.00,0.00,1,0.010000,0,0
990,2,199.00,204.00,1,0.010000,0,0
991,0,0.00,0.00,1,0.010000,0,0
992,2,204.00,199.00,1,0.010000,0,0
993,2,8.00,199.00,1,0.010000,0,0
994,4,242.00,237.00,1,0.010000,0,0
995,0,0.00,0.00,1,0.010000,0,0
996,2,239.00,8.00,1,0.010000,0,0
997,0,0.00,0.00,1,0.010000,0,0
998,2,204.00,199.00,1,0.010000,0,0
999,0,0.00,0.00,1,0.010000,0,0
1000,0,0.00,0.00,1,0.010000,0,0
1001,2,199.00,204.00,1,0.010000,0,0
1002,0,0.00,0.00,1,0.010000,0,0
1003,20,-20.00,80.00,0,0.010000,0,0
1004,2,8.00,199.00,1,0.010000,0,0
1005,4,242.00,237.00,1,0.010000,0,0
1006,0,0.00,0.00,1,0.010000,0,0
1007,2,239.00,8.00,1,0.010000,0,0
1008,1,200.00,4.00,1,0.010000,0,0
1009,2,204.00,199.00,1,0.010000,0,0
1010,0,0.00,0.00,1,0.010000,0,0
1011,3,198.00,193.00,1,0.010000,1,0
1012,2,199.00,204.00,1,0.010000,0,0
1013,0,0.00,0.00,1,0.010000,0,0
1014,0,0.00,0.00,1,0.010000,0,0
1015,2,8.00,199.00,1,0.010000,0,0
1016,4,242.00,237.00,1,0.010000,0,0
1017,0,0.00,0.00,1,0.010000,0,0
1018,2,239.00,8.00,1,0.010000,0,0
1019,1,200.00,4.00,1,0.010000,0,0
1020,2,204.00,199.00,1,0.010000,0,0
1021,0,0.00,0.00,1,0.010000,0,0
1022,0,0.00,0.00,1,0.010000,0,0
1023,2,199.00,204.00,1,0.010000,0,0
1024,0,0.00,0.00,1,0.010000,0,0
1025,0,0.00,0.00,1,0.010000,0,0
1026,2,8.00,199.00,1,0.010000,0,0
1027,4,242.00,237.00,1,0.010000,0,0
1028,0,0.00,0.00,1,0.010000,0,0
1029,2,239.00,8.00,1,0.010000,0,0
1030,1,4.00,200.00,1,0.010000,0,0
1031,2,204.00,199.00,1,0.010000,0,0
1032,0,0.00,0.00,1,0.010000,0,0
1033,0,0.00,0.00,1,0.010000,0,0
1034,2,199.00,204.00,1,0.010000,0,0
1035,0,0.00,0.00,1,0.010000,0,0
1036,2,8.00,199.00,1,0.010000,0,0
1037,2,8.00,199.00,1,0.010000,0,0
1038,4,242.00,237.00,1,0.010000,0,0
1039,0,0.00,0.00,1,0.010000,0,0
1040,2,239.00,8.00,1,0.010000,0,0
1041,1,4.00,200.00,1,0.010000,0,0
1042,2,204.00,199.00,1,0.010000,0,0
1043,0,0.00,0.00,1,0.010000,0,0
1044,0,0.00,0.00,1,0.010000,0,0
1045,2,199.00,204.00,1,0.010000,0,0
1046,0,0.00,0.00,1,0.010000,0,0
1047,1,4.00,200.00,1,0.010000,0,0
1048,2,8.00,199.00,1,0.010000,0,0
1049,4,242.00,237.00,1,0.010000,0,0
1050,0,0.00,0.00,1,0.010000,0,0
1051,2,239.00,8.00,1,0.010000,0,0
1052,20,-20.00,80.00,0,0.010000,0,0
1053,2,204.00,199.00,1,0.010000,0,0
1054,0,0.00,0.00,1,0.010000,0,0
1055,0,0.00,0.00,1,0.010000,0,0
1056,2,199.00,204.00,1,0.010000,0,0
1057,0,0.00,0.00,1,0.010000,0,0
1058,2,199.00,8.00,1,0.010000,0,0
1059,2,8.00,199.00,1,0.010000,0,0
1060,4,242.00,237.00,1,0.010000,0,0
1061,0,0.00,0.00,1,0.010000,0,0
1062,2,239.00,8.00,1,0.010000,0,0
1063,1,200.00,4.00,1,0.010000,0,0
1064,2,204.00,199.00,1,0.010000,0,0
1065,0,0.00,0.00,1,0.010000,0,0
1066,2,239.00,8.00,1,0.010000,0,0
1067,2,199.00,204.00,1,0.010000,0,0
1068,0,0.00,0.00,1,0.010000,0,0
1069,2,199.00,8.00,1,0.010000,0,0
1070,2,8.00,199.00,1,0.010000,0,0
1071,4,242.00,237.00,1,0.010000,0,0
1072,0,0.00,0.00,1,0.010000,0,0
1073,2,239.00,8.00,1,0.010000,0,0
1074,20,80.00,20.00,0,0.010000,0,19
1075,2,204.00,199.00,1,0.010000,0,0
1076,0,0.00,0.00,1,0.010000,0,0
1077,1,4.00,200.00,1,0.010000,0,0
1078,2,199.00,204.00,1,0.010000,0,0
1079,0,0.00,0.00,1,0.010000,0,0
1080,0,0.00,0.00,1,0.010000,0,0
1081,2,8.00,199.00,1,0.010000,0,0
1082,4,242.00,237.00,1,0.010000,0,0
1083,0,0.00,0.00,1,0.010000,0,0
1084,2,239.00,8.00,1,0.010000,0,0
1085,1,200.00,4.00,1,0.010000,0,0
1086,2,204.00,199.00,1,0.010000,0,0
1087,0,0.00,0.00,1,0.010000,0,0
1088,0,0.00,0.00,1,0.010000,0,0
1089,2,199.00,204.00,1,0.010000,0,0
1090,0,0.00,0.00,1,0.010000,0,0
1091,2,199.00,204.00,1,0.010000,0,0
1092,2,8.00,199.00,1,0.010000,0,0
1093,4,242.00,237.00,1,0.010000,0,0
1094,0,0.00,0.00,1,0.010000,0,0
1095,2,239.00,8.00,1,0.010000,0,0
1096,2,8.00,199.00,1,0.010000,0,0
1097,2,204.00,199.00,1,0.010000,0,0
1098,0,0.00,0.00,1,0.010000,0,0
1099,3,203.00,238.00,1,0.010000,0,0
1100,2,199.00,204.00,1,0.010000,0,0
1101,0,0.00,0.00,1,0.010000,0,0
1102,4,242.00,237.00,1,0.010000,0,0
1103,2,8.00,199.00,1,0.010000,0,0
1104,4,242.00,237.00,1,0.010000,0,0
1105,0,0.00,0.00,1,0.010000,0,0
1106,2,239.00,8.00,1,0.010000,0,0
1107,2,199.00,8.00,1,0.010000,0,0
1108,2,204.00,199.00,1,0.010000,0,0
1109,0,0.00,0.00,1,0.010000,0,0
1110,2,199.00,204.00,1,0.010000,0,0
1111,2,199.00,204.00,1,0.010000,0,0
1112,0,0.00,0.00,1,0.010000,0,0
1113,1,4.00,200.00,1,0.010000,0,0
1114,2,8.00,199.00,1,0.010000,0,0
1115,4,242.00,237.00,1,0.010000,0,0
1116,0,0.00,0.00,1,0.010000,0,0
1117,2,239.00,8.00,1,0.010000,0,0
1118,2,8.00,199.00,1,0.010000,0,0
1119,2,204.00,199.00,1,0.010000,0,0
1120,0,0.00,0.00,1,0.010000,0,0
1121,20,-20.00,80.00,0,0.010000,0,0
1122,2,199.00,204.00,1,0.010000,0,0
1123,0,0.00,0.00,1,0.010000,0,0
1124,2,204.00,199.00,1,0.010000,0,0
1125,2,8.00,199.00,1,0.010000,0,0
1126,4,242.00,237.00,1,0.010000,0,0
1127,0,0.00,0.00,1,0.010000,0,0
1128,2,239.00,8.00,1,0.010000,0,0
1129,2,239.00,8.00,1,0.010000,0,0
1130,2,204.00,199.00,1,0.010000,0,0
1131,0,0.00,0.00,1,0.010000,0,0
1132,3,198.00,193.00,1,0.010000,1,0
1133,2,199.00,204.00,1,0.010000,0,0
1134,0,0.00,0.00,1,0.010000,0,0
1135,0,0.00,0.00,1,0.010000,0,0
1136,2,8.00,199.00,1,0.010000,0,0
1137,4,242.00,237.00,1,0.010000,0,0
1138,0,0.00,0.00,1,0.010000,0,0
1139,2,239.00,8.00,1,0.010000,0,0
1140,1,200.00,4.00,1,0.010000,0,0
1141,2,204.00,199.00,1,0.010000,0,0
1142,0,0.00,0.00,1,0.010000,0,0
1143,1,4.00,200.00,1,0.010000,0,0
1144,2,199.00,204.00,1,0.010000,0,0
1145,0,0.00,0.00,1,0.010000,0,0
1146,1,4.00,200.00,1,0.010000,0,0
1147,2,8.00,199.00,1,0.010000,0,0
1148,4,242.00,237.00,1,0.010000,0,0
1149,0,0.00,0.00,1,0.010000,0,0
1150,2,239.00,8.00,1,0.010000,0,0
1151,4,207.00,277.00,1,0.010000,0,0
1152,2,204.00,199.00,1,0.010000,0,0
1153,0,0.00,0.00,1,0.010000,0,0
1154,2,8.00,199.00,1,0.010000,0,0
1155,2,199.00,204.00,1,0.010000,0,0
1156,0,0.00,0.00,1,0.010000,0,0
1157,1,4.00,200.00,1,0.010000,0,0
1158,2,8.00,199.00,1,0.010000,0,0
1159,4,242.00,237.00,1,0.010000,0,0
1160,0,0.00,0.00,1,0.010000,0,0
1161,2,239.00,8.00,1,0.010000,0,0
1162,0,0.00,0.00,1,0.010000,0,0
1163,2,204.00,199.00,1,0.010000,0,0
1164,0,0.00,0.00,1,0.010000,0,0
1165,0,0.00,0.00,1,0.010000,0,0
1166,2,199.00,204.00,1,0.010000,0,0
1167,0,0.00,0.00,1,0.010000,0,0
1168,1,200.00,4.00,1,0.010000,0,0
1169,2,8.00,199.00,1,0.010000,0,0
1170,4,242.00,237.00,1,0.010000,0,0
1171,0,0.00,0.00,1,0.010000,0,0
1172,2,239.00,8.00,1,0.010000,0,0
1173,1,200.00,4.00,1,0.010000,0,0
1174,2,204.00,199.00,1,0.010000,0,0
1175,0,0.00,0.00,1,0.010000,0,0
1176,1,4.00,200.00,1,0.010000,0,0
1177,2,199.00,204.00,1,0.010000,0,0
1178,0,0.00,0.00,1,0.010000,0,0
1179,2,204.00,199.00,1,0.010000,0,0
1180,2,8.00,199.00,1,0.010000,0,0
1181,4,242.00,237.00,1,0.010000,0,0
1182,0,0.00,0.00,1,0.010000,0,0
1183,2,239.00,8.00,1,0.010000,0,0
1184,0,0.00,0.00,1,0.010000,0,0
1185,2,204.00,199.00,1,0.010000,0,0
1186,0,0.00,0.00,1,0.010000,0,0
1187,2,204.00,199.00,1,0.010000,0,0
1188,2,199.00,204.00,1,0.010000,0,0
1189,0,0.00,0.00,1,0.010000,0,0
1190,0,0.00,0.00,1,0.010000,0,0
1191,2,8.00,199.00,1,0.010000,0,0
1192,4,242.00,237.00,1,0.010000,0,0
1193,0,0.00,0.00,1,0.010000,0,0
1194,2,239.00,8.00,1,0.010000,0,0
1195,1,200.00,4.00,1,0.010000,0,0
1196,2,204.00,199.00,1,0.010000,0,0
1197,0,0.00,0.00,1,0.010000,0,0
1198,1,200.00,4.00,1,0.010000,0,0
1199,2,199.00,204.00,1,0.010000,0,0
1200,0,0.00,0.00,1,0.010000,0,0
1201,0,0.00,0.00,1,0.010000,0,0
1202,2,8.00,199.00,1,0.010000,0,0
1203,4,242.00,237.00,1,0.010000,0,0
1204,0,0.00,0.00,1,0.010000,0,0
1205,2,239.00,8.00,1,0.010000,0,0
1206,3,208.00,198.00,1,0.010000,0,0
1207,2,204.00,199.00,1,0.010000,0,0
1208,0,0.00,0.00,1,0.010000,0,0
1209,2,204.00,199.00,1,0.010000,0,0
1210,2,199.00,204.00,1,0.010000,0,0
1211,0,0.00,0.00,1,0.010000,0,0
1212,0,0.00,0.00,1,0.010000,0,0
1213,2,8.00,199.00,1,0.010000,0,0
1214,4,242.00,237.00,1,0.010000,0,0
1215,0,0.00,0.00,1,0.010000,0,0
1216,2,239.00,8.00,1,0.010000,0,0
1217,2,8.00,199.00,1,0.010000,0,0
1218,2,204.00,199.00,1,0.010000,0,0
1219,0,0.00,0.00,1,0.010000,0,0
1220,1,200.00,4.00,1,0.010000,0,0
1221,2,199.00,204.00,1,0.010000,0,0
1222,0,0.00,0.00,1,0.010000,0,0
1223,0,0.00,0.00,1,0.010000,0,0
1224,2,8.00,199.00,1,0.010000,0,0
1225,4,242.00,237.00,1,0.010000,0,0
1226,0,0.00,0.00,1,0.010000,0,0
1227,2,239.00,8.00,1,0.010000,0,0
1228,0,0.00,0.00,1,0.010000,0,0
1229,2,204.00,199.00,1,0.010000,0,0
1230,0,0.00,0.00,1,0.010000,0,0
1231,20,-20.00,80.00,0,0.010000,0,0
1232,2,199.00,204.00,1,0.010000,0,0
1233,0,0.00,0.00,1,0.010000,0,0
1234,1,200.00,4.00,1,0.010000,0,0
1235,2,8.00,199.00,1,0.010000,0,0
1236,4,242.00,237.00,1,0.010000,0,0
1237,0,0.00,0.00,1,0.010000,0,0
1238,2,239.00,8.00,1,0.010000,0,0
1239,1,200.00,4.00,1,0.010000,0,0
1240,2,204.00,199.00,1,0.010000,0,0
1241,0,0.00,0.00,1,0.010000,0,0
1242,1,4.00,200.00,1,0.010000,0,0
1243,2,199.00,204.00,1,0.010000,0,0
1244,0,0.00,0.00,1,0.010000,0,0
1245,1,200.00,4.00,1,0.010000,0,0
1246,1,4.00,200.00,1,0.010000,0,0
1247,4,242.00,237.00,1,0.010000,0,0
1248,0,0.00,0.00,1,0.010000,0,0
1249,2,239.00,8.00,1,0.010000,0,0
1250,1,200.00,4.00,1,0.010000,0,0
1251,2,204.00,199.00,1,0.010000,0,0
1252,0,0.00,0.00,1,0.010000,0,0
1253,1,4.00,200.00,1,0.010000,0,0
1254,2,199.00,204.00,1,0.010000,0,0
1255,0,0.00,0.00,1,0.010000,0,0
1256,0,0.00,0.00,1,0.010000,0,0
1257,2,8.00,199.00,1,0.010000,0,0
1258,4,242.00,237.00,1,0.010000,0,0
1259,0,0.00,0.00,1,0.010000,0,0
1260,2,239.00,8.00,1,0.010000,0,0
1261,1,4.00,200.00,1,0.010000,0,0
1262,2,204.00,199.00,1,0.010000,0,0
1263,0,0.00,0.00,1,0.010000,0,0
1264,0,0.00,0.00,1,0.010000,0,0
1265,2,199.00,204.00,1,0.010000,0,0
1266,0,0.00,0.00,1,0.010000,0,0
1267,1,200.00,4.00,1,0.010000,0,0
1268,2,8.00,199.00,1,0.010000,0,0
1269,4,242.00,237.00,1,0.010000,0,0
1270,0,0.00,0.00,1,0.010000,0,0
1271,2,239.00,8.00,1,0.010000,0,0
1272,20,80.00,-20.00,0,0.010000,0,20
1273,2,204.00,199.00,1,0.010000,0,0
1274,0,0.00,0.00,1,0.010000,0,0
1275,2,199.00,8.00,1,0.010000,0,0
1276,2,199.00,204.00,1,0.010000,0,0
1277,0,0.00,0.00,1,0.010000,0,0
1278,0,0.00,0.00,1,0.010000,0,0
1279,2,8.00,199.00,1,0.010000,0,0
1280,4,242.00,237.00,1,0.010000,0,0
1281,0,0.00,0.00,1,0.010000,0,0
1282,2,239.00,8.00,1,0.010000,0,0
1283,2,204.00,199.00,1,0.010000,0,0
1284,2,204.00,199.00,1,0.010000,0,0
1285,0,0.00,0.00,1,0.010000,0,0
1286,3,238.00,12.00,1,0.010000,0,0
1287,2,199.00,204.00,1,0.010000,0,0
1288,0,0.00,0.00,1,0.010000,0,0
1289,3,208.00,198.00,1,0.010000,0,0
1290,2,8.00,199.00,1,0.010000,0,0
1291,4,242.00,237.00,1,0.010000,0,0
1292,0,0.00,0.00,1,0.010000,0,0
1293,2,239.00,8.00,1,0.010000,0,0
1294,0,0.00,0.00,1,0.010000,0,0
1295,2,204.00,199.00,1,0.010000,0,0
1296,0,0.00,0.00,1,0.010000,0,0
1297,0,0.00,0.00,1,0.010000,0,0
1298,2,199.00,204.00,1,0.010000,0,0
1299,0,0.00,0.00,1,0.010000,0,0
1300,0,0.00,0.00,1,0.010000,0,0
1301,2,8.00,199.00,1,0.010000,0,0
1302,4,242.00,237.00,1,0.010000,0,0
1303,0,0.00,0.00,1,0.010000,0,0
1304,2,239.00,8.00,1,0.010000,0,0
1305,2,8.00,189.00,1,0.010000,1,0
1306,2,204.00,199.00,1,0.010000,0,0
1307,0,0.00,0.00,1,0.010000,0,0
1308,0,0.00,0.00,1,0.010000,0,0
1309,2,199.00,204.00,1,0.010000,0,0
1310,0,0.00,0.00,1,0.010000,0,0
1311,0,0.00,0.00,1,0.010000,0,0
1312,2,8.00,199.00,1,0.010000,0,0
1313,4,242.00,237.00,1,0.010000,0,0
1314,0,0.00,0.00,1,0.010000,0,0
1315,2,239.00,8.00,1,0.010000,0,0
1316,3,203.00,238.00,1,0.010000,0,0
1317,2,204.00,199.00,1,0.010000,0,0
1318,0,0.00,0.00,1,0.010000,0,0
1319,0,0.00,0.00,1,0.010000,0,0
1320,2,199.00,204.00,1,0.010000,0,0
1321,0,0.00,0.00,1,0.010000,0,0
1322,0,0.00,0.00,1,0.010000,0,0
1323,2,8.00,199.00,1,0.010000,0,0
1324,4,242.00,237.00,1,0.010000,0,0
1325,0,0.00,0.00,1,0.010000,0,0
1326,2,239.00,8.00,1,0.010000,0,0
1327,2,204.00,199.00,1,0.010000,0,0
1328,2,204.00,199.00,1,0.010000,0,0
1329,0,0.00,0.00,1,0.010000,0,0
1330,6,205.00,6.00,1,0.010000,1,0
1331,2,199.00,204.00,1,0.010000,0,0
1332,0,0.00,0.00,1,0.010000,0,0
1333,20,-20.00,80.00,0,0.010000,0,0
1334,2,8.00,199.00,1,0.010000,0,0
1335,4,242.00,237.00,1,0.010000,0,0
1336,0,0.00,0.00,1,0.010000,0,0
1337,2,239.00,8.00,1,0.010000,0,0
1338,1,4.00,200.00,1,0.010000,0,0
1339,2,204.00,199.00,1,0.010000,0,0
1340,0,0.00,0.00,1,0.010000,0,0
1341,20,80.00,-20.00,0,0.010000,0,20
1342,2,199.00,204.00,1,0.010000,0,0
1343,0,0.00,0.00,1,0.010000,0,0
1344,4,207.00,277.00,1,0.010000,0,0
1345,2,8.00,199.00,1,0.010000,0,0
1346,4,242.00,237.00,1,0.010000,0,0
1347,0,0.00,0.00,1,0.010000,0,0
1348,2,239.00,8.00,1,0.010000,0,0
1349,3,208.00,198.00,1,0.010000,0,0
1350,2,204.00,199.00,1,0.010000,0,0
1351,0,0.00,0.00,1,0.010000,0,0
1352,0,0.00,0.00,1,0.010000,0,0
1353,2,199.00,204.00,1,0.010000,0,0
1354,0,0.00,0.00,1,0.010000,0,0
1355,0,0.00,0.00,1,0.010000,0,0
1356,2,8.00,199.00,1,0.010000,0,0
1357,4,242.00,237.00,1,0.010000,0,0
1358,0,0.00,0.00,1,0.010000,0,0
1359,2,239.00,8.00,1,0.010000,0,0
1360,1,4.00,200.00,1,0.010000,0,0
1361,2,204.00,199.00,1,0.010000,0,0
1362,0,0.00,0.00,1,0.010000,0,0
1363,0,0.00,0.00,1,0.010000,0,0
1364,3,203.00,188.00,1,0.010000,1,0
1365,0,0.00,0.00,1,0.010000,0,0
1366,0,0.00,0.00,1,0.010000,0,0
1367,2,8.00,199.00,1,0.010000,0,0
1368,4,242.00,237.00,1,0.010000,0,0
1369,0,0.00,0.00,1,0.010000,0,0
1370,2,239.00,8.00,1,0.010000,0,0
1371,1,4.00,200.00,1,0.010000,0,0
1372,2,204.00,199.00,1,0.010000,0,0
1373,0,0.00,0.00,1,0.010000,0,0
1374,2,8.00,199.00,1,0.010000,0,0
1375,2,199.00,204.00,1,0.010000,0,0
1376,0,0.00,0.00,1,0.010000,0,0
1377,2,204.00,199.00,1,0.010000,0,0
1378,2,8.00,199.00,1,0.010000,0,0
1379,4,242.00,237.00,1,0.010000,0,0
1380,0,0.00,0.00,1,0.010000,0,0
1381,2,239.00,8.00,1,0.010000,0,0
1382,0,0.00,0.00,1,0.010000,0,0
1383,2,204.00,199.00,1,0.010000,0,0
1384,0,0.00,0.00,1,0.010000,0,0
1385,1,200.00,4.00,1,0.010000,0,0
1386,2,199.00,204.00,1,0.010000,0,0
1387,0,0.00,0.00,1,0.010000,0,0
1388,1,200.00,4.00,1,0.010000,0,0
1389,2,8.00,199.00,1,0.010000,0,0
1390,4,242.00,237.00,1,0.010000,0,0
1391,0,0.00,0.00,1,0.010000,0,0
1392,2,239.00,8.00,1,0.010000,0,0
1393,1,200.00,4.00,1,0.010000,0,0
1394,2,204.00,199.00,1,0.010000,0,0
1395,0,0.00,0.00,1,0.010000,0,0
1396,2,8.00,199.00,1,0.010000,0,0
1397,2,199.00,204.00,1,0.010000,0,0
1398,0,0.00,0.00,1,0.010000,0,0
1399,2,199.00,8.00,1,0.010000,0,0
1400,2,8.00,199.00,1,0.010000,0,0
1401,4,242.00,237.00,1,0.010000,0,0
1402,0,0.00,0.00,1,0.010000,0,0
1403,2,239.00,8.00,1,0.010000,0,0
1404,1,200.00,4.00,1,0.010000,0,0
1405,2,204.00,199.00,1,0.010000,0,0
1406,0,0.00,0.00,1,0.010000,0,0
1407,2,8.00,189.00,1,0.010000,1,0
1408,2,199.00,204.00,1,0.010000,0,0
1409,0,0.00,0.00,1,0.010000,0,0
1410,1,200.00,4.00,1,0.010000,0,0
1411,2,8.00,199.00,1,0.010000,0,0
1412,4,242.00,237.00,1,0.010000,0,0
1413,0,0.00,0.00,1,0.010000,0,0
1414,2,239.00,8.00,1,0.010000,0,0
1415,1,4.00,200.00,1,0.010000,0,0
1416,3,198.00,193.00,1,0.010000,0,1
1417,0,0.00,0.00,1,0.010000,0,0
1418,2,199.00,8.00,1,0.010000,0,0
1419,2,199.00,204.00,1,0.010000,0,0
1420,0,0.00,0.00,1,0.010000,0,0
1421,1,4.00,200.00,1,0.010000,0,0
1422,2,8.00,199.00,1,0.010000,0,0
1423,4,242.00,237.00,1,0.010000,0,0
1424,0,0.00,0.00,1,0.010000,0,0
1425,2,239.00,8.00,1,0.010000,0,0
1426,0,0.00,0.00,1,0.010000,0,0
1427,2,204.00,199.00,1,0.010000,0,0
1428,0,0.00,0.00,1,0.010000,0,0
1429,1,200.00,4.00,1,0.010000,0,0
1430,2,199.00,204.00,1,0.010000,0,0
1431,0,0.00,0.00,1,0.010000,0,0
1432,1,4.00,200.00,1,0.010000,0,0
1433,2,8.00,199.00,1,0.010000,0,0
1434,4,242.00,237.00,1,0.010000,0,0
1435,0,0.00,0.00,1,0.010000,0,0
1436,2,239.00,8.00,1,0.010000,0,0
1437,0,0.00,0.00,1,0.010000,0,0
1438,2,204.00,199.00,1,0.010000,0,0
1439,0,0.00,0.00,1,0.010000,0,0
1440,2,8.00,199.00,1,0.010000,0,0
1441,2,199.00,204.00,1,0.010000,0,0
1442,0,0.00,0.00,1,0.010000,0,0
1443,20,80.00,-25.00,0,0.010000,0,20
1444,2,8.00,199.00,1,0.010000,0,0
1445,4,242.00,237.00,1,0.010000,0,0
1446,0,0.00,0.00,1,0.010000,0,0
1447,2,239.00,8.00,1,0.010000,0,0
1448,1,4.00,200.00,1,0.010000,0,0
1449,2,204.00,199.00,1,0.010000,0,0
1450,0,0.00,0.00,1,0.010000,0,0
1451,0,0.00,0.00,1,0.010000,0,0
1452,2,199.00,204.00,1,0.010000,0,0
1453,0,0.00,0.00,1,0.010000,0,0
1454,1,200.00,4.00,1,0.010000,0,0
1455,2,8.00,199.00,1,0.010000,0,0
1456,4,242.00,237.00,1,0.010000,0,0
1457,0,0.00,0.00,1,0.010000,0,0
1458,2,239.00,8.00,1,0.010000,0,0
1459,1,200.00,4.00,1,0.010000,0,0
1460,2,204.00,199.00,1,0.010000,0,0
1461,0,0.00,0.00,1,0.010000,0,0
1462,0,0.00,0.00,1,0.010000,0,0
1463,2,199.00,204.00,1,0.010000,0,0
1464,0,0.00,0.00,1,0.010000,0,0
1465,0,0.00,0.00,1,0.010000,0,0
1466,2,8.00,199.00,1,0.010000,0,0
1467,4,242.00,237.00,1,0.010000,0,0
1468,0,0.00,0.00,1,0.010000,0,0
1469,2,239.00,8.00,1,0.010000,0,0
1470,0,0.00,0.00,1,0.010000,0,0
1471,3,193.00,198.00,1,0.010000,1,1
1472,0,0.00,0.00,1,0.010000,0,0
1473,3,198.00,193.00,1,0.010000,1,0
1474,2,199.00,204.00,1,0.010000,0,0
1475,0,0.00,0.00,1,0.010000,0,0
1476,0,0.00,0.00,1,0.010000,0,0
1477,2,8.00,199.00,1,0.010000,0,0
1478,4,242.00,237.00,1,0.010000,0,0
1479,0,0.00,0.00,1,0.010000,0,0
1480,2,239.00,8.00,1,0.010000,0,0
1481,4,207.00,277.00,1,0.010000,0,0
1482,2,204.00,199.00,1,0.010000,0,0
1483,0,0.00,0.00,1,0.010000,0,0
1484,1,4.00,200.00,1,0.010000,0,0
1485,2,199.00,204.00,1,0.010000,0,0
1486,0,0.00,0.00,1,0.010000,0,0
1487,20,-20.00,80.00,0,0.010000,0,0
1488,2,8.00,199.00,1,0.010000,0,0
1489,4,242.00,237.00,1,0.010000,0,0
1490,0,0.00,0.00,1,0.010000,0,0
1491,2,239.00,8.00,1,0.010000,0,0
1492,0,0.00,0.00,1,0.010000,0,0
1493,2,204.00,199.00,1,0.010000,0,0
1494,0,0.00,0.00,1,0.010000,0,0
1495,2,8.00,199.00,1,0.010000,0,0
1496,2,199.00,204.00,1,0.010000,0,0
1497,0,0.00,0.00,1,0.010000,0,0
1498,3,243.00,198.00,1,0.010000,0,0
1499,2,8.00,199.00,1,0.010000,0,0
1500,4,242.00,237.00,1,0.010000,0,0
1501,0,0.00,0.00,1,0.010000,0,0
1502,2,239.00,8.00,1,0.010000,0,0
1503,2,199.00,204.00,1,0.010000,0,0
1504,2,204.00,199.00,1,0.010000,0,0
1505,0,0.00,0.00,1,0.010000,0,0
1506,2,204.00,199.00,1,0.010000,0,0
1507,2,199.00,204.00,1,0.010000,0,0
1508,0,0.00,0.00,1,0.010000,0,0
1509,2,199.00,204.00,1,0.010000,0,0
1510,2,8.00,199.00,1,0.010000,0,0
1511,4,242.00,237.00,1,0.010000,0,0
1512,0,0.00,0.00,1,0.010000,0,0
1513,2,239.00,8.00,1,0.010000,0,0
1514,0,0.00,0.00,1,0.010000,0,0
1515,2,204.00,199.00,1,0.010000,0,0
1516,0,0.00,0.00,1,0.010000,0,0
1517,1,4.00,200.00,1,0.010000,0,0
1518,2,199.00,204.00,1,0.010000,0,0
1519,0,0.00,0.00,1,0.010000,0,0
1520,3,203.00,238.00,1,0.010000,0,0
1521,2,8.00,199.00,1,0.010000,0,0
1522,4,242.00,237.00,1,0.010000,0,0
1523,0,0.00,0.00,1,0.010000,0,0
1524,2,239.00,8.00,1,0.010000,0,0
1525,20,80.00,20.00,0,0.010000,0,19
1526,2,204.00,199.00,1,0.010000,0,0
1527,0,0.00,0.00,1,0.010000,0,0
1528,1,200.00,4.00,1,0.010000,0,0
1529,2,199.00,204.00,1,0.010000,0,0
1530,0,0.00,0.00,1,0.010000,0,0
1531,1,4.00,200.00,1,0.010000,0,0
1532,2,8.00,199.00,1,0.010000,0,0
1533,4,242.00,237.00,1,0.010000,0,0
1534,0,0.00,0.00,1,0.010000,0,0
1535,2,239.00,8.00,1,0.010000,0,0
1536,0,0.00,0.00,1,0.010000,0,0
1537,2,204.00,199.00,1,0.010000,0,0
1538,0,0.00,0.00,1,0.010000,0,0
1539,2,8.00,199.00,1,0.010000,0,0
1540,2,199.00,204.00,1,0.010000,0,0
1541,0,0.00,0.00,1,0.010000,0,0
1542,0,0.00,0.00,1,0.010000,0,0
1543,2,8.00,199.00,1,0.010000,0,0
1544,4,242.00,237.00,1,0.010000,0,0
1545,0,0.00,0.00,1,0.010000,0,0
1546,2,239.00,8.00,1,0.010000,0,0
1547,3,203.00,118.00,1,0.010000,1,0
1548,2,204.00,199.00,1,0.010000,0,0
1549,0,0.00,0.00,1,0.010000,0,0
1550,0,0.00,0.00,1,0.010000,0,0
1551,2,199.00,204.00,1,0.010000,0,0
1552,0,0.00,0.00,1,0.010000,0,0
1553,0,0.00,0.00,1,0.010000,0,0
1554,2,8.00,199.00,1,0.010000,0,0
1555,4,242.00,237.00,1,0.010000,0,0
1556,0,0.00,0.00,1,0.010000,0,0
1557,2,239.00,8.00,1,0.010000,0,0
1558,4,242.00,237.00,1,0.010000,0,0
1559,2,204.00,199.00,1,0.010000,0,0
1560,0,0.00,0.00,1,0.010000,0,0
1561,0,0.00,0.00,1,0.010000,0,0
1562,2,199.00,204.00,1,0.010000,0,0
1563,0,0.00,0.00,1,0.010000,0,0
1564,1,200.00,4.00,1,0.010000,0,0
1565,2,8.00,199.00,1,0.010000,0,0
1566,4,242.00,237.00,1,0.010000,0,0
1567,0,0.00,0.00,1,0.010000,0,0
1568,2,239.00,8.00,1,0.010000,0,0
1569,0,0.00,0.00,1,0.010000,0,0
1570,2,204.00,199.00,1,0.010000,0,0
1571,0,0.00,0.00,1,0.010000,0,0
1572,1,4.00,200.00,1,0.010000,0,0
1573,3,188.00,208.00,1,0.010000,1,0
1574,0,0.00,0.00,1,0.010000,0,0
1575,0,0.00,0.00,1,0.010000,0,0
1576,2,8.00,199.00,1,0.010000,0,0
1577,4,242.00,237.00,1,0.010000,0,0
1578,0,0.00,0.00,1,0.010000,0,0
1579,2,239.00,8.00,1,0.010000,0,0
1580,0,0.00,0.00,1,0.010000,0,0
1581,2,204.00,199.00,1,0.010000,0,0
1582,0,0.00,0.00,1,0.010000,0,0
1583,1,4.00,200.00,1,0.010000,0,0
1584,2,199.00,204.00,1,0.010000,0,0
1585,0,0.00,0.00,1,0.010000,0,0
1586,0,0.00,0.00,1,0.010000,0,0
1587,2,8.00,199.00,1,0.010000,0,0
1588,4,242.00,237.00,1,0.010000,0,0
1589,0,0.00,0.00,1,0.010000,0,0
1590,2,239.00,8.00,1,0.010000,0,0
1591,1,4.00,200.00,1,0.010000,0,0
1592,2,204.00,199.00,1,0.010000,0,0
1593,0,0.00,0.00,1,0.010000,0,0
1594,20,80.00,20.00,0,0.010000,0,19
1595,2,199.00,204.00,1,0.010000,0,0
1596,0,0.00,0.00,1,0.010000,0,0
1597,0,0.00,0.00,1,0.010000,0,0
1598,2,8.00,199.00,1,0.010000,0,0
1599,4,242.00,237.00,1,0.010000,0,0
1600,0,0.00,0.00,1,0.010000,0,0
1601,2,239.00,8.00,1,0.010000,0,0
1602,1,4.00,200.00,1,0.010000,0,0
1603,2,204.00,199.00,1,0.010000,0,0
1604,0,0.00,0.00,1,0.010000,0,0
1605,4,207.00,277.00,1,0.010000,0,0
1606,2,199.00,204.00,1,0.010000,0,0
1607,0,0.00,0.00,1,0.010000,0,0
1608,0,0.00,0.00,1,0.010000,0,0
1609,2,8.00,199.00,1,0.010000,0,0
1610,4,242.00,237.00,1,0.010000,0,0
1611,0,0.00,0.00,1,0.010000,0,0
1612,2,239.00,8.00,1,0.010000,0,0
1613,1,200.00,4.00,1,0.010000,0,0
1614,2,204.00,199.00,1,0.010000,0,0
1615,0,0.00,0.00,1,0.010000,0,0
1616,2,8.00,199.00,1,0.010000,0,0
1617,2,199.00,204.00,1,0.010000,0,0
1618,0,0.00,0.00,1,0.010000,0,0
1619,3,198.00,193.00,1,0.010000,1,0
1620,2,8.00,199.00,1,0.010000,0,0
1621,4,242.00,237.00,1,0.010000,0,0
1622,0,0.00,0.00,1,0.010000,0,0
1623,2,239.00,8.00,1,0.010000,0,0
1624,1,200.00,4.00,1,0.010000,0,0
1625,2,204.00,199.00,1,0.010000,0,0
1626,0,0.00,0.00,1,0.010000,0,0
1627,1,200.00,4.00,1,0.010000,0,0
1628,2,199.00,204.00,1,0.010000,0,0
1629,0,0.00,0.00,1,0.010000,0,0
1630,0,0.00,0.00,1,0.010000,0,0
1631,2,8.00,199.00,1,0.010000,0,0
1632,4,242.00,237.00,1,0.010000,0,0
1633,0,0.00,0.00,1,0.010000,0,0
1634,2,239.00,8.00,1,0.010000,0,0
1635,0,0.00,0.00,1,0.010000,0,0
1636,2,204.00,199.00,1,0.010000,0,0
1637,0,0.00,0.00,1,0.010000,0,0
1638,2,204.00,199.00,1,0.010000,0,0
1639,2,199.00,204.00,1,0.010000,0,0
1640,0,0.00,0.00,1,0.010000,0,0
1641,1,200.00,4.00,1,0.010000,0,0
1642,2,8.00,199.00,1,0.010000,0,0
1643,4,242.00,237.00,1,0.010000,0,0
1644,0,0.00,0.00,1,0.010000,0,0
1645,2,239.00,8.00,1,0.010000,0,0
1646,0,0.00,0.00,1,0.010000,0,0
1647,2,204.00,199.00,1,0.010000,0,0
1648,0,0.00,0.00,1,0.010000,0,0
1649,1,4.00,200.00,1,0.010000,0,0
1650,2,199.00,204.00,1,0.010000,0,0
1651,0,0.00,0.00,1,0.010000,0,0
1652,2,204.00,199.00,1,0.010000,0,0
1653,2,8.00,199.00,1,0.010000,0,0
1654,4,242.00,237.00,1,0.010000,0,0
1655,0,0.00,0.00,1,0.010000,0,0
1656,2,239.00,8.00,1,0.010000,0,0
1657,1,200.00,4.00,1,0.010000,0,0
1658,2,204.00,199.00,1,0.010000,0,0
1659,0,0.00,0.00,1,0.010000,0,0
1660,1,4.00,200.00,1,0.010000,0,0
1661,2,199.00,204.00,1,0.010000,0,0
1662,0,0.00,0.00,1,0.010000,0,0
1663,0,0.00,0.00,1,0.010000,0,0
1664,2,8.00,199.00,1,0.010000,0,0
1665,4,242.00,237.00,1,0.010000,0,0
1666,0,0.00,0.00,1,0.010000,0,0
1667,2,239.00,8.00,1,0.010000,0,0
1668,0,0.00,0.00,1,0.010000,0,0
1669,2,204.00,199.00,1,0.010000,0,0
1670,0,0.00,0.00,1,0.010000,0,0
1671,1,200.00,4.00,1,0.010000,0,0
1672,2,199.00,204.00,1,0.010000,0,0
1673,0,0.00,0.00,1,0.010000,0,0
1674,3,198.00,193.00,1,0.010000,1,0
1675,2,8.00,199.00,1,0.010000,0,0
1676,5,231.00,236.00,1,0.010000,1,1
1677,0,0.00,0.00,1,0.010000,0,0
1678,3,238.00,12.00,1,0.010000,0,1
1679,3,243.00,198.00,1,0.010000,0,0
1680,2,204.00,199.00,1,0.010000,0,0
1681,0,0.00,0.00,1,0.010000,0,0
1682,0,0.00,0.00,1,0.010000,0,0
1683,2,199.00,204.00,1,0.010000,0,0
1684,0,0.00,0.00,1,0.010000,0,0
1685,4,207.00,277.00,1,0.010000,0,0
1686,2,8.00,199.00,1,0.010000,0,0
1687,4,242.00,237.00,1,0.010000,0,0
1688,0,0.00,0.00,1,0.010000,0,0
1689,2,239.00,8.00,1,0.010000,0,0
1690,0,0.00,0.00,1,0.010000,0,0
1691,2,204.00,199.00,1,0.010000,0,0
1692,0,0.00,0.00,1,0.010000,0,0
1693,5,241.00,226.00,1,0.010000,1,1
1694,2,199.00,204.00,1,0.010000,0,0
1695,0,0.00,0.00,1,0.010000,0,0
1696,0,0.00,0.00,1,0.010000,0,0
1697,2,8.00,199.00,1,0.010000,0,0
1698,4,242.00,237.00,1,0.010000,0,0
1699,0,0.00,0.00,1,0.010000,0,0
1700,2,239.00,8.00,1,0.010000,0,0
1701,1,4.00,200.00,1,0.010000,0,0
1702,2,204.00,199.00,1,0.010000,0,0
1703,0,0.00,0.00,1,0.010000,0,0
1704,0,0.00,0.00,1,0.010000,0,0
1705,2,199.00,204.00,1,0.010000,0,0
1706,0,0.00,0.00,1,0.010000,0,0
1707,1,200.00,4.00,1,0.010000,0,0
1708,2,8.00,199.00,1,0.010000,0,0
1709,4,242.00,237.00,1,0.010000,0,0
1710,0,0.00,0.00,1,0.010000,0,0
1711,2,239.00,8.00,1,0.010000,0,0
1712,1,4.00,200.00,1,0.010000,0,0
1713,2,204.00,199.00,1,0.010000,0,0
1714,0,0.00,0.00,1,0.010000,0,0
1715,1,4.00,200.00,1,0.010000,0,0
1716,2,199.00,204.00,1,0.010000,0,0
1717,0,0.00,0.00,1,0.010000,0,0
1718,1,200.00,4.00,1,0.010000,0,0
1719,2,8.00,199.00,1,0.010000,0,0
1720,5,241.00,226.00,1,0.010000,1,1
1721,0,0.00,0.00,1,0.010000,0,0
1722,2,239.00,8.00,1,0.010000,0,0
1723,2,8.00,199.00,1,0.010000,0,0
1724,2,204.00,199.00,1,0.010000,0,0
1725,0,0.00,0.00,1,0.010000,0,0
1726,0,0.00,0.00,1,0.010000,0,0
1727,2,199.00,204.00,1,0.010000,0,0
1728,0,0.00,0.00,1,0.010000,0,0
1729,1,200.00,4.00,1,0.010000,0,0
1730,2,8.00,199.00,1,0.010000,0,0
1731,4,242.00,237.00,1,0.010000,0,0
1732,0,0.00,0.00,1,0.010000,0,0
1733,2,239.00,8.00,1,0.010000,0,0
1734,20,80.00,20.00,0,0.010000,0,19
1735,2,204.00,199.00,1,0.010000,0,0
1736,0,0.00,0.00,1,0.010000,0,0
1737,0,0.00,0.00,1,0.010000,0,0
1738,2,199.00,204.00,1,0.010000,0,0
1739,0,0.00,0.00,1,0.010000,0,0
1740,20,-20.00,80.00,0,0.010000,0,0
1741,2,8.00,199.00,1,0.010000,0,0
1742,4,242.00,237.00,1,0.010000,0,0
1743,0,0.00,0.00,1,0.010000,0,0
1744,2,239.00,8.00,1,0.010000,0,0
1745,1,200.00,4.00,1,0.010000,0,0
1746,2,204.00,199.00,1,0.010000,0,0
1747,0,0.00,0.00,1,0.010000,0,0
1748,2,204.00,199.00,1,0.010000,0,0
1749,2,199.00,204.00,1,0.010000,0,0
1750,0,0.00,0.00,1,0.010000,0,0
1751,20,-20.00,80.00,0,0.010000,0,1
1752,2,8.00,199.00,1,0.010000,0,0
1753,6,240.00,235.00,1,0.010000,1,0
1754,0,0.00,0.00,1,0.010000,0,0
1755,2,239.00,8.00,1,0.010000,0,0
1756,3,243.00,198.00,1,0.010000,0,0
1757,2,204.00,199.00,1,0.010000,0,0
1758,0,0.00,0.00,1,0.010000,0,0
1759,1,4.00,200.00,1,0.010000,0,0
1760,2,199.00,204.00,1,0.010000,0,0
1761,0,0.00,0.00,1,0.010000,0,0
1762,20,80.00,-20.00,0,0.010000,0,20
1763,2,8.00,199.00,1,0.010000,0,0
1764,4,242.00,237.00,1,0.010000,0,0
1765,0,0.00,0.00,1,0.010000,0,0
1766,2,239.00,8.00,1,0.010000,0,0
1767,1,4.00,200.00,1,0.010000,0,0
1768,2,204.00,199.00,1,0.010000,0,0
1769,0,0.00,0.00,1,0.010000,0,0
1770,1,200.00,4.00,1,0.010000,0,0
1771,2,199.00,204.00,1,0.010000,0,0
1772,0,0.00,0.00,1,0.010000,0,0
1773,1,200.00,4.00,1,0.010000,0,0
1774,2,8.00,199.00,1,0.010000,0,0
1775,4,242.00,237.00,1,0.010000,0,0
1776,0,0.00,0.00,1,0.010000,0,0
1777,2,239.00,8.00,1,0.010000,0,0
1778,20,-20.00,80.00,0,0.010000,0,20
1779,2,204.00,199.00,1,0.010000,0,0
1780,0,0.00,0.00,1,0.010000,0,0
1781,0,0.00,0.00,1,0.010000,0,0
1782,2,199.00,204.00,1,0.010000,0,0
1783,0,0.00,0.00,1,0.010000,0,0
1784,3,198.00,193.00,1,0.010000,1,0
1785,2,8.00,199.00,1,0.010000,0,0
1786,4,242.00,237.00,1,0.010000,0,0
1787,0,0.00,0.00,1,0.010000,0,0
1788,2,239.00,8.00,1,0.010000,0,0
1789,0,0.00,0.00,1,0.010000,0,0
1790,3,193.00,198.00,1,0.010000,1,1
1791,0,0.00,0.00,1,0.010000,0,0
1792,1,4.00,200.00,1,0.010000,0,0
1793,2,199.00,204.00,1,0.010000,0,0
1794,0,0.00,0.00,1,0.010000,0,0
1795,0,0.00,0.00,1,0.010000,0,0
1796,2,8.00,199.00,1,0.010000,0,0
1797,4,242.00,237.00,1,0.010000,0,0
1798,0,0.00,0.00,1,0.010000,0,0
1799,2,239.00,8.00,1,0.010000,0,0
1800,0,0.00,0.00,1,0.010000,0,0
1801,2,204.00,199.00,1,0.010000,0,0
1802,0,0.00,0.00,1,0.010000,0,0
1803,2,199.00,204.00,1,0.010000,0,0
1804,2,199.00,204.00,1,0.010000,0,0
1805,0,0.00,0.00,1,0.010000,0,0
1806,2,199.00,204.00,1,0.010000,0,0
1807,2,8.00,199.00,1,0.010000,0,0
1808,4,242.00,237.00,1,0.010000,0,0
1809,0,0.00,0.00,1,0.010000,0,0
1810,2,239.00,8.00,1,0.010000,0,0
1811,2,199.00,8.00,1,0.010000,0,0
1812,2,204.00,199.00,1,0.010000,0,0
1813,0,0.00,0.00,1,0.010000,0,0
1814,20,-20.00,80.00,0,0.010000,0,20
1815,2,199.00,204.00,1,0.010000,0,0
1816,0,0.00,0.00,1,0.010000,0,0
1817,2,199.00,204.00,1,0.010000,0,0
1818,2,8.00,199.00,1,0.010000,0,0
1819,4,242.00,237.00,1,0.010000,0,0
1820,0,0.00,0.00,1,0.010000,0,0
1821,2,239.00,8.00,1,0.010000,0,0
1822,1,4.00,200.00,1,0.010000,0,0
1823,2,204.00,199.00,1,0.010000,0,0
1824,0,0.00,0.00,1,0.010000,0,0
1825,4,242.00,237.00,1,0.010000,0,0
1826,2,199.00,204.00,1,0.010000,0,0
1827,0,0.00,0.00,1,0.010000,0,0
1828,3,238.00,12.00,1,0.010000,0,0
1829,2,8.00,199.00,1,0.010000,0,0
1830,4,242.00,237.00,1,0.010000,0,0
1831,0,0.00,0.00,1,0.010000,0,0
1832,2,239.00,8.00,1,0.010000,0,0
1833,0,0.00,0.00,1,0.010000,0,0
1834,2,204.00,199.00,1,0.010000,0,0
1835,0,0.00,0.00,1,0.010000,0,0
1836,0,0.00,0.00,1,0.010000,0,0
1837,2,199.00,204.00,1,0.010000,0,0
1838,0,0.00,0.00,1,0.010000,0,0
1839,0,0.00,0.00,1,0.010000,0,0
1840,2,8.00,199.00,1,0.010000,0,0
1841,4,242.00,237.00,1,0.010000,0,0
1842,0,0.00,0.00,1,0.010000,0,0
1843,2,239.00,8.00,1,0.010000,0,0
1844,0,0.00,0.00,1,0.010000,0,0
1845,2,204.00,199.00,1,0.010000,0,0
1846,0,0.00,0.00,1,0.010000,0,0
1847,20,80.00,15.00,0,0.010000,0,19
1848,2,199.00,204.00,1,0.010000,0,0
1849,0,0.00,0.00,1,0.010000,0,0
1850,1,4.00,200.00,1,0.010000,0,0
1851,2,8.00,199.00,1,0.010000,0,0
1852,4,242.00,237.00,1,0.010000,0,0
1853,0,0.00,0.00,1,0.010000,0,0
1854,2,239.00,8.00,1,0.010000,0,0
1855,0,0.00,0.00,1,0.010000,0,0
1856,2,204.00,199.00,1,0.010000,0,0
1857,0,0.00,0.00,1,0.010000,0,0
1858,0,0.00,0.00,1,0.010000,0,0
1859,2,199.00,204.00,1,0.010000,0,0
1860,0,0.00,0.00,1,0.010000,0,0
1861,1,4.00,200.00,1,0.010000,0,0
1862,2,8.00,199.00,1,0.010000,0,0
1863,4,242.00,237.00,1,0.010000,0,0
1864,0,0.00,0.00,1,0.010000,0,0
1865,2,239.00,8.00,1,0.010000,0,0
1866,1,4.00,200.00,1,0.010000,0,0
1867,2,204.00,199.00,1,0.010000,0,0
1868,0,0.00,0.00,1,0.010000,0,0
1869,4,242.00,237.00,1,0.010000,0,0
1870,2,199.00,204.00,1,0.010000,0,0
1871,0,0.00,0.00,1,0.010000,0,0
1872,0,0.00,0.00,1,0.010000,0,0
1873,2,8.00,199.00,1,0.010000,0,0
1874,4,242.00,237.00,1,0.010000,0,0
1875,0,0.00,0.00,1,0.010000,0,0
1876,2,239.00,8.00,1,0.010000,0,0
1877,1,200.00,4.00,1,0.010000,0,0
1878,2,204.00,199.00,1,0.010000,0,0
1879,0,0.00,0.00,1,0.010000,0,0
1880,0,0.00,0.00,1,0.010000,0,0
1881,2,199.00,204.00,1,0.010000,0,0
1882,0,0.00,0.00,1,0.010000,0,0
1883,2,239.00,8.00,1,0.010000,0,0
1884,2,8.00,199.00,1,0.010000,0,0
1885,4,242.00,237.00,1,0.010000,0,0
1886,0,0.00,0.00,1,0.010000,0,0
1887,2,239.00,8.00,1,0.010000,0,0
1888,0,0.00,0.00,1,0.010000,0,0
1889,2,204.00,199.00,1,0.010000,0,0
1890,0,0.00,0.00,1,0.010000,0,0
1891,0,0.00,0.00,1,0.010000,0,0
1892,3,188.00,208.00,1,0.010000,1,1
1893,0,0.00,0.00,1,0.010000,0,0
1894,0,0.00,0.00,1,0.010000,0,0
1895,2,8.00,199.00,1,0.010000,0,0
1896,4,242.00,237.00,1,0.010000,0,0
1897,0,0.00,0.00,1,0.010000,0,0
1898,2,239.00,8.00,1,0.010000,0,0
1899,2,204.00,199.00,1,0.010000,0,0
1900,2,204.00,199.00,1,0.010000,0,0
1901,0,0.00,0.00,1,0.010000,0,0
1902,20,80.00,20.00,0,0.010000,0,19
1903,2,199.00,204.00,1,0.010000,0,0
1904,0,0.00,0.00,1,0.010000,0,0
1905,0,0.00,0.00,1,0.010000,0,0
1906,2,8.00,199.00,1,0.010000,0,0
1907,5,231.00,236.00,1,0.010000,1,1
1908,0,0.00,0.00,1,0.010000,0,0
1909,3,238.00,12.00,1,0.010000,0,1
1910,1,4.00,200.00,1,0.010000,0,0
1911,2,204.00,199.00,1,0.010000,0,0
1912,0,0.00,0.00,1,0.010000,0,0
1913,20,80.00,20.00,0,0.010000,0,19
1914,2,199.00,204.00,1,0.010000,0,0
1915,0,0.00,0.00,1,0.010000,0,0
1916,2,199.00,8.00,1,0.010000,0,0
1917,2,8.00,199.00,1,0.010000,0,0
1918,4,242.00,237.00,1,0.010000,0,0
1919,0,0.00,0.00,1,0.010000,0,0
1920,2,239.00,8.00,1,0.010000,0,0
1921,0,0.00,0.00,1,0.010000,0,0
1922,2,204.00,199.00,1,0.010000,0,0
1923,0,0.00,0.00,1,0.010000,0,0
1924,2,199.00,8.00,1,0.010000,0,0
1925,2,199.00,204.00,1,0.010000,0,0
1926,0,0.00,0.00,1,0.010000,0,0
1927,2,204.00,199.00,1,0.010000,0,0
1928,2,8.00,199.00,1,0.010000,0,0
1929,4,242.00,237.00,1,0.010000,0,0
1930,0,0.00,0.00,1,0.010000,0,0
1931,2,239.00,8.00,1,0.010000,0,0
1932,1,200.00,4.00,1,0.010000,0,0
1933,2,204.00,199.00,1,0.010000,0,0
1934,0,0.00,0.00,1,0.010000,0,0
1935,0,0.00,0.00,1,0.010000,0,0
1936,2,199.00,204.00,1,0.010000,0,0
1937,0,0.00,0.00,1,0.010000,0,0
1938,0,0.00,0.00,1,0.010000,0,0
1939,2,8.00,199.00,1,0.010000,0,0
1940,4,242.00,237.00,1,0.010000,0,0
1941,0,0.00,0.00,1,0.010000,0,0
1942,2,239.00,8.00,1,0.010000,0,0
1943,3,243.00,198.00,1,0.010000,0,0
1944,2,204.00,199.00,1,0.010000,0,0
1945,0,0.00,0.00,1,0.010000,0,0
1946,20,80.00,20.00,0,0.010000,0,19
1947,2,199.00,204.00,1,0.010000,0,0
1948,0,0.00,0.00,1,0.010000,0,0
1949,4,202.00,3.00,1,0.010000,1,1
1950,2,8.00,199.00,1,0.010000,0,0
1951,4,242.00,237.00,1,0.010000,0,0
1952,0,0.00,0.00,1,0.010000,0,0
1953,2,239.00,8.00,1,0.010000,0,0
1954,2,204.00,199.00,1,0.010000,0,0
1955,2,204.00,199.00,1,0.010000,0,0
1956,0,0.00,0.00,1,0.010000,0,0
1957,0,0.00,0.00,1,0.010000,0,0
1958,2,199.00,204.00,1,0.010000,0,0
1959,0,0.00,0.00,1,0.010000,0,0
1960,0,0.00,0.00,1,0.010000,0,0
1961,2,8.00,199.00,1,0.010000,0,0
1962,4,242.00,237.00,1,0.010000,0,0
1963,0,0.00,0.00,1,0.010000,0,0
1964,2,239.00,8.00,1,0.010000,0,0
1965,2,8.00,199.00,1,0.010000,0,0
1966,2,204.00,199.00,1,0.010000,0,0
1967,0,0.00,0.00,1,0.010000,0,0
1968,4,207.00,277.00,1,0.010000,0,0
1969,2,199.00,204.00,1,0.010000,0,0
1970,0,0.00,0.00,1,0.010000,0,0
1971,0,0.00,0.00,1,0.010000,0,0
1972,2,8.00,199.00,1,0.010000,0,0
1973,4,242.00,237.00,1,0.010000,0,0
1974,0,0.00,0.00,1,0.010000,0,0
1975,2,239.00,8.00,1,0.010000,0,0
1976,2,204.00,199.00,1,0.010000,0,0
1977,2,204.00,199.00,1,0.010000,0,0
1978,0,0.00,0.00,1,0.010000,0,0
1979,0,0.00,0.00,1,0.010000,0,0
1980,2,199.00,204.00,1,0.010000,0,0
1981,0,0.00,0.00,1,0.010000,0,0
1982,1,200.00,4.00,1,0.010000,0,0
1983,2,8.00,199.00,1,0.010000,0,0
1984,4,242.00,237.00,1,0.010000,0,0
1985,0,0.00,0.00,1,0.010000,0,0
1986,2,239.00,8.00,1,0.010000,0,0
1987,1,200.00,4.00,1,0.010000,0,0
1988,2,204.00,199.00,1,0.010000,0,0
1989,0,0.00,0.00,1,0.010000,0,0
1990,1,4.00,200.00,1,0.010000,0,0
1991,2,199.00,204.00,1,0.010000,0,0
1992,0,0.00,0.00,1,0.010000,0,0
1993,0,0.00,0.00,1,0.010000,0,0
1994,2,8.00,199.00,1,0.010000,0,0
1995,4,242.00,237.00,1,0.010000,0,0
1996,0,0.00,0.00,1,0.010000,0,0
1997,2,239.00,8.00,1,0.010000,0,0
1998,1,4.00,200.00,1,0.010000,0,0
1999,2,204.00,199.00,1,0.010000,0,0
2000,0,0.00,0.00,1,0.010000,0,0
2001,1,200.00,4.00,1,0.010000,0,0
2002,2,199.00,204.00,1,0.010000,0,0
2003,0,0.00,0.00,1,0.010000,0,0
2004,2,8.00,199.00,1,0.010000,0,0
2005,2,8.00,199.00,1,0.010000,0,0
2006,4,242.00,237.00,1,0.010000,0,0
2007,0,0.00,0.00,1,0.010000,0,0
2008,2,239.00,8.00,1,0.010000,0,0
2009,0,0.00,0.00,1,0.010000,0,0
2010,2,204.00,199.00,1,0.010000,0,0
2011,0,0.00,0.00,1,0.010000,0,0
2012,1,200.00,4.00,1,0.010000,0,0
2013,2,199.00,204.00,1,0.010000,0,0
2014,0,0.00,0.00,1,0.010000,0,0
2015,3,198.00,193.00,1,0.010000,1,0
2016,2,8.00,199.00,1,0.010000,0,0
2017,4,242.00,237.00,1,0.010000,0,0
2018,0,0.00,0.00,1,0.010000,0,0
2019,2,239.00,8.00,1,0.010000,0,0
2020,2,199.00,8.00,1,0.010000,0,0
2021,2,204.00,199.00,1,0.010000,0,0
2022,0,0.00,0.00,1,0.010000,0,0
2023,1,200.00,4.00,1,0.010000,0,0
2024,2,199.00,204.00,1,0.010000,0,0
2025,0,0.00,0.00,1,0.010000,0,0
2026,2,204.00,199.00,1,0.010000,0,0
2027,2,8.00,199.00,1,0.010000,0,0
2028,4,242.00,237.00,1,0.010000,0,0
2029,0,0.00,0.00,1,0.010000,0,0
2030,2,239.00,8.00,1,0.010000,0,0
2031,0,0.00,0.00,1,0.010000,0,0
2032,2,204.00,199.00,1,0.010000,0,0
2033,0,0.00,0.00,1,0.010000,0,0
2034,2,8.00,199.00,1,0.010000,0,0
2035,3,193.00,198.00,1,0.010000,0,1
2036,0,0.00,0.00,1,0.010000,0,0
2037,0,0.00,0.00,1,0.010000,0,0
2038,2,8.00,199.00,1,0.010000,0,0
2039,4,242.00,237.00,1,0.010000,0,0
2040,0,0.00,0.00,1,0.010000,0,0
2041,2,239.00,8.00,1,0.010000,0,0
2042,1,4.00,200.00,1,0.010000,0,0
2043,2,204.00,199.00,1,0.010000,0,0
2044,0,0.00,0.00,1,0.010000,0,0
2045,1,4.00,200.00,1,0.010000,0,0
2046,2,199.00,204.00,1,0.010000,0,0
2047,0,0.00,0.00,1,0.010000,0,0
2048,2,199.00,204.00,1,0.010000,0,0
2049,2,8.00,199.00,1,0.010000,0,0
2050,4,242.00,237.00,1,0.010000,0,0
2051,0,0.00,0.00,1,0.010000,0,0
2052,2,239.00,8.00,1,0.010000,0,0
2053,2,199.00,8.00,1,0.010000,0,0
2054,2,204.00,199.00,1,0.010000,0,0
2055,0,0.00,0.00,1,0.010000,0,0
2056,2,204.00,199.00,1,0.010000,0,0
2057,2,199.00,204.00,1,0.010000,0,0
2058,0,0.00,0.00,1,0.010000,0,0
2059,1,200.00,4.00,1,0.010000,0,0
2060,2,8.00,199.00,1,0.010000,0,0
2061,4,242.00,237.00,1,0.010000,0,0
2062,0,0.00,0.00,1,0.010000,0,0
2063,2,239.00,8.00,1,0.010000,0,0
2064,1,200.00,4.00,1,0.010000,0,0
2065,2,204.00,199.00,1,0.010000,0,0
2066,0,0.00,0.00,1,0.010000,0,0
2067,2,199.00,8.00,1,0.010000,0,0
2068,2,199.00,204.00,1,0.010000,0,0
2069,0,0.00,0.00,1,0.010000,0,0
2070,0,0.00,0.00,1,0.010000,0,0
2071,2,8.00,199.00,1,0.010000,0,0
2072,4,242.00,237.00,1,0.010000,0,0
2073,0,0.00,0.00,1,0.010000,0,0
2074,2,239.00,8.00,1,0.010000,0,0
2075,1,200.00,4.00,1,0.010000,0,0
2076,2,204.00,199.00,1,0.010000,0,0
2077,0,0.00,0.00,1,0.010000,0,0
2078,20,-20.00,80.00,0,0.010000,0,20
2079,2,199.00,204.00,1,0.010000,0,0
2080,0,0.00,0.00,1,0.010000,0,0
2081,1,200.00,4.00,1,0.010000,0,0
2082,2,8.00,199.00,1,0.010000,0,0
2083,4,242.00,237.00,1,0.010000,0,0
2084,0,0.00,0.00,1,0.010000,0,0
2085,2,239.00,8.00,1,0.010000,0,0
2086,0,0.00,0.00,1,0.010000,0,0
2087,2,204.00,199.00,1,0.010000,0,0
2088,0,0.00,0.00,1,0.010000,0,0
2089,3,208.00,198.00,1,0.010000,0,0
2090,2,199.00,204.00,1,0.010000,0,0
2091,0,0.00,0.00,1,0.010000,0,0
2092,2,8.00,189.00,1,0.010000,1,0
2093,2,8.00,199.00,1,0.010000,0,0
2094,4,242.00,237.00,1,0.010000,0,0
2095,0,0.00,0.00,1,0.010000,0,0
2096,2,239.00,8.00,1,0.010000,0,0
2097,2,199.00,204.00,1,0.010000,0,0
2098,2,204.00,199.00,1,0.010000,0,0
2099,0,0.00,0.00,1,0.010000,0,0
2100,2,8.00,189.00,1,0.010000,1,0
2101,2,199.00,204.00,1,0.010000,0,0
2102,0,0.00,0.00,1,0.010000,0,0
2103,0,0.00,0.00,1,0.010000,0,0
2104,3,12.00,188.00,1,0.010000,1,1
2105,4,242.00,237.00,1,0.010000,0,0
2106,0,0.00,0.00,1,0.010000,0,0
2107,2,239.00,8.00,1,0.010000,0,0
2108,2,199.00,8.00,1,0.010000,0,0
2109,2,204.00,199.00,1,0.010000,0,0
2110,0,0.00,0.00,1,0.010000,0,0
2111,2,239.00,8.00,1,0.010000,0,0
2112,2,199.00,204.00,1,0.010000,0,0
2113,0,0.00,0.00,1,0.010000,0,0
2114,2,8.00,199.00,1,0.010000,0,0
2115,2,8.00,199.00,1,0.010000,0,0
2116,4,242.00,237.00,1,0.010000,0,0
2117,0,0.00,0.00,1,0.010000,0,0
2118,2,239.00,8.00,1,0.010000,0,0
2119,1,200.00,4.00,1,0.010000,0,0
2120,2,204.00,199.00,1,0.010000,0,0
2121,0,0.00,0.00,1,0.010000,0,0
2122,20,-20.00,80.00,0,0.010000,0,0
2123,2,199.00,204.00,1,0.010000,0,0
2124,0,0.00,0.00,1,0.010000,0,0
2125,1,4.00,200.00,1,0.010000,0,0
2126,2,8.00,199.00,1,0.010000,0,0
2127,4,242.00,237.00,1,0.010000,0,0
2128,0,0.00,0.00,1,0.010000,0,0
2129,2,239.00,8.00,1,0.010000,0,0
2130,0,0.00,0.00,1,0.010000,0,0
2131,2,204.00,199.00,1,0.010000,0,0
2132,0,0.00,0.00,1,0.010000,0,0
2133,2,199.00,204.00,1,0.010000,0,0
2134,2,199.00,204.00,1,0.010000,0,0
2135,0,0.00,0.00,1,0.010000,0,0
2136,1,200.00,4.00,1,0.010000,0,0
2137,2,8.00,199.00,1,0.010000,0,0
2138,5,241.00,226.00,1,0.010000,1,1
2139,0,0.00,0.00,1,0.010000,0,0
2140,2,239.00,8.00,1,0.010000,0,0
2141,1,4.00,200.00,1,0.010000,0,0
2142,2,204.00,199.00,1,0.010000,0,0
2143,0,0.00,0.00,1,0.010000,0,0
2144,2,204.00,199.00,1,0.010000,0,0
2145,2,199.00,204.00,1,0.010000,0,0
2146,0,0.00,0.00,1,0.010000,0,0
2147,4,242.00,237.00,1,0.010000,0,0
2148,2,8.00,199.00,1,0.010000,0,0
2149,4,242.00,237.00,1,0.010000,0,0
2150,0,0.00,0.00,1,0.010000,0,0
2151,2,239.00,8.00,1,0.010000,0,0
2152,1,4.00,200.00,1,0.010000,0,0
2153,2,204.00,199.00,1,0.010000,0,0
2154,0,0.00,0.00,1,0.010000,0,0
2155,2,199.00,8.00,1,0.010000,0,0
2156,2,199.00,204.00,1,0.010000,0,0
2157,0,0.00,0.00,1,0.010000,0,0
2158,1,200.00,4.00,1,0.010000,0,0
2159,2,8.00,199.00,1,0.010000,0,0
2160,20,271.00,20.00,0,0.010000,0,18
2161,0,0.00,0.00,1,0.010000,0,0
2162,2,239.00,8.00,1,0.010000,0,0
2163,1,4.00,200.00,1,0.010000,0,0
2164,2,204.00,199.00,1,0.010000,0,0
2165,0,0.00,0.00,1,0.010000,0,0
2166,0,0.00,0.00,1,0.010000,0,0
2167,2,199.00,204.00,1,0.010000,0,0
2168,0,0.00,0.00,1,0.010000,0,0
2169,0,0.00,0.00,1,0.010000,0,0
2170,2,8.00,199.00,1,0.010000,0,0
2171,4,242.00,237.00,1,0.010000,0,0
2172,0,0.00,0.00,1,0.010000,0,0
2173,2,239.00,8.00,1,0.010000,0,0
2174,2,8.00,199.00,1,0.010000,0,0
2175,2,204.00,199.00,1,0.010000,0,0
2176,0,0.00,0.00,1,0.010000,0,0
2177,0,0.00,0.00,1,0.010000,0,0
2178,2,199.00,204.00,1,0.010000,0,0
2179,0,0.00,0.00,1,0.010000,0,0
2180,4,242.00,237.00,1,0.010000,0,0
2181,2,8.00,199.00,1,0.010000,0,0
2182,4,242.00,237.00,1,0.010000,0,0
2183,0,0.00,0.00,1,0.010000,0,0
2184,2,239.00,8.00,1,0.010000,0,0
2185,1,4.00,200.00,1,0.010000,0,0
2186,2,204.00,199.00,1,0.010000,0,0
2187,0,0.00,0.00,1,0.010000,0,0
2188,3,203.00,238.00,1,0.010000,0,0
2189,2,199.00,204.00,1,0.010000,0,0
2190,0,0.00,0.00,1,0.010000,0,0
2191,0,0.00,0.00,1,0.010000,0,0
2192,2,8.00,199.00,1,0.010000,0,0
2193,4,242.00,237.00,1,0.010000,0,0
2194,0,0.00,0.00,1,0.010000,0,0
2195,2,239.00,8.00,1,0.010000,0,0
2196,2,239.00,8.00,1,0.010000,0,0
2197,2,204.00,199.00,1,0.010000,0,0
2198,0,0.00,0.00,1,0.010000,0,0
2199,3,243.00,198.00,1,0.010000,0,0
2200,2,199.00,204.00,1,0.010000,0,0
2201,0,0.00,0.00,1,0.010000,0,0
2202,2,204.00,199.00,1,0.010000,0,0
2203,2,8.00,199.00,1,0.010000,0,0
2204,4,242.00,237.00,1,0.010000,0,0
2205,0,0.00,0.00,1,0.010000,0,0
2206,2,239.00,8.00,1,0.010000,0,0
2207,1,4.00,200.00,1,0.010000,0,0
2208,2,204.00,199.00,1,0.010000,0,0
2209,0,0.00,0.00,1,0.010000,0,0
2210,0,0.00,0.00,1,0.010000,0,0
2211,2,199.00,204.00,1,0.010000,0,0
2212,0,0.00,0.00,1,0.010000,0,0
2213,1,4.00,200.00,1,0.010000,0,0
2214,2,8.00,199.00,1,0.010000,0,0
2215,4,242.00,237.00,1,0.010000,0,0
2216,0,0.00,0.00,1,0.010000,0,0
2217,2,239.00,8.00,1,0.010000,0,0
2218,0,0.00,0.00,1,0.010000,0,0
2219,2,204.00,199.00,1,0.010000,0,0
2220,0,0.00,0.00,1,0.010000,0,0
2221,1,200.00,4.00,1,0.010000,0,0
2222,2,199.00,204.00,1,0.010000,0,0
2223,0,0.00,0.00,1,0.010000,0,0
2224,3,238.00,12.00,1,0.010000,0,0
2225,2,8.00,199.00,1,0.010000,0,0
2226,4,242.00,237.00,1,0.010000,0,0
2227,0,0.00,0.00,1,0.010000,0,0
2228,2,239.00,8.00,1,0.010000,0,0
2229,1,4.00,200.00,1,0.010000,0,0
2230,2,204.00,199.00,1,0.010000,0,0
2231,0,0.00,0.00,1,0.010000,0,0
2232,0,0.00,0.00,1,0.010000,0,0
2233,2,199.00,204.00,1,0.010000,0,0
2234,0,0.00,0.00,1,0.010000,0,0
2235,0,0.00,0.00,1,0.010000,0,0
2236,2,8.00,199.00,1,0.010000,0,0
2237,4,242.00,237.00,1,0.010000,0,0
2238,0,0.00,0.00,1,0.010000,0,0
2239,2,239.00,8.00,1,0.010000,0,0
2240,1,4.00,200.00,1,0.010000,0,0
2241,2,204.00,199.00,1,0.010000,0,0
2242,0,0.00,0.00,1,0.010000,0,0
2243,1,200.00,4.00,1,0.010000,0,0
2244,2,199.00,204.00,1,0.010000,0,0
2245,0,0.00,0.00,1,0.010000,0,0
2246,1,200.00,4.00,1,0.010000,0,0
2247,2,8.00,199.00,1,0.010000,0,0
2248,4,242.00,237.00,1,0.010000,0,0
2249,0,0.00,0.00,1,0.010000,0,0
2250,2,239.00,8.00,1,0.010000,0,0
2251,0,0.00,0.00,1,0.010000,0,0
2252,2,204.00,199.00,1,0.010000,0,0
2253,0,0.00,0.00,1,0.010000,0,0
2254,0,0.00,0.00,1,0.010000,0,0
2255,2,199.00,204.00,1,0.010000,0,0
2256,0,0.00,0.00,1,0.010000,0,0
2257,1,200.00,4.00,1,0.010000,0,0
2258,2,8.00,199.00,1,0.010000,0,0
2259,4,242.00,237.00,1,0.010000,0,0
2260,0,0.00,0.00,1,0.010000,0,0
2261,2,239.00,8.00,1,0.010000,0,0
2262,0,0.00,0.00,1,0.010000,0,0
2263,2,204.00,199.00,1,0.010000,0,0
2264,0,0.00,0.00,1,0.010000,0,0
2265,1,4.00,200.00,1,0.010000,0,0
2266,2,199.00,204.00,1,0.010000,0,0
2267,0,0.00,0.00,1,0.010000,0,0
2268,2,204.00,199.00,1,0.010000,0,0
2269,2,8.00,199.00,1,0.010000,0,0
2270,4,242.00,237.00,1,0.010000,0,0
2271,0,0.00,0.00,1,0.010000,0,0
2272,2,239.00,8.00,1,0.010000,0,0
2273,2,8.00,199.00,1,0.010000,0,0
2274,2,204.00,199.00,1,0.010000,0,0
2275,0,0.00,0.00,1,0.010000,0,0
2276,1,4.00,200.00,1,0.010000,0,0
2277,2,199.00,204.00,1,0.010000,0,0
2278,0,0.00,0.00,1,0.010000,0,0
2279,1,200.00,4.00,1,0.010000,0,0
2280,2,8.00,199.00,1,0.010000,0,0
2281,4,242.00,237.00,1,0.010000,0,0
2282,0,0.00,0.00,1,0.010000,0,0
2283,2,239.00,8.00,1,0.010000,0,0
2284,3,198.00,193.00,1,0.010000,1,0
2285,2,204.00,199.00,1,0.010000,0,0
2286,0,0.00,0.00,1,0.010000,0,0
2287,0,0.00,0.00,1,0.010000,0,0
2288,2,199.00,204.00,1,0.010000,0,0
2289,0,0.00,0.00,1,0.010000,0,0
2290,0,0.00,0.00,1,0.010000,0,0
2291,2,8.00,199.00,1,0.010000,0,0
2292,4,242.00,237.00,1,0.010000,0,0
2293,0,0.00,0.00,1,0.010000,0,0
2294,2,239.00,8.00,1,0.010000,0,0
2295,2,204.00,199.00,1,0.010000,0,0
2296,2,204.00,199.00,1,0.010000,0,0
2297,0,0.00,0.00,1,0.010000,0,0
2298,0,0.00,0.00,1,0.010000,0,0
2299,2,199.00,204.00,1,0.010000,0,0
2300,0,0.00,0.00,1,0.010000,0,0
2301,1,200.00,4.00,1,0.010000,0,0
2302,2,8.00,199.00,1,0.010000,0,0
2303,4,242.00,237.00,1,0.010000,0,0
2304,0,0.00,0.00,1,0.010000,0,0
2305,2,239.00,8.00,1,0.010000,0,0
2306,5,286.00,276.00,1,0.010000,0,0
2307,2,204.00,199.00,1,0.010000,0,0
2308,0,0.00,0.00,1,0.010000,0,0
2309,2,199.00,204.00,1,0.010000,0,0
2310,2,199.00,204.00,1,0.010000,0,0
2311,0,0.00,0.00,1,0.010000,0,0
2312,0,0.00,0.00,1,0.010000,0,0
2313,2,8.00,199.00,1,0.010000,0,0
2314,4,242.00,237.00,1,0.010000,0,0
2315,0,0.00,0.00,1,0.010000,0,0
2316,2,239.00,8.00,1,0.010000,0,0
2317,20,-20.00,80.00,0,0.010000,0,20
2318,2,204.00,199.00,1,0.010000,0,0
2319,0,0.00,0.00,1,0.010000,0,0
2320,1,4.00,200.00,1,0.010000,0,0
2321,2,199.00,204.00,1,0.010000,0,0
2322,0,0.00,0.00,1,0.010000,0,0
2323,1,4.00,200.00,1,0.010000,0,0
2324,2,8.00,199.00,1,0.010000,0,0
2325,4,242.00,237.00,1,0.010000,0,0
2326,0,0.00,0.00,1,0.010000,0,0
2327,2,239.00,8.00,1,0.010000,0,0
2328,1,200.00,4.00,1,0.010000,0,0
2329,2,204.00,199.00,1,0.010000,0,0
2330,0,0.00,0.00,1,0.010000,0,0
2331,2,204.00,199.00,1,0.010000,0,0
2332,2,199.00,204.00,1,0.010000,0,0
2333,0,0.00,0.00,1,0.010000,0,0
2334,20,80.00,-20.00,0,0.010000,0,20
2335,2,8.00,199.00,1,0.010000,0,0
2336,4,242.00,237.00,1,0.010000,0,0
2337,0,0.00,0.00,1,0.010000,0,0
2338,2,239.00,8.00,1,0.010000,0,0
2339,0,0.00,0.00,1,0.010000,0,0
2340,2,204.00,199.00,1,0.010000,0,0
2341,0,0.00,0.00,1,0.010000,0,0
2342,1,4.00,200.00,1,0.010000,0,0
2343,2,199.00,204.00,1,0.010000,0,0
2344,0,0.00,0.00,1,0.010000,0,0
2345,0,0.00,0.00,1,0.010000,0,0
2346,2,8.00,199.00,1,0.010000,0,0
2347,4,242.00,237.00,1,0.010000,0,0
2348,0,0.00,0.00,1,0.010000,0,0
2349,2,239.00,8.00,1,0.010000,0,0
2350,3,243.00,198.00,1,0.010000,0,0
2351,2,204.00,199.00,1,0.010000,0,0
2352,0,0.00,0.00,1,0.010000,0,0
2353,0,0.00,0.00,1,0.010000,0,0
2354,2,199.00,204.00,1,0.010000,0,0
2355,0,0.00,0.00,1,0.010000,0,0
2356,2,8.00,199.00,1,0.010000,0,0
2357,2,8.00,199.00,1,0.010000,0,0
2358,4,242.00,237.00,1,0.010000,0,0
2359,0,0.00,0.00,1,0.010000,0,0
2360,2,239.00,8.00,1,0.010000,0,0
2361,2,204.00,199.00,1,0.010000,0,0
2362,2,204.00,199.00,1,0.010000,0,0
2363,0,0.00,0.00,1,0.010000,0,0
2364,1,200.00,4.00,1,0.010000,0,0
2365,2,199.00,204.00,1,0.010000,0,0
2366,0,0.00,0.00,1,0.010000,0,0
2367,2,199.00,204.00,1,0.010000,0,0
2368,2,8.00,199.00,1,0.010000,0,0
2369,4,242.00,237.00,1,0.010000,0,0
2370,0,0.00,0.00,1,0.010000,0,0
2371,2,239.00,8.00,1,0.010000,0,0
2372,2,199.00,8.00,1,0.010000,0,0
2373,2,204.00,199.00,1,0.010000,0,0
2374,0,0.00,0.00,1,0.010000,0,0
2375,0,0.00,0.00,1,0.010000,0,0
2376,2,199.00,204.00,1,0.010000,0,0
2377,0,0.00,0.00,1,0.010000,0,0
2378,0,0.00,0.00,1,0.010000,0,0
2379,2,8.00,199.00,1,0.010000,0,0
2380,4,242.00,237.00,1,0.010000,0,0
2381,0,0.00,0.00,1,0.010000,0,0
2382,2,239.00,8.00,1,0.010000,0,0
2383,0,0.00,0.00,1,0.010000,0,0
2384,2,204.00,199.00,1,0.010000,0,0
2385,0,0.00,0.00,1,0.010000,0,0
2386,1,4.00,200.00,1,0.010000,0,0
2387,2,199.00,204.00,1,0.010000,0,0
2388,0,0.00,0.00,1,0.010000,0,0
2389,1,200.00,4.00,1,0.010000,0,0
2390,2,8.00,199.00,1,0.010000,0,0
2391,4,242.00,237.00,1,0.010000,0,0
2392,0,0.00,0.00,1,0.010000,0,0
2393,2,239.00,8.00,1,0.010000,0,0
2394,1,200.00,4.00,1,0.010000,0,0
2395,2,204.00,199.00,1,0.010000,0,0
2396,0,0.00,0.00,1,0.010000,0,0
2397,4,242.00,237.00,1,0.010000,0,0
2398,2,199.00,204.00,1,0.010000,0,0
2399,0,0.00,0.00,1,0.010000,0,0
2400,1,200.00,4.00,1,0.010000,0,0
2401,2,8.00,199.00,1,0.010000,0,0
2402,4,242.00,237.00,1,0.010000,0,0
2403,0,0.00,0.00,1,0.010000,0,0
2404,2,239.00,8.00,1,0.010000,0,0
2405,1,4.00,200.00,1,0.010000,0,0
2406,2,204.00,199.00,1,0.010000,0,0
2407,0,0.00,0.00,1,0.010000,0,0
2408,4,207.00,277.00,1,0.010000,0,0
2409,2,199.00,204.00,1,0.010000,0,0
2410,0,0.00,0.00,1,0.010000,0,0
2411,2,199.00,204.00,1,0.010000,0,0
2412,2,8.00,199.00,1,0.010000,0,0
2413,4,242.00,237.00,1,0.010000,0,0
2414,0,0.00,0.00,1,0.010000,0,0
2415,2,239.00,8.00,1,0.010000,0,0
2416,2,204.00,199.00,1,0.010000,0,0
2417,2,204.00,199.00,1,0.010000,0,0
2418,0,0.00,0.00,1,0.010000,0,0
2419,1,4.00,200.00,1,0.010000,0,0
2420,2,199.00,204.00,1,0.010000,0,0
2421,0,0.00,0.00,1,0.010000,0,0
2422,0,0.00,0.00,1,0.010000,0,0
2423,2,8.00,199.00,1,0.010000,0,0
2424,4,242.00,237.00,1,0.010000,0,0
2425,0,0.00,0.00,1,0.010000,0,0
2426,2,239.00,8.00,1,0.010000,0,0
2427,0,0.00,0.00,1,0.010000,0,0
2428,2,204.00,199.00,1,0.010000,0,0
2429,0,0.00,0.00,1,0.010000,0,0
2430,1,4.00,200.00,1,0.010000,0,0
2431,2,199.00,204.00,1,0.010000,0,0
2432,0,0.00,0.00,1,0.010000,0,0
2433,3,203.00,118.00,1,0.010000,1,0
2434,2,8.00,199.00,1,0.010000,0,0
2435,4,242.00,237.00,1,0.010000,0,0
2436,0,0.00,0.00,1,0.010000,0,0
2437,2,239.00,8.00,1,0.010000,0,0
2438,0,0.00,0.00,1,0.010000,0,0
2439,2,204.00,199.00,1,0.010000,0,0
2440,0,0.00,0.00,1,0.010000,0,0
2441,1,200.00,4.00,1,0.010000,0,0
2442,2,199.00,204.00,1,0.010000,0,0
2443,0,0.00,0.00,1,0.010000,0,0
2444,2,204.00,199.00,1,0.010000,0,0
2445,2,8.00,199.00,1,0.010000,0,0
2446,4,242.00,237.00,1,0.010000,0,0
2447,0,0.00,0.00,1,0.010000,0,0
2448,2,239.00,8.00,1,0.010000,0,0
2449,0,0.00,0.00,1,0.010000,0,0
2450,2,204.00,199.00,1,0.010000,0,0
2451,0,0.00,0.00,1,0.010000,0,0
2452,1,4.00,200.00,1,0.010000,0,0
2453,2,199.00,204.00,1,0.010000,0,0
2454,0,0.00,0.00,1,0.010000,0,0
2455,0,0.00,0.00,1,0.010000,0,0
2456,2,8.00,199.00,1,0.010000,0,0
2457,4,242.00,237.00,1,0.010000,0,0
2458,0,0.00,0.00,1,0.010000,0,0
2459,2,239.00,8.00,1,0.010000,0,0
2460,0,0.00,0.00,1,0.010000,0,0
2461,2,204.00,199.00,1,0.010000,0,0
2462,0,0.00,0.00,1,0.010000,0,0
2463,3,203.00,238.00,1,0.010000,0,0
2464,2,199.00,204.00,1,0.010000,0,0
2465,0,0.00,0.00,1,0.010000,0,0
2466,1,4.00,200.00,1,0.010000,0,0
2467,2,8.00,199.00,1,0.010000,0,0
2468,4,242.00,237.00,1,0.010000,0,0
2469,0,0.00,0.00,1,0.010000,0,0
2470,2,239.00,8.00,1,0.010000,0,0
2471,0,0.00,0.00,1,0.010000,0,0
2472,2,204.00,199.00,1,0.010000,0,0
2473,0,0.00,0.00,1,0.010000,0,0
2474,0,0.00,0.00,1,0.010000,0,0
2475,2,199.00,204.00,1,0.010000,0,0
2476,0,0.00,0.00,1,0.010000,0,0
2477,3,243.00,198.00,1,0.010000,0,0
2478,2,8.00,199.00,1,0.010000,0,0
2479,4,242.00,237.00,1,0.010000,0,0
2480,0,0.00,0.00,1,0.010000,0,0
2481,2,239.00,8.00,1,0.010000,0,0
2482,0,0.00,0.00,1,0.010000,0,0
2483,2,204.00,199.00,1,0.010000,0,0
2484,0,0.00,0.00,1,0.010000,0,0
2485,0,0.00,0.00,1,0.010000,0,0
2486,2,199.00,204.00,1,0.010000,0,0
2487,0,0.00,0.00,1,0.010000,0,0
2488,1,200.00,4.00,1,0.010000,0,0
2489,2,8.00,199.00,1,0.010000,0,0
2490,4,242.00,237.00,1,0.010000,0,0
2491,0,0.00,0.00,1,0.010000,0,0
2492,5,241.00,42.00,1,0.010000,1,0
2493,1,200.00,4.00,1,0.010000,0,0
2494,2,204.00,199.00,1,0.010000,0,0
2495,0,0.00,0.00,1,0.010000,0,0
2496,0,0.00,0.00,1,0.010000,0,0
2497,2,199.00,204.00,1,0.010000,0,0
2498,0,0.00,0.00,1,0.010000,0,0
2499,0,0.00,0.00,1,0.010000,0,0
2500,2,8.00,199.00,1,0.010000,0,0
2501,4,242.00,237.00,1,0.010000,0,0
2502,0,0.00,0.00,1,0.010000,0,0
2503,3,238.00,12.00,1,0.010000,0,1
2504,2,199.00,204.00,1,0.010000,0,0
2505,2,204.00,199.00,1,0.010000,0,0
2506,0,0.00,0.00,1,0.010000,0,0
2507,1,4.00,200.00,1,0.010000,0,0
2508,2,199.00,204.00,1,0.010000,0,0
2509,0,0.00,0.00,1,0.010000,0,0
2510,1,4.00,200.00,1,0.010000,0,0
2511,2,8.00,199.00,1,0.010000,0,0
2512,4,242.00,237.00,1,0.010000,0,0
2513,0,0.00,0.00,1,0.010000,0,0
2514,2,239.00,8.00,1,0.010000,0,0
2515,2,8.00,199.00,1,0.010000,0,0
2516,2,204.00,199.00,1,0.010000,0,0
2517,0,0.00,0.00,1,0.010000,0,0
2518,0,0.00,0.00,1,0.010000,0,0
2519,2,199.00,204.00,1,0.010000,0,0
2520,0,0.00,0.00,1,0.010000,0,0
2521,20,-20.00,80.00,0,0.010000,0,20
2522,2,8.00,199.00,1,0.010000,0,0
2523,4,242.00,237.00,1,0.010000,0,0
2524,0,0.00,0.00,1,0.010000,0,0
2525,2,239.00,8.00,1,0.010000,0,0
2526,1,4.00,200.00,1,0.010000,0,0
2527,2,204.00,199.00,1,0.010000,0,0
2528,0,0.00,0.00,1,0.010000,0,0
2529,0,0.00,0.00,1,0.010000,0,0
2530,2,199.00,204.00,1,0.010000,0,0
2531,0,0.00,0.00,1,0.010000,0,0
2532,1,200.00,4.00,1,0.010000,0,0
2533,2,8.00,199.00,1,0.010000,0,0
2534,4,242.00,237.00,1,0.010000,0,0
2535,0,0.00,0.00,1,0.010000,0,0
2536,2,239.00,8.00,1,0.010000,0,0
2537,0,0.00,0.00,1,0.010000,0,0
2538,2,204.00,199.00,1,0.010000,0,0
2539,0,0.00,0.00,1,0.010000,0,0
2540,2,199.00,204.00,1,0.010000,0,0
2541,2,199.00,204.00,1,0.010000,0,0
2542,0,0.00,0.00,1,0.010000,0,0
2543,0,0.00,0.00,1,0.010000,0,0
2544,2,8.00,199.00,1,0.010000,0,0
2545,4,242.00,237.00,1,0.010000,0,0
2546,0,0.00,0.00,1,0.010000,0,0
2547,2,239.00,8.00,1,0.010000,0,0
2548,0,0.00,0.00,1,0.010000,0,0
2549,2,204.00,199.00,1,0.010000,0,0
2550,0,0.00,0.00,1,0.010000,0,0
2551,0,0.00,0.00,1,0.010000,0,0
2552,2,199.00,204.00,1,0.010000,0,0
2553,0,0.00,0.00,1,0.010000,0,0
2554,3,203.00,118.00,1,0.010000,1,0
2555,2,8.00,199.00,1,0.010000,0,0
2556,4,242.00,237.00,1,0.010000,0,0
2557,0,0.00,0.00,1,0.010000,0,0
2558,2,239.00,8.00,1,0.010000,0,0
2559,1,4.00,200.00,1,0.010000,0,0
2560,2,204.00,199.00,1,0.010000,0,0
2561,0,0.00,0.00,1,0.010000,0,0
2562,0,0.00,0.00,1,0.010000,0,0
2563,2,199.00,204.00,1,0.010000,0,0
2564,0,0.00,0.00,1,0.010000,0,0
2565,1,4.00,200.00,1,0.010000,0,0
2566,2,8.00,199.00,1,0.010000,0,0
2567,5,241.00,226.00,1,0.010000,1,1
2568,0,0.00,0.00,1,0.010000,0,0
2569,2,239.00,8.00,1,0.010000,0,0
2570,1,200.00,4.00,1,0.010000,0,0
2571,2,204.00,199.00,1,0.010000,0,0
2572,0,0.00,0.00,1,0.010000,0,0
2573,1,200.00,4.00,1,0.010000,0,0
2574,2,199.00,204.00,1,0.010000,0,0
2575,0,0.00,0.00,1,0.010000,0,0
2576,0,0.00,0.00,1,0.010000,0,0
2577,2,8.00,199.00,1,0.010000,0,0
2578,4,242.00,237.00,1,0.010000,0,0
2579,0,0.00,0.00,1,0.010000,0,0
2580,2,239.00,8.00,1,0.010000,0,0
2581,2,8.00,199.00,1,0.010000,0,0
2582,2,204.00,199.00,1,0.010000,0,0
2583,0,0.00,0.00,1,0.010000,0,0
2584,0,0.00,0.00,1,0.010000,0,0
2585,2,199.00,204.00,1,0.010000,0,0
2586,0,0.00,0.00,1,0.010000,0,0
2587,0,0.00,0.00,1,0.010000,0,0
2588,2,8.00,199.00,1,0.010000,0,0
2589,4,242.00,237.00,1,0.010000,0,0
2590,0,0.00,0.00,1,0.010000,0,0
2591,2,239.00,8.00,1,0.010000,0,0
2592,0,0.00,0.00,1,0.010000,0,0
2593,2,204.00,199.00,1,0.010000,0,0
2594,0,0.00,0.00,1,0.010000,0,0
2595,0,0.00,0.00,1,0.010000,0,0
2596,2,199.00,204.00,1,0.010000,0,0
2597,0,0.00,0.00,1,0.010000,0,0
2598,3,208.00,198.00,1,0.010000,0,0
2599,2,8.00,199.00,1,0.010000,0,0
2600,4,242.00,237.00,1,0.010000,0,0
2601,0,0.00,0.00,1,0.010000,0,0
2602,2,239.00,8.00,1,0.010000,0,0
2603,0,0.00,0.00,1,0.010000,0,0
2604,2,204.00,199.00,1,0.010000,0,0
2605,0,0.00,0.00,1,0.010000,0,0
2606,1,200.00,4.00,1,0.010000,0,0
2607,2,199.00,204.00,1,0.010000,0,0
2608,0,0.00,0.00,1,0.010000,0,0
2609,1,200.00,4.00,1,0.010000,0,0
2610,2,8.00,199.00,1,0.010000,0,0
2611,4,242.00,237.00,1,0.010000,0,0
2612,0,0.00,0.00,1,0.010000,0,0
2613,2,239.00,8.00,1,0.010000,0,0
2614,0,0.00,0.00,1,0.010000,0,0
2615,2,204.00,199.00,1,0.010000,0,0
2616,0,0.00,0.00,1,0.010000,0,0
2617,0,0.00,0.00,1,0.010000,0,0
2618,2,199.00,204.00,1,0.010000,0,0
2619,0,0.00,0.00,1,0.010000,0,0
2620,0,0.00,0.00,1,0.010000,0,0
2621,2,8.00,199.00,1,0.010000,0,0
2622,4,242.00,237.00,1,0.010000,0,0
2623,0,0.00,0.00,1,0.010000,0,0
2624,2,239.00,8.00,1,0.010000,0,0
2625,3,238.00,12.00,1,0.010000,0,0
2626,2,204.00,199.00,1,0.010000,0,0
2627,0,0.00,0.00,1,0.010000,0,0
2628,1,200.00,4.00,1,0.010000,0,0
2629,2,199.00,204.00,1,0.010000,0,0
2630,0,0.00,0.00,1,0.010000,0,0
2631,0,0.00,0.00,1,0.010000,0,0
2632,2,8.00,199.00,1,0.010000,0,0
2633,4,242.00,237.00,1,0.010000,0,0
2634,0,0.00,0.00,1,0.010000,0,0
2635,2,239.00,8.00,1,0.010000,0,0
2636,2,8.00,199.00,1,0.010000,0,0
2637,2,204.00,199.00,1,0.010000,0,0
2638,0,0.00,0.00,1,0.010000,0,0
2639,1,200.00,4.00,1,0.010000,0,0
2640,2,199.00,204.00,1,0.010000,0,0
2641,0,0.00,0.00,1,0.010000,0,0
2642,20,80.00,-20.00,0,0.010000,0,20
2643,2,8.00,199.00,1,0.010000,0,0
2644,4,242.00,237.00,1,0.010000,0,0
2645,0,0.00,0.00,1,0.010000,0,0
2646,2,239.00,8.00,1,0.010000,0,0
2647,20,80.00,-20.00,0,0.010000,0,20
2648,2,204.00,199.00,1,0.010000,0,0
2649,0,0.00,0.00,1,0.010000,0,0
2650,1,4.00,200.00,1,0.010000,0,0
2651,2,199.00,204.00,1,0.010000,0,0
2652,0,0.00,0.00,1,0.010000,0,0
2653,2,199.00,204.00,1,0.010000,0,0
2654,2,8.00,199.00,1,0.010000,0,0
2655,4,242.00,237.00,1,0.010000,0,0
2656,0,0.00,0.00,1,0.010000,0,0
2657,2,239.00,8.00,1,0.010000,0,0
2658,3,238.00,12.00,1,0.010000,0,0
2659,2,204.00,199.00,1,0.010000,0,0
2660,0,0.00,0.00,1,0.010000,0,0
2661,2,8.00,199.00,1,0.010000,0,0
2662,2,199.00,204.00,1,0.010000,0,0
2663,0,0.00,0.00,1,0.010000,0,0
2664,3,203.00,238.00,1,0.010000,0,0
2665,2,8.00,199.00,1,0.010000,0,0
2666,4,242.00,237.00,1,0.010000,0,0
2667,0,0.00,0.00,1,0.010000,0,0
2668,2,239.00,8.00,1,0.010000,0,0
2669,2,199.00,8.00,1,0.010000,0,0
2670,2,204.00,199.00,1,0.010000,0,0
2671,0,0.00,0.00,1,0.010000,0,0
2672,0,0.00,0.00,1,0.010000,0,0
2673,2,199.00,204.00,1,0.010000,0,0
2674,0,0.00,0.00,1,0.010000,0,0
2675,1,4.00,200.00,1,0.010000,0,0
2676,2,8.00,199.00,1,0.010000,0,0
2677,4,242.00,237.00,1,0.010000,0,0
2678,0,0.00,0.00,1,0.010000,0,0
2679,2,239.00,8.00,1,0.010000,0,0
2680,1,4.00,200.00,1,0.010000,0,0
2681,2,204.00,199.00,1,0.010000,0,0
2682,0,0.00,0.00,1,0.010000,0,0
2683,20,-20.00,80.00,0,0.010000,0,20
2684,2,199.00,204.00,1,0.010000,0,0
2685,0,0.00,0.00,1,0.010000,0,0
2686,2,8.00,189.00,1,0.010000,1,0
2687,2,8.00,199.00,1,0.010000,0,0
2688,4,242.00,237.00,1,0.010000,0,0
2689,0,0.00,0.00,1,0.010000,0,0
2690,2,239.00,8.00,1,0.010000,0,0
2691,0,0.00,0.00,1,0.010000,0,0
2692,2,204.00,199.00,1,0.010000,0,0
2693,0,0.00,0.00,1,0.010000,0,0
2694,3,238.00,12.00,1,0.010000,0,0
2695,2,199.00,204.00,1,0.010000,0,0
2696,0,0.00,0.00,1,0.010000,0,0
2697,0,0.00,0.00,1,0.010000,0,0
2698,2,8.00,199.00,1,0.010000,0,0
2699,4,242.00,237.00,1,0.010000,0,0
2700,0,0.00,0.00,1,0.010000,0,0
2701,2,239.00,8.00,1,0.010000,0,0
2702,0,0.00,0.00,1,0.010000,0,0
2703,2,204.00,199.00,1,0.010000,0,0
2704,0,0.00,0.00,1,0.010000,0,0
2705,0,0.00,0.00,1,0.010000,0,0
2706,2,199.00,204.00,1,0.010000,0,0
2707,0,0.00,0.00,1,0.010000,0,0
2708,0,0.00,0.00,1,0.010000,0,0
2709,2,8.00,199.00,1,0.010000,0,0
2710,4,242.00,237.00,1,0.010000,0,0
2711,0,0.00,0.00,1,0.010000,0,0
2712,2,239.00,8.00,1,0.010000,0,0
2713,0,0.00,0.00,1,0.010000,0,0
2714,2,204.00,199.00,1,0.010000,0,0
2715,0,0.00,0.00,1,0.010000,0,0
2716,2,199.00,8.00,1,0.010000,0,0
2717,2,199.00,204.00,1,0.010000,0,0
2718,0,0.00,0.00,1,0.010000,0,0
2719,2,204.00,199.00,1,0.010000,0,0
2720,2,8.00,199.00,1,0.010000,0,0
2721,4,242.00,237.00,1,0.010000,0,0
2722,0,0.00,0.00,1,0.010000,0,0
2723,2,239.00,8.00,1,0.010000,0,0
2724,0,0.00,0.00,1,0.010000,0,0
2725,2,204.00,199.00,1,0.010000,0,0
2726,0,0.00,0.00,1,0.010000,0,0
2727,0,0.00,0.00,1,0.010000,0,0
2728,2,199.00,204.00,1,0.010000,0,0
2729,0,0.00,0.00,1,0.010000,0,0
2730,2,239.00,8.00,1,0.010000,0,0
2731,2,8.00,199.00,1,0.010000,0,0
2732,4,242.00,237.00,1,0.010000,0,0
2733,0,0.00,0.00,1,0.010000,0,0
2734,2,239.00,8.00,1,0.010000,0,0
2735,2,204.00,199.00,1,0.010000,0,0
2736,2,204.00,199.00,1,0.010000,0,0
2737,0,0.00,0.00,1,0.010000,0,0
2738,1,200.00,4.00,1,0.010000,0,0
2739,2,199.00,204.00,1,0.010000,0,0
2740,0,0.00,0.00,1,0.010000,0,0
2741,3,203.00,238.00,1,0.010000,0,0
2742,2,8.00,199.00,1,0.010000,0,0
2743,4,242.00,237.00,1,0.010000,0,0
2744,0,0.00,0.00,1,0.010000,0,0
2745,2,239.00,8.00,1,0.010000,0,0
2746,0,0.00,0.00,1,0.010000,0,0
2747,2,204.00,199.00,1,0.010000,0,0
2748,0,0.00,0.00,1,0.010000,0,0
2749,3,203.00,238.00,1,0.010000,0,0
2750,2,199.00,204.00,1,0.010000,0,0
2751,0,0.00,0.00,1,0.010000,0,0
2752,0,0.00,0.00,1,0.010000,0,0
2753,2,8.00,199.00,1,0.010000,0,0
2754,4,242.00,237.00,1,0.010000,0,0
2755,0,0.00,0.00,1,0.010000,0,0
2756,2,239.00,8.00,1,0.010000,0,0
2757,2,204.00,199.00,1,0.010000,0,0
2758,2,204.00,199.00,1,0.010000,0,0
2759,0,0.00,0.00,1,0.010000,0,0
2760,1,200.00,4.00,1,0.010000,0,0
2761,2,199.00,204.00,1,0.010000,0,0
2762,0,0.00,0.00,1,0.010000,0,0
2763,20,80.00,20.00,0,0.010000,0,19
2764,2,8.00,199.00,1,0.010000,0,0
2765,4,242.00,237.00,1,0.010000,0,0
2766,0,0.00,0.00,1,0.010000,0,0
2767,2,239.00,8.00,1,0.010000,0,0
2768,0,0.00,0.00,1,0.010000,0,0
2769,2,204.00,199.00,1,0.010000,0,0
2770,0,0.00,0.00,1,0.010000,0,0
2771,0,0.00,0.00,1,0.010000,0,0
2772,2,199.00,204.00,1,0.010000,0,0
2773,0,0.00,0.00,1,0.010000,0,0
2774,2,199.00,8.00,1,0.010000,0,0
2775,2,8.00,199.00,1,0.010000,0,0
2776,4,242.00,237.00,1,0.010000,0,0
2777,0,0.00,0.00,1,0.010000,0,0
2778,2,239.00,8.00,1,0.010000,0,0
2779,1,4.00,200.00,1,0.010000,0,0
2780,2,204.00,199.00,1,0.010000,0,0
2781,0,0.00,0.00,1,0.010000,0,0
2782,2,199.00,8.00,1,0.010000,0,0
2783,2,199.00,204.00,1,0.010000,0,0
2784,0,0.00,0.00,1,0.010000,0,0
2785,3,243.00,198.00,1,0.010000,0,0
2786,2,8.00,199.00,1,0.010000,0,0
2787,4,242.00,237.00,1,0.010000,0,0
2788,0,0.00,0.00,1,0.010000,0,0
2789,2,239.00,8.00,1,0.010000,0,0
2790,3,203.00,118.00,1,0.010000,1,0
2791,2,204.00,199.00,1,0.010000,0,0
2792,0,0.00,0.00,1,0.010000,0,0
2793,0,0.00,0.00,1,0.010000,0,0
2794,2,199.00,204.00,1,0.010000,0,0
2795,0,0.00,0.00,1,0.010000,0,0
2796,0,0.00,0.00,1,0.010000,0,0
2797,2,8.00,199.00,1,0.010000,0,0
2798,4,242.00,237.00,1,0.010000,0,0
2799,0,0.00,0.00,1,0.010000,0,0
2800,2,239.00,8.00,1,0.010000,0,0
2801,1,200.00,4.00,1,0.010000,0,0
2802,2,204.00,199.00,1,0.010000,0,0
2803,0,0.00,0.00,1,0.010000,0,0
2804,0,0.00,0.00,1,0.010000,0,0
2805,2,199.00,204.00,1,0.010000,0,0
2806,0,0.00,0.00,1,0.010000,0,0
2807,3,203.00,238.00,1,0.010000,0,0
2808,2,8.00,199.00,1,0.010000,0,0
2809,4,242.00,237.00,1,0.010000,0,0
2810,0,0.00,0.00,1,0.010000,0,0
2811,2,239.00,8.00,1,0.010000,0,0
2812,14,187.00,56.00,1,0.010000,0,13
2813,2,204.00,199.00,1,0.010000,0,0
2814,0,0.00,0.00,1,0.010000,0,0
2815,2,8.00,199.00,1,0.010000,0,0
2816,2,199.00,204.00,1,0.010000,0,0
2817,0,0.00,0.00,1,0.010000,0,0
2818,1,200.00,4.00,1,0.010000,0,0
2819,2,8.00,199.00,1,0.010000,0,0
2820,4,242.00,237.00,1,0.010000,0,0
2821,0,0.00,0.00,1,0.010000,0,0
2822,2,239.00,8.00,1,0.010000,0,0
2823,1,200.00,4.00,1,0.010000,0,0
2824,2,204.00,199.00,1,0.010000,0,0
2825,0,0.00,0.00,1,0.010000,0,0
2826,0,0.00,0.00,1,0.010000,0,0
2827,2,199.00,204.00,1,0.010000,0,0
2828,0,0.00,0.00,1,0.010000,0,0
2829,1,4.00,200.00,1,0.010000,0,0
2830,2,8.00,199.00,1,0.010000,0,0
2831,4,242.00,237.00,1,0.010000,0,0
2832,0,0.00,0.00,1,0.010000,0,0
2833,2,239.00,8.00,1,0.010000,0,0
2834,1,4.00,200.00,1,0.010000,0,0
2835,2,204.00,199.00,1,0.010000,0,0
2836,0,0.00,0.00,1,0.010000,0,0
2837,2,199.00,8.00,1,0.010000,0,0
2838,2,199.00,204.00,1,0.010000,0,0
2839,0,0.00,0.00,1,0.010000,0,0
2840,3,238.00,12.00,1,0.010000,0,0
2841,2,8.00,199.00,1,0.010000,0,0
2842,4,242.00,237.00,1,0.010000,0,0
2843,0,0.00,0.00,1,0.010000,0,0
2844,2,239.00,8.00,1,0.010000,0,0
2845,2,204.00,199.00,1,0.010000,0,0
2846,2,204.00,199.00,1,0.010000,0,0
2847,0,0.00,0.00,1,0.010000,0,0
2848,2,199.00,8.00,1,0.010000,0,1
2849,2,199.00,204.00,1,0.010000,0,0
2850,0,0.00,0.00,1,0.010000,0,0
2851,2,199.00,8.00,1,0.010000,0,0
2852,2,8.00,199.00,1,0.010000,0,0
2853,4,242.00,237.00,1,0.010000,0,0
2854,0,0.00,0.00,1,0.010000,0,0
2855,2,239.00,8.00,1,0.010000,0,0
2856,20,80.00,20.00,0,0.010000,0,19
2857,2,204.00,199.00,1,0.010000,0,0
2858,0,0.00,0.00,1,0.010000,0,0
2859,20,-20.00,80.00,0,0.010000,0,20
2860,2,199.00,204.00,1,0.010000,0,0
2861,0,0.00,0.00,1,0.010000,0,0
2862,0,0.00,0.00,1,0.010000,0,0
2863,2,8.00,199.00,1,0.010000,0,0
2864,4,242.00,237.00,1,0.010000,0,0
2865,0,0.00,0.00,1,0.010000,0,0
2866,2,239.00,8.00,1,0.010000,0,0
2867,2,204.00,199.00,1,0.010000,0,0
2868,2,204.00,199.00,1,0.010000,0,0
2869,0,0.00,0.00,1,0.010000,0,0
2870,0,0.00,0.00,1,0.010000,0,0
2871,2,199.00,204.00,1,0.010000,0,0
2872,0,0.00,0.00,1,0.010000,0,0
2873,0,0.00,0.00,1,0.010000,0,0
2874,2,8.00,199.00,1,0.010000,0,0
2875,4,242.00,237.00,1,0.010000,0,0
2876,0,0.00,0.00,1,0.010000,0,0
2877,2,239.00,8.00,1,0.010000,0,0
2878,2,204.00,199.00,1,0.010000,0,0
2879,2,204.00,199.00,1,0.010000,0,0
2880,0,0.00,0.00,1,0.010000,0,0
2881,2,8.00,189.00,1,0.010000,1,0
2882,2,199.00,204.00,1,0.010000,0,0
2883,0,0.00,0.00,1,0.010000,0,0
2884,0,0.00,0.00,1,0.010000,0,0
2885,2,8.00,199.00,1,0.010000,0,0
2886,4,242.00,237.00,1,0.010000,0,0
2887,0,0.00,0.00,1,0.010000,0,0
2888,2,239.00,8.00,1,0.010000,0,0
2889,20,-20.00,80.00,0,0.010000,0,0
2890,2,204.00,199.00,1,0.010000,0,0
2891,0,0.00,0.00,1,0.010000,0,0
2892,3,243.00,198.00,1,0.010000,0,0
2893,2,199.00,204.00,1,0.010000,0,0
2894,0,0.00,0.00,1,0.010000,0,0
2895,1,4.00,200.00,1,0.010000,0,0
2896,2,8.00,199.00,1,0.010000,0,0
2897,4,242.00,237.00,1,0.010000,0,0
2898,0,0.00,0.00,1,0.010000,0,0
2899,2,239.00,8.00,1,0.010000,0,0
2900,1,4.00,200.00,1,0.010000,0,0
2901,2,204.00,199.00,1,0.010000,0,0
2902,0,0.00,0.00,1,0.010000,0,0
2903,2,199.00,8.00,1,0.010000,0,0
2904,2,199.00,204.00,1,0.010000,0,0
2905,0,0.00,0.00,1,0.010000,0,0
2906,2,8.00,199.00,1,0.010000,0,0
2907,2,8.00,199.00,1,0.010000,0,0
2908,4,242.00,237.00,1,0.010000,0,0
2909,0,0.00,0.00,1,0.010000,0,0
2910,2,239.00,8.00,1,0.010000,0,0
2911,0,0.00,0.00,1,0.010000,0,0
2912,2,204.00,199.00,1,0.010000,0,0
2913,0,0.00,0.00,1,0.010000,0,0
2914,20,-20.00,80.00,0,0.010000,0,20
2915,2,199.00,204.00,1,0.010000,0,0
2916,0,0.00,0.00,1,0.010000,0,0
2917,0,0.00,0.00,1,0.010000,0,0
2918,2,8.00,199.00,1,0.010000,0,0
2919,4,242.00,237.00,1,0.010000,0,0
2920,0,0.00,0.00,1,0.010000,0,0
2921,2,239.00,8.00,1,0.010000,0,0
2922,2,204.00,199.00,1,0.010000,0,0
2923,2,204.00,199.00,1,0.010000,0,0
2924,0,0.00,0.00,1,0.010000,0,0
2925,1,4.00,200.00,1,0.010000,0,0
2926,2,199.00,204.00,1,0.010000,0,0
2927,0,0.00,0.00,1,0.010000,0,0
2928,3,208.00,198.00,1,0.010000,0,0
2929,2,8.00,199.00,1,0.010000,0,0
2930,4,242.00,237.00,1,0.010000,0,0
2931,0,0.00,0.00,1,0.010000,0,0
2932,2,239.00,8.00,1,0.010000,0,0
2933,1,4.00,200.00,1,0.010000,0,0
2934,2,204.00,199.00,1,0.010000,0,0
2935,0,0.00,0.00,1,0.010000,0,0
2936,0,0.00,0.00,1,0.010000,0,0
2937,2,199.00,204.00,1,0.010000,0,0
2938,0,0.00,0.00,1,0.010000,0,0
2939,1,4.00,200.00,1,0.010000,0,0
2940,2,8.00,199.00,1,0.010000,0,0
2941,4,242.00,237.00,1,0.010000,0,0
2942,0,0.00,0.00,1,0.010000,0,0
2943,2,239.00,8.00,1,0.010000,0,0
2944,0,0.00,0.00,1,0.010000,0,0
2945,2,204.00,199.00,1,0.010000,0,0
2946,0,0.00,0.00,1,0.010000,0,0
2947,1,200.00,4.00,1,0.010000,0,0
2948,2,199.00,204.00,1,0.010000,0,0
2949,0,0.00,0.00,1,0.010000,0,0
2950,0,0.00,0.00,1,0.010000,0,0
2951,2,8.00,199.00,1,0.010000,0,0
2952,4,242.00,237.00,1,0.010000,0,0
2953,0,0.00,0.00,1,0.010000,0,0
2954,2,239.00,8.00,1,0.010000,0,0
2955,2,199.00,8.00,1,0.010000,0,0
2956,2,204.00,199.00,1,0.010000,0,0
2957,0,0.00,0.00,1,0.010000,0,0
2958,1,4.00,200.00,1,0.010000,0,0
2959,2,199.00,204.00,1,0.010000,0,0
2960,0,0.00,0.00,1,0.010000,0,0
2961,1,4.00,200.00,1,0.010000,0,0
2962,2,8.00,199.00,1,0.010000,0,0
2963,4,242.00,237.00,1,0.010000,0,0
2964,0,0.00,0.00,1,0.010000,0,0
2965,2,239.00,8.00,1,0.010000,0,0
2966,0,0.00,0.00,1,0.010000,0,0
2967,2,204.00,199.00,1,0.010000,0,0
2968,0,0.00,0.00,1,0.010000,0,0
2969,0,0.00,0.00,1,0.010000,0,0
2970,2,199.00,204.00,1,0.010000,0,0
2971,0,0.00,0.00,1,0.010000,0,0
2972,4,207.00,277.00,1,0.010000,0,0
2973,2,8.00,199.00,1,0.010000,0,0
2974,4,242.00,237.00,1,0.010000,0,0
2975,0,0.00,0.00,1,0.010000,0,0
2976,2,239.00,8.00,1,0.010000,0,0
2977,0,0.00,0.00,1,0.010000,0,0
2978,2,204.00,199.00,1,0.010000,0,0
2979,0,0.00,0.00,1,0.010000,0,0
2980,0,0.00,0.00,1,0.010000,0,0
2981,2,199.00,204.00,1,0.010000,0,0
2982,0,0.00,0.00,1,0.010000,0,0
2983,3,208.00,198.00,1,0.010000,0,0
2984,2,8.00,199.00,1,0.010000,0,0
2985,4,242.00,237.00,1,0.010000,0,0
2986,0,0.00,0.00,1,0.010000,0,0
2987,2,239.00,8.00,1,0.010000,0,0
2988,20,80.00,20.00,0,0.010000,0,19
2989,2,204.00,199.00,1,0.010000,0,0
2990,0,0.00,0.00,1,0.010000,0,0
2991,0,0.00,0.00,1,0.010000,0,0
2992,2,199.00,204.00,1,0.010000,0,0
2993,0,0.00,0.00,1,0.010000,0,0
2994,0,0.00,0.00,1,0.010000,0,0
2995,2,8.00,199.00,1,0.010000,0,0
2996,4,242.00,237.00,1,0.010000,0,0
2997,0,0.00,0.00,1,0.010000,0,0
2998,2,239.00,8.00,1,0.010000,0,0
2999,0,0.00,0.00,1,0.010000,0,0

# Summary
# FirstGoalEpisode,0
# TotalGoalCount,1854
# GoalRate_last100,0.98
