Episode,Steps,RewardZ1,RewardZ2,GoalReached,Epsilon,WastedByPenalty,WastedByNoEffect
0,0,0.00,0.00,0,0.300000,0,0
1,2,8.00,39.00,1,0.299100,1,0
2,2,-11.00,-2.00,1,0.300000,1,0
3,20,-65.00,80.00,0,0.299100,4,5
4,20,-195.00,-97.00,0,0.298203,19,3
5,20,52.00,-85.00,0,0.297308,12,3
6,20,-205.00,80.00,0,0.296416,18,3
7,2,89.00,8.00,1,0.295527,0,0
8,20,30.00,-89.00,0,0.294640,12,5
9,20,7.00,-133.00,0,0.293756,12,8
10,20,47.00,-58.00,0,0.292875,18,3
11,20,-195.00,80.00,0,0.291997,16,5
12,20,79.00,-61.00,0,0.291121,7,2
13,20,-55.00,80.00,0,0.290247,3,1
14,20,-185.00,-156.00,0,0.289376,19,7
15,20,1.00,-99.00,0,0.288508,11,4
16,20,-175.00,80.00,0,0.287643,15,3
17,7,34.00,28.00,1,0.286780,2,3
18,20,42.00,-80.00,0,0.285920,11,3
19,20,-51.00,-81.00,0,0.285062,13,4
20,20,43.00,-52.00,0,0.284207,15,5
21,20,-190.00,80.00,0,0.283354,17,3
22,20,67.00,-67.00,0,0.282504,13,3
23,20,-70.00,80.00,0,0.281656,5,1
24,20,-190.00,-135.00,0,0.280811,20,1
25,20,-4.00,-84.00,0,0.279969,11,4
26,20,-180.00,80.00,0,0.279129,16,4
27,2,89.00,8.00,1,0.278292,0,0
28,20,1.00,-137.00,0,0.277457,12,4
29,20,-16.00,-78.00,0,0.276624,12,4
30,20,-23.00,17.00,0,0.275795,15,1
31,20,-220.00,80.00,0,0.274967,20,0
32,20,58.00,-72.00,0,0.274142,12,6
33,20,-105.00,80.00,0,0.273320,8,4
34,20,-165.00,-101.00,0,0.272500,15,7
35,20,-14.00,-27.00,0,0.271682,14,4
36,20,-185.00,80.00,0,0.270867,16,4
37,2,89.00,8.00,1,0.270055,0,0
38,20,47.00,-127.00,0,0.269245,12,3
39,20,-39.00,88.00,0,0.268437,15,2
40,20,-9.00,1.00,0,0.267632,17,4
41,20,-200.00,80.00,0,0.266829,18,3
42,20,35.00,-40.00,0,0.266028,17,3
43,20,-110.00,80.00,0,0.265230,8,6
44,20,-145.00,12.00,0,0.264434,7,16
45,20,9.00,-38.00,0,0.263641,17,4
46,20,-205.00,80.00,0,0.262850,18,1
47,2,89.00,8.00,1,0.262062,0,0
48,20,47.00,-48.00,0,0.261275,17,3
49,20,-2.00,24.00,0,0.260492,17,5
50,20,-36.00,9.00,0,0.259710,18,4
51,20,-210.00,80.00,0,0.258931,19,2
52,20,37.00,-43.00,0,0.258154,18,3
53,20,-45.00,80.00,0,0.257380,2,2
54,20,-115.00,-37.00,0,0.256608,14,2
55,20,-22.00,-4.00,0,0.255838,19,2
56,20,-210.00,80.00,0,0.255070,19,3
57,2,89.00,8.00,1,0.254305,0,0
58,20,49.00,-79.00,0,0.253542,15,5
59,20,-71.00,78.00,0,0.252781,17,4
60,20,33.00,-37.00,0,0.252023,14,4
61,20,-185.00,80.00,0,0.251267,16,4
62,20,67.00,-58.00,0,0.250513,14,0
63,20,-70.00,80.00,0,0.249762,4,3
64,20,-120.00,-55.00,0,0.249012,13,3
65,20,9.00,-6.00,0,0.248265,17,2
66,20,-200.00,80.00,0,0.247521,18,0
67,2,89.00,8.00,1,0.246778,0,0
68,20,-12.00,-11.00,0,0.246038,18,2
69,20,-36.00,67.00,0,0.245300,19,2
70,20,30.00,-45.00,0,0.244564,18,3
71,20,-170.00,80.00,0,0.243830,11,8
72,20,36.00,-49.00,0,0.243099,19,2
73,20,-60.00,80.00,0,0.242369,4,3
74,20,-70.00,22.00,0,0.241642,6,2
75,20,4.00,4.00,0,0.240917,17,2
76,20,-175.00,80.00,0,0.240194,15,3
77,1,50.00,4.00,1,0.239474,0,0
78,20,-19.00,-81.00,0,0.238755,16,7
79,20,5.00,26.00,0,0.238039,18,3
80,20,-11.00,9.00,0,0.237325,16,2
81,20,-185.00,80.00,0,0.236613,14,6
82,20,66.00,-64.00,0,0.235903,13,5
83,20,-70.00,80.00,0,0.235196,4,4
84,20,-70.00,11.00,0,0.234490,6,3
85,20,-14.00,11.00,0,0.233786,16,4
86,20,-175.00,80.00,0,0.233085,15,4
87,3,88.00,12.00,1,0.232386,0,1
88,20,-9.00,-1.00,0,0.231689,16,4
89,20,-2.00,47.00,0,0.230994,18,0
90,20,-18.00,-8.00,0,0.230301,17,2
91,20,-170.00,80.00,0,0.229610,11,9
92,20,31.00,-49.00,0,0.228921,18,2
93,20,-110.00,80.00,0,0.228234,9,1
94,20,-75.00,26.00,0,0.227549,5,2
95,20,-9.00,-24.00,0,0.226867,14,9
96,20,-210.00,80.00,0,0.226186,19,1
97,2,89.00,8.00,1,0.225508,0,0
98,20,15.00,-138.00,0,0.224831,13,10
99,20,-42.00,33.00,0,0.224157,17,0
100,20,-11.00,-1.00,0,0.223484,17,4
101,20,-170.00,80.00,0,0.222814,11,9
102,20,97.00,-103.00,0,0.222145,19,1
103,20,-80.00,80.00,0,0.221479,6,2
104,20,-80.00,7.00,0,0.220814,6,5
105,20,36.00,-49.00,0,0.220152,13,7
106,20,-210.00,80.00,0,0.219492,19,0
107,3,83.00,12.00,1,0.218833,0,1
108,20,-7.00,3.00,0,0.218177,19,2
109,20,-39.00,82.00,0,0.217522,18,2
110,20,35.00,-35.00,0,0.216869,16,3
111,20,-195.00,80.00,0,0.216219,16,4
112,20,91.00,-114.00,0,0.215570,13,2
113,20,-200.00,80.00,0,0.214923,18,3
114,20,-70.00,49.00,0,0.214279,6,1
115,20,3.00,-22.00,0,0.213636,14,7
116,20,-205.00,80.00,0,0.212995,18,2
117,2,89.00,8.00,1,0.212356,0,0
118,20,4.00,-63.00,0,0.211719,15,5
119,20,-2.00,22.00,0,0.211084,14,5
120,20,49.00,-46.00,0,0.210450,19,1
121,20,-175.00,80.00,0,0.209819,14,7
122,20,85.00,-85.00,0,0.209190,17,3
123,20,-185.00,80.00,0,0.208562,16,1
124,20,-65.00,80.00,0,0.207936,4,3
125,20,6.00,-31.00,0,0.207313,13,9
126,20,-205.00,80.00,0,0.206691,18,1
127,2,89.00,8.00,1,0.206071,0,0
128,20,96.00,-91.00,0,0.205452,14,5
129,20,-38.00,-11.00,0,0.204836,16,2
130,20,6.00,-9.00,0,0.204222,17,2
131,20,-190.00,80.00,0,0.203609,16,4
132,20,39.00,-56.00,0,0.202998,18,2
133,20,-135.00,80.00,0,0.202389,11,2
134,20,-60.00,13.00,0,0.201782,4,1
135,20,-58.00,32.00,0,0.201177,14,8
136,20,-200.00,80.00,0,0.200573,18,1
137,2,89.00,8.00,1,0.199971,0,0
138,20,32.00,-18.00,0,0.199371,15,2
139,20,-3.00,27.00,0,0.198773,14,3
140,20,-8.00,17.00,0,0.198177,13,4
141,20,-145.00,80.00,0,0.197582,7,14
142,20,56.00,-74.00,0,0.196990,15,3
143,20,-140.00,80.00,0,0.196399,12,2
144,20,-115.00,44.00,0,0.195809,9,3
145,20,-13.00,12.00,0,0.195222,13,6
146,20,-205.00,80.00,0,0.194636,18,2
147,2,89.00,8.00,1,0.194052,0,0
148,20,-30.00,-13.00,0,0.193470,17,4
149,20,-38.00,-23.00,0,0.192890,15,4
150,20,-31.00,24.00,0,0.192311,16,4
151,20,-125.00,80.00,0,0.191734,4,16
152,20,51.00,-54.00,0,0.191159,18,0
153,20,-140.00,80.00,0,0.190586,12,2
154,20,-110.00,67.00,0,0.190014,9,1
155,20,-48.00,32.00,0,0.189444,13,8
156,20,-210.00,80.00,0,0.188876,19,2
157,3,88.00,12.00,1,0.188309,0,1
158,20,-30.00,4.00,0,0.187744,16,6
159,20,-46.00,27.00,0,0.187181,15,3
160,20,60.00,-55.00,0,0.186619,16,1
161,20,-140.00,80.00,0,0.186059,4,16
162,20,51.00,-54.00,0,0.185501,18,0
163,20,-140.00,80.00,0,0.184945,12,1
164,20,-80.00,57.00,0,0.184390,7,1
165,20,68.00,-115.00,0,0.183837,11,4
166,20,-200.00,80.00,0,0.183285,18,0
167,2,89.00,8.00,1,0.182735,0,0
168,20,-28.00,-87.00,0,0.182187,15,4
169,20,-4.00,8.00,0,0.181641,13,7
170,20,8.00,-2.00,0,0.181096,18,0
171,20,-195.00,80.00,0,0.180552,16,4
172,20,105.00,-115.00,0,0.180011,18,1
173,20,-120.00,80.00,0,0.179471,10,0
174,20,-60.00,67.00,0,0.178932,4,0
175,20,1.00,-42.00,0,0.178395,14,4
176,20,-45.00,80.00,0,0.177860,2,1
177,2,89.00,8.00,1,0.177327,0,0
178,20,6.00,-30.00,0,0.176795,18,5
179,20,-62.00,91.00,0,0.176264,13,6
180,20,30.00,-50.00,0,0.175735,18,3
181,20,-150.00,80.00,0,0.175208,6,14
182,20,58.00,-87.00,0,0.174683,14,4
183,20,-150.00,80.00,0,0.174159,13,2
184,20,-50.00,80.00,0,0.173636,2,3
185,20,-23.00,-73.00,0,0.173115,12,8
186,20,-100.00,80.00,0,0.172596,8,1
187,2,89.00,8.00,1,0.172078,0,0
188,20,43.00,-79.00,0,0.171562,14,5
189,20,-48.00,81.00,0,0.171047,13,4
190,20,-24.00,16.00,0,0.170534,16,4
191,20,-135.00,80.00,0,0.170022,5,17
192,20,25.00,-45.00,0,0.169512,13,6
193,20,-135.00,80.00,0,0.169004,10,4
194,20,-50.00,80.00,0,0.168497,3,3
195,20,33.00,-113.00,0,0.167991,13,6
196,20,-60.00,80.00,0,0.167487,4,1
197,2,89.00,8.00,1,0.166985,0,0
198,20,48.00,-60.00,0,0.166484,16,3
199,20,-58.00,93.00,0,0.165984,14,4
200,20,16.00,-39.00,0,0.165487,13,7
201,20,-160.00,80.00,0,0.164990,9,12
202,20,90.00,-114.00,0,0.164495,14,5
203,20,-170.00,80.00,0,0.164002,15,3
204,20,-35.00,80.00,0,0.163510,1,1
205,20,2.00,-83.00,0,0.163019,12,8
206,20,-85.00,80.00,0,0.162530,6,3
207,2,89.00,8.00,1,0.162042,0,0
208,20,2.00,-21.00,0,0.161556,16,4
209,20,-53.00,-23.00,0,0.161072,15,4
210,20,-36.00,24.00,0,0.160588,14,6
211,20,-150.00,80.00,0,0.160107,7,12
212,20,213.00,-236.00,0,0.159626,14,3
213,20,-140.00,80.00,0,0.159147,12,1
214,20,-105.00,49.00,0,0.158670,9,3
215,20,56.00,-73.00,0,0.158194,10,9
216,20,-80.00,80.00,0,0.157719,6,1
217,2,89.00,8.00,1,0.157246,0,0
218,20,24.00,-55.00,0,0.156775,17,5
219,20,-51.00,79.00,0,0.156304,13,4
220,20,-31.00,19.00,0,0.155835,15,4
221,20,-140.00,80.00,0,0.155368,4,17
222,20,217.00,-238.00,0,0.154902,14,4
223,20,-140.00,80.00,0,0.154437,12,0
224,20,-70.00,49.00,0,0.153974,6,0
225,20,-13.00,-14.00,0,0.153512,11,8
226,20,-75.00,80.00,0,0.153051,5,2
227,2,89.00,8.00,1,0.152592,0,0
228,20,-12.00,-102.00,0,0.152134,15,6
229,20,-23.00,47.00,0,0.151678,14,5
230,20,-41.00,24.00,0,0.151223,15,6
231,20,-140.00,80.00,0,0.150769,4,17
232,20,184.00,-211.00,0,0.150317,16,3
233,20,-70.00,80.00,0,0.149866,5,3
234,20,-70.00,80.00,0,0.149416,5,4
235,20,46.00,-73.00,0,0.148968,11,9
236,20,-110.00,80.00,0,0.148521,9,2
237,3,83.00,12.00,1,0.148076,0,1
238,20,4.00,-13.00,0,0.147631,14,4
239,20,-75.00,71.00,0,0.147188,15,6
240,20,26.00,-24.00,0,0.146747,11,5
241,20,-165.00,80.00,0,0.146307,10,11
242,20,204.00,-216.00,0,0.145868,14,4
243,20,-40.00,80.00,0,0.145430,2,0
244,20,-30.00,80.00,0,0.144994,1,1
245,20,40.00,-68.00,0,0.144559,11,5
246,20,-70.00,80.00,0,0.144125,5,2
247,2,89.00,8.00,1,0.143693,0,0
248,20,34.00,-64.00,0,0.143262,14,7
249,20,-2.00,39.00,0,0.142832,16,3
250,20,-33.00,22.00,0,0.142403,13,6
251,20,-135.00,80.00,0,0.141976,3,17
252,20,154.00,-171.00,0,0.141550,13,4
253,20,-70.00,80.00,0,0.141126,5,1
254,20,-80.00,-47.00,0,0.140702,8,3
255,20,10.00,-34.00,0,0.140280,12,4
256,20,-100.00,80.00,0,0.139859,8,2
257,2,89.00,8.00,1,0.139440,0,0
258,20,31.00,-52.00,0,0.139021,15,5
259,20,-14.00,49.00,0,0.138604,15,5
260,20,-14.00,-14.00,0,0.138189,20,2
261,20,-135.00,80.00,0,0.137774,3,17
262,20,171.00,-179.00,0,0.137361,15,3
263,20,-70.00,80.00,0,0.136949,5,1
264,20,-50.00,80.00,0,0.136538,3,2
265,20,-8.00,-7.00,0,0.136128,10,8
266,20,-45.00,80.00,0,0.135720,2,1
267,2,49.00,8.00,1,0.135313,0,0
268,20,-15.00,-14.00,0,0.134907,14,5
269,20,-53.00,81.00,0,0.134502,14,4
270,20,20.00,-30.00,0,0.134098,15,5
271,20,-130.00,80.00,0,0.133696,3,17
272,20,133.00,-152.00,0,0.133295,14,4
273,20,-75.00,80.00,0,0.132895,5,2
274,20,-50.00,67.00,0,0.132496,3,0
275,20,43.00,-58.00,0,0.132099,10,7
276,20,-105.00,80.00,0,0.131703,8,5
277,2,89.00,8.00,1,0.131308,0,0
278,20,48.00,-67.00,0,0.130914,15,5
279,20,-60.00,76.00,0,0.130521,14,6
280,20,28.00,-42.00,0,0.130129,15,3
281,20,-125.00,80.00,0,0.129739,2,18
282,20,161.00,-164.00,0,0.129350,14,3
283,20,-45.00,80.00,0,0.128962,2,1
284,20,-30.00,80.00,0,0.128575,1,0
285,20,48.00,-61.00,0,0.128189,11,7
286,20,-40.00,80.00,0,0.127805,2,0
287,3,78.00,12.00,1,0.127421,1,1
288,20,-3.00,-29.00,0,0.127039,15,3
289,20,6.00,32.00,0,0.126658,13,5
290,20,-49.00,56.00,0,0.126278,8,14
291,20,-180.00,80.00,0,0.125899,14,6
292,20,149.00,-161.00,0,0.125521,13,6
293,20,-80.00,80.00,0,0.125145,6,0
294,20,-50.00,72.00,0,0.124769,3,0
295,20,46.00,-85.00,0,0.124395,11,5
296,20,-70.00,80.00,0,0.124022,5,1
297,3,78.00,12.00,1,0.123650,1,1
298,20,-46.00,-57.00,0,0.123279,16,2
299,20,-4.00,41.00,0,0.122909,16,3
300,20,-34.00,56.00,0,0.122540,7,14
301,20,-125.00,80.00,0,0.122173,3,18
302,20,117.00,-128.00,0,0.121806,16,2
303,20,-40.00,80.00,0,0.121441,2,0
304,20,-50.00,80.00,0,0.121076,3,2
305,20,5.00,-14.00,0,0.120713,9,8
306,20,-55.00,80.00,0,0.120351,3,2
307,2,89.00,8.00,1,0.119990,0,0
308,20,38.00,-52.00,0,0.119630,15,5
309,20,-48.00,86.00,0,0.119271,13,4
310,20,-46.00,64.00,0,0.118913,6,16
311,20,-125.00,80.00,0,0.118556,2,17
312,20,179.00,-191.00,0,0.118201,14,2
313,20,-45.00,80.00,0,0.117846,2,2
314,20,-40.00,80.00,0,0.117493,2,1
315,20,4.00,-66.00,0,0.117140,14,4
316,20,-60.00,80.00,0,0.116789,4,0
317,2,89.00,8.00,1,0.116438,0,0
318,20,-43.00,-59.00,0,0.116089,14,4
319,20,-50.00,95.00,0,0.115741,15,4
320,20,-29.00,56.00,0,0.115394,7,14
321,20,-135.00,80.00,0,0.115047,3,17
322,20,100.00,-110.00,0,0.114702,14,4
323,20,-80.00,80.00,0,0.114358,6,4
324,20,-40.00,80.00,0,0.114015,2,2
325,20,16.00,-59.00,0,0.113673,11,4
326,20,-85.00,80.00,0,0.113332,6,3
327,3,78.00,12.00,1,0.112992,1,1
328,20,48.00,-64.00,0,0.112653,14,3
329,20,-56.00,93.00,0,0.112315,15,2
330,20,-21.00,54.00,0,0.111978,4,14
331,20,-125.00,80.00,0,0.111642,1,19
332,20,90.00,-100.00,0,0.111307,14,2
333,20,-45.00,80.00,0,0.110973,2,2
334,20,-30.00,80.00,0,0.110640,1,2
335,20,52.00,-96.00,0,0.110308,13,3
336,20,-70.00,80.00,0,0.109978,5,1
337,2,89.00,8.00,1,0.109648,0,0
338,20,-18.00,-28.00,0,0.109319,16,6
339,20,-60.00,78.00,0,0.108991,16,4
340,20,-26.00,54.00,0,0.108664,5,16
341,20,-155.00,80.00,0,0.108338,7,14
342,20,115.00,-115.00,0,0.108013,13,4
343,20,-50.00,80.00,0,0.107689,3,2
344,20,-55.00,80.00,0,0.107366,3,1
345,20,40.00,-76.00,0,0.107044,12,5
346,20,-40.00,80.00,0,0.106722,2,0
347,2,89.00,8.00,1,0.106402,0,0
348,20,-11.00,-5.00,0,0.106083,13,6
349,20,-67.00,93.00,0,0.105765,15,4
350,20,-16.00,54.00,0,0.105448,4,14
351,20,-130.00,80.00,0,0.105131,2,19
352,20,184.00,-201.00,0,0.104816,15,3
353,20,-80.00,80.00,0,0.104501,6,1
354,20,-50.00,72.00,0,0.104188,3,1
355,20,-13.00,-37.00,0,0.103875,12,8
356,20,-50.00,80.00,0,0.103564,3,2
357,3,78.00,12.00,1,0.103253,1,1
358,20,6.00,-16.00,0,0.102943,16,2
359,20,-2.00,39.00,0,0.102634,15,3
360,20,-11.00,44.00,0,0.102326,4,14
361,20,-130.00,80.00,0,0.102019,3,18
362,20,45.00,-60.00,0,0.101713,14,6
363,20,-40.00,80.00,0,0.101408,2,0
364,20,-35.00,80.00,0,0.101104,1,2
365,20,-16.00,-93.00,0,0.100801,14,4
366,20,-60.00,80.00,0,0.100498,4,1
367,2,49.00,8.00,1,0.100197,0,0
368,20,46.00,-67.00,0,0.099896,16,3
369,20,-53.00,2.00,0,0.099597,14,4
370,20,-16.00,54.00,0,0.099298,4,16
371,20,-125.00,80.00,0,0.099000,2,19
372,20,206.00,-209.00,0,0.098703,15,2
373,20,-60.00,80.00,0,0.098407,4,1
374,20,-50.00,80.00,0,0.098112,3,2
375,20,48.00,-76.00,0,0.097817,11,7
376,20,-50.00,80.00,0,0.097524,3,1
377,2,89.00,8.00,1,0.097231,0,0
378,20,35.00,-50.00,0,0.096940,17,3
379,20,-58.00,140.00,0,0.096649,5,14
380,20,-33.00,72.00,0,0.096359,3,18
381,20,-130.00,80.00,0,0.096070,2,18
382,20,40.00,-60.00,0,0.095781,14,6
383,20,-70.00,80.00,0,0.095494,5,1
384,20,-40.00,80.00,0,0.095208,2,1
385,20,23.00,-66.00,0,0.094922,12,7
386,20,-50.00,80.00,0,0.094637,3,1
387,2,89.00,8.00,1,0.094353,0,0
388,20,-18.00,72.00,0,0.094070,2,18
389,20,-58.00,153.00,0,0.093788,3,16
390,20,-16.00,44.00,0,0.093507,4,16
391,20,-125.00,80.00,0,0.093226,1,19
392,20,105.00,-110.00,0,0.092946,13,4
393,20,-75.00,80.00,0,0.092668,5,2
394,20,-65.00,3.00,0,0.092390,5,1
395,20,53.00,-90.00,0,0.092112,11,5
396,20,-50.00,80.00,0,0.091836,3,1
397,2,89.00,8.00,1,0.091561,0,0
398,20,-20.00,80.00,0,0.091286,0,20
399,20,-65.00,161.00,0,0.091012,1,18
400,20,-26.00,49.00,0,0.090739,6,14
401,20,-130.00,80.00,0,0.090467,2,19
402,20,60.00,-65.00,0,0.090195,12,6
403,20,-40.00,80.00,0,0.089925,2,0
404,20,-40.00,80.00,0,0.089655,2,3
405,20,48.00,-81.00,0,0.089386,12,7
406,20,-60.00,80.00,0,0.089118,4,3
407,2,89.00,8.00,1,0.088851,0,0
408,20,-18.00,72.00,0,0.088584,2,18
409,20,-65.00,135.00,0,0.088318,5,14
410,20,-11.00,54.00,0,0.088053,4,16
411,20,-130.00,80.00,0,0.087789,2,18
412,20,48.00,-72.00,0,0.087526,13,6
413,20,-45.00,80.00,0,0.087263,2,1
414,20,-30.00,80.00,0,0.087001,1,0
415,20,-4.00,-81.00,0,0.086740,13,4
416,20,-80.00,80.00,0,0.086480,6,0
417,3,78.00,12.00,1,0.086221,1,1
418,20,-13.00,54.00,0,0.085962,4,16
419,20,-58.00,153.00,0,0.085704,3,16
420,20,18.00,18.00,0,0.085447,4,16
421,20,-125.00,80.00,0,0.085191,2,20
422,20,100.00,-85.00,0,0.084935,7,5
423,20,-55.00,80.00,0,0.084680,3,2
424,20,-50.00,80.00,0,0.084426,3,2
425,20,-38.00,-2.00,0,0.084173,12,8
426,20,-50.00,80.00,0,0.083921,3,1
427,2,89.00,8.00,1,0.083669,0,0
428,20,-20.00,80.00,0,0.083418,0,20
429,20,-58.00,145.00,0,0.083168,5,14
430,20,-13.00,62.00,0,0.082918,2,18
431,20,-125.00,80.00,0,0.082669,1,19
432,20,106.00,-104.00,0,0.082421,10,4
433,20,-50.00,80.00,0,0.082174,3,0
434,20,-55.00,67.00,0,0.081927,3,1
435,20,6.00,-91.00,0,0.081682,13,4
436,20,-20.00,80.00,0,0.081437,0,0
437,2,89.00,8.00,1,0.081192,0,0
438,20,-25.00,80.00,0,0.080949,0,20
439,20,-38.00,141.00,0,0.080706,3,16
440,20,-13.00,62.00,0,0.080464,2,18
441,20,-125.00,80.00,0,0.080222,1,20
442,20,115.00,-110.00,0,0.079982,8,3
443,20,-45.00,80.00,0,0.079742,2,1
444,20,-55.00,22.00,0,0.079503,4,1
445,20,28.00,-56.00,0,0.079264,12,7
446,20,-20.00,80.00,0,0.079026,0,0
447,2,89.00,8.00,1,0.078789,0,0
448,20,-20.00,80.00,0,0.078553,0,20
449,20,-60.00,161.00,0,0.078317,1,18
450,20,-25.00,80.00,0,0.078082,0,20
451,20,-135.00,80.00,0,0.077848,3,17
452,20,86.00,-84.00,0,0.077614,9,4
453,20,-40.00,80.00,0,0.077382,2,1
454,20,-60.00,80.00,0,0.077149,4,4
455,20,18.00,-56.00,0,0.076918,13,7
456,20,-40.00,80.00,0,0.076687,2,2
457,2,89.00,8.00,1,0.076457,0,0
458,20,-18.00,72.00,0,0.076228,2,18
459,20,-70.00,161.00,0,0.075999,2,18
460,20,-18.00,72.00,0,0.075771,2,16
461,20,-170.00,80.00,0,0.075544,12,6
462,20,71.00,-64.00,0,0.075317,9,2
463,20,-70.00,80.00,0,0.075091,5,1
464,20,-30.00,80.00,0,0.074866,1,0
465,20,-21.00,-83.00,0,0.074641,13,6
466,20,-20.00,80.00,0,0.074417,0,0
467,2,89.00,8.00,1,0.074194,0,0
468,20,-35.00,72.00,0,0.073972,3,18
469,20,-28.00,99.00,0,0.073750,5,15
470,20,-20.00,80.00,0,0.073528,0,20
471,20,-120.00,80.00,0,0.073308,0,20
472,20,152.00,-143.00,0,0.073088,10,2
473,20,-40.00,80.00,0,0.072869,2,0
474,20,-60.00,3.00,0,0.072650,5,1
475,20,-28.00,-32.00,0,0.072432,12,8
476,20,-20.00,80.00,0,0.072215,0,0
477,2,89.00,8.00,1,0.071998,0,0
478,20,-18.00,72.00,0,0.071782,2,18
479,20,-70.00,161.00,0,0.071567,2,18
480,20,-30.00,25.00,0,0.071352,13,6
481,20,-130.00,80.00,0,0.071138,3,19
482,20,170.00,-155.00,0,0.070925,8,3
483,20,-60.00,80.00,0,0.070712,4,2
484,20,-60.00,72.00,0,0.070500,4,2
485,20,-21.00,-12.00,0,0.070288,12,6
486,20,-25.00,80.00,0,0.070077,0,1
487,2,89.00,8.00,1,0.069867,0,0
488,20,-20.00,72.00,0,0.069658,2,18
489,20,-76.00,145.00,0,0.069449,7,14
490,20,-23.00,62.00,0,0.069240,2,18
491,20,-120.00,80.00,0,0.069033,0,20
492,20,107.00,-98.00,0,0.068825,9,4
493,20,-60.00,80.00,0,0.068619,4,0
494,20,-30.00,80.00,0,0.068413,1,0
495,20,28.00,-66.00,0,0.068208,13,7
496,20,-40.00,80.00,0,0.068003,2,0
497,2,89.00,8.00,1,0.067799,0,0
498,20,-30.00,80.00,0,0.067596,1,20
499,20,-75.00,148.00,0,0.067393,4,16
500,20,-20.00,80.00,0,0.067191,0,20
501,20,-120.00,80.00,0,0.066989,0,20
502,20,86.00,-98.00,0,0.066788,8,5
503,20,-40.00,80.00,0,0.066588,2,0
504,20,-50.00,57.00,0,0.066388,4,1
505,20,33.00,-56.00,0,0.066189,13,5
506,20,-20.00,80.00,0,0.065990,0,0
507,2,89.00,8.00,1,0.065792,0,0
508,20,-20.00,80.00,0,0.065595,0,20
509,20,-70.00,161.00,0,0.065398,2,18
510,20,-18.00,72.00,0,0.065202,2,18
511,20,-175.00,80.00,0,0.065007,11,9
512,20,71.00,-54.00,0,0.064811,8,2
513,20,-70.00,80.00,0,0.064617,5,1
514,20,-60.00,72.00,0,0.064423,3,2
515,20,53.00,-101.00,0,0.064230,14,4
516,20,-50.00,80.00,0,0.064037,3,2
517,3,88.00,12.00,1,0.063845,0,1
518,20,-30.00,80.00,0,0.063654,1,20
519,20,-70.00,161.00,0,0.063463,2,18
520,20,-18.00,62.00,0,0.063272,2,18
521,20,-130.00,80.00,0,0.063082,2,20
522,20,107.00,-88.00,0,0.062893,8,3
523,20,-80.00,80.00,0,0.062705,6,0
524,20,-50.00,57.00,0,0.062516,4,0
525,20,30.00,-27.00,0,0.062329,13,4
526,20,-25.00,80.00,0,0.062142,0,1
527,2,89.00,8.00,1,0.061955,0,0
528,20,-23.00,64.00,0,0.061770,4,16
529,20,-60.00,161.00,0,0.061584,1,18
530,20,-25.00,80.00,0,0.061400,0,20
531,20,-130.00,80.00,0,0.061215,3,17
532,20,170.00,-160.00,0,0.061032,9,2
533,20,-60.00,80.00,0,0.060849,4,0
534,20,-40.00,80.00,0,0.060666,2,2
535,20,40.00,-22.00,0,0.060484,13,2
536,20,-35.00,80.00,0,0.060303,1,2
537,2,89.00,8.00,1,0.060122,0,0
538,20,-18.00,64.00,0,0.059941,4,16
539,20,-60.00,161.00,0,0.059761,1,18
540,20,26.00,26.00,0,0.059582,1,19
541,20,-120.00,80.00,0,0.059403,0,20
542,20,150.00,-150.00,0,0.059225,9,4
543,20,-40.00,80.00,0,0.059048,2,1
544,20,-30.00,80.00,0,0.058870,1,0
545,20,86.00,-99.00,0,0.058694,16,0
546,20,-50.00,80.00,0,0.058518,3,1
547,2,89.00,8.00,1,0.058342,0,0
548,20,-18.00,72.00,0,0.058167,2,18
549,20,-60.00,153.00,0,0.057993,3,16
550,20,-16.00,49.00,0,0.057819,5,14
551,20,-125.00,80.00,0,0.057645,1,19
552,20,71.00,-44.00,0,0.057472,7,2
553,20,-40.00,80.00,0,0.057300,2,0
554,20,-30.00,80.00,0,0.057128,1,0
555,20,40.00,-10.00,0,0.056957,15,0
556,20,-20.00,80.00,0,0.056786,0,0
557,2,89.00,8.00,1,0.056615,0,0
558,20,-28.00,72.00,0,0.056445,3,18
559,20,-60.00,161.00,0,0.056276,1,18
560,20,-20.00,80.00,0,0.056107,0,20
561,20,-120.00,80.00,0,0.055939,0,20
562,20,170.00,-150.00,0,0.055771,8,1
563,20,-40.00,80.00,0,0.055604,2,0
564,20,-30.00,80.00,0,0.055437,1,0
565,20,94.00,-106.00,0,0.055271,14,2
566,20,-50.00,80.00,0,0.055105,3,2
567,2,89.00,8.00,1,0.054940,0,0
568,20,-20.00,80.00,0,0.054775,0,20
569,20,-58.00,153.00,0,0.054610,3,16
570,20,-20.00,80.00,0,0.054447,0,20
571,20,-120.00,80.00,0,0.054283,0,20
572,20,117.00,-93.00,0,0.054120,8,3
573,20,-80.00,80.00,0,0.053958,6,2
574,20,-30.00,80.00,0,0.053796,1,0
575,20,53.00,-101.00,0,0.053635,15,2
576,20,-20.00,80.00,0,0.053474,0,0
577,2,89.00,8.00,1,0.053314,0,0
578,20,-33.00,72.00,0,0.053154,3,18
579,20,-65.00,161.00,0,0.052994,1,18
580,20,-13.00,62.00,0,0.052835,2,18
581,20,-120.00,80.00,0,0.052677,0,20
582,20,145.00,-140.00,0,0.052519,9,3
583,20,-50.00,80.00,0,0.052361,3,1
584,20,-30.00,80.00,0,0.052204,1,0
585,20,51.00,-68.00,0,0.052047,12,5
586,20,-30.00,80.00,0,0.051891,1,2
587,2,89.00,8.00,1,0.051736,0,0
588,20,-30.00,80.00,0,0.051580,1,20
589,20,-58.00,153.00,0,0.051426,3,16
590,20,-20.00,80.00,0,0.051271,0,20
591,20,-125.00,80.00,0,0.051117,3,16
592,20,127.00,-110.00,0,0.050964,9,1
593,20,-50.00,80.00,0,0.050811,3,1
594,20,-40.00,80.00,0,0.050659,1,2
595,20,15.00,-76.00,0,0.050507,15,4
596,20,-40.00,80.00,0,0.050355,2,1
597,3,88.00,12.00,1,0.050204,0,1
598,20,-20.00,80.00,0,0.050054,0,20
599,20,-70.00,153.00,0,0.049903,4,16
600,20,-20.00,80.00,0,0.049754,0,20
601,20,-125.00,80.00,0,0.049605,1,19
602,20,125.00,-95.00,0,0.049456,6,2
603,20,-60.00,80.00,0,0.049307,4,0
604,20,-30.00,80.00,0,0.049159,1,1
605,20,5.00,-17.00,0,0.049012,13,6
606,20,-25.00,80.00,0,0.048865,0,1
607,2,89.00,8.00,1,0.048718,0,0
608,20,-30.00,80.00,0,0.048572,1,20
609,20,-70.00,161.00,0,0.048426,2,18
610,20,-30.00,80.00,0,0.048281,1,20
611,20,-115.00,80.00,0,0.048136,0,20
612,20,155.00,-150.00,0,0.047992,9,2
613,20,-60.00,80.00,0,0.047848,4,2
614,20,-50.00,80.00,0,0.047704,3,0
615,20,4.00,-37.00,0,0.047561,14,4
616,20,-20.00,80.00,0,0.047419,0,1
617,2,89.00,8.00,1,0.047276,0,0
618,20,-20.00,80.00,0,0.047134,0,20
619,20,-60.00,161.00,0,0.046993,1,18
620,20,-20.00,80.00,0,0.046852,0,20
621,20,-115.00,80.00,0,0.046712,0,20
622,20,170.00,-155.00,0,0.046571,8,2
623,20,-45.00,80.00,0,0.046432,2,2
624,20,-50.00,80.00,0,0.046292,3,0
625,20,66.00,-66.00,0,0.046154,13,3
626,20,-30.00,80.00,0,0.046015,1,1
627,2,89.00,8.00,1,0.045877,0,0
628,20,-30.00,80.00,0,0.045739,1,20
629,20,-65.00,161.00,0,0.045602,1,18
630,20,-18.00,52.00,0,0.045465,4,16
631,20,-120.00,80.00,0,0.045329,0,20
632,20,79.00,-46.00,0,0.045193,5,2
633,20,-45.00,80.00,0,0.045057,2,1
634,20,-30.00,80.00,0,0.044922,1,0
635,20,5.00,-2.00,0,0.044787,13,4
636,20,-20.00,80.00,0,0.044653,0,0
637,2,89.00,8.00,1,0.044519,0,0
638,20,-20.00,80.00,0,0.044386,0,20
639,20,-60.00,161.00,0,0.044252,1,18
640,20,-20.00,80.00,0,0.044120,0,20
641,20,-120.00,80.00,0,0.043987,0,20
642,20,99.00,-66.00,0,0.043855,6,0
643,20,-70.00,80.00,0,0.043724,5,1
644,20,-40.00,80.00,0,0.043593,2,1
645,20,69.00,-58.00,0,0.043462,13,3
646,20,-20.00,80.00,0,0.043331,0,0
647,2,89.00,8.00,1,0.043201,0,0
648,20,-18.00,72.00,0,0.043072,2,18
649,20,-60.00,161.00,0,0.042943,1,18
650,20,-30.00,80.00,0,0.042814,1,20
651,20,-115.00,80.00,0,0.042685,0,19
652,20,89.00,-56.00,0,0.042557,5,2
653,20,-50.00,80.00,0,0.042430,3,1
654,20,-30.00,80.00,0,0.042302,1,0
655,20,92.00,-73.00,0,0.042175,13,3
656,20,-55.00,80.00,0,0.042049,3,2
657,2,89.00,8.00,1,0.041923,0,0
658,20,-30.00,80.00,0,0.041797,1,20
659,20,-65.00,161.00,0,0.041672,1,18
660,20,-20.00,80.00,0,0.041547,0,20
661,20,-120.00,80.00,0,0.041422,0,20
662,20,89.00,-56.00,0,0.041298,5,2
663,20,-45.00,80.00,0,0.041174,2,1
664,20,-30.00,80.00,0,0.041050,1,0
665,20,61.00,-68.00,0,0.040927,13,3
666,20,-40.00,80.00,0,0.040804,2,1
667,2,89.00,8.00,1,0.040682,0,0
668,20,-20.00,80.00,0,0.040560,0,20
669,20,-60.00,161.00,0,0.040438,1,18
670,20,-25.00,80.00,0,0.040317,0,20
671,20,-125.00,80.00,0,0.040196,1,19
672,20,148.00,-122.00,0,0.040075,5,3
673,20,-40.00,80.00,0,0.039955,2,0
674,20,-30.00,80.00,0,0.039835,1,1
675,20,69.00,-58.00,0,0.039716,13,3
676,20,-40.00,80.00,0,0.039597,2,0
677,2,89.00,8.00,1,0.039478,0,0
678,20,-18.00,72.00,0,0.039359,2,18
679,20,-60.00,161.00,0,0.039241,1,18
680,20,-20.00,80.00,0,0.039124,0,20
681,20,-150.00,80.00,0,0.039006,6,14
682,20,155.00,-145.00,0,0.038889,8,4
683,20,-40.00,80.00,0,0.038773,2,1
684,20,-30.00,80.00,0,0.038656,1,0
685,20,69.00,-68.00,0,0.038540,13,3
686,20,-20.00,80.00,0,0.038425,0,0
687,2,89.00,8.00,1,0.038309,0,0
688,20,10.00,26.00,0,0.038194,2,19
689,20,-58.00,153.00,0,0.038080,3,16
690,20,-20.00,80.00,0,0.037966,0,20
691,20,-120.00,80.00,0,0.037852,0,20
692,20,143.00,-112.00,0,0.037738,5,2
693,20,-40.00,80.00,0,0.037625,2,0
694,20,-30.00,80.00,0,0.037512,1,0
695,20,69.00,-58.00,0,0.037400,13,3
696,20,-20.00,80.00,0,0.037287,0,0
697,2,89.00,8.00,1,0.037175,0,0
698,20,-30.00,80.00,0,0.037064,1,20
699,20,-58.00,153.00,0,0.036953,3,16
700,20,-20.00,80.00,0,0.036842,0,20
701,20,-125.00,80.00,0,0.036731,1,20
702,20,135.00,-105.00,0,0.036621,6,2
703,20,-40.00,80.00,0,0.036511,2,0
704,20,-30.00,80.00,0,0.036402,1,0
705,20,28.00,-63.00,0,0.036293,12,4
706,20,-20.00,80.00,0,0.036184,0,0
707,2,89.00,8.00,1,0.036075,0,0
708,20,-20.00,80.00,0,0.035967,0,20
709,20,-28.00,143.00,0,0.035859,4,14
710,20,-20.00,80.00,0,0.035751,0,20
711,20,-125.00,80.00,0,0.035644,3,16
712,20,178.00,-152.00,0,0.035537,6,1
713,20,-40.00,80.00,0,0.035431,2,1
714,20,-30.00,80.00,0,0.035324,1,0
715,20,69.00,-68.00,0,0.035218,13,3
716,20,-40.00,80.00,0,0.035113,2,0
717,2,89.00,8.00,1,0.035007,0,0
718,20,-20.00,80.00,0,0.034902,0,20
719,20,-60.00,153.00,0,0.034798,3,16
720,20,-20.00,80.00,0,0.034693,0,20
721,20,-120.00,80.00,0,0.034589,0,20
722,20,153.00,-137.00,0,0.034485,7,0
723,20,-40.00,80.00,0,0.034382,2,0
724,20,-30.00,80.00,0,0.034279,1,0
725,20,84.00,-103.00,0,0.034176,13,2
726,20,-40.00,80.00,0,0.034073,2,2
727,2,89.00,8.00,1,0.033971,0,0
728,20,-18.00,72.00,0,0.033869,2,18
729,20,-60.00,161.00,0,0.033768,1,18
730,20,-20.00,80.00,0,0.033666,0,20
731,20,-125.00,80.00,0,0.033565,1,20
732,20,143.00,-117.00,0,0.033465,5,2
733,20,-40.00,80.00,0,0.033364,2,0
734,20,-50.00,80.00,0,0.033264,3,0
735,20,61.00,-68.00,0,0.033164,13,3
736,20,-20.00,80.00,0,0.033065,0,0
737,2,89.00,8.00,1,0.032966,0,0
738,20,-20.00,80.00,0,0.032867,0,20
739,20,-60.00,161.00,0,0.032768,1,18
740,20,-30.00,80.00,0,0.032670,1,20
741,20,-120.00,80.00,0,0.032572,0,20
742,20,188.00,-157.00,0,0.032474,6,0
743,20,-40.00,80.00,0,0.032377,2,0
744,20,-40.00,80.00,0,0.032280,2,1
745,20,77.00,-108.00,0,0.032183,14,4
746,20,-20.00,80.00,0,0.032086,0,0
747,2,89.00,8.00,1,0.031990,0,0
748,20,-20.00,80.00,0,0.031894,0,20
749,20,-58.00,153.00,0,0.031798,3,16
750,20,-20.00,80.00,0,0.031703,0,20
751,20,-135.00,80.00,0,0.031608,3,17
752,20,143.00,-112.00,0,0.031513,5,1
753,20,-40.00,80.00,0,0.031418,2,0
754,20,-50.00,72.00,0,0.031324,3,0
755,20,76.00,-113.00,0,0.031230,13,2
756,20,-40.00,80.00,0,0.031137,2,0
757,2,89.00,8.00,1,0.031043,0,0
758,20,-20.00,80.00,0,0.030950,0,20
759,20,-68.00,153.00,0,0.030857,4,16
760,20,-20.00,80.00,0,0.030765,0,18
761,20,-115.00,80.00,0,0.030672,0,20
762,20,153.00,-112.00,0,0.030580,4,1
763,20,-50.00,80.00,0,0.030489,3,1
764,20,-30.00,80.00,0,0.030397,1,0
765,20,67.00,-63.00,0,0.030306,13,5
766,20,-30.00,80.00,0,0.030215,1,1
767,4,87.00,16.00,1,0.030124,1,0
768,20,-18.00,72.00,0,0.030034,2,18
769,20,-60.00,161.00,0,0.029944,1,18
770,20,-30.00,80.00,0,0.029854,1,20
771,20,-120.00,80.00,0,0.029764,0,20
772,20,143.00,-112.00,0,0.029675,5,1
773,20,-40.00,80.00,0,0.029586,2,0
774,20,-30.00,80.00,0,0.029497,1,0
775,20,94.00,-80.00,0,0.029409,12,1
776,20,-20.00,80.00,0,0.029321,0,0
777,2,89.00,8.00,1,0.029233,0,0
778,20,-20.00,80.00,0,0.029145,0,20
779,20,-60.00,161.00,0,0.029058,1,18
780,20,-23.00,57.00,0,0.028970,3,16
781,20,-120.00,80.00,0,0.028883,0,20
782,20,161.00,-134.00,0,0.028797,4,2
783,20,-40.00,80.00,0,0.028710,2,0
784,20,-30.00,80.00,0,0.028624,1,1
785,20,69.00,-58.00,0,0.028538,13,3
786,20,-20.00,80.00,0,0.028453,0,0
787,2,89.00,8.00,1,0.028367,0,0
788,20,-20.00,80.00,0,0.028282,0,20
789,20,-60.00,161.00,0,0.028198,1,18
790,20,-30.00,80.00,0,0.028113,1,20
791,20,-120.00,80.00,0,0.028029,0,20
792,20,143.00,-102.00,0,0.027944,4,1
793,20,-40.00,80.00,0,0.027861,2,0
794,20,-30.00,80.00,0,0.027777,1,0
795,20,84.00,-113.00,0,0.027694,13,2
796,20,-20.00,80.00,0,0.027611,0,0
797,2,89.00,8.00,1,0.027528,0,0
798,20,-20.00,80.00,0,0.027445,0,20
799,20,-60.00,161.00,0,0.027363,1,18
800,20,-18.00,72.00,0,0.027281,2,18
801,20,-120.00,80.00,0,0.027199,0,20
802,20,153.00,-117.00,0,0.027117,5,0
803,20,-40.00,80.00,0,0.027036,2,0
804,20,-30.00,80.00,0,0.026955,1,0
805,20,69.00,-58.00,0,0.026874,13,3
806,20,-20.00,80.00,0,0.026793,0,0
807,2,89.00,8.00,1,0.026713,0,0
808,20,-20.00,80.00,0,0.026633,0,20
809,20,-60.00,153.00,0,0.026553,3,16
810,20,-35.00,80.00,0,0.026473,1,20
811,20,-120.00,80.00,0,0.026394,0,20
812,20,151.00,-119.00,0,0.026315,3,2
813,20,-45.00,80.00,0,0.026236,2,2
814,20,-40.00,80.00,0,0.026157,2,1
815,20,84.00,-113.00,0,0.026079,13,2
816,20,-20.00,80.00,0,0.026000,0,0
817,2,89.00,8.00,1,0.025922,0,0
818,20,-20.00,80.00,0,0.025845,0,20
819,20,-60.00,146.00,0,0.025767,2,18
820,20,-20.00,80.00,0,0.025690,0,20
821,20,-120.00,80.00,0,0.025613,0,20
822,20,153.00,-107.00,0,0.025536,4,0
823,20,-45.00,80.00,0,0.025459,2,1
824,20,-50.00,80.00,0,0.025383,3,1
825,20,13.00,-4.00,0,0.025307,12,4
826,20,-20.00,80.00,0,0.025231,0,0
827,2,89.00,8.00,1,0.025155,0,0
828,20,-20.00,80.00,0,0.025080,0,20
829,20,-60.00,161.00,0,0.025004,1,18
830,20,-20.00,80.00,0,0.024929,0,20
831,20,-120.00,80.00,0,0.024855,1,18
832,20,161.00,-144.00,0,0.024780,5,1
833,20,-40.00,80.00,0,0.024706,2,0
834,20,-40.00,80.00,0,0.024632,2,1
835,20,94.00,-80.00,0,0.024558,12,1
836,20,-20.00,80.00,0,0.024484,0,0
837,2,89.00,8.00,1,0.024411,0,0
838,20,-20.00,80.00,0,0.024337,0,20
839,20,-65.00,161.00,0,0.024264,1,18
840,20,-20.00,80.00,0,0.024192,0,20
841,20,-120.00,80.00,0,0.024119,0,20
842,20,97.00,-62.00,0,0.024047,3,1
843,20,-40.00,80.00,0,0.023974,2,0
844,20,-30.00,80.00,0,0.023903,1,0
845,20,92.00,-73.00,0,0.023831,13,3
846,20,-20.00,80.00,0,0.023759,0,0
847,2,89.00,8.00,1,0.023688,0,0
848,20,-20.00,80.00,0,0.023617,0,20
849,20,-60.00,161.00,0,0.023546,1,18
850,20,-30.00,80.00,0,0.023476,1,20
851,20,-120.00,80.00,0,0.023405,0,20
852,20,126.00,-74.00,0,0.023335,1,1
853,20,-40.00,80.00,0,0.023265,2,0
854,20,-30.00,80.00,0,0.023195,1,0
855,20,6.00,16.00,0,0.023126,10,8
856,20,-20.00,80.00,0,0.023056,0,0
857,2,89.00,8.00,1,0.022987,0,0
858,20,-20.00,80.00,0,0.022918,0,20
859,20,-60.00,161.00,0,0.022849,1,18
860,20,-30.00,80.00,0,0.022781,1,20
861,20,-120.00,80.00,0,0.022712,0,20
862,20,161.00,-119.00,0,0.022644,3,0
863,20,-40.00,80.00,0,0.022576,2,0
864,20,-30.00,80.00,0,0.022509,1,0
865,20,-20.00,80.00,0,0.022441,0,20
866,20,-20.00,80.00,0,0.022374,0,0
867,2,89.00,8.00,1,0.022307,0,0
868,20,-20.00,80.00,0,0.022240,0,20
869,20,-60.00,161.00,0,0.022173,1,18
870,20,-20.00,80.00,0,0.022106,0,20
871,20,-120.00,80.00,0,0.022040,0,20
872,20,143.00,-112.00,0,0.021974,5,1
873,20,-40.00,80.00,0,0.021908,2,0
874,20,-40.00,80.00,0,0.021842,2,1
875,20,-20.00,80.00,0,0.021777,0,20
876,20,-20.00,80.00,0,0.021711,0,0
877,2,89.00,8.00,1,0.021646,0,0
878,20,-20.00,80.00,0,0.021581,0,20
879,20,-65.00,161.00,0,0.021517,1,18
880,20,-33.00,67.00,0,0.021452,4,16
881,20,-120.00,80.00,0,0.021388,0,20
882,20,161.00,-109.00,0,0.021324,2,0
883,20,-40.00,80.00,0,0.021260,2,0
884,20,-30.00,80.00,0,0.021196,1,0
885,20,-20.00,80.00,0,0.021132,0,20
886,20,-30.00,80.00,0,0.021069,1,1
887,2,89.00,8.00,1,0.021006,0,0
888,20,-20.00,80.00,0,0.020943,0,20
889,20,-58.00,145.00,0,0.020880,5,14
890,20,-20.00,80.00,0,0.020817,0,20
891,20,-125.00,80.00,0,0.020755,1,20
892,20,126.00,-69.00,0,0.020692,1,0
893,20,-50.00,80.00,0,0.020630,3,2
894,20,-30.00,80.00,0,0.020568,1,0
895,20,-20.00,80.00,0,0.020507,0,20
896,20,-20.00,80.00,0,0.020445,0,0
897,2,89.00,8.00,1,0.020384,0,0
898,20,-20.00,80.00,0,0.020323,0,20
899,20,-60.00,161.00,0,0.020262,1,18
900,20,-20.00,80.00,0,0.020201,0,20
901,20,-120.00,80.00,0,0.020140,0,20
902,20,161.00,-119.00,0,0.020080,3,0
903,20,-40.00,80.00,0,0.020020,2,0
904,20,-45.00,80.00,0,0.019960,2,3
905,20,-20.00,80.00,0,0.019900,0,20
906,20,-20.00,80.00,0,0.019840,0,0
907,2,89.00,8.00,1,0.019781,0,0
908,20,-20.00,80.00,0,0.019721,0,20
909,20,-60.00,161.00,0,0.019662,1,18
910,20,-20.00,80.00,0,0.019603,0,20
911,20,-120.00,80.00,0,0.019544,0,20
912,20,143.00,-107.00,0,0.019486,4,2
913,20,-40.00,80.00,0,0.019427,2,0
914,20,-30.00,80.00,0,0.019369,1,0
915,20,-20.00,80.00,0,0.019311,0,20
916,20,-20.00,80.00,0,0.019253,0,0
917,2,89.00,8.00,1,0.019195,0,0
918,20,-30.00,72.00,0,0.019138,3,18
919,20,-60.00,161.00,0,0.019080,1,18
920,20,-20.00,80.00,0,0.019023,0,20
921,20,-125.00,80.00,0,0.018966,1,19
922,20,161.00,-119.00,0,0.018909,3,0
923,20,-40.00,80.00,0,0.018852,2,0
924,20,-30.00,80.00,0,0.018796,1,0
925,20,-20.00,80.00,0,0.018739,0,20
926,20,-20.00,80.00,0,0.018683,0,0
927,2,89.00,8.00,1,0.018627,0,0
928,20,-20.00,80.00,0,0.018571,0,20
929,20,-60.00,161.00,0,0.018515,1,18
930,20,-18.00,57.00,0,0.018460,3,16
931,20,-125.00,80.00,0,0.018404,1,19
932,20,126.00,-69.00,0,0.018349,1,0
933,20,-40.00,80.00,0,0.018294,2,0
934,20,-40.00,80.00,0,0.018239,2,1
935,20,-20.00,80.00,0,0.018185,0,20
936,20,-20.00,80.00,0,0.018130,0,0
937,2,89.00,8.00,1,0.018076,0,0
938,20,-20.00,80.00,0,0.018021,0,20
939,20,-60.00,161.00,0,0.017967,1,18
940,20,-20.00,80.00,0,0.017913,0,18
941,20,-120.00,80.00,0,0.017860,2,16
942,20,126.00,-79.00,0,0.017806,2,1
943,20,-40.00,80.00,0,0.017753,2,0
944,20,-30.00,80.00,0,0.017699,1,0
945,20,-20.00,80.00,0,0.017646,0,20
946,20,-20.00,80.00,0,0.017593,0,0
947,2,89.00,8.00,1,0.017541,0,0
948,20,-20.00,80.00,0,0.017488,0,20
949,20,-60.00,161.00,0,0.017436,1,18
950,20,-20.00,80.00,0,0.017383,0,20
951,20,-125.00,80.00,0,0.017331,1,20
952,20,161.00,-119.00,0,0.017279,3,0
953,20,-60.00,80.00,0,0.017227,4,1
954,20,-30.00,80.00,0,0.017176,1,0
955,20,-20.00,80.00,0,0.017124,0,20
956,20,-20.00,80.00,0,0.017073,0,0
957,2,89.00,8.00,1,0.017021,0,0
958,20,-20.00,80.00,0,0.016970,0,20
959,20,-60.00,161.00,0,0.016920,1,18
960,20,-20.00,80.00,0,0.016869,0,20
961,20,-120.00,80.00,0,0.016818,0,20
962,20,161.00,-109.00,0,0.016768,2,0
963,20,-40.00,80.00,0,0.016717,2,0
964,20,-30.00,80.00,0,0.016667,1,0
965,20,-20.00,80.00,0,0.016617,0,20
966,20,-20.00,80.00,0,0.016567,0,1
967,2,89.00,8.00,1,0.016518,0,0
968,20,-20.00,80.00,0,0.016468,0,20
969,20,-65.00,161.00,0,0.016419,1,18
970,20,-20.00,80.00,0,0.016369,0,20
971,20,-135.00,80.00,0,0.016320,3,17
972,20,143.00,-112.00,0,0.016271,5,1
973,20,-40.00,80.00,0,0.016223,2,0
974,20,-30.00,80.00,0,0.016174,1,0
975,20,-20.00,80.00,0,0.016125,0,20
976,20,-20.00,80.00,0,0.016077,0,0
977,2,89.00,8.00,1,0.016029,0,0
978,20,-20.00,80.00,0,0.015981,0,20
979,20,-58.00,153.00,0,0.015933,3,16
980,20,-30.00,80.00,0,0.015885,1,20
981,20,-120.00,80.00,0,0.015837,0,20
982,20,116.00,-64.00,0,0.015790,1,1
983,20,-40.00,80.00,0,0.015742,2,0
984,20,-30.00,80.00,0,0.015695,1,0
985,20,-20.00,80.00,0,0.015648,0,20
986,20,-20.00,80.00,0,0.015601,0,0
987,2,89.00,8.00,1,0.015554,0,0
988,20,-25.00,80.00,0,0.015508,0,20
989,20,-60.00,153.00,0,0.015461,3,16
990,20,-20.00,80.00,0,0.015415,0,20
991,20,-130.00,80.00,0,0.015369,2,18
992,20,161.00,-109.00,0,0.015322,2,0
993,20,-40.00,80.00,0,0.015276,2,0
994,20,-30.00,80.00,0,0.015231,1,0
995,20,-20.00,80.00,0,0.015185,0,20
996,20,-20.00,80.00,0,0.015139,0,0
997,2,89.00,8.00,1,0.015094,0,0
998,20,-20.00,80.00,0,0.015049,0,20
999,20,-65.00,161.00,0,0.015004,1,18
1000,20,-20.00,80.00,0,0.014959,0,20
1001,20,-120.00,80.00,0,0.014914,0,20
1002,20,126.00,-69.00,0,0.014869,1,0
1003,20,-40.00,80.00,0,0.014824,2,0
1004,20,-30.00,80.00,0,0.014780,1,0
1005,20,-20.00,80.00,0,0.014736,0,20
1006,20,-30.00,80.00,0,0.014691,1,1
1007,2,89.00,8.00,1,0.014647,0,0
1008,20,-35.00,72.00,0,0.014603,3,18
1009,20,-60.00,161.00,0,0.014559,1,18
1010,20,-20.00,80.00,0,0.014516,0,20
1011,20,-115.00,80.00,0,0.014472,0,20
1012,20,161.00,-119.00,0,0.014429,3,0
1013,20,-40.00,80.00,0,0.014386,2,0
1014,20,-30.00,80.00,0,0.014342,1,0
1015,20,-20.00,80.00,0,0.014299,0,20
1016,20,-25.00,80.00,0,0.014256,0,1
1017,2,89.00,8.00,1,0.014214,0,0
1018,20,-20.00,80.00,0,0.014171,0,20
1019,20,-58.00,153.00,0,0.014129,3,16
1020,20,-20.00,80.00,0,0.014086,0,18
1021,20,-120.00,80.00,0,0.014044,0,20
1022,20,126.00,-74.00,0,0.014002,1,1
1023,20,-45.00,80.00,0,0.013960,2,1
1024,20,-30.00,80.00,0,0.013918,1,0
1025,20,-20.00,80.00,0,0.013876,0,20
1026,20,-20.00,80.00,0,0.013834,0,0
1027,2,89.00,8.00,1,0.013793,0,0
1028,20,-20.00,80.00,0,0.013752,0,20
1029,20,-60.00,161.00,0,0.013710,1,18
1030,20,-20.00,80.00,0,0.013669,0,20
1031,20,-115.00,80.00,0,0.013628,0,20
1032,20,161.00,-109.00,0,0.013587,2,0
1033,20,-45.00,80.00,0,0.013547,2,1
1034,20,-50.00,57.00,0,0.013506,4,0
1035,20,-20.00,80.00,0,0.013465,0,20
1036,20,-20.00,80.00,0,0.013425,0,0
1037,2,89.00,8.00,1,0.013385,0,0
1038,20,-20.00,80.00,0,0.013345,0,20
1039,20,-60.00,161.00,0,0.013305,1,18
1040,20,21.00,26.00,0,0.013265,2,18
1041,20,-120.00,80.00,0,0.013225,0,20
1042,20,126.00,-69.00,0,0.013185,1,0
1043,20,-40.00,80.00,0,0.013146,2,0
1044,20,-30.00,80.00,0,0.013106,1,1
1045,20,-25.00,80.00,0,0.013067,0,20
1046,20,-20.00,80.00,0,0.013028,0,0
1047,2,89.00,8.00,1,0.012989,0,0
1048,20,-25.00,80.00,0,0.012950,0,20
1049,20,-60.00,161.00,0,0.012911,1,18
1050,20,-20.00,80.00,0,0.012872,0,20
1051,20,-120.00,80.00,0,0.012833,0,20
1052,20,126.00,-69.00,0,0.012795,1,0
1053,20,-40.00,80.00,0,0.012757,2,0
1054,20,-30.00,80.00,0,0.012718,1,0
1055,20,-20.00,80.00,0,0.012680,0,20
1056,20,-20.00,80.00,0,0.012642,0,0
1057,2,89.00,8.00,1,0.012604,0,0
1058,20,-20.00,80.00,0,0.012566,0,20
1059,20,-60.00,161.00,0,0.012529,1,18
1060,20,-20.00,80.00,0,0.012491,0,20
1061,20,-120.00,80.00,0,0.012454,0,20
1062,20,151.00,-114.00,0,0.012416,3,1
1063,20,-50.00,80.00,0,0.012379,3,1
1064,20,-30.00,80.00,0,0.012342,1,0
1065,20,-20.00,80.00,0,0.012305,0,20
1066,20,-20.00,80.00,0,0.012268,0,0
1067,2,89.00,8.00,1,0.012231,0,0
1068,20,-20.00,80.00,0,0.012194,0,20
1069,20,-60.00,161.00,0,0.012158,1,18
1070,20,-20.00,80.00,0,0.012121,0,20
1071,20,-120.00,80.00,0,0.012085,0,20
1072,20,126.00,-69.00,0,0.012049,1,0
1073,20,-40.00,80.00,0,0.012013,2,0
1074,20,-30.00,80.00,0,0.011977,1,0
1075,20,-20.00,80.00,0,0.011941,0,20
1076,20,-20.00,80.00,0,0.011905,0,0
1077,2,89.00,8.00,1,0.011869,0,0
1078,20,-20.00,80.00,0,0.011833,0,20
1079,20,-60.00,161.00,0,0.011798,1,18
1080,20,-20.00,80.00,0,0.011763,0,20
1081,20,-115.00,80.00,0,0.011727,0,20
1082,20,146.00,-129.00,0,0.011692,4,2
1083,20,-40.00,80.00,0,0.011657,2,1
1084,20,-30.00,80.00,0,0.011622,1,0
1085,20,36.00,-19.00,0,0.011587,2,18
1086,20,-20.00,80.00,0,0.011552,0,0
1087,2,89.00,8.00,1,0.011518,0,0
1088,20,-20.00,80.00,0,0.011483,0,20
1089,20,-60.00,161.00,0,0.011449,1,18
1090,20,-20.00,80.00,0,0.011414,0,20
1091,20,-125.00,80.00,0,0.011380,1,20
1092,20,126.00,-69.00,0,0.011346,1,0
1093,20,-40.00,80.00,0,0.011312,2,0
1094,20,-30.00,80.00,0,0.011278,1,0
1095,20,-16.00,62.00,0,0.011244,3,16
1096,20,-20.00,80.00,0,0.011210,0,0
1097,2,89.00,8.00,1,0.011177,0,0
1098,20,-20.00,80.00,0,0.011143,0,20
1099,20,-60.00,161.00,0,0.011110,1,18
1100,20,-20.00,80.00,0,0.011077,0,20
1101,20,-120.00,80.00,0,0.011043,0,20
1102,20,126.00,-89.00,0,0.011010,3,0
1103,20,-50.00,80.00,0,0.010977,3,1
1104,20,-30.00,80.00,0,0.010944,1,0
1105,20,-20.00,80.00,0,0.010911,0,20
1106,20,-20.00,80.00,0,0.010879,0,0
1107,2,89.00,8.00,1,0.010846,0,0
1108,20,-25.00,80.00,0,0.010814,0,20
1109,20,-60.00,161.00,0,0.010781,1,18
1110,20,-20.00,80.00,0,0.010749,0,20
1111,20,-120.00,80.00,0,0.010716,0,20
1112,20,126.00,-69.00,0,0.010684,1,0
1113,20,-40.00,80.00,0,0.010652,2,0
1114,20,-30.00,80.00,0,0.010620,1,0
1115,20,-20.00,80.00,0,0.010588,0,20
1116,20,-20.00,80.00,0,0.010557,0,0
1117,2,89.00,8.00,1,0.010525,0,0
1118,20,-20.00,80.00,0,0.010493,0,20
1119,20,-70.00,161.00,0,0.010462,2,18
1120,20,-20.00,80.00,0,0.010431,0,20
1121,20,-125.00,80.00,0,0.010399,1,19
1122,20,116.00,-64.00,0,0.010368,1,1
1123,20,-40.00,80.00,0,0.010337,2,0
1124,20,-30.00,80.00,0,0.010306,1,0
1125,20,-20.00,80.00,0,0.010275,0,20
1126,20,-20.00,80.00,0,0.010244,0,0
1127,2,89.00,8.00,1,0.010213,0,0
1128,20,-18.00,72.00,0,0.010183,2,18
1129,20,-60.00,161.00,0,0.010152,1,18
1130,20,-20.00,80.00,0,0.010122,0,20
1131,20,-120.00,80.00,0,0.010091,0,20
1132,20,161.00,-119.00,0,0.010061,3,0
1133,20,-40.00,80.00,0,0.010031,2,0
1134,20,-40.00,80.00,0,0.010001,2,1
1135,20,-20.00,80.00,0,0.010000,0,20
1136,20,-20.00,80.00,0,0.010000,0,0
1137,2,89.00,8.00,1,0.010000,0,0
1138,20,-20.00,72.00,0,0.010000,2,18
1139,20,-58.00,153.00,0,0.010000,3,16
1140,20,-20.00,80.00,0,0.010000,0,20
1141,20,-115.00,80.00,0,0.010000,0,20
1142,20,153.00,-119.00,0,0.010000,5,1
1143,20,-40.00,80.00,0,0.010000,2,0
1144,20,-30.00,80.00,0,0.010000,1,0
1145,20,-20.00,80.00,0,0.010000,0,20
1146,20,-20.00,80.00,0,0.010000,0,0
1147,2,89.00,8.00,1,0.010000,0,0
1148,20,-20.00,80.00,0,0.010000,0,20
1149,20,-60.00,161.00,0,0.010000,1,18
1150,20,-20.00,80.00,0,0.010000,0,20
1151,20,-120.00,80.00,0,0.010000,0,20
1152,20,126.00,-69.00,0,0.010000,1,0
1153,20,-40.00,80.00,0,0.010000,2,0
1154,20,-30.00,80.00,0,0.010000,1,0
1155,20,-20.00,80.00,0,0.010000,0,20
1156,20,-20.00,80.00,0,0.010000,0,0
1157,2,89.00,8.00,1,0.010000,0,0
1158,20,-20.00,80.00,0,0.010000,0,20
1159,20,-60.00,161.00,0,0.010000,1,18
1160,20,-20.00,80.00,0,0.010000,0,20
1161,20,-120.00,80.00,0,0.010000,0,20
1162,20,126.00,-74.00,0,0.010000,1,1
1163,20,-40.00,80.00,0,0.010000,2,0
1164,20,-30.00,80.00,0,0.010000,1,0
1165,20,-20.00,80.00,0,0.010000,0,20
1166,20,-25.00,80.00,0,0.010000,0,1
1167,2,89.00,8.00,1,0.010000,0,0
1168,20,-20.00,80.00,0,0.010000,0,20
1169,20,-60.00,161.00,0,0.010000,1,18
1170,20,-20.00,80.00,0,0.010000,0,20
1171,20,-125.00,80.00,0,0.010000,1,19
1172,20,118.00,-67.00,0,0.010000,3,0
1173,20,-40.00,80.00,0,0.010000,2,1
1174,20,-30.00,80.00,0,0.010000,1,0
1175,20,-20.00,80.00,0,0.010000,0,20
1176,20,-20.00,80.00,0,0.010000,0,0
1177,2,89.00,8.00,1,0.010000,0,0
1178,20,-20.00,80.00,0,0.010000,0,20
1179,20,-60.00,161.00,0,0.010000,1,18
1180,20,-20.00,80.00,0,0.010000,0,20
1181,20,-120.00,80.00,0,0.010000,0,20
1182,20,126.00,-74.00,0,0.010000,1,1
1183,20,-40.00,80.00,0,0.010000,2,0
1184,20,-30.00,80.00,0,0.010000,1,0
1185,20,-25.00,80.00,0,0.010000,0,20
1186,20,-20.00,80.00,0,0.010000,0,1
1187,2,89.00,8.00,1,0.010000,0,0
1188,20,-20.00,80.00,0,0.010000,0,20
1189,20,-60.00,161.00,0,0.010000,1,18
1190,20,-25.00,80.00,0,0.010000,0,20
1191,20,-120.00,80.00,0,0.010000,0,20
1192,20,161.00,-109.00,0,0.010000,2,0
1193,20,-40.00,80.00,0,0.010000,2,0
1194,20,-30.00,80.00,0,0.010000,1,0
1195,20,-20.00,80.00,0,0.010000,0,20
1196,20,-20.00,80.00,0,0.010000,0,0
1197,2,89.00,8.00,1,0.010000,0,0
1198,20,-20.00,80.00,0,0.010000,0,20
1199,20,-60.00,161.00,0,0.010000,1,18
1200,20,-20.00,80.00,0,0.010000,0,20
1201,20,-120.00,80.00,0,0.010000,0,20
1202,20,126.00,-69.00,0,0.010000,1,0
1203,20,-40.00,80.00,0,0.010000,2,0
1204,20,-30.00,80.00,0,0.010000,1,0
1205,20,-20.00,80.00,0,0.010000,0,20
1206,20,-20.00,80.00,0,0.010000,0,0
1207,2,89.00,8.00,1,0.010000,0,0
1208,20,-20.00,80.00,0,0.010000,0,20
1209,20,-60.00,161.00,0,0.010000,1,18
1210,20,-20.00,80.00,0,0.010000,0,20
1211,20,-115.00,80.00,0,0.010000,0,20
1212,20,126.00,-69.00,0,0.010000,1,0
1213,20,-40.00,80.00,0,0.010000,2,0
1214,20,-30.00,80.00,0,0.010000,1,0
1215,20,-8.00,62.00,0,0.010000,3,16
1216,20,-20.00,80.00,0,0.010000,0,0
1217,2,89.00,8.00,1,0.010000,0,0
1218,20,-20.00,80.00,0,0.010000,0,20
1219,20,-60.00,161.00,0,0.010000,1,18
1220,20,-20.00,80.00,0,0.010000,0,20
1221,20,-120.00,80.00,0,0.010000,0,20
1222,20,151.00,-114.00,0,0.010000,3,1
1223,20,-40.00,80.00,0,0.010000,2,0
1224,20,-30.00,80.00,0,0.010000,1,0
1225,20,-20.00,80.00,0,0.010000,0,20
1226,20,-20.00,80.00,0,0.010000,0,0
1227,2,89.00,8.00,1,0.010000,0,0
1228,20,-20.00,80.00,0,0.010000,0,20
1229,20,-60.00,161.00,0,0.010000,1,18
1230,20,23.00,8.00,0,0.010000,5,13
1231,20,-125.00,80.00,0,0.010000,1,20
1232,20,126.00,-69.00,0,0.010000,1,0
1233,20,-65.00,80.00,0,0.010000,4,1
1234,20,-30.00,80.00,0,0.010000,1,0
1235,20,-20.00,80.00,0,0.010000,0,20
1236,20,-20.00,80.00,0,0.010000,0,0
1237,2,89.00,8.00,1,0.010000,0,0
1238,20,-30.00,80.00,0,0.010000,1,20
1239,20,-60.00,161.00,0,0.010000,1,18
1240,20,-35.00,15.00,0,0.010000,15,0
1241,20,-120.00,80.00,0,0.010000,0,20
1242,20,126.00,-69.00,0,0.010000,1,0
1243,20,-40.00,80.00,0,0.010000,2,0
1244,20,-30.00,80.00,0,0.010000,1,0
1245,20,-20.00,80.00,0,0.010000,0,20
1246,20,-20.00,80.00,0,0.010000,0,0
1247,2,89.00,8.00,1,0.010000,0,0
1248,20,-18.00,72.00,0,0.010000,2,18
1249,20,-38.00,141.00,0,0.010000,3,16
1250,20,-35.00,15.00,0,0.010000,15,0
1251,20,-120.00,80.00,0,0.010000,0,20
1252,20,126.00,-69.00,0,0.010000,1,0
1253,20,-40.00,80.00,0,0.010000,2,0
1254,20,-30.00,80.00,0,0.010000,1,0
1255,20,-20.00,80.00,0,0.010000,0,20
1256,20,-20.00,80.00,0,0.010000,0,0
1257,2,89.00,8.00,1,0.010000,0,0
1258,20,-20.00,80.00,0,0.010000,0,20
1259,20,-60.00,161.00,0,0.010000,1,18
1260,20,-35.00,15.00,0,0.010000,15,0
1261,20,-120.00,80.00,0,0.010000,0,20
1262,20,126.00,-69.00,0,0.010000,1,0
1263,20,-40.00,80.00,0,0.010000,2,0
1264,20,-30.00,80.00,0,0.010000,1,0
1265,20,-25.00,80.00,0,0.010000,0,20
1266,20,-20.00,80.00,0,0.010000,0,0
1267,2,89.00,8.00,1,0.010000,0,0
1268,20,-20.00,80.00,0,0.010000,0,20
1269,20,-60.00,161.00,0,0.010000,1,18
1270,20,14.00,-41.00,0,0.010000,15,0
1271,20,-120.00,80.00,0,0.010000,0,20
1272,20,126.00,-69.00,0,0.010000,1,0
1273,20,-50.00,80.00,0,0.010000,3,1
1274,20,-30.00,80.00,0,0.010000,1,0
1275,20,-16.00,52.00,0,0.010000,3,16
1276,20,-20.00,80.00,0,0.010000,0,0
1277,2,89.00,8.00,1,0.010000,0,0
1278,20,-20.00,80.00,0,0.010000,0,20
1279,20,-60.00,161.00,0,0.010000,1,18
1280,20,-23.00,67.00,0,0.010000,3,16
1281,20,-120.00,80.00,0,0.010000,0,20
1282,20,118.00,-67.00,0,0.010000,3,0
1283,20,-40.00,80.00,0,0.010000,2,0
1284,20,-30.00,80.00,0,0.010000,1,0
1285,20,-20.00,80.00,0,0.010000,0,20
1286,20,-40.00,80.00,0,0.010000,2,0
1287,2,89.00,8.00,1,0.010000,0,0
1288,20,-20.00,80.00,0,0.010000,0,20
1289,20,-60.00,161.00,0,0.010000,1,18
1290,20,-20.00,80.00,0,0.010000,0,20
1291,20,-115.00,80.00,0,0.010000,0,20
1292,20,126.00,-69.00,0,0.010000,1,0
1293,20,-40.00,80.00,0,0.010000,2,0
1294,20,-30.00,80.00,0,0.010000,1,0
1295,20,-20.00,80.00,0,0.010000,0,20
1296,20,-20.00,80.00,0,0.010000,0,0
1297,2,89.00,8.00,1,0.010000,0,0
1298,20,-20.00,80.00,0,0.010000,0,20
1299,20,-60.00,161.00,0,0.010000,1,18
1300,20,26.00,21.00,0,0.010000,2,17
1301,20,-120.00,80.00,0,0.010000,0,20
1302,20,126.00,-74.00,0,0.010000,1,1
1303,20,-40.00,80.00,0,0.010000,2,0
1304,20,-50.00,22.00,0,0.010000,4,0
1305,20,-20.00,80.00,0,0.010000,0,20
1306,20,-20.00,80.00,0,0.010000,0,0
1307,2,89.00,8.00,1,0.010000,0,0
1308,20,-20.00,80.00,0,0.010000,0,20
1309,20,-60.00,161.00,0,0.010000,1,18
1310,20,-23.00,67.00,0,0.010000,3,16
1311,20,-120.00,80.00,0,0.010000,0,20
1312,20,126.00,-69.00,0,0.010000,1,0
1313,20,-40.00,80.00,0,0.010000,2,0
1314,20,-30.00,80.00,0,0.010000,1,0
1315,20,-20.00,80.00,0,0.010000,0,20
1316,20,-20.00,80.00,0,0.010000,0,0
1317,2,89.00,8.00,1,0.010000,0,0
1318,20,-20.00,80.00,0,0.010000,0,20
1319,20,-60.00,161.00,0,0.010000,1,18
1320,20,-20.00,80.00,0,0.010000,0,20
1321,20,-120.00,80.00,0,0.010000,0,20
1322,20,161.00,-109.00,0,0.010000,2,0
1323,20,-40.00,80.00,0,0.010000,2,0
1324,20,-30.00,80.00,0,0.010000,1,0
1325,20,-20.00,80.00,0,0.010000,0,20
1326,20,-20.00,80.00,0,0.010000,0,0
1327,2,89.00,8.00,1,0.010000,0,0
1328,20,-20.00,80.00,0,0.010000,0,20
1329,20,-60.00,161.00,0,0.010000,1,18
1330,20,-20.00,80.00,0,0.010000,0,20
1331,20,-120.00,80.00,0,0.010000,0,20
1332,20,126.00,-69.00,0,0.010000,1,0
1333,20,-40.00,80.00,0,0.010000,2,0
1334,20,-30.00,80.00,0,0.010000,1,0
1335,20,-20.00,80.00,0,0.010000,0,20
1336,20,-20.00,80.00,0,0.010000,0,0
1337,2,89.00,8.00,1,0.010000,0,0
1338,20,-20.00,80.00,0,0.010000,0,20
1339,20,-60.00,161.00,0,0.010000,1,18
1340,20,-20.00,80.00,0,0.010000,0,20
1341,20,-120.00,80.00,0,0.010000,0,20
1342,20,126.00,-79.00,0,0.010000,2,1
1343,20,-40.00,80.00,0,0.010000,2,0
1344,20,-30.00,80.00,0,0.010000,1,0
1345,20,-20.00,80.00,0,0.010000,0,20
1346,20,-20.00,80.00,0,0.010000,0,0
1347,2,89.00,8.00,1,0.010000,0,0
1348,20,-20.00,80.00,0,0.010000,0,20
1349,20,-60.00,161.00,0,0.010000,1,18
1350,20,-20.00,80.00,0,0.010000,0,20
1351,20,-120.00,80.00,0,0.010000,0,20
1352,20,126.00,-74.00,0,0.010000,1,1
1353,20,-40.00,80.00,0,0.010000,2,0
1354,20,-30.00,80.00,0,0.010000,1,0
1355,20,-20.00,80.00,0,0.010000,0,20
1356,20,-20.00,80.00,0,0.010000,0,0
1357,2,89.00,8.00,1,0.010000,0,0
1358,20,-20.00,80.00,0,0.010000,0,20
1359,20,-60.00,161.00,0,0.010000,1,18
1360,20,-20.00,80.00,0,0.010000,0,20
1361,20,-120.00,80.00,0,0.010000,0,20
1362,20,126.00,-69.00,0,0.010000,1,0
1363,20,-40.00,80.00,0,0.010000,2,0
1364,20,-30.00,80.00,0,0.010000,1,0
1365,20,-8.00,62.00,0,0.010000,3,16
1366,20,-20.00,80.00,0,0.010000,0,0
1367,2,89.00,8.00,1,0.010000,0,0
1368,20,-20.00,80.00,0,0.010000,0,20
1369,20,-60.00,161.00,0,0.010000,1,18
1370,20,-20.00,80.00,0,0.010000,0,20
1371,20,-120.00,80.00,0,0.010000,0,20
1372,20,126.00,-69.00,0,0.010000,1,0
1373,20,-40.00,80.00,0,0.010000,2,0
1374,20,-30.00,80.00,0,0.010000,1,0
1375,20,-20.00,80.00,0,0.010000,0,20
1376,20,-20.00,80.00,0,0.010000,0,0
1377,2,89.00,8.00,1,0.010000,0,0
1378,20,-20.00,80.00,0,0.010000,0,20
1379,20,-60.00,161.00,0,0.010000,1,18
1380,20,-20.00,80.00,0,0.010000,0,20
1381,20,-120.00,80.00,0,0.010000,0,20
1382,20,118.00,-69.00,0,0.010000,3,0
1383,20,-40.00,80.00,0,0.010000,2,0
1384,20,-30.00,80.00,0,0.010000,1,0
1385,20,-20.00,80.00,0,0.010000,0,20
1386,20,-20.00,80.00,0,0.010000,0,0
1387,2,89.00,8.00,1,0.010000,0,0
1388,20,-20.00,80.00,0,0.010000,0,20
1389,20,-60.00,153.00,0,0.010000,3,16
1390,20,-20.00,80.00,0,0.010000,0,20
1391,20,-120.00,80.00,0,0.010000,0,20
1392,20,126.00,-69.00,0,0.010000,1,0
1393,20,-40.00,80.00,0,0.010000,2,0
1394,20,-30.00,80.00,0,0.010000,1,0
1395,20,-20.00,80.00,0,0.010000,0,20
1396,20,-20.00,80.00,0,0.010000,0,0
1397,2,89.00,8.00,1,0.010000,0,0
1398,20,-20.00,80.00,0,0.010000,0,20
1399,20,-60.00,161.00,0,0.010000,1,18
1400,20,-20.00,80.00,0,0.010000,0,20
1401,20,-120.00,80.00,0,0.010000,0,20
1402,20,126.00,-69.00,0,0.010000,1,0
1403,20,-40.00,80.00,0,0.010000,2,0
1404,20,-30.00,80.00,0,0.010000,1,0
1405,20,-20.00,80.00,0,0.010000,0,20
1406,20,-20.00,80.00,0,0.010000,0,0
1407,2,89.00,8.00,1,0.010000,0,0
1408,20,-20.00,80.00,0,0.010000,0,20
1409,20,-60.00,161.00,0,0.010000,1,18
1410,20,-20.00,80.00,0,0.010000,0,20
1411,20,-125.00,80.00,0,0.010000,1,19
1412,20,126.00,-69.00,0,0.010000,1,0
1413,20,-40.00,80.00,0,0.010000,2,0
1414,20,-50.00,57.00,0,0.010000,4,0
1415,20,-20.00,80.00,0,0.010000,0,20
1416,20,-20.00,80.00,0,0.010000,0,0
1417,2,89.00,8.00,1,0.010000,0,0
1418,20,-20.00,80.00,0,0.010000,0,20
1419,20,-60.00,161.00,0,0.010000,1,18
1420,20,-20.00,80.00,0,0.010000,0,20
1421,20,-120.00,80.00,0,0.010000,0,20
1422,20,126.00,-69.00,0,0.010000,1,0
1423,20,-40.00,80.00,0,0.010000,2,0
1424,20,-30.00,80.00,0,0.010000,1,0
1425,20,-20.00,80.00,0,0.010000,0,20
1426,20,-30.00,80.00,0,0.010000,1,1
1427,2,89.00,8.00,1,0.010000,0,0
1428,20,-20.00,80.00,0,0.010000,0,20
1429,20,-70.00,161.00,0,0.010000,2,18
1430,20,-20.00,80.00,0,0.010000,0,20
1431,20,-125.00,80.00,0,0.010000,1,19
1432,20,126.00,-69.00,0,0.010000,1,0
1433,20,-40.00,80.00,0,0.010000,2,0
1434,20,-30.00,80.00,0,0.010000,1,0
1435,20,-20.00,80.00,0,0.010000,0,20
1436,20,-20.00,80.00,0,0.010000,0,0
1437,2,89.00,8.00,1,0.010000,0,0
1438,20,-20.00,80.00,0,0.010000,0,20
1439,20,-60.00,161.00,0,0.010000,1,18
1440,20,26.00,21.00,0,0.010000,2,17
1441,20,-120.00,80.00,0,0.010000,0,20
1442,20,126.00,-69.00,0,0.010000,1,0
1443,20,-40.00,80.00,0,0.010000,2,0
1444,20,-30.00,80.00,0,0.010000,1,0
1445,20,-20.00,80.00,0,0.010000,0,20
1446,20,-20.00,80.00,0,0.010000,0,0
1447,2,89.00,8.00,1,0.010000,0,0
1448,20,-20.00,80.00,0,0.010000,0,20
1449,20,-60.00,161.00,0,0.010000,1,18
1450,20,-20.00,80.00,0,0.010000,0,20
1451,20,-120.00,80.00,0,0.010000,0,20
1452,20,126.00,-69.00,0,0.010000,1,0
1453,20,-40.00,80.00,0,0.010000,2,0
1454,20,-40.00,80.00,0,0.010000,2,1
1455,20,-20.00,80.00,0,0.010000,0,20
1456,20,-20.00,80.00,0,0.010000,0,1
1457,2,89.00,8.00,1,0.010000,0,0
1458,20,-20.00,80.00,0,0.010000,0,20
1459,20,-65.00,161.00,0,0.010000,1,18
1460,20,-20.00,80.00,0,0.010000,0,20
1461,20,-120.00,80.00,0,0.010000,0,20
1462,20,126.00,-69.00,0,0.010000,1,0
1463,20,-40.00,80.00,0,0.010000,2,0
1464,20,-40.00,80.00,0,0.010000,2,1
1465,20,-20.00,80.00,0,0.010000,0,20
1466,20,-20.00,80.00,0,0.010000,0,0
1467,2,89.00,8.00,1,0.010000,0,0
1468,20,-20.00,80.00,0,0.010000,0,20
1469,20,-60.00,161.00,0,0.010000,1,18
1470,20,-20.00,80.00,0,0.010000,0,20
1471,20,-125.00,80.00,0,0.010000,1,20
1472,20,126.00,-69.00,0,0.010000,1,0
1473,20,-40.00,80.00,0,0.010000,2,0
1474,20,-30.00,80.00,0,0.010000,1,0
1475,20,-20.00,80.00,0,0.010000,0,20
1476,20,-20.00,80.00,0,0.010000,0,1
1477,2,89.00,8.00,1,0.010000,0,0
1478,20,-20.00,80.00,0,0.010000,0,20
1479,20,-60.00,161.00,0,0.010000,1,18
1480,20,-20.00,80.00,0,0.010000,0,20
1481,20,-120.00,80.00,0,0.010000,0,20
1482,20,126.00,-69.00,0,0.010000,1,0
1483,20,-40.00,80.00,0,0.010000,2,0
1484,20,-30.00,80.00,0,0.010000,1,0
1485,20,-16.00,52.00,0,0.010000,3,16
1486,20,-30.00,80.00,0,0.010000,1,1
1487,2,89.00,8.00,1,0.010000,0,0
1488,20,-20.00,80.00,0,0.010000,0,20
1489,20,-70.00,161.00,0,0.010000,2,18
1490,20,-30.00,80.00,0,0.010000,1,20
1491,20,-120.00,80.00,0,0.010000,0,20
1492,20,126.00,-69.00,0,0.010000,1,0
1493,20,-40.00,80.00,0,0.010000,2,0
1494,20,-30.00,80.00,0,0.010000,1,0
1495,20,-20.00,80.00,0,0.010000,0,20
1496,20,-20.00,80.00,0,0.010000,0,0
1497,2,89.00,8.00,1,0.010000,0,0
1498,20,-20.00,80.00,0,0.010000,0,20
1499,20,-60.00,161.00,0,0.010000,1,18
1500,20,-30.00,80.00,0,0.010000,1,20
1501,20,-120.00,80.00,0,0.010000,0,20
1502,20,126.00,-69.00,0,0.010000,1,0
1503,20,-40.00,80.00,0,0.010000,2,0
1504,20,-30.00,80.00,0,0.010000,1,0
1505,20,-20.00,80.00,0,0.010000,0,20
1506,20,-40.00,80.00,0,0.010000,2,0
1507,2,89.00,8.00,1,0.010000,0,0
1508,20,-20.00,80.00,0,0.010000,0,20
1509,20,-60.00,161.00,0,0.010000,1,18
1510,20,-20.00,80.00,0,0.010000,0,20
1511,20,-120.00,80.00,0,0.010000,0,20
1512,20,126.00,-69.00,0,0.010000,1,0
1513,20,-50.00,80.00,0,0.010000,3,1
1514,20,-30.00,80.00,0,0.010000,1,0
1515,20,-20.00,80.00,0,0.010000,0,20
1516,20,-20.00,80.00,0,0.010000,0,0
1517,2,89.00,8.00,1,0.010000,0,0
1518,20,-30.00,80.00,0,0.010000,1,20
1519,20,-60.00,161.00,0,0.010000,1,18
1520,20,-20.00,80.00,0,0.010000,0,20
1521,20,-120.00,80.00,0,0.010000,0,20
1522,20,126.00,-69.00,0,0.010000,1,0
1523,20,-40.00,80.00,0,0.010000,2,0
1524,20,-30.00,80.00,0,0.010000,1,0
1525,20,-20.00,80.00,0,0.010000,0,20
1526,20,-20.00,80.00,0,0.010000,0,0
1527,2,89.00,8.00,1,0.010000,0,0
1528,20,-25.00,80.00,0,0.010000,0,20
1529,20,-60.00,161.00,0,0.010000,1,18
1530,20,-20.00,80.00,0,0.010000,0,20
1531,20,-135.00,80.00,0,0.010000,3,17
1532,20,126.00,-69.00,0,0.010000,1,0
1533,20,-40.00,80.00,0,0.010000,2,0
1534,20,-50.00,72.00,0,0.010000,3,0
1535,20,-20.00,80.00,0,0.010000,0,20
1536,20,-20.00,80.00,0,0.010000,0,0
1537,2,89.00,8.00,1,0.010000,0,0
1538,20,-20.00,80.00,0,0.010000,0,20
1539,20,-60.00,161.00,0,0.010000,1,18
1540,20,-20.00,80.00,0,0.010000,0,20
1541,20,-120.00,80.00,0,0.010000,0,20
1542,20,118.00,-67.00,0,0.010000,3,0
1543,20,-40.00,80.00,0,0.010000,2,0
1544,20,-30.00,80.00,0,0.010000,1,0
1545,20,-20.00,80.00,0,0.010000,0,20
1546,20,-25.00,80.00,0,0.010000,0,1
1547,2,89.00,8.00,1,0.010000,0,0
1548,20,-20.00,80.00,0,0.010000,0,20
1549,20,-60.00,161.00,0,0.010000,1,18
1550,20,-20.00,80.00,0,0.010000,0,20
1551,20,-120.00,80.00,0,0.010000,0,20
1552,20,161.00,-119.00,0,0.010000,3,0
1553,20,-40.00,80.00,0,0.010000,2,0
1554,20,-30.00,80.00,0,0.010000,1,0
1555,20,-20.00,80.00,0,0.010000,0,20
1556,20,-20.00,80.00,0,0.010000,0,0
1557,2,89.00,8.00,1,0.010000,0,0
1558,20,-20.00,80.00,0,0.010000,0,20
1559,20,-60.00,161.00,0,0.010000,1,18
1560,20,-20.00,80.00,0,0.010000,0,20
1561,20,-120.00,80.00,0,0.010000,0,20
1562,20,118.00,-67.00,0,0.010000,3,0
1563,20,-40.00,80.00,0,0.010000,2,0
1564,20,-35.00,80.00,0,0.010000,1,1
1565,20,-20.00,80.00,0,0.010000,0,20
1566,20,-20.00,80.00,0,0.010000,0,0
1567,2,89.00,8.00,1,0.010000,0,0
1568,20,-30.00,80.00,0,0.010000,1,20
1569,20,-58.00,153.00,0,0.010000,3,16
1570,20,-25.00,80.00,0,0.010000,0,20
1571,20,-120.00,80.00,0,0.010000,0,20
1572,20,126.00,-69.00,0,0.010000,1,0
1573,20,-40.00,80.00,0,0.010000,2,0
1574,20,-30.00,80.00,0,0.010000,1,0
1575,20,-20.00,80.00,0,0.010000,0,20
1576,20,-20.00,80.00,0,0.010000,0,0
1577,2,89.00,8.00,1,0.010000,0,0
1578,20,-20.00,80.00,0,0.010000,0,20
1579,20,-60.00,161.00,0,0.010000,1,18
1580,20,35.00,10.00,0,0.010000,5,12
1581,20,-120.00,80.00,0,0.010000,0,20
1582,20,126.00,-69.00,0,0.010000,1,0
1583,20,-40.00,80.00,0,0.010000,2,0
1584,20,-30.00,80.00,0,0.010000,1,1
1585,20,-20.00,80.00,0,0.010000,0,20
1586,20,-20.00,80.00,0,0.010000,0,0
1587,2,89.00,8.00,1,0.010000,0,0
1588,20,-20.00,80.00,0,0.010000,0,20
1589,20,-60.00,161.00,0,0.010000,1,18
1590,20,-20.00,80.00,0,0.010000,0,20
1591,20,-120.00,80.00,0,0.010000,0,20
1592,20,126.00,-69.00,0,0.010000,1,0
1593,20,-40.00,80.00,0,0.010000,2,0
1594,20,-30.00,80.00,0,0.010000,1,0
1595,20,-20.00,80.00,0,0.010000,0,20
1596,20,-30.00,80.00,0,0.010000,1,1
1597,2,89.00,8.00,1,0.010000,0,0
1598,20,-20.00,80.00,0,0.010000,0,20
1599,20,-60.00,161.00,0,0.010000,1,18
1600,20,-20.00,80.00,0,0.010000,0,20
1601,20,-120.00,80.00,0,0.010000,0,20
1602,20,126.00,-69.00,0,0.010000,1,0
1603,20,-40.00,80.00,0,0.010000,2,0
1604,20,-30.00,80.00,0,0.010000,1,0
1605,20,-30.00,80.00,0,0.010000,1,20
1606,20,-20.00,80.00,0,0.010000,0,0
1607,2,89.00,8.00,1,0.010000,0,0
1608,20,-20.00,80.00,0,0.010000,0,20
1609,20,-60.00,161.00,0,0.010000,1,18
1610,20,-20.00,80.00,0,0.010000,0,20
1611,20,-125.00,80.00,0,0.010000,1,19
1612,20,126.00,-69.00,0,0.010000,1,0
1613,20,-40.00,80.00,0,0.010000,2,0
1614,20,-30.00,80.00,0,0.010000,1,0
1615,20,-20.00,80.00,0,0.010000,0,20
1616,20,-20.00,80.00,0,0.010000,0,0
1617,1,50.00,4.00,1,0.010000,0,0
1618,20,-18.00,72.00,0,0.010000,2,18
1619,20,-60.00,161.00,0,0.010000,1,18
1620,20,-18.00,72.00,0,0.010000,2,18
1621,20,-120.00,80.00,0,0.010000,0,20
1622,20,126.00,-69.00,0,0.010000,1,0
1623,20,-40.00,80.00,0,0.010000,2,0
1624,20,-30.00,80.00,0,0.010000,1,0
1625,20,-20.00,80.00,0,0.010000,0,20
1626,20,-20.00,80.00,0,0.010000,0,0
1627,2,89.00,8.00,1,0.010000,0,0
1628,20,-20.00,80.00,0,0.010000,0,20
1629,20,-70.00,156.00,0,0.010000,2,18
1630,20,-20.00,80.00,0,0.010000,0,20
1631,20,-120.00,80.00,0,0.010000,0,20
1632,20,126.00,-69.00,0,0.010000,1,0
1633,20,-50.00,80.00,0,0.010000,3,1
1634,20,-30.00,80.00,0,0.010000,1,0
1635,20,-20.00,80.00,0,0.010000,0,20
1636,20,-20.00,80.00,0,0.010000,0,0
1637,2,89.00,8.00,1,0.010000,0,0
1638,20,-20.00,80.00,0,0.010000,0,20
1639,20,-60.00,161.00,0,0.010000,1,18
1640,20,-20.00,80.00,0,0.010000,0,20
1641,20,-125.00,80.00,0,0.010000,1,20
1642,20,126.00,-69.00,0,0.010000,1,0
1643,20,-40.00,80.00,0,0.010000,2,0
1644,20,-40.00,26.00,0,0.010000,2,0
1645,20,-20.00,80.00,0,0.010000,0,20
1646,20,-20.00,80.00,0,0.010000,0,0
1647,2,89.00,8.00,1,0.010000,0,0
1648,20,-20.00,80.00,0,0.010000,0,20
1649,20,-60.00,161.00,0,0.010000,1,18
1650,20,-20.00,80.00,0,0.010000,0,20
1651,20,-120.00,80.00,0,0.010000,0,20
1652,20,126.00,-79.00,0,0.010000,2,1
1653,20,-40.00,80.00,0,0.010000,2,0
1654,20,-30.00,80.00,0,0.010000,1,0
1655,20,-20.00,80.00,0,0.010000,0,20
1656,20,-20.00,80.00,0,0.010000,0,0
1657,2,89.00,8.00,1,0.010000,0,0
1658,20,-20.00,80.00,0,0.010000,0,20
1659,20,-60.00,161.00,0,0.010000,1,18
1660,20,-30.00,80.00,0,0.010000,1,20
1661,20,-120.00,80.00,0,0.010000,0,20
1662,20,116.00,-64.00,0,0.010000,1,1
1663,20,-40.00,80.00,0,0.010000,2,0
1664,20,-50.00,72.00,0,0.010000,3,0
1665,20,-20.00,80.00,0,0.010000,0,20
1666,20,-20.00,80.00,0,0.010000,0,0
1667,2,89.00,8.00,1,0.010000,0,0
1668,20,-20.00,80.00,0,0.010000,0,20
1669,20,-58.00,153.00,0,0.010000,3,16
1670,20,-20.00,80.00,0,0.010000,0,20
1671,20,-120.00,80.00,0,0.010000,0,20
1672,20,126.00,-69.00,0,0.010000,1,0
1673,20,-40.00,80.00,0,0.010000,2,0
1674,20,-30.00,80.00,0,0.010000,1,0
1675,20,-20.00,80.00,0,0.010000,0,20
1676,20,-20.00,80.00,0,0.010000,0,0
1677,2,89.00,8.00,1,0.010000,0,0
1678,20,-20.00,80.00,0,0.010000,0,20
1679,20,-60.00,161.00,0,0.010000,1,18
1680,20,-20.00,80.00,0,0.010000,0,20
1681,20,-125.00,80.00,0,0.010000,1,19
1682,20,126.00,-69.00,0,0.010000,1,0
1683,20,-40.00,80.00,0,0.010000,2,0
1684,20,-30.00,80.00,0,0.010000,1,0
1685,20,-20.00,80.00,0,0.010000,0,20
1686,20,-20.00,80.00,0,0.010000,0,0
1687,2,89.00,8.00,1,0.010000,0,0
1688,20,-20.00,80.00,0,0.010000,0,20
1689,20,-58.00,153.00,0,0.010000,3,16
1690,20,-20.00,80.00,0,0.010000,0,20
1691,20,-120.00,80.00,0,0.010000,0,20
1692,20,126.00,-69.00,0,0.010000,1,0
1693,20,-40.00,80.00,0,0.010000,2,0
1694,20,-30.00,80.00,0,0.010000,1,0
1695,20,-20.00,80.00,0,0.010000,0,20
1696,20,-20.00,80.00,0,0.010000,0,0
1697,2,89.00,8.00,1,0.010000,0,0
1698,20,-25.00,80.00,0,0.010000,0,20
1699,20,-60.00,161.00,0,0.010000,1,18
1700,20,-20.00,80.00,0,0.010000,0,20
1701,20,-135.00,80.00,0,0.010000,3,18
1702,20,126.00,-69.00,0,0.010000,1,0
1703,20,-40.00,80.00,0,0.010000,2,0
1704,20,-30.00,80.00,0,0.010000,1,0
1705,20,-20.00,80.00,0,0.010000,0,20
1706,20,-20.00,80.00,0,0.010000,0,0
1707,2,89.00,8.00,1,0.010000,0,0
1708,20,-20.00,80.00,0,0.010000,0,20
1709,20,-65.00,161.00,0,0.010000,1,18
1710,20,-20.00,80.00,0,0.010000,0,20
1711,20,-120.00,80.00,0,0.010000,0,20
1712,20,126.00,-69.00,0,0.010000,1,0
1713,20,-40.00,80.00,0,0.010000,2,0
1714,20,-30.00,80.00,0,0.010000,1,0
1715,20,-16.00,52.00,0,0.010000,3,16
1716,20,-20.00,80.00,0,0.010000,0,0
1717,2,89.00,8.00,1,0.010000,0,0
1718,20,-30.00,80.00,0,0.010000,1,20
1719,20,-60.00,161.00,0,0.010000,1,18
1720,20,-25.00,80.00,0,0.010000,0,20
1721,20,-120.00,80.00,0,0.010000,0,20
1722,20,126.00,-69.00,0,0.010000,1,0
1723,20,-40.00,80.00,0,0.010000,2,1
1724,20,-30.00,80.00,0,0.010000,1,0
1725,20,-20.00,80.00,0,0.010000,0,20
1726,20,-20.00,80.00,0,0.010000,0,0
1727,2,89.00,8.00,1,0.010000,0,0
1728,20,-20.00,80.00,0,0.010000,0,20
1729,20,-60.00,161.00,0,0.010000,1,18
1730,20,-20.00,80.00,0,0.010000,0,20
1731,20,-120.00,80.00,0,0.010000,0,20
1732,20,126.00,-69.00,0,0.010000,1,0
1733,20,-40.00,80.00,0,0.010000,2,0
1734,20,-30.00,80.00,0,0.010000,1,0
1735,20,-20.00,80.00,0,0.010000,0,20
1736,20,-20.00,80.00,0,0.010000,0,0
1737,2,89.00,8.00,1,0.010000,0,0
1738,20,-20.00,80.00,0,0.010000,0,20
1739,20,-60.00,161.00,0,0.010000,1,18
1740,20,-23.00,67.00,0,0.010000,3,16
1741,20,-120.00,80.00,0,0.010000,0,20
1742,20,126.00,-89.00,0,0.010000,3,0
1743,20,-40.00,80.00,0,0.010000,2,0
1744,20,-30.00,80.00,0,0.010000,1,0
1745,20,-20.00,80.00,0,0.010000,0,20
1746,20,-30.00,80.00,0,0.010000,1,1
1747,2,89.00,8.00,1,0.010000,0,0
1748,20,-20.00,80.00,0,0.010000,0,20
1749,20,-70.00,161.00,0,0.010000,2,18
1750,20,-23.00,67.00,0,0.010000,3,16
1751,20,-120.00,80.00,0,0.010000,0,20
1752,20,72.00,-18.00,0,0.010000,2,0
1753,20,-40.00,80.00,0,0.010000,2,0
1754,20,-40.00,80.00,0,0.010000,2,1
1755,20,-20.00,80.00,0,0.010000,0,20
1756,20,-20.00,80.00,0,0.010000,0,0
1757,2,89.00,8.00,1,0.010000,0,0
1758,20,-20.00,80.00,0,0.010000,0,20
1759,20,-60.00,161.00,0,0.010000,1,18
1760,20,-20.00,80.00,0,0.010000,0,20
1761,20,-120.00,80.00,0,0.010000,0,20
1762,20,126.00,-74.00,0,0.010000,1,1
1763,20,-45.00,80.00,0,0.010000,2,1
1764,20,-30.00,80.00,0,0.010000,1,0
1765,20,-30.00,80.00,0,0.010000,1,20
1766,20,-20.00,80.00,0,0.010000,0,1
1767,2,89.00,8.00,1,0.010000,0,0
1768,20,-20.00,80.00,0,0.010000,0,20
1769,20,-60.00,161.00,0,0.010000,1,18
1770,20,-30.00,80.00,0,0.010000,1,20
1771,20,-120.00,80.00,0,0.010000,0,20
1772,20,126.00,-69.00,0,0.010000,1,0
1773,20,-40.00,80.00,0,0.010000,2,0
1774,20,-50.00,57.00,0,0.010000,4,0
1775,20,-25.00,80.00,0,0.010000,0,20
1776,20,-20.00,80.00,0,0.010000,0,0
1777,2,89.00,8.00,1,0.010000,0,0
1778,20,-20.00,80.00,0,0.010000,0,20
1779,20,-60.00,161.00,0,0.010000,1,18
1780,20,-18.00,72.00,0,0.010000,2,18
1781,20,-120.00,80.00,0,0.010000,0,20
1782,20,126.00,-69.00,0,0.010000,1,0
1783,20,-40.00,80.00,0,0.010000,2,0
1784,20,-30.00,80.00,0,0.010000,1,0
1785,20,-20.00,80.00,0,0.010000,0,20
1786,20,-20.00,80.00,0,0.010000,0,0
1787,2,89.00,8.00,1,0.010000,0,0
1788,20,-20.00,80.00,0,0.010000,0,20
1789,20,-70.00,161.00,0,0.010000,2,18
1790,20,-20.00,80.00,0,0.010000,0,20
1791,20,-120.00,80.00,0,0.010000,0,20
1792,20,72.00,-18.00,0,0.010000,2,0
1793,20,-40.00,80.00,0,0.010000,2,0
1794,20,-30.00,80.00,0,0.010000,1,0
1795,20,-20.00,80.00,0,0.010000,0,20
1796,20,-20.00,80.00,0,0.010000,0,0
1797,2,89.00,8.00,1,0.010000,0,0
1798,20,-20.00,80.00,0,0.010000,0,20
1799,20,-60.00,161.00,0,0.010000,1,18
1800,20,-20.00,80.00,0,0.010000,0,20
1801,20,-120.00,80.00,0,0.010000,0,20
1802,20,126.00,-69.00,0,0.010000,1,0
1803,20,-40.00,80.00,0,0.010000,2,0
1804,20,-30.00,80.00,0,0.010000,1,0
1805,20,-20.00,80.00,0,0.010000,0,20
1806,20,-20.00,80.00,0,0.010000,0,0
1807,2,89.00,8.00,1,0.010000,0,0
1808,20,-20.00,80.00,0,0.010000,0,20
1809,20,-60.00,161.00,0,0.010000,1,18
1810,20,-20.00,80.00,0,0.010000,0,20
1811,20,-120.00,80.00,0,0.010000,0,20
1812,20,126.00,-69.00,0,0.010000,1,0
1813,20,-40.00,80.00,0,0.010000,2,1
1814,20,-30.00,80.00,0,0.010000,1,0
1815,20,-20.00,80.00,0,0.010000,0,20
1816,20,-20.00,80.00,0,0.010000,0,0
1817,2,89.00,8.00,1,0.010000,0,0
1818,20,-20.00,80.00,0,0.010000,0,20
1819,20,-60.00,153.00,0,0.010000,3,16
1820,20,-20.00,80.00,0,0.010000,0,20
1821,20,-120.00,80.00,0,0.010000,0,20
1822,20,126.00,-69.00,0,0.010000,1,0
1823,20,-40.00,80.00,0,0.010000,2,0
1824,20,-30.00,80.00,0,0.010000,1,0
1825,20,-25.00,80.00,0,0.010000,0,20
1826,20,-20.00,80.00,0,0.010000,0,0
1827,3,88.00,12.00,1,0.010000,0,1
1828,20,-20.00,80.00,0,0.010000,0,20
1829,20,-65.00,161.00,0,0.010000,1,18
1830,20,-20.00,80.00,0,0.010000,0,20
1831,20,-120.00,80.00,0,0.010000,0,20
1832,20,126.00,-89.00,0,0.010000,3,0
1833,20,-40.00,80.00,0,0.010000,2,0
1834,20,-30.00,80.00,0,0.010000,1,1
1835,20,-30.00,80.00,0,0.010000,1,20
1836,20,-20.00,80.00,0,0.010000,0,0
1837,2,89.00,8.00,1,0.010000,0,0
1838,20,-20.00,80.00,0,0.010000,0,20
1839,20,-58.00,153.00,0,0.010000,3,16
1840,20,-20.00,80.00,0,0.010000,0,20
1841,20,-120.00,80.00,0,0.010000,0,20
1842,20,118.00,-67.00,0,0.010000,3,0
1843,20,-45.00,80.00,0,0.010000,2,1
1844,20,-30.00,80.00,0,0.010000,1,0
1845,20,-20.00,80.00,0,0.010000,0,20
1846,20,-20.00,80.00,0,0.010000,0,0
1847,2,89.00,8.00,1,0.010000,0,0
1848,20,-20.00,80.00,0,0.010000,0,20
1849,20,-60.00,161.00,0,0.010000,1,18
1850,20,-16.00,64.00,0,0.010000,4,15
1851,20,-120.00,80.00,0,0.010000,0,20
1852,20,126.00,-69.00,0,0.010000,1,0
1853,20,-40.00,80.00,0,0.010000,2,0
1854,20,-30.00,80.00,0,0.010000,1,0
1855,20,-20.00,80.00,0,0.010000,0,20
1856,20,-20.00,80.00,0,0.010000,0,0
1857,2,89.00,8.00,1,0.010000,0,0
1858,20,-20.00,80.00,0,0.010000,0,20
1859,20,-60.00,161.00,0,0.010000,1,18
1860,20,-20.00,80.00,0,0.010000,0,20
1861,20,-120.00,80.00,0,0.010000,0,20
1862,20,118.00,-69.00,0,0.010000,3,0
1863,20,-65.00,80.00,0,0.010000,4,1
1864,20,-30.00,80.00,0,0.010000,1,0
1865,20,-25.00,80.00,0,0.010000,0,20
1866,20,-20.00,80.00,0,0.010000,0,0
1867,2,89.00,8.00,1,0.010000,0,0
1868,20,-20.00,80.00,0,0.010000,0,20
1869,20,-60.00,161.00,0,0.010000,1,18
1870,20,-20.00,80.00,0,0.010000,0,20
1871,20,-120.00,80.00,0,0.010000,0,20
1872,20,126.00,-69.00,0,0.010000,1,0
1873,20,-40.00,80.00,0,0.010000,2,0
1874,20,-30.00,80.00,0,0.010000,1,0
1875,20,-20.00,80.00,0,0.010000,0,20
1876,20,-20.00,80.00,0,0.010000,0,0
1877,2,89.00,8.00,1,0.010000,0,0
1878,20,-20.00,80.00,0,0.010000,0,20
1879,20,-60.00,161.00,0,0.010000,1,18
1880,20,-20.00,80.00,0,0.010000,0,20
1881,20,-120.00,80.00,0,0.010000,0,20
1882,20,126.00,-69.00,0,0.010000,1,0
1883,20,-40.00,80.00,0,0.010000,2,0
1884,20,-50.00,80.00,0,0.010000,3,0
1885,20,-20.00,80.00,0,0.010000,0,20
1886,20,-30.00,80.00,0,0.010000,1,1
1887,2,89.00,8.00,1,0.010000,0,0
1888,20,-18.00,72.00,0,0.010000,2,18
1889,20,-70.00,161.00,0,0.010000,2,18
1890,20,-20.00,80.00,0,0.010000,0,20
1891,20,-125.00,80.00,0,0.010000,1,20
1892,20,126.00,-69.00,0,0.010000,1,0
1893,20,-40.00,80.00,0,0.010000,2,0
1894,20,-30.00,80.00,0,0.010000,1,0
1895,20,-18.00,72.00,0,0.010000,2,18
1896,20,-20.00,80.00,0,0.010000,0,0
1897,2,89.00,8.00,1,0.010000,0,0
1898,20,-35.00,80.00,0,0.010000,1,20
1899,20,-65.00,161.00,0,0.010000,1,18
1900,20,-20.00,80.00,0,0.010000,0,20
1901,20,-120.00,80.00,0,0.010000,0,20
1902,20,126.00,-69.00,0,0.010000,1,0
1903,20,-50.00,80.00,0,0.010000,3,1
1904,20,-30.00,80.00,0,0.010000,1,0
1905,20,-18.00,72.00,0,0.010000,2,18
1906,20,-20.00,80.00,0,0.010000,0,0
1907,2,89.00,8.00,1,0.010000,0,0
1908,20,-20.00,80.00,0,0.010000,0,20
1909,20,-60.00,161.00,0,0.010000,1,18
1910,20,-20.00,80.00,0,0.010000,0,20
1911,20,-120.00,80.00,0,0.010000,0,20
1912,20,126.00,-69.00,0,0.010000,1,0
1913,20,-40.00,80.00,0,0.010000,2,0
1914,20,-30.00,80.00,0,0.010000,1,0
1915,20,-20.00,80.00,0,0.010000,0,20
1916,20,-20.00,80.00,0,0.010000,0,0
1917,2,89.00,8.00,1,0.010000,0,0
1918,20,-20.00,80.00,0,0.010000,0,20
1919,20,-60.00,161.00,0,0.010000,1,18
1920,20,-12.00,48.00,0,0.010000,8,9
1921,20,-120.00,80.00,0,0.010000,0,20
1922,20,126.00,-69.00,0,0.010000,1,0
1923,20,-40.00,80.00,0,0.010000,2,0
1924,20,-30.00,80.00,0,0.010000,1,0
1925,20,-20.00,80.00,0,0.010000,0,20
1926,20,-20.00,80.00,0,0.010000,0,0
1927,2,89.00,8.00,1,0.010000,0,0
1928,20,-20.00,80.00,0,0.010000,0,20
1929,20,-60.00,161.00,0,0.010000,1,18
1930,20,-6.00,24.00,0,0.010000,14,0
1931,20,-120.00,80.00,0,0.010000,0,20
1932,20,126.00,-69.00,0,0.010000,1,0
1933,20,-40.00,80.00,0,0.010000,2,0
1934,20,-50.00,80.00,0,0.010000,3,0
1935,20,-20.00,80.00,0,0.010000,0,20
1936,20,-20.00,80.00,0,0.010000,0,0
1937,2,89.00,8.00,1,0.010000,0,0
1938,20,-20.00,80.00,0,0.010000,0,20
1939,20,-60.00,161.00,0,0.010000,1,18
1940,20,-8.00,32.00,0,0.010000,12,0
1941,20,-120.00,80.00,0,0.010000,0,20
1942,20,126.00,-69.00,0,0.010000,1,0
1943,20,-40.00,80.00,0,0.010000,2,0
1944,20,-30.00,80.00,0,0.010000,1,0
1945,20,-20.00,80.00,0,0.010000,0,20
1946,20,-20.00,80.00,0,0.010000,0,0
1947,2,89.00,8.00,1,0.010000,0,0
1948,20,-20.00,80.00,0,0.010000,0,20
1949,20,-60.00,161.00,0,0.010000,1,18
1950,20,39.00,-6.00,0,0.010000,9,0
1951,20,-120.00,80.00,0,0.010000,0,20
1952,20,126.00,-69.00,0,0.010000,1,0
1953,20,-40.00,80.00,0,0.010000,2,0
1954,20,-30.00,80.00,0,0.010000,1,0
1955,20,-20.00,80.00,0,0.010000,0,20
1956,20,-20.00,80.00,0,0.010000,0,0
1957,2,89.00,8.00,1,0.010000,0,0
1958,20,-20.00,80.00,0,0.010000,0,20
1959,20,-60.00,161.00,0,0.010000,1,18
1960,20,35.00,10.00,0,0.010000,5,0
1961,20,-120.00,80.00,0,0.010000,0,20
1962,20,126.00,-69.00,0,0.010000,1,0
1963,20,-40.00,80.00,0,0.010000,2,0
1964,20,-30.00,80.00,0,0.010000,1,0
1965,20,-16.00,52.00,0,0.010000,3,16
1966,20,-20.00,80.00,0,0.010000,0,0
1967,2,89.00,8.00,1,0.010000,0,0
1968,20,-20.00,80.00,0,0.010000,0,20
1969,20,-60.00,161.00,0,0.010000,1,18
1970,20,33.00,18.00,0,0.010000,3,0
1971,20,-120.00,80.00,0,0.010000,0,20
1972,20,126.00,-69.00,0,0.010000,1,0
1973,20,-40.00,80.00,0,0.010000,2,0
1974,20,-30.00,80.00,0,0.010000,1,0
1975,20,-20.00,80.00,0,0.010000,0,20
1976,20,-20.00,80.00,0,0.010000,0,0
1977,2,89.00,8.00,1,0.010000,0,0
1978,20,-20.00,80.00,0,0.010000,0,20
1979,20,-60.00,161.00,0,0.010000,1,18
1980,20,33.00,18.00,0,0.010000,3,0
1981,20,-125.00,80.00,0,0.010000,1,19
1982,20,126.00,-69.00,0,0.010000,1,0
1983,20,-40.00,80.00,0,0.010000,2,0
1984,20,-60.00,72.00,0,0.010000,4,1
1985,20,-20.00,80.00,0,0.010000,0,20
1986,20,-20.00,80.00,0,0.010000,0,0
1987,2,89.00,8.00,1,0.010000,0,0
1988,20,-20.00,80.00,0,0.010000,0,20
1989,20,-60.00,161.00,0,0.010000,1,18
1990,20,33.00,18.00,0,0.010000,3,0
1991,20,-120.00,80.00,0,0.010000,0,20
1992,20,126.00,-69.00,0,0.010000,1,0
1993,20,-40.00,80.00,0,0.010000,2,0
1994,20,-30.00,80.00,0,0.010000,1,0
1995,20,-20.00,80.00,0,0.010000,0,20
1996,20,-20.00,80.00,0,0.010000,0,0
1997,2,89.00,8.00,1,0.010000,0,0
1998,20,-20.00,80.00,0,0.010000,0,20
1999,20,-60.00,161.00,0,0.010000,1,18
2000,20,-18.00,72.00,0,0.010000,2,0
2001,20,-120.00,80.00,0,0.010000,0,20
2002,20,126.00,-69.00,0,0.010000,1,0
2003,20,-40.00,80.00,0,0.010000,2,1
2004,20,-30.00,80.00,0,0.010000,1,0
2005,20,-20.00,80.00,0,0.010000,0,20
2006,20,-20.00,80.00,0,0.010000,0,0
2007,2,89.00,8.00,1,0.010000,0,0
2008,20,-20.00,80.00,0,0.010000,0,20
2009,20,-60.00,161.00,0,0.010000,1,18
2010,20,-16.00,64.00,0,0.010000,4,0
2011,20,-120.00,80.00,0,0.010000,0,20
2012,20,126.00,-69.00,0,0.010000,1,0
2013,20,-40.00,80.00,0,0.010000,2,0
2014,20,-30.00,80.00,0,0.010000,1,0
2015,20,-20.00,80.00,0,0.010000,0,20
2016,20,-20.00,80.00,0,0.010000,0,0
2017,2,89.00,8.00,1,0.010000,0,0
2018,20,-20.00,80.00,0,0.010000,0,20
2019,20,-60.00,161.00,0,0.010000,1,18
2020,20,-18.00,72.00,0,0.010000,2,0
2021,20,-120.00,80.00,0,0.010000,0,20
2022,20,126.00,-69.00,0,0.010000,1,0
2023,20,-40.00,80.00,0,0.010000,2,0
2024,20,-40.00,80.00,0,0.010000,2,1
2025,20,-8.00,62.00,0,0.010000,3,16
2026,20,-20.00,80.00,0,0.010000,0,0
2027,2,89.00,8.00,1,0.010000,0,0
2028,20,-20.00,80.00,0,0.010000,0,20
2029,20,-60.00,161.00,0,0.010000,1,18
2030,20,-16.00,64.00,0,0.010000,4,0
2031,20,-120.00,80.00,0,0.010000,0,20
2032,20,126.00,-69.00,0,0.010000,1,0
2033,20,-40.00,80.00,0,0.010000,2,0
2034,20,-30.00,80.00,0,0.010000,1,0
2035,20,-20.00,80.00,0,0.010000,0,20
2036,20,-30.00,80.00,0,0.010000,1,1
2037,2,89.00,8.00,1,0.010000,0,0
2038,20,-20.00,80.00,0,0.010000,0,20
2039,20,-70.00,161.00,0,0.010000,2,18
2040,20,-18.00,72.00,0,0.010000,2,0
2041,20,-125.00,80.00,0,0.010000,1,20
2042,20,126.00,-69.00,0,0.010000,1,0
2043,20,-40.00,80.00,0,0.010000,2,0
2044,20,-30.00,80.00,0,0.010000,1,0
2045,20,-20.00,80.00,0,0.010000,0,20
2046,20,-20.00,80.00,0,0.010000,0,0
2047,2,89.00,8.00,1,0.010000,0,0
2048,20,-20.00,80.00,0,0.010000,0,20
2049,20,-70.00,161.00,0,0.010000,2,18
2050,20,-18.00,72.00,0,0.010000,2,0
2051,20,-120.00,80.00,0,0.010000,0,20
2052,20,126.00,-69.00,0,0.010000,1,0
2053,20,-40.00,80.00,0,0.010000,2,0
2054,20,-50.00,72.00,0,0.010000,3,0
2055,20,-20.00,80.00,0,0.010000,0,20
2056,20,-20.00,80.00,0,0.010000,0,0
2057,2,89.00,8.00,1,0.010000,0,0
2058,20,-20.00,80.00,0,0.010000,0,20
2059,20,-65.00,161.00,0,0.010000,1,18
2060,20,-18.00,72.00,0,0.010000,2,0
2061,20,-120.00,80.00,0,0.010000,0,20
2062,20,126.00,-69.00,0,0.010000,1,0
2063,20,-40.00,80.00,0,0.010000,2,0
2064,20,-30.00,80.00,0,0.010000,1,0
2065,20,-20.00,80.00,0,0.010000,0,20
2066,20,-20.00,80.00,0,0.010000,0,0
2067,2,89.00,8.00,1,0.010000,0,0
2068,20,-20.00,80.00,0,0.010000,0,20
2069,20,-60.00,161.00,0,0.010000,1,18
2070,20,-18.00,72.00,0,0.010000,2,0
2071,20,-120.00,80.00,0,0.010000,0,20
2072,20,126.00,-69.00,0,0.010000,1,0
2073,20,-40.00,80.00,0,0.010000,2,0
2074,20,-30.00,80.00,0,0.010000,1,0
2075,20,-20.00,80.00,0,0.010000,0,20
2076,20,-20.00,80.00,0,0.010000,0,0
2077,2,89.00,8.00,1,0.010000,0,0
2078,20,-20.00,80.00,0,0.010000,0,20
2079,20,-60.00,161.00,0,0.010000,1,18
2080,20,-18.00,72.00,0,0.010000,2,0
2081,20,-120.00,80.00,0,0.010000,0,20
2082,20,126.00,-69.00,0,0.010000,1,0
2083,20,-40.00,80.00,0,0.010000,2,0
2084,20,-30.00,80.00,0,0.010000,1,0
2085,20,-20.00,80.00,0,0.010000,0,20
2086,20,-20.00,80.00,0,0.010000,0,0
2087,2,89.00,8.00,1,0.010000,0,0
2088,20,-20.00,80.00,0,0.010000,0,20
2089,20,-60.00,161.00,0,0.010000,1,18
2090,20,-20.00,80.00,0,0.010000,0,0
2091,20,-120.00,80.00,0,0.010000,0,20
2092,20,126.00,-69.00,0,0.010000,1,0
2093,20,-40.00,80.00,0,0.010000,2,0
2094,20,-30.00,80.00,0,0.010000,1,0
2095,20,-20.00,80.00,0,0.010000,0,20
2096,20,-20.00,80.00,0,0.010000,0,0
2097,2,89.00,8.00,1,0.010000,0,0
2098,20,-20.00,80.00,0,0.010000,0,20
2099,20,-60.00,161.00,0,0.010000,1,18
2100,20,-18.00,72.00,0,0.010000,2,0
2101,20,-120.00,80.00,0,0.010000,0,20
2102,20,126.00,-69.00,0,0.010000,1,0
2103,20,-40.00,80.00,0,0.010000,2,0
2104,20,-30.00,80.00,0,0.010000,1,0
2105,20,-20.00,80.00,0,0.010000,0,20
2106,20,-40.00,80.00,0,0.010000,2,0
2107,2,89.00,8.00,1,0.010000,0,0
2108,20,-20.00,80.00,0,0.010000,0,20
2109,20,-60.00,161.00,0,0.010000,1,18
2110,20,-18.00,72.00,0,0.010000,2,0
2111,20,-120.00,80.00,0,0.010000,0,20
2112,20,126.00,-69.00,0,0.010000,1,0
2113,20,-40.00,80.00,0,0.010000,2,0
2114,20,-30.00,80.00,0,0.010000,1,0
2115,20,-30.00,80.00,0,0.010000,1,20
2116,20,-20.00,80.00,0,0.010000,0,0
2117,2,89.00,8.00,1,0.010000,0,0
2118,20,-20.00,80.00,0,0.010000,0,20
2119,20,-60.00,161.00,0,0.010000,1,18
2120,20,-20.00,80.00,0,0.010000,0,0
2121,20,-120.00,80.00,0,0.010000,0,20
2122,20,126.00,-69.00,0,0.010000,1,0
2123,20,-40.00,80.00,0,0.010000,2,0
2124,20,-40.00,80.00,0,0.010000,2,1
2125,20,-20.00,80.00,0,0.010000,0,20
2126,20,-20.00,80.00,0,0.010000,0,0
2127,2,89.00,8.00,1,0.010000,0,0
2128,20,-20.00,80.00,0,0.010000,0,20
2129,20,-60.00,161.00,0,0.010000,1,18
2130,20,-18.00,72.00,0,0.010000,2,0
2131,20,-130.00,80.00,0,0.010000,2,19
2132,20,126.00,-69.00,0,0.010000,1,0
2133,20,-40.00,80.00,0,0.010000,2,0
2134,20,-30.00,80.00,0,0.010000,1,0
2135,20,-20.00,80.00,0,0.010000,0,20
2136,20,-20.00,80.00,0,0.010000,0,0
2137,2,89.00,8.00,1,0.010000,0,0
2138,20,-18.00,72.00,0,0.010000,2,18
2139,20,-60.00,161.00,0,0.010000,1,18
2140,20,-20.00,80.00,0,0.010000,0,0
2141,20,-115.00,80.00,0,0.010000,0,19
2142,20,126.00,-69.00,0,0.010000,1,0
2143,20,-40.00,80.00,0,0.010000,2,0
2144,20,-30.00,80.00,0,0.010000,1,0
2145,20,-20.00,80.00,0,0.010000,0,20
2146,20,-20.00,80.00,0,0.010000,0,0
2147,2,89.00,8.00,1,0.010000,0,0
2148,20,-20.00,80.00,0,0.010000,0,20
2149,20,-60.00,161.00,0,0.010000,1,18
2150,20,-18.00,72.00,0,0.010000,2,0
2151,20,-120.00,80.00,0,0.010000,0,20
2152,20,126.00,-69.00,0,0.010000,1,0
2153,20,-40.00,80.00,0,0.010000,2,0
2154,20,-30.00,80.00,0,0.010000,1,0
2155,20,-20.00,80.00,0,0.010000,0,20
2156,20,-20.00,80.00,0,0.010000,0,0
2157,2,89.00,8.00,1,0.010000,0,0
2158,20,-20.00,80.00,0,0.010000,0,20
2159,20,-60.00,161.00,0,0.010000,1,18
2160,20,-20.00,80.00,0,0.010000,0,0
2161,20,-120.00,80.00,0,0.010000,0,20
2162,20,126.00,-69.00,0,0.010000,1,0
2163,20,-40.00,80.00,0,0.010000,2,0
2164,20,-30.00,80.00,0,0.010000,1,0
2165,20,-20.00,80.00,0,0.010000,0,20
2166,20,-20.00,80.00,0,0.010000,0,0
2167,2,89.00,8.00,1,0.010000,0,0
2168,20,-20.00,80.00,0,0.010000,0,20
2169,20,-60.00,161.00,0,0.010000,1,18
2170,20,-18.00,72.00,0,0.010000,2,0
2171,20,-125.00,80.00,0,0.010000,1,19
2172,20,126.00,-69.00,0,0.010000,1,0
2173,20,-40.00,80.00,0,0.010000,2,0
2174,20,-30.00,80.00,0,0.010000,1,0
2175,20,-20.00,80.00,0,0.010000,0,20
2176,20,-20.00,80.00,0,0.010000,0,0
2177,2,89.00,8.00,1,0.010000,0,0
2178,20,-20.00,80.00,0,0.010000,0,20
2179,20,-60.00,161.00,0,0.010000,1,18
2180,20,-20.00,80.00,0,0.010000,0,0
2181,20,-120.00,80.00,0,0.010000,0,20
2182,20,126.00,-69.00,0,0.010000,1,0
2183,20,-40.00,80.00,0,0.010000,2,0
2184,20,-30.00,80.00,0,0.010000,1,0
2185,20,-16.00,52.00,0,0.010000,3,16
2186,20,-40.00,80.00,0,0.010000,2,0
2187,2,89.00,8.00,1,0.010000,0,0
2188,20,-20.00,80.00,0,0.010000,0,20
2189,20,-60.00,161.00,0,0.010000,1,18
2190,20,-20.00,80.00,0,0.010000,0,0
2191,20,-125.00,80.00,0,0.010000,1,19
2192,20,126.00,-69.00,0,0.010000,1,0
2193,20,-40.00,80.00,0,0.010000,2,0
2194,20,-30.00,80.00,0,0.010000,1,0
2195,20,-20.00,80.00,0,0.010000,0,20
2196,20,-20.00,80.00,0,0.010000,0,0
2197,2,89.00,8.00,1,0.010000,0,0
2198,20,-20.00,80.00,0,0.010000,0,20
2199,20,-60.00,161.00,0,0.010000,1,18
2200,20,31.00,26.00,0,0.010000,1,0
2201,20,-120.00,80.00,0,0.010000,0,20
2202,20,126.00,-69.00,0,0.010000,1,0
2203,20,-40.00,80.00,0,0.010000,2,0
2204,20,-30.00,80.00,0,0.010000,1,0
2205,20,-20.00,80.00,0,0.010000,0,20
2206,20,-20.00,80.00,0,0.010000,0,0
2207,2,89.00,8.00,1,0.010000,0,0
2208,20,-20.00,80.00,0,0.010000,0,20
2209,20,-60.00,161.00,0,0.010000,1,18
2210,20,-16.00,24.00,0,0.010000,15,0
2211,20,-120.00,80.00,0,0.010000,0,20
2212,20,126.00,-79.00,0,0.010000,2,1
2213,20,-60.00,80.00,0,0.010000,4,0
2214,20,-30.00,80.00,0,0.010000,1,0
2215,20,-25.00,80.00,0,0.010000,0,20
2216,20,-20.00,80.00,0,0.010000,0,0
2217,2,89.00,8.00,1,0.010000,0,0
2218,20,-20.00,80.00,0,0.010000,0,20
2219,20,-60.00,161.00,0,0.010000,1,18
2220,20,-20.00,80.00,0,0.010000,0,0
2221,20,-115.00,80.00,0,0.010000,0,20
2222,20,126.00,-69.00,0,0.010000,1,1
2223,20,-40.00,80.00,0,0.010000,2,0
2224,20,-30.00,80.00,0,0.010000,1,0
2225,20,-20.00,80.00,0,0.010000,0,20
2226,20,-20.00,80.00,0,0.010000,0,0
2227,2,89.00,8.00,1,0.010000,0,0
2228,20,-20.00,80.00,0,0.010000,0,20
2229,20,-65.00,161.00,0,0.010000,1,18
2230,20,-20.00,80.00,0,0.010000,0,0
2231,20,-120.00,80.00,0,0.010000,0,20
2232,20,126.00,-69.00,0,0.010000,1,0
2233,20,-40.00,80.00,0,0.010000,2,0
2234,20,-30.00,80.00,0,0.010000,1,1
2235,20,-20.00,80.00,0,0.010000,0,20
2236,20,-20.00,80.00,0,0.010000,0,0
2237,2,89.00,8.00,1,0.010000,0,0
2238,20,-20.00,80.00,0,0.010000,0,20
2239,20,-60.00,161.00,0,0.010000,1,18
2240,20,-20.00,80.00,0,0.010000,0,0
2241,20,-120.00,80.00,0,0.010000,0,20
2242,20,126.00,-69.00,0,0.010000,1,0
2243,20,-40.00,80.00,0,0.010000,2,0
2244,20,-30.00,80.00,0,0.010000,1,0
2245,20,-25.00,80.00,0,0.010000,0,20
2246,20,-20.00,80.00,0,0.010000,0,0
2247,2,89.00,8.00,1,0.010000,0,0
2248,20,-20.00,80.00,0,0.010000,0,20
2249,20,-60.00,161.00,0,0.010000,1,18
2250,20,-20.00,80.00,0,0.010000,0,0
2251,20,-120.00,80.00,0,0.010000,0,20
2252,20,126.00,-69.00,0,0.010000,1,0
2253,20,-40.00,80.00,0,0.010000,2,0
2254,20,-30.00,80.00,0,0.010000,1,0
2255,20,-20.00,80.00,0,0.010000,0,20
2256,20,-20.00,80.00,0,0.010000,0,0
2257,2,89.00,8.00,1,0.010000,0,0
2258,20,-20.00,80.00,0,0.010000,0,20
2259,20,-60.00,161.00,0,0.010000,1,18
2260,20,-18.00,72.00,0,0.010000,2,0
2261,20,-120.00,80.00,0,0.010000,0,20
2262,20,126.00,-69.00,0,0.010000,1,0
2263,20,-40.00,80.00,0,0.010000,2,0
2264,20,-30.00,80.00,0,0.010000,1,0
2265,20,-20.00,80.00,0,0.010000,0,20
2266,20,-20.00,80.00,0,0.010000,0,0
2267,2,89.00,8.00,1,0.010000,0,0
2268,20,-20.00,80.00,0,0.010000,0,20
2269,20,-58.00,153.00,0,0.010000,3,16
2270,20,-20.00,80.00,0,0.010000,0,0
2271,20,-120.00,80.00,0,0.010000,0,20
2272,20,118.00,-69.00,0,0.010000,3,0
2273,20,-40.00,80.00,0,0.010000,2,0
2274,20,-35.00,80.00,0,0.010000,1,1
2275,20,-20.00,80.00,0,0.010000,0,20
2276,20,-20.00,80.00,0,0.010000,0,0
2277,2,89.00,8.00,1,0.010000,0,0
2278,20,-20.00,80.00,0,0.010000,0,20
2279,20,-60.00,161.00,0,0.010000,1,18
2280,20,-20.00,80.00,0,0.010000,0,0
2281,20,-120.00,80.00,0,0.010000,0,20
2282,20,126.00,-69.00,0,0.010000,1,0
2283,20,-60.00,80.00,0,0.010000,4,0
2284,20,-30.00,80.00,0,0.010000,1,0
2285,20,-20.00,80.00,0,0.010000,0,20
2286,20,-20.00,80.00,0,0.010000,0,0
2287,2,89.00,8.00,1,0.010000,0,0
2288,20,-20.00,80.00,0,0.010000,0,20
2289,20,-60.00,161.00,0,0.010000,1,18
2290,20,-20.00,80.00,0,0.010000,0,0
2291,20,-120.00,80.00,0,0.010000,0,20
2292,20,126.00,-69.00,0,0.010000,1,0
2293,20,-40.00,80.00,0,0.010000,2,0
2294,20,-40.00,80.00,0,0.010000,2,1
2295,20,-20.00,80.00,0,0.010000,0,20
2296,20,-20.00,80.00,0,0.010000,0,0
2297,2,89.00,8.00,1,0.010000,0,0
2298,20,-20.00,80.00,0,0.010000,0,20
2299,20,-60.00,161.00,0,0.010000,1,18
2300,20,-20.00,80.00,0,0.010000,0,0
2301,20,-120.00,80.00,0,0.010000,0,20
2302,20,126.00,-69.00,0,0.010000,1,0
2303,20,-40.00,80.00,0,0.010000,2,0
2304,20,-30.00,80.00,0,0.010000,1,0
2305,20,-20.00,80.00,0,0.010000,0,20
2306,20,-20.00,80.00,0,0.010000,0,0
2307,2,89.00,8.00,1,0.010000,0,0
2308,20,-20.00,80.00,0,0.010000,0,20
2309,20,-60.00,161.00,0,0.010000,1,18
2310,20,-20.00,80.00,0,0.010000,0,0
2311,20,-120.00,80.00,0,0.010000,0,20
2312,20,126.00,-69.00,0,0.010000,1,0
2313,20,-60.00,80.00,0,0.010000,4,0
2314,20,-30.00,80.00,0,0.010000,1,0
2315,20,-20.00,80.00,0,0.010000,0,20
2316,20,-20.00,80.00,0,0.010000,0,0
2317,2,89.00,8.00,1,0.010000,0,0
2318,20,-20.00,80.00,0,0.010000,0,20
2319,20,-60.00,161.00,0,0.010000,1,18
2320,20,-20.00,80.00,0,0.010000,0,1
2321,20,-120.00,80.00,0,0.010000,0,20
2322,20,126.00,-69.00,0,0.010000,1,0
2323,20,-40.00,80.00,0,0.010000,2,0
2324,20,-30.00,80.00,0,0.010000,1,0
2325,20,-30.00,80.00,0,0.010000,1,20
2326,20,-20.00,80.00,0,0.010000,0,0
2327,2,89.00,8.00,1,0.010000,0,0
2328,20,-20.00,80.00,0,0.010000,0,20
2329,20,-70.00,161.00,0,0.010000,2,18
2330,20,-20.00,80.00,0,0.010000,0,0
2331,20,-120.00,80.00,0,0.010000,0,20
2332,20,126.00,-69.00,0,0.010000,1,0
2333,20,-40.00,80.00,0,0.010000,2,0
2334,20,-30.00,80.00,0,0.010000,1,0
2335,20,-20.00,80.00,0,0.010000,0,20
2336,20,-20.00,80.00,0,0.010000,0,0
2337,2,89.00,8.00,1,0.010000,0,0
2338,20,-20.00,80.00,0,0.010000,0,20
2339,20,-60.00,161.00,0,0.010000,1,18
2340,20,-18.00,72.00,0,0.010000,2,0
2341,20,-125.00,80.00,0,0.010000,1,20
2342,20,126.00,-69.00,0,0.010000,1,0
2343,20,-40.00,80.00,0,0.010000,2,0
2344,20,-30.00,80.00,0,0.010000,1,0
2345,20,-25.00,80.00,0,0.010000,0,20
2346,20,-20.00,80.00,0,0.010000,0,0
2347,2,89.00,8.00,1,0.010000,0,0
2348,20,-25.00,80.00,0,0.010000,0,20
2349,20,-60.00,161.00,0,0.010000,1,18
2350,20,-20.00,80.00,0,0.010000,0,0
2351,20,-120.00,80.00,0,0.010000,0,20
2352,20,126.00,-69.00,0,0.010000,1,0
2353,20,-40.00,80.00,0,0.010000,2,0
2354,20,-30.00,80.00,0,0.010000,1,0
2355,20,-20.00,80.00,0,0.010000,0,20
2356,20,-20.00,80.00,0,0.010000,0,0
2357,2,89.00,8.00,1,0.010000,0,0
2358,20,-20.00,80.00,0,0.010000,0,20
2359,20,-60.00,161.00,0,0.010000,1,18
2360,20,-20.00,80.00,0,0.010000,0,0
2361,20,-120.00,80.00,0,0.010000,0,20
2362,20,126.00,-69.00,0,0.010000,1,0
2363,20,-40.00,80.00,0,0.010000,2,0
2364,20,-30.00,80.00,0,0.010000,1,0
2365,20,-20.00,80.00,0,0.010000,0,20
2366,20,-40.00,80.00,0,0.010000,2,0
2367,2,89.00,8.00,1,0.010000,0,0
2368,20,-20.00,80.00,0,0.010000,0,20
2369,20,-60.00,161.00,0,0.010000,1,18
2370,20,-25.00,80.00,0,0.010000,0,1
2371,20,-115.00,80.00,0,0.010000,1,17
2372,20,126.00,-69.00,0,0.010000,1,0
2373,20,-40.00,80.00,0,0.010000,2,0
2374,20,-30.00,80.00,0,0.010000,1,0
2375,20,-20.00,80.00,0,0.010000,0,20
2376,20,-20.00,80.00,0,0.010000,0,0
2377,2,89.00,8.00,1,0.010000,0,0
2378,20,-20.00,80.00,0,0.010000,0,20
2379,20,-60.00,161.00,0,0.010000,1,18
2380,20,-20.00,80.00,0,0.010000,0,0
2381,20,-120.00,80.00,0,0.010000,0,20
2382,20,126.00,-69.00,0,0.010000,1,0
2383,20,-40.00,80.00,0,0.010000,2,0
2384,20,-30.00,80.00,0,0.010000,1,0
2385,20,-20.00,80.00,0,0.010000,0,20
2386,20,-20.00,80.00,0,0.010000,0,0
2387,2,89.00,8.00,1,0.010000,0,0
2388,20,-20.00,80.00,0,0.010000,0,20
2389,20,-60.00,161.00,0,0.010000,1,18
2390,20,-20.00,80.00,0,0.010000,0,0
2391,20,-120.00,80.00,0,0.010000,0,20
2392,20,126.00,-69.00,0,0.010000,1,0
2393,20,-40.00,80.00,0,0.010000,2,0
2394,20,-30.00,80.00,0,0.010000,1,0
2395,20,-20.00,80.00,0,0.010000,0,20
2396,20,-20.00,80.00,0,0.010000,0,0
2397,2,89.00,8.00,1,0.010000,0,0
2398,20,-20.00,80.00,0,0.010000,0,20
2399,20,-60.00,161.00,0,0.010000,1,18
2400,20,-20.00,80.00,0,0.010000,0,0
2401,20,-120.00,80.00,0,0.010000,0,20
2402,20,126.00,-69.00,0,0.010000,1,0
2403,20,-40.00,80.00,0,0.010000,2,0
2404,20,-30.00,80.00,0,0.010000,1,0
2405,20,-20.00,80.00,0,0.010000,0,20
2406,20,-20.00,80.00,0,0.010000,0,0
2407,2,89.00,8.00,1,0.010000,0,0
2408,20,-20.00,80.00,0,0.010000,0,20
2409,20,-9.00,107.00,0,0.010000,2,17
2410,20,-20.00,80.00,0,0.010000,0,0
2411,20,-120.00,80.00,0,0.010000,0,20
2412,20,126.00,-69.00,0,0.010000,1,0
2413,20,-40.00,80.00,0,0.010000,2,0
2414,20,-30.00,80.00,0,0.010000,1,1
2415,20,-20.00,80.00,0,0.010000,0,20
2416,20,-20.00,80.00,0,0.010000,0,0
2417,2,89.00,8.00,1,0.010000,0,0
2418,20,-20.00,80.00,0,0.010000,0,20
2419,20,-60.00,161.00,0,0.010000,1,18
2420,20,-20.00,80.00,0,0.010000,0,0
2421,20,-120.00,80.00,0,0.010000,0,20
2422,20,126.00,-69.00,0,0.010000,1,0
2423,20,-40.00,80.00,0,0.010000,2,0
2424,20,-30.00,80.00,0,0.010000,1,0
2425,20,-20.00,80.00,0,0.010000,0,20
2426,20,-20.00,80.00,0,0.010000,0,0
2427,2,89.00,8.00,1,0.010000,0,0
2428,20,-20.00,80.00,0,0.010000,0,20
2429,20,-60.00,161.00,0,0.010000,1,18
2430,20,-20.00,80.00,0,0.010000,0,0
2431,20,-120.00,80.00,0,0.010000,0,20
2432,20,126.00,-89.00,0,0.010000,3,0
2433,20,-40.00,80.00,0,0.010000,2,0
2434,20,-30.00,80.00,0,0.010000,1,0
2435,20,-20.00,80.00,0,0.010000,0,20
2436,20,-20.00,80.00,0,0.010000,0,0
2437,2,89.00,8.00,1,0.010000,0,0
2438,20,-20.00,80.00,0,0.010000,0,20
2439,20,-60.00,161.00,0,0.010000,1,18
2440,20,-20.00,80.00,0,0.010000,0,0
2441,20,-125.00,80.00,0,0.010000,1,20
2442,20,126.00,-69.00,0,0.010000,1,1
2443,20,-40.00,80.00,0,0.010000,2,0
2444,20,-30.00,80.00,0,0.010000,1,0
2445,20,-20.00,80.00,0,0.010000,0,20
2446,20,-20.00,80.00,0,0.010000,0,0
2447,2,89.00,8.00,1,0.010000,0,0
2448,20,-20.00,80.00,0,0.010000,0,20
2449,20,-60.00,161.00,0,0.010000,1,18
2450,20,-20.00,80.00,0,0.010000,0,0
2451,20,-120.00,80.00,0,0.010000,0,20
2452,20,126.00,-69.00,0,0.010000,1,0
2453,20,-40.00,80.00,0,0.010000,2,0
2454,20,-30.00,80.00,0,0.010000,1,0
2455,20,-20.00,80.00,0,0.010000,0,20
2456,20,-20.00,80.00,0,0.010000,0,0
2457,2,89.00,8.00,1,0.010000,0,0
2458,20,-20.00,80.00,0,0.010000,0,20
2459,20,-60.00,161.00,0,0.010000,1,18
2460,20,-30.00,80.00,0,0.010000,1,1
2461,20,-120.00,80.00,0,0.010000,0,20
2462,20,126.00,-69.00,0,0.010000,1,0
2463,20,-40.00,80.00,0,0.010000,2,0
2464,20,-30.00,80.00,0,0.010000,1,0
2465,20,-20.00,80.00,0,0.010000,0,20
2466,20,-20.00,80.00,0,0.010000,0,0
2467,2,89.00,8.00,1,0.010000,0,0
2468,20,-20.00,80.00,0,0.010000,0,20
2469,20,-60.00,161.00,0,0.010000,1,18
2470,20,-20.00,80.00,0,0.010000,0,0
2471,20,-120.00,80.00,0,0.010000,0,20
2472,20,126.00,-69.00,0,0.010000,1,0
2473,20,-40.00,80.00,0,0.010000,2,0
2474,20,-30.00,80.00,0,0.010000,1,0
2475,20,-20.00,80.00,0,0.010000,0,20
2476,20,-20.00,80.00,0,0.010000,0,0
2477,2,89.00,8.00,1,0.010000,0,0
2478,20,-20.00,72.00,0,0.010000,2,18
2479,20,-58.00,153.00,0,0.010000,3,16
2480,20,-20.00,80.00,0,0.010000,0,0
2481,20,-120.00,80.00,0,0.010000,0,20
2482,20,126.00,-69.00,0,0.010000,1,0
2483,20,-40.00,80.00,0,0.010000,2,0
2484,20,-40.00,80.00,0,0.010000,2,1
2485,20,-18.00,72.00,0,0.010000,2,18
2486,20,-20.00,80.00,0,0.010000,0,0
2487,2,89.00,8.00,1,0.010000,0,0
2488,20,-20.00,80.00,0,0.010000,0,20
2489,20,-60.00,161.00,0,0.010000,1,18
2490,20,-25.00,80.00,0,0.010000,0,1
2491,20,-120.00,80.00,0,0.010000,0,20
2492,20,126.00,-69.00,0,0.010000,1,0
2493,20,-40.00,80.00,0,0.010000,2,0
2494,20,-30.00,80.00,0,0.010000,1,0
2495,20,-20.00,80.00,0,0.010000,0,20
2496,20,-20.00,80.00,0,0.010000,0,0
2497,2,89.00,8.00,1,0.010000,0,0
2498,20,-30.00,80.00,0,0.010000,1,20
2499,20,-60.00,153.00,0,0.010000,3,16
2500,20,-20.00,80.00,0,0.010000,0,0
2501,20,-120.00,80.00,0,0.010000,0,20
2502,20,126.00,-69.00,0,0.010000,1,0
2503,20,-50.00,80.00,0,0.010000,3,1
2504,20,-30.00,80.00,0,0.010000,1,1
2505,20,-20.00,80.00,0,0.010000,0,20
2506,20,-20.00,80.00,0,0.010000,0,0
2507,2,89.00,8.00,1,0.010000,0,0
2508,20,-20.00,80.00,0,0.010000,0,20
2509,20,-60.00,161.00,0,0.010000,1,18
2510,20,-20.00,80.00,0,0.010000,0,0
2511,20,-120.00,80.00,0,0.010000,0,20
2512,20,126.00,-69.00,0,0.010000,1,0
2513,20,-40.00,80.00,0,0.010000,2,0
2514,20,-40.00,80.00,0,0.010000,2,1
2515,20,-20.00,80.00,0,0.010000,0,20
2516,20,-20.00,80.00,0,0.010000,0,0
2517,2,89.00,8.00,1,0.010000,0,0
2518,20,-20.00,80.00,0,0.010000,0,20
2519,20,-60.00,161.00,0,0.010000,1,18
2520,20,-20.00,80.00,0,0.010000,0,0
2521,20,-115.00,80.00,0,0.010000,0,19
2522,20,126.00,-69.00,0,0.010000,1,0
2523,20,-40.00,80.00,0,0.010000,2,0
2524,20,-30.00,80.00,0,0.010000,1,0
2525,20,-20.00,80.00,0,0.010000,0,20
2526,20,-20.00,80.00,0,0.010000,0,0
2527,2,89.00,8.00,1,0.010000,0,0
2528,20,-20.00,80.00,0,0.010000,0,20
2529,20,-60.00,161.00,0,0.010000,1,18
2530,20,-20.00,80.00,0,0.010000,0,0
2531,20,-120.00,80.00,0,0.010000,0,20
2532,20,126.00,-69.00,0,0.010000,1,0
2533,20,-40.00,80.00,0,0.010000,2,0
2534,20,-30.00,80.00,0,0.010000,1,0
2535,20,-20.00,80.00,0,0.010000,0,20
2536,20,-20.00,80.00,0,0.010000,0,1
2537,2,89.00,8.00,1,0.010000,0,0
2538,20,-20.00,80.00,0,0.010000,0,20
2539,20,-60.00,161.00,0,0.010000,1,18
2540,20,-20.00,80.00,0,0.010000,0,0
2541,20,-120.00,80.00,0,0.010000,0,20
2542,20,126.00,-69.00,0,0.010000,1,0
2543,20,-40.00,80.00,0,0.010000,2,0
2544,20,-30.00,80.00,0,0.010000,1,0
2545,20,-20.00,80.00,0,0.010000,0,20
2546,20,-40.00,80.00,0,0.010000,2,1
2547,2,89.00,8.00,1,0.010000,0,0
2548,20,-20.00,80.00,0,0.010000,0,20
2549,20,-70.00,161.00,0,0.010000,2,18
2550,20,-20.00,80.00,0,0.010000,0,3
2551,20,-120.00,80.00,0,0.010000,0,20
2552,20,126.00,-69.00,0,0.010000,1,0
2553,20,-40.00,80.00,0,0.010000,2,0
2554,20,-30.00,80.00,0,0.010000,1,0
2555,20,-20.00,80.00,0,0.010000,0,20
2556,20,-25.00,80.00,0,0.010000,0,1
2557,2,89.00,8.00,1,0.010000,0,0
2558,20,-20.00,80.00,0,0.010000,0,20
2559,20,-60.00,161.00,0,0.010000,1,18
2560,20,-20.00,80.00,0,0.010000,0,7
2561,20,-120.00,80.00,0,0.010000,0,20
2562,20,126.00,-69.00,0,0.010000,1,0
2563,20,-40.00,80.00,0,0.010000,2,0
2564,20,-30.00,80.00,0,0.010000,1,0
2565,20,-20.00,80.00,0,0.010000,0,20
2566,20,-20.00,80.00,0,0.010000,0,0
2567,2,89.00,8.00,1,0.010000,0,0
2568,20,-20.00,80.00,0,0.010000,0,20
2569,20,-58.00,153.00,0,0.010000,3,16
2570,20,-20.00,80.00,0,0.010000,0,6
2571,20,-120.00,80.00,0,0.010000,0,20
2572,20,126.00,-69.00,0,0.010000,1,1
2573,20,-40.00,80.00,0,0.010000,2,0
2574,20,-30.00,80.00,0,0.010000,1,0
2575,20,-20.00,80.00,0,0.010000,0,20
2576,20,-20.00,80.00,0,0.010000,0,0
2577,2,89.00,8.00,1,0.010000,0,0
2578,20,-20.00,80.00,0,0.010000,0,20
2579,20,-60.00,161.00,0,0.010000,1,18
2580,20,-20.00,80.00,0,0.010000,0,7
2581,20,-120.00,80.00,0,0.010000,0,20
2582,20,126.00,-69.00,0,0.010000,1,0
2583,20,-40.00,80.00,0,0.010000,2,0
2584,20,-30.00,80.00,0,0.010000,1,0
2585,20,-20.00,80.00,0,0.010000,0,20
2586,20,-20.00,80.00,0,0.010000,0,0
2587,2,89.00,8.00,1,0.010000,0,0
2588,20,-20.00,80.00,0,0.010000,0,20
2589,20,-60.00,161.00,0,0.010000,1,18
2590,20,-20.00,80.00,0,0.010000,0,7
2591,20,-120.00,80.00,0,0.010000,0,20
2592,20,126.00,-69.00,0,0.010000,1,0
2593,20,-50.00,80.00,0,0.010000,3,1
2594,20,-30.00,80.00,0,0.010000,1,0
2595,20,-20.00,80.00,0,0.010000,0,20
2596,20,-20.00,80.00,0,0.010000,0,0
2597,2,89.00,8.00,1,0.010000,0,0
2598,20,-20.00,80.00,0,0.010000,0,20
2599,20,-60.00,161.00,0,0.010000,1,18
2600,20,-20.00,80.00,0,0.010000,0,7
2601,20,-120.00,80.00,0,0.010000,0,20
2602,20,126.00,-69.00,0,0.010000,1,0
2603,20,-40.00,80.00,0,0.010000,2,0
2604,20,-30.00,80.00,0,0.010000,1,0
2605,20,-20.00,80.00,0,0.010000,0,20
2606,20,-30.00,80.00,0,0.010000,1,1
2607,2,89.00,8.00,1,0.010000,0,0
2608,20,-30.00,80.00,0,0.010000,1,20
2609,20,-60.00,161.00,0,0.010000,1,18
2610,20,-20.00,80.00,0,0.010000,0,6
2611,20,-125.00,80.00,0,0.010000,1,19
2612,20,126.00,-69.00,0,0.010000,1,0
2613,20,-40.00,80.00,0,0.010000,2,0
2614,20,-30.00,80.00,0,0.010000,1,0
2615,20,-20.00,80.00,0,0.010000,0,20
2616,20,-25.00,80.00,0,0.010000,0,1
2617,2,89.00,8.00,1,0.010000,0,0
2618,20,-20.00,80.00,0,0.010000,0,20
2619,20,-60.00,153.00,0,0.010000,3,16
2620,20,-30.00,80.00,0,0.010000,1,8
2621,20,-120.00,80.00,0,0.010000,0,20
2622,20,126.00,-69.00,0,0.010000,1,1
2623,20,-40.00,80.00,0,0.010000,2,0
2624,20,-30.00,80.00,0,0.010000,1,0
2625,20,-20.00,80.00,0,0.010000,0,20
2626,20,-30.00,80.00,0,0.010000,1,1
2627,2,89.00,8.00,1,0.010000,0,0
2628,20,-20.00,80.00,0,0.010000,0,20
2629,20,-60.00,161.00,0,0.010000,1,18
2630,20,-30.00,80.00,0,0.010000,1,7
2631,20,-120.00,80.00,0,0.010000,0,20
2632,20,126.00,-69.00,0,0.010000,1,0
2633,20,-40.00,80.00,0,0.010000,2,0
2634,20,-30.00,80.00,0,0.010000,1,0
2635,20,-18.00,72.00,0,0.010000,2,18
2636,20,-20.00,80.00,0,0.010000,0,0
2637,2,89.00,8.00,1,0.010000,0,0
2638,20,-20.00,80.00,0,0.010000,0,20
2639,20,-60.00,161.00,0,0.010000,1,18
2640,20,-20.00,80.00,0,0.010000,0,7
2641,20,-120.00,80.00,0,0.010000,0,20
2642,20,126.00,-69.00,0,0.010000,1,0
2643,20,-40.00,80.00,0,0.010000,2,0
2644,20,-30.00,80.00,0,0.010000,1,0
2645,20,31.00,26.00,0,0.010000,1,19
2646,20,-20.00,80.00,0,0.010000,0,0
2647,2,89.00,8.00,1,0.010000,0,0
2648,20,-20.00,80.00,0,0.010000,0,20
2649,20,-60.00,161.00,0,0.010000,1,18
2650,20,-20.00,80.00,0,0.010000,0,7
2651,20,-120.00,80.00,0,0.010000,0,20
2652,20,118.00,-67.00,0,0.010000,3,0
2653,20,-40.00,80.00,0,0.010000,2,0
2654,20,-30.00,80.00,0,0.010000,1,0
2655,20,-20.00,80.00,0,0.010000,0,20
2656,20,-20.00,80.00,0,0.010000,0,0
2657,2,89.00,8.00,1,0.010000,0,0
2658,20,-20.00,80.00,0,0.010000,0,20
2659,20,-60.00,161.00,0,0.010000,1,18
2660,20,-20.00,80.00,0,0.010000,0,6
2661,20,-120.00,80.00,0,0.010000,0,20
2662,20,126.00,-89.00,0,0.010000,3,0
2663,20,-40.00,80.00,0,0.010000,2,0
2664,20,-50.00,57.00,0,0.010000,4,0
2665,20,-20.00,80.00,0,0.010000,0,20
2666,20,-20.00,80.00,0,0.010000,0,0
2667,2,89.00,8.00,1,0.010000,0,0
2668,20,-20.00,80.00,0,0.010000,0,20
2669,20,-60.00,161.00,0,0.010000,1,18
2670,20,-20.00,80.00,0,0.010000,0,7
2671,20,-120.00,80.00,0,0.010000,0,20
2672,20,118.00,-67.00,0,0.010000,3,1
2673,20,-40.00,80.00,0,0.010000,2,0
2674,20,-30.00,80.00,0,0.010000,1,0
2675,20,-20.00,80.00,0,0.010000,0,20
2676,20,-20.00,80.00,0,0.010000,0,0
2677,2,89.00,8.00,1,0.010000,0,0
2678,20,-25.00,80.00,0,0.010000,0,20
2679,20,-60.00,161.00,0,0.010000,1,18
2680,20,-20.00,80.00,0,0.010000,0,7
2681,20,-120.00,80.00,0,0.010000,0,20
2682,20,126.00,-69.00,0,0.010000,1,0
2683,20,-60.00,80.00,0,0.010000,4,0
2684,20,-40.00,80.00,0,0.010000,2,1
2685,20,-20.00,80.00,0,0.010000,0,20
2686,20,-20.00,80.00,0,0.010000,0,0
2687,2,89.00,8.00,1,0.010000,0,0
2688,20,-20.00,80.00,0,0.010000,0,20
2689,20,-60.00,161.00,0,0.010000,1,18
2690,20,-30.00,80.00,0,0.010000,1,8
2691,20,-120.00,80.00,0,0.010000,0,20
2692,20,126.00,-69.00,0,0.010000,1,0
2693,20,-40.00,80.00,0,0.010000,2,0
2694,20,-30.00,80.00,0,0.010000,1,0
2695,20,-20.00,80.00,0,0.010000,0,20
2696,20,-20.00,80.00,0,0.010000,0,0
2697,2,89.00,8.00,1,0.010000,0,0
2698,20,-20.00,80.00,0,0.010000,0,20
2699,20,-60.00,161.00,0,0.010000,1,18
2700,20,-20.00,80.00,0,0.010000,0,6
2701,20,-120.00,80.00,0,0.010000,0,20
2702,20,126.00,-69.00,0,0.010000,1,0
2703,20,-40.00,80.00,0,0.010000,2,0
2704,20,-50.00,72.00,0,0.010000,3,0
2705,20,-30.00,80.00,0,0.010000,1,20
2706,20,-20.00,80.00,0,0.010000,0,0
2707,2,89.00,8.00,1,0.010000,0,0
2708,20,-20.00,80.00,0,0.010000,0,20
2709,20,-60.00,161.00,0,0.010000,1,18
2710,20,-20.00,80.00,0,0.010000,0,7
2711,20,-125.00,80.00,0,0.010000,1,19
2712,20,126.00,-69.00,0,0.010000,1,0
2713,20,-40.00,80.00,0,0.010000,2,0
2714,20,-50.00,57.00,0,0.010000,4,0
2715,20,-20.00,80.00,0,0.010000,0,20
2716,20,-20.00,80.00,0,0.010000,0,0
2717,1,50.00,4.00,1,0.010000,0,0
2718,20,-20.00,80.00,0,0.010000,0,20
2719,20,-60.00,161.00,0,0.010000,1,18
2720,20,-25.00,80.00,0,0.010000,0,8
2721,20,-120.00,80.00,0,0.010000,0,20
2722,20,126.00,-69.00,0,0.010000,1,0
2723,20,-40.00,80.00,0,0.010000,2,0
2724,20,-30.00,80.00,0,0.010000,1,0
2725,20,-16.00,52.00,0,0.010000,3,16
2726,20,-20.00,80.00,0,0.010000,0,0
2727,2,89.00,8.00,1,0.010000,0,0
2728,20,-20.00,80.00,0,0.010000,0,20
2729,20,-60.00,161.00,0,0.010000,1,18
2730,20,-20.00,80.00,0,0.010000,0,6
2731,20,-120.00,80.00,0,0.010000,0,20
2732,20,126.00,-74.00,0,0.010000,1,1
2733,20,-40.00,80.00,0,0.010000,2,0
2734,20,-30.00,80.00,0,0.010000,1,0
2735,20,-20.00,80.00,0,0.010000,0,20
2736,20,-20.00,80.00,0,0.010000,0,0
2737,2,89.00,8.00,1,0.010000,0,0
2738,20,-20.00,80.00,0,0.010000,0,20
2739,20,-58.00,153.00,0,0.010000,3,16
2740,20,-20.00,80.00,0,0.010000,0,7
2741,20,-125.00,80.00,0,0.010000,1,20
2742,20,126.00,-69.00,0,0.010000,1,0
2743,20,-40.00,80.00,0,0.010000,2,0
2744,20,-30.00,80.00,0,0.010000,1,0
2745,20,-20.00,80.00,0,0.010000,0,20
2746,20,-20.00,80.00,0,0.010000,0,0
2747,2,89.00,8.00,1,0.010000,0,0
2748,20,-20.00,80.00,0,0.010000,0,20
2749,20,-60.00,161.00,0,0.010000,1,18
2750,20,-25.00,80.00,0,0.010000,0,8
2751,20,-120.00,80.00,0,0.010000,0,20
2752,20,126.00,-69.00,0,0.010000,1,0
2753,20,-40.00,80.00,0,0.010000,2,0
2754,20,-30.00,80.00,0,0.010000,1,0
2755,20,-20.00,80.00,0,0.010000,0,20
2756,20,-20.00,80.00,0,0.010000,0,0
2757,2,89.00,8.00,1,0.010000,0,0
2758,20,-20.00,80.00,0,0.010000,0,20
2759,20,-65.00,161.00,0,0.010000,1,18
2760,20,-20.00,80.00,0,0.010000,0,6
2761,20,-120.00,80.00,0,0.010000,0,20
2762,20,126.00,-69.00,0,0.010000,1,0
2763,20,-40.00,80.00,0,0.010000,2,0
2764,20,-30.00,80.00,0,0.010000,1,0
2765,20,-18.00,72.00,0,0.010000,2,18
2766,20,-20.00,80.00,0,0.010000,0,0
2767,2,89.00,8.00,1,0.010000,0,0
2768,20,-20.00,80.00,0,0.010000,0,20
2769,20,-60.00,161.00,0,0.010000,1,18
2770,20,-20.00,80.00,0,0.010000,0,7
2771,20,-125.00,80.00,0,0.010000,2,17
2772,20,126.00,-69.00,0,0.010000,1,0
2773,20,-40.00,80.00,0,0.010000,2,0
2774,20,-30.00,80.00,0,0.010000,1,0
2775,20,-20.00,80.00,0,0.010000,0,20
2776,20,-20.00,80.00,0,0.010000,0,0
2777,2,89.00,8.00,1,0.010000,0,0
2778,20,-20.00,80.00,0,0.010000,0,20
2779,20,-60.00,161.00,0,0.010000,1,18
2780,20,-20.00,80.00,0,0.010000,0,7
2781,20,-125.00,80.00,0,0.010000,1,19
2782,20,126.00,-69.00,0,0.010000,1,0
2783,20,-40.00,80.00,0,0.010000,2,0
2784,20,-30.00,80.00,0,0.010000,1,0
2785,20,-20.00,80.00,0,0.010000,0,20
2786,20,-30.00,80.00,0,0.010000,1,1
2787,2,89.00,8.00,1,0.010000,0,0
2788,20,-20.00,80.00,0,0.010000,0,20
2789,20,-60.00,161.00,0,0.010000,1,18
2790,20,-20.00,80.00,0,0.010000,0,7
2791,20,-120.00,80.00,0,0.010000,0,20
2792,20,126.00,-69.00,0,0.010000,1,0
2793,20,-40.00,80.00,0,0.010000,2,0
2794,20,-30.00,80.00,0,0.010000,1,0
2795,20,-20.00,80.00,0,0.010000,0,20
2796,20,-20.00,80.00,0,0.010000,0,0
2797,2,89.00,8.00,1,0.010000,0,0
2798,20,-20.00,80.00,0,0.010000,0,20
2799,20,-60.00,161.00,0,0.010000,1,18
2800,20,-20.00,80.00,0,0.010000,0,6
2801,20,-120.00,80.00,0,0.010000,0,20
2802,20,126.00,-69.00,0,0.010000,1,0
2803,20,-40.00,80.00,0,0.010000,2,0
2804,20,-30.00,80.00,0,0.010000,1,0
2805,20,-19.00,29.00,0,0.010000,7,12
2806,20,-20.00,80.00,0,0.010000,0,0
2807,2,89.00,8.00,1,0.010000,0,0
2808,20,-20.00,80.00,0,0.010000,0,20
2809,20,-65.00,161.00,0,0.010000,1,18
2810,20,-20.00,80.00,0,0.010000,0,7
2811,20,-120.00,80.00,0,0.010000,0,20
2812,20,118.00,-69.00,0,0.010000,3,0
2813,20,-40.00,80.00,0,0.010000,2,0
2814,20,-30.00,80.00,0,0.010000,1,0
2815,20,-20.00,80.00,0,0.010000,0,20
2816,20,-20.00,80.00,0,0.010000,0,0
2817,2,89.00,8.00,1,0.010000,0,0
2818,20,-20.00,80.00,0,0.010000,0,20
2819,20,-60.00,161.00,0,0.010000,1,18
2820,20,-20.00,80.00,0,0.010000,0,7
2821,20,-120.00,80.00,0,0.010000,0,20
2822,20,126.00,-69.00,0,0.010000,1,0
2823,20,-40.00,80.00,0,0.010000,2,0
2824,20,-30.00,80.00,0,0.010000,1,0
2825,20,-20.00,80.00,0,0.010000,0,20
2826,20,-20.00,80.00,0,0.010000,0,0
2827,2,89.00,8.00,1,0.010000,0,0
2828,20,-20.00,80.00,0,0.010000,0,20
2829,20,-60.00,161.00,0,0.010000,1,18
2830,20,-20.00,80.00,0,0.010000,0,7
2831,20,-120.00,80.00,0,0.010000,0,20
2832,20,126.00,-69.00,0,0.010000,1,0
2833,20,-60.00,80.00,0,0.010000,4,0
2834,20,-40.00,80.00,0,0.010000,2,1
2835,20,-20.00,80.00,0,0.010000,0,20
2836,20,-20.00,80.00,0,0.010000,0,0
2837,2,89.00,8.00,1,0.010000,0,0
2838,20,-20.00,80.00,0,0.010000,0,20
2839,20,-60.00,161.00,0,0.010000,1,18
2840,20,-20.00,80.00,0,0.010000,0,6
2841,20,-120.00,80.00,0,0.010000,0,20
2842,20,126.00,-69.00,0,0.010000,1,0
2843,20,-40.00,80.00,0,0.010000,2,0
2844,20,-30.00,80.00,0,0.010000,1,0
2845,20,-20.00,80.00,0,0.010000,0,20
2846,20,-20.00,80.00,0,0.010000,0,0
2847,2,89.00,8.00,1,0.010000,0,0
2848,20,-20.00,80.00,0,0.010000,0,20
2849,20,-60.00,161.00,0,0.010000,1,18
2850,20,-20.00,80.00,0,0.010000,0,7
2851,20,-120.00,80.00,0,0.010000,0,20
2852,20,126.00,-69.00,0,0.010000,1,0
2853,20,-40.00,80.00,0,0.010000,2,0
2854,20,-30.00,80.00,0,0.010000,1,0
2855,20,-20.00,80.00,0,0.010000,0,20
2856,20,-20.00,80.00,0,0.010000,0,0
2857,2,89.00,8.00,1,0.010000,0,0
2858,20,-20.00,80.00,0,0.010000,0,20
2859,20,-65.00,161.00,0,0.010000,1,18
2860,20,-20.00,80.00,0,0.010000,0,7
2861,20,-135.00,80.00,0,0.010000,3,18
2862,20,126.00,-69.00,0,0.010000,1,0
2863,20,-50.00,80.00,0,0.010000,3,1
2864,20,-30.00,80.00,0,0.010000,1,0
2865,20,-20.00,80.00,0,0.010000,0,20
2866,20,-20.00,80.00,0,0.010000,0,0
2867,2,89.00,8.00,1,0.010000,0,0
2868,20,-30.00,80.00,0,0.010000,1,20
2869,20,-60.00,161.00,0,0.010000,1,18
2870,20,-20.00,80.00,0,0.010000,0,7
2871,20,-120.00,80.00,0,0.010000,0,20
2872,20,126.00,-69.00,0,0.010000,1,0
2873,20,-40.00,80.00,0,0.010000,2,0
2874,20,-30.00,80.00,0,0.010000,1,0
2875,20,-25.00,80.00,0,0.010000,0,20
2876,20,-20.00,80.00,0,0.010000,0,0
2877,2,89.00,8.00,1,0.010000,0,0
2878,20,-20.00,80.00,0,0.010000,0,20
2879,20,-60.00,161.00,0,0.010000,1,18
2880,20,-20.00,80.00,0,0.010000,0,6
2881,20,-120.00,80.00,0,0.010000,2,16
2882,20,126.00,-69.00,0,0.010000,1,0
2883,20,-40.00,80.00,0,0.010000,2,0
2884,20,-40.00,80.00,0,0.010000,2,1
2885,20,-20.00,80.00,0,0.010000,0,20
2886,20,-20.00,80.00,0,0.010000,0,0
2887,2,89.00,8.00,1,0.010000,0,0
2888,20,-20.00,80.00,0,0.010000,0,20
2889,20,-60.00,161.00,0,0.010000,1,18
2890,20,-20.00,80.00,0,0.010000,0,7
2891,20,-120.00,80.00,0,0.010000,0,20
2892,20,126.00,-69.00,0,0.010000,1,0
2893,20,-40.00,80.00,0,0.010000,2,0
2894,20,-30.00,80.00,0,0.010000,1,0
2895,20,-20.00,80.00,0,0.010000,0,20
2896,20,-20.00,80.00,0,0.010000,0,0
2897,2,89.00,8.00,1,0.010000,0,0
2898,20,-20.00,80.00,0,0.010000,0,20
2899,20,-60.00,161.00,0,0.010000,1,18
2900,20,-20.00,80.00,0,0.010000,0,7
2901,20,-120.00,80.00,0,0.010000,0,20
2902,20,126.00,-69.00,0,0.010000,1,0
2903,20,-40.00,80.00,0,0.010000,2,0
2904,20,-30.00,80.00,0,0.010000,1,0
2905,20,-8.00,62.00,0,0.010000,3,16
2906,20,-20.00,80.00,0,0.010000,0,0
2907,2,89.00,8.00,1,0.010000,0,0
2908,20,-20.00,80.00,0,0.010000,0,20
2909,20,-60.00,161.00,0,0.010000,1,18
2910,20,-20.00,80.00,0,0.010000,0,7
2911,20,-120.00,80.00,0,0.010000,0,20
2912,20,126.00,-69.00,0,0.010000,1,0
2913,20,-40.00,80.00,0,0.010000,2,0
2914,20,-30.00,80.00,0,0.010000,1,0
2915,20,-20.00,80.00,0,0.010000,0,20
2916,20,-20.00,80.00,0,0.010000,0,0
2917,2,89.00,8.00,1,0.010000,0,0
2918,20,-20.00,80.00,0,0.010000,0,20
2919,20,-60.00,161.00,0,0.010000,1,18
2920,20,-20.00,80.00,0,0.010000,0,6
2921,20,-120.00,80.00,0,0.010000,0,20
2922,20,126.00,-69.00,0,0.010000,1,0
2923,20,-40.00,80.00,0,0.010000,2,0
2924,20,-30.00,80.00,0,0.010000,1,0
2925,20,-25.00,80.00,0,0.010000,0,20
2926,20,-20.00,80.00,0,0.010000,0,0
2927,2,89.00,8.00,1,0.010000,0,0
2928,20,-20.00,80.00,0,0.010000,0,20
2929,20,-60.00,161.00,0,0.010000,1,18
2930,20,-20.00,80.00,0,0.010000,0,7
2931,20,-120.00,80.00,0,0.010000,0,20
2932,20,126.00,-69.00,0,0.010000,1,0
2933,20,-40.00,80.00,0,0.010000,2,0
2934,20,-30.00,80.00,0,0.010000,1,0
2935,20,-20.00,80.00,0,0.010000,0,20
2936,20,-20.00,80.00,0,0.010000,0,0
2937,2,89.00,8.00,1,0.010000,0,0
2938,20,-20.00,80.00,0,0.010000,0,20
2939,20,-63.00,153.00,0,0.010000,3,16
2940,20,-20.00,80.00,0,0.010000,0,7
2941,20,-120.00,80.00,0,0.010000,0,20
2942,20,126.00,-69.00,0,0.010000,1,0
2943,20,-60.00,80.00,0,0.010000,4,0
2944,20,-30.00,80.00,0,0.010000,1,1
2945,20,-20.00,80.00,0,0.010000,0,20
2946,20,-25.00,80.00,0,0.010000,0,1
2947,2,89.00,8.00,1,0.010000,0,0
2948,20,-18.00,72.00,0,0.010000,2,18
2949,20,-56.00,145.00,0,0.010000,5,14
2950,20,-20.00,80.00,0,0.010000,0,7
2951,20,-115.00,80.00,0,0.010000,0,20
2952,20,126.00,-69.00,0,0.010000,1,0
2953,20,-40.00,80.00,0,0.010000,2,0
2954,20,-30.00,80.00,0,0.010000,1,0
2955,20,-20.00,80.00,0,0.010000,0,20
2956,20,-25.00,80.00,0,0.010000,0,1
2957,2,89.00,8.00,1,0.010000,0,0
2958,20,-30.00,80.00,0,0.010000,1,20
2959,20,-60.00,161.00,0,0.010000,1,18
2960,20,-20.00,80.00,0,0.010000,0,6
2961,20,-120.00,80.00,0,0.010000,0,20
2962,20,126.00,-69.00,0,0.010000,1,0
2963,20,-40.00,80.00,0,0.010000,2,0
2964,20,-30.00,80.00,0,0.010000,1,0
2965,20,-16.00,64.00,0,0.010000,4,16
2966,20,-20.00,80.00,0,0.010000,0,0
2967,2,89.00,8.00,1,0.010000,0,0
2968,20,-20.00,80.00,0,0.010000,0,20
2969,20,-60.00,161.00,0,0.010000,1,18
2970,20,-20.00,80.00,0,0.010000,0,7
2971,20,-125.00,80.00,0,0.010000,1,20
2972,20,126.00,-69.00,0,0.010000,1,0
2973,20,-40.00,80.00,0,0.010000,2,0
2974,20,-30.00,80.00,0,0.010000,1,0
2975,20,-16.00,52.00,0,0.010000,3,16
2976,20,-20.00,80.00,0,0.010000,0,0
2977,2,89.00,8.00,1,0.010000,0,0
2978,20,-20.00,80.00,0,0.010000,0,20
2979,20,-60.00,161.00,0,0.010000,1,18
2980,20,-20.00,80.00,0,0.010000,0,7
2981,20,-120.00,80.00,0,0.010000,0,20
2982,20,126.00,-69.00,0,0.010000,1,0
2983,20,-50.00,80.00,0,0.010000,3,1
2984,20,-50.00,72.00,0,0.010000,3,1
2985,20,-20.00,80.00,0,0.010000,0,20
2986,20,-20.00,80.00,0,0.010000,0,0
2987,2,89.00,8.00,1,0.010000,0,0
2988,20,-20.00,80.00,0,0.010000,0,20
2989,20,-60.00,161.00,0,0.010000,1,18
2990,20,-20.00,80.00,0,0.010000,0,7
2991,20,-120.00,80.00,0,0.010000,0,20
2992,20,126.00,-69.00,0,0.010000,1,0
2993,20,-50.00,80.00,0,0.010000,3,0
2994,20,-30.00,80.00,0,0.010000,1,0
2995,20,-20.00,80.00,0,0.010000,0,20
2996,20,-20.00,80.00,0,0.010000,0,0
2997,2,89.00,8.00,1,0.010000,0,0
2998,20,-20.00,80.00,0,0.010000,0,20
2999,20,-60.00,161.00,0,0.010000,1,18
3000,20,-20.00,80.00,0,0.010000,0,6
3001,20,-120.00,80.00,0,0.010000,0,20
3002,20,126.00,-69.00,0,0.010000,1,0
3003,20,-40.00,80.00,0,0.010000,2,1
3004,20,-30.00,80.00,0,0.010000,1,0
3005,20,-16.00,52.00,0,0.010000,3,16
3006,20,-30.00,80.00,0,0.010000,1,1
3007,2,89.00,8.00,1,0.010000,0,0
3008,20,-20.00,80.00,0,0.010000,0,20
3009,20,-60.00,161.00,0,0.010000,1,18
3010,20,-20.00,80.00,0,0.010000,0,7
3011,20,-120.00,80.00,0,0.010000,0,20
3012,20,126.00,-69.00,0,0.010000,1,0
3013,20,-40.00,80.00,0,0.010000,2,0
3014,20,-30.00,80.00,0,0.010000,1,0
3015,20,-20.00,80.00,0,0.010000,0,20
3016,20,-20.00,80.00,0,0.010000,0,0
3017,2,89.00,8.00,1,0.010000,0,0
3018,20,-20.00,80.00,0,0.010000,0,20
3019,20,-60.00,161.00,0,0.010000,1,18
3020,20,-20.00,80.00,0,0.010000,0,7
3021,20,-120.00,80.00,0,0.010000,0,20
3022,20,126.00,-69.00,0,0.010000,1,0
3023,20,-40.00,80.00,0,0.010000,2,0
3024,20,-30.00,80.00,0,0.010000,1,0
3025,20,-20.00,80.00,0,0.010000,0,20
3026,20,-20.00,80.00,0,0.010000,0,0
3027,2,89.00,8.00,1,0.010000,0,0
3028,20,-18.00,72.00,0,0.010000,2,18
3029,20,-60.00,161.00,0,0.010000,1,18
3030,20,-20.00,80.00,0,0.010000,0,7
3031,20,-120.00,80.00,0,0.010000,0,20
3032,20,126.00,-69.00,0,0.010000,1,0
3033,20,-40.00,80.00,0,0.010000,2,0
3034,20,-40.00,80.00,0,0.010000,2,1
3035,20,-20.00,80.00,0,0.010000,0,20
3036,20,-20.00,80.00,0,0.010000,0,0
3037,2,89.00,8.00,1,0.010000,0,0
3038,20,-20.00,80.00,0,0.010000,0,20
3039,20,-60.00,161.00,0,0.010000,1,18
3040,20,-20.00,80.00,0,0.010000,0,6
3041,20,-120.00,80.00,0,0.010000,0,20
3042,20,126.00,-69.00,0,0.010000,1,0
3043,20,-40.00,80.00,0,0.010000,2,0
3044,20,-30.00,80.00,0,0.010000,1,0
3045,20,-20.00,80.00,0,0.010000,0,20
3046,20,-40.00,80.00,0,0.010000,2,2
3047,2,89.00,8.00,1,0.010000,0,0
3048,20,-20.00,80.00,0,0.010000,0,20
3049,20,-60.00,161.00,0,0.010000,1,18
3050,20,-20.00,80.00,0,0.010000,0,7
3051,20,-120.00,80.00,0,0.010000,0,20
3052,20,126.00,-69.00,0,0.010000,1,0
3053,20,-40.00,80.00,0,0.010000,2,0
3054,20,-30.00,80.00,0,0.010000,1,0
3055,20,-20.00,80.00,0,0.010000,0,20
3056,20,-20.00,80.00,0,0.010000,0,0
3057,2,89.00,8.00,1,0.010000,0,0
3058,20,-20.00,72.00,0,0.010000,2,18
3059,20,-60.00,161.00,0,0.010000,1,18
3060,20,-20.00,80.00,0,0.010000,0,7
3061,20,-120.00,80.00,0,0.010000,0,20
3062,20,126.00,-69.00,0,0.010000,1,0
3063,20,-40.00,80.00,0,0.010000,2,0
3064,20,-30.00,80.00,0,0.010000,1,0
3065,20,-20.00,80.00,0,0.010000,0,20
3066,20,-20.00,80.00,0,0.010000,0,0
3067,2,89.00,8.00,1,0.010000,0,0
3068,20,-20.00,80.00,0,0.010000,0,20
3069,20,-60.00,153.00,0,0.010000,3,16
3070,20,-18.00,72.00,0,0.010000,2,6
3071,20,-120.00,80.00,0,0.010000,0,20
3072,20,126.00,-84.00,0,0.010000,2,2
3073,20,-40.00,80.00,0,0.010000,2,0
3074,20,-30.00,80.00,0,0.010000,1,0
3075,20,-20.00,80.00,0,0.010000,0,20
3076,20,-20.00,80.00,0,0.010000,0,0
3077,2,89.00,8.00,1,0.010000,0,0
3078,20,-20.00,80.00,0,0.010000,0,20
3079,20,-60.00,161.00,0,0.010000,1,18
3080,20,-30.00,80.00,0,0.010000,1,8
3081,20,-120.00,80.00,0,0.010000,0,20
3082,20,126.00,-69.00,0,0.010000,1,0
3083,20,-40.00,80.00,0,0.010000,2,0
3084,20,-30.00,80.00,0,0.010000,1,0
3085,20,-20.00,80.00,0,0.010000,0,20
3086,20,-20.00,80.00,0,0.010000,0,0
3087,2,89.00,8.00,1,0.010000,0,0
3088,20,-30.00,80.00,0,0.010000,1,20
3089,20,-60.00,161.00,0,0.010000,1,18
3090,20,-20.00,80.00,0,0.010000,0,6
3091,20,-125.00,80.00,0,0.010000,1,19
3092,20,126.00,-69.00,0,0.010000,1,0
3093,20,-40.00,80.00,0,0.010000,2,0
3094,20,-30.00,80.00,0,0.010000,1,0
3095,20,-20.00,80.00,0,0.010000,0,20
3096,20,-20.00,80.00,0,0.010000,0,0
3097,2,89.00,8.00,1,0.010000,0,0
3098,20,-20.00,80.00,0,0.010000,0,20
3099,20,-58.00,153.00,0,0.010000,3,16
3100,20,-20.00,80.00,0,0.010000,0,7
3101,20,-125.00,80.00,0,0.010000,1,20
3102,20,126.00,-69.00,0,0.010000,1,0
3103,20,-40.00,80.00,0,0.010000,2,0
3104,20,-30.00,80.00,0,0.010000,1,0
3105,20,-20.00,80.00,0,0.010000,0,20
3106,20,-20.00,80.00,0,0.010000,0,0
3107,2,89.00,8.00,1,0.010000,0,0
3108,20,-20.00,80.00,0,0.010000,0,20
3109,20,-60.00,161.00,0,0.010000,1,18
3110,20,-20.00,80.00,0,0.010000,0,7
3111,20,-120.00,80.00,0,0.010000,0,20
3112,20,126.00,-69.00,0,0.010000,1,0
3113,20,-70.00,80.00,0,0.010000,5,1
3114,20,-30.00,80.00,0,0.010000,1,0
3115,20,-20.00,80.00,0,0.010000,0,20
3116,20,-40.00,80.00,0,0.010000,2,0
3117,2,89.00,8.00,1,0.010000,0,0
3118,20,-20.00,80.00,0,0.010000,0,20
3119,20,-60.00,161.00,0,0.010000,1,18
3120,20,-20.00,80.00,0,0.010000,0,7
3121,20,-120.00,80.00,0,0.010000,0,20
3122,20,126.00,-69.00,0,0.010000,1,0
3123,20,-40.00,80.00,0,0.010000,2,0
3124,20,-30.00,80.00,0,0.010000,1,0
3125,20,-20.00,80.00,0,0.010000,0,20
3126,20,-20.00,80.00,0,0.010000,0,0
3127,2,89.00,8.00,1,0.010000,0,0
3128,20,-20.00,80.00,0,0.010000,0,20
3129,20,-60.00,161.00,0,0.010000,1,18
3130,20,-20.00,80.00,0,0.010000,0,6
3131,20,-120.00,80.00,0,0.010000,0,20
3132,20,126.00,-69.00,0,0.010000,1,0
3133,20,-40.00,80.00,0,0.010000,2,0
3134,20,-35.00,80.00,0,0.010000,1,1
3135,20,-25.00,80.00,0,0.010000,0,20
3136,20,-20.00,80.00,0,0.010000,0,0
3137,2,89.00,8.00,1,0.010000,0,0
3138,20,-20.00,80.00,0,0.010000,0,20
3139,20,-60.00,161.00,0,0.010000,1,18
3140,20,-20.00,80.00,0,0.010000,0,7
3141,20,-120.00,80.00,0,0.010000,0,20
3142,20,126.00,-69.00,0,0.010000,1,0
3143,20,-40.00,80.00,0,0.010000,2,0
3144,20,-50.00,72.00,0,0.010000,3,0
3145,20,-20.00,80.00,0,0.010000,0,20
3146,20,-20.00,80.00,0,0.010000,0,0
3147,2,89.00,8.00,1,0.010000,0,0
3148,20,-20.00,80.00,0,0.010000,0,20
3149,20,-60.00,161.00,0,0.010000,1,18
3150,20,-20.00,80.00,0,0.010000,0,7
3151,20,-120.00,80.00,0,0.010000,0,20
3152,20,126.00,-69.00,0,0.010000,1,1
3153,20,-40.00,80.00,0,0.010000,2,1
3154,20,-30.00,80.00,0,0.010000,1,0
3155,20,-20.00,80.00,0,0.010000,0,20
3156,20,-40.00,80.00,0,0.010000,2,0
3157,2,89.00,8.00,1,0.010000,0,0
3158,20,-20.00,80.00,0,0.010000,0,20
3159,20,-60.00,161.00,0,0.010000,1,18
3160,20,-20.00,80.00,0,0.010000,0,7
3161,20,-120.00,80.00,0,0.010000,0,20
3162,20,126.00,-69.00,0,0.010000,1,0
3163,20,-40.00,80.00,0,0.010000,2,0
3164,20,-30.00,80.00,0,0.010000,1,0
3165,20,-30.00,80.00,0,0.010000,1,20
3166,20,-20.00,80.00,0,0.010000,0,0
3167,2,89.00,8.00,1,0.010000,0,0
3168,20,-20.00,80.00,0,0.010000,0,20
3169,20,-60.00,161.00,0,0.010000,1,18
3170,20,-20.00,80.00,0,0.010000,0,6
3171,20,-120.00,80.00,0,0.010000,0,20
3172,20,126.00,-69.00,0,0.010000,1,0
3173,20,-60.00,80.00,0,0.010000,4,0
3174,20,-30.00,80.00,0,0.010000,1,0
3175,20,-20.00,80.00,0,0.010000,0,20
3176,20,-20.00,80.00,0,0.010000,0,0
3177,2,89.00,8.00,1,0.010000,0,0
3178,20,-20.00,80.00,0,0.010000,0,20
3179,20,-60.00,161.00,0,0.010000,1,18
3180,20,-20.00,80.00,0,0.010000,0,7
3181,20,-120.00,80.00,0,0.010000,0,20
3182,20,126.00,-69.00,0,0.010000,1,0
3183,20,-40.00,80.00,0,0.010000,2,0
3184,20,-30.00,80.00,0,0.010000,1,0
3185,20,-20.00,80.00,0,0.010000,0,20
3186,20,-20.00,80.00,0,0.010000,0,0
3187,2,89.00,8.00,1,0.010000,0,0
3188,20,-20.00,80.00,0,0.010000,0,20
3189,20,-60.00,161.00,0,0.010000,1,18
3190,20,-20.00,80.00,0,0.010000,0,7
3191,20,-120.00,80.00,0,0.010000,0,20
3192,20,126.00,-69.00,0,0.010000,1,0
3193,20,-40.00,80.00,0,0.010000,2,0
3194,20,-30.00,80.00,0,0.010000,1,0
3195,20,-20.00,80.00,0,0.010000,0,20
3196,20,-20.00,80.00,0,0.010000,0,0
3197,2,89.00,8.00,1,0.010000,0,0
3198,20,-20.00,80.00,0,0.010000,0,20
3199,20,-60.00,161.00,0,0.010000,1,18
3200,20,-20.00,80.00,0,0.010000,0,7
3201,20,-115.00,80.00,0,0.010000,1,17
3202,20,126.00,-69.00,0,0.010000,1,0
3203,20,-40.00,80.00,0,0.010000,2,0
3204,20,-30.00,80.00,0,0.010000,1,0
3205,20,-20.00,80.00,0,0.010000,0,20
3206,20,-20.00,80.00,0,0.010000,0,0
3207,2,89.00,8.00,1,0.010000,0,0
3208,20,-20.00,80.00,0,0.010000,0,20
3209,20,-60.00,161.00,0,0.010000,1,18
3210,20,-20.00,80.00,0,0.010000,0,6
3211,20,-120.00,80.00,0,0.010000,0,20
3212,20,126.00,-69.00,0,0.010000,1,0
3213,20,-40.00,80.00,0,0.010000,2,1
3214,20,-30.00,80.00,0,0.010000,1,0
3215,20,-20.00,80.00,0,0.010000,0,20
3216,20,-25.00,80.00,0,0.010000,0,1
3217,2,89.00,8.00,1,0.010000,0,0
3218,20,-30.00,80.00,0,0.010000,1,20
3219,20,-60.00,161.00,0,0.010000,1,18
3220,20,-20.00,80.00,0,0.010000,0,7
3221,20,-120.00,80.00,0,0.010000,0,20
3222,20,126.00,-69.00,0,0.010000,1,0
3223,20,-40.00,80.00,0,0.010000,2,0
3224,20,-30.00,80.00,0,0.010000,1,1
3225,20,-20.00,80.00,0,0.010000,0,20
3226,20,-20.00,80.00,0,0.010000,0,0
3227,2,89.00,8.00,1,0.010000,0,0
3228,20,-20.00,80.00,0,0.010000,0,20
3229,20,-60.00,161.00,0,0.010000,1,18
3230,20,-20.00,80.00,0,0.010000,0,7
3231,20,-120.00,80.00,0,0.010000,0,20
3232,20,126.00,-89.00,0,0.010000,3,0
3233,20,-50.00,80.00,0,0.010000,3,1
3234,20,-30.00,80.00,0,0.010000,1,0
3235,20,-20.00,80.00,0,0.010000,0,20
3236,20,-20.00,80.00,0,0.010000,0,0
3237,2,89.00,8.00,1,0.010000,0,0
3238,20,-20.00,80.00,0,0.010000,0,20
3239,20,-60.00,161.00,0,0.010000,1,18
3240,20,-20.00,80.00,0,0.010000,0,7
3241,20,-120.00,80.00,0,0.010000,0,20
3242,20,126.00,-69.00,0,0.010000,1,0
3243,20,-40.00,80.00,0,0.010000,2,0
3244,20,-30.00,80.00,0,0.010000,1,0
3245,20,-20.00,80.00,0,0.010000,0,20
3246,20,-20.00,80.00,0,0.010000,0,0
3247,2,89.00,8.00,1,0.010000,0,0
3248,20,-25.00,80.00,0,0.010000,0,20
3249,20,-60.00,161.00,0,0.010000,1,18
3250,20,-20.00,80.00,0,0.010000,0,6
3251,20,-120.00,80.00,0,0.010000,0,20
3252,20,126.00,-69.00,0,0.010000,1,0
3253,20,-40.00,80.00,0,0.010000,2,0
3254,20,-30.00,80.00,0,0.010000,1,0
3255,20,-20.00,80.00,0,0.010000,0,20
3256,20,-20.00,80.00,0,0.010000,0,0
3257,2,89.00,8.00,1,0.010000,0,0
3258,20,-20.00,80.00,0,0.010000,0,20
3259,20,-60.00,161.00,0,0.010000,1,18
3260,20,-20.00,80.00,0,0.010000,0,7
3261,20,-120.00,80.00,0,0.010000,0,20
3262,20,126.00,-69.00,0,0.010000,1,0
3263,20,-40.00,80.00,0,0.010000,2,0
3264,20,-30.00,80.00,0,0.010000,1,0
3265,20,-20.00,80.00,0,0.010000,0,20
3266,20,-20.00,80.00,0,0.010000,0,0
3267,2,89.00,8.00,1,0.010000,0,0
3268,20,-20.00,80.00,0,0.010000,0,20
3269,20,-70.00,161.00,0,0.010000,2,18
3270,20,-20.00,80.00,0,0.010000,0,7
3271,20,-120.00,80.00,0,0.010000,2,16
3272,20,126.00,-69.00,0,0.010000,1,0
3273,20,-40.00,80.00,0,0.010000,2,0
3274,20,-35.00,80.00,0,0.010000,1,1
3275,20,-20.00,80.00,0,0.010000,0,20
3276,20,-20.00,80.00,0,0.010000,0,0
3277,2,89.00,8.00,1,0.010000,0,0
3278,20,-20.00,80.00,0,0.010000,0,20
3279,20,-60.00,161.00,0,0.010000,1,18
3280,20,-30.00,80.00,0,0.010000,1,8
3281,20,-115.00,80.00,0,0.010000,1,17
3282,20,126.00,-69.00,0,0.010000,1,1
3283,20,-40.00,80.00,0,0.010000,2,0
3284,20,-30.00,80.00,0,0.010000,1,0
3285,20,-4.00,34.00,0,0.010000,6,12
3286,20,-20.00,80.00,0,0.010000,0,0
3287,2,89.00,8.00,1,0.010000,0,0
3288,20,-18.00,72.00,0,0.010000,2,18
3289,20,-70.00,161.00,0,0.010000,2,18
3290,20,-30.00,80.00,0,0.010000,1,7
3291,20,-130.00,80.00,0,0.010000,5,12
3292,20,126.00,-69.00,0,0.010000,1,0
3293,20,-40.00,80.00,0,0.010000,2,0
3294,20,-30.00,80.00,0,0.010000,1,0
3295,20,-20.00,80.00,0,0.010000,0,20
3296,20,-20.00,80.00,0,0.010000,0,0
3297,2,89.00,8.00,1,0.010000,0,0
3298,20,-20.00,80.00,0,0.010000,0,20
3299,20,-60.00,161.00,0,0.010000,1,18
3300,20,-18.00,72.00,0,0.010000,2,6
3301,20,-105.00,80.00,0,0.010000,3,11
3302,20,126.00,-69.00,0,0.010000,1,0
3303,20,-40.00,80.00,0,0.010000,2,0
3304,20,-30.00,80.00,0,0.010000,1,0
3305,20,-20.00,80.00,0,0.010000,0,20
3306,20,-20.00,80.00,0,0.010000,0,0
3307,2,89.00,8.00,1,0.010000,0,0
3308,20,-20.00,80.00,0,0.010000,0,20
3309,20,-60.00,153.00,0,0.010000,3,16
3310,20,-20.00,80.00,0,0.010000,0,7
3311,20,-30.00,80.00,0,0.010000,0,2
3312,20,126.00,-69.00,0,0.010000,1,0
3313,20,-40.00,80.00,0,0.010000,2,0
3314,20,-30.00,80.00,0,0.010000,1,0
3315,20,-20.00,80.00,0,0.010000,0,20
3316,20,-20.00,80.00,0,0.010000,0,0
3317,2,89.00,8.00,1,0.010000,0,0
3318,20,-20.00,80.00,0,0.010000,0,20
3319,20,-60.00,161.00,0,0.010000,1,18
3320,20,-20.00,80.00,0,0.010000,0,7
3321,20,-20.00,80.00,0,0.010000,0,0
3322,20,126.00,-69.00,0,0.010000,1,0
3323,20,-40.00,80.00,0,0.010000,2,0
3324,20,-30.00,80.00,0,0.010000,1,0
3325,20,-20.00,80.00,0,0.010000,0,20
3326,20,-20.00,80.00,0,0.010000,0,0
3327,2,89.00,8.00,1,0.010000,0,0
3328,20,-20.00,80.00,0,0.010000,0,20
3329,20,-60.00,161.00,0,0.010000,1,18
3330,20,-20.00,80.00,0,0.010000,0,6
3331,20,-25.00,80.00,0,0.010000,0,1
3332,20,126.00,-69.00,0,0.010000,1,0
3333,20,-40.00,80.00,0,0.010000,2,0
3334,20,-30.00,80.00,0,0.010000,1,0
3335,20,-20.00,80.00,0,0.010000,0,20
3336,20,-25.00,80.00,0,0.010000,0,1
3337,2,89.00,8.00,1,0.010000,0,0
3338,20,-20.00,80.00,0,0.010000,0,20
3339,20,-60.00,161.00,0,0.010000,1,18
3340,20,-20.00,80.00,0,0.010000,0,7
3341,20,-20.00,80.00,0,0.010000,0,0
3342,20,126.00,-69.00,0,0.010000,1,0
3343,20,-60.00,80.00,0,0.010000,4,2
3344,20,-30.00,80.00,0,0.010000,1,0
3345,20,-20.00,80.00,0,0.010000,0,20
3346,20,-20.00,80.00,0,0.010000,0,0
3347,2,89.00,8.00,1,0.010000,0,0
3348,20,-20.00,72.00,0,0.010000,2,18
3349,20,-60.00,161.00,0,0.010000,1,18
3350,20,-20.00,80.00,0,0.010000,0,7
3351,20,-20.00,80.00,0,0.010000,0,0
3352,20,126.00,-69.00,0,0.010000,1,0
3353,20,-40.00,80.00,0,0.010000,2,0
3354,20,-30.00,80.00,0,0.010000,1,0
3355,20,-20.00,80.00,0,0.010000,0,20
3356,20,-20.00,80.00,0,0.010000,0,0
3357,2,89.00,8.00,1,0.010000,0,0
3358,20,-20.00,80.00,0,0.010000,0,20
3359,20,-60.00,161.00,0,0.010000,1,18
3360,20,-28.00,72.00,0,0.010000,3,6
3361,20,-20.00,80.00,0,0.010000,0,0
3362,20,126.00,-69.00,0,0.010000,1,0
3363,20,-40.00,80.00,0,0.010000,2,0
3364,20,-30.00,80.00,0,0.010000,1,0
3365,20,-20.00,80.00,0,0.010000,0,20
3366,20,-20.00,80.00,0,0.010000,0,0
3367,2,89.00,8.00,1,0.010000,0,0
3368,20,-20.00,80.00,0,0.010000,0,20
3369,20,-60.00,161.00,0,0.010000,1,18
3370,20,-20.00,80.00,0,0.010000,0,6
3371,20,-20.00,80.00,0,0.010000,0,0
3372,20,126.00,-69.00,0,0.010000,1,0
3373,20,-40.00,80.00,0,0.010000,2,0
3374,20,-30.00,80.00,0,0.010000,1,0
3375,20,-20.00,80.00,0,0.010000,0,20
3376,20,-20.00,80.00,0,0.010000,0,0
3377,2,89.00,8.00,1,0.010000,0,0
3378,20,-20.00,80.00,0,0.010000,0,20
3379,20,-60.00,161.00,0,0.010000,1,18
3380,20,-20.00,80.00,0,0.010000,0,7
3381,20,-20.00,80.00,0,0.010000,0,0
3382,20,126.00,-69.00,0,0.010000,1,0
3383,20,-60.00,80.00,0,0.010000,4,0
3384,20,-30.00,80.00,0,0.010000,1,0
3385,20,-20.00,80.00,0,0.010000,0,20
3386,20,-20.00,80.00,0,0.010000,0,0
3387,2,89.00,8.00,1,0.010000,0,0
3388,20,-20.00,80.00,0,0.010000,0,20
3389,20,-60.00,161.00,0,0.010000,1,18
3390,20,-20.00,80.00,0,0.010000,0,7
3391,20,-20.00,80.00,0,0.010000,0,0
3392,20,126.00,-69.00,0,0.010000,1,0
3393,20,-40.00,80.00,0,0.010000,2,0
3394,20,-30.00,80.00,0,0.010000,1,0
3395,20,-30.00,80.00,0,0.010000,1,20
3396,20,-20.00,80.00,0,0.010000,0,0
3397,2,89.00,8.00,1,0.010000,0,0
3398,20,-20.00,80.00,0,0.010000,0,20
3399,20,-60.00,161.00,0,0.010000,1,18
3400,20,-20.00,80.00,0,0.010000,0,7
3401,20,-20.00,80.00,0,0.010000,0,1
3402,20,126.00,-69.00,0,0.010000,1,0
3403,20,-40.00,80.00,0,0.010000,2,0
3404,20,-30.00,80.00,0,0.010000,1,0
3405,20,-20.00,80.00,0,0.010000,0,20
3406,20,-20.00,80.00,0,0.010000,0,0
3407,2,89.00,8.00,1,0.010000,0,0
3408,20,-20.00,80.00,0,0.010000,0,20
3409,20,-60.00,161.00,0,0.010000,1,18
3410,20,-20.00,80.00,0,0.010000,0,6
3411,20,-25.00,80.00,0,0.010000,0,1
3412,20,126.00,-74.00,0,0.010000,1,1
3413,20,-40.00,80.00,0,0.010000,2,0
3414,20,-30.00,80.00,0,0.010000,1,0
3415,20,-20.00,80.00,0,0.010000,0,20
3416,20,-20.00,80.00,0,0.010000,0,0
3417,2,89.00,8.00,1,0.010000,0,0
3418,20,-20.00,80.00,0,0.010000,0,20
3419,20,-60.00,161.00,0,0.010000,1,18
3420,20,-20.00,80.00,0,0.010000,0,7
3421,20,-20.00,80.00,0,0.010000,0,0
3422,20,126.00,-69.00,0,0.010000,1,0
3423,20,-40.00,80.00,0,0.010000,2,0
3424,20,-30.00,80.00,0,0.010000,1,0
3425,20,-20.00,80.00,0,0.010000,0,20
3426,20,-20.00,80.00,0,0.010000,0,0
3427,2,89.00,8.00,1,0.010000,0,0
3428,20,-20.00,80.00,0,0.010000,0,20
3429,20,-60.00,161.00,0,0.010000,1,18
3430,20,-30.00,80.00,0,0.010000,1,8
3431,20,-20.00,80.00,0,0.010000,0,0
3432,20,126.00,-89.00,0,0.010000,3,0
3433,20,-40.00,80.00,0,0.010000,2,0
3434,20,-30.00,80.00,0,0.010000,1,0
3435,20,-20.00,80.00,0,0.010000,0,20
3436,20,-20.00,80.00,0,0.010000,0,0
3437,2,89.00,8.00,1,0.010000,0,0
3438,20,-20.00,80.00,0,0.010000,0,20
3439,20,-60.00,161.00,0,0.010000,1,18
3440,20,-20.00,80.00,0,0.010000,0,6
3441,20,-20.00,80.00,0,0.010000,0,0
3442,20,126.00,-69.00,0,0.010000,1,0
3443,20,-40.00,80.00,0,0.010000,2,0
3444,20,-50.00,72.00,0,0.010000,3,0
3445,20,-6.00,32.00,0,0.010000,3,16
3446,20,-20.00,80.00,0,0.010000,0,0
3447,2,89.00,8.00,1,0.010000,0,0
3448,20,-20.00,80.00,0,0.010000,0,20
3449,20,-60.00,161.00,0,0.010000,1,18
3450,20,-20.00,80.00,0,0.010000,0,7
3451,20,-20.00,80.00,0,0.010000,0,0
3452,20,126.00,-69.00,0,0.010000,1,0
3453,20,-40.00,80.00,0,0.010000,2,0
3454,20,-35.00,80.00,0,0.010000,1,1
3455,20,-20.00,80.00,0,0.010000,0,20
3456,20,-30.00,80.00,0,0.010000,1,1
3457,2,89.00,8.00,1,0.010000,0,0
3458,20,-20.00,80.00,0,0.010000,0,20
3459,20,-70.00,161.00,0,0.010000,2,18
3460,20,-30.00,80.00,0,0.010000,1,8
3461,20,-20.00,80.00,0,0.010000,0,0
3462,20,126.00,-69.00,0,0.010000,1,0
3463,20,-40.00,80.00,0,0.010000,2,0
3464,20,-30.00,80.00,0,0.010000,1,0
3465,20,-25.00,80.00,0,0.010000,0,20
3466,20,-20.00,80.00,0,0.010000,0,0
3467,2,89.00,8.00,1,0.010000,0,0
3468,20,-20.00,80.00,0,0.010000,0,20
3469,20,-60.00,161.00,0,0.010000,1,18
3470,20,-20.00,80.00,0,0.010000,0,6
3471,20,-20.00,80.00,0,0.010000,0,0
3472,20,126.00,-69.00,0,0.010000,1,0
3473,20,-40.00,80.00,0,0.010000,2,0
3474,20,-30.00,80.00,0,0.010000,1,0
3475,20,-20.00,80.00,0,0.010000,0,20
3476,20,-20.00,80.00,0,0.010000,0,0
3477,2,89.00,8.00,1,0.010000,0,0
3478,20,-20.00,80.00,0,0.010000,0,20
3479,20,-60.00,161.00,0,0.010000,1,18
3480,20,-30.00,80.00,0,0.010000,1,8
3481,20,-65.00,80.00,0,0.010000,1,7
3482,20,126.00,-69.00,0,0.010000,1,0
3483,20,-40.00,80.00,0,0.010000,2,0
3484,20,-30.00,80.00,0,0.010000,1,0
3485,20,-20.00,80.00,0,0.010000,0,20
3486,20,-20.00,80.00,0,0.010000,0,0
3487,2,89.00,8.00,1,0.010000,0,0
3488,20,-20.00,80.00,0,0.010000,0,20
3489,20,-60.00,161.00,0,0.010000,1,18
3490,20,-20.00,80.00,0,0.010000,0,6
3491,20,-30.00,80.00,0,0.010000,1,1
3492,20,126.00,-69.00,0,0.010000,1,0
3493,20,-55.00,80.00,0,0.010000,3,2
3494,20,-30.00,80.00,0,0.010000,1,0
3495,20,-20.00,80.00,0,0.010000,0,20
3496,20,-20.00,80.00,0,0.010000,0,0
3497,2,89.00,8.00,1,0.010000,0,0
3498,20,-20.00,80.00,0,0.010000,0,20
3499,20,-60.00,161.00,0,0.010000,1,18
3500,20,-20.00,80.00,0,0.010000,0,7
3501,20,-20.00,80.00,0,0.010000,0,0
3502,20,126.00,-69.00,0,0.010000,1,0
3503,20,-40.00,80.00,0,0.010000,2,0
3504,20,-30.00,80.00,0,0.010000,1,0
3505,20,-20.00,80.00,0,0.010000,0,20
3506,20,-20.00,80.00,0,0.010000,0,0
3507,2,89.00,8.00,1,0.010000,0,0
3508,20,-20.00,80.00,0,0.010000,0,20
3509,20,-65.00,161.00,0,0.010000,1,18
3510,20,-20.00,80.00,0,0.010000,0,7
3511,20,-30.00,80.00,0,0.010000,1,1
3512,20,126.00,-69.00,0,0.010000,1,0
3513,20,-40.00,80.00,0,0.010000,2,1
3514,20,-30.00,80.00,0,0.010000,1,0
3515,20,-20.00,80.00,0,0.010000,0,20
3516,20,-20.00,80.00,0,0.010000,0,0
3517,2,89.00,8.00,1,0.010000,0,0
3518,20,-20.00,80.00,0,0.010000,0,20
3519,20,-58.00,153.00,0,0.010000,3,16
3520,20,-20.00,80.00,0,0.010000,0,7
3521,20,-20.00,80.00,0,0.010000,0,0
3522,20,126.00,-69.00,0,0.010000,1,0
3523,20,-40.00,80.00,0,0.010000,2,0
3524,20,-30.00,80.00,0,0.010000,1,0
3525,20,-20.00,80.00,0,0.010000,0,20
3526,20,-20.00,80.00,0,0.010000,0,0
3527,2,89.00,8.00,1,0.010000,0,0
3528,20,-20.00,80.00,0,0.010000,0,20
3529,20,-60.00,161.00,0,0.010000,1,18
3530,20,-20.00,80.00,0,0.010000,0,6
3531,20,-25.00,80.00,0,0.010000,0,1
3532,20,118.00,-69.00,0,0.010000,3,0
3533,20,-40.00,80.00,0,0.010000,2,0
3534,20,-30.00,80.00,0,0.010000,1,0
3535,20,-20.00,80.00,0,0.010000,0,20
3536,20,-20.00,80.00,0,0.010000,0,0
3537,2,89.00,8.00,1,0.010000,0,0
3538,20,-20.00,80.00,0,0.010000,0,20
3539,20,-60.00,161.00,0,0.010000,1,18
3540,20,-20.00,80.00,0,0.010000,0,7
3541,20,-20.00,80.00,0,0.010000,0,0
3542,20,126.00,-79.00,0,0.010000,2,1
3543,20,-40.00,80.00,0,0.010000,2,0
3544,20,-30.00,80.00,0,0.010000,1,0
3545,20,-20.00,80.00,0,0.010000,0,20
3546,20,-20.00,80.00,0,0.010000,0,0
3547,2,89.00,8.00,1,0.010000,0,0
3548,20,-20.00,80.00,0,0.010000,0,20
3549,20,-60.00,161.00,0,0.010000,1,18
3550,20,-20.00,80.00,0,0.010000,0,7
3551,20,-20.00,80.00,0,0.010000,0,0
3552,20,126.00,-69.00,0,0.010000,1,0
3553,20,-40.00,80.00,0,0.010000,2,0
3554,20,-40.00,80.00,0,0.010000,2,1
3555,20,-20.00,80.00,0,0.010000,0,20
3556,20,-20.00,80.00,0,0.010000,0,0
3557,2,89.00,8.00,1,0.010000,0,0
3558,20,-20.00,80.00,0,0.010000,0,20
3559,20,-60.00,161.00,0,0.010000,1,18
3560,20,-20.00,80.00,0,0.010000,0,7
3561,20,-55.00,80.00,0,0.010000,2,3
3562,20,126.00,-69.00,0,0.010000,1,0
3563,20,-40.00,80.00,0,0.010000,2,0
3564,20,-30.00,80.00,0,0.010000,1,0
3565,20,-20.00,80.00,0,0.010000,0,20
3566,20,-20.00,80.00,0,0.010000,0,0
3567,2,89.00,8.00,1,0.010000,0,0
3568,20,-20.00,80.00,0,0.010000,0,20
3569,20,-65.00,161.00,0,0.010000,1,18
3570,20,-20.00,80.00,0,0.010000,0,6
3571,20,-20.00,80.00,0,0.010000,0,0
3572,20,126.00,-69.00,0,0.010000,1,0
3573,20,-40.00,80.00,0,0.010000,2,0
3574,20,-30.00,80.00,0,0.010000,1,0
3575,20,-13.00,1.00,0,0.010000,2,18
3576,20,-20.00,80.00,0,0.010000,0,0
3577,2,89.00,8.00,1,0.010000,0,0
3578,20,-20.00,80.00,0,0.010000,0,20
3579,20,-60.00,161.00,0,0.010000,1,18
3580,20,-20.00,80.00,0,0.010000,0,7
3581,20,-25.00,80.00,0,0.010000,0,1
3582,20,126.00,-69.00,0,0.010000,1,0
3583,20,-60.00,80.00,0,0.010000,4,0
3584,20,-30.00,80.00,0,0.010000,1,0
3585,20,-18.00,72.00,0,0.010000,2,18
3586,20,-20.00,80.00,0,0.010000,0,0
3587,2,89.00,8.00,1,0.010000,0,0
3588,20,-20.00,80.00,0,0.010000,0,20
3589,20,-60.00,161.00,0,0.010000,1,18
3590,20,-20.00,80.00,0,0.010000,0,7
3591,20,-40.00,80.00,0,0.010000,2,0
3592,20,126.00,-69.00,0,0.010000,1,0
3593,20,-40.00,80.00,0,0.010000,2,0
3594,20,-30.00,80.00,0,0.010000,1,0
3595,20,-20.00,80.00,0,0.010000,0,20
3596,20,-20.00,80.00,0,0.010000,0,0
3597,2,89.00,8.00,1,0.010000,0,0
3598,20,-20.00,80.00,0,0.010000,0,20
3599,20,-60.00,161.00,0,0.010000,1,18
3600,20,-20.00,80.00,0,0.010000,0,7
3601,20,-20.00,80.00,0,0.010000,0,0
3602,20,126.00,-79.00,0,0.010000,2,1
3603,20,-40.00,80.00,0,0.010000,2,0
3604,20,-30.00,80.00,0,0.010000,1,0
3605,20,-20.00,80.00,0,0.010000,0,20
3606,20,-25.00,80.00,0,0.010000,0,1
3607,2,89.00,8.00,1,0.010000,0,0
3608,20,-20.00,80.00,0,0.010000,0,20
3609,20,-60.00,161.00,0,0.010000,1,18
3610,20,-20.00,80.00,0,0.010000,0,6
3611,20,-20.00,80.00,0,0.010000,0,0
3612,20,126.00,-69.00,0,0.010000,1,0
3613,20,-40.00,80.00,0,0.010000,2,0
3614,20,-30.00,80.00,0,0.010000,1,0
3615,20,-20.00,80.00,0,0.010000,0,20
3616,20,-20.00,80.00,0,0.010000,0,0
3617,2,89.00,8.00,1,0.010000,0,0
3618,20,-30.00,80.00,0,0.010000,1,20
3619,20,-68.00,153.00,0,0.010000,4,16
3620,20,-20.00,80.00,0,0.010000,0,7
3621,20,-20.00,80.00,0,0.010000,0,0
3622,20,126.00,-69.00,0,0.010000,1,0
3623,20,-40.00,80.00,0,0.010000,2,0
3624,20,-30.00,80.00,0,0.010000,1,0
3625,20,-20.00,80.00,0,0.010000,0,20
3626,20,-20.00,80.00,0,0.010000,0,0
3627,2,89.00,8.00,1,0.010000,0,0
3628,20,-20.00,80.00,0,0.010000,0,20
3629,20,-60.00,161.00,0,0.010000,1,18
3630,20,-20.00,80.00,0,0.010000,0,7
3631,20,-20.00,80.00,0,0.010000,0,0
3632,20,126.00,-69.00,0,0.010000,1,0
3633,20,-40.00,80.00,0,0.010000,2,0
3634,20,-30.00,80.00,0,0.010000,1,0
3635,20,-20.00,80.00,0,0.010000,0,20
3636,20,-20.00,80.00,0,0.010000,0,0
3637,2,89.00,8.00,1,0.010000,0,0
3638,20,-25.00,80.00,0,0.010000,0,20
3639,20,-60.00,161.00,0,0.010000,1,18
3640,20,-20.00,80.00,0,0.010000,0,7
3641,20,-20.00,80.00,0,0.010000,0,0
3642,20,126.00,-69.00,0,0.010000,1,0
3643,20,-40.00,80.00,0,0.010000,2,0
3644,20,-30.00,80.00,0,0.010000,1,0
3645,20,-20.00,80.00,0,0.010000,0,20
3646,20,-20.00,80.00,0,0.010000,0,0
3647,2,89.00,8.00,1,0.010000,0,0
3648,20,-20.00,80.00,0,0.010000,0,20
3649,20,-60.00,161.00,0,0.010000,1,18
3650,20,-20.00,80.00,0,0.010000,0,6
3651,20,-20.00,80.00,0,0.010000,0,0
3652,20,126.00,-69.00,0,0.010000,1,0
3653,20,-40.00,80.00,0,0.010000,2,0
3654,20,-30.00,80.00,0,0.010000,1,0
3655,20,-20.00,80.00,0,0.010000,0,20
3656,20,-40.00,80.00,0,0.010000,2,0
3657,2,89.00,8.00,1,0.010000,0,0
3658,20,-20.00,80.00,0,0.010000,0,20
3659,20,-60.00,161.00,0,0.010000,1,18
3660,20,-20.00,80.00,0,0.010000,0,7
3661,20,-20.00,80.00,0,0.010000,0,0
3662,20,126.00,-69.00,0,0.010000,1,0
3663,20,-40.00,80.00,0,0.010000,2,0
3664,20,-40.00,80.00,0,0.010000,2,1
3665,20,-20.00,80.00,0,0.010000,0,20
3666,20,-25.00,80.00,0,0.010000,0,1
3667,2,89.00,8.00,1,0.010000,0,0
3668,20,-20.00,80.00,0,0.010000,0,20
3669,20,-60.00,161.00,0,0.010000,1,18
3670,20,-30.00,80.00,0,0.010000,1,8
3671,20,-20.00,80.00,0,0.010000,0,0
3672,20,126.00,-69.00,0,0.010000,1,0
3673,20,-40.00,80.00,0,0.010000,2,0
3674,20,-30.00,80.00,0,0.010000,1,0
3675,20,-20.00,80.00,0,0.010000,0,20
3676,20,-20.00,80.00,0,0.010000,0,0
3677,2,89.00,8.00,1,0.010000,0,0
3678,20,-20.00,80.00,0,0.010000,0,20
3679,20,-60.00,161.00,0,0.010000,1,18
3680,20,-20.00,80.00,0,0.010000,0,7
3681,20,-20.00,80.00,0,0.010000,0,0
3682,20,126.00,-89.00,0,0.010000,3,0
3683,20,-40.00,80.00,0,0.010000,2,0
3684,20,-30.00,80.00,0,0.010000,1,0
3685,20,-20.00,80.00,0,0.010000,0,20
3686,20,-20.00,80.00,0,0.010000,0,0
3687,2,89.00,8.00,1,0.010000,0,0
3688,20,-20.00,80.00,0,0.010000,0,20
3689,20,-60.00,151.00,0,0.010000,2,16
3690,20,-20.00,80.00,0,0.010000,0,7
3691,20,-20.00,80.00,0,0.010000,0,0
3692,20,126.00,-69.00,0,0.010000,1,0
3693,20,-40.00,80.00,0,0.010000,2,0
3694,20,-30.00,80.00,0,0.010000,1,0
3695,20,-20.00,80.00,0,0.010000,0,20
3696,20,-20.00,80.00,0,0.010000,0,1
3697,2,89.00,8.00,1,0.010000,0,0
3698,20,-20.00,80.00,0,0.010000,0,20
3699,20,-60.00,161.00,0,0.010000,1,18
3700,20,-20.00,80.00,0,0.010000,0,6
3701,20,-20.00,80.00,0,0.010000,0,0
3702,20,126.00,-69.00,0,0.010000,1,0
3703,20,-40.00,80.00,0,0.010000,2,0
3704,20,-50.00,72.00,0,0.010000,3,0
3705,20,-20.00,80.00,0,0.010000,0,20
3706,20,-20.00,80.00,0,0.010000,0,0
3707,2,89.00,8.00,1,0.010000,0,0
3708,20,-20.00,80.00,0,0.010000,0,20
3709,20,-60.00,161.00,0,0.010000,1,18
3710,20,-20.00,80.00,0,0.010000,0,7
3711,20,-20.00,80.00,0,0.010000,0,0
3712,20,126.00,-69.00,0,0.010000,1,0
3713,20,-40.00,80.00,0,0.010000,2,0
3714,20,-30.00,80.00,0,0.010000,1,0
3715,20,-20.00,80.00,0,0.010000,0,20
3716,20,-30.00,80.00,0,0.010000,1,1
3717,2,89.00,8.00,1,0.010000,0,0
3718,20,-20.00,80.00,0,0.010000,0,20
3719,20,-60.00,153.00,0,0.010000,3,16
3720,20,-20.00,80.00,0,0.010000,0,7
3721,20,-30.00,80.00,0,0.010000,1,1
3722,20,126.00,-69.00,0,0.010000,1,0
3723,20,-40.00,80.00,0,0.010000,2,0
3724,20,-30.00,80.00,0,0.010000,1,0
3725,20,-18.00,72.00,0,0.010000,2,18
3726,20,-20.00,80.00,0,0.010000,0,1
3727,2,89.00,8.00,1,0.010000,0,0
3728,20,-20.00,80.00,0,0.010000,0,20
3729,20,-60.00,161.00,0,0.010000,1,18
3730,20,-20.00,80.00,0,0.010000,0,7
3731,20,-20.00,80.00,0,0.010000,0,0
3732,20,126.00,-69.00,0,0.010000,1,0
3733,20,-40.00,80.00,0,0.010000,2,0
3734,20,-30.00,80.00,0,0.010000,1,0
3735,20,-20.00,80.00,0,0.010000,0,20
3736,20,-20.00,80.00,0,0.010000,0,0
3737,2,89.00,8.00,1,0.010000,0,0
3738,20,-20.00,80.00,0,0.010000,0,20
3739,20,-60.00,161.00,0,0.010000,1,18
3740,20,-20.00,80.00,0,0.010000,0,6
3741,20,-20.00,80.00,0,0.010000,0,0
3742,20,126.00,-74.00,0,0.010000,1,2
3743,20,-40.00,80.00,0,0.010000,2,0
3744,20,-30.00,80.00,0,0.010000,1,0
3745,20,-20.00,80.00,0,0.010000,0,20
3746,20,-20.00,80.00,0,0.010000,0,0
3747,2,89.00,8.00,1,0.010000,0,0
3748,20,-20.00,80.00,0,0.010000,0,20
3749,20,-60.00,161.00,0,0.010000,1,18
3750,20,-30.00,80.00,0,0.010000,1,8
3751,20,-20.00,80.00,0,0.010000,0,0
3752,20,126.00,-69.00,0,0.010000,1,0
3753,20,-40.00,80.00,0,0.010000,2,0
3754,20,-30.00,80.00,0,0.010000,1,0
3755,20,-20.00,80.00,0,0.010000,0,20
3756,20,-30.00,80.00,0,0.010000,1,0
3757,2,89.00,8.00,1,0.010000,0,0
3758,20,-20.00,80.00,0,0.010000,0,20
3759,20,-60.00,161.00,0,0.010000,1,18
3760,20,-20.00,80.00,0,0.010000,0,6
3761,20,-20.00,80.00,0,0.010000,0,0
3762,20,126.00,-69.00,0,0.010000,1,0
3763,20,-40.00,80.00,0,0.010000,2,0
3764,20,-30.00,80.00,0,0.010000,1,0
3765,20,-20.00,80.00,0,0.010000,0,20
3766,20,-20.00,80.00,0,0.010000,0,0
3767,2,89.00,8.00,1,0.010000,0,0
3768,20,-20.00,80.00,0,0.010000,0,20
3769,20,-60.00,161.00,0,0.010000,1,18
3770,20,-20.00,80.00,0,0.010000,0,8
3771,20,-20.00,80.00,0,0.010000,0,0
3772,20,126.00,-69.00,0,0.010000,1,0
3773,20,-40.00,80.00,0,0.010000,2,0
3774,20,-30.00,80.00,0,0.010000,1,0
3775,20,-20.00,80.00,0,0.010000,0,20
3776,20,-20.00,80.00,0,0.010000,0,0
3777,2,89.00,8.00,1,0.010000,0,0
3778,20,-20.00,80.00,0,0.010000,0,20
3779,20,-60.00,161.00,0,0.010000,1,18
3780,20,-20.00,80.00,0,0.010000,0,6
3781,20,-20.00,80.00,0,0.010000,0,0
3782,20,126.00,-69.00,0,0.010000,1,1
3783,20,-40.00,80.00,0,0.010000,2,0
3784,20,-30.00,80.00,0,0.010000,1,0
3785,20,-8.00,62.00,0,0.010000,3,16
3786,20,-20.00,80.00,0,0.010000,0,0
3787,2,89.00,8.00,1,0.010000,0,0
3788,20,-20.00,80.00,0,0.010000,0,20
3789,20,-60.00,161.00,0,0.010000,1,18
3790,20,-20.00,80.00,0,0.010000,0,7
3791,20,-40.00,80.00,0,0.010000,2,0
3792,20,126.00,-69.00,0,0.010000,1,0
3793,20,-40.00,80.00,0,0.010000,2,0
3794,20,-50.00,57.00,0,0.010000,4,0
3795,20,-20.00,80.00,0,0.010000,0,20
3796,20,-40.00,80.00,0,0.010000,2,0
3797,2,89.00,8.00,1,0.010000,0,0
3798,20,-30.00,80.00,0,0.010000,1,20
3799,20,-60.00,161.00,0,0.010000,1,18
3800,20,-20.00,80.00,0,0.010000,0,7
3801,20,-20.00,80.00,0,0.010000,0,0
3802,20,118.00,-67.00,0,0.010000,3,0
3803,20,-40.00,80.00,0,0.010000,2,0
3804,20,-30.00,80.00,0,0.010000,1,0
3805,20,-20.00,80.00,0,0.010000,0,20
3806,20,-40.00,80.00,0,0.010000,2,0
3807,2,89.00,8.00,1,0.010000,0,0
3808,20,-20.00,80.00,0,0.010000,0,20
3809,20,-60.00,161.00,0,0.010000,1,18
3810,20,-20.00,80.00,0,0.010000,0,7
3811,20,-20.00,80.00,0,0.010000,0,0
3812,20,118.00,-69.00,0,0.010000,3,0
3813,20,-40.00,80.00,0,0.010000,2,0
3814,20,-30.00,80.00,0,0.010000,1,0
3815,20,-20.00,80.00,0,0.010000,0,20
3816,20,-20.00,80.00,0,0.010000,0,0
3817,2,89.00,8.00,1,0.010000,0,0
3818,20,-20.00,80.00,0,0.010000,0,20
3819,20,-60.00,161.00,0,0.010000,1,18
3820,20,-20.00,80.00,0,0.010000,0,6
3821,20,-20.00,80.00,0,0.010000,0,0
3822,20,126.00,-69.00,0,0.010000,1,1
3823,20,-40.00,80.00,0,0.010000,2,0
3824,20,-30.00,80.00,0,0.010000,1,0
3825,20,-20.00,80.00,0,0.010000,0,20
3826,20,-20.00,80.00,0,0.010000,0,0
3827,2,89.00,8.00,1,0.010000,0,0
3828,20,-20.00,80.00,0,0.010000,0,20
3829,20,-60.00,161.00,0,0.010000,1,18
3830,20,-20.00,80.00,0,0.010000,0,7
3831,20,-20.00,80.00,0,0.010000,0,0
3832,20,126.00,-69.00,0,0.010000,1,0
3833,20,-60.00,80.00,0,0.010000,4,0
3834,20,-35.00,80.00,0,0.010000,1,1
3835,20,-20.00,80.00,0,0.010000,0,20
3836,20,-25.00,80.00,0,0.010000,0,1
3837,2,89.00,8.00,1,0.010000,0,0
3838,20,-20.00,80.00,0,0.010000,0,20
3839,20,-60.00,161.00,0,0.010000,1,18
3840,20,-20.00,80.00,0,0.010000,0,7
3841,20,-20.00,80.00,0,0.010000,0,0
3842,20,126.00,-69.00,0,0.010000,1,0
3843,20,-40.00,80.00,0,0.010000,2,0
3844,20,-30.00,80.00,0,0.010000,1,0
3845,20,-20.00,80.00,0,0.010000,0,20
3846,20,-20.00,80.00,0,0.010000,0,0
3847,2,89.00,8.00,1,0.010000,0,0
3848,20,-20.00,80.00,0,0.010000,0,20
3849,20,-60.00,161.00,0,0.010000,1,18
3850,20,-20.00,80.00,0,0.010000,0,7
3851,20,-40.00,80.00,0,0.010000,2,0
3852,20,126.00,-69.00,0,0.010000,1,0
3853,20,-40.00,80.00,0,0.010000,2,1
3854,20,-30.00,80.00,0,0.010000,1,0
3855,20,-20.00,80.00,0,0.010000,0,20
3856,20,-20.00,80.00,0,0.010000,0,0
3857,2,89.00,8.00,1,0.010000,0,0
3858,20,-20.00,72.00,0,0.010000,2,18
3859,20,-60.00,161.00,0,0.010000,1,18
3860,20,-30.00,80.00,0,0.010000,1,7
3861,20,-20.00,80.00,0,0.010000,0,0
3862,20,126.00,-69.00,0,0.010000,1,0
3863,20,-40.00,80.00,0,0.010000,2,0
3864,20,-30.00,80.00,0,0.010000,1,0
3865,20,-20.00,80.00,0,0.010000,0,20
3866,20,-20.00,80.00,0,0.010000,0,0
3867,2,89.00,8.00,1,0.010000,0,0
3868,20,-20.00,80.00,0,0.010000,0,20
3869,20,-60.00,161.00,0,0.010000,1,18
3870,20,-20.00,80.00,0,0.010000,0,7
3871,20,-20.00,80.00,0,0.010000,0,0
3872,20,126.00,-69.00,0,0.010000,1,0
3873,20,-40.00,80.00,0,0.010000,2,0
3874,20,-30.00,80.00,0,0.010000,1,0
3875,20,-20.00,80.00,0,0.010000,0,20
3876,20,-30.00,80.00,0,0.010000,1,1
3877,3,78.00,12.00,1,0.010000,1,1
3878,20,-20.00,80.00,0,0.010000,0,20
3879,20,-60.00,161.00,0,0.010000,1,18
3880,20,-20.00,80.00,0,0.010000,0,6
3881,20,-20.00,80.00,0,0.010000,0,0
3882,20,126.00,-79.00,0,0.010000,2,1
3883,20,-40.00,80.00,0,0.010000,2,0
3884,20,-30.00,80.00,0,0.010000,1,0
3885,20,-20.00,80.00,0,0.010000,0,20
3886,20,-20.00,80.00,0,0.010000,0,0
3887,2,89.00,8.00,1,0.010000,0,0
3888,20,-20.00,80.00,0,0.010000,0,20
3889,20,-60.00,161.00,0,0.010000,1,18
3890,20,-20.00,80.00,0,0.010000,0,8
3891,20,-20.00,80.00,0,0.010000,0,0
3892,20,126.00,-69.00,0,0.010000,1,0
3893,20,-40.00,80.00,0,0.010000,2,0
3894,20,-30.00,80.00,0,0.010000,1,0
3895,20,-30.00,80.00,0,0.010000,1,20
3896,20,-20.00,80.00,0,0.010000,0,0
3897,2,89.00,8.00,1,0.010000,0,0
3898,20,-20.00,80.00,0,0.010000,0,20
3899,20,-60.00,161.00,0,0.010000,1,18
3900,20,-20.00,80.00,0,0.010000,0,7
3901,20,-20.00,80.00,0,0.010000,0,0
3902,20,126.00,-69.00,0,0.010000,1,0
3903,20,-45.00,80.00,0,0.010000,2,1
3904,20,-30.00,80.00,0,0.010000,1,0
3905,20,-20.00,80.00,0,0.010000,0,20
3906,20,-25.00,80.00,0,0.010000,0,1
3907,2,89.00,8.00,1,0.010000,0,0
3908,20,-20.00,80.00,0,0.010000,0,20
3909,20,-60.00,161.00,0,0.010000,1,18
3910,20,-20.00,80.00,0,0.010000,0,6
3911,20,-20.00,80.00,0,0.010000,0,1
3912,20,126.00,-69.00,0,0.010000,1,0
3913,20,-40.00,80.00,0,0.010000,2,0
3914,20,-30.00,80.00,0,0.010000,1,0
3915,20,-30.00,80.00,0,0.010000,1,20
3916,20,-20.00,80.00,0,0.010000,0,0
3917,2,89.00,8.00,1,0.010000,0,0
3918,20,-20.00,80.00,0,0.010000,0,20
3919,20,-60.00,161.00,0,0.010000,1,18
3920,20,-30.00,80.00,0,0.010000,1,8
3921,20,-20.00,80.00,0,0.010000,0,0
3922,20,126.00,-69.00,0,0.010000,1,0
3923,20,-40.00,80.00,0,0.010000,2,0
3924,20,-30.00,80.00,0,0.010000,1,0
3925,20,-20.00,80.00,0,0.010000,0,20
3926,20,-20.00,80.00,0,0.010000,0,0
3927,2,89.00,8.00,1,0.010000,0,0
3928,20,-20.00,80.00,0,0.010000,0,20
3929,20,-60.00,161.00,0,0.010000,1,18
3930,20,-20.00,80.00,0,0.010000,0,7
3931,20,-20.00,80.00,0,0.010000,0,0
3932,20,126.00,-69.00,0,0.010000,1,0
3933,20,-40.00,80.00,0,0.010000,2,0
3934,20,-30.00,80.00,0,0.010000,1,1
3935,20,-20.00,80.00,0,0.010000,0,20
3936,20,-25.00,80.00,0,0.010000,0,1
3937,2,89.00,8.00,1,0.010000,0,0
3938,20,-20.00,80.00,0,0.010000,0,20
3939,20,-60.00,161.00,0,0.010000,1,18
3940,20,-20.00,80.00,0,0.010000,0,7
3941,20,-20.00,80.00,0,0.010000,0,0
3942,20,126.00,-74.00,0,0.010000,1,1
3943,20,-40.00,80.00,0,0.010000,2,0
3944,20,-35.00,80.00,0,0.010000,1,2
3945,20,-20.00,80.00,0,0.010000,0,20
3946,20,-20.00,80.00,0,0.010000,0,0
3947,2,89.00,8.00,1,0.010000,0,0
3948,20,-20.00,80.00,0,0.010000,0,20
3949,20,-60.00,153.00,0,0.010000,3,16
3950,20,-20.00,80.00,0,0.010000,0,7
3951,20,-20.00,80.00,0,0.010000,0,0
3952,20,126.00,-69.00,0,0.010000,1,0
3953,20,-40.00,80.00,0,0.010000,2,0
3954,20,-30.00,80.00,0,0.010000,1,0
3955,20,-20.00,80.00,0,0.010000,0,20
3956,20,-20.00,80.00,0,0.010000,0,0
3957,2,89.00,8.00,1,0.010000,0,0
3958,20,-20.00,72.00,0,0.010000,2,18
3959,20,-60.00,161.00,0,0.010000,1,18
3960,20,-20.00,80.00,0,0.010000,0,6
3961,20,-20.00,80.00,0,0.010000,0,0
3962,20,126.00,-69.00,0,0.010000,1,0
3963,20,-40.00,80.00,0,0.010000,2,0
3964,20,-30.00,80.00,0,0.010000,1,0
3965,20,-20.00,80.00,0,0.010000,0,20
3966,20,-20.00,80.00,0,0.010000,0,0
3967,2,89.00,8.00,1,0.010000,0,0
3968,20,-20.00,80.00,0,0.010000,0,20
3969,20,-60.00,161.00,0,0.010000,1,18
3970,20,-20.00,80.00,0,0.010000,0,7
3971,20,-20.00,80.00,0,0.010000,0,0
3972,20,126.00,-69.00,0,0.010000,1,0
3973,20,-40.00,80.00,0,0.010000,2,0
3974,20,-30.00,80.00,0,0.010000,1,0
3975,20,-20.00,80.00,0,0.010000,0,20
3976,20,-20.00,80.00,0,0.010000,0,0
3977,2,89.00,8.00,1,0.010000,0,0
3978,20,-20.00,72.00,0,0.010000,2,18
3979,20,-60.00,161.00,0,0.010000,1,18
3980,20,-20.00,80.00,0,0.010000,0,7
3981,20,-20.00,80.00,0,0.010000,0,1
3982,20,126.00,-69.00,0,0.010000,1,0
3983,20,-40.00,80.00,0,0.010000,2,0
3984,20,-30.00,80.00,0,0.010000,1,0
3985,20,-20.00,80.00,0,0.010000,0,20
3986,20,-20.00,80.00,0,0.010000,0,0
3987,2,89.00,8.00,1,0.010000,0,0
3988,20,-20.00,80.00,0,0.010000,0,20
3989,20,-60.00,161.00,0,0.010000,1,18
3990,20,-20.00,80.00,0,0.010000,0,7
3991,20,-20.00,80.00,0,0.010000,0,0
3992,20,126.00,-69.00,0,0.010000,1,0
3993,20,-40.00,80.00,0,0.010000,2,0
3994,20,-35.00,80.00,0,0.010000,1,1
3995,20,-20.00,80.00,0,0.010000,0,20
3996,20,-20.00,80.00,0,0.010000,0,1
3997,2,89.00,8.00,1,0.010000,0,0
3998,20,-20.00,80.00,0,0.010000,0,20
3999,20,-70.00,161.00,0,0.010000,2,18

# Summary
# FirstGoalEpisode,0
# TotalGoalCount,402
# GoalRate_last100,0.10
