Episode,Steps,RewardZ1,RewardZ2,GoalReached,Epsilon,WastedByPenalty,WastedByNoEffect
0,20,-49.00,-129.00,0,0.300000,16,5
1,20,-116.00,-126.00,0,0.299100,16,8
2,20,-111.00,-141.00,0,0.298203,17,8
3,2,44.00,8.00,1,0.297308,0,1
4,20,-80.00,-180.00,0,0.296416,20,4
5,20,-14.00,-175.00,0,0.300000,19,8
6,20,-170.00,-127.00,0,0.299100,18,12
7,20,-41.00,-144.00,0,0.298203,11,14
8,20,-106.00,-86.00,0,0.297308,16,12
9,20,48.00,-25.00,0,0.296416,13,10
10,20,-158.00,-108.00,0,0.295527,15,14
11,20,-160.00,-130.00,0,0.294640,18,8
12,4,27.00,-12.00,1,0.293756,3,1
13,20,-75.00,-15.00,0,0.292875,13,10
14,20,-10.00,0.00,0,0.291997,10,5
15,20,-139.00,-150.00,0,0.291121,18,11
16,20,-33.00,15.00,0,0.290247,14,10
17,20,-2.00,-105.00,0,0.289376,13,12
18,20,25.00,-5.00,0,0.288508,12,5
19,20,-6.00,-64.00,0,0.287643,14,10
20,20,-110.00,20.00,0,0.286780,16,3
21,20,-180.00,-70.00,0,0.285920,18,10
22,1,50.00,50.00,1,0.285062,0,0
23,3,89.00,99.00,1,0.284207,1,1
24,20,-66.00,-4.00,0,0.300000,13,5
25,20,-145.00,-145.00,0,0.299100,17,9
26,20,-155.00,-75.00,0,0.298203,17,8
27,20,-130.00,-160.00,0,0.297308,18,12
28,20,49.00,39.00,0,0.296416,10,1
29,20,-150.00,-160.00,0,0.295527,18,11
30,20,-132.00,8.00,0,0.294640,17,4
31,20,-115.00,-165.00,0,0.293756,17,11
32,20,-150.00,-150.00,0,0.292875,16,11
33,20,-145.00,-155.00,0,0.291997,17,9
34,20,-70.00,20.00,0,0.291121,16,14
35,20,-125.00,-145.00,0,0.290247,15,13
36,20,-155.00,-3.00,0,0.289376,15,9
37,20,-84.00,-104.00,0,0.288508,16,7
38,18,78.00,98.00,1,0.287643,9,2
39,20,-140.00,-130.00,0,0.286780,16,10
40,20,-117.00,-27.00,0,0.285920,18,8
41,20,-155.00,-155.00,0,0.285062,19,9
42,0,0.00,0.00,1,0.284207,0,0
43,20,20.00,20.00,0,0.283354,9,5
44,20,-60.00,-70.00,0,0.282504,14,11
45,20,-140.00,-150.00,0,0.281656,18,10
46,20,-135.00,-13.00,0,0.280811,15,13
47,20,0.00,-30.00,0,0.279969,12,1
48,6,78.00,78.00,1,0.279129,3,2
49,20,-175.00,-135.00,0,0.278292,17,12
50,20,-137.00,33.00,0,0.277457,18,3
51,20,-165.00,-115.00,0,0.276624,17,11
52,20,-150.00,-110.00,0,0.275795,18,12
53,20,-59.00,-150.00,0,0.274967,16,11
54,20,-5.00,-5.00,0,0.274142,9,5
55,20,-155.00,-135.00,0,0.273320,15,12
56,20,-140.00,-30.00,0,0.272500,17,11
57,20,118.00,-2.00,0,0.271682,5,14
58,2,100.00,100.00,1,0.270867,0,0
59,20,-115.00,-165.00,0,0.270055,17,12
60,20,-87.00,-17.00,0,0.269245,16,8
61,20,-130.00,-130.00,0,0.268437,14,15
62,20,-80.00,-60.00,0,0.267632,14,6
63,20,-150.00,-140.00,0,0.266829,18,8
64,20,-40.00,20.00,0,0.266028,13,5
65,20,-120.00,-160.00,0,0.265230,18,11
66,20,-90.00,-20.00,0,0.264434,12,11
67,20,-115.00,-165.00,0,0.263641,17,10
68,11,89.00,89.00,1,0.262850,5,1
69,20,-135.00,-115.00,0,0.262062,15,12
70,20,-178.00,-38.00,0,0.261275,19,3
71,20,-145.00,-145.00,0,0.260492,17,12
72,0,0.00,0.00,1,0.259710,0,0
73,20,-130.00,-10.00,0,0.258931,15,10
74,20,-5.00,-5.00,0,0.258154,10,3
75,20,-135.00,-145.00,0,0.257380,17,11
76,20,-150.00,-49.00,0,0.256608,16,9
77,20,-68.00,-68.00,0,0.255838,11,3
78,13,99.00,89.00,1,0.255070,6,1
79,20,-125.00,-165.00,0,0.254305,19,9
80,20,-122.00,-2.00,0,0.253542,17,4
81,20,-125.00,-135.00,0,0.252781,15,13
82,0,0.00,0.00,1,0.252023,0,0
83,20,-82.00,90.00,0,0.251267,12,12
84,20,-40.00,-30.00,0,0.250513,14,8
85,20,-150.00,-120.00,0,0.249762,16,13
86,20,-70.00,-10.00,0,0.249012,12,6
87,20,-11.00,-61.00,0,0.248265,12,3
88,8,88.00,88.00,1,0.247521,4,2
89,20,-155.00,-145.00,0,0.246778,15,14
90,20,8.00,8.00,0,0.246038,12,3
91,20,-160.00,-140.00,0,0.245300,18,8
92,3,38.00,38.00,1,0.244564,0,2
93,20,-104.00,-94.00,0,0.243830,16,8
94,20,-129.00,1.00,0,0.243099,17,4
95,20,-140.00,-140.00,0,0.242369,18,10
96,20,-85.00,-5.00,0,0.241642,12,9
97,20,-145.00,-115.00,0,0.240917,17,10
98,12,78.00,78.00,1,0.240194,6,2
99,20,-150.00,-130.00,0,0.239474,18,12
100,20,-24.00,6.00,0,0.238755,13,4
101,20,-130.00,-140.00,0,0.238039,18,12
102,20,-130.00,-110.00,0,0.237325,16,12
103,4,77.00,88.00,1,0.236613,2,2
104,20,-55.00,-35.00,0,0.235903,13,12
105,20,-125.00,-165.00,0,0.235196,17,11
106,20,-110.00,44.00,0,0.234490,13,5
107,20,-54.00,-135.00,0,0.233786,14,15
108,17,89.00,89.00,1,0.233085,8,1
109,20,-125.00,-135.00,0,0.232386,17,10
110,20,-92.00,-62.00,0,0.231689,14,5
111,20,-120.00,-180.00,0,0.230994,18,12
112,20,-140.00,-140.00,0,0.230301,14,14
113,20,-120.00,-160.00,0,0.229610,16,9
114,20,-15.00,-5.00,0,0.228921,12,12
115,20,-150.00,-110.00,0,0.228234,16,13
116,20,-110.00,32.00,0,0.227549,13,7
117,20,-145.00,-165.00,0,0.226867,17,10
118,5,89.00,99.00,1,0.226186,2,1
119,20,-155.00,-135.00,0,0.225508,17,15
120,20,-43.00,-33.00,0,0.224831,16,6
121,20,-150.00,-120.00,0,0.224157,18,13
122,20,-135.00,-165.00,0,0.223484,17,11
123,20,-150.00,-150.00,0,0.222814,18,11
124,20,-35.00,-35.00,0,0.222145,12,5
125,20,-115.00,-135.00,0,0.221479,17,11
126,20,-60.00,50.00,0,0.220814,12,1
127,0,0.00,0.00,1,0.220152,0,0
128,6,100.00,100.00,1,0.219492,2,0
129,20,-150.00,-140.00,0,0.218833,16,9
130,20,-58.00,-18.00,0,0.218177,15,9
131,20,-155.00,-125.00,0,0.217522,17,10
132,20,-155.00,-115.00,0,0.216869,15,10
133,20,152.00,0.00,0,0.216219,6,10
134,20,0.00,0.00,0,0.215570,12,6
135,20,-125.00,-145.00,0,0.214923,17,11
136,20,-110.00,-58.00,0,0.214279,14,5
137,20,-74.00,-74.00,0,0.213636,18,12
138,2,100.00,100.00,1,0.212995,0,0
139,20,-135.00,-135.00,0,0.212356,17,10
140,20,-46.00,4.00,0,0.211719,14,5
141,20,-140.00,-150.00,0,0.211084,16,11
142,5,89.00,99.00,1,0.210450,2,1
143,0,0.00,0.00,1,0.209819,0,0
144,20,17.00,17.00,0,0.209190,10,8
145,20,-160.00,-130.00,0,0.208562,16,15
146,20,-85.00,-5.00,0,0.207936,13,6
147,20,-95.00,17.00,0,0.207313,14,6
148,20,-39.00,-29.00,0,0.206691,11,4
149,20,-130.00,-140.00,0,0.206071,18,13
150,20,-63.00,-13.00,0,0.205452,14,8
151,20,-150.00,-130.00,0,0.204836,18,9
152,20,-150.00,-140.00,0,0.204222,16,15
153,20,-114.00,-64.00,0,0.203609,15,10
154,20,10.00,10.00,0,0.202998,11,5
155,20,-140.00,-120.00,0,0.202389,16,11
156,20,-115.00,47.00,0,0.201782,14,3
157,20,13.00,153.00,0,0.201177,3,16
158,20,13.00,-7.00,0,0.200573,13,7
159,20,-140.00,-140.00,0,0.199971,16,12
160,20,-58.00,-18.00,0,0.199371,15,9
161,20,-130.00,-130.00,0,0.198773,16,11
162,0,0.00,0.00,1,0.198177,0,0
163,0,0.00,0.00,1,0.197582,0,0
164,20,16.00,26.00,0,0.196990,11,8
165,20,-135.00,-165.00,0,0.196399,19,10
166,20,-75.00,47.00,0,0.195809,12,3
167,20,-140.00,-170.00,0,0.195222,16,11
168,7,77.00,77.00,1,0.194636,4,3
169,20,-135.00,-135.00,0,0.194052,17,12
170,20,-40.00,-60.00,0,0.193470,14,9
171,20,-145.00,-125.00,0,0.192890,17,10
172,20,-135.00,-135.00,0,0.192311,17,11
173,20,-145.00,-145.00,0,0.191734,15,13
174,20,-54.00,-64.00,0,0.191159,14,8
175,20,-135.00,-145.00,0,0.190586,19,11
176,20,-125.00,66.00,0,0.190014,14,3
177,1,50.00,50.00,1,0.189444,0,0
178,3,89.00,99.00,1,0.188876,1,1
179,20,-125.00,-125.00,0,0.188309,17,9
180,20,-60.00,-30.00,0,0.187744,16,5
181,20,-115.00,-145.00,0,0.187181,17,13
182,7,54.00,4.00,1,0.186619,4,4
183,20,1.00,162.00,0,0.186059,2,18
184,20,11.00,11.00,0,0.185501,13,10
185,20,-140.00,-130.00,0,0.184945,16,10
186,20,-80.00,-50.00,0,0.184390,12,5
187,0,0.00,0.00,1,0.183837,0,0
188,2,100.00,100.00,1,0.183285,0,0
189,20,-155.00,-115.00,0,0.182735,15,13
190,20,-79.00,-59.00,0,0.182187,15,13
191,20,-125.00,-145.00,0,0.181641,17,11
192,20,-140.00,-140.00,0,0.181096,16,14
193,20,102.00,27.00,0,0.180552,4,13
194,20,-25.00,-35.00,0,0.180011,13,10
195,20,-145.00,-145.00,0,0.179471,17,12
196,20,-90.00,12.00,0,0.178932,14,2
197,20,-83.00,-135.00,0,0.178395,15,11
198,2,100.00,100.00,1,0.177860,0,0
199,20,-130.00,-150.00,0,0.177327,16,12
200,20,-45.00,-35.00,0,0.176795,15,8
201,20,-160.00,-130.00,0,0.176264,18,9
202,20,3.00,148.00,0,0.175735,4,16
203,20,183.00,13.00,0,0.175208,3,14
204,20,21.00,11.00,0,0.174683,12,3
205,20,-140.00,-120.00,0,0.174159,16,11
206,20,-95.00,49.00,0,0.173636,13,3
207,0,0.00,0.00,1,0.173115,0,0
208,2,100.00,100.00,1,0.172596,0,0
209,20,-115.00,-135.00,0,0.172078,17,11
210,20,-38.00,-38.00,0,0.171562,13,9
211,20,-130.00,-120.00,0,0.171047,16,14
212,20,-140.00,-130.00,0,0.170534,18,12
213,20,-135.00,-145.00,0,0.170022,17,10
214,20,31.00,31.00,0,0.169512,11,6
215,20,-120.00,-160.00,0,0.169004,16,13
216,20,-65.00,-5.00,0,0.168497,12,4
217,0,0.00,0.00,1,0.167991,0,0
218,2,100.00,100.00,1,0.167487,0,0
219,20,-145.00,-135.00,0,0.166985,17,12
220,20,-53.00,-33.00,0,0.166484,14,8
221,20,-140.00,-120.00,0,0.165984,18,9
222,20,-125.00,-135.00,0,0.165487,15,13
223,20,-160.00,-140.00,0,0.164990,17,12
224,20,26.00,46.00,0,0.164495,12,6
225,20,-135.00,-115.00,0,0.164002,17,12
226,20,-85.00,-5.00,0,0.163510,13,4
227,20,-59.00,-69.00,0,0.163019,13,5
228,2,100.00,100.00,1,0.162530,0,0
229,20,-140.00,-120.00,0,0.162042,16,11
230,20,-36.00,-6.00,0,0.161556,14,6
231,20,-120.00,-140.00,0,0.161072,16,12
232,20,39.00,49.00,0,0.160588,10,1
233,20,72.00,-18.00,0,0.160107,1,17
234,20,6.00,26.00,0,0.159626,13,6
235,20,-155.00,-145.00,0,0.159147,17,11
236,20,-50.00,10.00,0,0.158670,12,2
237,20,-155.00,-135.00,0,0.158194,17,14
238,2,100.00,100.00,1,0.157719,0,0
239,20,-155.00,-135.00,0,0.157246,17,12
240,20,-85.00,-35.00,0,0.156775,14,5
241,20,-135.00,-145.00,0,0.156304,17,13
242,20,-83.00,-135.00,0,0.155835,15,12
243,1,50.00,50.00,1,0.155368,0,0
244,20,51.00,51.00,0,0.154902,10,4
245,20,-150.00,-120.00,0,0.154437,16,11
246,20,-105.00,-15.00,0,0.153974,14,6
247,0,0.00,0.00,1,0.153512,0,0
248,2,100.00,100.00,1,0.153051,0,0
249,20,-115.00,-145.00,0,0.152592,17,12
250,20,-12.00,28.00,0,0.152134,12,2
251,20,-135.00,-165.00,0,0.151678,17,10
252,0,0.00,0.00,1,0.151223,0,0
253,20,-125.00,-125.00,0,0.150769,17,13
254,20,-28.00,-38.00,0,0.150317,13,6
255,20,-140.00,-140.00,0,0.149866,16,13
256,20,-55.00,15.00,0,0.149416,11,2
257,0,0.00,0.00,1,0.148968,0,0
258,2,100.00,100.00,1,0.148521,0,0
259,20,-120.00,-180.00,0,0.148076,16,10
260,20,-34.00,-14.00,0,0.147631,12,1
261,20,-150.00,-120.00,0,0.147188,18,11
262,20,-140.00,-150.00,0,0.146747,18,9
263,0,0.00,0.00,1,0.146307,0,0
264,20,46.00,46.00,0,0.145868,11,4
265,20,-105.00,-155.00,0,0.145430,17,11
266,20,-60.00,20.00,0,0.144994,12,2
267,20,-145.00,-165.00,0,0.144559,17,12
268,2,100.00,100.00,1,0.144125,0,0
269,20,-165.00,-105.00,0,0.143693,17,11
270,20,-34.00,-24.00,0,0.143262,12,1
271,20,-130.00,-140.00,0,0.142832,16,11
272,20,-105.00,-145.00,0,0.142403,15,12
273,8,-1.00,34.00,1,0.141976,2,4
274,20,-18.00,-18.00,0,0.141550,12,4
275,20,-135.00,-155.00,0,0.141126,17,10
276,20,-50.00,30.00,0,0.140702,11,3
277,20,-140.00,-140.00,0,0.140280,18,12
278,2,100.00,100.00,1,0.139859,0,0
279,20,-110.00,-150.00,0,0.139440,16,14
280,20,-2.00,18.00,0,0.139021,12,2
281,20,-165.00,-115.00,0,0.138604,17,13
282,20,181.00,21.00,0,0.138189,2,17
283,20,-145.00,-155.00,0,0.137774,17,13
284,20,16.00,6.00,0,0.137361,13,6
285,20,-160.00,-120.00,0,0.136949,18,11
286,20,-65.00,45.00,0,0.136538,11,3
287,20,-175.00,-115.00,0,0.136128,17,13
288,2,100.00,100.00,1,0.135720,0,0
289,20,-125.00,-145.00,0,0.135313,17,11
290,20,5.00,15.00,0,0.134907,12,2
291,20,-145.00,-115.00,0,0.134502,17,10
292,2,89.00,100.00,1,0.134098,0,0
293,2,89.00,100.00,1,0.133696,0,0
294,20,2.00,32.00,0,0.133295,12,5
295,20,-135.00,-115.00,0,0.132895,17,12
296,20,-70.00,30.00,0,0.132496,13,3
297,20,-65.00,55.00,0,0.132099,11,4
298,2,100.00,100.00,1,0.131703,0,0
299,20,-130.00,-150.00,0,0.131308,16,11
300,20,-78.00,-38.00,0,0.130914,14,3
301,20,-130.00,-140.00,0,0.130521,16,14
302,20,3.00,144.00,0,0.130129,4,16
303,20,-24.00,-24.00,0,0.129739,12,1
304,20,22.00,32.00,0,0.129350,13,3
305,20,-125.00,-145.00,0,0.128962,17,12
306,20,-60.00,52.00,0,0.128575,12,1
307,3,78.00,28.00,1,0.128189,2,1
308,2,100.00,100.00,1,0.127805,0,0
309,20,-135.00,-145.00,0,0.127421,17,10
310,20,27.00,37.00,0,0.127039,11,0
311,20,-140.00,-140.00,0,0.126658,18,11
312,20,-18.00,-8.00,0,0.126278,12,5
313,20,-18.00,-38.00,0,0.125899,14,3
314,20,-13.00,-13.00,0,0.125521,12,2
315,20,-140.00,-140.00,0,0.125145,16,13
316,20,-80.00,50.00,0,0.124769,13,1
317,1,50.00,50.00,1,0.124395,0,0
318,2,100.00,100.00,1,0.124022,0,0
319,20,-145.00,-145.00,0,0.123650,15,14
320,20,-19.00,-9.00,0,0.123279,14,4
321,20,-135.00,-145.00,0,0.122909,17,11
322,0,0.00,0.00,1,0.122540,0,0
323,20,-120.00,-150.00,0,0.122173,16,13
324,20,62.00,62.00,0,0.121806,12,0
325,20,-125.00,-165.00,0,0.121441,17,10
326,20,-90.00,-19.00,0,0.121076,12,4
327,20,159.00,13.00,0,0.120713,3,16
328,2,100.00,100.00,1,0.120351,0,0
329,20,-120.00,-140.00,0,0.119990,18,9
330,20,-56.00,-16.00,0,0.119630,13,3
331,20,-130.00,-140.00,0,0.119271,16,11
332,20,-120.00,-130.00,0,0.118913,18,12
333,20,-145.00,-115.00,0,0.118556,17,13
334,20,-2.00,18.00,0,0.118201,13,4
335,20,-125.00,-135.00,0,0.117846,17,10
336,20,-65.00,-5.00,0,0.117493,12,4
337,20,-31.00,-1.00,0,0.117140,13,6
338,2,100.00,100.00,1,0.116789,0,0
339,20,-150.00,-130.00,0,0.116438,16,12
340,20,-38.00,-28.00,0,0.116089,15,6
341,20,-125.00,-135.00,0,0.115741,17,12
342,20,141.00,-19.00,0,0.115394,5,14
343,20,-130.00,-170.00,0,0.115047,18,12
344,20,13.00,13.00,0,0.114702,13,0
345,20,-140.00,-140.00,0,0.114358,16,13
346,20,-55.00,45.00,0,0.114015,11,3
347,20,-110.00,-140.00,0,0.113673,14,13
348,2,100.00,100.00,1,0.113332,0,0
349,20,-130.00,-120.00,0,0.112992,16,11
350,20,-82.00,-22.00,0,0.112653,15,10
351,20,-120.00,-140.00,0,0.112315,16,10
352,2,8.00,49.00,1,0.111978,0,1
353,20,-135.00,-125.00,0,0.111642,17,9
354,20,42.00,32.00,0,0.111307,14,3
355,20,-150.00,-120.00,0,0.110973,16,11
356,20,-60.00,20.00,0,0.110640,12,0
357,20,167.00,11.00,0,0.110308,2,18
358,3,94.00,94.00,1,0.109978,0,1
359,20,-155.00,-135.00,0,0.109648,17,10
360,20,-72.00,-82.00,0,0.109319,14,6
361,20,-175.00,-145.00,0,0.108991,17,11
362,2,100.00,100.00,1,0.108664,0,0
363,20,-53.00,-13.00,0,0.108338,14,8
364,20,72.00,62.00,0,0.108013,12,1
365,20,-145.00,-125.00,0,0.107689,17,13
366,20,-55.00,45.00,0,0.107366,11,3
367,3,38.00,28.00,1,0.107044,2,2
368,2,100.00,100.00,1,0.106722,0,0
369,20,-120.00,-140.00,0,0.106402,16,13
370,20,-91.00,-111.00,0,0.106083,15,9
371,20,-135.00,-145.00,0,0.105765,17,13
372,20,-40.00,80.00,0,0.105448,2,20
373,20,-130.00,-150.00,0,0.105131,16,12
374,20,13.00,13.00,0,0.104816,13,0
375,20,-135.00,-145.00,0,0.104501,17,10
376,20,-75.00,17.00,0,0.104188,12,2
377,20,-40.00,10.00,0,0.103875,12,1
378,2,100.00,100.00,1,0.103564,0,0
379,20,-145.00,-125.00,0,0.103253,17,10
380,20,-65.00,-45.00,0,0.102943,15,9
381,20,-130.00,-130.00,0,0.102634,16,14
382,1,50.00,50.00,1,0.102326,0,0
383,20,108.00,23.00,0,0.102019,1,17
384,20,42.00,52.00,0,0.101713,13,2
385,20,-135.00,-155.00,0,0.101408,19,9
386,20,-40.00,20.00,0,0.101104,11,0
387,20,-30.00,-100.00,0,0.100801,13,9
388,2,100.00,100.00,1,0.100498,0,0
389,20,-135.00,-155.00,0,0.100197,17,13
390,20,-33.00,-23.00,0,0.099896,14,7
391,20,-150.00,-120.00,0,0.099597,16,10
392,20,-130.00,-120.00,0,0.099298,16,12
393,1,50.00,50.00,1,0.099000,0,0
394,20,8.00,-2.00,0,0.098703,13,2
395,20,-130.00,-140.00,0,0.098407,16,12
396,20,-80.00,10.00,0,0.098112,13,2
397,20,-145.00,-155.00,0,0.097817,19,9
398,2,100.00,100.00,1,0.097524,0,0
399,20,-140.00,-120.00,0,0.097231,16,14
400,20,-28.00,-38.00,0,0.096940,13,8
401,20,-120.00,-150.00,0,0.096649,18,9
402,20,-160.00,-120.00,0,0.096359,18,9
403,0,0.00,0.00,1,0.096070,0,0
404,20,27.00,67.00,0,0.095781,13,3
405,20,-140.00,-130.00,0,0.095494,16,13
406,20,-100.00,40.00,0,0.095208,12,3
407,0,0.00,0.00,1,0.094922,0,0
408,2,100.00,100.00,1,0.094637,0,0
409,20,-135.00,-135.00,0,0.094353,17,10
410,20,-55.00,-35.00,0,0.094070,15,6
411,20,-130.00,-140.00,0,0.093788,16,11
412,20,-28.00,-38.00,0,0.093507,13,10
413,20,-180.00,-130.00,0,0.093226,18,6
414,20,57.00,47.00,0,0.092946,12,1
415,20,-125.00,-135.00,0,0.092668,17,10
416,20,-65.00,5.00,0,0.092390,12,4
417,20,-33.00,-43.00,0,0.092112,14,8
418,2,100.00,100.00,1,0.091836,0,0
419,20,-125.00,-135.00,0,0.091561,17,11
420,20,-65.00,-25.00,0,0.091286,15,8
421,20,-160.00,-140.00,0,0.091012,18,12
422,20,-115.00,-125.00,0,0.090739,15,12
423,20,-30.00,-9.00,0,0.090467,11,0
424,20,43.00,43.00,0,0.090195,13,1
425,20,-135.00,-135.00,0,0.089925,17,14
426,20,-40.00,20.00,0,0.089655,11,0
427,0,0.00,0.00,1,0.089386,0,0
428,2,100.00,100.00,1,0.089118,0,0
429,20,-140.00,-150.00,0,0.088851,16,11
430,20,-21.00,-21.00,0,0.088584,13,6
431,20,-125.00,-135.00,0,0.088318,17,8
432,20,3.00,156.00,0,0.088053,4,14
433,2,100.00,100.00,1,0.087789,0,0
434,20,72.00,62.00,0,0.087526,12,1
435,20,-155.00,-115.00,0,0.087263,17,11
436,20,-40.00,20.00,0,0.087001,11,0
437,1,50.00,50.00,1,0.086740,0,0
438,2,100.00,100.00,1,0.086480,0,0
439,20,-150.00,-110.00,0,0.086221,16,11
440,20,-53.00,-23.00,0,0.085962,14,8
441,20,-130.00,-130.00,0,0.085704,16,13
442,20,-89.00,-89.00,0,0.085447,14,9
443,20,-120.00,-140.00,0,0.085191,16,14
444,20,17.00,27.00,0,0.084935,12,1
445,20,-150.00,-130.00,0,0.084680,16,11
446,20,-65.00,57.00,0,0.084426,11,1
447,0,0.00,0.00,1,0.084173,0,0
448,3,89.00,89.00,1,0.083921,1,1
449,20,-135.00,-145.00,0,0.083669,17,10
450,20,-21.00,-21.00,0,0.083418,15,4
451,20,-130.00,-140.00,0,0.083168,16,13
452,2,100.00,100.00,1,0.082918,0,0
453,3,58.00,99.00,1,0.082669,0,0
454,20,37.00,47.00,0,0.082421,13,3
455,20,-110.00,-190.00,0,0.082174,18,10
456,20,-90.00,50.00,0,0.081927,13,1
457,20,-120.00,-140.00,0,0.081682,16,13
458,2,100.00,100.00,1,0.081437,0,0
459,20,-125.00,-135.00,0,0.081192,17,12
460,20,-48.00,-18.00,0,0.080949,13,8
461,20,-175.00,-115.00,0,0.080706,17,10
462,1,50.00,50.00,1,0.080464,0,0
463,0,0.00,0.00,1,0.080222,0,0
464,20,62.00,72.00,0,0.079982,12,1
465,20,-140.00,-130.00,0,0.079742,16,13
466,20,-70.00,2.00,0,0.079503,13,2
467,20,-125.00,-135.00,0,0.079264,17,10
468,2,100.00,100.00,1,0.079026,0,0
469,20,-135.00,-135.00,0,0.078789,17,11
470,20,-11.00,-21.00,0,0.078553,13,5
471,20,-145.00,-155.00,0,0.078317,17,13
472,20,-19.00,94.00,0,0.078082,7,13
473,20,31.00,126.00,0,0.077848,0,19
474,20,53.00,43.00,0,0.077614,13,1
475,20,-140.00,-130.00,0,0.077382,18,11
476,20,-40.00,50.00,0,0.077149,11,1
477,20,-155.00,-145.00,0,0.076918,17,11
478,2,100.00,100.00,1,0.076687,0,0
479,20,-155.00,-145.00,0,0.076457,17,12
480,20,-48.00,-28.00,0,0.076228,15,8
481,20,-145.00,-135.00,0,0.075999,17,9
482,20,-120.00,-140.00,0,0.075771,16,13
483,0,0.00,0.00,1,0.075544,0,0
484,20,43.00,53.00,0,0.075317,13,1
485,20,-135.00,-125.00,0,0.075091,15,9
486,20,-40.00,20.00,0,0.074866,11,0
487,0,0.00,0.00,1,0.074641,0,0
488,2,100.00,100.00,1,0.074417,0,0
489,20,-150.00,-130.00,0,0.074194,16,13
490,20,-48.00,-8.00,0,0.073972,13,8
491,20,-130.00,-120.00,0,0.073750,16,13
492,20,-145.00,-135.00,0,0.073528,17,12
493,20,-61.00,-105.00,0,0.073308,15,8
494,20,48.00,48.00,0,0.073088,12,1
495,20,-130.00,-130.00,0,0.072869,16,12
496,20,-50.00,60.00,0,0.072650,11,1
497,20,-30.00,-29.00,0,0.072432,12,2
498,2,100.00,100.00,1,0.072215,0,0
499,20,-120.00,-140.00,0,0.071998,16,12
500,20,-43.00,-23.00,0,0.071782,14,6
501,20,-140.00,-140.00,0,0.071567,18,11
502,1,50.00,50.00,1,0.071352,0,0
503,20,11.00,188.00,0,0.071138,3,15
504,20,93.00,93.00,0,0.070925,12,0
505,20,-130.00,-160.00,0,0.070712,18,12
506,20,-60.00,40.00,0,0.070500,12,3
507,20,-38.00,-28.00,0,0.070288,15,9
508,2,100.00,100.00,1,0.070077,0,0
509,20,-125.00,-125.00,0,0.069867,17,10
510,20,-31.00,-11.00,0,0.069658,13,5
511,20,-140.00,-130.00,0,0.069449,16,13
512,20,-35.00,15.00,0,0.069240,10,1
513,1,50.00,50.00,1,0.069033,0,0
514,20,32.00,42.00,0,0.068825,12,1
515,20,-135.00,-145.00,0,0.068619,17,11
516,20,-40.00,30.00,0,0.068413,12,3
517,20,-48.00,-120.00,0,0.068208,14,6
518,2,100.00,100.00,1,0.068003,0,0
519,20,-150.00,-150.00,0,0.067799,18,12
520,20,-48.00,-18.00,0,0.067596,13,9
521,20,-135.00,-165.00,0,0.067393,17,8
522,20,-135.00,-135.00,0,0.067191,17,10
523,2,100.00,100.00,1,0.066989,0,0
524,20,62.00,52.00,0,0.066788,11,2
525,20,-135.00,-135.00,0,0.066588,15,11
526,20,-60.00,0.00,0,0.066388,12,2
527,2,44.00,44.00,1,0.066189,0,1
528,2,100.00,100.00,1,0.065990,0,0
529,20,-130.00,-140.00,0,0.065792,16,11
530,20,-21.00,-21.00,0,0.065595,13,7
531,20,-110.00,-150.00,0,0.065398,16,14
532,20,-26.00,-16.00,0,0.065202,14,4
533,20,-150.00,-130.00,0,0.065007,18,11
534,20,93.00,93.00,0,0.064811,12,0
535,20,-135.00,-145.00,0,0.064617,17,12
536,20,-95.00,-5.00,0,0.064423,14,4
537,20,-130.00,-120.00,0,0.064230,16,13
538,2,100.00,100.00,1,0.064037,0,0
539,20,-110.00,-160.00,0,0.063845,16,12
540,20,-26.00,-16.00,0,0.063654,14,6
541,20,-165.00,-115.00,0,0.063463,17,10
542,3,58.00,99.00,1,0.063272,0,0
543,20,-50.00,-7.00,0,0.063082,12,0
544,20,43.00,53.00,0,0.062893,13,1
545,20,-145.00,-145.00,0,0.062705,17,11
546,20,-90.00,11.00,0,0.062516,13,0
547,20,-135.00,-135.00,0,0.062329,17,13
548,2,100.00,100.00,1,0.062142,0,0
549,20,-150.00,-140.00,0,0.061955,18,10
550,20,-16.00,-16.00,0,0.061770,12,7
551,20,-140.00,-130.00,0,0.061584,18,13
552,20,-120.00,-130.00,0,0.061400,16,14
553,20,-125.00,-145.00,0,0.061215,17,12
554,20,93.00,93.00,0,0.061032,12,0
555,20,-130.00,-140.00,0,0.060849,18,11
556,20,-40.00,20.00,0,0.060666,11,0
557,20,-160.00,-150.00,0,0.060484,18,11
558,2,100.00,100.00,1,0.060303,0,0
559,20,-145.00,-115.00,0,0.060122,15,14
560,20,-26.00,-16.00,0,0.059941,14,5
561,20,-115.00,-145.00,0,0.059761,17,11
562,0,0.00,0.00,1,0.059582,0,0
563,1,50.00,50.00,1,0.059403,0,0
564,20,62.00,42.00,0,0.059225,13,2
565,20,-145.00,-125.00,0,0.059048,17,10
566,20,-45.00,55.00,0,0.058870,10,1
567,20,-110.00,-130.00,0,0.058694,16,12
568,2,100.00,100.00,1,0.058518,0,0
569,20,-135.00,-135.00,0,0.058342,17,12
570,20,-31.00,-11.00,0,0.058167,13,6
571,20,-145.00,-125.00,0,0.057993,17,11
572,20,3.00,-7.00,0,0.057819,14,0
573,2,8.00,100.00,1,0.057645,0,0
574,20,43.00,53.00,0,0.057472,13,1
575,20,-130.00,-140.00,0,0.057300,16,12
576,20,-40.00,20.00,0,0.057128,11,0
577,20,-180.00,-130.00,0,0.056957,18,12
578,2,100.00,100.00,1,0.056786,0,0
579,20,-135.00,-145.00,0,0.056615,17,9
580,20,-99.00,-89.00,0,0.056445,16,7
581,20,-155.00,-135.00,0,0.056276,17,11
582,1,50.00,50.00,1,0.056107,0,0
583,20,31.00,126.00,0,0.055939,0,19
584,20,48.00,48.00,0,0.055771,12,1
585,20,-140.00,-130.00,0,0.055604,18,13
586,20,-50.00,50.00,0,0.055437,11,1
587,20,-130.00,-150.00,0,0.055271,16,9
588,2,100.00,100.00,1,0.055105,0,0
589,20,-150.00,-130.00,0,0.054940,18,11
590,20,-21.00,-11.00,0,0.054775,13,5
591,20,-135.00,-145.00,0,0.054610,17,9
592,20,-125.00,-135.00,0,0.054447,15,14
593,20,-140.00,-160.00,0,0.054283,18,10
594,20,13.00,-7.00,0,0.054120,14,0
595,20,-145.00,-125.00,0,0.053958,15,12
596,20,-40.00,20.00,0,0.053796,11,0
597,20,-140.00,-120.00,0,0.053635,16,10
598,2,100.00,100.00,1,0.053474,0,0
599,20,-140.00,-150.00,0,0.053314,18,10
600,20,-60.00,-60.00,0,0.053154,13,7
601,20,-100.00,-150.00,0,0.052994,14,14
602,20,64.00,-16.00,0,0.052835,2,16
603,20,-125.00,-125.00,0,0.052677,15,12
604,20,52.00,62.00,0,0.052519,13,1
605,20,-155.00,-145.00,0,0.052361,17,9
606,20,-85.00,-5.00,0,0.052204,13,4
607,20,-155.00,-125.00,0,0.052047,17,12
608,2,100.00,100.00,1,0.051891,0,0
609,20,-135.00,-125.00,0,0.051736,17,12
610,20,-31.00,-11.00,0,0.051580,13,5
611,20,-145.00,-135.00,0,0.051426,17,11
612,20,-135.00,-135.00,0,0.051271,17,11
613,20,-135.00,-135.00,0,0.051117,15,13
614,20,-7.00,13.00,0,0.050964,14,0
615,20,-135.00,-135.00,0,0.050811,17,13
616,20,-60.00,2.00,0,0.050659,13,2
617,20,-125.00,-145.00,0,0.050507,17,12
618,2,100.00,100.00,1,0.050355,0,0
619,20,-145.00,-125.00,0,0.050204,17,11
620,20,-38.00,-48.00,0,0.050054,15,9
621,20,-120.00,-140.00,0,0.049903,18,11
622,3,50.00,50.00,1,0.049754,1,0
623,20,110.00,35.00,0,0.049605,2,15
624,20,19.00,9.00,0,0.049456,13,3
625,20,-125.00,-135.00,0,0.049307,17,12
626,20,-65.00,55.00,0,0.049159,11,1
627,20,-140.00,-140.00,0,0.049012,18,11
628,3,89.00,89.00,1,0.048865,1,1
629,20,-130.00,-130.00,0,0.048718,16,13
630,20,-21.00,-11.00,0,0.048572,13,4
631,20,-160.00,-120.00,0,0.048426,16,11
632,20,-17.00,-90.00,0,0.048281,13,7
633,20,111.00,26.00,0,0.048136,1,19
634,20,37.00,57.00,0,0.047992,13,3
635,20,-130.00,-140.00,0,0.047848,16,11
636,20,-40.00,20.00,0,0.047704,11,0
637,0,0.00,0.00,1,0.047561,0,0
638,2,100.00,100.00,1,0.047419,0,0
639,20,-110.00,-160.00,0,0.047276,16,12
640,20,-48.00,-28.00,0,0.047134,15,8
641,20,-140.00,-130.00,0,0.046993,16,12
642,20,-135.00,-145.00,0,0.046852,17,12
643,2,89.00,100.00,1,0.046712,0,0
644,20,53.00,43.00,0,0.046571,13,1
645,20,-135.00,-115.00,0,0.046432,17,12
646,20,-40.00,20.00,0,0.046292,11,0
647,20,126.00,31.00,0,0.046154,0,19
648,2,100.00,100.00,1,0.046015,0,0
649,20,-150.00,-130.00,0,0.045877,18,11
650,20,-92.00,-72.00,0,0.045739,14,7
651,20,-125.00,-145.00,0,0.045602,17,12
652,20,31.00,126.00,0,0.045465,0,19
653,20,-145.00,-145.00,0,0.045329,17,12
654,20,-8.00,-18.00,0,0.045193,13,2
655,20,-140.00,-140.00,0,0.045057,16,9
656,20,-40.00,20.00,0,0.044922,11,0
657,20,40.00,-70.00,0,0.044787,11,4
658,2,100.00,100.00,1,0.044653,0,0
659,20,-135.00,-135.00,0,0.044519,17,10
660,20,-24.00,16.00,0,0.044386,13,4
661,20,-150.00,-120.00,0,0.044252,16,12
662,3,89.00,59.00,1,0.044120,1,0
663,20,-128.00,-128.00,0,0.043987,14,8
664,20,42.00,52.00,0,0.043855,13,2
665,20,-135.00,-155.00,0,0.043724,19,9
666,20,-40.00,20.00,0,0.043593,11,0
667,20,-145.00,-145.00,0,0.043462,15,12
668,2,100.00,100.00,1,0.043331,0,0
669,20,-135.00,-135.00,0,0.043201,17,13
670,20,-14.00,-14.00,0,0.043072,13,6
671,20,-120.00,-140.00,0,0.042943,16,12
672,20,-41.00,-41.00,0,0.042814,13,1
673,0,0.00,0.00,1,0.042685,0,0
674,20,-7.00,-7.00,0,0.042557,14,0
675,20,-140.00,-140.00,0,0.042430,16,13
676,20,-50.00,10.00,0,0.042302,10,2
677,5,61.00,82.00,1,0.042175,2,2
678,2,100.00,100.00,1,0.042049,0,0
679,20,-140.00,-130.00,0,0.041923,18,11
680,20,-26.00,-16.00,0,0.041797,14,7
681,20,-130.00,-150.00,0,0.041672,18,10
682,1,50.00,50.00,1,0.041547,0,0
683,20,-120.00,-140.00,0,0.041422,16,11
684,20,93.00,93.00,0,0.041298,12,0
685,20,-145.00,-125.00,0,0.041174,17,11
686,20,-50.00,50.00,0,0.041050,11,1
687,20,161.00,11.00,0,0.040927,2,18
688,2,100.00,100.00,1,0.040804,0,0
689,20,-140.00,-140.00,0,0.040682,16,12
690,20,-9.00,1.00,0,0.040560,12,4
691,20,-150.00,-130.00,0,0.040438,16,11
692,20,21.00,172.00,0,0.040317,1,18
693,1,50.00,50.00,1,0.040196,0,0
694,20,93.00,93.00,0,0.040075,12,0
695,20,-115.00,-135.00,0,0.039955,15,13
696,20,-50.00,50.00,0,0.039835,11,1
697,20,-26.00,-6.00,0,0.039716,12,6
698,2,100.00,100.00,1,0.039597,0,0
699,20,-155.00,-115.00,0,0.039478,17,10
700,20,-31.00,-11.00,0,0.039359,13,7
701,20,-145.00,-135.00,0,0.039241,17,12
702,20,126.00,31.00,0,0.039124,0,19
703,20,-130.00,-130.00,0,0.039006,16,15
704,20,57.00,57.00,0,0.038889,12,1
705,20,-140.00,-150.00,0,0.038773,18,9
706,20,-70.00,60.00,0,0.038656,12,1
707,20,-40.00,20.00,0,0.038540,11,0
708,2,100.00,100.00,1,0.038425,0,0
709,20,-115.00,-145.00,0,0.038309,17,12
710,20,-6.00,-36.00,0,0.038194,14,6
711,20,-135.00,-155.00,0,0.038080,19,9
712,20,-165.00,-125.00,0,0.037966,17,11
713,20,50.00,-80.00,0,0.037852,13,3
714,20,13.00,-7.00,0,0.037738,14,2
715,20,-140.00,-140.00,0,0.037625,16,12
716,20,-40.00,20.00,0,0.037512,11,0
717,20,161.00,21.00,0,0.037400,1,18
718,2,100.00,100.00,1,0.037287,0,0
719,20,-135.00,-135.00,0,0.037175,17,13
720,20,-85.00,-45.00,0,0.037064,14,4
721,20,-150.00,-120.00,0,0.036953,16,11
722,20,-130.00,-120.00,0,0.036842,16,14
723,0,0.00,0.00,1,0.036731,0,0
724,20,53.00,43.00,0,0.036621,13,1
725,20,-120.00,-130.00,0,0.036511,16,11
726,20,-40.00,20.00,0,0.036402,11,0
727,20,-115.00,-145.00,0,0.036293,15,13
728,2,100.00,100.00,1,0.036184,0,0
729,20,-150.00,-140.00,0,0.036075,18,10
730,20,-9.00,-9.00,0,0.035967,12,5
731,20,-110.00,-150.00,0,0.035859,16,11
732,2,100.00,100.00,1,0.035751,0,0
733,1,50.00,50.00,1,0.035644,0,0
734,20,3.00,3.00,0,0.035537,14,2
735,20,-145.00,-115.00,0,0.035431,17,12
736,20,-60.00,20.00,0,0.035324,12,0
737,20,-145.00,-115.00,0,0.035218,17,14
738,3,89.00,89.00,1,0.035113,1,1
739,20,-130.00,-130.00,0,0.035007,16,13
740,20,-63.00,-43.00,0,0.034902,13,4
741,20,-165.00,-125.00,0,0.034798,17,14
742,2,100.00,100.00,1,0.034693,0,0
743,20,21.00,161.00,0,0.034589,1,18
744,20,8.00,-2.00,0,0.034485,13,2
745,20,-115.00,-165.00,0,0.034382,17,9
746,20,-50.00,60.00,0,0.034279,11,1
747,0,0.00,0.00,1,0.034176,0,0
748,2,100.00,100.00,1,0.034073,0,0
749,20,-140.00,-130.00,0,0.033971,16,10
750,20,1.00,-9.00,0,0.033869,12,6
751,20,-135.00,-145.00,0,0.033768,17,10
752,20,-140.00,-120.00,0,0.033666,16,12
753,20,-165.00,-145.00,0,0.033565,17,11
754,20,-2.00,8.00,0,0.033465,13,2
755,20,-140.00,-140.00,0,0.033364,18,13
756,20,-40.00,20.00,0,0.033264,11,0
757,20,-125.00,-135.00,0,0.033164,17,10
758,2,100.00,100.00,1,0.033065,0,0
759,20,-130.00,-140.00,0,0.032966,16,11
760,20,-38.00,-18.00,0,0.032867,15,4
761,20,-125.00,-145.00,0,0.032768,17,11
762,20,-145.00,-135.00,0,0.032670,17,11
763,20,-40.00,20.00,0,0.032572,11,0
764,20,43.00,53.00,0,0.032474,13,1
765,20,-125.00,-145.00,0,0.032377,17,12
766,20,-50.00,50.00,0,0.032280,11,1
767,20,-140.00,-120.00,0,0.032183,16,11
768,2,100.00,100.00,1,0.032086,0,0
769,20,-140.00,-150.00,0,0.031990,16,11
770,20,-9.00,-19.00,0,0.031894,12,7
771,20,-135.00,-135.00,0,0.031798,17,9
772,20,-130.00,-150.00,0,0.031703,16,14
773,20,-130.00,-140.00,0,0.031608,16,14
774,20,52.00,62.00,0,0.031513,13,1
775,20,-160.00,-140.00,0,0.031418,16,10
776,20,-40.00,20.00,0,0.031324,11,0
777,20,-30.00,-9.00,0,0.031230,11,0
778,2,100.00,100.00,1,0.031137,0,0
779,20,-115.00,-145.00,0,0.031043,17,12
780,20,-46.00,4.00,0,0.030950,14,6
781,20,-145.00,-135.00,0,0.030857,19,9
782,0,0.00,0.00,1,0.030765,0,0
783,20,-125.00,-135.00,0,0.030672,15,12
784,20,42.00,52.00,0,0.030580,12,3
785,20,-135.00,-135.00,0,0.030489,17,9
786,20,-50.00,50.00,0,0.030397,11,1
787,20,-145.00,-135.00,0,0.030306,17,12
788,2,100.00,100.00,1,0.030215,0,0
789,20,-140.00,-120.00,0,0.030124,18,11
790,20,-80.00,-60.00,0,0.030034,13,6
791,20,-130.00,-120.00,0,0.029944,16,12
792,20,93.00,93.00,0,0.029854,12,0
793,20,-140.00,-120.00,0,0.029764,16,13
794,20,93.00,93.00,0,0.029675,12,0
795,20,-140.00,-140.00,0,0.029586,16,11
796,20,-40.00,20.00,0,0.029497,11,0
797,20,196.00,21.00,0,0.029409,1,17
798,2,100.00,100.00,1,0.029321,0,0
799,20,-125.00,-155.00,0,0.029233,17,9
800,20,-21.00,-11.00,0,0.029145,13,6
801,20,-145.00,-135.00,0,0.029058,17,11
802,2,0.00,9.00,1,0.028970,1,0
803,0,0.00,0.00,1,0.028883,0,0
804,20,93.00,93.00,0,0.028797,12,0
805,20,-125.00,-135.00,0,0.028710,17,12
806,20,-40.00,20.00,0,0.028624,11,0
807,3,58.00,99.00,1,0.028538,0,0
808,2,100.00,100.00,1,0.028453,0,0
809,20,-150.00,-130.00,0,0.028367,16,13
810,20,1.00,-9.00,0,0.028282,12,4
811,20,-135.00,-135.00,0,0.028198,17,12
812,20,25.00,-105.00,0,0.028113,14,6
813,20,-37.00,-37.00,0,0.028029,14,1
814,20,93.00,93.00,0,0.027944,12,0
815,20,-145.00,-135.00,0,0.027861,17,10
816,20,-60.00,52.00,0,0.027777,12,1
817,20,-135.00,-145.00,0,0.027694,17,10
818,2,100.00,100.00,1,0.027611,0,0
819,20,-140.00,-120.00,0,0.027528,16,12
820,20,-75.00,-55.00,0,0.027445,14,6
821,20,-145.00,-145.00,0,0.027363,17,10
822,20,-135.00,-145.00,0,0.027281,17,11
823,20,-125.00,-145.00,0,0.027199,17,12
824,20,93.00,93.00,0,0.027117,12,0
825,20,-140.00,-150.00,0,0.027036,18,13
826,20,-40.00,20.00,0,0.026955,11,0
827,0,0.00,0.00,1,0.026874,0,0
828,2,100.00,100.00,1,0.026793,0,0
829,20,-140.00,-140.00,0,0.026713,18,10
830,20,-11.00,-21.00,0,0.026633,13,6
831,20,-120.00,-130.00,0,0.026553,16,10
832,0,0.00,0.00,1,0.026473,0,0
833,20,-25.00,15.00,0,0.026394,9,1
834,20,13.00,13.00,0,0.026315,13,0
835,20,-135.00,-115.00,0,0.026236,15,12
836,20,-40.00,20.00,0,0.026157,11,0
837,20,-150.00,-140.00,0,0.026079,16,14
838,2,100.00,100.00,1,0.026000,0,0
839,20,-135.00,-125.00,0,0.025922,15,14
840,20,-14.00,-4.00,0,0.025845,13,5
841,20,-135.00,-135.00,0,0.025767,17,12
842,20,111.00,11.00,0,0.025690,2,19
843,2,8.00,100.00,1,0.025613,0,0
844,20,22.00,22.00,0,0.025536,13,1
845,20,-130.00,-140.00,0,0.025459,18,12
846,20,-40.00,20.00,0,0.025383,11,0
847,2,8.00,44.00,1,0.025307,0,1
848,2,100.00,100.00,1,0.025231,0,0
849,20,-130.00,-140.00,0,0.025155,18,11
850,20,-21.00,-31.00,0,0.025080,13,6
851,20,-145.00,-135.00,0,0.025004,17,10
852,20,142.00,-28.00,0,0.024929,2,16
853,0,0.00,0.00,1,0.024855,0,0
854,20,62.00,72.00,0,0.024780,12,1
855,20,-130.00,-130.00,0,0.024706,16,11
856,20,-40.00,20.00,0,0.024632,11,0
857,20,-125.00,-155.00,0,0.024558,17,12
858,2,100.00,100.00,1,0.024484,0,0
859,20,-150.00,-120.00,0,0.024411,14,13
860,20,-24.00,16.00,0,0.024337,13,4
861,20,-125.00,-145.00,0,0.024264,17,12
862,20,-135.00,-115.00,0,0.024192,17,11
863,20,-145.00,-145.00,0,0.024119,17,11
864,20,93.00,93.00,0,0.024047,12,0
865,20,-155.00,-105.00,0,0.023974,17,11
866,20,-40.00,20.00,0,0.023903,11,0
867,20,3.00,3.00,0,0.023831,14,0
868,2,100.00,100.00,1,0.023759,0,0
869,20,-125.00,-165.00,0,0.023688,19,9
870,20,8.00,8.00,0,0.023617,12,5
871,20,-120.00,-140.00,0,0.023546,16,13
872,20,-135.00,-145.00,0,0.023476,17,12
873,20,-53.00,-13.00,0,0.023405,14,7
874,20,43.00,53.00,0,0.023335,13,1
875,20,-140.00,-140.00,0,0.023265,18,11
876,20,-40.00,20.00,0,0.023195,11,0
877,2,100.00,100.00,1,0.023126,0,0
878,2,100.00,100.00,1,0.023056,0,0
879,20,-140.00,-130.00,0,0.022987,18,11
880,20,-4.00,-4.00,0,0.022918,13,4
881,20,-125.00,-135.00,0,0.022849,15,13
882,1,50.00,50.00,1,0.022781,0,0
883,20,-140.00,-130.00,0,0.022712,16,12
884,20,93.00,93.00,0,0.022644,12,0
885,20,-135.00,-145.00,0,0.022576,15,11
886,20,-40.00,20.00,0,0.022509,11,0
887,20,-130.00,-120.00,0,0.022441,16,11
888,2,100.00,100.00,1,0.022374,0,0
889,20,-135.00,-145.00,0,0.022307,17,12
890,20,-2.00,8.00,0,0.022240,12,3
891,20,-150.00,-140.00,0,0.022173,18,11
892,2,89.00,39.00,1,0.022106,1,0
893,3,50.00,50.00,1,0.022040,1,0
894,20,-2.00,8.00,0,0.021974,13,2
895,20,-135.00,-125.00,0,0.021908,17,11
896,20,-60.00,20.00,0,0.021842,12,0
897,20,35.00,-75.00,0,0.021777,13,4
898,2,100.00,100.00,1,0.021711,0,0
899,20,-135.00,-145.00,0,0.021646,17,11
900,20,-85.00,-55.00,0,0.021581,14,5
901,20,-135.00,-145.00,0,0.021517,17,11
902,20,172.00,31.00,0,0.021452,0,18
903,0,0.00,0.00,1,0.021388,0,0
904,20,8.00,-2.00,0,0.021324,13,2
905,20,-155.00,-125.00,0,0.021260,17,11
906,20,-40.00,20.00,0,0.021196,11,0
907,20,-145.00,-135.00,0,0.021132,17,12
908,2,100.00,100.00,1,0.021069,0,0
909,20,-120.00,-150.00,0,0.021006,16,11
910,20,-85.00,-45.00,0,0.020943,14,5
911,20,-135.00,-125.00,0,0.020880,17,9
912,20,-140.00,-140.00,0,0.020817,16,12
913,20,-32.00,-75.00,0,0.020755,13,4
914,20,93.00,93.00,0,0.020692,12,0
915,20,-120.00,-160.00,0,0.020630,18,11
916,20,-80.00,22.00,0,0.020568,13,0
917,20,-17.00,-17.00,0,0.020507,13,1
918,2,100.00,100.00,1,0.020445,0,0
919,20,-135.00,-115.00,0,0.020384,17,11
920,20,6.00,-14.00,0,0.020323,11,5
921,20,-125.00,-125.00,0,0.020262,15,13
922,0,0.00,0.00,1,0.020201,0,0
923,20,-30.00,-9.00,0,0.020140,11,0
924,20,42.00,52.00,0,0.020080,14,1
925,20,-130.00,-130.00,0,0.020020,16,13
926,20,-40.00,20.00,0,0.019960,11,0
927,1,50.00,4.00,1,0.019900,0,0
928,2,100.00,100.00,1,0.019840,0,0
929,20,-135.00,-125.00,0,0.019781,17,14
930,20,-41.00,-31.00,0,0.019721,12,4
931,20,-145.00,-125.00,0,0.019662,17,11
932,0,0.00,0.00,1,0.019603,0,0
933,20,-2.00,-2.00,0,0.019544,13,2
934,20,42.00,52.00,0,0.019486,14,1
935,20,-125.00,-145.00,0,0.019427,15,13
936,20,-40.00,50.00,0,0.019369,11,1
937,3,58.00,99.00,1,0.019311,0,0
938,2,100.00,100.00,1,0.019253,0,0
939,20,-130.00,-140.00,0,0.019195,16,11
940,20,-72.00,-82.00,0,0.019138,14,7
941,20,-135.00,-155.00,0,0.019080,17,12
942,20,-20.00,80.00,0,0.019023,0,20
943,20,23.00,164.00,0,0.018966,2,16
944,20,43.00,43.00,0,0.018909,13,1
945,20,-150.00,-110.00,0,0.018852,16,11
946,20,-40.00,20.00,0,0.018796,11,0
947,20,-135.00,-125.00,0,0.018739,17,10
948,2,100.00,100.00,1,0.018683,0,0
949,20,-140.00,-140.00,0,0.018627,16,12
950,20,-2.00,18.00,0,0.018571,12,3
951,20,-145.00,-145.00,0,0.018515,17,11
952,20,-125.00,-135.00,0,0.018460,17,12
953,0,0.00,0.00,1,0.018404,0,0
954,20,53.00,43.00,0,0.018349,13,1
955,20,-120.00,-150.00,0,0.018294,18,10
956,20,-40.00,20.00,0,0.018239,11,0
957,20,126.00,31.00,0,0.018185,0,19
958,2,100.00,100.00,1,0.018130,0,0
959,20,-135.00,-125.00,0,0.018076,17,10
960,20,-7.00,23.00,0,0.018021,13,2
961,20,-115.00,-145.00,0,0.017967,17,11
962,20,196.00,11.00,0,0.017913,2,17
963,20,161.00,11.00,0,0.017860,2,18
964,20,93.00,93.00,0,0.017806,12,0
965,20,-145.00,-135.00,0,0.017753,17,11
966,20,-40.00,20.00,0,0.017699,11,0
967,20,-150.00,-130.00,0,0.017646,18,11
968,3,89.00,99.00,1,0.017593,1,1
969,20,-145.00,-135.00,0,0.017541,15,13
970,20,-38.00,-48.00,0,0.017488,15,8
971,20,-140.00,-110.00,0,0.017436,16,12
972,20,-125.00,-135.00,0,0.017383,17,11
973,20,-125.00,-135.00,0,0.017331,15,12
974,20,37.00,57.00,0,0.017279,13,3
975,20,-140.00,-120.00,0,0.017227,16,11
976,20,-40.00,20.00,0,0.017176,11,0
977,20,-130.00,-150.00,0,0.017124,16,12
978,3,99.00,89.00,1,0.017073,1,1
979,20,-140.00,-140.00,0,0.017021,18,10
980,20,-4.00,-4.00,0,0.016970,11,5
981,20,-150.00,-140.00,0,0.016920,16,13
982,0,0.00,0.00,1,0.016869,0,0
983,2,100.00,100.00,1,0.016818,0,0
984,20,93.00,93.00,0,0.016768,12,0
985,20,-110.00,-170.00,0,0.016717,16,12
986,20,-60.00,20.00,0,0.016667,12,0
987,20,21.00,172.00,0,0.016617,1,18
988,2,100.00,100.00,1,0.016567,0,0
989,20,-130.00,-140.00,0,0.016518,16,12
990,20,-56.00,-16.00,0,0.016468,13,2
991,20,-115.00,-155.00,0,0.016419,17,11
992,20,-155.00,-125.00,0,0.016369,17,10
993,20,23.00,164.00,0,0.016320,2,16
994,20,53.00,43.00,0,0.016271,13,1
995,20,-155.00,-115.00,0,0.016223,19,13
996,20,-40.00,20.00,0,0.016174,11,0
997,20,-150.00,-130.00,0,0.016125,18,11
998,2,100.00,100.00,1,0.016077,0,0
999,20,-130.00,-140.00,0,0.016029,18,11
1000,20,-48.00,-48.00,0,0.015981,12,5
1001,20,-130.00,-130.00,0,0.015933,16,12
1002,20,-33.00,-33.00,0,0.015885,14,7
1003,20,-130.00,-160.00,0,0.015837,16,13
1004,20,-7.00,13.00,0,0.015790,14,0
1005,20,-130.00,-120.00,0,0.015742,16,11
1006,20,-40.00,20.00,0,0.015695,11,0
1007,20,-120.00,-140.00,0,0.015648,16,13
1008,2,100.00,100.00,1,0.015601,0,0
1009,20,-135.00,-125.00,0,0.015554,15,13
1010,20,-24.00,6.00,0,0.015508,13,4
1011,20,-145.00,-135.00,0,0.015461,17,13
1012,20,-145.00,-115.00,0,0.015415,17,11
1013,20,21.00,172.00,0,0.015369,1,18
1014,20,13.00,13.00,0,0.015322,13,0
1015,20,-135.00,-145.00,0,0.015276,17,12
1016,20,-40.00,20.00,0,0.015231,11,0
1017,20,-30.00,-9.00,0,0.015185,11,0
1018,2,100.00,100.00,1,0.015139,0,0
1019,20,-145.00,-135.00,0,0.015094,17,8
1020,20,-2.00,18.00,0,0.015049,12,3
1021,20,-125.00,-135.00,0,0.015004,17,10
1022,2,100.00,100.00,1,0.014959,0,0
1023,2,89.00,39.00,1,0.014914,1,0
1024,20,93.00,93.00,0,0.014869,12,0
1025,20,-145.00,-135.00,0,0.014824,17,11
1026,20,-40.00,20.00,0,0.014780,11,0
1027,20,45.00,-75.00,0,0.014736,12,3
1028,2,100.00,100.00,1,0.014691,0,0
1029,20,-135.00,-125.00,0,0.014647,17,13
1030,20,-7.00,23.00,0,0.014603,13,2
1031,20,-135.00,-145.00,0,0.014559,15,14
1032,20,-125.00,-135.00,0,0.014516,17,12
1033,20,-20.00,-70.00,0,0.014472,11,1
1034,20,93.00,93.00,0,0.014429,12,0
1035,20,-135.00,-155.00,0,0.014386,17,10
1036,20,-40.00,20.00,0,0.014342,11,0
1037,20,-125.00,-125.00,0,0.014299,15,13
1038,2,100.00,100.00,1,0.014256,0,0
1039,20,-135.00,-145.00,0,0.014214,17,12
1040,20,-72.00,-82.00,0,0.014171,14,7
1041,20,-135.00,-135.00,0,0.014129,19,9
1042,20,21.00,172.00,0,0.014086,1,18
1043,20,37.00,-75.00,0,0.014044,12,4
1044,20,93.00,93.00,0,0.014002,12,0
1045,20,-135.00,-135.00,0,0.013960,17,8
1046,20,-40.00,20.00,0,0.013918,11,0
1047,20,-140.00,-120.00,0,0.013876,16,11
1048,2,100.00,100.00,1,0.013834,0,0
1049,20,-145.00,-115.00,0,0.013793,15,11
1050,20,13.00,-7.00,0,0.013752,11,5
1051,20,-145.00,-125.00,0,0.013710,17,11
1052,20,-110.00,-150.00,0,0.013669,14,12
1053,20,21.00,196.00,0,0.013628,1,17
1054,20,43.00,43.00,0,0.013587,13,1
1055,20,-145.00,-125.00,0,0.013547,17,12
1056,20,-40.00,20.00,0,0.013506,11,0
1057,20,-120.00,-150.00,0,0.013465,18,10
1058,2,100.00,100.00,1,0.013425,0,0
1059,20,-155.00,-135.00,0,0.013385,17,13
1060,20,-17.00,33.00,0,0.013345,13,1
1061,20,-130.00,-140.00,0,0.013305,18,13
1062,20,33.00,118.00,0,0.013265,1,17
1063,0,0.00,0.00,1,0.013225,0,0
1064,20,43.00,53.00,0,0.013185,13,1
1065,20,-145.00,-135.00,0,0.013146,17,12
1066,20,-40.00,20.00,0,0.013106,11,0
1067,20,48.00,48.00,0,0.013067,12,1
1068,2,100.00,100.00,1,0.013028,0,0
1069,20,-110.00,-150.00,0,0.012989,16,12
1070,20,-24.00,6.00,0,0.012950,13,6
1071,20,-150.00,-120.00,0,0.012911,18,11
1072,3,78.00,89.00,1,0.012872,1,0
1073,20,-145.00,-125.00,0,0.012833,15,12
1074,20,93.00,93.00,0,0.012795,12,0
1075,20,-135.00,-135.00,0,0.012757,17,12
1076,20,-40.00,50.00,0,0.012718,11,1
1077,20,5.00,-65.00,0,0.012680,12,3
1078,2,100.00,100.00,1,0.012642,0,0
1079,20,-145.00,-125.00,0,0.012604,15,10
1080,20,-43.00,-63.00,0,0.012566,13,4
1081,20,-140.00,-130.00,0,0.012529,18,10
1082,3,99.00,89.00,1,0.012491,1,0
1083,20,21.00,152.00,0,0.012454,2,18
1084,20,93.00,93.00,0,0.012416,12,0
1085,20,-125.00,-135.00,0,0.012379,15,10
1086,20,-40.00,50.00,0,0.012342,11,1
1087,0,0.00,0.00,1,0.012305,0,0
1088,2,100.00,100.00,1,0.012268,0,0
1089,20,-125.00,-145.00,0,0.012231,17,12
1090,20,-53.00,-43.00,0,0.012194,13,4
1091,20,-125.00,-145.00,0,0.012158,15,13
1092,1,50.00,50.00,1,0.012121,0,0
1093,0,0.00,0.00,1,0.012085,0,0
1094,20,93.00,93.00,0,0.012049,12,0
1095,20,-135.00,-125.00,0,0.012013,17,13
1096,20,-40.00,20.00,0,0.011977,11,0
1097,20,-32.00,-32.00,0,0.011941,13,1
1098,2,100.00,100.00,1,0.011905,0,0
1099,20,-140.00,-110.00,0,0.011869,16,13
1100,20,-4.00,-4.00,0,0.011833,11,4
1101,20,-125.00,-145.00,0,0.011798,17,11
1102,20,-30.00,60.00,0,0.011763,10,0
1103,20,10.00,30.00,0,0.011727,11,3
1104,20,43.00,43.00,0,0.011692,13,1
1105,20,-150.00,-150.00,0,0.011657,18,10
1106,20,-40.00,20.00,0,0.011622,11,0
1107,3,58.00,99.00,1,0.011587,0,0
1108,2,100.00,100.00,1,0.011552,0,0
1109,20,-125.00,-145.00,0,0.011518,17,11
1110,20,-36.00,-46.00,0,0.011483,13,2
1111,20,-160.00,-140.00,0,0.011449,18,10
1112,1,50.00,50.00,1,0.011414,0,0
1113,20,80.00,-20.00,0,0.011380,0,20
1114,20,93.00,93.00,0,0.011346,12,0
1115,20,-130.00,-140.00,0,0.011312,16,12
1116,20,-40.00,20.00,0,0.011278,11,0
1117,20,-135.00,-145.00,0,0.011244,17,10
1118,2,100.00,100.00,1,0.011210,0,0
1119,20,-130.00,-140.00,0,0.011177,16,11
1120,20,-9.00,-9.00,0,0.011143,12,6
1121,20,-130.00,-130.00,0,0.011110,16,12
1122,20,-150.00,-130.00,0,0.011077,18,11
1123,20,-135.00,-135.00,0,0.011043,17,13
1124,20,93.00,93.00,0,0.011010,12,0
1125,20,-130.00,-140.00,0,0.010977,16,12
1126,20,-40.00,20.00,0,0.010944,11,0
1127,20,31.00,126.00,0,0.010911,0,19
1128,2,100.00,100.00,1,0.010879,0,0
1129,20,-135.00,-125.00,0,0.010846,19,11
1130,20,-53.00,-53.00,0,0.010814,13,3
1131,20,-120.00,-150.00,0,0.010781,16,12
1132,0,0.00,0.00,1,0.010749,0,0
1133,3,99.00,89.00,1,0.010716,1,0
1134,20,93.00,93.00,0,0.010684,12,0
1135,20,-125.00,-145.00,0,0.010652,17,9
1136,20,-40.00,20.00,0,0.010620,11,0
1137,20,-125.00,-145.00,0,0.010588,17,13
1138,2,100.00,100.00,1,0.010557,0,0
1139,20,-130.00,-150.00,0,0.010525,16,12
1140,20,8.00,8.00,0,0.010493,12,3
1141,20,-125.00,-125.00,0,0.010462,17,8
1142,1,50.00,50.00,1,0.010431,0,0
1143,20,47.00,-85.00,0,0.010399,12,3
1144,20,-2.00,8.00,0,0.010368,13,2
1145,20,-135.00,-125.00,0,0.010337,17,12
1146,20,-45.00,55.00,0,0.010306,10,1
1147,20,-145.00,-135.00,0,0.010275,17,10
1148,2,100.00,100.00,1,0.010244,0,0
1149,20,-135.00,-125.00,0,0.010213,15,13
1150,20,-36.00,-6.00,0,0.010183,14,7
1151,20,-145.00,-125.00,0,0.010152,17,11
1152,20,-140.00,-130.00,0,0.010122,18,12
1153,3,58.00,99.00,1,0.010091,0,0
1154,20,93.00,93.00,0,0.010061,12,0
1155,20,-135.00,-145.00,0,0.010031,15,13
1156,20,-40.00,20.00,0,0.010001,11,0
1157,20,-145.00,-135.00,0,0.010000,17,14
1158,2,100.00,100.00,1,0.010000,0,0
1159,20,-140.00,-130.00,0,0.010000,16,11
1160,20,10.00,30.00,0,0.010000,11,2
1161,20,-135.00,-155.00,0,0.010000,17,13
1162,20,-120.00,-130.00,0,0.010000,16,14
1163,3,50.00,50.00,1,0.010000,1,0
1164,20,13.00,13.00,0,0.010000,13,0
1165,20,-120.00,-130.00,0,0.010000,16,10
1166,20,-40.00,50.00,0,0.010000,11,1
1167,20,-84.00,-65.00,0,0.010000,12,3
1168,2,100.00,100.00,1,0.010000,0,0
1169,20,-135.00,-145.00,0,0.010000,17,11
1170,20,32.00,32.00,0,0.010000,10,1
1171,20,-135.00,-125.00,0,0.010000,17,10
1172,20,-5.00,-35.00,0,0.010000,10,3
1173,20,-125.00,-135.00,0,0.010000,17,11
1174,20,93.00,93.00,0,0.010000,12,0
1175,20,-160.00,-130.00,0,0.010000,18,12
1176,20,-40.00,20.00,0,0.010000,11,0
1177,20,-160.00,-140.00,0,0.010000,16,13
1178,2,100.00,100.00,1,0.010000,0,0
1179,20,-140.00,-120.00,0,0.010000,16,13
1180,20,-14.00,6.00,0,0.010000,13,4
1181,20,-135.00,-145.00,0,0.010000,17,9
1182,20,-2.00,-2.00,0,0.010000,13,1
1183,3,99.00,89.00,1,0.010000,1,0
1184,20,53.00,43.00,0,0.010000,13,1
1185,20,-130.00,-140.00,0,0.010000,16,12
1186,20,-40.00,50.00,0,0.010000,11,1
1187,2,89.00,39.00,1,0.010000,1,0
1188,2,100.00,100.00,1,0.010000,0,0
1189,20,-135.00,-135.00,0,0.010000,17,11
1190,20,25.00,15.00,0,0.010000,12,2
1191,20,-135.00,-125.00,0,0.010000,17,9
1192,20,172.00,21.00,0,0.010000,1,18
1193,20,-130.00,-140.00,0,0.010000,16,14
1194,20,93.00,93.00,0,0.010000,12,0
1195,20,-145.00,-125.00,0,0.010000,17,10
1196,20,-40.00,20.00,0,0.010000,11,0
1197,1,50.00,50.00,1,0.010000,0,0
1198,2,100.00,100.00,1,0.010000,0,0
1199,20,-145.00,-125.00,0,0.010000,17,10
1200,20,-9.00,1.00,0,0.010000,12,4
1201,20,-140.00,-120.00,0,0.010000,16,14
1202,20,-130.00,-120.00,0,0.010000,16,9
1203,20,-135.00,-145.00,0,0.010000,17,8
1204,20,93.00,93.00,0,0.010000,12,0
1205,20,-125.00,-155.00,0,0.010000,17,11
1206,20,-40.00,20.00,0,0.010000,11,0
1207,0,0.00,0.00,1,0.010000,0,0
1208,2,100.00,100.00,1,0.010000,0,0
1209,20,-135.00,-145.00,0,0.010000,17,11
1210,20,15.00,15.00,0,0.010000,12,3
1211,20,-135.00,-125.00,0,0.010000,17,12
1212,20,-58.00,-38.00,0,0.010000,12,4
1213,20,-140.00,-140.00,0,0.010000,16,11
1214,20,53.00,43.00,0,0.010000,13,1
1215,20,-135.00,-135.00,0,0.010000,17,11
1216,20,-40.00,20.00,0,0.010000,11,0
1217,2,89.00,39.00,1,0.010000,1,0
1218,2,100.00,100.00,1,0.010000,0,0
1219,20,-140.00,-140.00,0,0.010000,16,12
1220,20,-51.00,-21.00,0,0.010000,12,3
1221,20,-125.00,-135.00,0,0.010000,15,12
1222,20,-140.00,-160.00,0,0.010000,18,12
1223,20,-135.00,-135.00,0,0.010000,17,11
1224,20,93.00,93.00,0,0.010000,12,0
1225,20,-130.00,-130.00,0,0.010000,16,13
1226,20,-40.00,20.00,0,0.010000,11,0
1227,0,0.00,0.00,1,0.010000,0,0
1228,2,100.00,100.00,1,0.010000,0,0
1229,20,-125.00,-135.00,0,0.010000,17,10
1230,20,5.00,15.00,0,0.010000,12,2
1231,20,-145.00,-135.00,0,0.010000,17,11
1232,20,-140.00,-130.00,0,0.010000,18,10
1233,20,-135.00,-135.00,0,0.010000,17,11
1234,20,93.00,93.00,0,0.010000,12,0
1235,20,-135.00,-125.00,0,0.010000,15,11
1236,20,-40.00,20.00,0,0.010000,11,0
1237,0,0.00,0.00,1,0.010000,0,0
1238,2,100.00,100.00,1,0.010000,0,0
1239,20,-130.00,-130.00,0,0.010000,16,13
1240,20,-41.00,-31.00,0,0.010000,12,3
1241,20,-135.00,-145.00,0,0.010000,17,11
1242,20,-150.00,-130.00,0,0.010000,16,11
1243,20,-135.00,-135.00,0,0.010000,17,11
1244,20,43.00,53.00,0,0.010000,13,1
1245,20,-125.00,-145.00,0,0.010000,17,13
1246,20,-40.00,20.00,0,0.010000,11,0
1247,20,20.00,10.00,0,0.010000,11,3
1248,2,100.00,100.00,1,0.010000,0,0
1249,20,-125.00,-135.00,0,0.010000,17,11
1250,20,-65.00,-55.00,0,0.010000,14,6
1251,20,-135.00,-125.00,0,0.010000,17,11
1252,20,43.00,43.00,0,0.010000,13,0
1253,20,-130.00,-120.00,0,0.010000,16,13
1254,20,43.00,43.00,0,0.010000,13,1
1255,20,-145.00,-115.00,0,0.010000,17,9
1256,20,-40.00,20.00,0,0.010000,11,0
1257,20,18.00,-85.00,0,0.010000,13,3
1258,2,100.00,100.00,1,0.010000,0,0
1259,20,-135.00,-145.00,0,0.010000,17,11
1260,20,-34.00,-14.00,0,0.010000,12,2
1261,20,-130.00,-150.00,0,0.010000,16,15
1262,1,50.00,4.00,1,0.010000,0,0
1263,20,-20.00,-20.00,0,0.010000,10,0
1264,20,93.00,93.00,0,0.010000,12,0
1265,20,-150.00,-150.00,0,0.010000,18,12
1266,20,-40.00,20.00,0,0.010000,11,0
1267,20,126.00,31.00,0,0.010000,0,19
1268,2,100.00,100.00,1,0.010000,0,0
1269,20,-135.00,-145.00,0,0.010000,15,14
1270,20,-68.00,-28.00,0,0.010000,12,3
1271,20,-125.00,-135.00,0,0.010000,17,9
1272,2,8.00,100.00,1,0.010000,0,0
1273,0,0.00,0.00,1,0.010000,0,0
1274,20,53.00,43.00,0,0.010000,13,1
1275,20,-130.00,-150.00,0,0.010000,16,11
1276,20,-40.00,20.00,0,0.010000,11,0
1277,20,-160.00,-120.00,0,0.010000,18,10
1278,2,100.00,100.00,1,0.010000,0,0
1279,20,-120.00,-140.00,0,0.010000,16,11
1280,20,-4.00,-14.00,0,0.010000,13,5
1281,20,-145.00,-125.00,0,0.010000,17,11
1282,20,-130.00,-140.00,0,0.010000,16,13
1283,20,-120.00,-130.00,0,0.010000,16,13
1284,20,53.00,43.00,0,0.010000,13,1
1285,20,-120.00,-140.00,0,0.010000,16,11
1286,20,-40.00,-19.00,0,0.010000,12,0
1287,20,50.00,-50.00,0,0.010000,12,2
1288,2,100.00,100.00,1,0.010000,0,0
1289,20,-130.00,-140.00,0,0.010000,18,10
1290,20,10.00,30.00,0,0.010000,11,2
1291,20,-140.00,-130.00,0,0.010000,16,11
1292,1,50.00,50.00,1,0.010000,0,0
1293,20,-45.00,45.00,0,0.010000,11,2
1294,20,93.00,93.00,0,0.010000,12,0
1295,20,-140.00,-120.00,0,0.010000,18,12
1296,20,-40.00,20.00,0,0.010000,11,0
1297,20,-20.00,80.00,0,0.010000,0,20
1298,2,100.00,100.00,1,0.010000,0,0
1299,20,-135.00,-125.00,0,0.010000,15,12
1300,20,15.00,25.00,0,0.010000,12,0
1301,20,-130.00,-150.00,0,0.010000,16,12
1302,20,-135.00,-155.00,0,0.010000,17,11
1303,20,-135.00,-135.00,0,0.010000,17,11
1304,20,53.00,43.00,0,0.010000,13,1
1305,20,-140.00,-110.00,0,0.010000,16,13
1306,20,-40.00,20.00,0,0.010000,11,0
1307,20,31.00,126.00,0,0.010000,0,19
1308,2,100.00,100.00,1,0.010000,0,0
1309,20,-120.00,-150.00,0,0.010000,18,13
1310,20,-12.00,-12.00,0,0.010000,11,0
1311,20,-135.00,-135.00,0,0.010000,17,10
1312,20,-145.00,-115.00,0,0.010000,17,11
1313,20,-140.00,-140.00,0,0.010000,18,12
1314,20,93.00,93.00,0,0.010000,12,0
1315,20,-130.00,-130.00,0,0.010000,16,10
1316,20,-40.00,-19.00,0,0.010000,12,0
1317,0,0.00,0.00,1,0.010000,0,0
1318,2,100.00,100.00,1,0.010000,0,0
1319,20,-135.00,-115.00,0,0.010000,15,12
1320,20,3.00,13.00,0,0.010000,11,4
1321,20,-150.00,-140.00,0,0.010000,16,12
1322,1,4.00,50.00,1,0.010000,0,0
1323,2,100.00,100.00,1,0.010000,0,0
1324,20,72.00,62.00,0,0.010000,12,0
1325,20,-120.00,-170.00,0,0.010000,16,12
1326,20,-40.00,20.00,0,0.010000,11,0
1327,2,100.00,100.00,1,0.010000,0,0
1328,2,100.00,100.00,1,0.010000,0,0
1329,20,-150.00,-140.00,0,0.010000,16,10
1330,20,15.00,25.00,0,0.010000,12,2
1331,20,-130.00,-140.00,0,0.010000,18,11
1332,20,126.00,31.00,0,0.010000,0,19
1333,1,4.00,50.00,1,0.010000,0,0
1334,20,93.00,93.00,0,0.010000,12,0
1335,20,-150.00,-120.00,0,0.010000,18,10
1336,20,-40.00,20.00,0,0.010000,11,0
1337,20,23.00,188.00,0,0.010000,2,15
1338,2,100.00,100.00,1,0.010000,0,0
1339,20,-125.00,-145.00,0,0.010000,19,11
1340,20,5.00,25.00,0,0.010000,12,3
1341,20,-125.00,-125.00,0,0.010000,17,10
1342,20,191.00,11.00,0,0.010000,2,16
1343,20,-52.00,-32.00,0,0.010000,14,1
1344,20,43.00,43.00,0,0.010000,13,1
1345,20,-140.00,-140.00,0,0.010000,16,10
1346,20,-50.00,50.00,0,0.010000,11,1
1347,20,31.00,126.00,0,0.010000,0,19
1348,2,100.00,100.00,1,0.010000,0,0
1349,20,-150.00,-130.00,0,0.010000,16,12
1350,20,-24.00,-24.00,0,0.010000,12,2
1351,20,-145.00,-115.00,0,0.010000,17,13
1352,2,100.00,100.00,1,0.010000,0,0
1353,2,100.00,100.00,1,0.010000,0,0
1354,20,93.00,93.00,0,0.010000,12,0
1355,20,-125.00,-135.00,0,0.010000,17,13
1356,20,-50.00,50.00,0,0.010000,11,1
1357,20,-125.00,-135.00,0,0.010000,15,13
1358,2,100.00,100.00,1,0.010000,0,0
1359,20,-125.00,-125.00,0,0.010000,15,12
1360,20,-17.00,-7.00,0,0.010000,10,1
1361,20,-135.00,-125.00,0,0.010000,17,12
1362,20,-130.00,-150.00,0,0.010000,16,11
1363,20,-50.00,20.00,0,0.010000,12,1
1364,20,93.00,93.00,0,0.010000,12,0
1365,20,-140.00,-130.00,0,0.010000,18,12
1366,20,-40.00,20.00,0,0.010000,11,0
1367,20,5.00,-75.00,0,0.010000,12,3
1368,2,100.00,100.00,1,0.010000,0,0
1369,20,-135.00,-145.00,0,0.010000,17,11
1370,20,-24.00,6.00,0,0.010000,13,3
1371,20,-150.00,-140.00,0,0.010000,16,11
1372,20,-20.00,80.00,0,0.010000,0,20
1373,20,-140.00,-130.00,0,0.010000,16,11
1374,20,93.00,93.00,0,0.010000,12,0
1375,20,-125.00,-135.00,0,0.010000,15,12
1376,20,-40.00,20.00,0,0.010000,11,0
1377,20,126.00,31.00,0,0.010000,0,19
1378,2,100.00,100.00,1,0.010000,0,0
1379,20,-145.00,-105.00,0,0.010000,17,10
1380,20,-12.00,-12.00,0,0.010000,11,1
1381,20,-105.00,-155.00,0,0.010000,17,10
1382,0,0.00,0.00,1,0.010000,0,0
1383,0,0.00,0.00,1,0.010000,0,0
1384,20,93.00,93.00,0,0.010000,12,0
1385,20,-140.00,-140.00,0,0.010000,18,9
1386,20,-40.00,20.00,0,0.010000,11,0
1387,20,-30.00,60.00,0,0.010000,10,0
1388,2,100.00,100.00,1,0.010000,0,0
1389,20,-125.00,-135.00,0,0.010000,17,12
1390,20,10.00,30.00,0,0.010000,11,3
1391,20,-150.00,-110.00,0,0.010000,16,12
1392,20,-145.00,-145.00,0,0.010000,17,13
1393,20,-140.00,-120.00,0,0.010000,18,7
1394,20,13.00,13.00,0,0.010000,13,0
1395,20,-125.00,-135.00,0,0.010000,17,12
1396,20,-40.00,20.00,0,0.010000,11,0
1397,3,58.00,99.00,1,0.010000,0,0
1398,2,100.00,100.00,1,0.010000,0,0
1399,20,-135.00,-145.00,0,0.010000,17,12
1400,20,17.00,47.00,0,0.010000,11,0
1401,20,-110.00,-170.00,0,0.010000,16,13
1402,20,-135.00,-125.00,0,0.010000,17,12
1403,0,0.00,0.00,1,0.010000,0,0
1404,20,93.00,93.00,0,0.010000,12,0
1405,20,-140.00,-120.00,0,0.010000,16,12
1406,20,-40.00,20.00,0,0.010000,11,0
1407,2,89.00,49.00,1,0.010000,0,0
1408,2,100.00,100.00,1,0.010000,0,0
1409,20,-115.00,-135.00,0,0.010000,17,11
1410,20,25.00,15.00,0,0.010000,12,1
1411,20,-145.00,-125.00,0,0.010000,17,9
1412,20,43.00,43.00,0,0.010000,13,0
1413,20,47.00,-55.00,0,0.010000,11,2
1414,20,53.00,43.00,0,0.010000,13,1
1415,20,-125.00,-155.00,0,0.010000,17,11
1416,20,-40.00,20.00,0,0.010000,11,0
1417,0,0.00,0.00,1,0.010000,0,0
1418,2,100.00,100.00,1,0.010000,0,0
1419,20,-135.00,-135.00,0,0.010000,15,12
1420,20,-4.00,-14.00,0,0.010000,13,4
1421,20,-130.00,-140.00,0,0.010000,16,13
1422,3,94.00,94.00,1,0.010000,0,1
1423,1,50.00,50.00,1,0.010000,0,0
1424,20,43.00,53.00,0,0.010000,13,1
1425,20,-145.00,-105.00,0,0.010000,17,11
1426,20,-40.00,20.00,0,0.010000,11,0
1427,0,0.00,0.00,1,0.010000,0,0
1428,2,100.00,100.00,1,0.010000,0,0
1429,20,-145.00,-145.00,0,0.010000,17,12
1430,20,-17.00,-7.00,0,0.010000,10,1
1431,20,-140.00,-130.00,0,0.010000,16,11
1432,20,-30.00,60.00,0,0.010000,10,0
1433,0,0.00,0.00,1,0.010000,0,0
1434,20,93.00,93.00,0,0.010000,12,0
1435,20,-145.00,-145.00,0,0.010000,17,11
1436,20,-40.00,50.00,0,0.010000,11,1
1437,20,-130.00,-150.00,0,0.010000,16,14
1438,2,100.00,100.00,1,0.010000,0,0
1439,20,-125.00,-115.00,0,0.010000,17,11
1440,20,-24.00,-34.00,0,0.010000,12,2
1441,20,-125.00,-135.00,0,0.010000,17,12
1442,20,31.00,126.00,0,0.010000,0,19
1443,20,-125.00,-135.00,0,0.010000,17,10
1444,20,93.00,93.00,0,0.010000,12,0
1445,20,-135.00,-125.00,0,0.010000,17,12
1446,20,-40.00,20.00,0,0.010000,11,0
1447,20,50.00,-40.00,0,0.010000,11,2
1448,2,100.00,100.00,1,0.010000,0,0
1449,20,-135.00,-135.00,0,0.010000,15,14
1450,20,-2.00,18.00,0,0.010000,12,4
1451,20,-135.00,-135.00,0,0.010000,17,12
1452,20,-17.00,3.00,0,0.010000,14,0
1453,20,28.00,-75.00,0,0.010000,12,1
1454,20,93.00,93.00,0,0.010000,12,0
1455,20,-125.00,-145.00,0,0.010000,15,14
1456,20,-40.00,20.00,0,0.010000,11,0
1457,20,126.00,31.00,0,0.010000,0,19
1458,2,100.00,100.00,1,0.010000,0,0
1459,20,-150.00,-120.00,0,0.010000,18,11
1460,20,-22.00,-2.00,0,0.010000,11,1
1461,20,-130.00,-140.00,0,0.010000,16,9
1462,1,50.00,50.00,1,0.010000,0,0
1463,20,31.00,126.00,0,0.010000,0,19
1464,20,93.00,93.00,0,0.010000,12,0
1465,20,-110.00,-150.00,0,0.010000,16,11
1466,20,-40.00,20.00,0,0.010000,11,0
1467,20,35.00,-55.00,0,0.010000,11,4
1468,2,100.00,100.00,1,0.010000,0,0
1469,20,-125.00,-145.00,0,0.010000,17,10
1470,20,-34.00,-14.00,0,0.010000,12,1
1471,20,-145.00,-125.00,0,0.010000,17,14
1472,0,0.00,0.00,1,0.010000,0,0
1473,20,-140.00,-140.00,0,0.010000,18,11
1474,20,43.00,53.00,0,0.010000,13,1
1475,20,-145.00,-115.00,0,0.010000,17,10
1476,20,-40.00,20.00,0,0.010000,11,0
1477,20,-20.00,-20.00,0,0.010000,10,0
1478,2,100.00,100.00,1,0.010000,0,0
1479,20,-145.00,-115.00,0,0.010000,15,12
1480,20,39.00,49.00,0,0.010000,10,0
1481,20,-135.00,-145.00,0,0.010000,17,11
1482,20,-39.00,-9.00,0,0.010000,11,1
1483,20,43.00,43.00,0,0.010000,13,0
1484,20,93.00,93.00,0,0.010000,12,0
1485,20,-130.00,-140.00,0,0.010000,18,8
1486,20,-40.00,20.00,0,0.010000,11,0
1487,20,21.00,161.00,0,0.010000,1,18
1488,3,89.00,99.00,1,0.010000,1,1
1489,20,-135.00,-155.00,0,0.010000,17,12
1490,20,8.00,-2.00,0,0.010000,12,5
1491,20,-125.00,-135.00,0,0.010000,15,12
1492,20,39.00,49.00,0,0.010000,10,0
1493,20,-155.00,-125.00,0,0.010000,17,12
1494,20,72.00,62.00,0,0.010000,12,0
1495,20,-125.00,-145.00,0,0.010000,17,14
1496,20,-40.00,20.00,0,0.010000,11,0
1497,20,20.00,-60.00,0,0.010000,12,1
1498,2,100.00,100.00,1,0.010000,0,0
1499,20,-130.00,-140.00,0,0.010000,18,11
1500,20,-39.00,-9.00,0,0.010000,11,1
1501,20,-140.00,-130.00,0,0.010000,18,11
1502,3,58.00,99.00,1,0.010000,0,0
1503,20,-125.00,-145.00,0,0.010000,15,14
1504,20,93.00,93.00,0,0.010000,12,0
1505,20,-135.00,-145.00,0,0.010000,17,12
1506,20,-40.00,20.00,0,0.010000,11,0
1507,20,49.00,39.00,0,0.010000,10,0
1508,2,100.00,100.00,1,0.010000,0,0
1509,20,-130.00,-140.00,0,0.010000,16,11
1510,20,39.00,49.00,0,0.010000,10,0
1511,20,-140.00,-130.00,0,0.010000,16,11
1512,20,-125.00,-125.00,0,0.010000,17,10
1513,1,50.00,50.00,1,0.010000,0,0
1514,20,93.00,93.00,0,0.010000,12,0
1515,20,-135.00,-115.00,0,0.010000,15,12
1516,20,-40.00,20.00,0,0.010000,11,0
1517,20,-30.00,-9.00,0,0.010000,11,0
1518,2,100.00,100.00,1,0.010000,0,0
1519,20,-120.00,-120.00,0,0.010000,16,12
1520,20,39.00,49.00,0,0.010000,10,0
1521,20,-125.00,-135.00,0,0.010000,17,12
1522,20,-135.00,-125.00,0,0.010000,17,10
1523,1,50.00,50.00,1,0.010000,0,0
1524,20,93.00,93.00,0,0.010000,12,0
1525,20,-140.00,-120.00,0,0.010000,16,11
1526,20,-40.00,20.00,0,0.010000,11,0
1527,20,-145.00,-135.00,0,0.010000,17,11
1528,2,100.00,100.00,1,0.010000,0,0
1529,20,-140.00,-140.00,0,0.010000,16,13
1530,20,17.00,47.00,0,0.010000,11,1
1531,20,-140.00,-130.00,0,0.010000,16,11
1532,2,100.00,100.00,1,0.010000,0,0
1533,20,-140.00,-140.00,0,0.010000,18,9
1534,20,93.00,93.00,0,0.010000,12,0
1535,20,-120.00,-150.00,0,0.010000,16,11
1536,20,-40.00,20.00,0,0.010000,11,0
1537,20,-130.00,-140.00,0,0.010000,16,13
1538,2,100.00,100.00,1,0.010000,0,0
1539,20,-125.00,-135.00,0,0.010000,17,10
1540,20,37.00,27.00,0,0.010000,11,0
1541,20,-120.00,-130.00,0,0.010000,16,12
1542,20,-30.00,-9.00,0,0.010000,11,0
1543,20,-145.00,-145.00,0,0.010000,17,11
1544,20,13.00,-7.00,0,0.010000,14,0
1545,20,-135.00,-135.00,0,0.010000,17,12
1546,20,-40.00,20.00,0,0.010000,11,0
1547,3,50.00,50.00,1,0.010000,1,0
1548,2,100.00,100.00,1,0.010000,0,0
1549,20,-145.00,-135.00,0,0.010000,17,10
1550,20,39.00,49.00,0,0.010000,10,0
1551,20,-155.00,-125.00,0,0.010000,17,13
1552,20,7.00,-65.00,0,0.010000,12,2
1553,2,100.00,100.00,1,0.010000,0,0
1554,20,48.00,48.00,0,0.010000,12,1
1555,20,-135.00,-145.00,0,0.010000,17,9
1556,20,-40.00,20.00,0,0.010000,11,0
1557,20,-145.00,-115.00,0,0.010000,17,13
1558,2,100.00,100.00,1,0.010000,0,0
1559,20,-125.00,-135.00,0,0.010000,15,12
1560,20,-12.00,-12.00,0,0.010000,11,1
1561,20,-135.00,-145.00,0,0.010000,17,11
1562,20,31.00,126.00,0,0.010000,0,19
1563,20,21.00,172.00,0,0.010000,1,18
1564,20,93.00,93.00,0,0.010000,12,0
1565,20,-145.00,-145.00,0,0.010000,17,11
1566,20,-40.00,20.00,0,0.010000,11,0
1567,20,-135.00,-125.00,0,0.010000,17,9
1568,2,100.00,100.00,1,0.010000,0,0
1569,20,-150.00,-140.00,0,0.010000,18,11
1570,20,-17.00,-7.00,0,0.010000,10,1
1571,20,-130.00,-140.00,0,0.010000,16,11
1572,0,0.00,0.00,1,0.010000,0,0
1573,2,100.00,100.00,1,0.010000,0,0
1574,20,93.00,93.00,0,0.010000,12,0
1575,20,-135.00,-115.00,0,0.010000,15,11
1576,20,-40.00,20.00,0,0.010000,11,0
1577,0,0.00,0.00,1,0.010000,0,0
1578,2,100.00,100.00,1,0.010000,0,0
1579,20,-115.00,-155.00,0,0.010000,17,11
1580,20,39.00,49.00,0,0.010000,10,0
1581,20,-125.00,-125.00,0,0.010000,17,10
1582,20,21.00,126.00,0,0.010000,1,19
1583,0,0.00,0.00,1,0.010000,0,0
1584,20,93.00,93.00,0,0.010000,12,0
1585,20,-130.00,-140.00,0,0.010000,18,14
1586,20,-40.00,20.00,0,0.010000,11,0
1587,3,58.00,99.00,1,0.010000,0,0
1588,2,100.00,100.00,1,0.010000,0,0
1589,20,-145.00,-125.00,0,0.010000,17,11
1590,20,5.00,35.00,0,0.010000,12,0
1591,20,-140.00,-120.00,0,0.010000,16,13
1592,1,50.00,50.00,1,0.010000,0,0
1593,20,60.00,-40.00,0,0.010000,11,0
1594,20,93.00,93.00,0,0.010000,12,0
1595,20,-130.00,-130.00,0,0.010000,16,11
1596,20,-60.00,22.00,0,0.010000,12,0
1597,1,50.00,4.00,1,0.010000,0,0
1598,2,100.00,100.00,1,0.010000,0,0
1599,20,-130.00,-120.00,0,0.010000,14,13
1600,20,25.00,15.00,0,0.010000,12,2
1601,20,-145.00,-135.00,0,0.010000,17,9
1602,17,19.00,68.00,1,0.010000,1,16
1603,20,-46.00,-36.00,0,0.010000,14,0
1604,20,93.00,93.00,0,0.010000,12,0
1605,20,-115.00,-145.00,0,0.010000,17,11
1606,20,-40.00,20.00,0,0.010000,11,0
1607,20,-20.00,80.00,0,0.010000,0,20
1608,2,100.00,100.00,1,0.010000,0,0
1609,20,-130.00,-130.00,0,0.010000,18,12
1610,20,-17.00,-7.00,0,0.010000,10,1
1611,20,-135.00,-135.00,0,0.010000,17,13
1612,0,0.00,0.00,1,0.010000,0,0
1613,3,99.00,89.00,1,0.010000,1,0
1614,20,93.00,93.00,0,0.010000,12,0
1615,20,-115.00,-135.00,0,0.010000,15,13
1616,20,-60.00,22.00,0,0.010000,12,0
1617,1,4.00,50.00,1,0.010000,0,0
1618,2,100.00,100.00,1,0.010000,0,0
1619,20,-125.00,-125.00,0,0.010000,17,12
1620,20,39.00,49.00,0,0.010000,10,0
1621,20,-125.00,-135.00,0,0.010000,17,12
1622,0,0.00,0.00,1,0.010000,0,0
1623,0,0.00,0.00,1,0.010000,0,0
1624,20,93.00,93.00,0,0.010000,12,0
1625,20,-150.00,-140.00,0,0.010000,18,10
1626,20,-40.00,20.00,0,0.010000,11,0
1627,20,-135.00,-125.00,0,0.010000,17,13
1628,2,100.00,100.00,1,0.010000,0,0
1629,20,-130.00,-150.00,0,0.010000,16,8
1630,20,39.00,49.00,0,0.010000,10,0
1631,20,-135.00,-115.00,0,0.010000,17,11
1632,20,5.00,-45.00,0,0.010000,11,3
1633,20,-165.00,-125.00,0,0.010000,17,10
1634,20,93.00,93.00,0,0.010000,12,0
1635,20,-130.00,-140.00,0,0.010000,16,12
1636,20,-40.00,20.00,0,0.010000,11,0
1637,20,50.00,-70.00,0,0.010000,12,1
1638,2,100.00,100.00,1,0.010000,0,0
1639,20,-135.00,-145.00,0,0.010000,17,14
1640,20,39.00,49.00,0,0.010000,10,0
1641,20,-130.00,-140.00,0,0.010000,16,13
1642,1,50.00,50.00,1,0.010000,0,0
1643,20,39.00,49.00,0,0.010000,10,1
1644,20,93.00,93.00,0,0.010000,12,0
1645,20,-140.00,-130.00,0,0.010000,18,9
1646,20,-40.00,20.00,0,0.010000,11,0
1647,20,21.00,161.00,0,0.010000,1,18
1648,2,100.00,100.00,1,0.010000,0,0
1649,20,-150.00,-130.00,0,0.010000,18,10
1650,20,39.00,49.00,0,0.010000,10,0
1651,20,-130.00,-160.00,0,0.010000,16,11
1652,20,3.00,-7.00,0,0.010000,14,0
1653,20,-20.00,80.00,0,0.010000,0,20
1654,20,93.00,93.00,0,0.010000,12,0
1655,20,-120.00,-140.00,0,0.010000,16,12
1656,20,-40.00,20.00,0,0.010000,11,0
1657,20,-140.00,-140.00,0,0.010000,16,12
1658,2,100.00,100.00,1,0.010000,0,0
1659,20,-120.00,-130.00,0,0.010000,16,12
1660,20,-12.00,-12.00,0,0.010000,11,0
1661,20,-120.00,-140.00,0,0.010000,16,10
1662,20,-125.00,-125.00,0,0.010000,15,12
1663,20,-140.00,-120.00,0,0.010000,16,13
1664,20,93.00,93.00,0,0.010000,12,0
1665,20,-125.00,-125.00,0,0.010000,15,11
1666,20,-40.00,20.00,0,0.010000,11,0
1667,20,-135.00,-135.00,0,0.010000,15,13
1668,2,100.00,100.00,1,0.010000,0,0
1669,20,-145.00,-145.00,0,0.010000,17,9
1670,20,-12.00,-12.00,0,0.010000,11,1
1671,20,-150.00,-100.00,0,0.010000,18,9
1672,20,-130.00,-140.00,0,0.010000,16,13
1673,20,21.00,196.00,0,0.010000,1,17
1674,20,93.00,93.00,0,0.010000,12,0
1675,20,-145.00,-135.00,0,0.010000,19,12
1676,20,-75.00,35.00,0,0.010000,12,3
1677,2,89.00,100.00,1,0.010000,0,0
1678,2,100.00,100.00,1,0.010000,0,0
1679,20,-130.00,-120.00,0,0.010000,18,10
1680,20,39.00,49.00,0,0.010000,10,0
1681,20,-135.00,-125.00,0,0.010000,15,14
1682,20,-140.00,-130.00,0,0.010000,18,10
1683,20,-115.00,-145.00,0,0.010000,15,12
1684,20,93.00,93.00,0,0.010000,12,0
1685,20,-130.00,-150.00,0,0.010000,18,12
1686,20,-40.00,20.00,0,0.010000,11,0
1687,1,50.00,4.00,1,0.010000,0,0
1688,2,100.00,100.00,1,0.010000,0,0
1689,20,-155.00,-125.00,0,0.010000,17,14
1690,20,39.00,49.00,0,0.010000,10,0
1691,20,-130.00,-150.00,0,0.010000,16,10
1692,0,0.00,0.00,1,0.010000,0,0
1693,20,33.00,-60.00,0,0.010000,12,1
1694,20,93.00,93.00,0,0.010000,12,0
1695,20,-125.00,-125.00,0,0.010000,15,11
1696,20,-40.00,20.00,0,0.010000,11,0
1697,20,-135.00,-145.00,0,0.010000,17,13
1698,2,100.00,100.00,1,0.010000,0,0
1699,20,-125.00,-145.00,0,0.010000,17,11
1700,20,0.00,30.00,0,0.010000,11,3
1701,20,-130.00,-140.00,0,0.010000,18,11
1702,0,0.00,0.00,1,0.010000,0,0
1703,20,31.00,126.00,0,0.010000,0,19
1704,20,93.00,93.00,0,0.010000,12,0
1705,20,-140.00,-120.00,0,0.010000,16,11
1706,20,-40.00,20.00,0,0.010000,11,0
1707,20,-130.00,-130.00,0,0.010000,18,10
1708,2,100.00,100.00,1,0.010000,0,0
1709,20,-140.00,-130.00,0,0.010000,16,10
1710,20,-17.00,-7.00,0,0.010000,10,1
1711,20,-120.00,-140.00,0,0.010000,16,11
1712,20,26.00,126.00,0,0.010000,0,19
1713,20,-140.00,-110.00,0,0.010000,16,13
1714,20,93.00,93.00,0,0.010000,12,0
1715,20,-150.00,-130.00,0,0.010000,16,12
1716,20,-40.00,20.00,0,0.010000,11,0
1717,20,-140.00,-160.00,0,0.010000,18,10
1718,2,100.00,100.00,1,0.010000,0,0
1719,20,-130.00,-140.00,0,0.010000,18,12
1720,20,39.00,49.00,0,0.010000,10,0
1721,20,-140.00,-130.00,0,0.010000,16,13
1722,20,-140.00,-130.00,0,0.010000,16,12
1723,0,0.00,0.00,1,0.010000,0,0
1724,20,93.00,93.00,0,0.010000,12,0
1725,20,-120.00,-150.00,0,0.010000,16,12
1726,20,-50.00,11.00,0,0.010000,11,0
1727,20,-68.00,-68.00,0,0.010000,11,3
1728,2,100.00,100.00,1,0.010000,0,0
1729,20,-140.00,-130.00,0,0.010000,16,10
1730,20,39.00,49.00,0,0.010000,10,0
1731,20,-140.00,-140.00,0,0.010000,18,11
1732,20,-130.00,-130.00,0,0.010000,16,13
1733,20,-120.00,-140.00,0,0.010000,18,11
1734,20,93.00,93.00,0,0.010000,12,0
1735,20,-125.00,-135.00,0,0.010000,19,8
1736,20,-40.00,20.00,0,0.010000,11,0
1737,20,32.00,32.00,0,0.010000,10,3
1738,2,100.00,100.00,1,0.010000,0,0
1739,20,-130.00,-140.00,0,0.010000,16,13
1740,20,39.00,49.00,0,0.010000,10,0
1741,20,-120.00,-140.00,0,0.010000,16,12
1742,20,31.00,126.00,0,0.010000,0,19
1743,20,161.00,21.00,0,0.010000,1,18
1744,20,93.00,93.00,0,0.010000,12,0
1745,20,-155.00,-145.00,0,0.010000,15,15
1746,20,-40.00,20.00,0,0.010000,11,0
1747,20,-140.00,-130.00,0,0.010000,18,12
1748,2,100.00,100.00,1,0.010000,0,0
1749,20,-150.00,-130.00,0,0.010000,16,11
1750,20,39.00,49.00,0,0.010000,10,0
1751,20,-145.00,-125.00,0,0.010000,17,11
1752,20,-140.00,-140.00,0,0.010000,16,10
1753,20,-120.00,-140.00,0,0.010000,18,10
1754,20,93.00,93.00,0,0.010000,12,0
1755,20,-130.00,-120.00,0,0.010000,16,12
1756,20,-40.00,20.00,0,0.010000,11,0
1757,20,-125.00,-135.00,0,0.010000,17,13
1758,2,100.00,100.00,1,0.010000,0,0
1759,20,-130.00,-140.00,0,0.010000,16,11
1760,20,39.00,49.00,0,0.010000,10,0
1761,20,-130.00,-140.00,0,0.010000,16,11
1762,1,50.00,50.00,1,0.010000,0,0
1763,20,-50.00,60.00,0,0.010000,11,1
1764,20,93.00,93.00,0,0.010000,12,0
1765,20,-135.00,-125.00,0,0.010000,17,12
1766,20,-40.00,20.00,0,0.010000,11,0
1767,20,191.00,11.00,0,0.010000,2,16
1768,2,100.00,100.00,1,0.010000,0,0
1769,20,-120.00,-120.00,0,0.010000,16,11
1770,20,39.00,49.00,0,0.010000,10,0
1771,20,-125.00,-125.00,0,0.010000,17,11
1772,20,-130.00,-140.00,0,0.010000,16,12
1773,20,-63.00,-53.00,0,0.010000,13,4
1774,20,93.00,93.00,0,0.010000,12,0
1775,20,-130.00,-130.00,0,0.010000,16,15
1776,20,-40.00,20.00,0,0.010000,11,0
1777,20,-135.00,-115.00,0,0.010000,17,10
1778,2,100.00,100.00,1,0.010000,0,0
1779,20,-140.00,-140.00,0,0.010000,18,11
1780,20,27.00,37.00,0,0.010000,11,2
1781,20,-130.00,-130.00,0,0.010000,16,13
1782,20,-68.00,-68.00,0,0.010000,11,3
1783,20,31.00,126.00,0,0.010000,0,19
1784,20,93.00,93.00,0,0.010000,12,0
1785,20,-125.00,-135.00,0,0.010000,17,5
1786,20,-50.00,60.00,0,0.010000,11,1
1787,20,-140.00,-150.00,0,0.010000,18,13
1788,2,100.00,100.00,1,0.010000,0,0
1789,20,-135.00,-145.00,0,0.010000,15,13
1790,20,39.00,49.00,0,0.010000,10,0
1791,20,-130.00,-130.00,0,0.010000,16,14
1792,20,126.00,31.00,0,0.010000,0,19
1793,20,-5.00,-35.00,0,0.010000,11,3
1794,20,93.00,93.00,0,0.010000,12,0
1795,20,-135.00,-115.00,0,0.010000,15,13
1796,20,-40.00,20.00,0,0.010000,11,0
1797,20,31.00,126.00,0,0.010000,0,19
1798,2,100.00,100.00,1,0.010000,0,0
1799,20,-115.00,-145.00,0,0.010000,17,13
1800,20,39.00,49.00,0,0.010000,10,0
1801,20,-125.00,-155.00,0,0.010000,17,10
1802,20,-30.00,-9.00,0,0.010000,11,0
1803,1,50.00,50.00,1,0.010000,0,0
1804,20,93.00,93.00,0,0.010000,12,0
1805,20,-140.00,-150.00,0,0.010000,18,10
1806,20,-40.00,20.00,0,0.010000,11,0
1807,20,31.00,126.00,0,0.010000,0,19
1808,2,100.00,100.00,1,0.010000,0,0
1809,20,-155.00,-125.00,0,0.010000,17,10
1810,20,39.00,49.00,0,0.010000,10,0
1811,20,-145.00,-115.00,0,0.010000,17,12
1812,20,-140.00,-130.00,0,0.010000,16,11
1813,3,99.00,89.00,1,0.010000,1,0
1814,20,93.00,93.00,0,0.010000,12,0
1815,20,-135.00,-135.00,0,0.010000,17,11
1816,20,-40.00,20.00,0,0.010000,11,0
1817,20,39.00,49.00,0,0.010000,10,0
1818,2,100.00,100.00,1,0.010000,0,0
1819,20,-115.00,-145.00,0,0.010000,15,13
1820,20,39.00,49.00,0,0.010000,10,0
1821,20,-140.00,-120.00,0,0.010000,16,10
1822,2,100.00,100.00,1,0.010000,0,0
1823,20,-125.00,-125.00,0,0.010000,15,14
1824,20,93.00,93.00,0,0.010000,12,0
1825,20,-120.00,-140.00,0,0.010000,16,12
1826,20,-40.00,20.00,0,0.010000,11,0
1827,20,172.00,31.00,0,0.010000,0,18
1828,2,100.00,100.00,1,0.010000,0,0
1829,20,-135.00,-125.00,0,0.010000,17,12
1830,20,39.00,49.00,0,0.010000,10,0
1831,20,-135.00,-155.00,0,0.010000,19,7
1832,2,100.00,100.00,1,0.010000,0,0
1833,1,50.00,50.00,1,0.010000,0,0
1834,20,53.00,43.00,0,0.010000,13,1
1835,20,-125.00,-125.00,0,0.010000,17,11
1836,20,-40.00,20.00,0,0.010000,11,0
1837,20,-120.00,-120.00,0,0.010000,16,11
1838,2,100.00,100.00,1,0.010000,0,0
1839,20,-140.00,-120.00,0,0.010000,18,11
1840,20,39.00,49.00,0,0.010000,10,0
1841,20,-135.00,-135.00,0,0.010000,17,11
1842,20,-145.00,-125.00,0,0.010000,17,8
1843,2,89.00,100.00,1,0.010000,0,0
1844,20,-7.00,13.00,0,0.010000,14,0
1845,20,-120.00,-120.00,0,0.010000,16,12
1846,20,-40.00,20.00,0,0.010000,11,0
1847,20,80.00,-30.00,0,0.010000,1,20
1848,2,100.00,100.00,1,0.010000,0,0
1849,20,-120.00,-160.00,0,0.010000,16,11
1850,20,39.00,49.00,0,0.010000,10,0
1851,20,-135.00,-135.00,0,0.010000,15,13
1852,20,-30.00,60.00,0,0.010000,10,0
1853,1,50.00,50.00,1,0.010000,0,0
1854,20,93.00,93.00,0,0.010000,12,0
1855,20,-145.00,-135.00,0,0.010000,17,12
1856,20,-40.00,20.00,0,0.010000,11,0
1857,20,49.00,39.00,0,0.010000,10,0
1858,2,100.00,100.00,1,0.010000,0,0
1859,20,-145.00,-135.00,0,0.010000,17,13
1860,20,39.00,49.00,0,0.010000,10,0
1861,20,-130.00,-130.00,0,0.010000,18,11
1862,0,0.00,0.00,1,0.010000,0,0
1863,2,89.00,39.00,1,0.010000,1,0
1864,20,93.00,93.00,0,0.010000,12,0
1865,20,-150.00,-140.00,0,0.010000,16,11
1866,20,-40.00,20.00,0,0.010000,11,0
1867,20,-125.00,-145.00,0,0.010000,15,15
1868,2,100.00,100.00,1,0.010000,0,0
1869,20,-130.00,-130.00,0,0.010000,16,11
1870,20,39.00,49.00,0,0.010000,10,0
1871,20,-130.00,-130.00,0,0.010000,16,12
1872,20,-145.00,-155.00,0,0.010000,17,12
1873,0,0.00,0.00,1,0.010000,0,0
1874,20,93.00,93.00,0,0.010000,12,0
1875,20,-130.00,-150.00,0,0.010000,16,12
1876,20,-40.00,20.00,0,0.010000,11,0
1877,20,8.00,8.00,0,0.010000,12,4
1878,2,100.00,100.00,1,0.010000,0,0
1879,20,-140.00,-130.00,0,0.010000,18,10
1880,20,39.00,49.00,0,0.010000,10,0
1881,20,-145.00,-115.00,0,0.010000,17,12
1882,20,-40.00,60.00,0,0.010000,11,0
1883,1,50.00,50.00,1,0.010000,0,0
1884,20,93.00,93.00,0,0.010000,12,0
1885,20,-125.00,-125.00,0,0.010000,17,13
1886,20,-40.00,20.00,0,0.010000,11,0
1887,2,8.00,100.00,1,0.010000,0,0
1888,2,100.00,100.00,1,0.010000,0,0
1889,20,-135.00,-125.00,0,0.010000,17,10
1890,20,39.00,49.00,0,0.010000,10,0
1891,20,-130.00,-140.00,0,0.010000,16,11
1892,20,-140.00,-130.00,0,0.010000,16,13
1893,20,-20.00,-20.00,0,0.010000,10,0
1894,20,93.00,93.00,0,0.010000,12,0
1895,20,-145.00,-135.00,0,0.010000,17,9
1896,20,-40.00,20.00,0,0.010000,11,0
1897,2,100.00,100.00,1,0.010000,0,0
1898,2,100.00,100.00,1,0.010000,0,0
1899,20,-140.00,-130.00,0,0.010000,16,10
1900,20,39.00,49.00,0,0.010000,10,0
1901,20,-115.00,-135.00,0,0.010000,17,10
1902,20,-20.00,80.00,0,0.010000,0,20
1903,20,32.00,32.00,0,0.010000,10,3
1904,20,93.00,93.00,0,0.010000,12,0
1905,20,-120.00,-140.00,0,0.010000,16,12
1906,20,-40.00,20.00,0,0.010000,11,0
1907,1,50.00,50.00,1,0.010000,0,0
1908,2,100.00,100.00,1,0.010000,0,0
1909,20,-120.00,-140.00,0,0.010000,16,12
1910,20,39.00,49.00,0,0.010000,10,0
1911,20,-110.00,-140.00,0,0.010000,16,11
1912,2,89.00,100.00,1,0.010000,0,0
1913,20,-150.00,-130.00,0,0.010000,16,13
1914,20,93.00,93.00,0,0.010000,12,0
1915,20,-145.00,-115.00,0,0.010000,17,10
1916,20,-40.00,20.00,0,0.010000,11,0
1917,20,-30.00,-9.00,0,0.010000,11,0
1918,2,100.00,100.00,1,0.010000,0,0
1919,20,-145.00,-135.00,0,0.010000,17,12
1920,20,39.00,49.00,0,0.010000,10,0
1921,20,-165.00,-115.00,0,0.010000,17,12
1922,1,50.00,50.00,1,0.010000,0,0
1923,20,-135.00,-145.00,0,0.010000,17,10
1924,20,93.00,93.00,0,0.010000,12,0
1925,20,-130.00,-130.00,0,0.010000,16,11
1926,20,-40.00,20.00,0,0.010000,11,0
1927,20,-120.00,-150.00,0,0.010000,16,13
1928,2,100.00,100.00,1,0.010000,0,0
1929,20,-120.00,-130.00,0,0.010000,16,13
1930,20,-12.00,-12.00,0,0.010000,11,1
1931,20,-145.00,-125.00,0,0.010000,17,10
1932,20,-135.00,-125.00,0,0.010000,17,9
1933,20,-22.00,-12.00,0,0.010000,11,1
1934,20,93.00,93.00,0,0.010000,12,0
1935,20,-130.00,-130.00,0,0.010000,16,13
1936,20,-40.00,20.00,0,0.010000,11,0
1937,20,-9.00,-30.00,0,0.010000,11,0
1938,2,100.00,100.00,1,0.010000,0,0
1939,20,-135.00,-135.00,0,0.010000,17,12
1940,20,-22.00,-12.00,0,0.010000,11,1
1941,20,-130.00,-140.00,0,0.010000,16,14
1942,20,161.00,21.00,0,0.010000,1,18
1943,20,-30.00,-9.00,0,0.010000,11,0
1944,20,93.00,93.00,0,0.010000,12,0
1945,20,-120.00,-150.00,0,0.010000,18,12
1946,20,-50.00,50.00,0,0.010000,11,1
1947,20,31.00,172.00,0,0.010000,0,18
1948,2,100.00,100.00,1,0.010000,0,0
1949,20,-125.00,-125.00,0,0.010000,15,11
1950,20,39.00,49.00,0,0.010000,10,0
1951,20,-135.00,-115.00,0,0.010000,17,11
1952,20,13.00,13.00,0,0.010000,13,0
1953,3,99.00,89.00,1,0.010000,1,0
1954,20,93.00,93.00,0,0.010000,12,0
1955,20,-130.00,-130.00,0,0.010000,16,12
1956,20,-40.00,20.00,0,0.010000,11,0
1957,20,-130.00,-140.00,0,0.010000,18,11
1958,2,100.00,100.00,1,0.010000,0,0
1959,20,-125.00,-125.00,0,0.010000,17,11
1960,20,-46.00,-26.00,0,0.010000,13,1
1961,20,-125.00,-115.00,0,0.010000,17,10
1962,3,58.00,99.00,1,0.010000,0,0
1963,20,-120.00,-150.00,0,0.010000,16,12
1964,20,93.00,93.00,0,0.010000,12,0
1965,20,-125.00,-135.00,0,0.010000,17,11
1966,20,-40.00,20.00,0,0.010000,11,0
1967,20,43.00,43.00,0,0.010000,13,0
1968,2,100.00,100.00,1,0.010000,0,0
1969,20,-135.00,-135.00,0,0.010000,17,11
1970,20,39.00,49.00,0,0.010000,10,0
1971,20,-120.00,-150.00,0,0.010000,16,13
1972,20,21.00,161.00,0,0.010000,1,18
1973,0,0.00,0.00,1,0.010000,0,0
1974,20,93.00,93.00,0,0.010000,12,0
1975,20,-145.00,-115.00,0,0.010000,15,10
1976,20,-40.00,20.00,0,0.010000,11,0
1977,20,-145.00,-125.00,0,0.010000,17,11
1978,2,100.00,100.00,1,0.010000,0,0
1979,20,-120.00,-140.00,0,0.010000,16,12
1980,20,39.00,49.00,0,0.010000,10,0
1981,20,-140.00,-130.00,0,0.010000,16,12
1982,20,-140.00,-140.00,0,0.010000,18,9
1983,20,-120.00,-140.00,0,0.010000,16,13
1984,20,93.00,93.00,0,0.010000,12,0
1985,20,-135.00,-145.00,0,0.010000,17,13
1986,20,-40.00,20.00,0,0.010000,11,0
1987,0,0.00,0.00,1,0.010000,0,0
1988,2,100.00,100.00,1,0.010000,0,0
1989,20,-150.00,-130.00,0,0.010000,16,12
1990,20,-12.00,-12.00,0,0.010000,11,1
1991,20,-140.00,-120.00,0,0.010000,16,13
1992,20,-145.00,-145.00,0,0.010000,17,9
1993,20,191.00,11.00,0,0.010000,2,16
1994,20,93.00,93.00,0,0.010000,12,0
1995,20,-145.00,-145.00,0,0.010000,17,8
1996,20,-40.00,20.00,0,0.010000,11,0
1997,20,-130.00,-140.00,0,0.010000,16,14
1998,2,100.00,100.00,1,0.010000,0,0
1999,20,-130.00,-140.00,0,0.010000,18,8
2000,20,-22.00,-2.00,0,0.010000,11,1
2001,20,-135.00,-145.00,0,0.010000,17,10
2002,20,-20.00,-20.00,0,0.010000,10,0
2003,20,-125.00,-125.00,0,0.010000,17,12
2004,20,93.00,93.00,0,0.010000,12,0
2005,20,-135.00,-125.00,0,0.010000,17,13
2006,20,-40.00,20.00,0,0.010000,11,0
2007,2,89.00,100.00,1,0.010000,0,0
2008,4,100.00,100.00,1,0.010000,1,0
2009,20,-130.00,-110.00,0,0.010000,16,13
2010,20,39.00,49.00,0,0.010000,10,0
2011,20,-125.00,-145.00,0,0.010000,17,10
2012,20,20.00,-50.00,0,0.010000,12,1
2013,20,3.00,-7.00,0,0.010000,14,0
2014,20,93.00,93.00,0,0.010000,12,0
2015,20,-125.00,-135.00,0,0.010000,17,10
2016,20,-50.00,60.00,0,0.010000,11,1
2017,20,126.00,31.00,0,0.010000,0,19
2018,2,100.00,100.00,1,0.010000,0,0
2019,20,-135.00,-145.00,0,0.010000,17,12
2020,20,39.00,49.00,0,0.010000,10,0
2021,20,-135.00,-115.00,0,0.010000,17,11
2022,1,50.00,50.00,1,0.010000,0,0
2023,20,-30.00,60.00,0,0.010000,10,0
2024,20,93.00,93.00,0,0.010000,12,0
2025,20,-140.00,-120.00,0,0.010000,16,13
2026,20,-40.00,20.00,0,0.010000,11,0
2027,20,191.00,11.00,0,0.010000,2,16
2028,2,100.00,100.00,1,0.010000,0,0
2029,20,-140.00,-120.00,0,0.010000,16,13
2030,20,39.00,49.00,0,0.010000,10,0
2031,20,-120.00,-130.00,0,0.010000,16,12
2032,20,-125.00,-125.00,0,0.010000,15,13
2033,20,-20.00,80.00,0,0.010000,0,20
2034,20,93.00,93.00,0,0.010000,12,0
2035,20,-125.00,-145.00,0,0.010000,15,14
2036,20,-40.00,20.00,0,0.010000,11,0
2037,3,50.00,50.00,1,0.010000,1,0
2038,2,100.00,100.00,1,0.010000,0,0
2039,20,-120.00,-130.00,0,0.010000,16,11
2040,20,39.00,49.00,0,0.010000,10,0
2041,20,-135.00,-125.00,0,0.010000,17,10
2042,20,-7.00,3.00,0,0.010000,14,0
2043,20,-30.00,60.00,0,0.010000,10,0
2044,20,13.00,13.00,0,0.010000,13,0
2045,20,-120.00,-130.00,0,0.010000,18,8
2046,20,-40.00,20.00,0,0.010000,11,0
2047,20,126.00,31.00,0,0.010000,0,19
2048,2,100.00,100.00,1,0.010000,0,0
2049,20,-115.00,-145.00,0,0.010000,17,11
2050,20,39.00,49.00,0,0.010000,10,0
2051,20,-145.00,-125.00,0,0.010000,17,13
2052,20,-160.00,-120.00,0,0.010000,16,11
2053,20,-135.00,-115.00,0,0.010000,17,11
2054,20,93.00,93.00,0,0.010000,12,0
2055,20,-125.00,-145.00,0,0.010000,17,12
2056,20,-40.00,20.00,0,0.010000,11,0
2057,20,-145.00,-125.00,0,0.010000,17,12
2058,2,100.00,100.00,1,0.010000,0,0
2059,20,-135.00,-135.00,0,0.010000,17,13
2060,20,39.00,49.00,0,0.010000,10,0
2061,20,-135.00,-125.00,0,0.010000,17,11
2062,20,-18.00,-60.00,0,0.010000,12,0
2063,20,0.00,0.00,0,0.010000,10,0
2064,20,48.00,48.00,0,0.010000,12,1
2065,20,-120.00,-140.00,0,0.010000,16,12
2066,20,-40.00,20.00,0,0.010000,11,0
2067,20,-140.00,-130.00,0,0.010000,16,12
2068,2,100.00,100.00,1,0.010000,0,0
2069,20,-145.00,-135.00,0,0.010000,17,12
2070,20,39.00,49.00,0,0.010000,10,0
2071,20,-135.00,-135.00,0,0.010000,17,9
2072,20,-30.00,40.00,0,0.010000,11,2
2073,20,13.00,13.00,0,0.010000,13,0
2074,20,43.00,43.00,0,0.010000,13,1
2075,20,-125.00,-135.00,0,0.010000,17,11
2076,20,-40.00,20.00,0,0.010000,11,0
2077,20,-125.00,-165.00,0,0.010000,17,13
2078,2,100.00,100.00,1,0.010000,0,0
2079,20,-140.00,-130.00,0,0.010000,16,10
2080,20,39.00,49.00,0,0.010000,10,0
2081,20,-120.00,-150.00,0,0.010000,16,14
2082,20,-140.00,-110.00,0,0.010000,16,12
2083,20,-7.00,13.00,0,0.010000,14,0
2084,20,93.00,93.00,0,0.010000,12,0
2085,20,-155.00,-145.00,0,0.010000,17,8
2086,20,-40.00,20.00,0,0.010000,11,0
2087,3,50.00,50.00,1,0.010000,1,0
2088,2,100.00,100.00,1,0.010000,0,0
2089,20,-130.00,-140.00,0,0.010000,16,10
2090,20,39.00,49.00,0,0.010000,10,0
2091,20,-120.00,-160.00,0,0.010000,16,11
2092,20,-40.00,20.00,0,0.010000,11,0
2093,20,-120.00,-120.00,0,0.010000,16,12
2094,20,43.00,43.00,0,0.010000,13,1
2095,20,-130.00,-140.00,0,0.010000,16,13
2096,20,-40.00,20.00,0,0.010000,11,0
2097,0,0.00,0.00,1,0.010000,0,0
2098,2,100.00,100.00,1,0.010000,0,0
2099,20,-125.00,-135.00,0,0.010000,17,11
2100,20,39.00,49.00,0,0.010000,10,0
2101,20,-150.00,-120.00,0,0.010000,18,10
2102,20,-30.00,60.00,0,0.010000,10,0
2103,2,8.00,100.00,1,0.010000,0,0
2104,20,93.00,93.00,0,0.010000,12,0
2105,20,-145.00,-115.00,0,0.010000,17,11
2106,20,-40.00,20.00,0,0.010000,11,0
2107,0,0.00,0.00,1,0.010000,0,0
2108,2,100.00,100.00,1,0.010000,0,0
2109,20,-140.00,-110.00,0,0.010000,16,10
2110,20,39.00,49.00,0,0.010000,10,0
2111,20,-115.00,-135.00,0,0.010000,15,12
2112,0,0.00,0.00,1,0.010000,0,0
2113,20,-130.00,-140.00,0,0.010000,18,12
2114,20,93.00,93.00,0,0.010000,12,0
2115,20,-130.00,-140.00,0,0.010000,16,13
2116,20,-45.00,55.00,0,0.010000,10,1
2117,20,-40.00,20.00,0,0.010000,11,1
2118,2,100.00,100.00,1,0.010000,0,0
2119,20,-110.00,-140.00,0,0.010000,16,13
2120,20,39.00,49.00,0,0.010000,10,0
2121,20,-115.00,-155.00,0,0.010000,17,10
2122,20,-135.00,-135.00,0,0.010000,17,10
2123,20,-160.00,-130.00,0,0.010000,18,11
2124,20,93.00,93.00,0,0.010000,12,0
2125,20,-130.00,-130.00,0,0.010000,16,13
2126,20,-60.00,20.00,0,0.010000,12,0
2127,1,50.00,50.00,1,0.010000,0,0
2128,2,100.00,100.00,1,0.010000,0,0
2129,20,-125.00,-145.00,0,0.010000,17,12
2130,20,39.00,49.00,0,0.010000,10,0
2131,20,-140.00,-110.00,0,0.010000,16,13
2132,20,-160.00,-120.00,0,0.010000,16,8
2133,20,-135.00,-125.00,0,0.010000,17,12
2134,20,93.00,93.00,0,0.010000,12,0
2135,20,-140.00,-120.00,0,0.010000,16,11
2136,20,-40.00,20.00,0,0.010000,11,0
2137,20,23.00,164.00,0,0.010000,2,16
2138,2,100.00,100.00,1,0.010000,0,0
2139,20,-110.00,-130.00,0,0.010000,16,12
2140,20,-17.00,-7.00,0,0.010000,10,1
2141,20,-115.00,-135.00,0,0.010000,15,13
2142,1,50.00,50.00,1,0.010000,0,0
2143,20,-145.00,-135.00,0,0.010000,17,12
2144,20,43.00,53.00,0,0.010000,13,1
2145,20,-125.00,-135.00,0,0.010000,17,9
2146,20,-40.00,20.00,0,0.010000,11,0
2147,20,23.00,23.00,0,0.010000,12,0
2148,2,100.00,100.00,1,0.010000,0,0
2149,20,-130.00,-120.00,0,0.010000,16,12
2150,20,39.00,49.00,0,0.010000,10,0
2151,20,-140.00,-120.00,0,0.010000,16,10
2152,20,-125.00,-145.00,0,0.010000,17,14
2153,20,3.00,-7.00,0,0.010000,14,1
2154,20,93.00,93.00,0,0.010000,12,0
2155,20,-135.00,-135.00,0,0.010000,15,11
2156,20,-40.00,20.00,0,0.010000,11,0
2157,1,50.00,50.00,1,0.010000,0,0
2158,2,100.00,100.00,1,0.010000,0,0
2159,20,-130.00,-120.00,0,0.010000,16,12
2160,20,39.00,49.00,0,0.010000,10,0
2161,20,-125.00,-135.00,0,0.010000,17,12
2162,20,31.00,126.00,0,0.010000,0,19
2163,1,50.00,50.00,1,0.010000,0,0
2164,20,93.00,93.00,0,0.010000,12,0
2165,20,-115.00,-135.00,0,0.010000,17,13
2166,20,-55.00,5.00,0,0.010000,11,2
2167,20,26.00,-35.00,0,0.010000,10,1
2168,2,100.00,100.00,1,0.010000,0,0
2169,20,-145.00,-145.00,0,0.010000,17,10
2170,20,-17.00,-7.00,0,0.010000,10,1
2171,20,-155.00,-135.00,0,0.010000,17,11
2172,20,-130.00,-120.00,0,0.010000,16,12
2173,3,88.00,8.00,1,0.010000,1,0
2174,20,13.00,13.00,0,0.010000,13,0
2175,20,-130.00,-130.00,0,0.010000,16,12
2176,20,-40.00,20.00,0,0.010000,11,0
2177,20,-26.00,-46.00,0,0.010000,11,5
2178,2,100.00,100.00,1,0.010000,0,0
2179,20,-150.00,-120.00,0,0.010000,16,12
2180,20,-22.00,-2.00,0,0.010000,11,1
2181,20,-110.00,-140.00,0,0.010000,16,12
2182,20,-12.00,-12.00,0,0.010000,11,1
2183,1,50.00,50.00,1,0.010000,0,0
2184,20,43.00,53.00,0,0.010000,13,1
2185,20,-145.00,-125.00,0,0.010000,17,13
2186,20,-60.00,20.00,0,0.010000,12,0
2187,2,100.00,100.00,1,0.010000,0,0
2188,2,100.00,100.00,1,0.010000,0,0
2189,20,-130.00,-150.00,0,0.010000,18,10
2190,20,-17.00,-7.00,0,0.010000,10,1
2191,20,-150.00,-140.00,0,0.010000,18,9
2192,20,21.00,196.00,0,0.010000,1,17
2193,20,-150.00,-130.00,0,0.010000,16,13
2194,20,93.00,93.00,0,0.010000,12,0
2195,20,-120.00,-150.00,0,0.010000,18,10
2196,20,-40.00,20.00,0,0.010000,11,0
2197,20,16.00,161.00,0,0.010000,1,18
2198,2,100.00,100.00,1,0.010000,0,0
2199,20,-130.00,-130.00,0,0.010000,16,11
2200,20,39.00,49.00,0,0.010000,10,0
2201,20,-135.00,-135.00,0,0.010000,17,11
2202,20,196.00,21.00,0,0.010000,1,17
2203,20,50.00,-50.00,0,0.010000,11,1
2204,20,93.00,93.00,0,0.010000,12,0
2205,20,-130.00,-120.00,0,0.010000,16,13
2206,20,-40.00,20.00,0,0.010000,11,0
2207,20,-120.00,-120.00,0,0.010000,16,12
2208,2,100.00,100.00,1,0.010000,0,0
2209,20,-135.00,-135.00,0,0.010000,17,13
2210,20,39.00,49.00,0,0.010000,10,0
2211,20,-120.00,-120.00,0,0.010000,16,11
2212,20,-120.00,-130.00,0,0.010000,16,13
2213,20,-69.00,26.00,0,0.010000,1,19
2214,20,93.00,93.00,0,0.010000,12,0
2215,20,-120.00,-130.00,0,0.010000,16,12
2216,20,-45.00,55.00,0,0.010000,10,1
2217,20,-130.00,-130.00,0,0.010000,16,12
2218,2,100.00,100.00,1,0.010000,0,0
2219,20,-125.00,-135.00,0,0.010000,17,10
2220,20,-12.00,-12.00,0,0.010000,11,1
2221,20,-145.00,-125.00,0,0.010000,17,13
2222,2,89.00,39.00,1,0.010000,1,0
2223,20,0.00,0.00,0,0.010000,10,0
2224,20,43.00,53.00,0,0.010000,13,1
2225,20,-140.00,-110.00,0,0.010000,16,11
2226,20,-40.00,20.00,0,0.010000,11,0
2227,20,126.00,31.00,0,0.010000,0,19
2228,2,100.00,100.00,1,0.010000,0,0
2229,20,-125.00,-135.00,0,0.010000,17,13
2230,20,39.00,49.00,0,0.010000,10,0
2231,20,-130.00,-150.00,0,0.010000,18,11
2232,20,43.00,43.00,0,0.010000,13,1
2233,20,126.00,31.00,0,0.010000,0,19
2234,20,43.00,53.00,0,0.010000,13,1
2235,20,-145.00,-145.00,0,0.010000,17,10
2236,20,-45.00,55.00,0,0.010000,10,1
2237,20,-40.00,20.00,0,0.010000,11,1
2238,2,100.00,100.00,1,0.010000,0,0
2239,20,-130.00,-120.00,0,0.010000,16,11
2240,20,39.00,49.00,0,0.010000,10,0
2241,20,-150.00,-120.00,0,0.010000,16,10
2242,20,-125.00,-145.00,0,0.010000,19,8
2243,20,27.00,37.00,0,0.010000,11,1
2244,20,93.00,93.00,0,0.010000,12,0
2245,20,-135.00,-125.00,0,0.010000,15,13
2246,20,-60.00,20.00,0,0.010000,12,0
2247,0,0.00,0.00,1,0.010000,0,0
2248,2,100.00,100.00,1,0.010000,0,0
2249,20,-130.00,-120.00,0,0.010000,16,12
2250,20,39.00,49.00,0,0.010000,10,0
2251,20,-115.00,-145.00,0,0.010000,17,10
2252,20,-130.00,-120.00,0,0.010000,16,13
2253,2,100.00,100.00,1,0.010000,0,0
2254,20,93.00,93.00,0,0.010000,12,0
2255,20,-125.00,-145.00,0,0.010000,17,13
2256,20,-40.00,20.00,0,0.010000,11,0
2257,1,50.00,50.00,1,0.010000,0,0
2258,2,100.00,100.00,1,0.010000,0,0
2259,20,-145.00,-135.00,0,0.010000,17,11
2260,20,17.00,27.00,0,0.010000,11,2
2261,20,-130.00,-140.00,0,0.010000,16,13
2262,20,0.00,-60.00,0,0.010000,12,3
2263,0,0.00,0.00,1,0.010000,0,0
2264,20,93.00,93.00,0,0.010000,12,0
2265,20,-140.00,-130.00,0,0.010000,16,12
2266,20,-40.00,20.00,0,0.010000,11,0
2267,20,3.00,-7.00,0,0.010000,14,0
2268,2,100.00,100.00,1,0.010000,0,0
2269,20,-110.00,-150.00,0,0.010000,16,11
2270,20,39.00,49.00,0,0.010000,10,0
2271,20,-145.00,-105.00,0,0.010000,17,9
2272,20,-135.00,-125.00,0,0.010000,17,13
2273,20,-130.00,-120.00,0,0.010000,16,12
2274,20,93.00,93.00,0,0.010000,12,0
2275,20,-120.00,-130.00,0,0.010000,16,10
2276,20,-40.00,20.00,0,0.010000,11,0
2277,20,21.00,-30.00,0,0.010000,11,1
2278,2,100.00,100.00,1,0.010000,0,0
2279,20,-125.00,-145.00,0,0.010000,17,12
2280,20,39.00,49.00,0,0.010000,10,0
2281,20,-120.00,-150.00,0,0.010000,16,14
2282,20,23.00,153.00,0,0.010000,2,16
2283,20,-125.00,-115.00,0,0.010000,15,11
2284,20,93.00,93.00,0,0.010000,12,0
2285,20,-130.00,-110.00,0,0.010000,16,11
2286,20,-40.00,20.00,0,0.010000,11,0
2287,20,93.00,93.00,0,0.010000,12,0
2288,2,100.00,100.00,1,0.010000,0,0
2289,20,-150.00,-130.00,0,0.010000,18,11
2290,20,39.00,49.00,0,0.010000,10,0
2291,20,-140.00,-110.00,0,0.010000,16,12
2292,0,0.00,0.00,1,0.010000,0,0
2293,0,0.00,0.00,1,0.010000,0,0
2294,20,48.00,48.00,0,0.010000,12,1
2295,20,-115.00,-155.00,0,0.010000,15,12
2296,20,-40.00,20.00,0,0.010000,11,0
2297,20,-135.00,-125.00,0,0.010000,17,12
2298,2,100.00,100.00,1,0.010000,0,0
2299,20,-150.00,-130.00,0,0.010000,16,11
2300,20,39.00,49.00,0,0.010000,10,0
2301,20,-140.00,-130.00,0,0.010000,16,13
2302,2,100.00,100.00,1,0.010000,0,0
2303,20,-125.00,-125.00,0,0.010000,17,12
2304,20,93.00,93.00,0,0.010000,12,0
2305,20,-145.00,-115.00,0,0.010000,17,11
2306,20,-40.00,20.00,0,0.010000,11,0
2307,20,-145.00,-135.00,0,0.010000,17,10
2308,2,100.00,100.00,1,0.010000,0,0
2309,20,-130.00,-120.00,0,0.010000,16,10
2310,20,39.00,49.00,0,0.010000,10,0
2311,20,-115.00,-145.00,0,0.010000,17,9
2312,20,21.00,196.00,0,0.010000,1,17
2313,20,21.00,196.00,0,0.010000,1,17
2314,20,93.00,93.00,0,0.010000,12,0
2315,20,-115.00,-145.00,0,0.010000,17,9
2316,20,-45.00,55.00,0,0.010000,10,1
2317,20,-120.00,-130.00,0,0.010000,16,13
2318,2,100.00,100.00,1,0.010000,0,0
2319,20,-125.00,-145.00,0,0.010000,17,12
2320,20,-17.00,-7.00,0,0.010000,10,1
2321,20,-125.00,-135.00,0,0.010000,15,13
2322,20,-20.00,80.00,0,0.010000,0,20
2323,2,89.00,39.00,1,0.010000,1,0
2324,20,93.00,93.00,0,0.010000,12,0
2325,20,-145.00,-125.00,0,0.010000,17,13
2326,20,-50.00,50.00,0,0.010000,11,1
2327,3,50.00,50.00,1,0.010000,1,0
2328,2,100.00,100.00,1,0.010000,0,0
2329,20,-140.00,-120.00,0,0.010000,16,12
2330,20,39.00,49.00,0,0.010000,10,0
2331,20,-130.00,-130.00,0,0.010000,18,9
2332,1,50.00,50.00,1,0.010000,0,0
2333,20,-30.00,-9.00,0,0.010000,11,0
2334,20,93.00,93.00,0,0.010000,12,0
2335,20,-130.00,-130.00,0,0.010000,16,13
2336,20,-60.00,20.00,0,0.010000,12,0
2337,20,-130.00,-160.00,0,0.010000,18,11
2338,2,100.00,100.00,1,0.010000,0,0
2339,20,-140.00,-130.00,0,0.010000,16,13
2340,20,39.00,49.00,0,0.010000,10,0
2341,20,-145.00,-115.00,0,0.010000,17,12
2342,20,15.00,-25.00,0,0.010000,9,1
2343,3,99.00,89.00,1,0.010000,1,0
2344,20,93.00,93.00,0,0.010000,12,0
2345,20,-125.00,-155.00,0,0.010000,17,10
2346,20,-40.00,20.00,0,0.010000,11,0
2347,3,58.00,99.00,1,0.010000,0,0
2348,2,100.00,100.00,1,0.010000,0,0
2349,20,-110.00,-150.00,0,0.010000,18,9
2350,20,39.00,49.00,0,0.010000,10,0
2351,20,-120.00,-130.00,0,0.010000,16,10
2352,20,-145.00,-135.00,0,0.010000,17,11
2353,20,60.00,-30.00,0,0.010000,10,0
2354,20,93.00,93.00,0,0.010000,12,0
2355,20,-130.00,-120.00,0,0.010000,16,12
2356,20,-40.00,20.00,0,0.010000,11,0
2357,20,-125.00,-135.00,0,0.010000,17,12
2358,2,100.00,100.00,1,0.010000,0,0
2359,20,-110.00,-130.00,0,0.010000,16,13
2360,20,39.00,49.00,0,0.010000,10,0
2361,20,-110.00,-140.00,0,0.010000,16,12
2362,20,-155.00,-145.00,0,0.010000,17,12
2363,2,89.00,100.00,1,0.010000,0,0
2364,20,93.00,93.00,0,0.010000,12,0
2365,20,-130.00,-110.00,0,0.010000,16,12
2366,20,-40.00,20.00,0,0.010000,11,0
2367,20,0.00,0.00,0,0.010000,10,0
2368,2,100.00,100.00,1,0.010000,0,0
2369,20,-140.00,-130.00,0,0.010000,16,10
2370,20,-17.00,-7.00,0,0.010000,10,1
2371,20,-135.00,-135.00,0,0.010000,17,13
2372,20,-135.00,-125.00,0,0.010000,17,9
2373,1,50.00,50.00,1,0.010000,0,0
2374,20,93.00,93.00,0,0.010000,12,0
2375,20,-120.00,-140.00,0,0.010000,18,11
2376,20,-40.00,20.00,0,0.010000,11,0
2377,20,-36.00,-46.00,0,0.010000,14,0
2378,2,100.00,100.00,1,0.010000,0,0
2379,20,-120.00,-130.00,0,0.010000,16,11
2380,20,39.00,49.00,0,0.010000,10,0
2381,20,-140.00,-130.00,0,0.010000,16,11
2382,20,-150.00,-130.00,0,0.010000,18,10
2383,2,100.00,100.00,1,0.010000,0,0
2384,20,93.00,93.00,0,0.010000,12,0
2385,20,-130.00,-130.00,0,0.010000,14,13
2386,20,-40.00,20.00,0,0.010000,11,0
2387,20,-140.00,-140.00,0,0.010000,18,9
2388,2,100.00,100.00,1,0.010000,0,0
2389,20,-135.00,-125.00,0,0.010000,17,12
2390,20,39.00,49.00,0,0.010000,10,0
2391,20,-145.00,-115.00,0,0.010000,15,14
2392,20,-130.00,-130.00,0,0.010000,16,11
2393,20,-120.00,-150.00,0,0.010000,16,14
2394,20,93.00,93.00,0,0.010000,12,0
2395,20,-125.00,-135.00,0,0.010000,17,11
2396,20,-40.00,20.00,0,0.010000,11,0
2397,1,50.00,50.00,1,0.010000,0,0
2398,2,100.00,100.00,1,0.010000,0,0
2399,20,-140.00,-140.00,0,0.010000,16,12
2400,20,39.00,49.00,0,0.010000,10,0
2401,20,-115.00,-125.00,0,0.010000,17,11
2402,20,-135.00,-125.00,0,0.010000,17,12
2403,3,99.00,89.00,1,0.010000,1,0
2404,20,93.00,93.00,0,0.010000,12,0
2405,20,-150.00,-120.00,0,0.010000,18,11
2406,20,-60.00,20.00,0,0.010000,12,0
2407,20,-135.00,-125.00,0,0.010000,17,13
2408,2,100.00,100.00,1,0.010000,0,0
2409,20,-145.00,-135.00,0,0.010000,17,11
2410,20,-22.00,-2.00,0,0.010000,11,1
2411,20,-130.00,-120.00,0,0.010000,18,11
2412,20,60.00,-30.00,0,0.010000,10,0
2413,20,-7.00,3.00,0,0.010000,14,0
2414,20,93.00,93.00,0,0.010000,12,0
2415,20,-135.00,-125.00,0,0.010000,15,11
2416,20,-40.00,20.00,0,0.010000,11,0
2417,20,-150.00,-130.00,0,0.010000,16,13
2418,2,100.00,100.00,1,0.010000,0,0
2419,20,-120.00,-130.00,0,0.010000,16,11
2420,20,-34.00,-14.00,0,0.010000,12,0
2421,20,-125.00,-135.00,0,0.010000,15,12
2422,20,32.00,32.00,0,0.010000,10,3
2423,20,-125.00,-145.00,0,0.010000,17,13
2424,20,93.00,93.00,0,0.010000,12,0
2425,20,-115.00,-135.00,0,0.010000,17,10
2426,20,-40.00,20.00,0,0.010000,11,0
2427,20,27.00,37.00,0,0.010000,11,1
2428,2,100.00,100.00,1,0.010000,0,0
2429,20,-125.00,-115.00,0,0.010000,17,11
2430,20,39.00,49.00,0,0.010000,10,0
2431,20,-140.00,-140.00,0,0.010000,18,10
2432,0,0.00,0.00,1,0.010000,0,0
2433,20,-115.00,-145.00,0,0.010000,17,10
2434,20,43.00,53.00,0,0.010000,13,1
2435,20,-140.00,-120.00,0,0.010000,16,12
2436,20,-40.00,20.00,0,0.010000,11,0
2437,20,22.00,-50.00,0,0.010000,11,1
2438,2,100.00,100.00,1,0.010000,0,0
2439,20,-135.00,-115.00,0,0.010000,15,13
2440,20,-5.00,35.00,0,0.010000,12,2
2441,20,-130.00,-130.00,0,0.010000,16,12
2442,20,161.00,21.00,0,0.010000,1,18
2443,2,100.00,100.00,1,0.010000,0,0
2444,20,93.00,93.00,0,0.010000,12,0
2445,20,-125.00,-145.00,0,0.010000,17,11
2446,20,-40.00,20.00,0,0.010000,11,0
2447,20,-120.00,-130.00,0,0.010000,16,11
2448,4,100.00,100.00,1,0.010000,1,0
2449,20,-120.00,-130.00,0,0.010000,16,12
2450,20,-12.00,-12.00,0,0.010000,11,1
2451,20,-135.00,-145.00,0,0.010000,17,11
2452,20,43.00,43.00,0,0.010000,13,0
2453,20,-35.00,15.00,0,0.010000,10,1
2454,20,93.00,93.00,0,0.010000,12,0
2455,20,-140.00,-130.00,0,0.010000,16,12
2456,20,-50.00,50.00,0,0.010000,11,1
2457,20,-140.00,-130.00,0,0.010000,18,12
2458,2,100.00,100.00,1,0.010000,0,0
2459,20,-145.00,-125.00,0,0.010000,17,10
2460,20,39.00,49.00,0,0.010000,10,0
2461,20,-120.00,-130.00,0,0.010000,16,13
2462,20,13.00,13.00,0,0.010000,13,0
2463,20,-160.00,-140.00,0,0.010000,16,12
2464,20,93.00,93.00,0,0.010000,12,0
2465,20,-135.00,-125.00,0,0.010000,15,11
2466,20,-40.00,20.00,0,0.010000,11,0
2467,20,-125.00,-125.00,0,0.010000,17,10
2468,2,100.00,100.00,1,0.010000,0,0
2469,20,-125.00,-135.00,0,0.010000,17,11
2470,20,-12.00,-12.00,0,0.010000,11,1
2471,20,-125.00,-135.00,0,0.010000,15,13
2472,0,0.00,0.00,1,0.010000,0,0
2473,1,50.00,50.00,1,0.010000,0,0
2474,20,93.00,93.00,0,0.010000,12,0
2475,20,-125.00,-125.00,0,0.010000,17,13
2476,20,-40.00,20.00,0,0.010000,11,0
2477,1,50.00,4.00,1,0.010000,0,0
2478,2,100.00,100.00,1,0.010000,0,0
2479,20,-130.00,-140.00,0,0.010000,16,12
2480,20,39.00,49.00,0,0.010000,10,0
2481,20,-145.00,-135.00,0,0.010000,17,13
2482,20,-125.00,-125.00,0,0.010000,17,11
2483,2,100.00,100.00,1,0.010000,0,0
2484,20,93.00,93.00,0,0.010000,12,0
2485,20,-135.00,-115.00,0,0.010000,17,11
2486,20,-40.00,20.00,0,0.010000,11,0
2487,20,-70.00,22.00,0,0.010000,13,1
2488,2,100.00,100.00,1,0.010000,0,0
2489,20,-135.00,-125.00,0,0.010000,17,11
2490,20,39.00,49.00,0,0.010000,10,0
2491,20,-130.00,-130.00,0,0.010000,16,11
2492,20,161.00,21.00,0,0.010000,1,18
2493,20,-30.00,60.00,0,0.010000,10,0
2494,20,93.00,93.00,0,0.010000,12,0
2495,20,-130.00,-140.00,0,0.010000,16,12
2496,20,-40.00,20.00,0,0.010000,11,0
2497,1,50.00,4.00,1,0.010000,0,0
2498,2,100.00,100.00,1,0.010000,0,0
2499,20,-145.00,-125.00,0,0.010000,15,10
2500,20,17.00,47.00,0,0.010000,11,0
2501,20,-130.00,-120.00,0,0.010000,16,12
2502,20,21.00,172.00,0,0.010000,1,18
2503,20,93.00,93.00,0,0.010000,12,0
2504,20,93.00,93.00,0,0.010000,12,0
2505,20,-130.00,-140.00,0,0.010000,16,11
2506,20,-40.00,20.00,0,0.010000,11,0
2507,20,-130.00,-140.00,0,0.010000,18,12
2508,2,100.00,100.00,1,0.010000,0,0
2509,20,-110.00,-140.00,0,0.010000,16,13
2510,20,-22.00,-2.00,0,0.010000,11,0
2511,20,-125.00,-135.00,0,0.010000,19,9
2512,20,-155.00,-115.00,0,0.010000,15,12
2513,20,-130.00,-160.00,0,0.010000,16,13
2514,20,93.00,93.00,0,0.010000,12,0
2515,20,-130.00,-130.00,0,0.010000,16,11
2516,20,-40.00,20.00,0,0.010000,11,0
2517,20,-135.00,-145.00,0,0.010000,17,11
2518,2,100.00,100.00,1,0.010000,0,0
2519,20,-125.00,-135.00,0,0.010000,17,11
2520,20,39.00,49.00,0,0.010000,10,0
2521,20,-115.00,-145.00,0,0.010000,17,12
2522,20,161.00,21.00,0,0.010000,1,18
2523,20,-150.00,-120.00,0,0.010000,16,11
2524,20,93.00,93.00,0,0.010000,12,0
2525,20,-120.00,-130.00,0,0.010000,16,11
2526,20,-40.00,20.00,0,0.010000,11,0
2527,20,-145.00,-125.00,0,0.010000,19,11
2528,2,100.00,100.00,1,0.010000,0,0
2529,20,-125.00,-135.00,0,0.010000,17,10
2530,20,39.00,49.00,0,0.010000,10,0
2531,20,-110.00,-140.00,0,0.010000,16,12
2532,20,31.00,126.00,0,0.010000,0,19
2533,20,-130.00,-130.00,0,0.010000,16,11
2534,20,93.00,93.00,0,0.010000,12,0
2535,20,-135.00,-125.00,0,0.010000,15,13
2536,20,-40.00,50.00,0,0.010000,11,1
2537,20,-140.00,-110.00,0,0.010000,16,12
2538,2,100.00,100.00,1,0.010000,0,0
2539,20,-110.00,-150.00,0,0.010000,16,14
2540,20,-12.00,-12.00,0,0.010000,11,1
2541,20,-145.00,-115.00,0,0.010000,17,9
2542,20,-125.00,-135.00,0,0.010000,17,11
2543,1,4.00,50.00,1,0.010000,0,0
2544,20,93.00,93.00,0,0.010000,12,0
2545,20,-130.00,-130.00,0,0.010000,18,11
2546,20,-40.00,20.00,0,0.010000,11,0
2547,20,-120.00,-170.00,0,0.010000,18,9
2548,2,100.00,100.00,1,0.010000,0,0
2549,20,-130.00,-130.00,0,0.010000,16,13
2550,20,39.00,49.00,0,0.010000,10,0
2551,20,-165.00,-115.00,0,0.010000,17,13
2552,20,196.00,21.00,0,0.010000,1,17
2553,20,191.00,11.00,0,0.010000,2,16
2554,20,62.00,52.00,0,0.010000,13,0
2555,20,-115.00,-125.00,0,0.010000,15,11
2556,20,-40.00,20.00,0,0.010000,11,0
2557,20,43.00,43.00,0,0.010000,13,0
2558,2,100.00,100.00,1,0.010000,0,0
2559,20,-150.00,-120.00,0,0.010000,18,10
2560,20,39.00,49.00,0,0.010000,10,0
2561,20,-110.00,-140.00,0,0.010000,16,11
2562,0,0.00,0.00,1,0.010000,0,0
2563,0,0.00,0.00,1,0.010000,0,0
2564,20,93.00,93.00,0,0.010000,12,0
2565,20,-135.00,-125.00,0,0.010000,17,14
2566,20,-40.00,20.00,0,0.010000,11,0
2567,2,89.00,39.00,1,0.010000,1,0
2568,2,100.00,100.00,1,0.010000,0,0
2569,20,-130.00,-120.00,0,0.010000,16,10
2570,20,39.00,49.00,0,0.010000,10,0
2571,20,-120.00,-140.00,0,0.010000,16,10
2572,20,13.00,13.00,0,0.010000,13,0
2573,20,39.00,39.00,0,0.010000,10,1
2574,20,93.00,93.00,0,0.010000,12,0
2575,20,-135.00,-125.00,0,0.010000,15,11
2576,20,-40.00,20.00,0,0.010000,11,0
2577,20,-145.00,-135.00,0,0.010000,17,9
2578,2,100.00,100.00,1,0.010000,0,0
2579,20,-120.00,-130.00,0,0.010000,16,13
2580,20,39.00,49.00,0,0.010000,10,0
2581,20,-120.00,-140.00,0,0.010000,16,14
2582,0,0.00,0.00,1,0.010000,0,0
2583,20,31.00,126.00,0,0.010000,0,19
2584,20,93.00,93.00,0,0.010000,12,0
2585,20,-130.00,-120.00,0,0.010000,16,12
2586,20,-40.00,50.00,0,0.010000,11,1
2587,0,0.00,0.00,1,0.010000,0,0
2588,2,100.00,100.00,1,0.010000,0,0
2589,20,-125.00,-145.00,0,0.010000,17,11
2590,20,-22.00,-12.00,0,0.010000,11,1
2591,20,-130.00,-130.00,0,0.010000,16,11
2592,20,-125.00,-135.00,0,0.010000,17,12
2593,0,0.00,0.00,1,0.010000,0,0
2594,20,13.00,13.00,0,0.010000,13,0
2595,20,-130.00,-130.00,0,0.010000,16,12
2596,20,-40.00,20.00,0,0.010000,11,0
2597,1,50.00,50.00,1,0.010000,0,0
2598,2,100.00,100.00,1,0.010000,0,0
2599,20,-130.00,-130.00,0,0.010000,16,11
2600,20,39.00,49.00,0,0.010000,10,0
2601,20,-130.00,-130.00,0,0.010000,16,12
2602,0,0.00,0.00,1,0.010000,0,0
2603,20,93.00,93.00,0,0.010000,12,0
2604,20,93.00,93.00,0,0.010000,12,0
2605,20,-125.00,-135.00,0,0.010000,17,12
2606,20,-40.00,20.00,0,0.010000,11,0
2607,20,-150.00,-120.00,0,0.010000,16,11
2608,2,100.00,100.00,1,0.010000,0,0
2609,20,-125.00,-135.00,0,0.010000,17,12
2610,20,17.00,47.00,0,0.010000,11,0
2611,20,-150.00,-110.00,0,0.010000,18,10
2612,2,8.00,100.00,1,0.010000,0,0
2613,1,50.00,4.00,1,0.010000,0,0
2614,20,93.00,93.00,0,0.010000,12,0
2615,20,-130.00,-140.00,0,0.010000,16,14
2616,20,-40.00,20.00,0,0.010000,11,0
2617,20,-120.00,-140.00,0,0.010000,18,10
2618,2,100.00,100.00,1,0.010000,0,0
2619,20,-130.00,-130.00,0,0.010000,16,11
2620,20,39.00,49.00,0,0.010000,10,0
2621,20,-125.00,-145.00,0,0.010000,17,11
2622,20,-40.00,20.00,0,0.010000,11,0
2623,20,-140.00,-120.00,0,0.010000,16,12
2624,20,93.00,93.00,0,0.010000,12,0
2625,20,-110.00,-130.00,0,0.010000,16,11
2626,20,-45.00,55.00,0,0.010000,10,1
2627,0,0.00,0.00,1,0.010000,0,0
2628,2,100.00,100.00,1,0.010000,0,0
2629,20,-115.00,-145.00,0,0.010000,17,12
2630,20,39.00,49.00,0,0.010000,10,0
2631,20,-110.00,-130.00,0,0.010000,16,12
2632,20,-36.00,-46.00,0,0.010000,14,0
2633,20,-150.00,-110.00,0,0.010000,18,10
2634,20,93.00,93.00,0,0.010000,12,0
2635,20,-160.00,-120.00,0,0.010000,16,11
2636,20,-40.00,20.00,0,0.010000,11,0
2637,20,196.00,21.00,0,0.010000,1,17
2638,2,100.00,100.00,1,0.010000,0,0
2639,20,-140.00,-130.00,0,0.010000,16,11
2640,20,-12.00,-12.00,0,0.010000,11,1
2641,20,-135.00,-135.00,0,0.010000,17,12
2642,20,31.00,126.00,0,0.010000,0,19
2643,20,-130.00,-120.00,0,0.010000,16,13
2644,20,93.00,93.00,0,0.010000,12,0
2645,20,-145.00,-135.00,0,0.010000,17,10
2646,20,-40.00,20.00,0,0.010000,11,0
2647,20,161.00,21.00,0,0.010000,1,18
2648,2,100.00,100.00,1,0.010000,0,0
2649,20,-125.00,-135.00,0,0.010000,17,12
2650,20,39.00,49.00,0,0.010000,10,0
2651,20,-145.00,-125.00,0,0.010000,17,9
2652,20,118.00,33.00,0,0.010000,1,17
2653,20,21.00,161.00,0,0.010000,1,18
2654,20,93.00,93.00,0,0.010000,12,0
2655,20,-125.00,-135.00,0,0.010000,17,11
2656,20,-40.00,20.00,0,0.010000,11,0
2657,20,4.00,4.00,0,0.010000,13,0
2658,2,100.00,100.00,1,0.010000,0,0
2659,20,-135.00,-125.00,0,0.010000,17,10
2660,20,27.00,37.00,0,0.010000,11,0
2661,20,-140.00,-110.00,0,0.010000,16,14
2662,20,-115.00,-145.00,0,0.010000,15,10
2663,20,126.00,31.00,0,0.010000,0,19
2664,20,93.00,93.00,0,0.010000,12,0
2665,20,-125.00,-125.00,0,0.010000,17,11
2666,20,-40.00,20.00,0,0.010000,11,0
2667,2,8.00,100.00,1,0.010000,0,0
2668,2,100.00,100.00,1,0.010000,0,0
2669,20,-120.00,-130.00,0,0.010000,16,13
2670,20,39.00,49.00,0,0.010000,10,0
2671,20,-120.00,-150.00,0,0.010000,18,12
2672,0,0.00,0.00,1,0.010000,0,0
2673,0,0.00,0.00,1,0.010000,0,0
2674,20,13.00,13.00,0,0.010000,13,0
2675,20,-115.00,-135.00,0,0.010000,17,12
2676,20,-40.00,20.00,0,0.010000,11,0
2677,2,100.00,100.00,1,0.010000,0,0
2678,2,100.00,100.00,1,0.010000,0,0
2679,20,-125.00,-125.00,0,0.010000,17,12
2680,20,39.00,49.00,0,0.010000,10,0
2681,20,-150.00,-110.00,0,0.010000,16,9
2682,1,50.00,50.00,1,0.010000,0,0
2683,20,161.00,21.00,0,0.010000,1,18
2684,20,93.00,93.00,0,0.010000,12,0
2685,20,-135.00,-125.00,0,0.010000,15,14
2686,20,-40.00,20.00,0,0.010000,11,0
2687,20,-135.00,-125.00,0,0.010000,17,12
2688,2,100.00,100.00,1,0.010000,0,0
2689,20,-140.00,-140.00,0,0.010000,16,10
2690,20,39.00,49.00,0,0.010000,10,0
2691,20,-105.00,-145.00,0,0.010000,15,13
2692,20,49.00,39.00,0,0.010000,10,0
2693,3,50.00,50.00,1,0.010000,1,0
2694,20,93.00,93.00,0,0.010000,12,0
2695,20,-150.00,-120.00,0,0.010000,16,10
2696,20,-40.00,20.00,0,0.010000,11,0
2697,20,-105.00,-155.00,0,0.010000,17,12
2698,2,100.00,100.00,1,0.010000,0,0
2699,20,-110.00,-130.00,0,0.010000,16,11
2700,20,39.00,49.00,0,0.010000,10,0
2701,20,-145.00,-115.00,0,0.010000,17,12
2702,20,196.00,21.00,0,0.010000,1,17
2703,20,-20.00,80.00,0,0.010000,0,20
2704,20,93.00,93.00,0,0.010000,12,0
2705,20,-120.00,-140.00,0,0.010000,16,12
2706,20,-45.00,55.00,0,0.010000,10,1
2707,20,-61.00,-51.00,0,0.010000,11,1
2708,2,100.00,100.00,1,0.010000,0,0
2709,20,-135.00,-125.00,0,0.010000,15,12
2710,20,-22.00,-2.00,0,0.010000,11,1
2711,20,-125.00,-125.00,0,0.010000,17,11
2712,1,50.00,50.00,1,0.010000,0,0
2713,3,99.00,89.00,1,0.010000,1,0
2714,20,93.00,93.00,0,0.010000,12,0
2715,20,-135.00,-115.00,0,0.010000,17,12
2716,20,-40.00,20.00,0,0.010000,11,0
2717,20,-140.00,-120.00,0,0.010000,18,12
2718,2,100.00,100.00,1,0.010000,0,0
2719,20,-140.00,-130.00,0,0.010000,14,12
2720,20,39.00,49.00,0,0.010000,10,0
2721,20,-105.00,-155.00,0,0.010000,17,11
2722,20,-50.00,0.00,0,0.010000,12,3
2723,20,-40.00,50.00,0,0.010000,11,2
2724,20,93.00,93.00,0,0.010000,12,0
2725,20,-130.00,-130.00,0,0.010000,16,12
2726,20,-40.00,20.00,0,0.010000,11,0
2727,20,188.00,13.00,0,0.010000,3,15
2728,2,100.00,100.00,1,0.010000,0,0
2729,20,-130.00,-120.00,0,0.010000,18,10
2730,20,39.00,49.00,0,0.010000,10,0
2731,20,-150.00,-110.00,0,0.010000,16,13
2732,2,100.00,100.00,1,0.010000,0,0
2733,20,-140.00,-130.00,0,0.010000,16,13
2734,20,93.00,93.00,0,0.010000,12,0
2735,20,-140.00,-120.00,0,0.010000,16,10
2736,20,-40.00,20.00,0,0.010000,11,0
2737,20,196.00,21.00,0,0.010000,1,17
2738,2,100.00,100.00,1,0.010000,0,0
2739,20,-130.00,-120.00,0,0.010000,16,15
2740,20,39.00,49.00,0,0.010000,10,0
2741,20,-135.00,-135.00,0,0.010000,17,10
2742,20,-40.00,20.00,0,0.010000,11,0
2743,20,13.00,13.00,0,0.010000,13,0
2744,20,93.00,93.00,0,0.010000,12,0
2745,20,-125.00,-125.00,0,0.010000,17,12
2746,20,-40.00,20.00,0,0.010000,11,0
2747,20,44.00,44.00,0,0.010000,9,1
2748,2,100.00,100.00,1,0.010000,0,0
2749,20,-130.00,-150.00,0,0.010000,18,11
2750,20,39.00,49.00,0,0.010000,10,0
2751,20,-130.00,-130.00,0,0.010000,16,12
2752,20,-130.00,-120.00,0,0.010000,16,13
2753,20,-140.00,-130.00,0,0.010000,18,9
2754,20,93.00,93.00,0,0.010000,12,0
2755,20,-115.00,-135.00,0,0.010000,15,12
2756,20,-50.00,50.00,0,0.010000,11,1
2757,0,0.00,0.00,1,0.010000,0,0
2758,2,100.00,100.00,1,0.010000,0,0
2759,20,-135.00,-135.00,0,0.010000,15,8
2760,20,39.00,49.00,0,0.010000,10,0
2761,20,-120.00,-130.00,0,0.010000,16,13
2762,4,32.00,32.00,1,0.010000,2,3
2763,20,-140.00,-130.00,0,0.010000,16,11
2764,20,93.00,93.00,0,0.010000,12,0
2765,20,-130.00,-160.00,0,0.010000,18,10
2766,20,-40.00,20.00,0,0.010000,11,0
2767,1,50.00,50.00,1,0.010000,0,0
2768,2,100.00,100.00,1,0.010000,0,0
2769,20,-125.00,-125.00,0,0.010000,17,12
2770,20,39.00,49.00,0,0.010000,10,0
2771,20,-140.00,-140.00,0,0.010000,18,13
2772,20,43.00,43.00,0,0.010000,13,1
2773,0,0.00,0.00,1,0.010000,0,0
2774,20,93.00,93.00,0,0.010000,12,0
2775,20,-140.00,-130.00,0,0.010000,16,12
2776,20,-40.00,20.00,0,0.010000,11,0
2777,20,-130.00,-130.00,0,0.010000,16,11
2778,2,100.00,100.00,1,0.010000,0,0
2779,20,-130.00,-130.00,0,0.010000,16,12
2780,20,39.00,49.00,0,0.010000,10,0
2781,20,-135.00,-115.00,0,0.010000,15,12
2782,20,31.00,157.00,0,0.010000,1,18
2783,0,0.00,0.00,1,0.010000,0,0
2784,20,93.00,93.00,0,0.010000,12,0
2785,20,-145.00,-115.00,0,0.010000,17,11
2786,20,-40.00,20.00,0,0.010000,11,0
2787,20,161.00,21.00,0,0.010000,1,18
2788,2,100.00,100.00,1,0.010000,0,0
2789,20,-130.00,-120.00,0,0.010000,16,10
2790,20,39.00,49.00,0,0.010000,10,0
2791,20,-105.00,-145.00,0,0.010000,15,12
2792,20,93.00,93.00,0,0.010000,12,0
2793,20,-115.00,-135.00,0,0.010000,17,13
2794,20,93.00,93.00,0,0.010000,12,0
2795,20,-135.00,-125.00,0,0.010000,15,11
2796,20,-40.00,20.00,0,0.010000,11,0
2797,20,-125.00,-135.00,0,0.010000,17,12
2798,2,100.00,100.00,1,0.010000,0,0
2799,20,-125.00,-135.00,0,0.010000,17,13
2800,20,39.00,49.00,0,0.010000,10,0
2801,20,-130.00,-120.00,0,0.010000,16,10
2802,20,126.00,31.00,0,0.010000,0,19
2803,20,-125.00,-145.00,0,0.010000,17,10
2804,20,48.00,48.00,0,0.010000,12,1
2805,20,-125.00,-135.00,0,0.010000,17,12
2806,20,-40.00,20.00,0,0.010000,11,0
2807,2,89.00,39.00,1,0.010000,1,0
2808,2,100.00,100.00,1,0.010000,0,0
2809,20,-140.00,-120.00,0,0.010000,16,12
2810,20,39.00,49.00,0,0.010000,10,0
2811,20,-115.00,-135.00,0,0.010000,17,11
2812,20,196.00,11.00,0,0.010000,2,17
2813,0,0.00,0.00,1,0.010000,0,0
2814,20,93.00,93.00,0,0.010000,12,0
2815,20,-130.00,-120.00,0,0.010000,16,10
2816,20,-40.00,20.00,0,0.010000,11,0
2817,20,-135.00,-145.00,0,0.010000,17,10
2818,2,100.00,100.00,1,0.010000,0,0
2819,20,-120.00,-140.00,0,0.010000,16,9
2820,20,39.00,49.00,0,0.010000,10,0
2821,20,-135.00,-115.00,0,0.010000,17,12
2822,1,50.00,4.00,1,0.010000,0,0
2823,20,-125.00,-145.00,0,0.010000,17,10
2824,20,93.00,93.00,0,0.010000,12,0
2825,20,-135.00,-135.00,0,0.010000,17,13
2826,20,-40.00,20.00,0,0.010000,11,0
2827,1,4.00,50.00,1,0.010000,0,0
2828,2,100.00,100.00,1,0.010000,0,0
2829,20,-125.00,-145.00,0,0.010000,17,12
2830,20,-17.00,-7.00,0,0.010000,10,1
2831,20,-140.00,-120.00,0,0.010000,16,12
2832,20,-125.00,-135.00,0,0.010000,17,10
2833,20,126.00,21.00,0,0.010000,1,19
2834,20,93.00,93.00,0,0.010000,12,0
2835,20,-130.00,-110.00,0,0.010000,16,12
2836,20,-50.00,50.00,0,0.010000,11,1
2837,20,-130.00,-150.00,0,0.010000,16,13
2838,2,100.00,100.00,1,0.010000,0,0
2839,20,-140.00,-120.00,0,0.010000,16,13
2840,20,39.00,49.00,0,0.010000,10,0
2841,20,-125.00,-135.00,0,0.010000,17,12
2842,20,-150.00,-120.00,0,0.010000,18,9
2843,20,23.00,153.00,0,0.010000,2,16
2844,20,93.00,93.00,0,0.010000,12,0
2845,20,-135.00,-125.00,0,0.010000,17,12
2846,20,-40.00,20.00,0,0.010000,11,0
2847,20,-40.00,50.00,0,0.010000,11,1
2848,2,100.00,100.00,1,0.010000,0,0
2849,20,-110.00,-130.00,0,0.010000,16,10
2850,20,39.00,49.00,0,0.010000,10,0
2851,20,-145.00,-115.00,0,0.010000,17,11
2852,20,10.00,-50.00,0,0.010000,12,1
2853,20,-120.00,-140.00,0,0.010000,16,12
2854,20,93.00,93.00,0,0.010000,12,0
2855,20,-110.00,-150.00,0,0.010000,16,10
2856,20,-40.00,20.00,0,0.010000,11,0
2857,1,50.00,50.00,1,0.010000,0,0
2858,2,100.00,100.00,1,0.010000,0,0
2859,20,-135.00,-125.00,0,0.010000,17,12
2860,20,39.00,49.00,0,0.010000,10,0
2861,20,-120.00,-130.00,0,0.010000,16,12
2862,0,0.00,0.00,1,0.010000,0,0
2863,20,31.00,126.00,0,0.010000,0,19
2864,20,93.00,93.00,0,0.010000,12,0
2865,20,-135.00,-125.00,0,0.010000,17,13
2866,20,-40.00,20.00,0,0.010000,11,0
2867,20,-120.00,-140.00,0,0.010000,16,14
2868,2,100.00,100.00,1,0.010000,0,0
2869,20,-130.00,-130.00,0,0.010000,16,12
2870,20,39.00,49.00,0,0.010000,10,0
2871,20,-130.00,-150.00,0,0.010000,16,10
2872,1,50.00,50.00,1,0.010000,0,0
2873,20,45.00,-65.00,0,0.010000,12,4
2874,20,93.00,93.00,0,0.010000,12,0
2875,20,-145.00,-125.00,0,0.010000,15,11
2876,20,-40.00,20.00,0,0.010000,11,0
2877,20,-30.00,60.00,0,0.010000,10,0
2878,2,100.00,100.00,1,0.010000,0,0
2879,20,-130.00,-130.00,0,0.010000,16,11
2880,20,-22.00,-12.00,0,0.010000,11,1
2881,20,-135.00,-115.00,0,0.010000,17,11
2882,20,13.00,13.00,0,0.010000,13,0
2883,20,-37.00,-37.00,0,0.010000,14,1
2884,20,93.00,93.00,0,0.010000,12,0
2885,20,-115.00,-125.00,0,0.010000,17,12
2886,20,-40.00,20.00,0,0.010000,11,0
2887,20,-130.00,-140.00,0,0.010000,16,15
2888,2,100.00,100.00,1,0.010000,0,0
2889,20,-125.00,-135.00,0,0.010000,19,12
2890,20,39.00,49.00,0,0.010000,10,0
2891,20,-140.00,-110.00,0,0.010000,16,12
2892,20,13.00,13.00,0,0.010000,13,0
2893,20,0.00,0.00,0,0.010000,10,0
2894,20,48.00,48.00,0,0.010000,12,1
2895,20,-130.00,-140.00,0,0.010000,16,12
2896,20,-50.00,60.00,0,0.010000,11,1
2897,0,0.00,0.00,1,0.010000,0,0
2898,2,100.00,100.00,1,0.010000,0,0
2899,20,-140.00,-130.00,0,0.010000,16,12
2900,20,39.00,49.00,0,0.010000,10,0
2901,20,-120.00,-130.00,0,0.010000,16,12
2902,20,55.00,-55.00,0,0.010000,11,2
2903,2,100.00,100.00,1,0.010000,0,0
2904,20,93.00,93.00,0,0.010000,12,0
2905,20,-140.00,-120.00,0,0.010000,16,11
2906,20,-40.00,20.00,0,0.010000,11,0
2907,2,100.00,100.00,1,0.010000,0,0
2908,2,100.00,100.00,1,0.010000,0,0
2909,20,-115.00,-125.00,0,0.010000,17,10
2910,20,39.00,49.00,0,0.010000,10,0
2911,20,-120.00,-150.00,0,0.010000,18,11
2912,20,-155.00,-105.00,0,0.010000,15,12
2913,2,89.00,100.00,1,0.010000,0,0
2914,20,93.00,93.00,0,0.010000,12,0
2915,20,-115.00,-145.00,0,0.010000,17,12
2916,20,-40.00,20.00,0,0.010000,11,0
2917,20,-130.00,-130.00,0,0.010000,16,14
2918,2,100.00,100.00,1,0.010000,0,0
2919,20,-150.00,-120.00,0,0.010000,16,12
2920,20,39.00,49.00,0,0.010000,10,0
2921,20,-135.00,-135.00,0,0.010000,17,12
2922,20,-30.00,60.00,0,0.010000,10,0
2923,3,50.00,50.00,1,0.010000,1,0
2924,20,93.00,93.00,0,0.010000,12,0
2925,20,-125.00,-125.00,0,0.010000,17,12
2926,20,-40.00,20.00,0,0.010000,11,0
2927,3,99.00,89.00,1,0.010000,1,0
2928,2,100.00,100.00,1,0.010000,0,0
2929,20,-120.00,-140.00,0,0.010000,16,11
2930,20,39.00,49.00,0,0.010000,10,0
2931,20,-115.00,-125.00,0,0.010000,17,11
2932,20,4.00,4.00,0,0.010000,13,0
2933,20,-115.00,-135.00,0,0.010000,15,13
2934,20,93.00,93.00,0,0.010000,12,0
2935,20,-125.00,-115.00,0,0.010000,15,10
2936,20,-40.00,20.00,0,0.010000,11,0
2937,20,21.00,172.00,0,0.010000,1,18
2938,2,100.00,100.00,1,0.010000,0,0
2939,20,-125.00,-135.00,0,0.010000,17,11
2940,20,39.00,49.00,0,0.010000,10,0
2941,20,-135.00,-125.00,0,0.010000,17,10
2942,20,-115.00,-145.00,0,0.010000,15,13
2943,0,0.00,0.00,1,0.010000,0,0
2944,20,93.00,93.00,0,0.010000,12,0
2945,20,-145.00,-135.00,0,0.010000,17,12
2946,20,-40.00,20.00,0,0.010000,11,0
2947,20,0.00,0.00,0,0.010000,10,0
2948,2,100.00,100.00,1,0.010000,0,0
2949,20,-135.00,-105.00,0,0.010000,17,11
2950,20,39.00,49.00,0,0.010000,10,0
2951,20,-135.00,-135.00,0,0.010000,17,12
2952,20,23.00,153.00,0,0.010000,2,16
2953,20,-130.00,-130.00,0,0.010000,16,11
2954,20,93.00,93.00,0,0.010000,12,0
2955,20,-130.00,-130.00,0,0.010000,18,12
2956,20,-40.00,50.00,0,0.010000,11,1
2957,20,93.00,93.00,0,0.010000,12,0
2958,2,100.00,100.00,1,0.010000,0,0
2959,20,-140.00,-130.00,0,0.010000,16,13
2960,20,-22.00,-2.00,0,0.010000,11,1
2961,20,-130.00,-130.00,0,0.010000,16,12
2962,20,-130.00,-150.00,0,0.010000,16,14
2963,2,89.00,49.00,1,0.010000,0,0
2964,20,93.00,93.00,0,0.010000,12,0
2965,20,-125.00,-135.00,0,0.010000,15,10
2966,20,-40.00,20.00,0,0.010000,11,0
2967,2,100.00,100.00,1,0.010000,0,0
2968,2,100.00,100.00,1,0.010000,0,0
2969,20,-140.00,-110.00,0,0.010000,16,11
2970,20,39.00,49.00,0,0.010000,10,0
2971,20,-140.00,-120.00,0,0.010000,16,10
2972,1,50.00,50.00,1,0.010000,0,0
2973,20,-20.00,-20.00,0,0.010000,10,0
2974,20,93.00,93.00,0,0.010000,12,0
2975,20,-125.00,-115.00,0,0.010000,17,12
2976,20,-40.00,20.00,0,0.010000,11,0
2977,1,50.00,50.00,1,0.010000,0,0
2978,2,100.00,100.00,1,0.010000,0,0
2979,20,-110.00,-150.00,0,0.010000,18,10
2980,20,39.00,49.00,0,0.010000,10,0
2981,20,-105.00,-135.00,0,0.010000,15,12
2982,1,50.00,4.00,1,0.010000,0,0
2983,2,100.00,100.00,1,0.010000,0,0
2984,20,93.00,93.00,0,0.010000,12,0
2985,20,-120.00,-150.00,0,0.010000,16,10
2986,20,-40.00,20.00,0,0.010000,11,0
2987,20,-130.00,-130.00,0,0.010000,16,12
2988,2,100.00,100.00,1,0.010000,0,0
2989,20,-130.00,-130.00,0,0.010000,16,13
2990,20,39.00,49.00,0,0.010000,10,0
2991,20,-125.00,-125.00,0,0.010000,17,12
2992,0,0.00,0.00,1,0.010000,0,0
2993,20,-120.00,-120.00,0,0.010000,16,12
2994,20,93.00,93.00,0,0.010000,12,0
2995,20,-130.00,-130.00,0,0.010000,16,13
2996,20,-60.00,20.00,0,0.010000,12,0
2997,20,10.00,20.00,0,0.010000,11,3
2998,2,100.00,100.00,1,0.010000,0,0
2999,20,-130.00,-140.00,0,0.010000,16,12
3000,20,39.00,49.00,0,0.010000,10,0
3001,20,-125.00,-135.00,0,0.010000,17,11
3002,20,-170.00,-140.00,0,0.010000,18,8
3003,20,21.00,161.00,0,0.010000,1,18
3004,20,93.00,93.00,0,0.010000,12,0
3005,20,-150.00,-120.00,0,0.010000,18,12
3006,20,-40.00,20.00,0,0.010000,11,0
3007,1,4.00,50.00,1,0.010000,0,0
3008,2,100.00,100.00,1,0.010000,0,0
3009,20,-145.00,-135.00,0,0.010000,17,10
3010,20,39.00,49.00,0,0.010000,10,0
3011,20,-150.00,-130.00,0,0.010000,16,11
3012,1,50.00,50.00,1,0.010000,0,0
3013,2,100.00,100.00,1,0.010000,0,0
3014,20,93.00,93.00,0,0.010000,12,0
3015,20,-135.00,-115.00,0,0.010000,17,12
3016,20,-40.00,20.00,0,0.010000,11,0
3017,20,-105.00,-145.00,0,0.010000,15,10
3018,2,100.00,100.00,1,0.010000,0,0
3019,20,-115.00,-125.00,0,0.010000,17,11
3020,20,-17.00,-7.00,0,0.010000,10,1
3021,20,-125.00,-145.00,0,0.010000,17,13
3022,20,13.00,13.00,0,0.010000,13,0
3023,20,13.00,-7.00,0,0.010000,11,5
3024,20,93.00,93.00,0,0.010000,12,0
3025,20,-135.00,-125.00,0,0.010000,17,11
3026,20,-40.00,20.00,0,0.010000,11,0
3027,1,50.00,50.00,1,0.010000,0,0
3028,2,100.00,100.00,1,0.010000,0,0
3029,20,-150.00,-120.00,0,0.010000,16,11
3030,20,39.00,49.00,0,0.010000,10,0
3031,20,-130.00,-110.00,0,0.010000,16,12
3032,0,0.00,0.00,1,0.010000,0,0
3033,20,-35.00,26.00,0,0.010000,10,1
3034,20,93.00,93.00,0,0.010000,12,0
3035,20,-135.00,-115.00,0,0.010000,17,12
3036,20,-40.00,20.00,0,0.010000,11,0
3037,20,-135.00,-135.00,0,0.010000,15,12
3038,2,100.00,100.00,1,0.010000,0,0
3039,20,-120.00,-140.00,0,0.010000,18,10
3040,20,39.00,49.00,0,0.010000,10,0
3041,20,-110.00,-150.00,0,0.010000,16,11
3042,20,-7.00,3.00,0,0.010000,14,0
3043,20,-145.00,-135.00,0,0.010000,17,10
3044,20,93.00,93.00,0,0.010000,12,0
3045,20,-140.00,-120.00,0,0.010000,16,11
3046,20,-40.00,20.00,0,0.010000,11,0
3047,0,0.00,0.00,1,0.010000,0,0
3048,2,100.00,100.00,1,0.010000,0,0
3049,20,-130.00,-120.00,0,0.010000,16,12
3050,20,-12.00,-12.00,0,0.010000,11,1
3051,20,-145.00,-105.00,0,0.010000,17,10
3052,20,13.00,13.00,0,0.010000,13,0
3053,20,-140.00,-130.00,0,0.010000,16,14
3054,20,93.00,93.00,0,0.010000,12,0
3055,20,-130.00,-140.00,0,0.010000,18,12
3056,20,-40.00,20.00,0,0.010000,11,0
3057,3,58.00,99.00,1,0.010000,0,0
3058,2,100.00,100.00,1,0.010000,0,0
3059,20,-125.00,-135.00,0,0.010000,17,12
3060,20,39.00,49.00,0,0.010000,10,0
3061,20,-125.00,-145.00,0,0.010000,17,11
3062,20,-135.00,-125.00,0,0.010000,17,9
3063,20,-35.00,-35.00,0,0.010000,11,2
3064,20,53.00,43.00,0,0.010000,13,1
3065,20,-125.00,-125.00,0,0.010000,15,12
3066,20,-60.00,20.00,0,0.010000,12,0
3067,20,0.00,0.00,0,0.010000,10,0
3068,2,100.00,100.00,1,0.010000,0,0
3069,20,-115.00,-135.00,0,0.010000,17,10
3070,20,39.00,49.00,0,0.010000,10,0
3071,20,-125.00,-125.00,0,0.010000,17,12
3072,20,-150.00,-150.00,0,0.010000,16,11
3073,20,0.00,0.00,0,0.010000,10,0
3074,20,93.00,93.00,0,0.010000,12,0
3075,20,-105.00,-145.00,0,0.010000,17,11
3076,20,-40.00,20.00,0,0.010000,11,0
3077,20,-30.00,-9.00,0,0.010000,11,0
3078,2,100.00,100.00,1,0.010000,0,0
3079,20,-130.00,-120.00,0,0.010000,16,12
3080,20,39.00,49.00,0,0.010000,10,0
3081,20,-130.00,-120.00,0,0.010000,16,12
3082,20,-9.00,-30.00,0,0.010000,11,0
3083,20,-125.00,-125.00,0,0.010000,17,12
3084,20,93.00,93.00,0,0.010000,12,0
3085,20,-130.00,-120.00,0,0.010000,16,13
3086,20,-45.00,55.00,0,0.010000,10,1
3087,0,0.00,0.00,1,0.010000,0,0
3088,2,100.00,100.00,1,0.010000,0,0
3089,20,-130.00,-130.00,0,0.010000,16,13
3090,20,39.00,49.00,0,0.010000,10,0
3091,20,-130.00,-120.00,0,0.010000,16,12
3092,20,-125.00,-145.00,0,0.010000,17,12
3093,20,45.00,-45.00,0,0.010000,10,2
3094,20,93.00,93.00,0,0.010000,12,0
3095,20,-145.00,-135.00,0,0.010000,15,11
3096,20,-45.00,55.00,0,0.010000,10,1
3097,0,0.00,0.00,1,0.010000,0,0
3098,2,100.00,100.00,1,0.010000,0,0
3099,20,-120.00,-130.00,0,0.010000,18,12
3100,20,-12.00,-12.00,0,0.010000,11,1
3101,20,-115.00,-125.00,0,0.010000,15,13
3102,3,53.00,89.00,1,0.010000,1,1
3103,20,-155.00,-125.00,0,0.010000,17,9
3104,20,93.00,93.00,0,0.010000,12,0
3105,20,-125.00,-125.00,0,0.010000,17,11
3106,20,-40.00,20.00,0,0.010000,11,0
3107,20,-145.00,-125.00,0,0.010000,17,9
3108,2,100.00,100.00,1,0.010000,0,0
3109,20,-145.00,-115.00,0,0.010000,15,12
3110,20,39.00,49.00,0,0.010000,10,0
3111,20,-125.00,-125.00,0,0.010000,17,11
3112,3,50.00,50.00,1,0.010000,1,0
3113,20,-20.00,80.00,0,0.010000,0,20
3114,20,93.00,93.00,0,0.010000,12,0
3115,20,-130.00,-120.00,0,0.010000,16,13
3116,20,-40.00,20.00,0,0.010000,11,0
3117,20,-120.00,-130.00,0,0.010000,16,13
3118,2,100.00,100.00,1,0.010000,0,0
3119,20,-120.00,-140.00,0,0.010000,16,11
3120,20,-24.00,-34.00,0,0.010000,12,2
3121,20,-135.00,-135.00,0,0.010000,17,11
3122,20,-135.00,-125.00,0,0.010000,17,11
3123,20,31.00,126.00,0,0.010000,0,19
3124,20,93.00,93.00,0,0.010000,12,0
3125,20,-130.00,-130.00,0,0.010000,16,12
3126,20,-40.00,20.00,0,0.010000,11,0
3127,0,0.00,0.00,1,0.010000,0,0
3128,2,100.00,100.00,1,0.010000,0,0
3129,20,-125.00,-125.00,0,0.010000,17,12
3130,20,-12.00,-12.00,0,0.010000,11,0
3131,20,-125.00,-135.00,0,0.010000,17,10
3132,1,4.00,50.00,1,0.010000,0,0
3133,20,-140.00,-110.00,0,0.010000,16,13
3134,20,93.00,93.00,0,0.010000,12,0
3135,20,-125.00,-145.00,0,0.010000,17,12
3136,20,-40.00,20.00,0,0.010000,11,0
3137,20,-125.00,-125.00,0,0.010000,17,11
3138,2,100.00,100.00,1,0.010000,0,0
3139,20,-120.00,-140.00,0,0.010000,16,11
3140,20,39.00,49.00,0,0.010000,10,0
3141,20,-145.00,-125.00,0,0.010000,17,12
3142,20,172.00,31.00,0,0.010000,0,18
3143,20,-120.00,-120.00,0,0.010000,16,12
3144,20,93.00,93.00,0,0.010000,12,0
3145,20,-130.00,-110.00,0,0.010000,16,12
3146,20,-60.00,50.00,0,0.010000,12,1
3147,20,39.00,49.00,0,0.010000,10,0
3148,2,100.00,100.00,1,0.010000,0,0
3149,20,-130.00,-110.00,0,0.010000,16,12
3150,20,39.00,49.00,0,0.010000,10,0
3151,20,-125.00,-135.00,0,0.010000,15,12
3152,20,13.00,13.00,0,0.010000,13,0
3153,0,0.00,0.00,1,0.010000,0,0
3154,20,93.00,93.00,0,0.010000,12,0
3155,20,-125.00,-135.00,0,0.010000,17,12
3156,20,-40.00,20.00,0,0.010000,11,0
3157,20,196.00,21.00,0,0.010000,1,17
3158,2,100.00,100.00,1,0.010000,0,0
3159,20,-140.00,-120.00,0,0.010000,16,11
3160,20,39.00,49.00,0,0.010000,10,0
3161,20,-100.00,-160.00,0,0.010000,16,10
3162,20,-140.00,-140.00,0,0.010000,16,12
3163,20,49.00,39.00,0,0.010000,10,0
3164,20,93.00,93.00,0,0.010000,12,0
3165,20,-140.00,-130.00,0,0.010000,16,11
3166,20,-40.00,20.00,0,0.010000,11,0
3167,20,-105.00,-145.00,0,0.010000,15,12
3168,2,100.00,100.00,1,0.010000,0,0
3169,20,-130.00,-130.00,0,0.010000,16,12
3170,20,39.00,49.00,0,0.010000,10,0
3171,20,-130.00,-130.00,0,0.010000,16,12
3172,20,-115.00,-125.00,0,0.010000,17,11
3173,0,0.00,0.00,1,0.010000,0,0
3174,20,93.00,93.00,0,0.010000,12,0
3175,20,-150.00,-120.00,0,0.010000,18,10
3176,20,-40.00,20.00,0,0.010000,11,0
3177,20,31.00,172.00,0,0.010000,0,18
3178,2,100.00,100.00,1,0.010000,0,0
3179,20,-120.00,-140.00,0,0.010000,16,11
3180,20,39.00,49.00,0,0.010000,10,0
3181,20,-155.00,-115.00,0,0.010000,17,12
3182,20,-100.00,-140.00,0,0.010000,14,12
3183,20,-37.00,-27.00,0,0.010000,14,1
3184,20,93.00,93.00,0,0.010000,12,0
3185,20,-135.00,-125.00,0,0.010000,17,13
3186,20,-40.00,20.00,0,0.010000,11,0
3187,20,-30.00,60.00,0,0.010000,10,0
3188,2,100.00,100.00,1,0.010000,0,0
3189,20,-125.00,-135.00,0,0.010000,17,12
3190,20,39.00,49.00,0,0.010000,10,0
3191,20,-125.00,-125.00,0,0.010000,17,9
3192,20,-110.00,-130.00,0,0.010000,16,12
3193,20,-150.00,-120.00,0,0.010000,18,10
3194,20,93.00,93.00,0,0.010000,12,0
3195,20,-130.00,-130.00,0,0.010000,18,10
3196,20,-40.00,20.00,0,0.010000,11,0
3197,2,100.00,100.00,1,0.010000,0,0
3198,2,100.00,100.00,1,0.010000,0,0
3199,20,-130.00,-120.00,0,0.010000,16,12
3200,20,-22.00,-12.00,0,0.010000,11,1
3201,20,-130.00,-130.00,0,0.010000,16,13
3202,0,0.00,0.00,1,0.010000,0,0
3203,20,-40.00,60.00,0,0.010000,11,0
3204,20,93.00,93.00,0,0.010000,12,0
3205,20,-125.00,-125.00,0,0.010000,15,12
3206,20,-40.00,20.00,0,0.010000,11,0
3207,20,196.00,21.00,0,0.010000,1,17
3208,2,100.00,100.00,1,0.010000,0,0
3209,20,-110.00,-130.00,0,0.010000,16,12
3210,20,39.00,49.00,0,0.010000,10,0
3211,20,-130.00,-130.00,0,0.010000,16,12
3212,20,-140.00,-120.00,0,0.010000,16,10
3213,20,20.00,-40.00,0,0.010000,11,0
3214,20,93.00,93.00,0,0.010000,12,0
3215,20,-140.00,-120.00,0,0.010000,16,12
3216,20,-40.00,20.00,0,0.010000,11,0
3217,0,0.00,0.00,1,0.010000,0,0
3218,2,100.00,100.00,1,0.010000,0,0
3219,20,-135.00,-145.00,0,0.010000,17,13
3220,20,39.00,49.00,0,0.010000,10,0
3221,20,-135.00,-135.00,0,0.010000,17,12
3222,20,-30.00,60.00,0,0.010000,10,0
3223,2,89.00,100.00,1,0.010000,0,0
3224,20,13.00,13.00,0,0.010000,13,0
3225,20,-115.00,-135.00,0,0.010000,17,12
3226,20,-60.00,20.00,0,0.010000,12,0
3227,20,21.00,196.00,0,0.010000,1,17
3228,2,100.00,100.00,1,0.010000,0,0
3229,20,-140.00,-120.00,0,0.010000,16,13
3230,20,39.00,49.00,0,0.010000,10,0
3231,20,-120.00,-130.00,0,0.010000,16,12
3232,20,-46.00,-36.00,0,0.010000,14,0
3233,20,-9.00,-30.00,0,0.010000,11,0
3234,20,93.00,93.00,0,0.010000,12,0
3235,20,-140.00,-120.00,0,0.010000,16,11
3236,20,-50.00,50.00,0,0.010000,11,1
3237,3,78.00,89.00,1,0.010000,1,0
3238,2,100.00,100.00,1,0.010000,0,0
3239,20,-130.00,-140.00,0,0.010000,16,11
3240,20,39.00,49.00,0,0.010000,10,0
3241,20,-110.00,-130.00,0,0.010000,16,13
3242,20,172.00,31.00,0,0.010000,0,18
3243,20,60.00,-30.00,0,0.010000,10,0
3244,20,93.00,93.00,0,0.010000,12,0
3245,20,-130.00,-150.00,0,0.010000,18,10
3246,20,-40.00,20.00,0,0.010000,11,0
3247,20,153.00,23.00,0,0.010000,2,16
3248,2,100.00,100.00,1,0.010000,0,0
3249,20,-125.00,-115.00,0,0.010000,19,10
3250,20,39.00,49.00,0,0.010000,10,0
3251,20,-130.00,-120.00,0,0.010000,16,11
3252,20,-110.00,-130.00,0,0.010000,14,12
3253,20,-145.00,-125.00,0,0.010000,19,12
3254,20,93.00,93.00,0,0.010000,12,0
3255,20,-135.00,-115.00,0,0.010000,15,12
3256,20,-45.00,55.00,0,0.010000,10,1
3257,20,-115.00,-135.00,0,0.010000,17,12
3258,2,100.00,100.00,1,0.010000,0,0
3259,20,-120.00,-130.00,0,0.010000,14,12
3260,20,39.00,49.00,0,0.010000,10,0
3261,20,-140.00,-110.00,0,0.010000,16,12
3262,1,50.00,50.00,1,0.010000,0,0
3263,20,161.00,21.00,0,0.010000,1,18
3264,20,93.00,93.00,0,0.010000,12,0
3265,20,-140.00,-120.00,0,0.010000,16,13
3266,20,-45.00,55.00,0,0.010000,10,1
3267,20,-150.00,-160.00,0,0.010000,18,12
3268,2,100.00,100.00,1,0.010000,0,0
3269,20,-130.00,-120.00,0,0.010000,16,10
3270,20,39.00,49.00,0,0.010000,10,0
3271,20,-125.00,-145.00,0,0.010000,17,9
3272,20,-40.00,20.00,0,0.010000,11,0
3273,20,-30.00,60.00,0,0.010000,10,0
3274,20,93.00,93.00,0,0.010000,12,0
3275,20,-135.00,-125.00,0,0.010000,17,12
3276,20,-70.00,62.00,0,0.010000,12,1
3277,20,-30.00,60.00,0,0.010000,10,0
3278,2,100.00,100.00,1,0.010000,0,0
3279,20,-115.00,-135.00,0,0.010000,17,11
3280,20,39.00,49.00,0,0.010000,10,0
3281,20,-120.00,-130.00,0,0.010000,18,10
3282,2,100.00,100.00,1,0.010000,0,0
3283,20,126.00,31.00,0,0.010000,0,19
3284,20,93.00,93.00,0,0.010000,12,0
3285,20,-130.00,-120.00,0,0.010000,14,11
3286,20,-40.00,20.00,0,0.010000,11,0
3287,2,89.00,39.00,1,0.010000,1,0
3288,2,100.00,100.00,1,0.010000,0,0
3289,20,-150.00,-120.00,0,0.010000,16,10
3290,20,39.00,49.00,0,0.010000,10,0
3291,20,-140.00,-110.00,0,0.010000,16,12
3292,20,-120.00,-120.00,0,0.010000,16,10
3293,20,-130.00,-120.00,0,0.010000,16,10
3294,20,93.00,93.00,0,0.010000,12,0
3295,20,-115.00,-135.00,0,0.010000,17,13
3296,20,-40.00,20.00,0,0.010000,11,0
3297,1,50.00,50.00,1,0.010000,0,0
3298,2,100.00,100.00,1,0.010000,0,0
3299,20,-110.00,-140.00,0,0.010000,16,12
3300,20,39.00,49.00,0,0.010000,10,0
3301,20,-140.00,-140.00,0,0.010000,16,11
3302,20,-140.00,-130.00,0,0.010000,16,13
3303,20,-135.00,-105.00,0,0.010000,17,12
3304,20,48.00,48.00,0,0.010000,12,1
3305,20,-130.00,-140.00,0,0.010000,18,8
3306,20,-50.00,50.00,0,0.010000,11,1
3307,20,-135.00,-125.00,0,0.010000,17,12
3308,2,100.00,100.00,1,0.010000,0,0
3309,20,-125.00,-135.00,0,0.010000,17,14
3310,20,39.00,49.00,0,0.010000,10,0
3311,20,-115.00,-135.00,0,0.010000,15,13
3312,20,-130.00,-120.00,0,0.010000,16,10
3313,20,39.00,49.00,0,0.010000,10,0
3314,20,93.00,93.00,0,0.010000,12,0
3315,20,-115.00,-125.00,0,0.010000,17,11
3316,20,-40.00,20.00,0,0.010000,11,0
3317,20,-115.00,-155.00,0,0.010000,17,12
3318,2,100.00,100.00,1,0.010000,0,0
3319,20,-140.00,-140.00,0,0.010000,16,10
3320,20,39.00,49.00,0,0.010000,10,0
3321,20,-135.00,-125.00,0,0.010000,17,12
3322,20,22.00,2.00,0,0.010000,14,0
3323,20,-135.00,-125.00,0,0.010000,15,12
3324,20,93.00,93.00,0,0.010000,12,0
3325,20,-135.00,-135.00,0,0.010000,17,12
3326,20,-40.00,20.00,0,0.010000,11,0
3327,20,161.00,21.00,0,0.010000,1,18
3328,2,100.00,100.00,1,0.010000,0,0
3329,20,-120.00,-120.00,0,0.010000,16,11
3330,20,39.00,49.00,0,0.010000,10,0
3331,20,-140.00,-140.00,0,0.010000,18,12
3332,20,-130.00,-140.00,0,0.010000,18,10
3333,20,32.00,32.00,0,0.010000,10,2
3334,20,93.00,93.00,0,0.010000,12,0
3335,20,-130.00,-120.00,0,0.010000,16,12
3336,20,-40.00,20.00,0,0.010000,11,0
3337,20,-125.00,-125.00,0,0.010000,17,14
3338,2,100.00,100.00,1,0.010000,0,0
3339,20,-145.00,-115.00,0,0.010000,17,11
3340,20,39.00,49.00,0,0.010000,10,0
3341,20,-105.00,-145.00,0,0.010000,15,11
3342,20,-51.00,-61.00,0,0.010000,11,0
3343,1,50.00,50.00,1,0.010000,0,0
3344,20,43.00,43.00,0,0.010000,13,1
3345,20,-130.00,-140.00,0,0.010000,16,12
3346,20,-40.00,20.00,0,0.010000,11,0
3347,0,0.00,0.00,1,0.010000,0,0
3348,2,100.00,100.00,1,0.010000,0,0
3349,20,-115.00,-135.00,0,0.010000,15,13
3350,20,39.00,49.00,0,0.010000,10,0
3351,20,-140.00,-140.00,0,0.010000,18,11
3352,20,21.00,196.00,0,0.010000,1,17
3353,0,0.00,0.00,1,0.010000,0,0
3354,20,48.00,48.00,0,0.010000,12,1
3355,20,-135.00,-115.00,0,0.010000,17,12
3356,20,-40.00,20.00,0,0.010000,11,0
3357,1,50.00,50.00,1,0.010000,0,0
3358,2,100.00,100.00,1,0.010000,0,0
3359,20,-110.00,-140.00,0,0.010000,16,10
3360,20,39.00,49.00,0,0.010000,10,0
3361,20,-140.00,-100.00,0,0.010000,16,11
3362,20,-130.00,-120.00,0,0.010000,16,12
3363,20,0.00,-50.00,0,0.010000,12,3
3364,20,93.00,93.00,0,0.010000,12,0
3365,20,-115.00,-135.00,0,0.010000,17,10
3366,20,-40.00,20.00,0,0.010000,11,0
3367,20,191.00,11.00,0,0.010000,2,16
3368,2,100.00,100.00,1,0.010000,0,0
3369,20,-145.00,-115.00,0,0.010000,17,12
3370,20,39.00,49.00,0,0.010000,10,0
3371,20,-110.00,-130.00,0,0.010000,16,11
3372,20,-150.00,-160.00,0,0.010000,18,10
3373,20,191.00,11.00,0,0.010000,2,16
3374,20,93.00,93.00,0,0.010000,12,0
3375,20,-135.00,-135.00,0,0.010000,17,11
3376,20,-40.00,20.00,0,0.010000,11,0
3377,1,50.00,50.00,1,0.010000,0,0
3378,2,100.00,100.00,1,0.010000,0,0
3379,20,-100.00,-140.00,0,0.010000,16,12
3380,20,39.00,49.00,0,0.010000,10,0
3381,20,-125.00,-125.00,0,0.010000,17,11
3382,1,50.00,50.00,1,0.010000,0,0
3383,20,3.00,-7.00,0,0.010000,14,0
3384,20,93.00,93.00,0,0.010000,12,0
3385,20,-125.00,-125.00,0,0.010000,15,12
3386,20,-40.00,50.00,0,0.010000,11,1
3387,1,50.00,50.00,1,0.010000,0,0
3388,2,100.00,100.00,1,0.010000,0,0
3389,20,-150.00,-120.00,0,0.010000,16,13
3390,20,39.00,49.00,0,0.010000,10,0
3391,20,-115.00,-135.00,0,0.010000,15,12
3392,0,0.00,0.00,1,0.010000,0,0
3393,0,0.00,0.00,1,0.010000,0,0
3394,20,93.00,93.00,0,0.010000,12,0
3395,20,-125.00,-125.00,0,0.010000,15,11
3396,20,-40.00,20.00,0,0.010000,11,0
3397,20,-115.00,-135.00,0,0.010000,17,12
3398,2,100.00,100.00,1,0.010000,0,0
3399,20,-125.00,-125.00,0,0.010000,17,9
3400,20,39.00,49.00,0,0.010000,10,0
3401,20,-130.00,-120.00,0,0.010000,16,11
3402,20,-140.00,-120.00,0,0.010000,16,11
3403,20,-115.00,-125.00,0,0.010000,15,14
3404,20,93.00,93.00,0,0.010000,12,0
3405,20,-125.00,-145.00,0,0.010000,17,12
3406,20,-40.00,20.00,0,0.010000,11,0
3407,20,21.00,161.00,0,0.010000,1,18
3408,2,100.00,100.00,1,0.010000,0,0
3409,20,-125.00,-125.00,0,0.010000,17,11
3410,20,39.00,49.00,0,0.010000,10,0
3411,20,-130.00,-130.00,0,0.010000,18,10
3412,20,-135.00,-135.00,0,0.010000,17,12
3413,20,-135.00,-145.00,0,0.010000,17,11
3414,20,93.00,93.00,0,0.010000,12,0
3415,20,-140.00,-110.00,0,0.010000,16,12
3416,20,-40.00,20.00,0,0.010000,11,0
3417,20,-130.00,-120.00,0,0.010000,16,12
3418,2,100.00,100.00,1,0.010000,0,0
3419,20,-120.00,-130.00,0,0.010000,18,11
3420,20,39.00,49.00,0,0.010000,10,0
3421,20,-130.00,-140.00,0,0.010000,16,14
3422,20,43.00,43.00,0,0.010000,13,0
3423,20,191.00,11.00,0,0.010000,2,17
3424,20,93.00,93.00,0,0.010000,12,0
3425,20,-125.00,-125.00,0,0.010000,17,12
3426,20,-40.00,20.00,0,0.010000,11,0
3427,0,0.00,0.00,1,0.010000,0,0
3428,2,100.00,100.00,1,0.010000,0,0
3429,20,-145.00,-125.00,0,0.010000,15,12
3430,20,39.00,49.00,0,0.010000,10,0
3431,20,-120.00,-150.00,0,0.010000,18,10
3432,20,15.00,15.00,0,0.010000,13,0
3433,20,-120.00,-140.00,0,0.010000,16,10
3434,20,93.00,93.00,0,0.010000,12,0
3435,20,-120.00,-130.00,0,0.010000,16,11
3436,20,-40.00,20.00,0,0.010000,11,0
3437,20,161.00,21.00,0,0.010000,1,18
3438,2,100.00,100.00,1,0.010000,0,0
3439,20,-145.00,-125.00,0,0.010000,17,13
3440,20,39.00,49.00,0,0.010000,10,0
3441,20,-150.00,-110.00,0,0.010000,16,13
3442,20,-130.00,-120.00,0,0.010000,16,11
3443,20,-125.00,-145.00,0,0.010000,17,12
3444,20,93.00,93.00,0,0.010000,12,0
3445,20,-135.00,-125.00,0,0.010000,17,11
3446,20,-40.00,20.00,0,0.010000,11,0
3447,20,-145.00,-125.00,0,0.010000,15,13
3448,2,100.00,100.00,1,0.010000,0,0
3449,20,-110.00,-140.00,0,0.010000,18,12
3450,20,39.00,49.00,0,0.010000,10,0
3451,20,-140.00,-130.00,0,0.010000,16,9
3452,20,-120.00,-120.00,0,0.010000,16,11
3453,20,-105.00,-145.00,0,0.010000,17,11
3454,20,93.00,93.00,0,0.010000,12,0
3455,20,-120.00,-130.00,0,0.010000,16,11
3456,20,-40.00,20.00,0,0.010000,11,0
3457,3,78.00,89.00,1,0.010000,1,0
3458,2,100.00,100.00,1,0.010000,0,0
3459,20,-120.00,-120.00,0,0.010000,16,10
3460,20,39.00,49.00,0,0.010000,10,0
3461,20,-135.00,-105.00,0,0.010000,17,11
3462,0,0.00,0.00,1,0.010000,0,0
3463,0,0.00,0.00,1,0.010000,0,0
3464,20,3.00,-7.00,0,0.010000,14,2
3465,20,-135.00,-135.00,0,0.010000,17,12
3466,20,-40.00,20.00,0,0.010000,11,0
3467,20,126.00,31.00,0,0.010000,0,19
3468,2,100.00,100.00,1,0.010000,0,0
3469,20,-135.00,-135.00,0,0.010000,15,13
3470,20,39.00,49.00,0,0.010000,10,0
3471,20,-125.00,-125.00,0,0.010000,15,14
3472,20,126.00,26.00,0,0.010000,0,19
3473,20,-115.00,-125.00,0,0.010000,17,11
3474,20,93.00,93.00,0,0.010000,12,0
3475,20,-130.00,-130.00,0,0.010000,16,13
3476,20,-40.00,20.00,0,0.010000,11,0
3477,20,49.00,39.00,0,0.010000,10,1
3478,2,100.00,100.00,1,0.010000,0,0
3479,20,-130.00,-130.00,0,0.010000,18,12
3480,20,39.00,49.00,0,0.010000,10,0
3481,20,-120.00,-130.00,0,0.010000,16,10
3482,20,4.00,4.00,0,0.010000,13,0
3483,20,43.00,43.00,0,0.010000,13,0
3484,20,93.00,93.00,0,0.010000,12,0
3485,20,-130.00,-120.00,0,0.010000,16,12
3486,20,-40.00,20.00,0,0.010000,11,0
3487,20,-115.00,-135.00,0,0.010000,17,11
3488,2,100.00,100.00,1,0.010000,0,0
3489,20,-110.00,-150.00,0,0.010000,16,12
3490,20,39.00,49.00,0,0.010000,10,0
3491,20,-125.00,-125.00,0,0.010000,15,14
3492,20,13.00,13.00,0,0.010000,13,0
3493,20,-7.00,13.00,0,0.010000,14,1
3494,20,93.00,93.00,0,0.010000,12,0
3495,20,-125.00,-115.00,0,0.010000,17,11
3496,20,-50.00,50.00,0,0.010000,11,1
3497,20,60.00,-30.00,0,0.010000,10,0
3498,2,100.00,100.00,1,0.010000,0,0
3499,20,-130.00,-110.00,0,0.010000,16,12
3500,20,39.00,49.00,0,0.010000,10,0
3501,20,-145.00,-125.00,0,0.010000,17,12
3502,20,-115.00,-135.00,0,0.010000,15,11
3503,20,-120.00,-130.00,0,0.010000,16,13
3504,20,93.00,93.00,0,0.010000,12,0
3505,20,-145.00,-115.00,0,0.010000,17,12
3506,20,-60.00,20.00,0,0.010000,12,0
3507,20,-135.00,-135.00,0,0.010000,17,12
3508,2,100.00,100.00,1,0.010000,0,0
3509,20,-120.00,-140.00,0,0.010000,16,10
3510,20,39.00,49.00,0,0.010000,10,0
3511,20,-110.00,-140.00,0,0.010000,16,12
3512,3,99.00,89.00,1,0.010000,1,0
3513,20,-30.00,60.00,0,0.010000,10,0
3514,20,93.00,93.00,0,0.010000,12,0
3515,20,-110.00,-140.00,0,0.010000,16,12
3516,20,-40.00,20.00,0,0.010000,11,0
3517,0,0.00,0.00,1,0.010000,0,0
3518,2,100.00,100.00,1,0.010000,0,0
3519,20,-150.00,-110.00,0,0.010000,16,11
3520,20,39.00,49.00,0,0.010000,10,0
3521,20,-135.00,-135.00,0,0.010000,17,10
3522,20,-40.00,20.00,0,0.010000,11,0
3523,20,126.00,31.00,0,0.010000,0,19
3524,20,93.00,93.00,0,0.010000,12,0
3525,20,-130.00,-120.00,0,0.010000,16,10
3526,20,-40.00,20.00,0,0.010000,11,0
3527,3,50.00,50.00,1,0.010000,1,0
3528,2,100.00,100.00,1,0.010000,0,0
3529,20,-125.00,-125.00,0,0.010000,17,11
3530,20,39.00,49.00,0,0.010000,10,0
3531,20,-150.00,-120.00,0,0.010000,18,11
3532,3,78.00,89.00,1,0.010000,1,0
3533,1,4.00,50.00,1,0.010000,0,0
3534,20,93.00,93.00,0,0.010000,12,0
3535,20,-115.00,-125.00,0,0.010000,17,10
3536,20,-50.00,60.00,0,0.010000,11,1
3537,0,0.00,0.00,1,0.010000,0,0
3538,2,100.00,100.00,1,0.010000,0,0
3539,20,-140.00,-120.00,0,0.010000,16,11
3540,20,-12.00,-12.00,0,0.010000,11,1
3541,20,-135.00,-125.00,0,0.010000,15,12
3542,20,-120.00,-150.00,0,0.010000,18,13
3543,1,50.00,4.00,1,0.010000,0,0
3544,20,93.00,93.00,0,0.010000,12,0
3545,20,-135.00,-135.00,0,0.010000,17,13
3546,20,-40.00,20.00,0,0.010000,11,0
3547,0,0.00,0.00,1,0.010000,0,0
3548,2,100.00,100.00,1,0.010000,0,0
3549,20,-130.00,-120.00,0,0.010000,16,12
3550,20,-22.00,-12.00,0,0.010000,11,1
3551,20,-115.00,-135.00,0,0.010000,17,11
3552,20,-125.00,-125.00,0,0.010000,15,11
3553,20,-135.00,-135.00,0,0.010000,17,11
3554,20,93.00,93.00,0,0.010000,12,0
3555,20,-135.00,-125.00,0,0.010000,17,13
3556,20,-40.00,20.00,0,0.010000,11,0
3557,20,-120.00,-120.00,0,0.010000,16,11
3558,2,100.00,100.00,1,0.010000,0,0
3559,20,-125.00,-135.00,0,0.010000,17,11
3560,20,39.00,49.00,0,0.010000,10,0
3561,20,-150.00,-100.00,0,0.010000,16,12
3562,20,0.00,0.00,0,0.010000,10,0
3563,20,-140.00,-120.00,0,0.010000,16,13
3564,20,93.00,93.00,0,0.010000,12,0
3565,20,-120.00,-140.00,0,0.010000,16,11
3566,20,-40.00,20.00,0,0.010000,11,0
3567,0,0.00,0.00,1,0.010000,0,0
3568,2,100.00,100.00,1,0.010000,0,0
3569,20,-140.00,-110.00,0,0.010000,14,12
3570,20,39.00,49.00,0,0.010000,10,0
3571,20,-100.00,-140.00,0,0.010000,16,11
3572,20,-150.00,-130.00,0,0.010000,16,13
3573,20,161.00,21.00,0,0.010000,1,18
3574,20,93.00,93.00,0,0.010000,12,0
3575,20,-110.00,-130.00,0,0.010000,16,11
3576,20,-40.00,20.00,0,0.010000,11,0
3577,20,39.00,49.00,0,0.010000,10,0
3578,2,100.00,100.00,1,0.010000,0,0
3579,20,-120.00,-130.00,0,0.010000,16,11
3580,20,39.00,49.00,0,0.010000,10,0
3581,20,-120.00,-140.00,0,0.010000,16,10
3582,0,0.00,0.00,1,0.010000,0,0
3583,20,21.00,161.00,0,0.010000,1,18
3584,20,93.00,93.00,0,0.010000,12,0
3585,20,-140.00,-110.00,0,0.010000,16,12
3586,20,-40.00,50.00,0,0.010000,11,1
3587,20,-130.00,-120.00,0,0.010000,16,12
3588,2,100.00,100.00,1,0.010000,0,0
3589,20,-125.00,-115.00,0,0.010000,17,11
3590,20,-17.00,-7.00,0,0.010000,10,1
3591,20,-145.00,-115.00,0,0.010000,17,13
3592,20,-20.00,-20.00,0,0.010000,10,0
3593,1,50.00,50.00,1,0.010000,0,0
3594,20,93.00,93.00,0,0.010000,12,0
3595,20,-135.00,-125.00,0,0.010000,17,11
3596,20,-40.00,20.00,0,0.010000,11,0
3597,20,60.00,-30.00,0,0.010000,10,0
3598,2,100.00,100.00,1,0.010000,0,0
3599,20,-115.00,-155.00,0,0.010000,17,10
3600,20,39.00,49.00,0,0.010000,10,0
3601,20,-120.00,-120.00,0,0.010000,16,12
3602,20,-120.00,-130.00,0,0.010000,16,11
3603,20,-20.00,80.00,0,0.010000,0,20
3604,20,93.00,93.00,0,0.010000,12,0
3605,20,-125.00,-135.00,0,0.010000,15,10
3606,20,-40.00,20.00,0,0.010000,11,0
3607,20,-140.00,-120.00,0,0.010000,16,12
3608,2,100.00,100.00,1,0.010000,0,0
3609,20,-135.00,-125.00,0,0.010000,15,12
3610,20,-17.00,-7.00,0,0.010000,10,1
3611,20,-130.00,-120.00,0,0.010000,16,13
3612,2,100.00,100.00,1,0.010000,0,0
3613,0,0.00,0.00,1,0.010000,0,0
3614,20,93.00,93.00,0,0.010000,12,0
3615,20,-140.00,-130.00,0,0.010000,18,13
3616,20,-50.00,50.00,0,0.010000,11,1
3617,1,50.00,50.00,1,0.010000,0,0
3618,2,100.00,100.00,1,0.010000,0,0
3619,20,-115.00,-135.00,0,0.010000,19,12
3620,20,39.00,49.00,0,0.010000,10,0
3621,20,-120.00,-130.00,0,0.010000,16,12
3622,20,-125.00,-125.00,0,0.010000,17,10
3623,1,50.00,50.00,1,0.010000,0,0
3624,20,93.00,93.00,0,0.010000,12,0
3625,20,-115.00,-125.00,0,0.010000,15,12
3626,20,-40.00,20.00,0,0.010000,11,0
3627,20,17.00,47.00,0,0.010000,11,0
3628,2,100.00,100.00,1,0.010000,0,0
3629,20,-135.00,-115.00,0,0.010000,15,12
3630,20,39.00,49.00,0,0.010000,10,0
3631,20,-125.00,-135.00,0,0.010000,17,10
3632,4,88.00,88.00,1,0.010000,2,0
3633,3,78.00,89.00,1,0.010000,1,0
3634,20,93.00,93.00,0,0.010000,12,0
3635,20,-135.00,-125.00,0,0.010000,17,13
3636,20,-40.00,20.00,0,0.010000,11,0
3637,1,50.00,50.00,1,0.010000,0,0
3638,2,100.00,100.00,1,0.010000,0,0
3639,20,-125.00,-125.00,0,0.010000,17,13
3640,20,39.00,49.00,0,0.010000,10,0
3641,20,-155.00,-115.00,0,0.010000,17,12
3642,2,8.00,100.00,1,0.010000,0,0
3643,20,-125.00,-135.00,0,0.010000,17,11
3644,20,93.00,93.00,0,0.010000,12,0
3645,20,-115.00,-135.00,0,0.010000,15,13
3646,20,-40.00,20.00,0,0.010000,11,0
3647,20,-120.00,-130.00,0,0.010000,16,13
3648,2,100.00,100.00,1,0.010000,0,0
3649,20,-125.00,-135.00,0,0.010000,15,11
3650,20,39.00,49.00,0,0.010000,10,0
3651,20,-135.00,-115.00,0,0.010000,15,12
3652,20,118.00,23.00,0,0.010000,2,17
3653,0,0.00,0.00,1,0.010000,0,0
3654,20,93.00,93.00,0,0.010000,12,0
3655,20,-125.00,-125.00,0,0.010000,17,11
3656,20,-40.00,20.00,0,0.010000,11,0
3657,20,-125.00,-145.00,0,0.010000,17,11
3658,2,100.00,100.00,1,0.010000,0,0
3659,20,-120.00,-130.00,0,0.010000,16,12
3660,20,39.00,49.00,0,0.010000,10,0
3661,20,-135.00,-135.00,0,0.010000,17,11
3662,20,161.00,21.00,0,0.010000,1,18
3663,1,50.00,50.00,1,0.010000,0,0
3664,20,93.00,93.00,0,0.010000,12,0
3665,20,-125.00,-145.00,0,0.010000,17,11
3666,20,-40.00,20.00,0,0.010000,11,0
3667,20,21.00,196.00,0,0.010000,1,17
3668,2,100.00,100.00,1,0.010000,0,0
3669,20,-115.00,-145.00,0,0.010000,17,12
3670,20,39.00,49.00,0,0.010000,10,0
3671,20,-115.00,-135.00,0,0.010000,15,12
3672,20,39.00,49.00,0,0.010000,10,1
3673,20,-115.00,-145.00,0,0.010000,15,11
3674,20,93.00,93.00,0,0.010000,12,0
3675,20,-135.00,-115.00,0,0.010000,17,11
3676,20,-40.00,20.00,0,0.010000,11,0
3677,20,-130.00,-120.00,0,0.010000,18,12
3678,2,100.00,100.00,1,0.010000,0,0
3679,20,-160.00,-110.00,0,0.010000,16,9
3680,20,-17.00,-7.00,0,0.010000,10,1
3681,20,-120.00,-120.00,0,0.010000,16,12
3682,0,0.00,0.00,1,0.010000,0,0
3683,20,49.00,39.00,0,0.010000,10,1
3684,20,93.00,93.00,0,0.010000,12,0
3685,20,-120.00,-130.00,0,0.010000,16,12
3686,20,-40.00,20.00,0,0.010000,11,0
3687,20,-7.00,-17.00,0,0.010000,10,2
3688,2,100.00,100.00,1,0.010000,0,0
3689,20,-125.00,-115.00,0,0.010000,17,12
3690,20,39.00,49.00,0,0.010000,10,0
3691,20,-135.00,-125.00,0,0.010000,17,10
3692,20,-110.00,-150.00,0,0.010000,16,12
3693,20,0.00,0.00,0,0.010000,10,0
3694,20,93.00,93.00,0,0.010000,12,0
3695,20,-140.00,-110.00,0,0.010000,16,11
3696,20,-40.00,20.00,0,0.010000,11,0
3697,20,93.00,93.00,0,0.010000,12,0
3698,2,100.00,100.00,1,0.010000,0,0
3699,20,-135.00,-115.00,0,0.010000,17,11
3700,20,39.00,49.00,0,0.010000,10,0
3701,20,-140.00,-130.00,0,0.010000,16,11
3702,20,126.00,31.00,0,0.010000,0,19
3703,20,-20.00,80.00,0,0.010000,0,20
3704,20,93.00,93.00,0,0.010000,12,0
3705,20,-155.00,-115.00,0,0.010000,17,12
3706,20,-40.00,20.00,0,0.010000,11,0
3707,20,-60.00,-18.00,0,0.010000,12,0
3708,2,100.00,100.00,1,0.010000,0,0
3709,20,-135.00,-125.00,0,0.010000,15,12
3710,20,39.00,49.00,0,0.010000,10,0
3711,20,-135.00,-115.00,0,0.010000,17,10
3712,20,33.00,164.00,0,0.010000,1,16
3713,1,50.00,50.00,1,0.010000,0,0
3714,20,93.00,93.00,0,0.010000,12,0
3715,20,-115.00,-135.00,0,0.010000,15,11
3716,20,-40.00,20.00,0,0.010000,11,0
3717,20,39.00,49.00,0,0.010000,10,0
3718,2,100.00,100.00,1,0.010000,0,0
3719,20,-130.00,-120.00,0,0.010000,16,11
3720,20,39.00,49.00,0,0.010000,10,0
3721,20,-110.00,-140.00,0,0.010000,16,13
3722,0,0.00,0.00,1,0.010000,0,0
3723,0,0.00,0.00,1,0.010000,0,0
3724,20,93.00,93.00,0,0.010000,12,0
3725,20,-115.00,-145.00,0,0.010000,17,11
3726,20,-40.00,20.00,0,0.010000,11,0
3727,20,-70.00,-50.00,0,0.010000,12,1
3728,2,100.00,100.00,1,0.010000,0,0
3729,20,-120.00,-140.00,0,0.010000,16,14
3730,20,39.00,49.00,0,0.010000,10,0
3731,20,-125.00,-135.00,0,0.010000,17,12
3732,20,196.00,21.00,0,0.010000,1,17
3733,2,100.00,100.00,1,0.010000,0,0
3734,20,48.00,48.00,0,0.010000,12,1
3735,20,-125.00,-115.00,0,0.010000,17,11
3736,20,-40.00,20.00,0,0.010000,11,0
3737,20,-125.00,-125.00,0,0.010000,17,11
3738,2,100.00,100.00,1,0.010000,0,0
3739,20,-130.00,-120.00,0,0.010000,16,10
3740,20,39.00,49.00,0,0.010000,10,0
3741,20,-115.00,-135.00,0,0.010000,17,10
3742,0,0.00,0.00,1,0.010000,0,0
3743,20,-46.00,-36.00,0,0.010000,14,0
3744,20,93.00,93.00,0,0.010000,12,0
3745,20,-120.00,-120.00,0,0.010000,16,12
3746,20,-40.00,20.00,0,0.010000,11,0
3747,1,50.00,50.00,1,0.010000,0,0
3748,2,100.00,100.00,1,0.010000,0,0
3749,20,-110.00,-140.00,0,0.010000,18,9
3750,20,-22.00,-2.00,0,0.010000,11,1
3751,20,-140.00,-120.00,0,0.010000,16,13
3752,20,-135.00,-135.00,0,0.010000,15,13
3753,2,89.00,100.00,1,0.010000,0,0
3754,20,93.00,93.00,0,0.010000,12,0
3755,20,-135.00,-115.00,0,0.010000,15,13
3756,20,-40.00,20.00,0,0.010000,11,0
3757,20,-150.00,-130.00,0,0.010000,18,10
3758,2,100.00,100.00,1,0.010000,0,0
3759,20,-140.00,-130.00,0,0.010000,18,13
3760,20,39.00,49.00,0,0.010000,10,0
3761,20,-130.00,-120.00,0,0.010000,16,11
3762,20,80.00,-20.00,0,0.010000,0,20
3763,1,50.00,50.00,1,0.010000,0,0
3764,20,93.00,93.00,0,0.010000,12,0
3765,20,-125.00,-125.00,0,0.010000,17,11
3766,20,-40.00,20.00,0,0.010000,11,0
3767,20,0.00,0.00,0,0.010000,10,0
3768,2,100.00,100.00,1,0.010000,0,0
3769,20,-115.00,-135.00,0,0.010000,17,13
3770,20,39.00,49.00,0,0.010000,10,0
3771,20,-115.00,-135.00,0,0.010000,17,11
3772,20,-145.00,-105.00,0,0.010000,15,10
3773,20,-120.00,-130.00,0,0.010000,16,11
3774,20,37.00,37.00,0,0.010000,13,1
3775,20,-135.00,-135.00,0,0.010000,17,11
3776,20,-40.00,20.00,0,0.010000,11,0
3777,20,31.00,126.00,0,0.010000,0,19
3778,2,100.00,100.00,1,0.010000,0,0
3779,20,-140.00,-120.00,0,0.010000,18,11
3780,20,39.00,49.00,0,0.010000,10,0
3781,20,-140.00,-110.00,0,0.010000,16,12
3782,20,-120.00,-130.00,0,0.010000,16,13
3783,20,-145.00,-135.00,0,0.010000,17,11
3784,20,93.00,93.00,0,0.010000,12,0
3785,20,-125.00,-135.00,0,0.010000,17,12
3786,20,-40.00,0.00,0,0.010000,12,2
3787,20,15.00,-35.00,0,0.010000,10,1
3788,2,100.00,100.00,1,0.010000,0,0
3789,20,-110.00,-140.00,0,0.010000,16,10
3790,20,39.00,49.00,0,0.010000,10,0
3791,20,-120.00,-120.00,0,0.010000,16,11
3792,1,50.00,50.00,1,0.010000,0,0
3793,0,0.00,0.00,1,0.010000,0,0
3794,20,93.00,93.00,0,0.010000,12,0
3795,20,-120.00,-140.00,0,0.010000,16,11
3796,20,-40.00,20.00,0,0.010000,11,0
3797,20,-125.00,-135.00,0,0.010000,17,12
3798,2,100.00,100.00,1,0.010000,0,0
3799,20,-110.00,-130.00,0,0.010000,16,11
3800,20,39.00,49.00,0,0.010000,10,0
3801,20,-125.00,-125.00,0,0.010000,15,12
3802,0,0.00,0.00,1,0.010000,0,0
3803,0,0.00,0.00,1,0.010000,0,0
3804,20,93.00,93.00,0,0.010000,12,0
3805,20,-135.00,-125.00,0,0.010000,17,12
3806,20,-40.00,20.00,0,0.010000,11,0
3807,20,0.00,0.00,0,0.010000,10,0
3808,2,100.00,100.00,1,0.010000,0,0
3809,20,-145.00,-105.00,0,0.010000,17,12
3810,20,39.00,49.00,0,0.010000,10,0
3811,20,-130.00,-130.00,0,0.010000,16,10
3812,0,0.00,0.00,1,0.010000,0,0
3813,20,-140.00,-120.00,0,0.010000,16,14
3814,20,82.00,82.00,0,0.010000,11,0
3815,20,-135.00,-115.00,0,0.010000,15,12
3816,20,-40.00,20.00,0,0.010000,11,0
3817,20,188.00,23.00,0,0.010000,2,15
3818,2,100.00,100.00,1,0.010000,0,0
3819,20,-125.00,-135.00,0,0.010000,15,11
3820,20,39.00,49.00,0,0.010000,10,0
3821,20,-115.00,-135.00,0,0.010000,17,12
3822,20,-65.00,-25.00,0,0.010000,10,1
3823,3,99.00,89.00,1,0.010000,1,0
3824,20,93.00,93.00,0,0.010000,12,0
3825,20,-110.00,-130.00,0,0.010000,16,12
3826,20,-40.00,20.00,0,0.010000,11,0
3827,2,89.00,39.00,1,0.010000,1,0
3828,2,100.00,100.00,1,0.010000,0,0
3829,20,-120.00,-130.00,0,0.010000,18,11
3830,20,39.00,49.00,0,0.010000,10,0
3831,20,-130.00,-110.00,0,0.010000,16,12
3832,20,13.00,13.00,0,0.010000,13,0
3833,20,-110.00,-140.00,0,0.010000,16,11
3834,20,93.00,93.00,0,0.010000,12,0
3835,20,-135.00,-125.00,0,0.010000,17,11
3836,20,-40.00,20.00,0,0.010000,11,0
3837,20,-145.00,-145.00,0,0.010000,17,12
3838,2,100.00,100.00,1,0.010000,0,0
3839,20,-125.00,-135.00,0,0.010000,17,11
3840,20,39.00,49.00,0,0.010000,10,0
3841,20,-120.00,-130.00,0,0.010000,16,12
3842,20,-40.00,20.00,0,0.010000,11,0
3843,20,31.00,126.00,0,0.010000,0,19
3844,20,93.00,93.00,0,0.010000,12,0
3845,20,-120.00,-130.00,0,0.010000,16,13
3846,20,-40.00,20.00,0,0.010000,11,0
3847,20,-145.00,-115.00,0,0.010000,15,13
3848,2,100.00,100.00,1,0.010000,0,0
3849,20,-125.00,-115.00,0,0.010000,15,12
3850,20,39.00,49.00,0,0.010000,10,0
3851,20,-130.00,-130.00,0,0.010000,16,12
3852,20,20.00,-40.00,0,0.010000,11,1
3853,0,0.00,0.00,1,0.010000,0,0
3854,20,93.00,93.00,0,0.010000,12,0
3855,20,-135.00,-125.00,0,0.010000,17,10
3856,20,-40.00,20.00,0,0.010000,11,0
3857,20,-120.00,-120.00,0,0.010000,16,11
3858,2,100.00,100.00,1,0.010000,0,0
3859,20,-145.00,-115.00,0,0.010000,17,13
3860,20,39.00,49.00,0,0.010000,10,0
3861,20,-120.00,-120.00,0,0.010000,16,11
3862,1,50.00,50.00,1,0.010000,0,0
3863,20,0.00,0.00,0,0.010000,10,0
3864,20,93.00,93.00,0,0.010000,12,0
3865,20,-125.00,-135.00,0,0.010000,15,14
3866,20,-40.00,20.00,0,0.010000,11,0
3867,2,89.00,39.00,1,0.010000,1,0
3868,2,100.00,100.00,1,0.010000,0,0
3869,20,-105.00,-145.00,0,0.010000,15,11
3870,20,39.00,49.00,0,0.010000,10,0
3871,20,-140.00,-140.00,0,0.010000,18,10
3872,20,-30.00,-20.00,0,0.010000,11,0
3873,20,-140.00,-110.00,0,0.010000,18,10
3874,20,93.00,93.00,0,0.010000,12,0
3875,20,-115.00,-135.00,0,0.010000,15,11
3876,20,-40.00,20.00,0,0.010000,11,0
3877,0,0.00,0.00,1,0.010000,0,0
3878,2,100.00,100.00,1,0.010000,0,0
3879,20,-135.00,-145.00,0,0.010000,19,11
3880,20,17.00,47.00,0,0.010000,11,0
3881,20,-135.00,-115.00,0,0.010000,15,13
3882,1,50.00,50.00,1,0.010000,0,0
3883,1,50.00,50.00,1,0.010000,0,0
3884,20,53.00,43.00,0,0.010000,13,1
3885,20,-125.00,-135.00,0,0.010000,17,10
3886,20,-40.00,20.00,0,0.010000,11,0
3887,20,-125.00,-115.00,0,0.010000,17,11
3888,2,100.00,100.00,1,0.010000,0,0
3889,20,-135.00,-125.00,0,0.010000,15,13
3890,20,39.00,49.00,0,0.010000,10,0
3891,20,-135.00,-115.00,0,0.010000,17,12
3892,2,100.00,100.00,1,0.010000,0,0
3893,20,43.00,43.00,0,0.010000,13,0
3894,20,93.00,93.00,0,0.010000,12,0
3895,20,-125.00,-125.00,0,0.010000,15,13
3896,20,-40.00,20.00,0,0.010000,11,0
3897,20,80.00,-20.00,0,0.010000,0,20
3898,2,100.00,100.00,1,0.010000,0,0
3899,20,-130.00,-120.00,0,0.010000,16,12
3900,20,39.00,49.00,0,0.010000,10,0
3901,20,-125.00,-135.00,0,0.010000,17,10
3902,20,-135.00,-125.00,0,0.010000,17,12
3903,20,-120.00,-130.00,0,0.010000,16,11
3904,20,93.00,93.00,0,0.010000,12,0
3905,20,-120.00,-130.00,0,0.010000,16,11
3906,20,-40.00,20.00,0,0.010000,11,0
3907,1,50.00,50.00,1,0.010000,0,0
3908,2,100.00,100.00,1,0.010000,0,0
3909,20,-120.00,-130.00,0,0.010000,18,9
3910,20,-17.00,-7.00,0,0.010000,10,1
3911,20,-125.00,-135.00,0,0.010000,17,12
3912,2,89.00,100.00,1,0.010000,0,0
3913,20,-165.00,-125.00,0,0.010000,17,12
3914,20,93.00,93.00,0,0.010000,12,0
3915,20,-115.00,-135.00,0,0.010000,17,12
3916,20,-50.00,60.00,0,0.010000,11,1
3917,20,-7.00,3.00,0,0.010000,14,0
3918,2,100.00,100.00,1,0.010000,0,0
3919,20,-145.00,-125.00,0,0.010000,15,13
3920,20,39.00,49.00,0,0.010000,10,0
3921,20,-120.00,-120.00,0,0.010000,16,11
3922,20,60.00,-30.00,0,0.010000,10,0
3923,20,-40.00,20.00,0,0.010000,11,0
3924,20,53.00,43.00,0,0.010000,13,1
3925,20,-120.00,-120.00,0,0.010000,16,12
3926,20,-40.00,20.00,0,0.010000,11,0
3927,20,-39.00,-9.00,0,0.010000,11,2
3928,2,100.00,100.00,1,0.010000,0,0
3929,20,-115.00,-135.00,0,0.010000,17,13
3930,20,39.00,49.00,0,0.010000,10,0
3931,20,-130.00,-120.00,0,0.010000,16,12
3932,20,-130.00,-120.00,0,0.010000,16,12
3933,2,89.00,49.00,1,0.010000,0,0
3934,20,93.00,93.00,0,0.010000,12,0
3935,20,-150.00,-120.00,0,0.010000,16,10
3936,20,-40.00,20.00,0,0.010000,11,0
3937,20,-30.00,-9.00,0,0.010000,11,0
3938,2,100.00,100.00,1,0.010000,0,0
3939,20,-115.00,-125.00,0,0.010000,17,12
3940,20,39.00,49.00,0,0.010000,10,0
3941,20,-135.00,-135.00,0,0.010000,17,10
3942,1,50.00,50.00,1,0.010000,0,0
3943,20,-25.00,15.00,0,0.010000,9,1
3944,20,93.00,93.00,0,0.010000,12,0
3945,20,-130.00,-130.00,0,0.010000,16,10
3946,20,-40.00,20.00,0,0.010000,11,0
3947,0,0.00,0.00,1,0.010000,0,0
3948,2,100.00,100.00,1,0.010000,0,0
3949,20,-125.00,-115.00,0,0.010000,15,13
3950,20,39.00,49.00,0,0.010000,10,0
3951,20,-140.00,-130.00,0,0.010000,16,13
3952,20,-50.00,20.00,0,0.010000,12,1
3953,20,-120.00,-130.00,0,0.010000,16,12
3954,20,93.00,93.00,0,0.010000,12,0
3955,20,-125.00,-135.00,0,0.010000,17,13
3956,20,-40.00,20.00,0,0.010000,11,0
3957,1,50.00,50.00,1,0.010000,0,0
3958,2,100.00,100.00,1,0.010000,0,0
3959,20,-135.00,-115.00,0,0.010000,17,10
3960,20,39.00,49.00,0,0.010000,10,0
3961,20,-120.00,-120.00,0,0.010000,16,11
3962,20,-30.00,-40.00,0,0.010000,12,2
3963,20,31.00,126.00,0,0.010000,0,19
3964,20,93.00,93.00,0,0.010000,12,0
3965,20,-130.00,-130.00,0,0.010000,16,12
3966,20,-40.00,20.00,0,0.010000,11,0
3967,20,-110.00,-150.00,0,0.010000,16,10
3968,2,100.00,100.00,1,0.010000,0,0
3969,20,-120.00,-130.00,0,0.010000,16,11
3970,20,39.00,49.00,0,0.010000,10,0
3971,20,-100.00,-140.00,0,0.010000,16,12
3972,20,0.00,0.00,0,0.010000,10,0
3973,2,100.00,100.00,1,0.010000,0,0
3974,20,93.00,93.00,0,0.010000,12,0
3975,20,-115.00,-125.00,0,0.010000,17,13
3976,20,-40.00,20.00,0,0.010000,11,0
3977,0,0.00,0.00,1,0.010000,0,0
3978,2,100.00,100.00,1,0.010000,0,0
3979,20,-125.00,-135.00,0,0.010000,17,11
3980,20,17.00,47.00,0,0.010000,11,0
3981,20,-155.00,-105.00,0,0.010000,17,11
3982,20,-2.00,-2.00,0,0.010000,13,1
3983,20,10.00,-60.00,0,0.010000,13,1
3984,20,93.00,93.00,0,0.010000,12,0
3985,20,-120.00,-120.00,0,0.010000,16,11
3986,20,-40.00,20.00,0,0.010000,11,0
3987,0,0.00,0.00,1,0.010000,0,0
3988,2,100.00,100.00,1,0.010000,0,0
3989,20,-135.00,-115.00,0,0.010000,17,11
3990,20,39.00,49.00,0,0.010000,10,0
3991,20,-110.00,-140.00,0,0.010000,14,13
3992,20,-130.00,-120.00,0,0.010000,16,13
3993,1,4.00,50.00,1,0.010000,0,0
3994,20,93.00,93.00,0,0.010000,12,0
3995,20,-110.00,-140.00,0,0.010000,16,10
3996,20,-40.00,20.00,0,0.010000,11,0
3997,20,-35.00,-45.00,0,0.010000,11,2
3998,2,100.00,100.00,1,0.010000,0,0
3999,20,-125.00,-135.00,0,0.010000,15,12

# Summary
# FirstGoalEpisode,3
# TotalGoalCount,626
# GoalRate_last100,0.20
