Episode,Steps,RewardZ1,RewardZ2,GoalReached,Epsilon,WastedByPenalty,WastedByNoEffect
0,0,0.00,0.00,0,0.300000,0,0
1,4,27.00,16.00,1,0.299100,2,2
2,6,-26.00,-70.00,1,0.300000,4,0
3,0,0.00,0.00,1,0.299100,0,0
4,20,-169.00,126.00,0,0.298203,7,10
5,20,80.00,-185.00,0,0.297308,16,5
6,3,12.00,78.00,1,0.296416,1,1
7,20,-142.00,-11.00,0,0.295527,18,8
8,20,-174.00,-9.00,0,0.294640,6,13
9,20,80.00,-185.00,0,0.293756,16,7
10,20,-130.00,80.00,0,0.292875,12,8
11,20,80.00,-210.00,0,0.291997,18,3
12,0,0.00,0.00,1,0.291121,0,0
13,20,-178.00,81.00,0,0.290247,18,2
14,20,-179.00,80.00,0,0.289376,17,4
15,20,80.00,-185.00,0,0.288508,16,3
16,3,12.00,78.00,1,0.287643,1,1
17,20,-22.00,-232.00,0,0.286780,19,4
18,20,-124.00,-14.00,0,0.285920,12,3
19,20,80.00,-170.00,0,0.285062,15,3
20,20,-44.00,11.00,0,0.284207,16,6
21,20,80.00,-170.00,0,0.283354,13,7
22,0,0.00,0.00,1,0.282504,0,0
23,20,-114.00,10.00,0,0.281656,19,2
24,20,-209.00,126.00,0,0.280811,15,2
25,20,80.00,-195.00,0,0.279969,17,2
26,2,8.00,89.00,1,0.279129,0,0
27,20,80.00,-220.00,0,0.278292,20,4
28,20,-89.00,0.00,0,0.277457,12,0
29,20,80.00,-185.00,0,0.276624,16,2
30,20,-47.00,28.00,0,0.275795,16,6
31,20,80.00,-200.00,0,0.274967,18,5
32,20,13.00,-195.00,0,0.274142,17,5
33,20,27.00,-134.00,0,0.273320,12,6
34,20,-199.00,121.00,0,0.272500,14,3
35,20,80.00,-180.00,0,0.271682,16,2
36,2,8.00,89.00,1,0.270867,0,0
37,20,80.00,-130.00,0,0.270055,11,3
38,20,-94.00,52.00,0,0.269245,11,3
39,20,80.00,-185.00,0,0.268437,16,2
40,20,-45.00,25.00,0,0.267632,18,5
41,20,80.00,-205.00,0,0.266829,18,2
42,20,-119.00,-50.00,0,0.266028,18,2
43,20,-90.00,118.00,0,0.265230,2,16
44,20,-249.00,126.00,0,0.264434,19,3
45,20,80.00,-130.00,0,0.263641,10,2
46,2,8.00,49.00,1,0.262850,0,0
47,20,-88.00,-10.00,0,0.262062,20,3
48,20,-119.00,47.00,0,0.261275,13,3
49,20,80.00,-200.00,0,0.260492,17,3
50,20,-11.00,-11.00,0,0.259710,17,6
51,20,80.00,-210.00,0,0.258931,18,4
52,20,50.00,-56.00,0,0.258154,7,4
53,20,80.00,-25.00,0,0.257380,10,4
54,20,-239.00,126.00,0,0.256608,18,3
55,20,80.00,-165.00,0,0.255838,14,2
56,2,8.00,89.00,1,0.255070,0,0
57,20,80.00,0.00,0,0.254305,10,1
58,20,-179.00,105.00,0,0.253542,5,14
59,20,80.00,-200.00,0,0.252781,17,4
60,20,-75.00,40.00,0,0.252023,20,3
61,20,80.00,-195.00,0,0.251267,16,4
62,20,80.00,-115.00,0,0.250513,9,3
63,20,80.00,-175.00,0,0.249762,15,3
64,20,-209.00,118.00,0,0.249012,17,3
65,20,80.00,-85.00,0,0.248265,6,3
66,2,8.00,89.00,1,0.247521,0,0
67,20,-114.00,-33.00,0,0.246778,19,2
68,20,-104.00,-17.00,0,0.246038,12,2
69,20,80.00,-200.00,0,0.245300,18,2
70,20,-42.00,38.00,0,0.244564,15,7
71,20,80.00,-175.00,0,0.243830,11,11
72,20,-65.00,23.00,0,0.243099,16,4
73,19,23.00,-53.00,1,0.242369,16,5
74,20,-189.00,118.00,0,0.241642,15,2
75,20,80.00,-135.00,0,0.240917,11,4
76,5,20.00,76.00,1,0.240194,2,1
77,20,80.00,-200.00,0,0.239474,17,5
78,20,-87.00,50.00,0,0.238755,11,5
79,20,80.00,-170.00,0,0.238039,15,4
80,20,-58.00,47.00,0,0.237325,19,0
81,20,80.00,-220.00,0,0.236613,20,1
82,20,99.00,-43.00,0,0.235903,4,2
83,20,80.00,-30.00,0,0.235196,1,1
84,20,-192.00,103.00,0,0.234490,17,2
85,20,80.00,-95.00,0,0.233786,6,4
86,3,12.00,78.00,1,0.233085,1,1
87,20,80.00,-20.00,0,0.232386,10,1
88,20,-129.00,78.00,0,0.231689,14,6
89,20,80.00,-175.00,0,0.230994,15,2
90,20,-75.00,70.00,0,0.230301,17,4
91,20,80.00,-175.00,0,0.229610,12,7
92,20,-98.00,-175.00,0,0.228921,19,6
93,20,-105.00,-15.00,0,0.228234,19,3
94,20,-199.00,137.00,0,0.227549,17,1
95,20,80.00,-80.00,0,0.226867,5,3
96,2,8.00,89.00,1,0.226186,0,0
97,0,0.00,0.00,1,0.225508,0,0
98,20,-73.00,39.00,0,0.224831,19,1
99,20,80.00,-185.00,0,0.224157,16,2
100,20,9.00,-11.00,0,0.223484,16,2
101,20,80.00,-145.00,0,0.222814,7,12
102,20,-26.00,87.00,0,0.222145,8,11
103,0,0.00,0.00,1,0.221479,0,0
104,20,-94.00,38.00,0,0.220814,15,3
105,20,80.00,-110.00,0,0.220152,9,3
106,3,12.00,78.00,1,0.219492,1,1
107,20,80.00,0.00,0,0.218833,9,3
108,20,-31.00,3.00,0,0.218177,17,2
109,20,80.00,-180.00,0,0.217522,15,4
110,20,-13.00,-23.00,0,0.216869,17,6
111,20,80.00,-145.00,0,0.216219,6,14
112,20,-23.00,-52.00,0,0.215570,20,0
113,20,-58.00,3.00,0,0.214923,18,2
114,20,-117.00,67.00,0,0.214279,15,2
115,20,80.00,-80.00,0,0.213636,6,1
116,2,8.00,89.00,1,0.212995,0,0
117,20,80.00,-70.00,0,0.212356,5,2
118,20,-24.00,16.00,0,0.211719,19,2
119,20,80.00,-180.00,0,0.211084,16,2
120,20,-11.00,9.00,0,0.210450,16,2
121,20,80.00,-200.00,0,0.209819,16,5
122,20,-63.00,-205.00,0,0.209190,18,3
123,20,-41.00,-200.00,0,0.208562,18,2
124,20,-124.00,92.00,0,0.207936,13,1
125,20,80.00,-70.00,0,0.207313,5,2
126,2,8.00,89.00,1,0.206691,0,0
127,20,-26.00,16.00,0,0.206071,18,2
128,20,-55.00,40.00,0,0.205452,18,5
129,20,80.00,-190.00,0,0.204836,16,3
130,20,1.00,1.00,0,0.204222,17,0
131,20,80.00,-160.00,0,0.203609,8,12
132,20,-20.00,-110.00,0,0.202998,17,3
133,20,80.00,10.00,0,0.202389,8,2
134,20,-124.00,84.00,0,0.201782,15,2
135,20,80.00,-115.00,0,0.201177,8,4
136,2,8.00,89.00,1,0.200573,0,0
137,20,63.00,-37.00,0,0.199971,17,4
138,20,-57.00,63.00,0,0.199371,16,3
139,20,80.00,-180.00,0,0.198773,16,3
140,20,-83.00,62.00,0,0.198177,20,3
141,20,80.00,-135.00,0,0.197582,5,16
142,2,8.00,39.00,1,0.196990,1,0
143,1,4.00,50.00,1,0.196399,0,0
144,20,-129.00,92.00,0,0.195809,13,4
145,20,80.00,-115.00,0,0.195222,9,6
146,2,8.00,89.00,1,0.194636,0,0
147,20,22.00,-36.00,0,0.194052,14,5
148,20,-99.00,8.00,0,0.193470,16,0
149,20,80.00,-125.00,0,0.192890,10,2
150,20,11.00,-19.00,0,0.192311,17,2
151,20,80.00,-200.00,0,0.191734,17,4
152,20,-43.00,42.00,0,0.191159,18,1
153,20,-90.00,33.00,0,0.190586,15,2
154,20,-179.00,129.00,0,0.190014,17,2
155,20,80.00,-80.00,0,0.189444,6,1
156,2,8.00,89.00,1,0.188876,0,0
157,0,0.00,0.00,1,0.188309,0,0
158,20,-116.00,-7.00,0,0.187744,15,2
159,20,80.00,-120.00,0,0.187181,10,1
160,20,9.00,-26.00,0,0.186619,15,6
161,20,80.00,-140.00,0,0.186059,6,15
162,20,80.00,-50.00,0,0.185501,3,2
163,20,13.00,-217.00,0,0.184945,19,3
164,20,-109.00,43.00,0,0.184390,16,3
165,20,80.00,-150.00,0,0.183837,13,1
166,2,8.00,39.00,1,0.183285,1,0
167,20,-12.00,47.00,0,0.182735,14,1
168,20,-143.00,55.00,0,0.182187,15,4
169,20,80.00,-65.00,0,0.181641,4,3
170,20,-44.00,6.00,0,0.181096,16,7
171,20,80.00,-145.00,0,0.180552,5,17
172,0,0.00,0.00,1,0.180011,0,0
173,20,-18.00,-261.00,0,0.179471,20,2
174,20,-89.00,48.00,0,0.178932,13,3
175,20,80.00,-40.00,0,0.178395,2,1
176,2,8.00,89.00,1,0.177860,0,0
177,20,-11.00,-6.00,0,0.177327,17,3
178,20,-77.00,62.00,0,0.176795,16,1
179,20,80.00,-60.00,0,0.176264,4,1
180,20,-27.00,13.00,0,0.175735,15,5
181,20,80.00,-135.00,0,0.175208,4,16
182,2,8.00,89.00,1,0.174683,0,0
183,20,80.00,-140.00,0,0.174159,6,13
184,20,-139.00,89.00,0,0.173636,16,2
185,20,80.00,-170.00,0,0.173115,15,2
186,2,8.00,49.00,1,0.172596,0,0
187,20,-140.00,102.00,0,0.172078,15,2
188,20,-79.00,50.00,0,0.171562,15,3
189,20,80.00,-80.00,0,0.171047,6,2
190,20,-32.00,23.00,0,0.170534,14,5
191,20,80.00,-180.00,0,0.170022,15,5
192,20,-90.00,48.00,0,0.169512,15,1
193,20,80.00,-30.00,0,0.169004,10,1
194,20,-134.00,89.00,0,0.168497,15,2
195,20,80.00,-70.00,0,0.167991,5,1
196,2,8.00,89.00,1,0.167487,0,0
197,20,80.00,-50.00,0,0.166985,3,0
198,20,-117.00,62.00,0,0.166484,17,0
199,20,80.00,-50.00,0,0.165984,3,1
200,20,-37.00,18.00,0,0.165487,14,7
201,20,80.00,-140.00,0,0.164990,4,17
202,4,16.00,17.00,1,0.164495,3,0
203,20,-124.00,-55.00,0,0.164002,17,4
204,20,-129.00,82.00,0,0.163510,14,6
205,20,80.00,-60.00,0,0.163019,3,2
206,2,8.00,89.00,1,0.162530,0,0
207,20,-78.00,62.00,0,0.162042,19,3
208,20,-30.00,-1.00,0,0.161556,15,4
209,20,80.00,-70.00,0,0.161072,5,3
210,20,-27.00,18.00,0,0.160588,14,5
211,20,80.00,-140.00,0,0.160107,6,15
212,20,66.00,-26.00,0,0.159626,15,4
213,20,-22.00,-181.00,0,0.159147,19,1
214,20,-119.00,64.00,0,0.158670,16,2
215,20,80.00,-30.00,0,0.158194,1,1
216,2,8.00,89.00,1,0.157719,0,0
217,0,0.00,0.00,1,0.157246,0,0
218,20,-79.00,11.00,0,0.156775,16,0
219,20,80.00,-70.00,0,0.156304,5,0
220,20,22.00,-38.00,0,0.155835,13,8
221,20,80.00,-130.00,0,0.155368,3,17
222,20,80.00,-35.00,0,0.154902,1,2
223,20,13.00,14.00,0,0.154437,12,3
224,20,-159.00,102.00,0,0.153974,16,3
225,20,80.00,-125.00,0,0.153512,10,3
226,2,8.00,89.00,1,0.153051,0,0
227,20,-48.00,-210.00,0,0.152592,20,2
228,20,-109.00,62.00,0,0.152134,16,0
229,20,80.00,-35.00,0,0.151678,1,2
230,20,40.00,-80.00,0,0.151223,14,8
231,20,80.00,-145.00,0,0.150769,5,17
232,20,-65.00,15.00,0,0.150317,19,1
233,20,3.00,-205.00,0,0.149866,19,2
234,20,-144.00,87.00,0,0.149416,14,4
235,20,80.00,-55.00,0,0.148968,3,1
236,2,8.00,89.00,1,0.148521,0,0
237,20,-15.00,-164.00,0,0.148076,18,3
238,20,-64.00,52.00,0,0.147631,15,1
239,20,80.00,-70.00,0,0.147188,4,3
240,20,48.00,-67.00,0,0.146747,8,12
241,20,80.00,-140.00,0,0.146307,4,17
242,20,80.00,-50.00,0,0.145868,3,2
243,20,-17.00,2.00,0,0.145430,13,4
244,20,-144.00,94.00,0,0.144994,16,1
245,20,80.00,-70.00,0,0.144559,5,0
246,3,12.00,83.00,1,0.144125,0,1
247,20,80.00,-70.00,0,0.143693,10,0
248,20,-93.00,20.00,0,0.143262,14,5
249,20,80.00,-75.00,0,0.142832,5,1
250,20,51.00,-79.00,0,0.142403,8,12
251,20,80.00,-165.00,0,0.141976,10,9
252,0,0.00,0.00,1,0.141550,0,0
253,20,80.00,10.00,0,0.141126,10,0
254,20,-169.00,94.00,0,0.140702,19,0
255,20,80.00,-45.00,0,0.140280,2,2
256,3,12.00,83.00,1,0.139859,0,1
257,0,0.00,0.00,1,0.139440,0,0
258,20,-15.00,12.00,0,0.139021,14,4
259,20,80.00,-40.00,0,0.138604,2,1
260,20,20.00,-50.00,0,0.138189,16,1
261,20,80.00,-205.00,0,0.137774,17,3
262,20,9.00,-164.00,0,0.137361,16,3
263,0,0.00,0.00,1,0.136949,0,0
264,20,-169.00,94.00,0,0.136538,19,0
265,20,80.00,-50.00,0,0.136128,3,0
266,2,8.00,89.00,1,0.135720,0,0
267,20,-60.00,-260.00,0,0.135313,20,1
268,20,-56.00,48.00,0,0.134907,13,3
269,20,80.00,-40.00,0,0.134502,2,1
270,20,-41.00,14.00,0,0.134098,15,2
271,20,80.00,-130.00,0,0.133696,3,17
272,20,-17.00,-85.00,0,0.133295,17,2
273,20,-53.00,-210.00,0,0.132895,20,3
274,20,-159.00,94.00,0,0.132496,18,1
275,20,80.00,-55.00,0,0.132099,3,1
276,2,8.00,89.00,1,0.131703,0,0
277,20,-110.00,40.00,0,0.131308,19,0
278,20,-66.00,60.00,0,0.130914,14,1
279,20,80.00,-85.00,0,0.130521,6,2
280,20,-8.00,-13.00,0,0.130129,16,2
281,20,80.00,-135.00,0,0.129739,3,17
282,20,80.00,-20.00,0,0.129350,0,0
283,20,80.00,-20.00,0,0.128962,1,0
284,20,-139.00,48.00,0,0.128575,19,1
285,20,80.00,-35.00,0,0.128189,1,1
286,2,8.00,39.00,1,0.127805,1,0
287,1,4.00,50.00,1,0.127421,0,0
288,20,-39.00,12.00,0,0.127039,11,6
289,20,80.00,-70.00,0,0.126658,5,0
290,20,13.00,-52.00,0,0.126278,15,2
291,20,80.00,-125.00,0,0.125899,2,18
292,20,-14.00,-210.00,0,0.125521,20,0
293,20,-10.00,4.00,0,0.125145,14,2
294,20,-199.00,124.00,0,0.124769,19,3
295,20,80.00,-45.00,0,0.124395,2,2
296,2,8.00,89.00,1,0.124022,0,0
297,20,-120.00,48.00,0,0.123650,18,2
298,20,-56.00,35.00,0,0.123279,14,3
299,20,80.00,-30.00,0,0.122909,1,2
300,20,15.00,-35.00,0,0.122540,15,0
301,20,80.00,-175.00,0,0.122173,12,7
302,20,80.00,-10.00,0,0.121806,10,2
303,20,-44.00,26.00,0,0.121441,15,2
304,20,-159.00,94.00,0,0.121076,18,2
305,20,80.00,-70.00,0,0.120713,5,3
306,2,8.00,89.00,1,0.120351,0,0
307,20,80.00,-75.00,0,0.119990,5,1
308,20,-66.00,58.00,0,0.119630,13,3
309,20,80.00,-50.00,0,0.119271,3,2
310,20,22.00,-43.00,0,0.118913,15,4
311,20,80.00,-120.00,0,0.118556,2,18
312,20,-70.00,10.00,0,0.118201,20,0
313,20,62.00,-25.00,0,0.117846,2,2
314,20,-189.00,129.00,0,0.117493,18,0
315,20,80.00,-90.00,0,0.117140,6,3
316,3,12.00,83.00,1,0.116789,0,1
317,1,4.00,50.00,1,0.116438,0,0
318,20,-12.00,4.00,0,0.116089,13,2
319,20,80.00,-65.00,0,0.115741,4,2
320,20,22.00,-43.00,0,0.115394,15,4
321,20,80.00,-160.00,0,0.115047,9,14
322,20,-1.00,-34.00,0,0.114702,14,2
323,20,81.00,-79.00,0,0.114358,3,1
324,20,-63.00,16.00,0,0.114015,15,3
325,20,80.00,-35.00,0,0.113673,1,1
326,2,8.00,89.00,1,0.113332,0,0
327,20,24.00,-200.00,0,0.112992,16,5
328,20,-27.00,7.00,0,0.112653,14,4
329,20,80.00,-90.00,0,0.112315,7,0
330,20,-27.00,8.00,0,0.111978,15,4
331,20,80.00,-120.00,0,0.111642,1,19
332,20,31.00,-90.00,0,0.111307,16,2
333,1,4.00,50.00,1,0.110973,0,0
334,20,-71.00,35.00,0,0.110640,17,0
335,20,80.00,-50.00,0,0.110308,3,0
336,2,8.00,89.00,1,0.109978,0,0
337,20,-73.00,-210.00,0,0.109648,20,3
338,20,-66.00,60.00,0,0.109319,14,1
339,20,80.00,-65.00,0,0.108991,4,2
340,20,-3.00,-23.00,0,0.108664,15,6
341,20,80.00,-160.00,0,0.108338,9,13
342,20,127.00,-28.00,0,0.108013,2,1
343,20,80.00,-220.00,0,0.107689,20,1
344,20,-4.00,-36.00,0,0.107366,13,6
345,20,80.00,-70.00,0,0.107044,5,2
346,3,12.00,83.00,1,0.106722,0,1
347,20,-17.00,8.00,0,0.106402,19,2
348,20,-10.00,2.00,0,0.106083,14,2
349,20,80.00,-50.00,0,0.105765,3,3
350,20,-49.00,31.00,0,0.105448,14,5
351,20,80.00,-130.00,0,0.105131,2,18
352,1,4.00,50.00,1,0.104816,0,0
353,20,80.00,-20.00,0,0.104501,0,2
354,20,-10.00,-26.00,0,0.104188,15,4
355,20,80.00,-50.00,0,0.103875,3,0
356,2,8.00,89.00,1,0.103564,0,0
357,4,16.00,87.00,1,0.103253,1,0
358,20,-32.00,12.00,0,0.102943,14,4
359,20,80.00,-50.00,0,0.102634,3,0
360,20,-39.00,16.00,0,0.102326,14,5
361,20,80.00,-195.00,0,0.102019,16,3
362,20,-25.00,-35.00,0,0.101713,19,1
363,20,80.00,-40.00,0,0.101408,2,2
364,20,40.00,-78.00,0,0.101104,14,6
365,20,80.00,-50.00,0,0.100801,3,0
366,2,8.00,89.00,1,0.100498,0,0
367,20,-30.00,-40.00,0,0.100197,18,2
368,20,-66.00,68.00,0,0.099896,14,1
369,20,80.00,-95.00,0,0.099597,7,1
370,20,-54.00,26.00,0,0.099298,15,5
371,20,80.00,-125.00,0,0.099000,1,19
372,1,4.00,50.00,1,0.098703,0,0
373,1,4.00,50.00,1,0.098407,0,0
374,20,-63.00,28.00,0,0.098112,12,6
375,20,80.00,-40.00,0,0.097817,2,2
376,2,8.00,89.00,1,0.097524,0,0
377,20,80.00,-155.00,0,0.097231,8,11
378,20,-76.00,12.00,0,0.096940,14,4
379,20,80.00,-60.00,0,0.096649,4,1
380,20,-44.00,26.00,0,0.096359,14,5
381,20,80.00,-205.00,0,0.096070,18,3
382,20,80.00,-50.00,0,0.095781,3,3
383,20,-159.00,-20.00,0,0.095494,14,1
384,20,38.00,-83.00,0,0.095208,11,8
385,20,80.00,-60.00,0,0.094922,4,1
386,2,8.00,89.00,1,0.094637,0,0
387,20,5.00,-45.00,0,0.094353,10,3
388,20,-66.00,53.00,0,0.094070,13,3
389,20,80.00,-70.00,0,0.093788,5,0
390,20,-39.00,11.00,0,0.093507,15,5
391,20,80.00,-125.00,0,0.093226,2,18
392,20,80.00,-65.00,0,0.092946,4,3
393,20,-130.00,126.00,0,0.092668,2,19
394,20,-36.00,-3.00,0,0.092390,12,7
395,20,80.00,-30.00,0,0.092112,1,0
396,2,8.00,89.00,1,0.091836,0,0
397,20,-103.00,81.00,0,0.091561,2,18
398,20,-37.00,38.00,0,0.091286,13,6
399,20,80.00,-35.00,0,0.091012,1,1
400,20,-54.00,26.00,0,0.090739,15,5
401,20,80.00,-115.00,0,0.090467,1,17
402,0,0.00,0.00,1,0.090195,0,0
403,20,-82.00,-131.00,0,0.089925,16,4
404,20,-38.00,4.00,0,0.089655,13,3
405,20,80.00,-50.00,0,0.089386,3,2
406,2,8.00,89.00,1,0.089118,0,0
407,20,57.00,-32.00,0,0.088851,12,4
408,20,-109.00,58.00,0,0.088584,14,4
409,20,80.00,-30.00,0,0.088318,1,0
410,20,0.00,-35.00,0,0.088053,15,6
411,20,80.00,-120.00,0,0.087789,3,16
412,20,67.00,30.00,0,0.087526,12,4
413,20,80.00,-220.00,0,0.087263,20,0
414,20,43.00,-68.00,0,0.087001,11,8
415,20,80.00,-50.00,0,0.086740,3,0
416,2,8.00,89.00,1,0.086480,0,0
417,20,-53.00,-30.00,0,0.086221,18,1
418,20,-108.00,-3.00,0,0.085962,13,5
419,20,80.00,-30.00,0,0.085704,1,1
420,20,-10.00,-25.00,0,0.085447,15,7
421,20,80.00,-125.00,0,0.085191,2,19
422,20,-61.00,10.00,0,0.084935,20,1
423,20,80.00,-215.00,0,0.084680,19,1
424,20,-63.00,18.00,0,0.084426,13,7
425,20,80.00,-30.00,0,0.084173,1,0
426,2,8.00,89.00,1,0.083921,0,0
427,20,0.00,0.00,0,0.083669,20,0
428,20,-68.00,84.00,0,0.083418,12,3
429,20,80.00,-55.00,0,0.083168,3,1
430,20,-76.00,34.00,0,0.082918,14,9
431,20,80.00,-120.00,0,0.082669,1,19
432,20,80.00,-135.00,0,0.082421,3,18
433,20,80.00,10.00,0,0.082174,1,2
434,20,-56.00,1.00,0,0.081927,12,8
435,20,80.00,-50.00,0,0.081682,3,0
436,2,8.00,89.00,1,0.081437,0,0
437,20,54.00,-61.00,0,0.081192,20,1
438,20,-34.00,30.00,0,0.080949,12,4
439,20,80.00,-60.00,0,0.080706,4,1
440,20,-61.00,29.00,0,0.080464,13,7
441,20,80.00,-155.00,0,0.080222,7,13
442,20,37.00,38.00,0,0.079982,12,2
443,20,80.00,-40.00,0,0.079742,2,0
444,20,3.00,-38.00,0,0.079503,12,8
445,20,80.00,-60.00,0,0.079264,4,2
446,2,8.00,89.00,1,0.079026,0,0
447,20,80.00,-50.00,0,0.078789,3,2
448,20,-113.00,76.00,0,0.078553,13,2
449,20,80.00,-30.00,0,0.078317,1,0
450,20,5.00,-40.00,0,0.078082,15,6
451,20,80.00,-130.00,0,0.077848,2,19
452,20,97.00,-142.00,0,0.077614,13,6
453,2,8.00,89.00,1,0.077382,0,0
454,20,18.00,-51.00,0,0.077149,14,4
455,20,80.00,-40.00,0,0.076918,2,1
456,4,16.00,87.00,1,0.076687,1,0
457,20,-2.00,-195.00,0,0.076457,18,2
458,20,-133.00,71.00,0,0.076228,14,4
459,20,80.00,-40.00,0,0.075999,2,1
460,20,-66.00,29.00,0,0.075771,14,7
461,20,80.00,-140.00,0,0.075544,7,10
462,20,37.00,-179.00,0,0.075317,19,1
463,20,73.00,-135.00,0,0.075091,17,1
464,20,-51.00,18.00,0,0.074866,13,7
465,20,80.00,-40.00,0,0.074641,2,1
466,2,8.00,89.00,1,0.074417,0,0
467,20,80.00,-80.00,0,0.074194,11,1
468,20,-78.00,82.00,0,0.073972,13,5
469,20,80.00,-40.00,0,0.073750,2,1
470,20,-56.00,24.00,0,0.073528,14,8
471,20,80.00,-125.00,0,0.073308,3,19
472,20,29.00,-200.00,0,0.073088,19,1
473,20,72.00,-135.00,0,0.072869,3,17
474,20,48.00,-83.00,0,0.072650,11,8
475,20,80.00,-30.00,0,0.072432,1,0
476,2,8.00,89.00,1,0.072215,0,0
477,20,44.00,-200.00,0,0.071998,19,0
478,20,-44.00,22.00,0,0.071782,13,2
479,20,80.00,-60.00,0,0.071567,4,1
480,20,39.00,-16.00,0,0.071352,5,15
481,20,80.00,-135.00,0,0.071138,6,12
482,20,-29.00,38.00,0,0.070925,12,4
483,20,89.00,-74.00,0,0.070712,20,0
484,20,-80.00,19.00,0,0.070500,15,5
485,20,80.00,-45.00,0,0.070288,2,2
486,2,8.00,89.00,1,0.070077,0,0
487,0,0.00,0.00,1,0.069867,0,0
488,20,-83.00,84.00,0,0.069658,13,3
489,20,80.00,-45.00,0,0.069449,2,3
490,20,80.00,-20.00,0,0.069240,0,20
491,20,80.00,-150.00,0,0.069033,6,15
492,20,25.00,-76.00,0,0.068825,19,1
493,20,62.00,-93.00,0,0.068619,10,9
494,20,18.00,-51.00,0,0.068413,14,4
495,20,80.00,-50.00,0,0.068208,3,1
496,2,8.00,89.00,1,0.068003,0,0
497,0,0.00,0.00,1,0.067799,0,0
498,20,-68.00,20.00,0,0.067596,12,4
499,20,80.00,-50.00,0,0.067393,3,2
500,20,52.00,-18.00,0,0.067191,4,16
501,20,80.00,-185.00,0,0.066989,14,5
502,1,4.00,50.00,1,0.066788,0,0
503,20,-22.00,8.00,0,0.066588,20,2
504,20,18.00,-53.00,0,0.066388,12,8
505,20,80.00,-50.00,0,0.066189,3,0
506,2,8.00,89.00,1,0.065990,0,0
507,20,151.00,-35.00,0,0.065792,1,1
508,20,-123.00,76.00,0,0.065595,14,2
509,20,80.00,-55.00,0,0.065398,3,4
510,20,80.00,-30.00,0,0.065202,1,20
511,20,80.00,-135.00,0,0.065007,3,18
512,1,4.00,50.00,1,0.064811,0,0
513,1,4.00,50.00,1,0.064617,0,0
514,20,-28.00,-17.00,0,0.064423,11,7
515,20,80.00,-50.00,0,0.064230,3,0
516,2,8.00,89.00,1,0.064037,0,0
517,20,64.00,-78.00,0,0.063845,12,7
518,20,-68.00,20.00,0,0.063654,12,4
519,20,80.00,-40.00,0,0.063463,2,1
520,20,26.00,21.00,0,0.063272,2,18
521,20,80.00,-135.00,0,0.063082,3,17
522,20,80.00,-40.00,0,0.062893,2,1
523,20,-34.00,-130.00,0,0.062705,14,0
524,20,-6.00,-29.00,0,0.062516,14,4
525,20,80.00,-50.00,0,0.062329,3,1
526,2,8.00,89.00,1,0.062142,0,0
527,20,-29.00,38.00,0,0.061955,11,4
528,20,-78.00,86.00,0,0.061770,13,1
529,20,80.00,-30.00,0,0.061584,1,0
530,20,57.00,-18.00,0,0.061400,3,16
531,20,80.00,-125.00,0,0.061215,1,20
532,20,80.00,-20.00,0,0.061032,10,0
533,20,108.00,-62.00,0,0.060849,3,17
534,20,-80.00,35.00,0,0.060666,13,7
535,20,80.00,-50.00,0,0.060484,3,0
536,2,8.00,89.00,1,0.060303,0,0
537,20,80.00,-30.00,0,0.060122,1,1
538,20,-70.00,67.00,0,0.059941,12,5
539,20,80.00,-50.00,0,0.059761,3,0
540,20,-22.00,43.00,0,0.059582,13,6
541,20,80.00,-135.00,0,0.059403,3,18
542,20,80.00,-40.00,0,0.059225,2,2
543,20,32.00,-180.00,0,0.059048,13,6
544,20,-34.00,-18.00,0,0.058870,13,6
545,20,80.00,-30.00,0,0.058694,1,1
546,2,8.00,89.00,1,0.058518,0,0
547,20,166.00,-100.00,0,0.058342,15,1
548,20,-56.00,74.00,0,0.058167,13,3
549,20,80.00,-30.00,0,0.057993,1,0
550,20,80.00,-30.00,0,0.057819,1,20
551,20,80.00,-125.00,0,0.057645,1,19
552,0,0.00,0.00,1,0.057472,0,0
553,20,-66.00,1.00,0,0.057300,18,2
554,20,-80.00,18.00,0,0.057128,12,8
555,20,80.00,-30.00,0,0.056957,1,0
556,2,8.00,89.00,1,0.056786,0,0
557,20,146.00,-100.00,0,0.056615,16,1
558,20,-68.00,84.00,0,0.056445,12,3
559,20,80.00,-30.00,0,0.056276,1,0
560,20,80.00,-20.00,0,0.056107,0,20
561,20,80.00,-120.00,0,0.055939,1,18
562,20,37.00,-3.00,0,0.055771,4,17
563,20,-46.00,10.00,0,0.055604,20,1
564,20,-58.00,38.00,0,0.055437,10,7
565,20,80.00,-60.00,0,0.055271,4,1
566,2,8.00,89.00,1,0.055105,0,0
567,20,80.00,20.00,0,0.054940,9,1
568,20,-44.00,30.00,0,0.054775,13,4
569,20,80.00,-60.00,0,0.054610,4,2
570,20,-22.00,43.00,0,0.054447,13,6
571,20,80.00,-125.00,0,0.054283,1,20
572,20,72.00,-130.00,0,0.054120,3,16
573,20,123.00,-100.00,0,0.053958,17,0
574,20,-152.00,105.00,0,0.053796,14,5
575,20,80.00,-30.00,0,0.053635,1,0
576,2,8.00,89.00,1,0.053474,0,0
577,20,85.00,-72.00,0,0.053314,5,1
578,20,-105.00,84.00,0,0.053154,12,2
579,20,80.00,-30.00,0,0.052994,1,0
580,20,62.00,-23.00,0,0.052835,3,18
581,20,80.00,-125.00,0,0.052677,1,20
582,20,0.00,-20.00,0,0.052519,20,0
583,0,0.00,0.00,1,0.052361,0,0
584,20,48.00,-83.00,0,0.052204,11,8
585,20,80.00,-35.00,0,0.052047,1,1
586,2,8.00,89.00,1,0.051891,0,0
587,2,8.00,89.00,1,0.051736,0,0
588,20,-98.00,68.00,0,0.051580,13,3
589,20,80.00,-50.00,0,0.051426,3,0
590,20,80.00,-20.00,0,0.051271,0,20
591,20,80.00,-115.00,0,0.051117,0,20
592,0,0.00,0.00,1,0.050964,0,0
593,20,80.00,-145.00,0,0.050811,6,14
594,20,-90.00,36.00,0,0.050659,16,1
595,20,80.00,-60.00,0,0.050507,4,1
596,2,8.00,89.00,1,0.050355,0,0
597,20,108.00,-110.00,0,0.050204,17,0
598,20,-58.00,92.00,0,0.050054,13,1
599,20,80.00,-40.00,0,0.049903,2,1
600,20,72.00,-18.00,0,0.049754,2,18
601,20,80.00,-115.00,0,0.049605,0,20
602,20,80.00,-20.00,0,0.049456,0,20
603,20,22.00,-50.00,0,0.049307,4,0
604,20,-72.00,76.00,0,0.049159,3,9
605,20,80.00,-40.00,0,0.049012,2,1
606,2,8.00,89.00,1,0.048865,0,0
607,20,80.00,-20.00,0,0.048718,10,0
608,20,-135.00,61.00,0,0.048572,13,4
609,20,80.00,-40.00,0,0.048426,2,1
610,20,40.00,-10.00,0,0.048281,10,9
611,20,80.00,-125.00,0,0.048136,1,20
612,20,80.00,-20.00,0,0.047992,0,0
613,20,88.00,-60.00,0,0.047848,6,1
614,20,-134.00,161.00,0,0.047704,4,2
615,20,80.00,-30.00,0,0.047561,1,0
616,2,8.00,89.00,1,0.047419,0,0
617,1,4.00,50.00,1,0.047276,0,0
618,20,-12.00,30.00,0,0.047134,13,2
619,20,80.00,-40.00,0,0.046993,2,1
620,20,80.00,-20.00,0,0.046852,0,20
621,20,80.00,-125.00,0,0.046712,1,20
622,1,4.00,50.00,1,0.046571,0,0
623,20,31.00,-83.00,0,0.046432,19,1
624,20,-104.00,151.00,0,0.046292,2,1
625,20,80.00,-40.00,0,0.046154,2,3
626,2,8.00,89.00,1,0.046015,0,0
627,20,-11.00,-68.00,0,0.045877,19,0
628,20,-29.00,28.00,0,0.045739,12,4
629,20,80.00,-50.00,0,0.045602,3,0
630,20,80.00,-20.00,0,0.045465,0,20
631,20,80.00,-120.00,0,0.045329,0,20
632,20,44.00,-70.00,0,0.045193,6,0
633,20,80.00,-25.00,0,0.045057,1,1
634,20,-62.00,86.00,0,0.044922,4,4
635,20,80.00,-50.00,0,0.044787,3,0
636,2,8.00,89.00,1,0.044653,0,0
637,20,-11.00,-68.00,0,0.044519,19,0
638,20,-14.00,33.00,0,0.044386,11,4
639,20,80.00,-35.00,0,0.044252,1,1
640,20,80.00,-20.00,0,0.044120,0,20
641,20,80.00,-115.00,0,0.043987,0,20
642,20,80.00,-20.00,0,0.043855,0,20
643,20,80.00,-60.00,0,0.043724,4,2
644,20,-108.00,85.00,0,0.043593,14,3
645,20,80.00,-45.00,0,0.043462,2,2
646,2,8.00,89.00,1,0.043331,0,0
647,20,-20.00,80.00,0,0.043201,0,0
648,20,-14.00,38.00,0,0.043072,12,2
649,20,80.00,-30.00,0,0.042943,1,0
650,20,80.00,-20.00,0,0.042814,0,20
651,20,80.00,-120.00,0,0.042685,0,20
652,20,0.00,-22.00,0,0.042557,20,0
653,20,-68.00,60.00,0,0.042430,11,1
654,20,-125.00,108.00,0,0.042302,12,2
655,20,80.00,-30.00,0,0.042175,1,0
656,2,8.00,89.00,1,0.042049,0,0
657,20,-28.00,45.00,0,0.041923,8,2
658,20,-22.00,30.00,0,0.041797,13,2
659,20,80.00,-70.00,0,0.041672,5,1
660,20,72.00,-33.00,0,0.041547,3,18
661,20,80.00,-120.00,0,0.041422,0,20
662,20,89.00,-58.00,0,0.041298,19,0
663,1,4.00,50.00,1,0.041174,0,0
664,20,-112.00,122.00,0,0.041050,5,3
665,20,80.00,-30.00,0,0.040927,1,1
666,2,8.00,89.00,1,0.040804,0,0
667,20,87.00,-108.00,0,0.040682,19,0
668,20,-103.00,84.00,0,0.040560,13,2
669,20,80.00,-30.00,0,0.040438,1,0
670,20,80.00,-25.00,0,0.040317,0,20
671,20,80.00,-120.00,0,0.040196,0,20
672,0,0.00,0.00,1,0.040075,0,0
673,20,80.00,-20.00,0,0.039955,10,0
674,20,-69.00,126.00,0,0.039835,1,0
675,20,80.00,-50.00,0,0.039716,2,3
676,2,8.00,89.00,1,0.039597,0,0
677,20,80.00,-140.00,0,0.039478,4,16
678,20,-32.00,30.00,0,0.039359,14,2
679,20,80.00,-35.00,0,0.039241,1,1
680,20,80.00,-20.00,0,0.039124,0,20
681,20,80.00,-120.00,0,0.039006,0,20
682,20,126.00,-20.00,0,0.038889,0,0
683,20,80.00,-20.00,0,0.038773,0,1
684,20,-62.00,106.00,0,0.038656,3,1
685,20,80.00,-75.00,0,0.038540,5,1
686,2,8.00,89.00,1,0.038425,0,0
687,20,80.00,-20.00,0,0.038309,0,0
688,20,-103.00,84.00,0,0.038194,13,2
689,20,80.00,-35.00,0,0.038080,1,1
690,20,27.00,-8.00,0,0.037966,5,16
691,20,80.00,-115.00,0,0.037852,0,19
692,20,80.00,-25.00,0,0.037738,9,1
693,20,-58.00,54.00,0,0.037625,10,0
694,20,-55.00,80.00,0,0.037512,7,2
695,20,80.00,-60.00,0,0.037400,4,1
696,2,8.00,89.00,1,0.037287,0,0
697,20,80.00,-140.00,0,0.037175,4,16
698,20,-73.00,84.00,0,0.037064,13,3
699,20,80.00,-50.00,0,0.036953,3,2
700,20,80.00,-20.00,0,0.036842,0,20
701,20,80.00,-120.00,0,0.036731,0,20
702,20,0.00,-20.00,0,0.036621,19,0
703,20,-78.00,108.00,0,0.036511,7,0
704,20,-69.00,126.00,0,0.036402,1,0
705,20,80.00,-30.00,0,0.036293,1,0
706,2,8.00,89.00,1,0.036184,0,0
707,20,-4.00,-116.00,0,0.036075,20,0
708,20,-103.00,84.00,0,0.035967,13,2
709,20,80.00,-40.00,0,0.035859,2,1
710,20,80.00,-20.00,0,0.035751,0,20
711,20,80.00,-120.00,0,0.035644,0,20
712,20,-56.00,74.00,0,0.035537,13,3
713,20,152.00,-115.00,0,0.035431,16,1
714,20,-64.00,116.00,0,0.035324,1,1
715,20,80.00,-50.00,0,0.035218,3,0
716,2,8.00,89.00,1,0.035113,0,0
717,20,80.00,-30.00,0,0.035007,1,0
718,20,-75.00,92.00,0,0.034902,12,3
719,20,80.00,-60.00,0,0.034798,4,1
720,20,80.00,-20.00,0,0.034693,0,20
721,20,80.00,-110.00,0,0.034589,0,18
722,20,-14.00,-6.00,0,0.034485,20,0
723,20,80.00,-135.00,0,0.034382,4,15
724,20,-119.00,161.00,0,0.034279,3,0
725,20,80.00,-30.00,0,0.034176,1,0
726,3,12.00,78.00,1,0.034073,1,1
727,20,138.00,-110.00,0,0.033971,16,0
728,20,-101.00,84.00,0,0.033869,14,2
729,20,80.00,-50.00,0,0.033768,3,0
730,20,80.00,-25.00,0,0.033666,0,20
731,20,80.00,-120.00,0,0.033565,1,20
732,20,80.00,-70.00,0,0.033465,5,0
733,20,-73.00,84.00,0,0.033364,13,3
734,20,-69.00,126.00,0,0.033264,1,0
735,20,80.00,-30.00,0,0.033164,1,1
736,2,8.00,89.00,1,0.033065,0,0
737,20,80.00,-40.00,0,0.032966,2,1
738,20,-29.00,28.00,0,0.032867,13,4
739,20,80.00,-70.00,0,0.032768,5,1
740,20,80.00,-20.00,0,0.032670,0,20
741,20,80.00,-125.00,0,0.032572,1,19
742,20,-69.00,72.00,0,0.032474,2,18
743,20,80.00,-20.00,0,0.032377,0,20
744,20,-69.00,126.00,0,0.032280,1,0
745,20,80.00,-30.00,0,0.032183,1,1
746,2,8.00,89.00,1,0.032086,0,0
747,20,64.00,-145.00,0,0.031990,6,14
748,20,-66.00,94.00,0,0.031894,14,1
749,20,80.00,-30.00,0,0.031798,1,0
750,20,80.00,-30.00,0,0.031703,1,20
751,20,80.00,-120.00,0,0.031608,0,20
752,20,-8.00,43.00,0,0.031513,18,0
753,20,80.00,10.00,0,0.031418,9,0
754,20,-69.00,126.00,0,0.031324,1,0
755,20,80.00,-30.00,0,0.031230,1,0
756,2,8.00,89.00,1,0.031137,0,0
757,20,118.00,-135.00,0,0.031043,3,17
758,20,-27.00,40.00,0,0.030950,14,2
759,20,80.00,-30.00,0,0.030857,1,0
760,20,80.00,-25.00,0,0.030765,0,20
761,20,80.00,-120.00,0,0.030672,0,20
762,20,67.00,-23.00,0,0.030580,3,17
763,20,57.00,-8.00,0,0.030489,2,17
764,20,-69.00,126.00,0,0.030397,1,0
765,20,80.00,-50.00,0,0.030306,3,0
766,2,8.00,89.00,1,0.030215,0,0
767,20,80.00,-30.00,0,0.030124,1,1
768,20,-65.00,92.00,0,0.030034,11,3
769,20,80.00,-45.00,0,0.029944,2,2
770,20,56.00,-14.00,0,0.029854,6,13
771,20,80.00,-135.00,0,0.029764,3,18
772,20,-58.00,-22.00,0,0.029675,19,1
773,20,0.00,0.00,0,0.029586,20,0
774,20,-69.00,126.00,0,0.029497,1,0
775,20,80.00,-30.00,0,0.029409,1,0
776,2,8.00,89.00,1,0.029321,0,0
777,20,-69.00,126.00,0,0.029233,1,0
778,20,-118.00,92.00,0,0.029145,13,4
779,20,80.00,-30.00,0,0.029058,1,0
780,20,80.00,-20.00,0,0.028970,0,20
781,20,80.00,-120.00,0,0.028883,0,20
782,20,67.00,-13.00,0,0.028797,2,17
783,20,175.00,-170.00,0,0.028710,16,0
784,20,-69.00,126.00,0,0.028624,1,0
785,20,80.00,-40.00,0,0.028538,2,1
786,2,8.00,89.00,1,0.028453,0,0
787,20,-12.00,30.00,0,0.028367,13,2
788,20,-68.00,92.00,0,0.028282,12,3
789,20,80.00,-40.00,0,0.028198,2,1
790,20,72.00,-18.00,0,0.028113,2,18
791,20,80.00,-125.00,0,0.028029,1,19
792,20,-28.00,81.00,0,0.027944,3,1
793,20,-20.00,80.00,0,0.027861,0,0
794,20,-69.00,126.00,0,0.027777,1,0
795,20,80.00,-40.00,0,0.027694,2,2
796,2,8.00,89.00,1,0.027611,0,0
797,20,80.00,-30.00,0,0.027528,10,1
798,20,-37.00,30.00,0,0.027445,14,4
799,20,80.00,-30.00,0,0.027363,1,0
800,20,80.00,-20.00,0,0.027281,0,20
801,20,80.00,-125.00,0,0.027199,1,20
802,20,26.00,-78.00,0,0.027117,19,0
803,20,88.00,-120.00,0,0.027036,17,0
804,20,-69.00,126.00,0,0.026955,1,0
805,20,80.00,-30.00,0,0.026874,1,0
806,2,8.00,89.00,1,0.026793,0,0
807,20,49.00,-44.00,0,0.026713,18,0
808,20,-68.00,94.00,0,0.026633,13,1
809,20,80.00,-30.00,0,0.026553,1,1
810,20,80.00,-20.00,0,0.026473,0,20
811,20,80.00,-120.00,0,0.026394,0,20
812,20,80.00,-160.00,0,0.026315,8,12
813,20,80.00,-20.00,0,0.026236,0,20
814,20,-64.00,116.00,0,0.026157,1,2
815,20,80.00,-50.00,0,0.026079,3,0
816,2,8.00,89.00,1,0.026000,0,0
817,20,-4.00,-125.00,0,0.025922,20,0
818,20,-66.00,84.00,0,0.025845,13,3
819,20,80.00,-50.00,0,0.025767,3,0
820,20,80.00,-20.00,0,0.025690,0,20
821,20,80.00,-125.00,0,0.025613,1,20
822,20,-108.00,84.00,0,0.025536,14,2
823,20,103.00,-60.00,0,0.025459,5,1
824,20,-69.00,126.00,0,0.025383,1,0
825,20,80.00,-30.00,0,0.025307,1,0
826,2,8.00,89.00,1,0.025231,0,0
827,2,8.00,89.00,1,0.025155,0,0
828,20,-68.00,92.00,0,0.025080,12,3
829,20,80.00,-30.00,0,0.025004,1,0
830,20,16.00,-14.00,0,0.024929,17,3
831,20,80.00,-120.00,0,0.024855,0,20
832,20,80.00,20.00,0,0.024780,0,0
833,20,80.00,-30.00,0,0.024706,1,1
834,20,-69.00,126.00,0,0.024632,1,0
835,20,80.00,-30.00,0,0.024558,1,0
836,2,8.00,89.00,1,0.024484,0,0
837,20,80.00,-20.00,0,0.024411,2,0
838,20,-111.00,86.00,0,0.024337,14,2
839,20,80.00,-30.00,0,0.024264,1,0
840,20,80.00,-20.00,0,0.024192,0,19
841,20,80.00,-120.00,0,0.024119,0,20
842,20,80.00,-40.00,0,0.024047,2,1
843,20,110.00,-130.00,0,0.023974,17,0
844,20,-89.00,126.00,0,0.023903,3,0
845,20,80.00,-60.00,0,0.023831,4,1
846,2,8.00,89.00,1,0.023759,0,0
847,20,80.00,-120.00,0,0.023688,1,18
848,20,-73.00,92.00,0,0.023617,13,3
849,20,80.00,-30.00,0,0.023546,1,0
850,20,80.00,-20.00,0,0.023476,0,20
851,20,80.00,-125.00,0,0.023405,1,19
852,20,80.00,-20.00,0,0.023335,0,0
853,20,0.00,0.00,0,0.023265,20,0
854,20,-69.00,126.00,0,0.023195,1,0
855,20,80.00,-30.00,0,0.023126,1,0
856,2,8.00,89.00,1,0.023056,0,0
857,20,-70.00,126.00,0,0.022987,1,2
858,20,-20.00,22.00,0,0.022918,15,2
859,20,80.00,-50.00,0,0.022849,3,0
860,20,80.00,-30.00,0,0.022781,1,20
861,20,80.00,-125.00,0,0.022712,2,17
862,20,118.00,-140.00,0,0.022644,4,16
863,20,-60.00,126.00,0,0.022576,1,0
864,20,-69.00,126.00,0,0.022509,1,0
865,20,80.00,-30.00,0,0.022441,1,1
866,2,8.00,89.00,1,0.022374,0,0
867,20,-26.00,64.00,0,0.022307,11,2
868,20,-71.00,76.00,0,0.022240,14,3
869,20,80.00,-30.00,0,0.022173,1,0
870,20,80.00,-20.00,0,0.022106,0,20
871,20,80.00,-125.00,0,0.022040,2,17
872,20,80.00,-40.00,0,0.021974,2,0
873,20,28.00,84.00,0,0.021908,12,2
874,20,-69.00,126.00,0,0.021842,1,0
875,20,80.00,-30.00,0,0.021777,1,0
876,2,8.00,89.00,1,0.021711,0,0
877,20,72.00,-130.00,0,0.021646,2,18
878,20,-12.00,30.00,0,0.021581,13,2
879,20,80.00,-30.00,0,0.021517,1,0
880,20,80.00,-20.00,0,0.021452,0,20
881,20,80.00,-125.00,0,0.021388,1,20
882,20,0.00,0.00,0,0.021324,20,0
883,20,80.00,-40.00,0,0.021260,2,2
884,20,-69.00,126.00,0,0.021196,1,0
885,20,80.00,-30.00,0,0.021132,1,0
886,2,8.00,89.00,1,0.021069,0,0
887,20,98.00,-135.00,0,0.021006,16,2
888,20,-80.00,110.00,0,0.020943,11,3
889,20,80.00,-30.00,0,0.020880,1,0
890,20,80.00,-20.00,0,0.020817,0,20
891,20,80.00,-110.00,0,0.020755,0,18
892,0,0.00,0.00,1,0.020692,0,0
893,0,0.00,0.00,1,0.020630,0,0
894,20,-69.00,126.00,0,0.020568,1,0
895,20,80.00,-30.00,0,0.020507,1,0
896,2,8.00,89.00,1,0.020445,0,0
897,20,64.00,-145.00,0,0.020384,6,14
898,20,-126.00,76.00,0,0.020323,15,4
899,20,80.00,-30.00,0,0.020262,1,0
900,20,80.00,-20.00,0,0.020201,0,20
901,20,80.00,-120.00,0,0.020140,0,20
902,20,80.00,-50.00,0,0.020080,3,0
903,20,6.00,56.00,0,0.020020,12,3
904,20,-69.00,126.00,0,0.019960,1,0
905,20,80.00,-30.00,0,0.019900,1,0
906,2,8.00,89.00,1,0.019840,0,0
907,20,80.00,-130.00,0,0.019781,3,17
908,20,-17.00,30.00,0,0.019721,14,2
909,20,80.00,-30.00,0,0.019662,1,0
910,20,37.00,-3.00,0,0.019603,4,18
911,20,80.00,-120.00,0,0.019544,0,20
912,20,-69.00,126.00,0,0.019486,1,0
913,20,-2.00,47.00,0,0.019427,19,0
914,20,-69.00,126.00,0,0.019369,1,0
915,20,80.00,-30.00,0,0.019311,1,0
916,2,8.00,89.00,1,0.019253,0,0
917,20,-20.00,40.00,0,0.019195,14,2
918,20,-31.00,38.00,0,0.019138,12,2
919,20,80.00,-30.00,0,0.019080,1,0
920,20,16.00,-4.00,0,0.019023,16,3
921,20,80.00,-135.00,0,0.018966,3,17
922,20,17.00,-2.00,0,0.018909,19,0
923,20,107.00,-30.00,0,0.018852,3,0
924,20,-69.00,126.00,0,0.018796,1,0
925,20,80.00,-30.00,0,0.018739,1,0
926,2,8.00,89.00,1,0.018683,0,0
927,20,9.00,38.00,0,0.018627,19,0
928,20,-24.00,56.00,0,0.018571,12,2
929,20,80.00,-30.00,0,0.018515,1,0
930,20,80.00,-30.00,0,0.018460,1,20
931,20,80.00,-120.00,0,0.018404,0,20
932,20,154.00,-150.00,0,0.018349,17,1
933,20,80.00,20.00,0,0.018294,9,0
934,20,-69.00,126.00,0,0.018239,1,0
935,20,80.00,-30.00,0,0.018185,1,0
936,2,8.00,89.00,1,0.018130,0,0
937,20,80.00,-20.00,0,0.018076,10,0
938,20,-66.00,84.00,0,0.018021,13,3
939,20,80.00,-30.00,0,0.017967,1,0
940,20,57.00,-18.00,0,0.017913,3,16
941,20,80.00,-130.00,0,0.017860,2,18
942,20,0.00,-22.00,0,0.017806,20,0
943,20,87.00,-42.00,0,0.017753,19,0
944,20,-69.00,126.00,0,0.017699,1,0
945,20,80.00,-30.00,0,0.017646,1,0
946,3,12.00,78.00,1,0.017593,1,1
947,20,80.00,-40.00,0,0.017541,2,0
948,20,-66.00,76.00,0,0.017488,15,1
949,20,80.00,-40.00,0,0.017436,2,1
950,20,80.00,-20.00,0,0.017383,0,20
951,20,80.00,-115.00,0,0.017331,0,19
952,20,54.00,-51.00,0,0.017279,19,1
953,20,80.00,-40.00,0,0.017227,2,0
954,20,-69.00,126.00,0,0.017176,1,0
955,20,80.00,-30.00,0,0.017124,1,0
956,2,8.00,89.00,1,0.017073,0,0
957,2,8.00,39.00,1,0.017021,1,0
958,20,-27.00,48.00,0,0.016970,14,2
959,20,80.00,-35.00,0,0.016920,1,1
960,20,67.00,-23.00,0,0.016869,3,16
961,20,80.00,-120.00,0,0.016818,0,20
962,20,-46.00,39.00,0,0.016768,20,1
963,20,39.00,-150.00,0,0.016717,17,0
964,20,-69.00,126.00,0,0.016667,1,0
965,20,80.00,-30.00,0,0.016617,1,0
966,2,8.00,89.00,1,0.016567,0,0
967,20,79.00,-120.00,0,0.016518,16,0
968,20,-105.00,92.00,0,0.016468,12,2
969,20,80.00,-30.00,0,0.016419,1,0
970,20,80.00,-20.00,0,0.016369,0,20
971,20,80.00,-120.00,0,0.016320,0,20
972,0,0.00,0.00,1,0.016271,0,0
973,20,80.00,-20.00,0,0.016223,0,0
974,20,-69.00,126.00,0,0.016174,1,0
975,20,80.00,-30.00,0,0.016125,1,0
976,2,8.00,89.00,1,0.016077,0,0
977,20,80.00,20.00,0,0.016029,0,0
978,20,-66.00,94.00,0,0.015981,14,1
979,20,80.00,-30.00,0,0.015933,1,0
980,20,26.00,21.00,0,0.015885,2,18
981,20,80.00,-120.00,0,0.015837,0,20
982,20,126.00,-50.00,0,0.015790,3,0
983,20,-12.00,38.00,0,0.015742,13,2
984,20,-89.00,126.00,0,0.015695,3,0
985,20,80.00,-30.00,0,0.015648,1,0
986,2,8.00,89.00,1,0.015601,0,0
987,2,8.00,89.00,1,0.015554,0,0
988,20,-85.00,94.00,0,0.015508,12,3
989,20,80.00,-30.00,0,0.015461,1,0
990,20,80.00,-20.00,0,0.015415,0,20
991,20,80.00,-120.00,0,0.015369,0,20
992,0,0.00,0.00,1,0.015322,0,0
993,20,-4.00,-2.00,0,0.015276,20,0
994,20,-89.00,126.00,0,0.015231,3,0
995,20,80.00,-50.00,0,0.015185,3,0
996,2,8.00,89.00,1,0.015139,0,0
997,20,80.00,-20.00,0,0.015094,0,0
998,20,-78.00,84.00,0,0.015049,14,1
999,20,80.00,-30.00,0,0.015004,1,0
1000,20,80.00,-20.00,0,0.014959,0,20
1001,20,80.00,-120.00,0,0.014914,0,20
1002,20,80.00,-120.00,0,0.014869,0,20
1003,0,0.00,0.00,1,0.014824,0,0
1004,20,-69.00,126.00,0,0.014780,1,0
1005,20,80.00,-30.00,0,0.014736,1,0
1006,2,8.00,89.00,1,0.014691,0,0
1007,20,80.00,-20.00,0,0.014647,0,0
1008,20,-24.00,56.00,0,0.014603,12,2
1009,20,80.00,-30.00,0,0.014559,1,0
1010,20,80.00,-25.00,0,0.014516,0,20
1011,20,80.00,-125.00,0,0.014472,2,17
1012,20,80.00,-30.00,0,0.014429,1,0
1013,20,121.00,-130.00,0,0.014386,13,4
1014,20,-69.00,126.00,0,0.014342,1,0
1015,20,80.00,-30.00,0,0.014299,1,0
1016,2,8.00,89.00,1,0.014256,0,0
1017,1,4.00,50.00,1,0.014214,0,0
1018,20,-56.00,84.00,0,0.014171,14,1
1019,20,80.00,-30.00,0,0.014129,1,0
1020,20,72.00,-18.00,0,0.014086,2,18
1021,20,80.00,-115.00,0,0.014044,1,17
1022,0,0.00,0.00,1,0.014002,0,0
1023,20,80.00,-120.00,0,0.013960,0,20
1024,20,-69.00,126.00,0,0.013918,1,0
1025,20,80.00,-30.00,0,0.013876,1,0
1026,2,8.00,89.00,1,0.013834,0,0
1027,20,27.00,-8.00,0,0.013793,5,16
1028,20,-24.00,56.00,0,0.013752,12,2
1029,20,80.00,-30.00,0,0.013710,1,0
1030,20,80.00,-20.00,0,0.013669,0,20
1031,20,80.00,-120.00,0,0.013628,0,20
1032,20,80.00,-30.00,0,0.013587,1,1
1033,20,80.00,-60.00,0,0.013547,4,0
1034,20,-69.00,126.00,0,0.013506,1,0
1035,20,80.00,-30.00,0,0.013465,1,0
1036,2,8.00,89.00,1,0.013425,0,0
1037,20,-4.00,-116.00,0,0.013385,20,0
1038,20,-80.00,100.00,0,0.013345,13,3
1039,20,80.00,-55.00,0,0.013305,3,1
1040,20,80.00,-20.00,0,0.013265,0,20
1041,20,80.00,-115.00,0,0.013225,0,20
1042,20,89.00,-52.00,0,0.013185,20,0
1043,20,72.00,-135.00,0,0.013146,3,17
1044,20,-69.00,126.00,0,0.013106,1,1
1045,20,80.00,-30.00,0,0.013067,1,0
1046,2,8.00,89.00,1,0.013028,0,0
1047,20,-2.00,-55.00,0,0.012989,20,0
1048,20,-68.00,94.00,0,0.012950,13,1
1049,20,80.00,-30.00,0,0.012911,1,0
1050,20,80.00,-20.00,0,0.012872,0,20
1051,20,80.00,-125.00,0,0.012833,1,19
1052,20,80.00,-30.00,0,0.012795,1,0
1053,20,80.00,-140.00,0,0.012757,4,16
1054,20,-69.00,126.00,0,0.012718,1,0
1055,20,80.00,-30.00,0,0.012680,1,0
1056,2,8.00,89.00,1,0.012642,0,0
1057,20,-61.00,54.00,0,0.012604,20,1
1058,20,-12.00,38.00,0,0.012566,13,2
1059,20,80.00,-30.00,0,0.012529,1,0
1060,20,80.00,-30.00,0,0.012491,1,20
1061,20,80.00,-110.00,0,0.012454,0,18
1062,20,-103.00,102.00,0,0.012416,14,0
1063,20,-4.00,-4.00,0,0.012379,20,0
1064,20,-69.00,126.00,0,0.012342,1,1
1065,20,80.00,-30.00,0,0.012305,1,0
1066,2,8.00,89.00,1,0.012268,0,0
1067,20,179.00,-130.00,0,0.012231,16,0
1068,20,-117.00,110.00,0,0.012194,11,2
1069,20,80.00,-30.00,0,0.012158,1,0
1070,20,80.00,-20.00,0,0.012121,0,20
1071,20,80.00,-130.00,0,0.012085,2,18
1072,20,-25.00,80.00,0,0.012049,0,1
1073,20,80.00,-30.00,0,0.012013,1,0
1074,20,-69.00,126.00,0,0.011977,1,0
1075,20,80.00,-30.00,0,0.011941,1,0
1076,2,8.00,89.00,1,0.011905,0,0
1077,20,128.00,-125.00,0,0.011869,13,3
1078,20,-101.00,84.00,0,0.011833,14,2
1079,20,80.00,-30.00,0,0.011798,1,0
1080,20,72.00,-18.00,0,0.011763,2,18
1081,20,80.00,-120.00,0,0.011727,0,20
1082,20,18.00,-135.00,0,0.011692,4,15
1083,20,89.00,-74.00,0,0.011657,20,0
1084,20,-74.00,126.00,0,0.011622,1,1
1085,20,80.00,-30.00,0,0.011587,1,0
1086,2,8.00,89.00,1,0.011552,0,0
1087,20,80.00,-30.00,0,0.011518,1,0
1088,20,-82.00,110.00,0,0.011483,11,1
1089,20,80.00,-30.00,0,0.011449,1,0
1090,20,80.00,-20.00,0,0.011414,0,20
1091,20,80.00,-120.00,0,0.011380,0,20
1092,0,0.00,0.00,1,0.011346,0,0
1093,20,80.00,-20.00,0,0.011312,0,0
1094,20,-69.00,126.00,0,0.011278,1,0
1095,20,80.00,-30.00,0,0.011244,1,0
1096,2,8.00,89.00,1,0.011210,0,0
1097,20,-70.00,118.00,0,0.011177,4,0
1098,20,-73.00,92.00,0,0.011143,13,3
1099,20,80.00,-30.00,0,0.011110,1,0
1100,20,80.00,-25.00,0,0.011077,0,20
1101,20,80.00,-120.00,0,0.011043,0,20
1102,20,-4.00,-105.00,0,0.011010,20,0
1103,20,80.00,-20.00,0,0.010977,0,20
1104,20,-69.00,126.00,0,0.010944,1,0
1105,20,80.00,-30.00,0,0.010911,1,0
1106,2,8.00,89.00,1,0.010879,0,0
1107,20,80.00,-20.00,0,0.010846,0,20
1108,20,-113.00,94.00,0,0.010814,15,0
1109,20,80.00,-55.00,0,0.010781,3,1
1110,20,80.00,-25.00,0,0.010749,0,20
1111,20,80.00,-120.00,0,0.010716,0,20
1112,20,80.00,-130.00,0,0.010684,3,16
1113,20,-70.00,100.00,0,0.010652,11,3
1114,20,-69.00,126.00,0,0.010620,1,0
1115,20,80.00,-30.00,0,0.010588,1,0
1116,2,8.00,89.00,1,0.010557,0,0
1117,20,80.00,-20.00,0,0.010525,0,0
1118,20,-101.00,94.00,0,0.010493,15,0
1119,20,80.00,-30.00,0,0.010462,1,0
1120,20,57.00,-18.00,0,0.010431,3,16
1121,20,80.00,-115.00,0,0.010399,1,17
1122,20,0.00,0.00,0,0.010368,20,0
1123,20,80.00,-30.00,0,0.010337,1,0
1124,20,-69.00,126.00,0,0.010306,1,0
1125,20,80.00,-30.00,0,0.010275,1,0
1126,2,8.00,89.00,1,0.010244,0,0
1127,20,-4.00,45.00,0,0.010213,18,0
1128,20,-60.00,100.00,0,0.010183,12,1
1129,20,80.00,-30.00,0,0.010152,1,0
1130,20,80.00,-20.00,0,0.010122,0,20
1131,20,80.00,-120.00,0,0.010091,0,20
1132,20,80.00,-20.00,0,0.010061,0,20
1133,0,0.00,0.00,1,0.010031,0,0
1134,20,-69.00,126.00,0,0.010001,1,0
1135,20,80.00,-30.00,0,0.010000,1,0
1136,2,8.00,89.00,1,0.010000,0,0
1137,20,126.00,-125.00,0,0.010000,2,17
1138,20,-77.00,64.00,0,0.010000,11,2
1139,20,80.00,-30.00,0,0.010000,1,0
1140,20,80.00,-30.00,0,0.010000,1,20
1141,20,80.00,-120.00,0,0.010000,0,20
1142,20,80.00,-20.00,0,0.010000,0,0
1143,1,4.00,50.00,1,0.010000,0,0
1144,20,-79.00,126.00,0,0.010000,2,1
1145,20,80.00,-30.00,0,0.010000,1,0
1146,2,8.00,89.00,1,0.010000,0,0
1147,2,8.00,89.00,1,0.010000,0,0
1148,20,-105.00,110.00,0,0.010000,13,0
1149,20,80.00,-30.00,0,0.010000,1,0
1150,20,80.00,-20.00,0,0.010000,0,20
1151,20,80.00,-120.00,0,0.010000,0,20
1152,0,0.00,0.00,1,0.010000,0,0
1153,20,80.00,-20.00,0,0.010000,0,0
1154,20,-69.00,126.00,0,0.010000,1,0
1155,20,80.00,-30.00,0,0.010000,1,0
1156,2,8.00,89.00,1,0.010000,0,0
1157,20,80.00,-30.00,0,0.010000,1,0
1158,20,-105.00,110.00,0,0.010000,13,0
1159,20,80.00,-30.00,0,0.010000,1,0
1160,20,80.00,-20.00,0,0.010000,0,20
1161,20,80.00,-120.00,0,0.010000,1,19
1162,20,37.00,-64.00,0,0.010000,20,0
1163,20,-33.00,72.00,0,0.010000,11,2
1164,20,-69.00,126.00,0,0.010000,1,0
1165,20,80.00,-30.00,0,0.010000,1,0
1166,2,8.00,89.00,1,0.010000,0,0
1167,20,126.00,-30.00,0,0.010000,1,1
1168,20,-125.00,100.00,0,0.010000,13,4
1169,20,80.00,-30.00,0,0.010000,1,0
1170,20,80.00,-20.00,0,0.010000,0,20
1171,20,80.00,-120.00,0,0.010000,0,20
1172,20,-4.00,-4.00,0,0.010000,20,0
1173,1,4.00,50.00,1,0.010000,0,0
1174,20,-69.00,126.00,0,0.010000,1,0
1175,20,80.00,-40.00,0,0.010000,2,1
1176,2,8.00,89.00,1,0.010000,0,0
1177,20,108.00,-135.00,0,0.010000,12,5
1178,20,-65.00,56.00,0,0.010000,13,0
1179,20,80.00,-30.00,0,0.010000,1,0
1180,20,80.00,-20.00,0,0.010000,0,20
1181,20,80.00,-115.00,0,0.010000,0,19
1182,20,80.00,-40.00,0,0.010000,2,0
1183,20,116.00,-130.00,0,0.010000,11,6
1184,20,-69.00,126.00,0,0.010000,1,0
1185,20,80.00,-30.00,0,0.010000,1,0
1186,2,8.00,89.00,1,0.010000,0,0
1187,20,-30.00,80.00,0,0.010000,1,0
1188,20,-105.00,110.00,0,0.010000,13,0
1189,20,80.00,-30.00,0,0.010000,1,0
1190,20,80.00,-20.00,0,0.010000,0,20
1191,20,80.00,-120.00,0,0.010000,0,20
1192,20,80.00,-70.00,0,0.010000,5,0
1193,20,85.00,-46.00,0,0.010000,18,0
1194,20,-69.00,126.00,0,0.010000,1,1
1195,20,80.00,-30.00,0,0.010000,1,0
1196,2,8.00,89.00,1,0.010000,0,0
1197,1,4.00,50.00,1,0.010000,0,0
1198,20,-105.00,100.00,0,0.010000,12,2
1199,20,80.00,-30.00,0,0.010000,1,0
1200,20,21.00,26.00,0,0.010000,2,17
1201,20,80.00,-120.00,0,0.010000,0,20
1202,0,0.00,0.00,1,0.010000,0,0
1203,20,80.00,-30.00,0,0.010000,1,0
1204,20,-69.00,126.00,0,0.010000,1,0
1205,20,80.00,-30.00,0,0.010000,1,0
1206,2,8.00,89.00,1,0.010000,0,0
1207,0,0.00,0.00,1,0.010000,0,0
1208,20,-70.00,110.00,0,0.010000,12,1
1209,20,80.00,-30.00,0,0.010000,1,0
1210,20,80.00,-20.00,0,0.010000,0,20
1211,20,80.00,-115.00,0,0.010000,0,19
1212,20,67.00,-13.00,0,0.010000,2,17
1213,0,0.00,0.00,1,0.010000,0,0
1214,20,-69.00,126.00,0,0.010000,1,0
1215,20,80.00,-30.00,0,0.010000,1,0
1216,2,8.00,89.00,1,0.010000,0,0
1217,1,4.00,50.00,1,0.010000,0,0
1218,20,-79.00,126.00,0,0.010000,11,1
1219,20,80.00,-30.00,0,0.010000,1,0
1220,20,80.00,-20.00,0,0.010000,0,20
1221,20,80.00,-150.00,0,0.010000,7,12
1222,20,80.00,-30.00,0,0.010000,1,0
1223,20,80.00,-140.00,0,0.010000,4,16
1224,20,-69.00,126.00,0,0.010000,1,0
1225,20,80.00,-30.00,0,0.010000,1,0
1226,2,8.00,89.00,1,0.010000,0,0
1227,2,8.00,39.00,1,0.010000,1,0
1228,20,-107.00,110.00,0,0.010000,12,0
1229,20,80.00,-30.00,0,0.010000,1,0
1230,20,80.00,-20.00,0,0.010000,0,20
1231,20,80.00,-115.00,0,0.010000,3,13
1232,20,80.00,-40.00,0,0.010000,2,0
1233,20,-63.00,72.00,0,0.010000,11,1
1234,20,-69.00,126.00,0,0.010000,1,0
1235,20,80.00,-30.00,0,0.010000,1,0
1236,2,8.00,89.00,1,0.010000,0,0
1237,20,-13.00,-54.00,0,0.010000,19,0
1238,20,-72.00,92.00,0,0.010000,11,1
1239,20,80.00,-30.00,0,0.010000,1,0
1240,20,80.00,-20.00,0,0.010000,0,20
1241,20,80.00,-65.00,0,0.010000,2,5
1242,20,72.00,-135.00,0,0.010000,3,17
1243,20,-4.00,-114.00,0,0.010000,20,0
1244,20,-79.00,126.00,0,0.010000,2,1
1245,20,80.00,-30.00,0,0.010000,1,0
1246,2,8.00,89.00,1,0.010000,0,0
1247,20,80.00,-30.00,0,0.010000,1,0
1248,20,-74.00,126.00,0,0.010000,10,1
1249,20,80.00,-30.00,0,0.010000,1,0
1250,20,80.00,-20.00,0,0.010000,0,20
1251,20,80.00,-20.00,0,0.010000,0,0
1252,20,89.00,-52.00,0,0.010000,20,0
1253,20,-89.00,126.00,0,0.010000,3,0
1254,20,-69.00,126.00,0,0.010000,1,0
1255,20,80.00,-30.00,0,0.010000,1,1
1256,2,8.00,89.00,1,0.010000,0,0
1257,20,39.00,-140.00,0,0.010000,6,14
1258,20,-103.00,102.00,0,0.010000,14,0
1259,20,80.00,-30.00,0,0.010000,1,0
1260,20,80.00,-20.00,0,0.010000,0,20
1261,20,80.00,-20.00,0,0.010000,0,0
1262,20,5.00,34.00,0,0.010000,19,0
1263,20,78.00,-52.00,0,0.010000,5,17
1264,20,-69.00,126.00,0,0.010000,1,0
1265,20,80.00,-30.00,0,0.010000,1,0
1266,2,8.00,89.00,1,0.010000,0,0
1267,20,80.00,-90.00,0,0.010000,3,8
1268,20,-109.00,126.00,0,0.010000,11,0
1269,20,80.00,-35.00,0,0.010000,1,1
1270,20,80.00,-20.00,0,0.010000,0,20
1271,20,80.00,-20.00,0,0.010000,0,0
1272,20,-40.00,64.00,0,0.010000,6,0
1273,1,4.00,50.00,1,0.010000,0,0
1274,20,-69.00,126.00,0,0.010000,1,0
1275,20,80.00,-30.00,0,0.010000,1,0
1276,2,8.00,89.00,1,0.010000,0,0
1277,20,80.00,10.00,0,0.010000,10,0
1278,20,-110.00,100.00,0,0.010000,13,2
1279,20,80.00,-30.00,0,0.010000,1,0
1280,20,67.00,-23.00,0,0.010000,3,16
1281,20,80.00,-20.00,0,0.010000,0,0
1282,20,80.00,-20.00,0,0.010000,0,0
1283,20,80.00,-20.00,0,0.010000,0,0
1284,20,-69.00,126.00,0,0.010000,1,0
1285,20,80.00,-40.00,0,0.010000,2,1
1286,2,8.00,89.00,1,0.010000,0,0
1287,20,12.00,2.00,0,0.010000,13,6
1288,20,-74.00,126.00,0,0.010000,10,1
1289,20,80.00,-30.00,0,0.010000,1,0
1290,20,80.00,-20.00,0,0.010000,0,20
1291,20,80.00,-20.00,0,0.010000,0,0
1292,20,37.00,-125.00,0,0.010000,20,1
1293,20,80.00,-40.00,0,0.010000,2,0
1294,20,-69.00,126.00,0,0.010000,1,0
1295,20,80.00,-40.00,0,0.010000,2,1
1296,2,8.00,89.00,1,0.010000,0,0
1297,20,80.00,-20.00,0,0.010000,0,0
1298,20,-70.00,110.00,0,0.010000,12,1
1299,20,80.00,-30.00,0,0.010000,1,0
1300,20,80.00,-20.00,0,0.010000,0,20
1301,20,80.00,-20.00,0,0.010000,0,0
1302,20,-70.00,126.00,0,0.010000,2,0
1303,20,80.00,-60.00,0,0.010000,4,0
1304,20,-69.00,126.00,0,0.010000,1,0
1305,20,80.00,-30.00,0,0.010000,1,0
1306,2,8.00,89.00,1,0.010000,0,0
1307,20,37.00,-62.00,0,0.010000,20,0
1308,20,-107.00,118.00,0,0.010000,12,0
1309,20,80.00,-40.00,0,0.010000,2,1
1310,20,80.00,-20.00,0,0.010000,0,20
1311,20,80.00,-20.00,0,0.010000,0,0
1312,20,80.00,-40.00,0,0.010000,2,0
1313,20,80.00,-20.00,0,0.010000,0,0
1314,20,-67.00,118.00,0,0.010000,3,0
1315,20,80.00,-30.00,0,0.010000,1,0
1316,2,8.00,89.00,1,0.010000,0,0
1317,20,42.00,-106.00,0,0.010000,19,1
1318,20,-109.00,126.00,0,0.010000,11,0
1319,20,80.00,-30.00,0,0.010000,1,0
1320,20,80.00,-20.00,0,0.010000,0,20
1321,20,80.00,-20.00,0,0.010000,0,0
1322,20,72.00,-135.00,0,0.010000,3,17
1323,20,26.00,-2.00,0,0.010000,20,0
1324,20,-69.00,126.00,0,0.010000,1,0
1325,20,80.00,-30.00,0,0.010000,1,2
1326,2,8.00,89.00,1,0.010000,0,0
1327,20,80.00,-20.00,0,0.010000,10,0
1328,20,-105.00,102.00,0,0.010000,13,0
1329,20,80.00,-30.00,0,0.010000,1,0
1330,20,62.00,-13.00,0,0.010000,2,18
1331,20,80.00,-20.00,0,0.010000,0,0
1332,20,80.00,-20.00,0,0.010000,0,0
1333,1,4.00,50.00,1,0.010000,0,0
1334,20,-69.00,126.00,0,0.010000,1,0
1335,20,80.00,-30.00,0,0.010000,1,0
1336,2,8.00,89.00,1,0.010000,0,0
1337,1,4.00,50.00,1,0.010000,0,0
1338,20,-62.00,108.00,0,0.010000,11,1
1339,20,80.00,-40.00,0,0.010000,2,1
1340,20,80.00,-20.00,0,0.010000,0,20
1341,20,80.00,-20.00,0,0.010000,0,0
1342,20,72.00,-135.00,0,0.010000,3,17
1343,20,0.00,-19.00,0,0.010000,20,0
1344,20,-69.00,126.00,0,0.010000,1,0
1345,20,80.00,-30.00,0,0.010000,1,0
1346,2,8.00,89.00,1,0.010000,0,0
1347,20,121.00,-64.00,0,0.010000,1,18
1348,20,-79.00,126.00,0,0.010000,11,1
1349,20,80.00,-30.00,0,0.010000,1,1
1350,20,80.00,-20.00,0,0.010000,0,20
1351,20,80.00,-25.00,0,0.010000,0,1
1352,20,121.00,-60.00,0,0.010000,4,0
1353,20,111.00,-100.00,0,0.010000,13,4
1354,20,-69.00,126.00,0,0.010000,1,0
1355,20,80.00,-30.00,0,0.010000,1,0
1356,2,8.00,89.00,1,0.010000,0,0
1357,20,-56.00,54.00,0,0.010000,19,1
1358,20,-105.00,102.00,0,0.010000,13,0
1359,20,80.00,-30.00,0,0.010000,1,1
1360,20,80.00,-20.00,0,0.010000,0,20
1361,20,80.00,-20.00,0,0.010000,0,0
1362,20,80.00,-120.00,0,0.010000,0,20
1363,0,0.00,0.00,1,0.010000,0,0
1364,20,-69.00,126.00,0,0.010000,1,0
1365,20,80.00,-30.00,0,0.010000,1,0
1366,2,8.00,89.00,1,0.010000,0,0
1367,20,101.00,-125.00,0,0.010000,11,7
1368,20,-74.00,126.00,0,0.010000,10,1
1369,20,80.00,-40.00,0,0.010000,2,1
1370,20,80.00,-20.00,0,0.010000,0,20
1371,20,80.00,-20.00,0,0.010000,0,0
1372,20,31.00,-42.00,0,0.010000,19,2
1373,20,20.00,126.00,0,0.010000,9,0
1374,20,-69.00,126.00,0,0.010000,1,0
1375,20,80.00,-30.00,0,0.010000,1,0
1376,2,8.00,89.00,1,0.010000,0,0
1377,20,-60.00,126.00,0,0.010000,1,0
1378,20,-109.00,126.00,0,0.010000,11,0
1379,20,80.00,-35.00,0,0.010000,1,1
1380,20,80.00,-20.00,0,0.010000,0,20
1381,20,80.00,-20.00,0,0.010000,0,0
1382,20,80.00,-60.00,0,0.010000,10,0
1383,20,-20.00,126.00,0,0.010000,10,0
1384,20,-69.00,126.00,0,0.010000,1,0
1385,20,80.00,-30.00,0,0.010000,1,0
1386,2,8.00,89.00,1,0.010000,0,0
1387,20,126.00,-29.00,0,0.010000,1,0
1388,20,-65.00,110.00,0,0.010000,12,1
1389,20,80.00,-30.00,0,0.010000,1,1
1390,20,67.00,-23.00,0,0.010000,3,16
1391,20,80.00,-20.00,0,0.010000,0,0
1392,2,8.00,39.00,1,0.010000,1,0
1393,20,-70.00,126.00,0,0.010000,2,0
1394,20,-69.00,126.00,0,0.010000,1,0
1395,20,80.00,-30.00,0,0.010000,1,0
1396,2,8.00,89.00,1,0.010000,0,0
1397,20,0.00,-6.00,0,0.010000,20,0
1398,20,-62.00,108.00,0,0.010000,11,1
1399,20,80.00,-30.00,0,0.010000,1,0
1400,20,80.00,-20.00,0,0.010000,0,20
1401,20,80.00,-95.00,0,0.010000,3,9
1402,20,80.00,-40.00,0,0.010000,2,0
1403,20,80.00,-70.00,0,0.010000,11,0
1404,20,-69.00,126.00,0,0.010000,1,0
1405,20,80.00,-30.00,0,0.010000,1,0
1406,2,8.00,89.00,1,0.010000,0,0
1407,20,80.00,-40.00,0,0.010000,2,0
1408,20,-109.00,126.00,0,0.010000,11,0
1409,20,80.00,-30.00,0,0.010000,1,0
1410,20,80.00,-20.00,0,0.010000,0,20
1411,20,80.00,-20.00,0,0.010000,0,0
1412,20,-2.00,-2.00,0,0.010000,20,0
1413,20,116.00,-130.00,0,0.010000,11,6
1414,20,-69.00,126.00,0,0.010000,1,0
1415,20,80.00,-30.00,0,0.010000,1,0
1416,2,8.00,89.00,1,0.010000,0,0
1417,20,80.00,-20.00,0,0.010000,0,0
1418,20,-69.00,126.00,0,0.010000,10,1
1419,20,80.00,-30.00,0,0.010000,1,0
1420,20,80.00,-20.00,0,0.010000,0,20
1421,20,80.00,-20.00,0,0.010000,0,0
1422,20,80.00,-30.00,0,0.010000,1,1
1423,20,0.00,3.00,0,0.010000,20,0
1424,20,-69.00,126.00,0,0.010000,1,0
1425,20,80.00,-50.00,0,0.010000,3,1
1426,2,8.00,89.00,1,0.010000,0,0
1427,20,80.00,-40.00,0,0.010000,2,1
1428,20,-107.00,118.00,0,0.010000,12,0
1429,20,80.00,-30.00,0,0.010000,1,0
1430,20,80.00,-20.00,0,0.010000,0,20
1431,20,80.00,-20.00,0,0.010000,0,0
1432,20,-20.00,126.00,0,0.010000,10,0
1433,20,80.00,-20.00,0,0.010000,0,0
1434,20,-79.00,126.00,0,0.010000,2,1
1435,20,80.00,-30.00,0,0.010000,1,0
1436,2,8.00,89.00,1,0.010000,0,0
1437,20,0.00,3.00,0,0.010000,20,0
1438,20,-109.00,126.00,0,0.010000,11,0
1439,20,80.00,-30.00,0,0.010000,1,0
1440,20,80.00,-20.00,0,0.010000,0,20
1441,20,80.00,-20.00,0,0.010000,0,0
1442,20,106.00,-115.00,0,0.010000,12,6
1443,1,4.00,50.00,1,0.010000,0,0
1444,20,-69.00,126.00,0,0.010000,1,0
1445,20,80.00,-35.00,0,0.010000,1,1
1446,2,8.00,89.00,1,0.010000,0,0
1447,20,-20.00,80.00,0,0.010000,0,0
1448,20,-74.00,126.00,0,0.010000,10,1
1449,20,80.00,-30.00,0,0.010000,1,0
1450,20,80.00,-20.00,0,0.010000,0,20
1451,20,80.00,-20.00,0,0.010000,0,0
1452,20,121.00,-40.00,0,0.010000,2,0
1453,20,80.00,-20.00,0,0.010000,1,0
1454,20,-69.00,126.00,0,0.010000,1,0
1455,20,80.00,-30.00,0,0.010000,1,0
1456,2,8.00,89.00,1,0.010000,0,0
1457,20,141.00,-110.00,0,0.010000,12,4
1458,20,-109.00,126.00,0,0.010000,11,0
1459,20,80.00,-30.00,0,0.010000,1,0
1460,20,80.00,-20.00,0,0.010000,0,20
1461,20,80.00,-20.00,0,0.010000,0,0
1462,20,0.00,-15.00,0,0.010000,20,0
1463,20,80.00,-20.00,0,0.010000,0,0
1464,20,-69.00,126.00,0,0.010000,1,0
1465,20,80.00,-30.00,0,0.010000,1,0
1466,2,8.00,89.00,1,0.010000,0,0
1467,20,72.00,-135.00,0,0.010000,3,17
1468,20,-107.00,118.00,0,0.010000,12,0
1469,20,80.00,-30.00,0,0.010000,1,0
1470,20,80.00,-20.00,0,0.010000,0,20
1471,20,80.00,-20.00,0,0.010000,0,0
1472,20,80.00,-20.00,0,0.010000,0,0
1473,20,-20.00,80.00,0,0.010000,0,0
1474,20,-69.00,126.00,0,0.010000,1,0
1475,20,80.00,-30.00,0,0.010000,1,0
1476,2,8.00,89.00,1,0.010000,0,0
1477,20,126.00,-20.00,0,0.010000,0,0
1478,20,-107.00,118.00,0,0.010000,12,0
1479,20,80.00,-30.00,0,0.010000,1,0
1480,20,80.00,-20.00,0,0.010000,0,20
1481,20,80.00,-30.00,0,0.010000,1,1
1482,20,80.00,-60.00,0,0.010000,2,4
1483,20,80.00,-70.00,0,0.010000,11,0
1484,20,-69.00,126.00,0,0.010000,1,0
1485,20,80.00,-30.00,0,0.010000,1,0
1486,2,8.00,89.00,1,0.010000,0,0
1487,20,80.00,20.00,0,0.010000,9,0
1488,20,-62.00,108.00,0,0.010000,11,1
1489,20,80.00,-30.00,0,0.010000,1,0
1490,20,80.00,-20.00,0,0.010000,0,20
1491,20,80.00,-25.00,0,0.010000,0,1
1492,20,80.00,-20.00,0,0.010000,0,0
1493,20,80.00,-20.00,0,0.010000,0,20
1494,20,-69.00,126.00,0,0.010000,1,0
1495,20,80.00,-30.00,0,0.010000,1,0
1496,2,8.00,89.00,1,0.010000,0,0
1497,0,0.00,0.00,1,0.010000,0,0
1498,20,-109.00,126.00,0,0.010000,11,0
1499,20,80.00,-40.00,0,0.010000,2,1
1500,20,80.00,-20.00,0,0.010000,0,20
1501,20,80.00,-20.00,0,0.010000,0,0
1502,20,80.00,-30.00,0,0.010000,1,0
1503,20,-46.00,49.00,0,0.010000,19,1
1504,20,-69.00,126.00,0,0.010000,1,0
1505,20,80.00,-30.00,0,0.010000,1,0
1506,2,8.00,89.00,1,0.010000,0,0
1507,20,80.00,-20.00,0,0.010000,1,0
1508,20,-74.00,126.00,0,0.010000,10,1
1509,20,80.00,-30.00,0,0.010000,1,0
1510,20,80.00,-30.00,0,0.010000,1,20
1511,20,80.00,-20.00,0,0.010000,0,0
1512,1,4.00,50.00,1,0.010000,0,0
1513,20,-46.00,39.00,0,0.010000,20,0
1514,20,-69.00,126.00,0,0.010000,1,0
1515,20,80.00,-40.00,0,0.010000,2,1
1516,2,8.00,89.00,1,0.010000,0,0
1517,20,89.00,-46.00,0,0.010000,19,0
1518,20,-107.00,118.00,0,0.010000,12,0
1519,20,80.00,-30.00,0,0.010000,1,0
1520,20,48.00,-12.00,0,0.010000,8,11
1521,20,80.00,-20.00,0,0.010000,0,0
1522,20,0.00,0.00,0,0.010000,20,0
1523,20,-4.00,-8.00,0,0.010000,19,0
1524,20,-69.00,126.00,0,0.010000,1,0
1525,20,80.00,-30.00,0,0.010000,1,0
1526,2,8.00,89.00,1,0.010000,0,0
1527,20,-109.00,126.00,0,0.010000,11,0
1528,20,-107.00,118.00,0,0.010000,12,0
1529,20,80.00,-50.00,0,0.010000,3,0
1530,20,80.00,-20.00,0,0.010000,0,20
1531,20,80.00,-20.00,0,0.010000,0,0
1532,20,-69.00,126.00,0,0.010000,1,0
1533,20,172.00,22.00,0,0.010000,1,0
1534,20,-69.00,126.00,0,0.010000,1,0
1535,20,80.00,-30.00,0,0.010000,1,0
1536,2,8.00,89.00,1,0.010000,0,0
1537,20,80.00,-40.00,0,0.010000,2,1
1538,20,-127.00,110.00,0,0.010000,13,0
1539,20,80.00,-30.00,0,0.010000,1,0
1540,20,80.00,-20.00,0,0.010000,0,20
1541,20,80.00,-20.00,0,0.010000,0,0
1542,20,80.00,10.00,0,0.010000,10,0
1543,20,111.00,-120.00,0,0.010000,2,18
1544,20,-69.00,126.00,0,0.010000,1,0
1545,20,80.00,-30.00,0,0.010000,1,0
1546,2,8.00,89.00,1,0.010000,0,0
1547,20,126.00,-69.00,0,0.010000,1,19
1548,20,-109.00,126.00,0,0.010000,11,0
1549,20,80.00,-30.00,0,0.010000,1,1
1550,20,80.00,-20.00,0,0.010000,0,20
1551,20,80.00,-20.00,0,0.010000,0,0
1552,20,57.00,-130.00,0,0.010000,4,16
1553,20,118.00,-135.00,0,0.010000,3,17
1554,20,-79.00,126.00,0,0.010000,2,1
1555,20,80.00,-30.00,0,0.010000,1,0
1556,2,8.00,89.00,1,0.010000,0,0
1557,20,80.00,-125.00,0,0.010000,2,17
1558,20,-109.00,126.00,0,0.010000,11,0
1559,20,80.00,-30.00,0,0.010000,1,0
1560,20,80.00,-20.00,0,0.010000,0,20
1561,20,80.00,-25.00,0,0.010000,0,1
1562,20,0.00,0.00,0,0.010000,20,0
1563,1,4.00,50.00,1,0.010000,0,0
1564,20,-69.00,126.00,0,0.010000,1,0
1565,20,80.00,-30.00,0,0.010000,1,0
1566,2,8.00,89.00,1,0.010000,0,0
1567,20,-7.00,24.00,0,0.010000,20,1
1568,20,-109.00,126.00,0,0.010000,11,0
1569,20,80.00,-30.00,0,0.010000,1,0
1570,20,80.00,-20.00,0,0.010000,0,20
1571,20,80.00,-25.00,0,0.010000,0,1
1572,20,80.00,-30.00,0,0.010000,1,0
1573,20,80.00,-20.00,0,0.010000,0,0
1574,20,-69.00,126.00,0,0.010000,1,0
1575,20,80.00,-30.00,0,0.010000,1,0
1576,2,8.00,89.00,1,0.010000,0,0
1577,2,8.00,89.00,1,0.010000,0,0
1578,20,-109.00,126.00,0,0.010000,11,0
1579,20,80.00,-30.00,0,0.010000,1,0
1580,20,80.00,-20.00,0,0.010000,0,20
1581,20,80.00,-20.00,0,0.010000,0,0
1582,0,0.00,0.00,1,0.010000,0,0
1583,20,80.00,-30.00,0,0.010000,1,0
1584,20,-69.00,126.00,0,0.010000,1,1
1585,20,80.00,-30.00,0,0.010000,1,0
1586,2,8.00,89.00,1,0.010000,0,0
1587,20,89.00,-46.00,0,0.010000,19,0
1588,20,-107.00,118.00,0,0.010000,12,0
1589,20,80.00,-30.00,0,0.010000,1,0
1590,20,80.00,-20.00,0,0.010000,0,20
1591,20,80.00,-20.00,0,0.010000,0,1
1592,20,172.00,-110.00,0,0.010000,13,4
1593,20,126.00,-69.00,0,0.010000,1,19
1594,20,-69.00,126.00,0,0.010000,1,0
1595,20,80.00,-30.00,0,0.010000,1,0
1596,2,8.00,89.00,1,0.010000,0,0
1597,20,37.00,0.00,0,0.010000,20,0
1598,20,-109.00,126.00,0,0.010000,11,0
1599,20,80.00,-30.00,0,0.010000,1,1
1600,20,80.00,-20.00,0,0.010000,0,20
1601,20,80.00,-20.00,0,0.010000,0,0
1602,20,80.00,10.00,0,0.010000,10,0
1603,20,141.00,-110.00,0,0.010000,12,4
1604,20,-69.00,126.00,0,0.010000,1,0
1605,20,80.00,-30.00,0,0.010000,1,0
1606,2,8.00,89.00,1,0.010000,0,0
1607,1,4.00,50.00,1,0.010000,0,0
1608,20,-79.00,126.00,0,0.010000,11,1
1609,20,80.00,-30.00,0,0.010000,1,0
1610,20,80.00,-20.00,0,0.010000,0,20
1611,20,80.00,-20.00,0,0.010000,0,0
1612,20,-4.00,34.00,0,0.010000,19,0
1613,20,80.00,-20.00,0,0.010000,0,0
1614,20,-69.00,126.00,0,0.010000,1,0
1615,20,80.00,-30.00,0,0.010000,1,0
1616,2,8.00,89.00,1,0.010000,0,0
1617,20,0.00,-4.00,0,0.010000,20,0
1618,20,-64.00,116.00,0,0.010000,10,1
1619,20,80.00,-30.00,0,0.010000,1,0
1620,20,80.00,-20.00,0,0.010000,0,20
1621,20,80.00,-20.00,0,0.010000,0,0
1622,20,81.00,-49.00,0,0.010000,3,18
1623,20,80.00,-20.00,0,0.010000,10,0
1624,20,-69.00,126.00,0,0.010000,1,1
1625,20,80.00,-30.00,0,0.010000,1,0
1626,2,8.00,89.00,1,0.010000,0,0
1627,20,80.00,-20.00,0,0.010000,0,0
1628,20,-74.00,126.00,0,0.010000,10,1
1629,20,80.00,-30.00,0,0.010000,1,0
1630,20,80.00,-20.00,0,0.010000,0,20
1631,20,80.00,-20.00,0,0.010000,0,0
1632,20,-30.00,72.00,0,0.010000,3,0
1633,0,0.00,0.00,1,0.010000,0,0
1634,20,-79.00,126.00,0,0.010000,2,1
1635,20,80.00,-30.00,0,0.010000,1,0
1636,2,8.00,89.00,1,0.010000,0,0
1637,20,-93.00,85.00,0,0.010000,20,0
1638,20,-107.00,118.00,0,0.010000,12,0
1639,20,80.00,-30.00,0,0.010000,1,0
1640,20,80.00,-30.00,0,0.010000,1,20
1641,20,80.00,-20.00,0,0.010000,0,0
1642,20,80.00,-30.00,0,0.010000,1,0
1643,20,80.00,10.00,0,0.010000,10,0
1644,20,-69.00,126.00,0,0.010000,1,0
1645,20,80.00,-30.00,0,0.010000,1,0
1646,2,8.00,89.00,1,0.010000,0,0
1647,20,80.00,-20.00,0,0.010000,10,0
1648,20,-109.00,126.00,0,0.010000,11,0
1649,20,80.00,-30.00,0,0.010000,1,0
1650,20,80.00,-25.00,0,0.010000,0,20
1651,20,80.00,-20.00,0,0.010000,0,0
1652,20,0.00,0.00,0,0.010000,20,0
1653,20,-109.00,126.00,0,0.010000,11,0
1654,20,-69.00,126.00,0,0.010000,1,0
1655,20,80.00,-30.00,0,0.010000,1,0
1656,2,8.00,89.00,1,0.010000,0,0
1657,20,118.00,38.00,0,0.010000,18,0
1658,20,-109.00,126.00,0,0.010000,11,0
1659,20,80.00,-30.00,0,0.010000,1,0
1660,20,80.00,-20.00,0,0.010000,0,20
1661,20,80.00,-20.00,0,0.010000,0,0
1662,20,80.00,-35.00,0,0.010000,1,1
1663,20,-20.00,80.00,0,0.010000,0,0
1664,20,-69.00,126.00,0,0.010000,1,0
1665,20,80.00,-30.00,0,0.010000,1,0
1666,2,8.00,89.00,1,0.010000,0,0
1667,20,80.00,-40.00,0,0.010000,2,0
1668,20,-109.00,118.00,0,0.010000,11,0
1669,20,80.00,-40.00,0,0.010000,2,1
1670,20,80.00,-20.00,0,0.010000,0,20
1671,20,80.00,-20.00,0,0.010000,0,0
1672,20,67.00,-13.00,0,0.010000,2,17
1673,20,80.00,-30.00,0,0.010000,1,0
1674,20,-69.00,126.00,0,0.010000,1,0
1675,20,80.00,-30.00,0,0.010000,1,0
1676,2,8.00,89.00,1,0.010000,0,0
1677,20,80.00,-20.00,0,0.010000,0,0
1678,20,-109.00,126.00,0,0.010000,11,0
1679,20,80.00,-30.00,0,0.010000,1,0
1680,20,80.00,-20.00,0,0.010000,0,20
1681,20,80.00,-20.00,0,0.010000,0,0
1682,1,4.00,50.00,1,0.010000,0,0
1683,20,0.00,0.00,0,0.010000,20,0
1684,20,-69.00,126.00,0,0.010000,1,1
1685,20,80.00,-30.00,0,0.010000,1,0
1686,2,8.00,89.00,1,0.010000,0,0
1687,0,0.00,0.00,1,0.010000,0,0
1688,20,-107.00,118.00,0,0.010000,12,0
1689,20,80.00,-35.00,0,0.010000,1,1
1690,20,80.00,-20.00,0,0.010000,0,20
1691,20,80.00,-20.00,0,0.010000,0,0
1692,20,80.00,-40.00,0,0.010000,2,1
1693,2,8.00,89.00,1,0.010000,0,0
1694,20,-69.00,126.00,0,0.010000,1,0
1695,20,80.00,-30.00,0,0.010000,1,0
1696,2,8.00,89.00,1,0.010000,0,0
1697,20,10.00,126.00,0,0.010000,10,1
1698,20,-109.00,126.00,0,0.010000,11,0
1699,20,80.00,-30.00,0,0.010000,1,0
1700,20,80.00,-20.00,0,0.010000,0,20
1701,20,80.00,-20.00,0,0.010000,0,0
1702,20,89.00,-46.00,0,0.010000,19,0
1703,20,80.00,-20.00,0,0.010000,0,0
1704,20,-69.00,126.00,0,0.010000,1,0
1705,20,80.00,-30.00,0,0.010000,1,0
1706,2,8.00,89.00,1,0.010000,0,0
1707,2,8.00,89.00,1,0.010000,0,0
1708,20,-109.00,126.00,0,0.010000,11,0
1709,20,80.00,-30.00,0,0.010000,1,0
1710,20,80.00,-20.00,0,0.010000,0,20
1711,20,80.00,-20.00,0,0.010000,0,0
1712,20,80.00,-20.00,0,0.010000,10,0
1713,20,80.00,20.00,0,0.010000,0,0
1714,20,-69.00,126.00,0,0.010000,1,0
1715,20,80.00,-30.00,0,0.010000,1,0
1716,2,8.00,89.00,1,0.010000,0,0
1717,20,80.00,-30.00,0,0.010000,1,0
1718,20,-74.00,126.00,0,0.010000,10,1
1719,20,80.00,-30.00,0,0.010000,1,0
1720,20,80.00,-20.00,0,0.010000,0,20
1721,20,80.00,-20.00,0,0.010000,0,0
1722,20,80.00,-20.00,0,0.010000,0,0
1723,2,8.00,39.00,1,0.010000,1,0
1724,20,-77.00,118.00,0,0.010000,4,1
1725,20,80.00,-30.00,0,0.010000,1,0
1726,2,8.00,89.00,1,0.010000,0,0
1727,20,0.00,0.00,0,0.010000,20,0
1728,20,-109.00,126.00,0,0.010000,11,0
1729,20,80.00,-30.00,0,0.010000,1,0
1730,20,-46.00,49.00,0,0.010000,19,0
1731,20,80.00,-20.00,0,0.010000,0,0
1732,20,80.00,-20.00,0,0.010000,0,20
1733,20,80.00,-40.00,0,0.010000,2,0
1734,20,-79.00,126.00,0,0.010000,2,1
1735,20,80.00,-30.00,0,0.010000,1,0
1736,2,8.00,89.00,1,0.010000,0,0
1737,20,111.00,-30.00,0,0.010000,2,0
1738,20,-109.00,126.00,0,0.010000,11,0
1739,20,80.00,-50.00,0,0.010000,3,2
1740,20,80.00,-20.00,0,0.010000,0,20
1741,20,80.00,-20.00,0,0.010000,0,0
1742,20,-30.00,80.00,0,0.010000,1,0
1743,20,0.00,-15.00,0,0.010000,20,0
1744,20,-69.00,126.00,0,0.010000,1,0
1745,20,80.00,-30.00,0,0.010000,1,0
1746,2,8.00,89.00,1,0.010000,0,0
1747,20,0.00,-22.00,0,0.010000,20,0
1748,20,-109.00,126.00,0,0.010000,11,0
1749,20,80.00,-30.00,0,0.010000,1,0
1750,20,80.00,-20.00,0,0.010000,0,20
1751,20,80.00,-20.00,0,0.010000,0,0
1752,2,8.00,39.00,1,0.010000,1,0
1753,20,80.00,-30.00,0,0.010000,1,0
1754,20,-69.00,126.00,0,0.010000,1,0
1755,20,80.00,-30.00,0,0.010000,1,0
1756,2,8.00,89.00,1,0.010000,0,0
1757,20,80.00,-40.00,0,0.010000,2,0
1758,20,-79.00,126.00,0,0.010000,11,1
1759,20,80.00,-30.00,0,0.010000,1,0
1760,20,80.00,-20.00,0,0.010000,0,20
1761,20,80.00,-20.00,0,0.010000,0,0
1762,0,0.00,0.00,1,0.010000,0,0
1763,20,80.00,-20.00,0,0.010000,0,0
1764,20,-64.00,116.00,0,0.010000,1,1
1765,20,80.00,-30.00,0,0.010000,1,0
1766,2,8.00,89.00,1,0.010000,0,0
1767,20,-60.00,126.00,0,0.010000,10,0
1768,20,-107.00,118.00,0,0.010000,12,0
1769,20,80.00,-30.00,0,0.010000,1,0
1770,20,80.00,-20.00,0,0.010000,0,20
1771,20,80.00,-20.00,0,0.010000,0,0
1772,20,0.00,0.00,0,0.010000,20,0
1773,20,-30.00,80.00,0,0.010000,1,0
1774,20,-69.00,126.00,0,0.010000,1,1
1775,20,80.00,-30.00,0,0.010000,1,0
1776,2,8.00,89.00,1,0.010000,0,0
1777,20,80.00,-65.00,0,0.010000,3,4
1778,20,-109.00,126.00,0,0.010000,11,0
1779,20,80.00,-30.00,0,0.010000,1,0
1780,20,72.00,-28.00,0,0.010000,3,18
1781,20,80.00,-20.00,0,0.010000,0,0
1782,20,80.00,-20.00,0,0.010000,0,0
1783,20,80.00,-30.00,0,0.010000,1,0
1784,20,-69.00,126.00,0,0.010000,1,0
1785,20,80.00,-30.00,0,0.010000,1,0
1786,2,8.00,89.00,1,0.010000,0,0
1787,20,45.00,140.00,0,0.010000,20,0
1788,20,-109.00,126.00,0,0.010000,11,0
1789,20,80.00,-30.00,0,0.010000,1,0
1790,20,80.00,-20.00,0,0.010000,0,20
1791,20,80.00,-20.00,0,0.010000,0,0
1792,20,0.00,-2.00,0,0.010000,20,0
1793,20,80.00,20.00,0,0.010000,9,0
1794,20,-69.00,126.00,0,0.010000,1,0
1795,20,80.00,-30.00,0,0.010000,1,0
1796,2,8.00,89.00,1,0.010000,0,0
1797,20,126.00,-20.00,0,0.010000,0,0
1798,20,-109.00,126.00,0,0.010000,11,0
1799,20,80.00,-30.00,0,0.010000,1,0
1800,20,80.00,-20.00,0,0.010000,0,20
1801,20,80.00,-20.00,0,0.010000,0,0
1802,20,161.00,-30.00,0,0.010000,1,0
1803,1,4.00,50.00,1,0.010000,0,0
1804,20,-69.00,126.00,0,0.010000,1,0
1805,20,80.00,-30.00,0,0.010000,1,0
1806,2,8.00,89.00,1,0.010000,0,0
1807,20,80.00,-30.00,0,0.010000,1,0
1808,20,-109.00,126.00,0,0.010000,11,0
1809,20,80.00,-30.00,0,0.010000,1,0
1810,20,80.00,-20.00,0,0.010000,0,20
1811,20,80.00,-25.00,0,0.010000,0,1
1812,1,4.00,50.00,1,0.010000,0,0
1813,20,0.00,-4.00,0,0.010000,20,0
1814,20,-69.00,126.00,0,0.010000,1,0
1815,20,80.00,-30.00,0,0.010000,1,0
1816,2,8.00,89.00,1,0.010000,0,0
1817,1,4.00,50.00,1,0.010000,0,0
1818,20,-109.00,126.00,0,0.010000,11,0
1819,20,80.00,-30.00,0,0.010000,1,0
1820,20,72.00,-18.00,0,0.010000,2,18
1821,20,80.00,-20.00,0,0.010000,0,0
1822,20,0.00,-4.00,0,0.010000,20,0
1823,20,80.00,-30.00,0,0.010000,1,0
1824,20,-74.00,126.00,0,0.010000,1,1
1825,20,80.00,-30.00,0,0.010000,1,0
1826,2,8.00,89.00,1,0.010000,0,0
1827,20,-69.00,126.00,0,0.010000,1,0
1828,20,-109.00,126.00,0,0.010000,11,0
1829,20,80.00,-30.00,0,0.010000,1,0
1830,20,80.00,-20.00,0,0.010000,0,20
1831,20,80.00,-20.00,0,0.010000,0,0
1832,20,80.00,-30.00,0,0.010000,1,0
1833,20,80.00,-20.00,0,0.010000,1,0
1834,20,-69.00,126.00,0,0.010000,1,0
1835,20,80.00,-30.00,0,0.010000,1,0
1836,2,8.00,89.00,1,0.010000,0,0
1837,20,-109.00,126.00,0,0.010000,11,0
1838,20,-109.00,126.00,0,0.010000,11,0
1839,20,80.00,-30.00,0,0.010000,1,0
1840,20,80.00,-20.00,0,0.010000,0,20
1841,20,80.00,-20.00,0,0.010000,0,0
1842,20,126.00,-100.00,0,0.010000,13,4
1843,20,80.00,-30.00,0,0.010000,1,0
1844,20,-79.00,126.00,0,0.010000,2,1
1845,20,80.00,-30.00,0,0.010000,1,0
1846,2,8.00,89.00,1,0.010000,0,0
1847,20,0.00,0.00,0,0.010000,20,0
1848,20,-109.00,126.00,0,0.010000,11,0
1849,20,80.00,-30.00,0,0.010000,1,0
1850,20,80.00,-20.00,0,0.010000,0,20
1851,20,80.00,-20.00,0,0.010000,0,0
1852,20,103.00,-135.00,0,0.010000,5,15
1853,20,80.00,-30.00,0,0.010000,1,0
1854,20,-69.00,126.00,0,0.010000,1,0
1855,20,80.00,-30.00,0,0.010000,1,0
1856,2,8.00,89.00,1,0.010000,0,0
1857,20,0.00,-2.00,0,0.010000,20,0
1858,20,-109.00,126.00,0,0.010000,11,0
1859,20,80.00,-30.00,0,0.010000,1,0
1860,20,80.00,-20.00,0,0.010000,0,20
1861,20,80.00,-20.00,0,0.010000,0,0
1862,20,0.00,-4.00,0,0.010000,20,0
1863,20,0.00,-2.00,0,0.010000,20,0
1864,20,-74.00,126.00,0,0.010000,1,1
1865,20,80.00,-30.00,0,0.010000,1,1
1866,2,8.00,89.00,1,0.010000,0,0
1867,20,75.00,140.00,0,0.010000,20,0
1868,20,-109.00,126.00,0,0.010000,11,0
1869,20,80.00,-30.00,0,0.010000,1,0
1870,20,80.00,-20.00,0,0.010000,0,20
1871,20,80.00,-20.00,0,0.010000,0,0
1872,20,80.00,-30.00,0,0.010000,1,0
1873,2,44.00,44.00,1,0.010000,0,1
1874,20,-69.00,126.00,0,0.010000,1,0
1875,20,80.00,-30.00,0,0.010000,1,0
1876,2,8.00,89.00,1,0.010000,0,0
1877,20,80.00,-20.00,0,0.010000,0,0
1878,20,-109.00,126.00,0,0.010000,11,0
1879,20,80.00,-30.00,0,0.010000,1,0
1880,20,80.00,-20.00,0,0.010000,0,20
1881,20,80.00,-40.00,0,0.010000,2,0
1882,20,57.00,-130.00,0,0.010000,4,16
1883,20,80.00,-20.00,0,0.010000,0,0
1884,20,-69.00,126.00,0,0.010000,1,0
1885,20,80.00,-30.00,0,0.010000,1,1
1886,2,8.00,89.00,1,0.010000,0,0
1887,20,45.00,140.00,0,0.010000,20,0
1888,20,-109.00,126.00,0,0.010000,11,0
1889,20,80.00,-50.00,0,0.010000,3,0
1890,20,24.00,-16.00,0,0.010000,15,5
1891,20,80.00,-20.00,0,0.010000,0,0
1892,20,126.00,-29.00,0,0.010000,1,0
1893,20,-70.00,126.00,0,0.010000,2,0
1894,20,-74.00,126.00,0,0.010000,1,1
1895,20,80.00,-30.00,0,0.010000,1,0
1896,2,8.00,89.00,1,0.010000,0,0
1897,20,0.00,-4.00,0,0.010000,20,0
1898,20,-77.00,118.00,0,0.010000,12,1
1899,20,80.00,-30.00,0,0.010000,1,0
1900,20,80.00,-20.00,0,0.010000,0,20
1901,20,80.00,-20.00,0,0.010000,0,0
1902,20,172.00,-110.00,0,0.010000,13,4
1903,20,0.00,0.00,0,0.010000,20,0
1904,20,-69.00,126.00,0,0.010000,1,0
1905,20,80.00,-30.00,0,0.010000,1,0
1906,2,8.00,89.00,1,0.010000,0,0
1907,20,80.00,-30.00,0,0.010000,1,0
1908,20,-109.00,126.00,0,0.010000,11,0
1909,20,80.00,-30.00,0,0.010000,1,0
1910,20,80.00,-20.00,0,0.010000,0,20
1911,20,80.00,-65.00,0,0.010000,1,7
1912,20,80.00,-20.00,0,0.010000,0,0
1913,1,4.00,50.00,1,0.010000,0,0
1914,20,-69.00,126.00,0,0.010000,1,1
1915,20,80.00,-30.00,0,0.010000,1,0
1916,2,8.00,89.00,1,0.010000,0,0
1917,20,36.00,148.00,0,0.010000,19,0
1918,20,-64.00,116.00,0,0.010000,10,1
1919,20,80.00,-30.00,0,0.010000,1,0
1920,20,80.00,-25.00,0,0.010000,0,20
1921,20,80.00,-20.00,0,0.010000,0,0
1922,20,80.00,-30.00,0,0.010000,1,0
1923,20,161.00,-30.00,0,0.010000,1,0
1924,20,-69.00,126.00,0,0.010000,1,0
1925,20,80.00,-30.00,0,0.010000,1,0
1926,3,12.00,78.00,1,0.010000,1,1
1927,0,0.00,0.00,1,0.010000,0,0
1928,20,-109.00,126.00,0,0.010000,11,0
1929,20,80.00,-30.00,0,0.010000,1,0
1930,20,80.00,-20.00,0,0.010000,0,20
1931,20,80.00,-20.00,0,0.010000,0,0
1932,20,0.00,0.00,0,0.010000,20,0
1933,2,8.00,89.00,1,0.010000,0,0
1934,20,-79.00,126.00,0,0.010000,2,1
1935,20,80.00,-30.00,0,0.010000,1,0
1936,2,8.00,89.00,1,0.010000,0,0
1937,20,-20.00,80.00,0,0.010000,10,0
1938,20,-109.00,126.00,0,0.010000,11,0
1939,20,80.00,-30.00,0,0.010000,1,0
1940,20,80.00,-20.00,0,0.010000,0,20
1941,20,80.00,-55.00,0,0.010000,2,3
1942,0,0.00,0.00,1,0.010000,0,0
1943,20,126.00,-29.00,0,0.010000,1,0
1944,20,-69.00,126.00,0,0.010000,1,0
1945,20,80.00,-40.00,0,0.010000,2,1
1946,2,8.00,89.00,1,0.010000,0,0
1947,20,89.00,105.00,0,0.010000,19,1
1948,20,-109.00,126.00,0,0.010000,11,0
1949,20,80.00,-30.00,0,0.010000,1,0
1950,20,80.00,-20.00,0,0.010000,0,20
1951,20,80.00,-20.00,0,0.010000,0,0
1952,20,80.00,-30.00,0,0.010000,1,0
1953,20,54.00,-63.00,0,0.010000,20,1
1954,20,-69.00,118.00,0,0.010000,3,0
1955,20,80.00,-30.00,0,0.010000,1,0
1956,2,8.00,89.00,1,0.010000,0,0
1957,20,80.00,-45.00,0,0.010000,2,1
1958,20,-107.00,118.00,0,0.010000,12,0
1959,20,80.00,-30.00,0,0.010000,1,0
1960,20,80.00,-20.00,0,0.010000,0,20
1961,20,80.00,-20.00,0,0.010000,0,0
1962,20,-20.00,126.00,0,0.010000,10,0
1963,0,0.00,0.00,1,0.010000,0,0
1964,20,-69.00,126.00,0,0.010000,1,0
1965,20,80.00,-35.00,0,0.010000,1,1
1966,2,8.00,89.00,1,0.010000,0,0
1967,20,-20.00,72.00,0,0.010000,10,0
1968,20,-109.00,126.00,0,0.010000,11,0
1969,20,80.00,-35.00,0,0.010000,1,1
1970,20,80.00,-20.00,0,0.010000,0,20
1971,20,80.00,-40.00,0,0.010000,2,0
1972,20,72.00,-95.00,0,0.010000,14,3
1973,20,126.00,-100.00,0,0.010000,13,4
1974,20,-69.00,126.00,0,0.010000,1,0
1975,20,80.00,-30.00,0,0.010000,1,0
1976,2,8.00,89.00,1,0.010000,0,0
1977,20,-109.00,126.00,0,0.010000,11,0
1978,20,-109.00,126.00,0,0.010000,11,0
1979,20,80.00,-30.00,0,0.010000,1,0
1980,20,80.00,-20.00,0,0.010000,0,20
1981,20,80.00,-20.00,0,0.010000,0,0
1982,20,-20.00,80.00,0,0.010000,0,0
1983,20,45.00,140.00,0,0.010000,20,0
1984,20,-69.00,126.00,0,0.010000,1,0
1985,20,80.00,-30.00,0,0.010000,1,0
1986,2,8.00,89.00,1,0.010000,0,0
1987,20,80.00,-30.00,0,0.010000,1,0
1988,20,-109.00,126.00,0,0.010000,11,0
1989,20,80.00,-30.00,0,0.010000,1,0
1990,20,80.00,-20.00,0,0.010000,0,20
1991,20,80.00,-20.00,0,0.010000,0,0
1992,20,75.00,140.00,0,0.010000,20,0
1993,20,0.00,0.00,0,0.010000,20,0
1994,20,-69.00,126.00,0,0.010000,1,0
1995,20,80.00,-30.00,0,0.010000,1,0
1996,2,8.00,89.00,1,0.010000,0,0
1997,20,80.00,10.00,0,0.010000,9,0
1998,20,-109.00,126.00,0,0.010000,11,0
1999,20,80.00,-30.00,0,0.010000,1,0
2000,20,80.00,-30.00,0,0.010000,1,20
2001,20,80.00,-20.00,0,0.010000,0,0
2002,20,-20.00,126.00,0,0.010000,10,0
2003,1,4.00,50.00,1,0.010000,0,0
2004,20,-69.00,126.00,0,0.010000,1,0
2005,20,80.00,-30.00,0,0.010000,1,0
2006,2,8.00,89.00,1,0.010000,0,0
2007,20,80.00,-20.00,0,0.010000,0,0
2008,20,-109.00,126.00,0,0.010000,11,0
2009,20,80.00,-30.00,0,0.010000,1,0
2010,20,80.00,-20.00,0,0.010000,0,20
2011,20,80.00,-20.00,0,0.010000,0,0
2012,20,80.00,-20.00,0,0.010000,10,0
2013,1,4.00,50.00,1,0.010000,0,0
2014,20,-69.00,126.00,0,0.010000,1,0
2015,20,80.00,-30.00,0,0.010000,1,0
2016,2,8.00,89.00,1,0.010000,0,0
2017,20,52.00,-80.00,0,0.010000,19,1
2018,20,-109.00,126.00,0,0.010000,11,0
2019,20,80.00,-30.00,0,0.010000,1,0
2020,20,80.00,-20.00,0,0.010000,0,20
2021,20,80.00,-20.00,0,0.010000,0,1
2022,20,-46.00,39.00,0,0.010000,20,1
2023,20,-70.00,126.00,0,0.010000,2,0
2024,20,-69.00,126.00,0,0.010000,1,0
2025,20,80.00,-35.00,0,0.010000,1,1
2026,2,8.00,89.00,1,0.010000,0,0
2027,20,76.00,-40.00,0,0.010000,3,0
2028,20,-109.00,126.00,0,0.010000,11,0
2029,20,80.00,-30.00,0,0.010000,1,0
2030,20,80.00,-20.00,0,0.010000,0,20
2031,20,80.00,-20.00,0,0.010000,0,0
2032,0,0.00,0.00,1,0.010000,0,0
2033,20,57.00,-130.00,0,0.010000,4,16
2034,20,-69.00,126.00,0,0.010000,1,0
2035,20,80.00,-30.00,0,0.010000,1,0
2036,2,8.00,89.00,1,0.010000,0,0
2037,20,80.00,-30.00,0,0.010000,1,0
2038,20,-109.00,126.00,0,0.010000,11,0
2039,20,80.00,-30.00,0,0.010000,1,0
2040,20,80.00,-20.00,0,0.010000,0,20
2041,20,80.00,-25.00,0,0.010000,0,1
2042,20,80.00,-20.00,0,0.010000,0,0
2043,20,45.00,150.00,0,0.010000,19,0
2044,20,-69.00,126.00,0,0.010000,1,0
2045,20,80.00,-30.00,0,0.010000,1,0
2046,2,8.00,89.00,1,0.010000,0,0
2047,1,4.00,50.00,1,0.010000,0,0
2048,20,-109.00,126.00,0,0.010000,11,0
2049,20,80.00,-30.00,0,0.010000,1,0
2050,20,80.00,-30.00,0,0.010000,1,20
2051,20,80.00,-20.00,0,0.010000,0,0
2052,20,43.00,0.00,0,0.010000,18,1
2053,20,80.00,-20.00,0,0.010000,0,0
2054,20,-79.00,126.00,0,0.010000,2,1
2055,20,80.00,-30.00,0,0.010000,1,0
2056,2,8.00,89.00,1,0.010000,0,0
2057,20,-30.00,80.00,0,0.010000,1,0
2058,20,-109.00,126.00,0,0.010000,11,0
2059,20,80.00,-30.00,0,0.010000,1,0
2060,20,80.00,-20.00,0,0.010000,0,20
2061,20,80.00,-30.00,0,0.010000,1,1
2062,1,4.00,50.00,1,0.010000,0,0
2063,20,80.00,-20.00,0,0.010000,0,0
2064,20,-69.00,126.00,0,0.010000,1,0
2065,20,80.00,-30.00,0,0.010000,1,0
2066,2,8.00,89.00,1,0.010000,0,0
2067,20,80.00,-30.00,0,0.010000,10,0
2068,20,-109.00,126.00,0,0.010000,11,0
2069,20,80.00,-30.00,0,0.010000,1,0
2070,20,80.00,-20.00,0,0.010000,0,20
2071,20,80.00,-40.00,0,0.010000,2,2
2072,20,-69.00,126.00,0,0.010000,1,0
2073,20,80.00,-30.00,0,0.010000,1,0
2074,20,-69.00,126.00,0,0.010000,1,0
2075,20,80.00,-30.00,0,0.010000,1,0
2076,2,8.00,89.00,1,0.010000,0,0
2077,20,43.00,0.00,0,0.010000,18,1
2078,20,-109.00,126.00,0,0.010000,11,0
2079,20,80.00,-30.00,0,0.010000,1,0
2080,20,80.00,-20.00,0,0.010000,0,20
2081,20,80.00,-20.00,0,0.010000,0,0
2082,0,0.00,0.00,1,0.010000,0,0
2083,20,-58.00,72.00,0,0.010000,11,1
2084,20,-69.00,126.00,0,0.010000,1,0
2085,20,80.00,-30.00,0,0.010000,1,0
2086,2,8.00,89.00,1,0.010000,0,0
2087,0,0.00,0.00,1,0.010000,0,0
2088,20,-109.00,126.00,0,0.010000,11,0
2089,20,80.00,-30.00,0,0.010000,1,0
2090,20,80.00,-20.00,0,0.010000,0,20
2091,20,80.00,-20.00,0,0.010000,0,0
2092,1,50.00,50.00,1,0.010000,0,0
2093,20,80.00,-20.00,0,0.010000,0,0
2094,20,-79.00,126.00,0,0.010000,2,0
2095,20,80.00,-30.00,0,0.010000,1,0
2096,2,8.00,89.00,1,0.010000,0,0
2097,20,80.00,-20.00,0,0.010000,0,0
2098,20,-79.00,126.00,0,0.010000,11,1
2099,20,80.00,-30.00,0,0.010000,1,0
2100,20,72.00,-18.00,0,0.010000,2,18
2101,20,80.00,-20.00,0,0.010000,0,0
2102,20,54.00,-49.00,0,0.010000,19,1
2103,1,50.00,50.00,1,0.010000,0,0
2104,20,-69.00,126.00,0,0.010000,1,0
2105,20,80.00,-30.00,0,0.010000,1,0
2106,2,8.00,89.00,1,0.010000,0,0
2107,20,45.00,140.00,0,0.010000,20,0
2108,20,-109.00,126.00,0,0.010000,11,0
2109,20,80.00,-30.00,0,0.010000,1,0
2110,20,80.00,-20.00,0,0.010000,0,20
2111,20,80.00,-25.00,0,0.010000,0,1
2112,20,-7.00,42.00,0,0.010000,19,1
2113,20,15.00,80.00,0,0.010000,9,1
2114,20,-69.00,126.00,0,0.010000,1,0
2115,20,80.00,-30.00,0,0.010000,1,0
2116,2,8.00,89.00,1,0.010000,0,0
2117,20,72.00,-100.00,0,0.010000,15,2
2118,20,-109.00,126.00,0,0.010000,11,0
2119,20,80.00,-30.00,0,0.010000,1,0
2120,20,26.00,16.00,0,0.010000,2,18
2121,20,80.00,-20.00,0,0.010000,0,0
2122,20,45.00,150.00,0,0.010000,19,0
2123,20,80.00,-30.00,0,0.010000,1,0
2124,20,-69.00,126.00,0,0.010000,1,0
2125,20,80.00,-30.00,0,0.010000,1,0
2126,2,8.00,89.00,1,0.010000,0,0
2127,1,4.00,50.00,1,0.010000,0,0
2128,20,-109.00,126.00,0,0.010000,11,0
2129,20,80.00,-30.00,0,0.010000,1,0
2130,20,-46.00,49.00,0,0.010000,19,0
2131,20,80.00,-20.00,0,0.010000,0,0
2132,20,177.00,-85.00,0,0.010000,15,2
2133,20,131.00,-95.00,0,0.010000,16,1
2134,20,-69.00,126.00,0,0.010000,1,0
2135,20,80.00,-30.00,0,0.010000,1,0
2136,2,8.00,89.00,1,0.010000,0,0
2137,20,80.00,-40.00,0,0.010000,2,0
2138,20,-79.00,126.00,0,0.010000,11,1
2139,20,80.00,-30.00,0,0.010000,1,0
2140,20,80.00,-20.00,0,0.010000,0,20
2141,20,80.00,-20.00,0,0.010000,0,0
2142,20,0.00,0.00,0,0.010000,20,0
2143,20,43.00,-10.00,0,0.010000,19,1
2144,20,-69.00,126.00,0,0.010000,1,0
2145,20,80.00,-30.00,0,0.010000,1,0
2146,2,8.00,89.00,1,0.010000,0,0
2147,20,45.00,110.00,0,0.010000,19,0
2148,20,-109.00,126.00,0,0.010000,11,0
2149,20,80.00,-30.00,0,0.010000,1,1
2150,20,80.00,-20.00,0,0.010000,0,20
2151,20,80.00,-20.00,0,0.010000,0,0
2152,20,-40.00,80.00,0,0.010000,2,0
2153,1,4.00,50.00,1,0.010000,0,0
2154,20,-79.00,126.00,0,0.010000,2,1
2155,20,80.00,-30.00,0,0.010000,1,0
2156,2,8.00,89.00,1,0.010000,0,0
2157,20,54.00,-49.00,0,0.010000,19,1
2158,20,-109.00,126.00,0,0.010000,11,0
2159,20,80.00,-30.00,0,0.010000,1,0
2160,20,80.00,-20.00,0,0.010000,0,20
2161,20,80.00,-20.00,0,0.010000,0,0
2162,20,-46.00,42.00,0,0.010000,19,1
2163,20,57.00,-125.00,0,0.010000,3,17
2164,20,-69.00,126.00,0,0.010000,1,0
2165,20,80.00,-30.00,0,0.010000,1,0
2166,2,8.00,89.00,1,0.010000,0,0
2167,1,4.00,50.00,1,0.010000,0,0
2168,20,-109.00,126.00,0,0.010000,11,0
2169,20,80.00,-30.00,0,0.010000,1,0
2170,20,72.00,-18.00,0,0.010000,2,18
2171,20,80.00,-20.00,0,0.010000,0,0
2172,20,126.00,-30.00,0,0.010000,1,0
2173,20,80.00,-20.00,0,0.010000,0,0
2174,20,-79.00,126.00,0,0.010000,2,1
2175,20,80.00,-30.00,0,0.010000,1,0
2176,2,8.00,89.00,1,0.010000,0,0
2177,20,121.00,-40.00,0,0.010000,2,0
2178,20,-109.00,126.00,0,0.010000,11,0
2179,20,80.00,-40.00,0,0.010000,2,1
2180,20,80.00,-20.00,0,0.010000,0,20
2181,20,80.00,-20.00,0,0.010000,0,0
2182,20,0.00,-22.00,0,0.010000,20,0
2183,20,80.00,-40.00,0,0.010000,2,0
2184,20,-69.00,126.00,0,0.010000,1,0
2185,20,80.00,-30.00,0,0.010000,1,0
2186,2,8.00,89.00,1,0.010000,0,0
2187,20,-20.00,80.00,0,0.010000,10,0
2188,20,-109.00,126.00,0,0.010000,11,0
2189,20,80.00,-30.00,0,0.010000,1,0
2190,20,80.00,-20.00,0,0.010000,0,20
2191,20,80.00,-20.00,0,0.010000,0,0
2192,20,-109.00,126.00,0,0.010000,11,0
2193,20,80.00,-60.00,0,0.010000,4,1
2194,20,-69.00,126.00,0,0.010000,1,0
2195,20,80.00,-30.00,0,0.010000,1,0
2196,2,8.00,89.00,1,0.010000,0,0
2197,20,80.00,-20.00,0,0.010000,0,0
2198,20,-109.00,126.00,0,0.010000,11,0
2199,20,80.00,-30.00,0,0.010000,1,0
2200,20,80.00,-20.00,0,0.010000,0,20
2201,20,80.00,-20.00,0,0.010000,0,0
2202,20,118.00,-140.00,0,0.010000,4,16
2203,1,4.00,50.00,1,0.010000,0,0
2204,20,-69.00,126.00,0,0.010000,1,0
2205,20,80.00,-30.00,0,0.010000,1,0
2206,2,8.00,89.00,1,0.010000,0,0
2207,20,80.00,-120.00,0,0.010000,0,20
2208,20,-109.00,118.00,0,0.010000,11,0
2209,20,80.00,-30.00,0,0.010000,1,0
2210,20,80.00,-20.00,0,0.010000,0,20
2211,20,80.00,-20.00,0,0.010000,0,0
2212,20,57.00,-125.00,0,0.010000,4,16
2213,20,-20.00,72.00,0,0.010000,2,0
2214,20,-69.00,126.00,0,0.010000,1,0
2215,20,80.00,-30.00,0,0.010000,1,0
2216,3,12.00,83.00,1,0.010000,0,1
2217,20,-60.00,126.00,0,0.010000,1,0
2218,20,-109.00,126.00,0,0.010000,11,0
2219,20,80.00,-50.00,0,0.010000,3,0
2220,20,80.00,-20.00,0,0.010000,0,20
2221,20,80.00,-20.00,0,0.010000,0,0
2222,20,62.00,-90.00,0,0.010000,17,0
2223,20,-20.00,80.00,0,0.010000,10,0
2224,20,-69.00,126.00,0,0.010000,1,0
2225,20,80.00,-30.00,0,0.010000,1,0
2226,2,8.00,89.00,1,0.010000,0,0
2227,20,-20.00,126.00,0,0.010000,10,0
2228,20,-109.00,126.00,0,0.010000,11,0
2229,20,80.00,-30.00,0,0.010000,1,0
2230,20,80.00,-25.00,0,0.010000,0,20
2231,20,80.00,-20.00,0,0.010000,0,0
2232,20,57.00,-125.00,0,0.010000,3,17
2233,2,8.00,89.00,1,0.010000,0,0
2234,20,-69.00,126.00,0,0.010000,1,0
2235,20,80.00,-40.00,0,0.010000,2,1
2236,2,8.00,89.00,1,0.010000,0,0
2237,1,4.00,50.00,1,0.010000,0,0
2238,20,-79.00,126.00,0,0.010000,11,1
2239,20,80.00,-30.00,0,0.010000,1,0
2240,20,80.00,-20.00,0,0.010000,0,20
2241,20,80.00,-20.00,0,0.010000,0,0
2242,20,0.00,0.00,0,0.010000,20,0
2243,20,39.00,-2.00,0,0.010000,20,0
2244,20,-69.00,126.00,0,0.010000,1,0
2245,20,80.00,-40.00,0,0.010000,2,1
2246,2,8.00,89.00,1,0.010000,0,0
2247,20,54.00,-56.00,0,0.010000,19,1
2248,20,-109.00,126.00,0,0.010000,11,0
2249,20,80.00,-30.00,0,0.010000,1,0
2250,20,80.00,-20.00,0,0.010000,0,20
2251,20,80.00,-20.00,0,0.010000,0,0
2252,20,67.00,-13.00,0,0.010000,2,17
2253,20,72.00,-130.00,0,0.010000,2,18
2254,20,-69.00,126.00,0,0.010000,1,0
2255,20,80.00,-30.00,0,0.010000,1,0
2256,2,8.00,89.00,1,0.010000,0,0
2257,20,172.00,22.00,0,0.010000,1,0
2258,20,-79.00,126.00,0,0.010000,11,1
2259,20,80.00,-30.00,0,0.010000,1,0
2260,20,80.00,-20.00,0,0.010000,0,20
2261,20,80.00,-20.00,0,0.010000,0,0
2262,20,80.00,-20.00,0,0.010000,0,0
2263,1,4.00,50.00,1,0.010000,0,0
2264,20,-69.00,126.00,0,0.010000,1,0
2265,20,80.00,-30.00,0,0.010000,1,0
2266,2,8.00,89.00,1,0.010000,0,0
2267,20,111.00,-120.00,0,0.010000,2,18
2268,20,-109.00,126.00,0,0.010000,11,0
2269,20,80.00,-30.00,0,0.010000,1,0
2270,20,80.00,-20.00,0,0.010000,0,20
2271,20,80.00,-20.00,0,0.010000,0,0
2272,0,0.00,0.00,1,0.010000,0,0
2273,20,126.00,-29.00,0,0.010000,1,1
2274,20,-69.00,126.00,0,0.010000,1,0
2275,20,80.00,-30.00,0,0.010000,1,0
2276,2,8.00,89.00,1,0.010000,0,0
2277,2,8.00,39.00,1,0.010000,1,0
2278,20,-109.00,126.00,0,0.010000,11,0
2279,20,80.00,-30.00,0,0.010000,1,0
2280,20,80.00,-20.00,0,0.010000,0,20
2281,20,80.00,-20.00,0,0.010000,0,0
2282,20,57.00,-130.00,0,0.010000,4,16
2283,0,0.00,0.00,1,0.010000,0,0
2284,20,-69.00,126.00,0,0.010000,1,0
2285,20,80.00,-30.00,0,0.010000,1,0
2286,2,8.00,89.00,1,0.010000,0,0
2287,20,76.00,-40.00,0,0.010000,3,0
2288,20,-109.00,126.00,0,0.010000,11,0
2289,20,80.00,-50.00,0,0.010000,3,0
2290,20,80.00,-20.00,0,0.010000,0,20
2291,20,80.00,-20.00,0,0.010000,0,0
2292,20,77.00,-85.00,0,0.010000,16,1
2293,20,80.00,-60.00,0,0.010000,4,0
2294,20,-69.00,126.00,0,0.010000,1,0
2295,20,80.00,-30.00,0,0.010000,1,0
2296,2,8.00,89.00,1,0.010000,0,0
2297,20,57.00,-125.00,0,0.010000,3,17
2298,20,-109.00,126.00,0,0.010000,11,0
2299,20,80.00,-30.00,0,0.010000,1,0
2300,20,80.00,-20.00,0,0.010000,0,20
2301,20,80.00,-20.00,0,0.010000,0,0
2302,20,89.00,-52.00,0,0.010000,20,0
2303,20,-20.00,126.00,0,0.010000,10,0
2304,20,-69.00,126.00,0,0.010000,1,0
2305,20,80.00,-30.00,0,0.010000,1,0
2306,2,8.00,89.00,1,0.010000,0,0
2307,20,80.00,-20.00,0,0.010000,0,0
2308,20,-109.00,126.00,0,0.010000,11,0
2309,20,80.00,-30.00,0,0.010000,1,0
2310,20,80.00,-20.00,0,0.010000,0,20
2311,20,80.00,-20.00,0,0.010000,0,0
2312,20,126.00,-125.00,0,0.010000,1,19
2313,20,80.00,-20.00,0,0.010000,0,0
2314,20,-69.00,126.00,0,0.010000,1,0
2315,20,80.00,-30.00,0,0.010000,1,0
2316,2,8.00,89.00,1,0.010000,0,0
2317,20,126.00,-125.00,0,0.010000,2,17
2318,20,-109.00,126.00,0,0.010000,11,0
2319,20,80.00,-30.00,0,0.010000,1,0
2320,20,80.00,-20.00,0,0.010000,0,20
2321,20,80.00,-20.00,0,0.010000,0,0
2322,20,151.00,-90.00,0,0.010000,16,0
2323,20,80.00,20.00,0,0.010000,0,0
2324,20,-69.00,126.00,0,0.010000,1,0
2325,20,80.00,-30.00,0,0.010000,1,0
2326,2,8.00,89.00,1,0.010000,0,0
2327,20,80.00,-20.00,0,0.010000,0,0
2328,20,-109.00,126.00,0,0.010000,11,0
2329,20,80.00,-30.00,0,0.010000,1,0
2330,20,80.00,-20.00,0,0.010000,0,20
2331,20,80.00,-20.00,0,0.010000,0,0
2332,20,80.00,-20.00,0,0.010000,0,20
2333,20,45.00,140.00,0,0.010000,20,0
2334,20,-69.00,126.00,0,0.010000,1,0
2335,20,80.00,-30.00,0,0.010000,1,0
2336,2,8.00,89.00,1,0.010000,0,0
2337,20,80.00,-20.00,0,0.010000,10,0
2338,20,-109.00,126.00,0,0.010000,11,0
2339,20,80.00,-40.00,0,0.010000,2,1
2340,20,80.00,-20.00,0,0.010000,0,20
2341,20,80.00,-20.00,0,0.010000,0,0
2342,20,22.00,-55.00,0,0.010000,4,1
2343,20,80.00,-30.00,0,0.010000,1,1
2344,20,-69.00,126.00,0,0.010000,1,0
2345,20,80.00,-40.00,0,0.010000,2,1
2346,2,8.00,89.00,1,0.010000,0,0
2347,20,80.00,-30.00,0,0.010000,1,0
2348,20,-109.00,126.00,0,0.010000,11,0
2349,20,80.00,-30.00,0,0.010000,1,0
2350,20,80.00,-20.00,0,0.010000,0,20
2351,20,80.00,-20.00,0,0.010000,0,0
2352,20,80.00,-20.00,0,0.010000,0,0
2353,20,80.00,-30.00,0,0.010000,1,0
2354,20,-69.00,126.00,0,0.010000,1,0
2355,20,80.00,-30.00,0,0.010000,1,0
2356,2,8.00,89.00,1,0.010000,0,0
2357,20,45.00,150.00,0,0.010000,19,0
2358,20,-109.00,126.00,0,0.010000,11,0
2359,20,80.00,-30.00,0,0.010000,1,0
2360,20,80.00,-20.00,0,0.010000,0,20
2361,20,80.00,-20.00,0,0.010000,0,0
2362,20,80.00,-20.00,0,0.010000,10,0
2363,20,126.00,-30.00,0,0.010000,1,0
2364,20,-69.00,126.00,0,0.010000,1,0
2365,20,80.00,-30.00,0,0.010000,1,1
2366,2,8.00,89.00,1,0.010000,0,0
2367,20,80.00,-30.00,0,0.010000,1,0
2368,20,-69.00,126.00,0,0.010000,10,1
2369,20,80.00,-30.00,0,0.010000,1,0
2370,20,80.00,-20.00,0,0.010000,0,20
2371,20,80.00,-20.00,0,0.010000,0,0
2372,20,80.00,-20.00,0,0.010000,0,0
2373,20,126.00,-29.00,0,0.010000,1,0
2374,20,-89.00,126.00,0,0.010000,3,0
2375,20,80.00,-30.00,0,0.010000,1,0
2376,2,8.00,89.00,1,0.010000,0,0
2377,0,0.00,0.00,1,0.010000,0,0
2378,20,-109.00,126.00,0,0.010000,11,0
2379,20,80.00,-30.00,0,0.010000,1,0
2380,20,80.00,-20.00,0,0.010000,0,20
2381,20,80.00,-20.00,0,0.010000,0,0
2382,20,-20.00,80.00,0,0.010000,10,0
2383,0,0.00,0.00,1,0.010000,0,0
2384,20,-69.00,126.00,0,0.010000,1,0
2385,20,80.00,-30.00,0,0.010000,1,0
2386,2,8.00,89.00,1,0.010000,0,0
2387,20,-70.00,126.00,0,0.010000,2,0
2388,20,-109.00,126.00,0,0.010000,11,0
2389,20,80.00,-30.00,0,0.010000,1,0
2390,20,72.00,-18.00,0,0.010000,2,18
2391,20,80.00,-40.00,0,0.010000,2,0
2392,20,80.00,-20.00,0,0.010000,10,0
2393,20,0.00,0.00,0,0.010000,20,0
2394,20,-69.00,126.00,0,0.010000,1,0
2395,20,80.00,-30.00,0,0.010000,1,0
2396,2,8.00,89.00,1,0.010000,0,0
2397,20,80.00,-20.00,0,0.010000,0,1
2398,20,-109.00,126.00,0,0.010000,11,0
2399,20,80.00,-30.00,0,0.010000,1,0
2400,20,80.00,-20.00,0,0.010000,0,20
2401,20,80.00,-20.00,0,0.010000,0,0
2402,20,80.00,-30.00,0,0.010000,1,0
2403,20,80.00,-40.00,0,0.010000,2,1
2404,20,-69.00,126.00,0,0.010000,1,0
2405,20,80.00,-30.00,0,0.010000,1,0
2406,2,8.00,89.00,1,0.010000,0,0
2407,20,43.00,0.00,0,0.010000,18,1
2408,20,-109.00,126.00,0,0.010000,11,0
2409,20,80.00,-30.00,0,0.010000,1,0
2410,20,80.00,-20.00,0,0.010000,0,20
2411,20,80.00,-20.00,0,0.010000,0,0
2412,20,80.00,-30.00,0,0.010000,1,0
2413,0,0.00,0.00,1,0.010000,0,0
2414,20,-67.00,118.00,0,0.010000,3,0
2415,20,80.00,-30.00,0,0.010000,1,0
2416,2,8.00,89.00,1,0.010000,0,0
2417,20,80.00,-20.00,0,0.010000,0,0
2418,20,-109.00,126.00,0,0.010000,11,0
2419,20,80.00,-30.00,0,0.010000,1,0
2420,20,80.00,-20.00,0,0.010000,0,20
2421,20,80.00,-20.00,0,0.010000,0,0
2422,20,54.00,-58.00,0,0.010000,19,1
2423,1,4.00,50.00,1,0.010000,0,0
2424,20,-69.00,126.00,0,0.010000,1,0
2425,20,80.00,-50.00,0,0.010000,3,0
2426,2,8.00,89.00,1,0.010000,0,0
2427,20,80.00,20.00,0,0.010000,9,0
2428,20,-109.00,118.00,0,0.010000,11,0
2429,20,80.00,-30.00,0,0.010000,1,0
2430,20,80.00,-20.00,0,0.010000,0,20
2431,20,80.00,-20.00,0,0.010000,0,0
2432,20,80.00,-35.00,0,0.010000,1,2
2433,20,80.00,-115.00,0,0.010000,0,19
2434,20,-69.00,126.00,0,0.010000,1,0
2435,20,80.00,-40.00,0,0.010000,2,1
2436,2,8.00,89.00,1,0.010000,0,0
2437,20,-40.00,80.00,0,0.010000,2,1
2438,20,-109.00,126.00,0,0.010000,11,0
2439,20,80.00,-30.00,0,0.010000,1,0
2440,20,80.00,-20.00,0,0.010000,0,20
2441,20,80.00,-20.00,0,0.010000,0,0
2442,20,-20.00,80.00,0,0.010000,0,0
2443,20,80.00,-40.00,0,0.010000,2,0
2444,20,-69.00,126.00,0,0.010000,1,0
2445,20,80.00,-30.00,0,0.010000,1,0
2446,2,8.00,89.00,1,0.010000,0,0
2447,20,0.00,0.00,0,0.010000,20,0
2448,20,-109.00,126.00,0,0.010000,11,0
2449,20,80.00,-30.00,0,0.010000,1,0
2450,20,80.00,-20.00,0,0.010000,0,20
2451,20,80.00,-20.00,0,0.010000,0,0
2452,2,8.00,39.00,1,0.010000,1,0
2453,20,80.00,-40.00,0,0.010000,2,0
2454,20,-74.00,126.00,0,0.010000,1,1
2455,20,80.00,-30.00,0,0.010000,1,0
2456,2,8.00,89.00,1,0.010000,0,0
2457,20,-20.00,80.00,0,0.010000,0,0
2458,20,-109.00,126.00,0,0.010000,11,0
2459,20,80.00,-30.00,0,0.010000,1,0
2460,20,-30.00,45.00,0,0.010000,15,4
2461,20,80.00,-20.00,0,0.010000,0,0
2462,20,80.00,-20.00,0,0.010000,0,0
2463,20,80.00,-20.00,0,0.010000,0,0
2464,20,-109.00,161.00,0,0.010000,2,0
2465,20,80.00,-30.00,0,0.010000,1,0
2466,2,8.00,89.00,1,0.010000,0,0
2467,20,80.00,-20.00,0,0.010000,0,0
2468,20,-74.00,126.00,0,0.010000,10,1
2469,20,80.00,-35.00,0,0.010000,1,1
2470,20,80.00,-20.00,0,0.010000,0,20
2471,20,80.00,-20.00,0,0.010000,0,0
2472,20,80.00,-30.00,0,0.010000,1,0
2473,20,80.00,-30.00,0,0.010000,1,0
2474,20,-69.00,126.00,0,0.010000,1,0
2475,20,80.00,-30.00,0,0.010000,1,0
2476,2,8.00,89.00,1,0.010000,0,0
2477,20,80.00,-30.00,0,0.010000,1,0
2478,20,-109.00,126.00,0,0.010000,11,0
2479,20,80.00,-30.00,0,0.010000,1,0
2480,20,80.00,-20.00,0,0.010000,0,20
2481,20,80.00,-20.00,0,0.010000,0,0
2482,20,80.00,-20.00,0,0.010000,10,0
2483,20,80.00,-30.00,0,0.010000,1,0
2484,20,-69.00,126.00,0,0.010000,1,0
2485,20,80.00,-40.00,0,0.010000,2,1
2486,2,8.00,89.00,1,0.010000,0,0
2487,1,4.00,50.00,1,0.010000,0,0
2488,20,-109.00,126.00,0,0.010000,11,0
2489,20,80.00,-30.00,0,0.010000,1,0
2490,20,80.00,-20.00,0,0.010000,0,20
2491,20,80.00,-20.00,0,0.010000,0,0
2492,20,172.00,22.00,0,0.010000,1,0
2493,20,45.00,140.00,0,0.010000,20,0
2494,20,-69.00,126.00,0,0.010000,1,0
2495,20,80.00,-30.00,0,0.010000,1,0
2496,3,12.00,78.00,1,0.010000,1,1
2497,20,77.00,-85.00,0,0.010000,16,1
2498,20,-109.00,126.00,0,0.010000,11,0
2499,20,80.00,-30.00,0,0.010000,1,0
2500,20,80.00,-20.00,0,0.010000,0,20
2501,20,80.00,-45.00,0,0.010000,1,3
2502,20,-18.00,64.00,0,0.010000,4,0
2503,20,126.00,-130.00,0,0.010000,2,18
2504,20,-69.00,126.00,0,0.010000,1,0
2505,20,80.00,-30.00,0,0.010000,1,0
2506,2,8.00,89.00,1,0.010000,0,0
2507,1,4.00,50.00,1,0.010000,0,0
2508,20,-109.00,126.00,0,0.010000,11,0
2509,20,80.00,-50.00,0,0.010000,3,0
2510,20,64.00,-16.00,0,0.010000,4,15
2511,20,80.00,-20.00,0,0.010000,0,0
2512,20,80.00,-50.00,0,0.010000,3,1
2513,20,101.00,-85.00,0,0.010000,16,2
2514,20,-69.00,126.00,0,0.010000,1,0
2515,20,80.00,-30.00,0,0.010000,1,0
2516,3,12.00,78.00,1,0.010000,1,1
2517,20,45.00,140.00,0,0.010000,20,0
2518,20,-109.00,126.00,0,0.010000,11,0
2519,20,80.00,-30.00,0,0.010000,1,0
2520,20,80.00,-30.00,0,0.010000,1,19
2521,20,80.00,-20.00,0,0.010000,0,0
2522,20,80.00,-115.00,0,0.010000,0,19
2523,20,131.00,-90.00,0,0.010000,15,2
2524,20,-69.00,126.00,0,0.010000,1,0
2525,20,80.00,-30.00,0,0.010000,1,0
2526,2,8.00,89.00,1,0.010000,0,0
2527,20,-67.00,118.00,0,0.010000,11,1
2528,20,-109.00,126.00,0,0.010000,11,0
2529,20,80.00,-40.00,0,0.010000,2,1
2530,20,80.00,-20.00,0,0.010000,0,20
2531,20,80.00,-30.00,0,0.010000,1,2
2532,0,0.00,0.00,1,0.010000,0,0
2533,20,-60.00,126.00,0,0.010000,1,0
2534,20,-69.00,126.00,0,0.010000,1,1
2535,20,80.00,-30.00,0,0.010000,1,0
2536,2,8.00,89.00,1,0.010000,0,0
2537,20,0.00,39.00,0,0.010000,20,0
2538,20,-79.00,126.00,0,0.010000,11,1
2539,20,80.00,-50.00,0,0.010000,3,0
2540,20,80.00,-20.00,0,0.010000,0,20
2541,20,80.00,-30.00,0,0.010000,1,1
2542,20,80.00,20.00,0,0.010000,0,1
2543,0,0.00,0.00,1,0.010000,0,0
2544,20,-69.00,126.00,0,0.010000,1,0
2545,20,80.00,-30.00,0,0.010000,1,0
2546,2,8.00,89.00,1,0.010000,0,0
2547,20,-69.00,126.00,0,0.010000,1,0
2548,20,-109.00,126.00,0,0.010000,11,0
2549,20,80.00,-40.00,0,0.010000,2,1
2550,20,80.00,-20.00,0,0.010000,0,20
2551,20,80.00,-20.00,0,0.010000,0,0
2552,20,0.00,7.00,0,0.010000,20,0
2553,20,80.00,-20.00,0,0.010000,1,0
2554,20,-79.00,126.00,0,0.010000,2,1
2555,20,80.00,-30.00,0,0.010000,1,0
2556,2,8.00,89.00,1,0.010000,0,0
2557,20,80.00,-30.00,0,0.010000,1,0
2558,20,-109.00,126.00,0,0.010000,11,0
2559,20,80.00,-30.00,0,0.010000,1,0
2560,20,80.00,-20.00,0,0.010000,0,20
2561,20,80.00,-20.00,0,0.010000,0,0
2562,20,80.00,-40.00,0,0.010000,2,0
2563,20,54.00,-58.00,0,0.010000,19,1
2564,20,-69.00,126.00,0,0.010000,1,0
2565,20,80.00,-30.00,0,0.010000,1,0
2566,2,8.00,89.00,1,0.010000,0,0
2567,20,54.00,-47.00,0,0.010000,19,1
2568,20,-109.00,126.00,0,0.010000,11,0
2569,20,80.00,-30.00,0,0.010000,1,0
2570,20,80.00,-30.00,0,0.010000,1,20
2571,20,80.00,-20.00,0,0.010000,0,0
2572,20,80.00,-40.00,0,0.010000,2,0
2573,20,80.00,-20.00,0,0.010000,0,0
2574,20,-69.00,126.00,0,0.010000,1,0
2575,20,80.00,-30.00,0,0.010000,1,0
2576,2,8.00,89.00,1,0.010000,0,0
2577,20,0.00,0.00,0,0.010000,20,0
2578,20,-109.00,126.00,0,0.010000,11,0
2579,20,80.00,-30.00,0,0.010000,1,0
2580,20,80.00,-20.00,0,0.010000,0,20
2581,20,80.00,-20.00,0,0.010000,0,0
2582,1,4.00,50.00,1,0.010000,0,0
2583,2,8.00,89.00,1,0.010000,0,0
2584,20,-69.00,126.00,0,0.010000,1,0
2585,20,80.00,-30.00,0,0.010000,1,0
2586,2,8.00,89.00,1,0.010000,0,0
2587,20,80.00,-20.00,0,0.010000,0,0
2588,20,-109.00,126.00,0,0.010000,11,0
2589,20,80.00,-50.00,0,0.010000,3,0
2590,20,67.00,-23.00,0,0.010000,3,16
2591,20,80.00,-20.00,0,0.010000,0,0
2592,20,80.00,-30.00,0,0.010000,1,0
2593,0,0.00,0.00,1,0.010000,0,0
2594,20,-69.00,126.00,0,0.010000,1,0
2595,20,80.00,-30.00,0,0.010000,1,0
2596,2,8.00,89.00,1,0.010000,0,0
2597,20,0.00,-22.00,0,0.010000,20,0
2598,20,-109.00,126.00,0,0.010000,11,0
2599,20,80.00,-35.00,0,0.010000,1,1
2600,20,80.00,-20.00,0,0.010000,0,20
2601,20,80.00,-30.00,0,0.010000,1,0
2602,20,80.00,-20.00,0,0.010000,0,0
2603,1,4.00,50.00,1,0.010000,0,0
2604,20,-69.00,126.00,0,0.010000,1,0
2605,20,80.00,-30.00,0,0.010000,1,0
2606,2,8.00,89.00,1,0.010000,0,0
2607,0,0.00,0.00,1,0.010000,0,0
2608,20,-74.00,126.00,0,0.010000,10,1
2609,20,80.00,-30.00,0,0.010000,1,0
2610,20,80.00,-20.00,0,0.010000,0,20
2611,20,80.00,-20.00,0,0.010000,0,0
2612,20,39.00,-2.00,0,0.010000,20,0
2613,20,57.00,-130.00,0,0.010000,4,16
2614,20,-74.00,126.00,0,0.010000,1,1
2615,20,80.00,-30.00,0,0.010000,1,0
2616,2,8.00,89.00,1,0.010000,0,0
2617,20,-18.00,72.00,0,0.010000,11,0
2618,20,-79.00,118.00,0,0.010000,11,1
2619,20,80.00,-30.00,0,0.010000,1,0
2620,20,80.00,-20.00,0,0.010000,0,20
2621,20,80.00,-20.00,0,0.010000,0,0
2622,2,8.00,89.00,1,0.010000,0,0
2623,20,80.00,-50.00,0,0.010000,3,1
2624,20,-69.00,126.00,0,0.010000,1,0
2625,20,80.00,-30.00,0,0.010000,1,0
2626,2,8.00,89.00,1,0.010000,0,0
2627,20,146.00,-105.00,0,0.010000,15,2
2628,20,-107.00,118.00,0,0.010000,12,0
2629,20,80.00,-30.00,0,0.010000,1,0
2630,20,80.00,-20.00,0,0.010000,0,20
2631,20,80.00,-20.00,0,0.010000,0,0
2632,20,80.00,-20.00,0,0.010000,0,0
2633,20,80.00,20.00,0,0.010000,9,0
2634,20,-69.00,126.00,0,0.010000,1,0
2635,20,80.00,-30.00,0,0.010000,1,0
2636,2,8.00,89.00,1,0.010000,0,0
2637,20,20.00,126.00,0,0.010000,9,1
2638,20,-109.00,126.00,0,0.010000,11,0
2639,20,80.00,-30.00,0,0.010000,1,0
2640,20,80.00,-20.00,0,0.010000,0,20
2641,20,80.00,-20.00,0,0.010000,0,0
2642,20,80.00,-115.00,0,0.010000,0,19
2643,20,34.00,148.00,0,0.010000,18,0
2644,20,-69.00,126.00,0,0.010000,1,0
2645,20,80.00,-30.00,0,0.010000,1,0
2646,2,8.00,89.00,1,0.010000,0,0
2647,20,80.00,-20.00,0,0.010000,0,0
2648,20,-109.00,126.00,0,0.010000,11,0
2649,20,80.00,-30.00,0,0.010000,1,0
2650,20,80.00,-20.00,0,0.010000,0,20
2651,20,80.00,-20.00,0,0.010000,0,0
2652,20,180.00,-100.00,0,0.010000,15,2
2653,20,80.00,10.00,0,0.010000,10,0
2654,20,-69.00,126.00,0,0.010000,1,0
2655,20,80.00,-50.00,0,0.010000,3,0
2656,2,8.00,89.00,1,0.010000,0,0
2657,20,-46.00,42.00,0,0.010000,19,1
2658,20,-109.00,118.00,0,0.010000,11,0
2659,20,80.00,-30.00,0,0.010000,1,0
2660,20,80.00,-20.00,0,0.010000,0,20
2661,20,80.00,-20.00,0,0.010000,0,0
2662,20,-30.00,80.00,0,0.010000,1,0
2663,20,80.00,-120.00,0,0.010000,1,18
2664,20,-69.00,126.00,0,0.010000,1,0
2665,20,80.00,-30.00,0,0.010000,1,0
2666,2,8.00,89.00,1,0.010000,0,0
2667,20,126.00,-125.00,0,0.010000,1,19
2668,20,-109.00,126.00,0,0.010000,11,0
2669,20,80.00,-30.00,0,0.010000,1,0
2670,20,80.00,-20.00,0,0.010000,0,20
2671,20,80.00,-20.00,0,0.010000,0,0
2672,20,111.00,-120.00,0,0.010000,2,18
2673,20,111.00,-120.00,0,0.010000,2,18
2674,20,-69.00,126.00,0,0.010000,1,0
2675,20,80.00,-30.00,0,0.010000,1,0
2676,2,8.00,89.00,1,0.010000,0,0
2677,20,80.00,-115.00,0,0.010000,0,19
2678,20,-69.00,126.00,0,0.010000,10,1
2679,20,80.00,-50.00,0,0.010000,3,0
2680,20,80.00,-20.00,0,0.010000,0,20
2681,20,80.00,-20.00,0,0.010000,0,0
2682,20,80.00,-30.00,0,0.010000,1,0
2683,20,-69.00,126.00,0,0.010000,1,0
2684,20,-69.00,126.00,0,0.010000,1,0
2685,20,80.00,-30.00,0,0.010000,1,0
2686,2,8.00,89.00,1,0.010000,0,0
2687,20,8.00,-17.00,0,0.010000,19,2
2688,20,-109.00,126.00,0,0.010000,11,0
2689,20,80.00,-30.00,0,0.010000,1,0
2690,20,80.00,-20.00,0,0.010000,0,20
2691,20,80.00,-20.00,0,0.010000,0,0
2692,1,4.00,50.00,1,0.010000,0,0
2693,20,80.00,-30.00,0,0.010000,1,0
2694,20,-69.00,126.00,0,0.010000,1,0
2695,20,80.00,-30.00,0,0.010000,1,0
2696,2,8.00,89.00,1,0.010000,0,0
2697,20,80.00,-20.00,0,0.010000,10,0
2698,20,-109.00,126.00,0,0.010000,11,0
2699,20,80.00,-30.00,0,0.010000,1,0
2700,20,80.00,-20.00,0,0.010000,0,20
2701,20,80.00,-20.00,0,0.010000,0,0
2702,20,80.00,-30.00,0,0.010000,1,0
2703,20,72.00,-130.00,0,0.010000,2,18
2704,20,-69.00,126.00,0,0.010000,1,0
2705,20,80.00,-40.00,0,0.010000,2,1
2706,2,8.00,89.00,1,0.010000,0,0
2707,1,4.00,50.00,1,0.010000,0,0
2708,20,-109.00,126.00,0,0.010000,11,0
2709,20,80.00,-30.00,0,0.010000,1,1
2710,20,80.00,-20.00,0,0.010000,0,20
2711,20,80.00,-20.00,0,0.010000,0,0
2712,20,43.00,-5.00,0,0.010000,19,1
2713,20,80.00,-20.00,0,0.010000,10,0
2714,20,-69.00,126.00,0,0.010000,1,0
2715,20,80.00,-35.00,0,0.010000,1,1
2716,2,8.00,89.00,1,0.010000,0,0
2717,0,0.00,0.00,1,0.010000,0,0
2718,20,-109.00,126.00,0,0.010000,11,0
2719,20,80.00,-30.00,0,0.010000,1,0
2720,20,80.00,-20.00,0,0.010000,0,20
2721,20,80.00,-25.00,0,0.010000,0,1
2722,1,4.00,50.00,1,0.010000,0,0
2723,0,0.00,0.00,1,0.010000,0,0
2724,20,-69.00,126.00,0,0.010000,1,0
2725,20,80.00,-30.00,0,0.010000,1,0
2726,2,8.00,89.00,1,0.010000,0,0
2727,20,-30.00,72.00,0,0.010000,3,0
2728,20,-109.00,126.00,0,0.010000,11,0
2729,20,80.00,-30.00,0,0.010000,1,0
2730,20,80.00,-20.00,0,0.010000,0,20
2731,20,80.00,-20.00,0,0.010000,0,0
2732,20,80.00,-30.00,0,0.010000,1,0
2733,20,0.00,0.00,0,0.010000,20,0
2734,20,-69.00,126.00,0,0.010000,1,0
2735,20,80.00,-30.00,0,0.010000,1,0
2736,2,8.00,89.00,1,0.010000,0,0
2737,20,80.00,20.00,0,0.010000,9,0
2738,20,-109.00,126.00,0,0.010000,11,0
2739,20,80.00,-30.00,0,0.010000,1,0
2740,20,80.00,-20.00,0,0.010000,0,20
2741,20,80.00,-20.00,0,0.010000,0,0
2742,1,4.00,50.00,1,0.010000,0,0
2743,20,43.00,-8.00,0,0.010000,19,1
2744,20,-69.00,126.00,0,0.010000,1,0
2745,20,80.00,-30.00,0,0.010000,1,0
2746,2,8.00,89.00,1,0.010000,0,0
2747,20,80.00,-40.00,0,0.010000,2,0
2748,20,-129.00,126.00,0,0.010000,12,2
2749,20,80.00,-30.00,0,0.010000,1,1
2750,20,80.00,-20.00,0,0.010000,0,20
2751,20,80.00,-20.00,0,0.010000,0,0
2752,20,80.00,-40.00,0,0.010000,2,0
2753,20,121.00,-40.00,0,0.010000,2,0
2754,20,-69.00,126.00,0,0.010000,1,0
2755,20,80.00,-30.00,0,0.010000,1,0
2756,2,8.00,89.00,1,0.010000,0,0
2757,20,80.00,-20.00,0,0.010000,1,0
2758,20,-109.00,126.00,0,0.010000,11,0
2759,20,80.00,-30.00,0,0.010000,1,0
2760,20,80.00,-20.00,0,0.010000,0,20
2761,20,80.00,-20.00,0,0.010000,0,0
2762,20,80.00,-30.00,0,0.010000,1,0
2763,20,89.00,-44.00,0,0.010000,19,0
2764,20,-69.00,126.00,0,0.010000,1,0
2765,20,80.00,-30.00,0,0.010000,1,0
2766,2,8.00,89.00,1,0.010000,0,0
2767,20,80.00,-115.00,0,0.010000,0,19
2768,20,-109.00,126.00,0,0.010000,11,0
2769,20,80.00,-50.00,0,0.010000,3,1
2770,20,80.00,-20.00,0,0.010000,0,20
2771,20,80.00,-20.00,0,0.010000,0,0
2772,20,80.00,-30.00,0,0.010000,1,0
2773,20,80.00,-115.00,0,0.010000,1,18
2774,20,-69.00,126.00,0,0.010000,1,0
2775,20,80.00,-30.00,0,0.010000,1,0
2776,2,8.00,89.00,1,0.010000,0,0
2777,20,45.00,140.00,0,0.010000,20,0
2778,20,-109.00,126.00,0,0.010000,11,0
2779,20,80.00,-30.00,0,0.010000,1,0
2780,20,80.00,-20.00,0,0.010000,0,20
2781,20,80.00,-20.00,0,0.010000,0,0
2782,20,80.00,-30.00,0,0.010000,1,0
2783,0,0.00,0.00,1,0.010000,0,0
2784,20,-69.00,126.00,0,0.010000,1,0
2785,20,80.00,-30.00,0,0.010000,1,0
2786,2,8.00,89.00,1,0.010000,0,0
2787,0,0.00,0.00,1,0.010000,0,0
2788,20,-109.00,126.00,0,0.010000,11,0
2789,20,80.00,-30.00,0,0.010000,1,0
2790,20,72.00,-18.00,0,0.010000,2,18
2791,20,80.00,-20.00,0,0.010000,0,0
2792,20,-68.00,118.00,0,0.010000,12,0
2793,20,-20.00,80.00,0,0.010000,10,0
2794,20,-69.00,126.00,0,0.010000,1,0
2795,20,80.00,-50.00,0,0.010000,3,0
2796,2,8.00,89.00,1,0.010000,0,0
2797,20,80.00,-20.00,0,0.010000,1,0
2798,20,-109.00,126.00,0,0.010000,11,0
2799,20,80.00,-35.00,0,0.010000,1,1
2800,20,80.00,-20.00,0,0.010000,0,20
2801,20,80.00,-20.00,0,0.010000,0,0
2802,20,82.00,-59.00,0,0.010000,18,1
2803,20,85.00,-80.00,0,0.010000,13,4
2804,20,-69.00,126.00,0,0.010000,1,0
2805,20,80.00,-30.00,0,0.010000,1,0
2806,2,8.00,89.00,1,0.010000,0,0
2807,20,80.00,-120.00,0,0.010000,0,20
2808,20,-109.00,126.00,0,0.010000,11,0
2809,20,80.00,-30.00,0,0.010000,1,0
2810,20,80.00,-20.00,0,0.010000,0,20
2811,20,80.00,-20.00,0,0.010000,0,0
2812,20,0.00,-2.00,0,0.010000,20,0
2813,20,45.00,150.00,0,0.010000,19,0
2814,20,-69.00,126.00,0,0.010000,1,0
2815,20,80.00,-30.00,0,0.010000,1,0
2816,2,8.00,89.00,1,0.010000,0,0
2817,20,126.00,-29.00,0,0.010000,1,0
2818,20,-109.00,126.00,0,0.010000,11,0
2819,20,80.00,-30.00,0,0.010000,1,0
2820,20,80.00,-30.00,0,0.010000,1,20
2821,20,80.00,-20.00,0,0.010000,0,0
2822,2,8.00,89.00,1,0.010000,0,0
2823,1,4.00,50.00,1,0.010000,0,0
2824,20,-69.00,126.00,0,0.010000,1,0
2825,20,80.00,-30.00,0,0.010000,1,0
2826,2,8.00,89.00,1,0.010000,0,0
2827,20,80.00,-20.00,0,0.010000,10,0
2828,20,-109.00,126.00,0,0.010000,11,0
2829,20,80.00,-30.00,0,0.010000,1,0
2830,20,80.00,-20.00,0,0.010000,0,20
2831,20,80.00,-30.00,0,0.010000,1,1
2832,20,80.00,-30.00,0,0.010000,1,0
2833,20,56.00,-80.00,0,0.010000,14,4
2834,20,-69.00,126.00,0,0.010000,1,0
2835,20,80.00,-50.00,0,0.010000,3,0
2836,2,8.00,89.00,1,0.010000,0,0
2837,20,54.00,-56.00,0,0.010000,19,1
2838,20,-109.00,126.00,0,0.010000,11,0
2839,20,80.00,-40.00,0,0.010000,2,1
2840,20,80.00,-20.00,0,0.010000,0,20
2841,20,80.00,-30.00,0,0.010000,1,1
2842,1,4.00,50.00,1,0.010000,0,0
2843,20,134.00,100.00,0,0.010000,19,0
2844,20,-69.00,126.00,0,0.010000,1,0
2845,20,80.00,-30.00,0,0.010000,1,0
2846,2,8.00,89.00,1,0.010000,0,0
2847,20,83.00,-115.00,0,0.010000,15,3
2848,20,-109.00,118.00,0,0.010000,11,0
2849,20,80.00,-30.00,0,0.010000,1,0
2850,20,80.00,-25.00,0,0.010000,0,20
2851,20,80.00,-20.00,0,0.010000,0,0
2852,20,116.00,-64.00,0,0.010000,1,19
2853,20,80.00,-30.00,0,0.010000,2,1
2854,20,-69.00,126.00,0,0.010000,1,0
2855,20,80.00,-30.00,0,0.010000,1,0
2856,2,8.00,89.00,1,0.010000,0,0
2857,20,75.00,89.00,0,0.010000,20,1
2858,20,-109.00,126.00,0,0.010000,11,0
2859,20,80.00,-30.00,0,0.010000,1,0
2860,20,80.00,-20.00,0,0.010000,0,20
2861,20,80.00,-20.00,0,0.010000,0,0
2862,1,4.00,50.00,1,0.010000,0,0
2863,20,80.00,-70.00,0,0.010000,11,1
2864,20,-69.00,126.00,0,0.010000,1,0
2865,20,80.00,-30.00,0,0.010000,1,0
2866,2,8.00,89.00,1,0.010000,0,0
2867,20,-20.00,80.00,0,0.010000,0,0
2868,20,-109.00,126.00,0,0.010000,11,0
2869,20,80.00,-30.00,0,0.010000,1,0
2870,20,80.00,-20.00,0,0.010000,0,20
2871,20,80.00,-45.00,0,0.010000,2,1
2872,20,67.00,-51.00,0,0.010000,19,1
2873,20,80.00,-120.00,0,0.010000,0,20
2874,20,-69.00,126.00,0,0.010000,1,0
2875,20,80.00,-30.00,0,0.010000,1,0
2876,2,8.00,89.00,1,0.010000,0,0
2877,20,80.00,-30.00,0,0.010000,1,0
2878,20,-109.00,126.00,0,0.010000,11,0
2879,20,80.00,-30.00,0,0.010000,1,0
2880,20,80.00,-20.00,0,0.010000,0,20
2881,20,80.00,-20.00,0,0.010000,0,0
2882,0,0.00,0.00,1,0.010000,0,0
2883,20,0.00,0.00,0,0.010000,20,0
2884,20,-69.00,126.00,0,0.010000,1,0
2885,20,80.00,-30.00,0,0.010000,1,0
2886,2,8.00,89.00,1,0.010000,0,0
2887,20,80.00,-115.00,0,0.010000,0,19
2888,20,-74.00,126.00,0,0.010000,10,1
2889,20,80.00,-30.00,0,0.010000,1,0
2890,20,80.00,-20.00,0,0.010000,0,20
2891,20,80.00,-20.00,0,0.010000,0,0
2892,0,0.00,0.00,1,0.010000,0,0
2893,20,0.00,0.00,0,0.010000,20,0
2894,20,-69.00,126.00,0,0.010000,1,0
2895,20,80.00,-30.00,0,0.010000,1,0
2896,2,8.00,89.00,1,0.010000,0,0
2897,20,83.00,100.00,0,0.010000,19,1
2898,20,-109.00,126.00,0,0.010000,11,0
2899,20,80.00,-30.00,0,0.010000,1,0
2900,20,80.00,-30.00,0,0.010000,1,20
2901,20,80.00,-20.00,0,0.010000,0,0
2902,20,57.00,-125.00,0,0.010000,3,17
2903,20,-60.00,118.00,0,0.010000,3,0
2904,20,-69.00,126.00,0,0.010000,1,0
2905,20,80.00,-30.00,0,0.010000,1,0
2906,2,8.00,89.00,1,0.010000,0,0
2907,20,172.00,22.00,0,0.010000,1,0
2908,20,-109.00,126.00,0,0.010000,11,0
2909,20,80.00,-30.00,0,0.010000,1,0
2910,20,67.00,-23.00,0,0.010000,3,16
2911,20,80.00,-20.00,0,0.010000,0,0
2912,2,8.00,89.00,1,0.010000,0,0
2913,2,8.00,39.00,1,0.010000,1,0
2914,20,-69.00,126.00,0,0.010000,1,0
2915,20,80.00,-30.00,0,0.010000,1,0
2916,2,8.00,89.00,1,0.010000,0,0
2917,20,80.00,-20.00,0,0.010000,1,0
2918,20,-109.00,126.00,0,0.010000,11,0
2919,20,80.00,-30.00,0,0.010000,1,0
2920,20,80.00,-20.00,0,0.010000,0,20
2921,20,80.00,-20.00,0,0.010000,0,1
2922,20,80.00,-120.00,0,0.010000,1,18
2923,20,-20.00,80.00,0,0.010000,10,0
2924,20,-69.00,126.00,0,0.010000,1,0
2925,20,80.00,-40.00,0,0.010000,2,1
2926,2,8.00,89.00,1,0.010000,0,0
2927,20,80.00,-30.00,0,0.010000,1,0
2928,20,-124.00,126.00,0,0.010000,11,2
2929,20,80.00,-30.00,0,0.010000,1,0
2930,20,80.00,-30.00,0,0.010000,1,20
2931,20,80.00,-20.00,0,0.010000,0,0
2932,20,80.00,-30.00,0,0.010000,1,0
2933,20,80.00,-20.00,0,0.010000,0,0
2934,20,-69.00,126.00,0,0.010000,1,0
2935,20,80.00,-30.00,0,0.010000,1,0
2936,2,8.00,89.00,1,0.010000,0,0
2937,1,50.00,50.00,1,0.010000,0,0
2938,20,-109.00,126.00,0,0.010000,11,0
2939,20,80.00,-30.00,0,0.010000,1,0
2940,20,80.00,-20.00,0,0.010000,0,20
2941,20,80.00,-20.00,0,0.010000,0,0
2942,20,185.00,-95.00,0,0.010000,14,3
2943,1,50.00,50.00,1,0.010000,0,0
2944,20,-69.00,126.00,0,0.010000,1,0
2945,20,80.00,-30.00,0,0.010000,1,0
2946,2,8.00,89.00,1,0.010000,0,0
2947,0,0.00,0.00,1,0.010000,0,0
2948,20,-109.00,126.00,0,0.010000,11,0
2949,20,80.00,-30.00,0,0.010000,1,0
2950,20,80.00,-20.00,0,0.010000,0,20
2951,20,80.00,-40.00,0,0.010000,2,0
2952,20,126.00,-39.00,0,0.010000,2,1
2953,20,0.00,0.00,0,0.010000,20,0
2954,20,-69.00,126.00,0,0.010000,1,0
2955,20,80.00,-50.00,0,0.010000,3,0
2956,2,8.00,89.00,1,0.010000,0,0
2957,20,80.00,-20.00,0,0.010000,0,0
2958,20,-109.00,126.00,0,0.010000,11,0
2959,20,80.00,-50.00,0,0.010000,3,0
2960,20,80.00,-20.00,0,0.010000,0,20
2961,20,80.00,-20.00,0,0.010000,0,0
2962,20,80.00,-20.00,0,0.010000,0,0
2963,20,-69.00,126.00,0,0.010000,1,0
2964,20,-69.00,126.00,0,0.010000,1,0
2965,20,80.00,-30.00,0,0.010000,1,0
2966,2,8.00,89.00,1,0.010000,0,0
2967,20,80.00,-20.00,0,0.010000,0,0
2968,20,-109.00,126.00,0,0.010000,11,0
2969,20,80.00,-30.00,0,0.010000,1,0
2970,20,80.00,-20.00,0,0.010000,0,20
2971,20,80.00,-20.00,0,0.010000,0,0
2972,20,80.00,-40.00,0,0.010000,2,1
2973,20,-46.00,44.00,0,0.010000,19,1
2974,20,-69.00,126.00,0,0.010000,1,0
2975,20,80.00,-30.00,0,0.010000,1,0
2976,2,8.00,89.00,1,0.010000,0,0
2977,20,80.00,-115.00,0,0.010000,0,19
2978,20,-109.00,126.00,0,0.010000,11,0
2979,20,80.00,-50.00,0,0.010000,3,0
2980,20,80.00,-20.00,0,0.010000,0,20
2981,20,80.00,-20.00,0,0.010000,0,0
2982,20,0.00,39.00,0,0.010000,20,0
2983,20,80.00,20.00,0,0.010000,9,0
2984,20,-67.00,118.00,0,0.010000,3,0
2985,20,80.00,-30.00,0,0.010000,1,0
2986,2,8.00,89.00,1,0.010000,0,0
2987,20,80.00,-20.00,0,0.010000,0,0
2988,20,-109.00,126.00,0,0.010000,11,0
2989,20,80.00,-30.00,0,0.010000,1,0
2990,20,72.00,-18.00,0,0.010000,2,18
2991,20,80.00,-45.00,0,0.010000,1,3
2992,20,0.00,-2.00,0,0.010000,20,0
2993,20,-109.00,126.00,0,0.010000,11,0
2994,20,-69.00,126.00,0,0.010000,1,0
2995,20,80.00,-30.00,0,0.010000,1,0
2996,2,8.00,89.00,1,0.010000,0,0
2997,20,80.00,-30.00,0,0.010000,1,0
2998,20,-109.00,126.00,0,0.010000,11,0
2999,20,80.00,-40.00,0,0.010000,2,1
3000,20,80.00,-20.00,0,0.010000,0,20
3001,20,80.00,-20.00,0,0.010000,0,0
3002,20,45.00,140.00,0,0.010000,20,0
3003,20,180.00,-95.00,0,0.010000,14,3
3004,20,-69.00,126.00,0,0.010000,1,0
3005,20,80.00,-30.00,0,0.010000,1,0
3006,2,8.00,89.00,1,0.010000,0,0
3007,0,0.00,0.00,1,0.010000,0,0
3008,20,-109.00,126.00,0,0.010000,11,0
3009,20,80.00,-30.00,0,0.010000,1,0
3010,20,80.00,-30.00,0,0.010000,1,20
3011,20,80.00,-20.00,0,0.010000,0,0
3012,20,0.00,0.00,0,0.010000,20,0
3013,0,0.00,0.00,1,0.010000,0,0
3014,20,-69.00,126.00,0,0.010000,1,0
3015,20,80.00,-30.00,0,0.010000,1,0
3016,2,8.00,89.00,1,0.010000,0,0
3017,20,80.00,-30.00,0,0.010000,1,0
3018,20,-109.00,126.00,0,0.010000,11,0
3019,20,80.00,-30.00,0,0.010000,1,0
3020,20,80.00,-20.00,0,0.010000,0,20
3021,20,80.00,-20.00,0,0.010000,0,0
3022,20,80.00,-20.00,0,0.010000,0,20
3023,20,-46.00,49.00,0,0.010000,19,1
3024,20,-69.00,126.00,0,0.010000,1,0
3025,20,80.00,-30.00,0,0.010000,1,0
3026,2,8.00,89.00,1,0.010000,0,0
3027,20,54.00,-56.00,0,0.010000,19,1
3028,20,-109.00,126.00,0,0.010000,11,0
3029,20,80.00,-50.00,0,0.010000,3,1
3030,20,80.00,-20.00,0,0.010000,0,20
3031,20,80.00,-20.00,0,0.010000,0,0
3032,20,80.00,-125.00,0,0.010000,1,19
3033,20,80.00,-40.00,0,0.010000,2,0
3034,20,-69.00,126.00,0,0.010000,1,0
3035,20,80.00,-30.00,0,0.010000,1,0
3036,2,8.00,89.00,1,0.010000,0,0
3037,20,80.00,-70.00,0,0.010000,11,1
3038,20,-109.00,126.00,0,0.010000,11,0
3039,20,80.00,-30.00,0,0.010000,1,0
3040,20,80.00,-20.00,0,0.010000,0,20
3041,20,80.00,-20.00,0,0.010000,0,0
3042,20,0.00,0.00,0,0.010000,20,0
3043,20,80.00,-30.00,0,0.010000,1,0
3044,20,-69.00,126.00,0,0.010000,1,0
3045,20,80.00,-30.00,0,0.010000,1,0
3046,2,8.00,89.00,1,0.010000,0,0
3047,1,4.00,50.00,1,0.010000,0,0
3048,20,-109.00,126.00,0,0.010000,11,0
3049,20,80.00,-35.00,0,0.010000,1,1
3050,20,80.00,-20.00,0,0.010000,0,20
3051,20,80.00,-20.00,0,0.010000,0,0
3052,0,0.00,0.00,1,0.010000,0,0
3053,20,80.00,-120.00,0,0.010000,0,20
3054,20,-69.00,126.00,0,0.010000,1,0
3055,20,80.00,-30.00,0,0.010000,1,0
3056,2,8.00,89.00,1,0.010000,0,0
3057,20,45.00,140.00,0,0.010000,20,0
3058,20,-74.00,126.00,0,0.010000,10,1
3059,20,80.00,-30.00,0,0.010000,1,0
3060,20,80.00,-20.00,0,0.010000,0,20
3061,20,80.00,-20.00,0,0.010000,0,0
3062,20,-60.00,126.00,0,0.010000,10,0
3063,20,80.00,-20.00,0,0.010000,0,0
3064,20,-69.00,126.00,0,0.010000,1,0
3065,20,80.00,-30.00,0,0.010000,1,0
3066,2,8.00,89.00,1,0.010000,0,0
3067,20,80.00,-20.00,0,0.010000,0,0
3068,20,-109.00,126.00,0,0.010000,11,0
3069,20,80.00,-30.00,0,0.010000,1,0
3070,20,80.00,-20.00,0,0.010000,0,20
3071,20,80.00,-95.00,0,0.010000,1,13
3072,20,80.00,-30.00,0,0.010000,1,0
3073,20,0.00,0.00,0,0.010000,20,0
3074,20,-69.00,126.00,0,0.010000,1,0
3075,20,80.00,-30.00,0,0.010000,1,0
3076,2,8.00,89.00,1,0.010000,0,0
3077,1,4.00,50.00,1,0.010000,0,0
3078,20,-109.00,126.00,0,0.010000,11,0
3079,20,80.00,-30.00,0,0.010000,1,0
3080,20,80.00,-20.00,0,0.010000,0,20
3081,20,80.00,-20.00,0,0.010000,0,0
3082,20,80.00,-30.00,0,0.010000,1,0
3083,0,0.00,0.00,1,0.010000,0,0
3084,20,-69.00,126.00,0,0.010000,1,0
3085,20,80.00,-30.00,0,0.010000,1,1
3086,2,8.00,89.00,1,0.010000,0,0
3087,20,67.00,-13.00,0,0.010000,2,17
3088,20,-109.00,126.00,0,0.010000,11,0
3089,20,80.00,-30.00,0,0.010000,1,0
3090,20,80.00,-20.00,0,0.010000,0,20
3091,20,80.00,-20.00,0,0.010000,0,0
3092,20,80.00,-30.00,0,0.010000,1,0
3093,20,80.00,20.00,0,0.010000,0,0
3094,20,-69.00,126.00,0,0.010000,1,0
3095,20,80.00,-30.00,0,0.010000,1,0
3096,2,8.00,89.00,1,0.010000,0,0
3097,20,-58.00,72.00,0,0.010000,11,1
3098,20,-74.00,126.00,0,0.010000,10,1
3099,20,80.00,-30.00,0,0.010000,1,0
3100,20,80.00,-20.00,0,0.010000,0,20
3101,20,80.00,-20.00,0,0.010000,0,0
3102,1,4.00,50.00,1,0.010000,0,0
3103,20,-20.00,72.00,0,0.010000,2,0
3104,20,-69.00,126.00,0,0.010000,1,0
3105,20,80.00,-30.00,0,0.010000,1,0
3106,2,8.00,89.00,1,0.010000,0,0
3107,0,0.00,0.00,1,0.010000,0,0
3108,20,-69.00,126.00,0,0.010000,10,1
3109,20,80.00,-30.00,0,0.010000,1,0
3110,20,80.00,-20.00,0,0.010000,0,20
3111,20,80.00,-20.00,0,0.010000,0,0
3112,20,80.00,-45.00,0,0.010000,2,1
3113,20,80.00,-30.00,0,0.010000,10,1
3114,20,-69.00,126.00,0,0.010000,1,0
3115,20,80.00,-40.00,0,0.010000,2,1
3116,2,8.00,89.00,1,0.010000,0,0
3117,20,45.00,140.00,0,0.010000,20,0
3118,20,-109.00,126.00,0,0.010000,11,0
3119,20,80.00,-30.00,0,0.010000,1,0
3120,20,80.00,-20.00,0,0.010000,0,20
3121,20,80.00,-20.00,0,0.010000,0,0
3122,20,0.00,0.00,0,0.010000,20,0
3123,2,8.00,89.00,1,0.010000,0,0
3124,20,-69.00,126.00,0,0.010000,1,0
3125,20,80.00,-30.00,0,0.010000,1,0
3126,2,8.00,89.00,1,0.010000,0,0
3127,20,45.00,140.00,0,0.010000,20,0
3128,20,-109.00,126.00,0,0.010000,11,0
3129,20,80.00,-30.00,0,0.010000,1,0
3130,20,80.00,-20.00,0,0.010000,0,20
3131,20,80.00,-20.00,0,0.010000,0,0
3132,20,-25.00,80.00,0,0.010000,0,1
3133,20,80.00,-20.00,0,0.010000,10,0
3134,20,-69.00,126.00,0,0.010000,1,0
3135,20,80.00,-30.00,0,0.010000,1,0
3136,2,8.00,89.00,1,0.010000,0,0
3137,20,111.00,-30.00,0,0.010000,2,0
3138,20,-109.00,126.00,0,0.010000,11,0
3139,20,80.00,-30.00,0,0.010000,1,0
3140,20,80.00,-20.00,0,0.010000,0,20
3141,20,80.00,-20.00,0,0.010000,0,0
3142,20,80.00,-20.00,0,0.010000,10,0
3143,2,8.00,89.00,1,0.010000,0,0
3144,20,-69.00,118.00,0,0.010000,3,0
3145,20,80.00,-30.00,0,0.010000,1,0
3146,2,8.00,89.00,1,0.010000,0,0
3147,20,0.00,7.00,0,0.010000,20,0
3148,20,-109.00,126.00,0,0.010000,11,0
3149,20,80.00,-40.00,0,0.010000,2,1
3150,20,80.00,-20.00,0,0.010000,0,20
3151,20,80.00,-20.00,0,0.010000,0,0
3152,20,8.00,-12.00,0,0.010000,18,2
3153,20,80.00,-60.00,0,0.010000,10,0
3154,20,-69.00,126.00,0,0.010000,1,0
3155,20,80.00,-30.00,0,0.010000,1,0
3156,2,8.00,89.00,1,0.010000,0,0
3157,20,45.00,189.00,0,0.010000,19,0
3158,20,-109.00,126.00,0,0.010000,11,0
3159,20,80.00,-30.00,0,0.010000,1,0
3160,20,80.00,-20.00,0,0.010000,0,20
3161,20,80.00,-20.00,0,0.010000,0,0
3162,20,80.00,-30.00,0,0.010000,1,0
3163,20,80.00,20.00,0,0.010000,9,0
3164,20,-69.00,126.00,0,0.010000,1,0
3165,20,80.00,-40.00,0,0.010000,2,1
3166,2,8.00,89.00,1,0.010000,0,0
3167,20,80.00,-30.00,0,0.010000,1,0
3168,20,-109.00,126.00,0,0.010000,11,0
3169,20,80.00,-30.00,0,0.010000,1,0
3170,20,80.00,-20.00,0,0.010000,0,20
3171,20,80.00,-20.00,0,0.010000,0,0
3172,1,4.00,50.00,1,0.010000,0,0
3173,20,80.00,-20.00,0,0.010000,0,0
3174,20,-69.00,126.00,0,0.010000,1,0
3175,20,80.00,-30.00,0,0.010000,1,0
3176,2,8.00,89.00,1,0.010000,0,0
3177,20,172.00,-105.00,0,0.010000,14,3
3178,20,-64.00,116.00,0,0.010000,10,1
3179,20,80.00,-30.00,0,0.010000,1,0
3180,20,80.00,-20.00,0,0.010000,0,20
3181,20,80.00,-20.00,0,0.010000,0,0
3182,20,80.00,-120.00,0,0.010000,0,20
3183,20,80.00,-30.00,0,0.010000,1,0
3184,20,-79.00,126.00,0,0.010000,2,1
3185,20,80.00,-30.00,0,0.010000,1,0
3186,2,8.00,89.00,1,0.010000,0,0
3187,20,45.00,140.00,0,0.010000,20,0
3188,20,-109.00,126.00,0,0.010000,11,0
3189,20,80.00,-30.00,0,0.010000,1,0
3190,20,80.00,-20.00,0,0.010000,0,20
3191,20,80.00,-20.00,0,0.010000,0,0
3192,20,-109.00,126.00,0,0.010000,11,0
3193,20,80.00,-30.00,0,0.010000,1,0
3194,20,-69.00,126.00,0,0.010000,1,0
3195,20,80.00,-30.00,0,0.010000,1,0
3196,2,8.00,89.00,1,0.010000,0,0
3197,20,80.00,-115.00,0,0.010000,0,20
3198,20,-109.00,126.00,0,0.010000,11,0
3199,20,80.00,-30.00,0,0.010000,1,0
3200,20,80.00,-20.00,0,0.010000,0,20
3201,20,80.00,-40.00,0,0.010000,2,0
3202,20,80.00,-20.00,0,0.010000,0,0
3203,20,126.00,-39.00,0,0.010000,2,1
3204,20,-69.00,126.00,0,0.010000,1,0
3205,20,80.00,-35.00,0,0.010000,1,1
3206,2,8.00,89.00,1,0.010000,0,0
3207,20,-20.00,80.00,0,0.010000,10,0
3208,20,-109.00,126.00,0,0.010000,11,0
3209,20,80.00,-30.00,0,0.010000,1,0
3210,20,80.00,-20.00,0,0.010000,0,20
3211,20,80.00,-20.00,0,0.010000,0,0
3212,20,-38.00,27.00,0,0.010000,18,2
3213,20,65.00,-70.00,0,0.010000,15,5
3214,20,-69.00,126.00,0,0.010000,1,0
3215,20,80.00,-30.00,0,0.010000,1,0
3216,2,8.00,89.00,1,0.010000,0,0
3217,20,45.00,140.00,0,0.010000,20,0
3218,20,-109.00,126.00,0,0.010000,11,0
3219,20,80.00,-35.00,0,0.010000,1,2
3220,20,80.00,-20.00,0,0.010000,0,20
3221,20,80.00,-20.00,0,0.010000,0,0
3222,1,4.00,50.00,1,0.010000,0,0
3223,20,80.00,-20.00,0,0.010000,0,0
3224,20,-109.00,161.00,0,0.010000,2,0
3225,20,80.00,-30.00,0,0.010000,1,0
3226,2,8.00,89.00,1,0.010000,0,0
3227,20,126.00,-20.00,0,0.010000,0,0
3228,20,-109.00,126.00,0,0.010000,11,0
3229,20,80.00,-30.00,0,0.010000,1,0
3230,20,80.00,-20.00,0,0.010000,0,20
3231,20,80.00,-20.00,0,0.010000,0,0
3232,1,50.00,50.00,1,0.010000,0,0
3233,1,4.00,50.00,1,0.010000,0,0
3234,20,-69.00,126.00,0,0.010000,1,0
3235,20,80.00,-50.00,0,0.010000,3,0
3236,2,8.00,89.00,1,0.010000,0,0
3237,20,80.00,-30.00,0,0.010000,1,0
3238,20,-109.00,126.00,0,0.010000,11,0
3239,20,80.00,-30.00,0,0.010000,1,0
3240,20,72.00,-18.00,0,0.010000,2,18
3241,20,80.00,-20.00,0,0.010000,0,0
3242,2,8.00,89.00,1,0.010000,0,0
3243,20,80.00,-20.00,0,0.010000,0,0
3244,20,-69.00,126.00,0,0.010000,1,0
3245,20,80.00,-30.00,0,0.010000,1,0
3246,2,8.00,89.00,1,0.010000,0,0
3247,20,45.00,140.00,0,0.010000,20,0
3248,20,-109.00,126.00,0,0.010000,11,0
3249,20,80.00,-30.00,0,0.010000,1,0
3250,20,80.00,-20.00,0,0.010000,0,20
3251,20,80.00,-20.00,0,0.010000,0,0
3252,20,89.00,-52.00,0,0.010000,20,0
3253,20,-80.00,126.00,0,0.010000,3,0
3254,20,-69.00,126.00,0,0.010000,1,0
3255,20,80.00,-30.00,0,0.010000,1,0
3256,2,8.00,89.00,1,0.010000,0,0
3257,20,45.00,150.00,0,0.010000,19,0
3258,20,-109.00,126.00,0,0.010000,11,0
3259,20,80.00,-30.00,0,0.010000,1,0
3260,20,80.00,-20.00,0,0.010000,0,20
3261,20,80.00,-20.00,0,0.010000,0,0
3262,20,50.00,-105.00,0,0.010000,15,3
3263,20,80.00,-30.00,0,0.010000,1,1
3264,20,-69.00,126.00,0,0.010000,1,0
3265,20,80.00,-35.00,0,0.010000,1,1
3266,2,8.00,89.00,1,0.010000,0,0
3267,20,45.00,150.00,0,0.010000,19,0
3268,20,-109.00,126.00,0,0.010000,11,0
3269,20,80.00,-30.00,0,0.010000,1,0
3270,20,80.00,-25.00,0,0.010000,0,20
3271,20,80.00,-20.00,0,0.010000,0,0
3272,20,80.00,-80.00,0,0.010000,1,10
3273,20,28.00,-3.00,0,0.010000,19,0
3274,20,-69.00,126.00,0,0.010000,1,0
3275,20,80.00,-30.00,0,0.010000,1,0
3276,2,8.00,89.00,1,0.010000,0,0
3277,20,80.00,-20.00,0,0.010000,0,0
3278,20,-109.00,126.00,0,0.010000,11,0
3279,20,80.00,-30.00,0,0.010000,1,0
3280,20,80.00,-20.00,0,0.010000,0,20
3281,20,80.00,-20.00,0,0.010000,0,0
3282,20,80.00,-40.00,0,0.010000,2,0
3283,20,-60.00,110.00,0,0.010000,5,0
3284,20,-69.00,126.00,0,0.010000,1,0
3285,20,80.00,-30.00,0,0.010000,1,0
3286,2,8.00,89.00,1,0.010000,0,0
3287,20,126.00,-29.00,0,0.010000,1,0
3288,20,-79.00,126.00,0,0.010000,11,1
3289,20,80.00,-30.00,0,0.010000,1,0
3290,20,80.00,-20.00,0,0.010000,0,20
3291,20,80.00,-40.00,0,0.010000,2,0
3292,20,126.00,-29.00,0,0.010000,1,0
3293,20,80.00,-20.00,0,0.010000,10,0
3294,20,-89.00,126.00,0,0.010000,3,0
3295,20,80.00,-30.00,0,0.010000,1,0
3296,2,8.00,89.00,1,0.010000,0,0
3297,1,4.00,50.00,1,0.010000,0,0
3298,20,-109.00,126.00,0,0.010000,11,0
3299,20,80.00,-30.00,0,0.010000,1,0
3300,20,80.00,-20.00,0,0.010000,0,20
3301,20,80.00,-20.00,0,0.010000,0,0
3302,20,121.00,-105.00,0,0.010000,14,3
3303,20,111.00,-30.00,0,0.010000,2,0
3304,20,-69.00,126.00,0,0.010000,1,0
3305,20,80.00,-30.00,0,0.010000,1,0
3306,2,8.00,89.00,1,0.010000,0,0
3307,2,8.00,39.00,1,0.010000,1,0
3308,20,-109.00,126.00,0,0.010000,11,0
3309,20,80.00,-30.00,0,0.010000,1,0
3310,20,80.00,-20.00,0,0.010000,0,20
3311,20,80.00,-20.00,0,0.010000,0,0
3312,20,80.00,-60.00,0,0.010000,1,0
3313,20,80.00,20.00,0,0.010000,9,0
3314,20,-69.00,126.00,0,0.010000,1,0
3315,20,80.00,-30.00,0,0.010000,1,0
3316,2,8.00,89.00,1,0.010000,0,0
3317,20,121.00,-40.00,0,0.010000,2,0
3318,20,-109.00,126.00,0,0.010000,11,0
3319,20,80.00,-30.00,0,0.010000,1,0
3320,20,80.00,-20.00,0,0.010000,0,20
3321,20,80.00,-40.00,0,0.010000,2,0
3322,1,4.00,50.00,1,0.010000,0,0
3323,20,80.00,-35.00,0,0.010000,10,1
3324,20,-69.00,126.00,0,0.010000,1,1
3325,20,80.00,-30.00,0,0.010000,1,0
3326,2,8.00,89.00,1,0.010000,0,0
3327,20,-20.00,72.00,0,0.010000,2,0
3328,20,-109.00,126.00,0,0.010000,11,0
3329,20,80.00,-30.00,0,0.010000,1,0
3330,20,80.00,-20.00,0,0.010000,0,20
3331,20,80.00,-20.00,0,0.010000,0,0
3332,20,80.00,10.00,0,0.010000,10,1
3333,20,-20.00,80.00,0,0.010000,0,0
3334,20,-69.00,126.00,0,0.010000,1,0
3335,20,80.00,-40.00,0,0.010000,2,1
3336,2,8.00,89.00,1,0.010000,0,0
3337,20,80.00,-20.00,0,0.010000,0,0
3338,20,-109.00,126.00,0,0.010000,11,0
3339,20,80.00,-30.00,0,0.010000,1,0
3340,20,80.00,-20.00,0,0.010000,0,20
3341,20,80.00,-20.00,0,0.010000,0,0
3342,20,80.00,-30.00,0,0.010000,1,0
3343,20,45.00,150.00,0,0.010000,19,0
3344,20,-69.00,126.00,0,0.010000,1,0
3345,20,80.00,-30.00,0,0.010000,1,0
3346,2,8.00,89.00,1,0.010000,0,0
3347,0,0.00,0.00,1,0.010000,0,0
3348,20,-109.00,126.00,0,0.010000,11,0
3349,20,80.00,-35.00,0,0.010000,1,1
3350,20,80.00,-20.00,0,0.010000,0,20
3351,20,80.00,-20.00,0,0.010000,0,0
3352,20,-20.00,72.00,0,0.010000,2,0
3353,20,126.00,-74.00,0,0.010000,1,19
3354,20,-69.00,126.00,0,0.010000,1,0
3355,20,80.00,-30.00,0,0.010000,1,0
3356,2,8.00,89.00,1,0.010000,0,0
3357,20,80.00,-20.00,0,0.010000,0,0
3358,20,-109.00,126.00,0,0.010000,11,0
3359,20,80.00,-30.00,0,0.010000,1,0
3360,20,80.00,-20.00,0,0.010000,0,20
3361,20,80.00,-50.00,0,0.010000,3,1
3362,20,-20.00,72.00,0,0.010000,2,0
3363,20,97.00,-59.00,0,0.010000,18,2
3364,20,-69.00,126.00,0,0.010000,1,0
3365,20,80.00,-30.00,0,0.010000,1,0
3366,2,8.00,89.00,1,0.010000,0,0
3367,20,-18.00,72.00,0,0.010000,11,0
3368,20,-109.00,126.00,0,0.010000,11,0
3369,20,80.00,-30.00,0,0.010000,1,0
3370,20,80.00,-20.00,0,0.010000,0,20
3371,20,80.00,-20.00,0,0.010000,0,0
3372,0,0.00,0.00,1,0.010000,0,0
3373,20,80.00,-20.00,0,0.010000,0,0
3374,20,-69.00,126.00,0,0.010000,1,0
3375,20,80.00,-30.00,0,0.010000,1,0
3376,2,8.00,89.00,1,0.010000,0,0
3377,20,80.00,-20.00,0,0.010000,0,0
3378,20,-109.00,126.00,0,0.010000,11,0
3379,20,80.00,-30.00,0,0.010000,1,0
3380,20,80.00,-20.00,0,0.010000,0,20
3381,20,80.00,-20.00,0,0.010000,0,0
3382,20,80.00,20.00,0,0.010000,0,0
3383,20,80.00,-20.00,0,0.010000,10,0
3384,20,-69.00,126.00,0,0.010000,1,0
3385,20,80.00,-30.00,0,0.010000,1,0
3386,2,8.00,89.00,1,0.010000,0,0
3387,20,80.00,-20.00,0,0.010000,0,0
3388,20,-107.00,118.00,0,0.010000,12,0
3389,20,80.00,-30.00,0,0.010000,1,0
3390,20,80.00,-20.00,0,0.010000,0,20
3391,20,80.00,-20.00,0,0.010000,0,0
3392,20,-60.00,126.00,0,0.010000,1,0
3393,20,-79.00,126.00,0,0.010000,11,1
3394,20,-79.00,126.00,0,0.010000,2,1
3395,20,80.00,-30.00,0,0.010000,1,0
3396,2,8.00,89.00,1,0.010000,0,0
3397,20,-20.00,80.00,0,0.010000,0,0
3398,20,-109.00,126.00,0,0.010000,11,0
3399,20,80.00,-30.00,0,0.010000,1,0
3400,20,-14.00,31.00,0,0.010000,12,8
3401,20,80.00,-20.00,0,0.010000,0,0
3402,20,172.00,22.00,0,0.010000,2,1
3403,20,-20.00,80.00,0,0.010000,0,0
3404,20,-69.00,126.00,0,0.010000,1,0
3405,20,80.00,-30.00,0,0.010000,1,0
3406,2,8.00,89.00,1,0.010000,0,0
3407,20,80.00,-50.00,0,0.010000,3,0
3408,20,-109.00,126.00,0,0.010000,11,0
3409,20,80.00,-30.00,0,0.010000,1,0
3410,20,80.00,-20.00,0,0.010000,0,20
3411,20,80.00,-20.00,0,0.010000,0,0
3412,20,85.00,-85.00,0,0.010000,14,3
3413,20,89.00,-54.00,0,0.010000,20,0
3414,20,-69.00,126.00,0,0.010000,1,0
3415,20,80.00,-30.00,0,0.010000,1,0
3416,2,8.00,89.00,1,0.010000,0,0
3417,20,80.00,-20.00,0,0.010000,0,0
3418,20,-109.00,126.00,0,0.010000,11,0
3419,20,80.00,-30.00,0,0.010000,1,0
3420,20,80.00,-20.00,0,0.010000,0,20
3421,20,80.00,-25.00,0,0.010000,0,1
3422,20,45.00,140.00,0,0.010000,20,0
3423,20,80.00,10.00,0,0.010000,10,0
3424,20,-69.00,126.00,0,0.010000,1,0
3425,20,80.00,-30.00,0,0.010000,1,0
3426,2,8.00,89.00,1,0.010000,0,0
3427,20,45.00,140.00,0,0.010000,20,0
3428,20,-109.00,126.00,0,0.010000,11,0
3429,20,80.00,-30.00,0,0.010000,1,0
3430,20,80.00,-20.00,0,0.010000,0,20
3431,20,80.00,-20.00,0,0.010000,0,0
3432,20,54.00,-47.00,0,0.010000,19,1
3433,20,-20.00,80.00,0,0.010000,10,0
3434,20,-89.00,126.00,0,0.010000,3,0
3435,20,80.00,-30.00,0,0.010000,1,0
3436,2,8.00,89.00,1,0.010000,0,0
3437,20,126.00,-105.00,0,0.010000,14,4
3438,20,-79.00,126.00,0,0.010000,11,1
3439,20,80.00,-30.00,0,0.010000,1,0
3440,20,67.00,-23.00,0,0.010000,3,16
3441,20,80.00,-20.00,0,0.010000,0,0
3442,20,0.00,39.00,0,0.010000,20,0
3443,20,126.00,-29.00,0,0.010000,1,0
3444,20,-69.00,126.00,0,0.010000,1,0
3445,20,80.00,-30.00,0,0.010000,1,0
3446,2,8.00,89.00,1,0.010000,0,0
3447,20,0.00,9.00,0,0.010000,20,0
3448,20,-109.00,126.00,0,0.010000,11,0
3449,20,80.00,-30.00,0,0.010000,1,0
3450,20,80.00,-20.00,0,0.010000,0,20
3451,20,80.00,-20.00,0,0.010000,0,0
3452,0,0.00,0.00,1,0.010000,0,0
3453,20,80.00,-40.00,0,0.010000,2,0
3454,20,-69.00,126.00,0,0.010000,1,0
3455,20,80.00,-30.00,0,0.010000,1,0
3456,2,8.00,89.00,1,0.010000,0,0
3457,0,0.00,0.00,1,0.010000,0,0
3458,20,-109.00,126.00,0,0.010000,11,0
3459,20,80.00,-35.00,0,0.010000,1,1
3460,20,80.00,-20.00,0,0.010000,0,20
3461,20,80.00,-20.00,0,0.010000,0,0
3462,1,4.00,50.00,1,0.010000,0,0
3463,20,50.00,-90.00,0,0.010000,14,4
3464,20,-69.00,126.00,0,0.010000,1,0
3465,20,80.00,-30.00,0,0.010000,1,0
3466,2,8.00,89.00,1,0.010000,0,0
3467,0,0.00,0.00,1,0.010000,0,0
3468,20,-109.00,126.00,0,0.010000,11,0
3469,20,80.00,-30.00,0,0.010000,1,0
3470,20,80.00,-20.00,0,0.010000,0,20
3471,20,80.00,-25.00,0,0.010000,0,1
3472,20,80.00,-30.00,0,0.010000,1,0
3473,20,80.00,-70.00,0,0.010000,11,0
3474,20,-69.00,126.00,0,0.010000,1,0
3475,20,80.00,-30.00,0,0.010000,1,0
3476,2,8.00,89.00,1,0.010000,0,0
3477,20,-69.00,126.00,0,0.010000,1,0
3478,20,-109.00,126.00,0,0.010000,11,0
3479,20,80.00,-30.00,0,0.010000,1,0
3480,20,80.00,-20.00,0,0.010000,0,20
3481,20,80.00,-20.00,0,0.010000,0,0
3482,20,80.00,-20.00,0,0.010000,0,0
3483,20,67.00,-13.00,0,0.010000,2,17
3484,20,-69.00,126.00,0,0.010000,1,0
3485,20,80.00,-30.00,0,0.010000,1,0
3486,2,8.00,89.00,1,0.010000,0,0
3487,20,80.00,-30.00,0,0.010000,1,0
3488,20,-109.00,126.00,0,0.010000,11,0
3489,20,80.00,-30.00,0,0.010000,1,0
3490,20,80.00,-20.00,0,0.010000,0,20
3491,20,80.00,-20.00,0,0.010000,0,0
3492,20,-20.00,80.00,0,0.010000,10,0
3493,20,80.00,-20.00,0,0.010000,10,0
3494,20,-69.00,118.00,0,0.010000,3,1
3495,20,80.00,-30.00,0,0.010000,1,0
3496,2,8.00,89.00,1,0.010000,0,0
3497,20,80.00,-30.00,0,0.010000,1,0
3498,20,-109.00,126.00,0,0.010000,11,0
3499,20,80.00,-40.00,0,0.010000,2,1
3500,20,80.00,-20.00,0,0.010000,0,20
3501,20,80.00,-20.00,0,0.010000,0,0
3502,1,4.00,50.00,1,0.010000,0,0
3503,20,80.00,-20.00,0,0.010000,0,0
3504,20,-109.00,161.00,0,0.010000,2,0
3505,20,80.00,-30.00,0,0.010000,1,0
3506,2,8.00,89.00,1,0.010000,0,0
3507,20,80.00,-40.00,0,0.010000,2,0
3508,20,-109.00,126.00,0,0.010000,11,0
3509,20,80.00,-50.00,0,0.010000,3,0
3510,20,-14.00,41.00,0,0.010000,11,8
3511,20,80.00,-20.00,0,0.010000,0,0
3512,20,80.00,-120.00,0,0.010000,0,20
3513,20,126.00,-130.00,0,0.010000,2,19
3514,20,-69.00,126.00,0,0.010000,1,0
3515,20,80.00,-30.00,0,0.010000,1,0
3516,2,8.00,89.00,1,0.010000,0,0
3517,20,0.00,-2.00,0,0.010000,20,0
3518,20,-109.00,126.00,0,0.010000,11,0
3519,20,80.00,-50.00,0,0.010000,3,0
3520,20,80.00,-20.00,0,0.010000,0,20
3521,20,80.00,-20.00,0,0.010000,0,1
3522,20,126.00,-40.00,0,0.010000,2,1
3523,20,-60.00,126.00,0,0.010000,1,0
3524,20,-69.00,126.00,0,0.010000,1,0
3525,20,80.00,-30.00,0,0.010000,1,0
3526,2,8.00,89.00,1,0.010000,0,0
3527,20,80.00,5.00,0,0.010000,1,2
3528,20,-109.00,126.00,0,0.010000,11,0
3529,20,80.00,-30.00,0,0.010000,1,0
3530,20,80.00,-20.00,0,0.010000,0,20
3531,20,80.00,-20.00,0,0.010000,0,0
3532,20,-69.00,126.00,0,0.010000,1,0
3533,20,0.00,0.00,0,0.010000,20,0
3534,20,-69.00,126.00,0,0.010000,1,0
3535,20,80.00,-30.00,0,0.010000,1,0
3536,2,8.00,89.00,1,0.010000,0,0
3537,20,45.00,140.00,0,0.010000,20,0
3538,20,-109.00,126.00,0,0.010000,11,0
3539,20,80.00,-30.00,0,0.010000,1,0
3540,20,80.00,-20.00,0,0.010000,0,20
3541,20,80.00,-20.00,0,0.010000,0,0
3542,20,80.00,-125.00,0,0.010000,1,20
3543,20,111.00,-120.00,0,0.010000,2,18
3544,20,-69.00,126.00,0,0.010000,1,0
3545,20,80.00,-30.00,0,0.010000,1,0
3546,2,8.00,89.00,1,0.010000,0,0
3547,20,89.00,-52.00,0,0.010000,20,0
3548,20,-109.00,126.00,0,0.010000,11,0
3549,20,80.00,-30.00,0,0.010000,1,0
3550,20,80.00,-20.00,0,0.010000,0,20
3551,20,80.00,-20.00,0,0.010000,0,1
3552,2,8.00,89.00,1,0.010000,0,0
3553,20,80.00,-30.00,0,0.010000,1,0
3554,20,-69.00,126.00,0,0.010000,1,0
3555,20,80.00,-30.00,0,0.010000,1,0
3556,2,8.00,89.00,1,0.010000,0,0
3557,20,-60.00,126.00,0,0.010000,10,0
3558,20,-109.00,126.00,0,0.010000,11,0
3559,20,80.00,-30.00,0,0.010000,1,0
3560,20,80.00,-25.00,0,0.010000,0,20
3561,20,80.00,-25.00,0,0.010000,0,1
3562,20,80.00,-20.00,0,0.010000,10,0
3563,20,80.00,-25.00,0,0.010000,0,1
3564,20,-79.00,126.00,0,0.010000,2,2
3565,20,80.00,-30.00,0,0.010000,1,0
3566,2,8.00,89.00,1,0.010000,0,0
3567,20,116.00,-90.00,0,0.010000,15,2
3568,20,-109.00,126.00,0,0.010000,11,0
3569,20,80.00,-35.00,0,0.010000,1,1
3570,20,67.00,-23.00,0,0.010000,3,16
3571,20,80.00,-20.00,0,0.010000,0,0
3572,20,20.00,126.00,0,0.010000,9,0
3573,20,45.00,140.00,0,0.010000,20,0
3574,20,-69.00,126.00,0,0.010000,1,0
3575,20,80.00,-30.00,0,0.010000,1,0
3576,2,8.00,89.00,1,0.010000,0,0
3577,20,80.00,10.00,0,0.010000,10,0
3578,20,-79.00,126.00,0,0.010000,11,1
3579,20,80.00,-30.00,0,0.010000,1,0
3580,20,80.00,-20.00,0,0.010000,0,20
3581,20,80.00,-20.00,0,0.010000,0,0
3582,20,-18.00,72.00,0,0.010000,11,0
3583,20,54.00,-56.00,0,0.010000,19,1
3584,20,-69.00,126.00,0,0.010000,1,0
3585,20,80.00,-30.00,0,0.010000,1,0
3586,2,8.00,89.00,1,0.010000,0,0
3587,20,80.00,-40.00,0,0.010000,2,0
3588,20,-109.00,126.00,0,0.010000,11,0
3589,20,80.00,-30.00,0,0.010000,1,0
3590,20,80.00,-20.00,0,0.010000,0,20
3591,20,80.00,-20.00,0,0.010000,0,0
3592,1,4.00,50.00,1,0.010000,0,0
3593,20,80.00,-30.00,0,0.010000,1,0
3594,20,-69.00,126.00,0,0.010000,1,0
3595,20,80.00,-30.00,0,0.010000,1,0
3596,2,8.00,89.00,1,0.010000,0,0
3597,0,0.00,0.00,1,0.010000,0,0
3598,20,-109.00,126.00,0,0.010000,11,0
3599,20,80.00,-30.00,0,0.010000,1,0
3600,20,80.00,-20.00,0,0.010000,0,20
3601,20,80.00,-20.00,0,0.010000,0,0
3602,1,4.00,50.00,1,0.010000,0,0
3603,20,170.00,-95.00,0,0.010000,14,4
3604,20,-79.00,126.00,0,0.010000,2,1
3605,20,80.00,-35.00,0,0.010000,1,1
3606,2,8.00,89.00,1,0.010000,0,0
3607,20,80.00,-25.00,0,0.010000,0,2
3608,20,-109.00,126.00,0,0.010000,11,0
3609,20,80.00,-30.00,0,0.010000,1,0
3610,20,80.00,-20.00,0,0.010000,0,20
3611,20,80.00,-20.00,0,0.010000,0,0
3612,20,80.00,-20.00,0,0.010000,10,0
3613,20,172.00,22.00,0,0.010000,1,0
3614,20,-79.00,126.00,0,0.010000,2,1
3615,20,80.00,-30.00,0,0.010000,1,0
3616,2,8.00,89.00,1,0.010000,0,0
3617,20,80.00,-30.00,0,0.010000,1,0
3618,20,-79.00,118.00,0,0.010000,11,1
3619,20,80.00,-30.00,0,0.010000,1,0
3620,20,80.00,-20.00,0,0.010000,0,20
3621,20,80.00,-20.00,0,0.010000,0,0
3622,0,0.00,0.00,1,0.010000,0,0
3623,1,4.00,50.00,1,0.010000,0,0
3624,20,-69.00,126.00,0,0.010000,1,0
3625,20,80.00,-50.00,0,0.010000,3,0
3626,2,8.00,89.00,1,0.010000,0,0
3627,20,80.00,-20.00,0,0.010000,0,0
3628,20,-109.00,126.00,0,0.010000,11,0
3629,20,80.00,-40.00,0,0.010000,2,1
3630,20,72.00,-18.00,0,0.010000,2,18
3631,20,80.00,-30.00,0,0.010000,1,0
3632,20,72.00,-135.00,0,0.010000,4,15
3633,1,4.00,50.00,1,0.010000,0,0
3634,20,-69.00,126.00,0,0.010000,1,0
3635,20,80.00,-40.00,0,0.010000,2,1
3636,2,8.00,89.00,1,0.010000,0,0
3637,20,80.00,-20.00,0,0.010000,0,0
3638,20,-109.00,126.00,0,0.010000,11,0
3639,20,80.00,-30.00,0,0.010000,1,0
3640,20,80.00,-20.00,0,0.010000,0,20
3641,20,80.00,-20.00,0,0.010000,0,0
3642,20,-18.00,72.00,0,0.010000,11,0
3643,20,80.00,-30.00,0,0.010000,1,0
3644,20,-109.00,153.00,0,0.010000,4,0
3645,20,80.00,-35.00,0,0.010000,1,1
3646,2,8.00,89.00,1,0.010000,0,0
3647,0,0.00,0.00,1,0.010000,0,0
3648,20,-109.00,126.00,0,0.010000,11,0
3649,20,80.00,-30.00,0,0.010000,1,0
3650,20,80.00,-20.00,0,0.010000,0,20
3651,20,80.00,-20.00,0,0.010000,0,0
3652,20,80.00,-30.00,0,0.010000,1,0
3653,20,80.00,-40.00,0,0.010000,2,0
3654,20,-69.00,126.00,0,0.010000,1,0
3655,20,80.00,-50.00,0,0.010000,3,0
3656,2,8.00,89.00,1,0.010000,0,0
3657,2,8.00,89.00,1,0.010000,0,0
3658,20,-109.00,126.00,0,0.010000,11,0
3659,20,80.00,-30.00,0,0.010000,1,0
3660,20,80.00,-20.00,0,0.010000,0,20
3661,20,80.00,-40.00,0,0.010000,2,0
3662,20,80.00,-20.00,0,0.010000,0,0
3663,20,80.00,-20.00,0,0.010000,1,0
3664,20,-69.00,126.00,0,0.010000,1,0
3665,20,80.00,-30.00,0,0.010000,1,0
3666,2,8.00,89.00,1,0.010000,0,0
3667,20,72.00,20.00,0,0.010000,1,0
3668,20,-109.00,126.00,0,0.010000,11,0
3669,20,80.00,-30.00,0,0.010000,1,0
3670,20,80.00,-20.00,0,0.010000,0,20
3671,20,80.00,-20.00,0,0.010000,0,0
3672,20,80.00,-20.00,0,0.010000,0,0
3673,20,80.00,-120.00,0,0.010000,1,18
3674,20,-69.00,126.00,0,0.010000,1,0
3675,20,80.00,-30.00,0,0.010000,1,0
3676,2,8.00,89.00,1,0.010000,0,0
3677,20,0.00,0.00,0,0.010000,20,0
3678,20,-109.00,126.00,0,0.010000,11,0
3679,20,80.00,-30.00,0,0.010000,1,0
3680,20,80.00,-20.00,0,0.010000,0,20
3681,20,80.00,-40.00,0,0.010000,2,0
3682,20,111.00,-30.00,0,0.010000,2,0
3683,20,185.00,-95.00,0,0.010000,14,3
3684,20,-69.00,126.00,0,0.010000,1,0
3685,20,80.00,-30.00,0,0.010000,1,0
3686,2,8.00,89.00,1,0.010000,0,0
3687,20,-60.00,126.00,0,0.010000,1,0
3688,20,-109.00,126.00,0,0.010000,11,0
3689,20,80.00,-30.00,0,0.010000,1,0
3690,20,80.00,-20.00,0,0.010000,0,20
3691,20,80.00,-20.00,0,0.010000,0,0
3692,20,80.00,-70.00,0,0.010000,11,0
3693,20,80.00,-20.00,0,0.010000,10,0
3694,20,-69.00,126.00,0,0.010000,1,0
3695,20,80.00,-50.00,0,0.010000,3,0
3696,2,8.00,89.00,1,0.010000,0,0
3697,0,0.00,0.00,1,0.010000,0,0
3698,20,-109.00,126.00,0,0.010000,11,0
3699,20,80.00,-30.00,0,0.010000,1,0
3700,20,80.00,-20.00,0,0.010000,0,20
3701,20,80.00,-20.00,0,0.010000,0,0
3702,20,-69.00,126.00,0,0.010000,1,1
3703,20,80.00,-40.00,0,0.010000,2,1
3704,20,-69.00,126.00,0,0.010000,1,0
3705,20,80.00,-30.00,0,0.010000,1,0
3706,2,8.00,89.00,1,0.010000,0,0
3707,20,0.00,0.00,0,0.010000,20,0
3708,20,-109.00,126.00,0,0.010000,11,0
3709,20,80.00,-30.00,0,0.010000,1,0
3710,20,80.00,-20.00,0,0.010000,0,20
3711,20,80.00,-20.00,0,0.010000,0,0
3712,1,4.00,50.00,1,0.010000,0,0
3713,20,80.00,-30.00,0,0.010000,1,0
3714,20,-69.00,118.00,0,0.010000,3,0
3715,20,80.00,-30.00,0,0.010000,1,0
3716,2,8.00,89.00,1,0.010000,0,0
3717,20,45.00,140.00,0,0.010000,20,0
3718,20,-109.00,126.00,0,0.010000,11,0
3719,20,80.00,-30.00,0,0.010000,1,0
3720,20,80.00,-30.00,0,0.010000,1,20
3721,20,80.00,-20.00,0,0.010000,0,0
3722,20,80.00,-120.00,0,0.010000,1,18
3723,20,45.00,140.00,0,0.010000,20,0
3724,20,-69.00,126.00,0,0.010000,1,0
3725,20,80.00,-30.00,0,0.010000,1,0
3726,2,8.00,89.00,1,0.010000,0,0
3727,20,126.00,-29.00,0,0.010000,1,0
3728,20,-109.00,126.00,0,0.010000,11,0
3729,20,80.00,-30.00,0,0.010000,1,0
3730,20,80.00,-20.00,0,0.010000,0,20
3731,20,80.00,-20.00,0,0.010000,0,0
3732,20,80.00,-30.00,0,0.010000,1,0
3733,20,80.00,-30.00,0,0.010000,1,0
3734,20,-69.00,126.00,0,0.010000,1,0
3735,20,80.00,-30.00,0,0.010000,1,0
3736,2,8.00,89.00,1,0.010000,0,0
3737,1,4.00,50.00,1,0.010000,0,0
3738,20,-109.00,126.00,0,0.010000,11,0
3739,20,80.00,-30.00,0,0.010000,1,0
3740,20,80.00,-20.00,0,0.010000,0,20
3741,20,80.00,-20.00,0,0.010000,0,0
3742,20,80.00,-30.00,0,0.010000,1,0
3743,20,-12.00,8.00,0,0.010000,18,2
3744,20,-69.00,126.00,0,0.010000,1,0
3745,20,80.00,-30.00,0,0.010000,1,0
3746,2,8.00,89.00,1,0.010000,0,0
3747,20,80.00,-20.00,0,0.010000,2,0
3748,20,-109.00,126.00,0,0.010000,11,0
3749,20,80.00,-30.00,0,0.010000,1,0
3750,20,80.00,-20.00,0,0.010000,0,20
3751,20,80.00,-40.00,0,0.010000,2,0
3752,1,4.00,50.00,1,0.010000,0,0
3753,0,0.00,0.00,1,0.010000,0,0
3754,20,-69.00,126.00,0,0.010000,1,0
3755,20,80.00,-40.00,0,0.010000,2,1
3756,2,8.00,89.00,1,0.010000,0,0
3757,20,0.00,7.00,0,0.010000,20,0
3758,20,-109.00,126.00,0,0.010000,11,0
3759,20,80.00,-30.00,0,0.010000,1,0
3760,20,80.00,-20.00,0,0.010000,0,20
3761,20,80.00,-20.00,0,0.010000,0,0
3762,20,80.00,-120.00,0,0.010000,1,19
3763,20,80.00,10.00,0,0.010000,10,0
3764,20,-79.00,126.00,0,0.010000,2,1
3765,20,80.00,-30.00,0,0.010000,1,0
3766,2,8.00,89.00,1,0.010000,0,0
3767,20,80.00,-20.00,0,0.010000,10,0
3768,20,-109.00,126.00,0,0.010000,11,0
3769,20,80.00,-30.00,0,0.010000,1,0
3770,20,80.00,-20.00,0,0.010000,0,20
3771,20,80.00,-20.00,0,0.010000,0,0
3772,20,80.00,-40.00,0,0.010000,2,0
3773,0,0.00,0.00,1,0.010000,0,0
3774,20,-69.00,126.00,0,0.010000,1,0
3775,20,80.00,-40.00,0,0.010000,2,2
3776,2,8.00,89.00,1,0.010000,0,0
3777,20,80.00,-30.00,0,0.010000,1,0
3778,20,-109.00,126.00,0,0.010000,11,0
3779,20,80.00,-30.00,0,0.010000,1,0
3780,20,80.00,-30.00,0,0.010000,1,20
3781,20,80.00,-20.00,0,0.010000,0,1
3782,20,-2.00,-2.00,0,0.010000,18,2
3783,20,45.00,140.00,0,0.010000,20,0
3784,20,-69.00,126.00,0,0.010000,1,0
3785,20,80.00,-30.00,0,0.010000,1,0
3786,2,8.00,89.00,1,0.010000,0,0
3787,20,80.00,-20.00,0,0.010000,0,0
3788,20,-109.00,126.00,0,0.010000,11,0
3789,20,80.00,-30.00,0,0.010000,1,0
3790,20,80.00,-20.00,0,0.010000,0,20
3791,20,80.00,-20.00,0,0.010000,0,0
3792,20,172.00,22.00,0,0.010000,2,0
3793,20,20.00,126.00,0,0.010000,9,1
3794,20,-69.00,126.00,0,0.010000,1,0
3795,20,80.00,-30.00,0,0.010000,1,0
3796,2,8.00,89.00,1,0.010000,0,0
3797,20,0.00,0.00,0,0.010000,20,0
3798,20,-109.00,126.00,0,0.010000,11,0
3799,20,80.00,-30.00,0,0.010000,1,0
3800,20,80.00,-20.00,0,0.010000,0,20
3801,20,80.00,-30.00,0,0.010000,1,1
3802,1,4.00,50.00,1,0.010000,0,0
3803,20,-18.00,64.00,0,0.010000,11,0
3804,20,-69.00,126.00,0,0.010000,1,0
3805,20,80.00,-30.00,0,0.010000,1,0
3806,2,8.00,89.00,1,0.010000,0,0
3807,0,0.00,0.00,1,0.010000,0,0
3808,20,-109.00,126.00,0,0.010000,11,0
3809,20,80.00,-30.00,0,0.010000,1,0
3810,20,80.00,-20.00,0,0.010000,0,20
3811,20,80.00,-50.00,0,0.010000,3,1
3812,20,-20.00,64.00,0,0.010000,4,0
3813,20,0.00,9.00,0,0.010000,20,0
3814,20,-69.00,126.00,0,0.010000,1,0
3815,20,80.00,-35.00,0,0.010000,1,1
3816,2,8.00,89.00,1,0.010000,0,0
3817,20,67.00,-13.00,0,0.010000,2,17
3818,20,-109.00,126.00,0,0.010000,11,0
3819,20,80.00,-30.00,0,0.010000,1,0
3820,20,80.00,-20.00,0,0.010000,0,20
3821,20,80.00,-20.00,0,0.010000,0,0
3822,20,80.00,-20.00,0,0.010000,0,0
3823,20,80.00,-115.00,0,0.010000,0,19
3824,20,-69.00,126.00,0,0.010000,1,0
3825,20,80.00,-40.00,0,0.010000,2,1
3826,2,8.00,89.00,1,0.010000,0,0
3827,20,80.00,-120.00,0,0.010000,1,18
3828,20,-109.00,126.00,0,0.010000,11,0
3829,20,80.00,-30.00,0,0.010000,1,0
3830,20,80.00,-20.00,0,0.010000,0,20
3831,20,80.00,-20.00,0,0.010000,0,0
3832,20,80.00,-30.00,0,0.010000,1,0
3833,20,-30.00,80.00,0,0.010000,1,0
3834,20,-69.00,126.00,0,0.010000,1,0
3835,20,80.00,-30.00,0,0.010000,1,0
3836,2,8.00,89.00,1,0.010000,0,0
3837,20,-20.00,80.00,0,0.010000,10,0
3838,20,-109.00,126.00,0,0.010000,11,0
3839,20,80.00,-30.00,0,0.010000,1,0
3840,20,80.00,-20.00,0,0.010000,0,20
3841,20,80.00,-20.00,0,0.010000,0,0
3842,20,-69.00,126.00,0,0.010000,1,0
3843,20,-60.00,118.00,0,0.010000,3,0
3844,20,-79.00,126.00,0,0.010000,2,1
3845,20,80.00,-30.00,0,0.010000,1,0
3846,2,8.00,89.00,1,0.010000,0,0
3847,20,80.00,-40.00,0,0.010000,2,0
3848,20,-109.00,126.00,0,0.010000,11,0
3849,20,80.00,-30.00,0,0.010000,1,0
3850,20,80.00,-20.00,0,0.010000,0,20
3851,20,80.00,-20.00,0,0.010000,0,0
3852,20,-20.00,80.00,0,0.010000,0,0
3853,0,0.00,0.00,1,0.010000,0,0
3854,20,-69.00,126.00,0,0.010000,1,0
3855,20,80.00,-35.00,0,0.010000,1,1
3856,2,8.00,89.00,1,0.010000,0,0
3857,20,153.00,-39.00,0,0.010000,3,0
3858,20,-109.00,126.00,0,0.010000,11,0
3859,20,80.00,-30.00,0,0.010000,1,0
3860,20,80.00,-20.00,0,0.010000,0,20
3861,20,80.00,-20.00,0,0.010000,0,0
3862,20,80.00,-30.00,0,0.010000,1,0
3863,20,126.00,-69.00,0,0.010000,1,19
3864,20,-69.00,126.00,0,0.010000,1,0
3865,20,80.00,-30.00,0,0.010000,1,0
3866,2,8.00,89.00,1,0.010000,0,0
3867,20,80.00,-20.00,0,0.010000,0,20
3868,20,-109.00,126.00,0,0.010000,11,0
3869,20,80.00,-30.00,0,0.010000,1,0
3870,20,80.00,-20.00,0,0.010000,0,20
3871,20,80.00,-20.00,0,0.010000,0,0
3872,20,80.00,-20.00,0,0.010000,0,0
3873,20,80.00,-40.00,0,0.010000,2,1
3874,20,-69.00,126.00,0,0.010000,1,0
3875,20,80.00,-30.00,0,0.010000,1,0
3876,2,8.00,89.00,1,0.010000,0,0
3877,1,4.00,50.00,1,0.010000,0,0
3878,20,-109.00,126.00,0,0.010000,11,0
3879,20,80.00,-30.00,0,0.010000,1,0
3880,20,80.00,-20.00,0,0.010000,0,20
3881,20,80.00,-20.00,0,0.010000,0,0
3882,1,4.00,50.00,1,0.010000,0,0
3883,20,80.00,-20.00,0,0.010000,10,0
3884,20,-69.00,126.00,0,0.010000,1,0
3885,20,80.00,-35.00,0,0.010000,1,1
3886,2,8.00,89.00,1,0.010000,0,0
3887,20,80.00,-120.00,0,0.010000,0,20
3888,20,-109.00,126.00,0,0.010000,11,0
3889,20,80.00,-30.00,0,0.010000,1,0
3890,20,80.00,-20.00,0,0.010000,0,20
3891,20,80.00,-20.00,0,0.010000,0,0
3892,3,12.00,38.00,1,0.010000,1,0
3893,20,172.00,22.00,0,0.010000,1,0
3894,20,-74.00,126.00,0,0.010000,1,1
3895,20,80.00,-30.00,0,0.010000,1,0
3896,2,8.00,89.00,1,0.010000,0,0
3897,20,-20.00,80.00,0,0.010000,0,0
3898,20,-109.00,126.00,0,0.010000,11,0
3899,20,80.00,-30.00,0,0.010000,1,0
3900,20,80.00,-20.00,0,0.010000,0,20
3901,20,80.00,-20.00,0,0.010000,0,0
3902,20,-70.00,126.00,0,0.010000,2,0
3903,2,8.00,89.00,1,0.010000,0,0
3904,20,-69.00,126.00,0,0.010000,1,0
3905,20,80.00,-30.00,0,0.010000,1,0
3906,2,8.00,89.00,1,0.010000,0,0
3907,1,4.00,50.00,1,0.010000,0,0
3908,20,-109.00,126.00,0,0.010000,11,0
3909,20,80.00,-30.00,0,0.010000,1,0
3910,20,80.00,-20.00,0,0.010000,0,20
3911,20,80.00,-20.00,0,0.010000,0,0
3912,20,-20.00,126.00,0,0.010000,10,0
3913,20,0.00,0.00,0,0.010000,20,0
3914,20,-69.00,126.00,0,0.010000,1,0
3915,20,80.00,-30.00,0,0.010000,1,0
3916,2,8.00,89.00,1,0.010000,0,0
3917,4,62.00,27.00,1,0.010000,2,0
3918,20,-74.00,126.00,0,0.010000,10,1
3919,20,80.00,-30.00,0,0.010000,1,0
3920,20,80.00,-25.00,0,0.010000,0,20
3921,20,80.00,-20.00,0,0.010000,0,0
3922,20,0.00,7.00,0,0.010000,20,0
3923,20,80.00,-30.00,0,0.010000,1,0
3924,20,-69.00,126.00,0,0.010000,1,0
3925,20,80.00,-30.00,0,0.010000,1,0
3926,2,8.00,89.00,1,0.010000,0,0
3927,3,12.00,38.00,1,0.010000,1,0
3928,20,-109.00,126.00,0,0.010000,11,0
3929,20,80.00,-30.00,0,0.010000,1,0
3930,20,80.00,-20.00,0,0.010000,0,20
3931,20,80.00,-20.00,0,0.010000,0,0
3932,20,43.00,2.00,0,0.010000,18,1
3933,20,-20.00,80.00,0,0.010000,10,0
3934,20,-69.00,126.00,0,0.010000,1,0
3935,20,80.00,-30.00,0,0.010000,1,0
3936,2,8.00,89.00,1,0.010000,0,0
3937,20,80.00,-50.00,0,0.010000,3,1
3938,20,-109.00,118.00,0,0.010000,11,0
3939,20,80.00,-30.00,0,0.010000,1,0
3940,20,80.00,-20.00,0,0.010000,0,20
3941,20,80.00,-20.00,0,0.010000,0,0
3942,20,175.00,-115.00,0,0.010000,14,3
3943,20,-20.00,126.00,0,0.010000,10,0
3944,20,-69.00,126.00,0,0.010000,1,0
3945,20,80.00,-30.00,0,0.010000,1,0
3946,2,8.00,89.00,1,0.010000,0,0
3947,20,-18.00,72.00,0,0.010000,11,0
3948,20,-109.00,126.00,0,0.010000,11,0
3949,20,80.00,-30.00,0,0.010000,1,0
3950,20,80.00,-20.00,0,0.010000,0,20
3951,20,80.00,-20.00,0,0.010000,0,0
3952,20,126.00,-125.00,0,0.010000,1,19
3953,20,185.00,-95.00,0,0.010000,14,3
3954,20,-69.00,126.00,0,0.010000,1,0
3955,20,80.00,-30.00,0,0.010000,1,0
3956,2,8.00,89.00,1,0.010000,0,0
3957,20,80.00,20.00,0,0.010000,9,0
3958,20,-109.00,126.00,0,0.010000,11,0
3959,20,80.00,-30.00,0,0.010000,1,0
3960,20,80.00,-20.00,0,0.010000,0,20
3961,20,80.00,-20.00,0,0.010000,0,0
3962,20,177.00,-105.00,0,0.010000,16,1
3963,1,4.00,50.00,1,0.010000,0,0
3964,20,-69.00,126.00,0,0.010000,1,0
3965,20,80.00,-50.00,0,0.010000,3,0
3966,2,8.00,89.00,1,0.010000,0,0
3967,20,-18.00,72.00,0,0.010000,11,0
3968,20,-109.00,126.00,0,0.010000,11,0
3969,20,80.00,-50.00,0,0.010000,3,0
3970,20,80.00,-20.00,0,0.010000,0,20
3971,20,80.00,-30.00,0,0.010000,1,1
3972,20,80.00,-20.00,0,0.010000,1,0
3973,20,89.00,-42.00,0,0.010000,19,0
3974,20,-69.00,126.00,0,0.010000,1,0
3975,20,80.00,-40.00,0,0.010000,2,1
3976,2,8.00,89.00,1,0.010000,0,0
3977,20,126.00,-20.00,0,0.010000,0,0
3978,20,-109.00,126.00,0,0.010000,11,0
3979,20,80.00,-30.00,0,0.010000,1,0
3980,20,80.00,-20.00,0,0.010000,0,20
3981,20,80.00,-30.00,0,0.010000,1,1
3982,20,-109.00,126.00,0,0.010000,11,0
3983,20,80.00,-30.00,0,0.010000,1,0
3984,20,-69.00,126.00,0,0.010000,1,0
3985,20,80.00,-30.00,0,0.010000,1,0
3986,2,8.00,89.00,1,0.010000,0,0
3987,3,12.00,38.00,1,0.010000,1,0
3988,20,-109.00,126.00,0,0.010000,11,0
3989,20,80.00,-50.00,0,0.010000,3,0
3990,20,80.00,-20.00,0,0.010000,0,20
3991,20,80.00,-20.00,0,0.010000,0,0
3992,20,80.00,-20.00,0,0.010000,0,0
3993,20,80.00,-20.00,0,0.010000,0,20
3994,20,-69.00,126.00,0,0.010000,1,0
3995,20,80.00,-30.00,0,0.010000,1,0
3996,2,8.00,89.00,1,0.010000,0,0
3997,0,0.00,0.00,1,0.010000,0,0
3998,20,-109.00,126.00,0,0.010000,11,0
3999,20,80.00,-30.00,0,0.010000,1,0

# Summary
# FirstGoalEpisode,0
# TotalGoalCount,521
# GoalRate_last100,0.17
