Episode,Steps,RewardZ1,RewardZ2,GoalReached,Epsilon,WastedByPenalty,WastedByNoEffect
0,20,-84.00,-94.00,0,0.300000,15,10
1,20,-88.00,-138.00,0,0.299100,19,6
2,20,-40.00,10.00,0,0.298203,14,8
3,20,-123.00,-113.00,0,0.297308,18,8
4,20,-28.00,-48.00,0,0.296416,16,7
5,20,-30.00,-70.00,0,0.295527,16,7
6,20,-72.00,-82.00,0,0.294640,16,5
7,20,-145.00,-125.00,0,0.293756,16,6
8,3,99.00,89.00,1,0.292875,1,0
9,8,54.00,54.00,1,0.291997,4,6
10,20,-35.00,-45.00,0,0.291121,17,6
11,20,-67.00,-47.00,0,0.290247,16,11
12,0,0.00,0.00,1,0.289376,0,0
13,20,-110.00,-60.00,0,0.288508,19,11
14,20,-18.00,2.00,0,0.287643,14,6
15,20,-65.00,-65.00,0,0.300000,14,6
16,20,-43.00,-93.00,0,0.299100,16,10
17,0,0.00,0.00,1,0.298203,0,0
18,3,99.00,89.00,1,0.297308,1,0
19,2,100.00,100.00,1,0.296416,0,0
20,20,6.00,-134.00,0,0.295527,16,17
21,20,-55.00,-65.00,0,0.294640,17,8
22,20,-44.00,-144.00,0,0.293756,17,8
23,20,6.00,-134.00,0,0.292875,18,5
24,20,12.00,-48.00,0,0.291997,17,3
25,20,5.00,-65.00,0,0.291121,14,13
26,20,-92.00,-32.00,0,0.300000,17,9
27,20,-62.00,-62.00,0,0.299100,17,9
28,9,83.00,23.00,1,0.298203,7,7
29,2,100.00,100.00,1,0.297308,0,0
30,20,-99.00,-69.00,0,0.296416,13,17
31,20,-40.00,-50.00,0,0.295527,14,8
32,20,-125.00,-125.00,0,0.294640,15,12
33,20,-163.00,-123.00,0,0.293756,17,8
34,20,42.00,22.00,0,0.292875,10,6
35,20,-15.00,-25.00,0,0.291997,13,8
36,20,-89.00,-59.00,0,0.291121,15,10
37,1,50.00,50.00,1,0.290247,0,0
38,3,94.00,94.00,1,0.289376,0,1
39,2,100.00,100.00,1,0.288508,0,0
40,20,-98.00,-128.00,0,0.287643,17,7
41,20,-52.00,-72.00,0,0.286780,15,11
42,20,-85.00,-85.00,0,0.285920,13,13
43,20,-72.00,-52.00,0,0.285062,15,11
44,20,-9.00,-29.00,0,0.284207,14,7
45,20,-99.00,-79.00,0,0.283354,16,12
46,20,-94.00,-74.00,0,0.282504,18,10
47,20,-144.00,-194.00,0,0.281656,19,5
48,2,100.00,100.00,1,0.280811,0,0
49,2,100.00,100.00,1,0.279969,0,0
50,20,9.00,-41.00,0,0.279129,13,7
51,20,-89.00,-79.00,0,0.278292,15,15
52,0,0.00,0.00,1,0.277457,0,0
53,20,-144.00,-144.00,0,0.276624,14,12
54,20,-57.00,-37.00,0,0.275795,13,3
55,20,-35.00,-65.00,0,0.274967,13,16
56,20,-79.00,-79.00,0,0.274142,17,10
57,20,-85.00,-95.00,0,0.273320,16,10
58,2,100.00,100.00,1,0.272500,0,0
59,2,100.00,100.00,1,0.271682,0,0
60,20,-38.00,-68.00,0,0.270867,12,3
61,20,-47.00,-67.00,0,0.270055,16,10
62,20,-67.00,-57.00,0,0.269245,16,11
63,20,-47.00,-57.00,0,0.268437,16,7
64,20,-25.00,-35.00,0,0.267632,11,4
65,20,-10.00,-50.00,0,0.266829,14,8
66,20,-72.00,-92.00,0,0.266028,15,12
67,20,-126.00,-76.00,0,0.265230,16,5
68,3,89.00,89.00,1,0.264434,1,1
69,3,94.00,94.00,1,0.263641,0,1
70,20,-7.00,-17.00,0,0.262850,10,2
71,20,-64.00,-84.00,0,0.262062,14,15
72,0,0.00,0.00,1,0.261275,0,0
73,20,-105.00,-85.00,0,0.260492,16,14
74,20,33.00,23.00,0,0.259710,11,3
75,20,-40.00,-10.00,0,0.258931,15,12
76,20,-64.00,-74.00,0,0.258154,16,12
77,0,0.00,0.00,1,0.257380,0,0
78,2,100.00,100.00,1,0.256608,0,0
79,6,83.00,93.00,1,0.255838,2,2
80,20,10.00,10.00,0,0.255070,11,5
81,20,-94.00,-54.00,0,0.254305,16,10
82,20,49.00,49.00,0,0.253542,10,3
83,20,-117.00,-97.00,0,0.252781,15,9
84,20,-9.00,1.00,0,0.252023,14,2
85,20,-10.00,-20.00,0,0.251267,13,8
86,20,-79.00,-59.00,0,0.250513,15,12
87,20,-79.00,-59.00,0,0.249762,15,10
88,4,83.00,93.00,1,0.249012,1,2
89,3,89.00,89.00,1,0.248265,1,1
90,20,-86.00,-136.00,0,0.247521,18,4
91,20,-84.00,-64.00,0,0.246778,16,12
92,8,66.00,66.00,1,0.246038,5,4
93,0,0.00,0.00,1,0.245300,0,0
94,20,-20.00,-20.00,0,0.244564,10,5
95,20,-45.00,-25.00,0,0.243830,13,12
96,20,-42.00,-72.00,0,0.243099,15,10
97,20,-115.00,-145.00,0,0.242369,17,12
98,3,89.00,99.00,1,0.241642,1,1
99,2,100.00,100.00,1,0.240917,0,0
100,20,-70.00,-60.00,0,0.240194,15,2
101,20,-17.00,-97.00,0,0.239474,14,11
102,8,54.00,64.00,1,0.238755,4,6
103,0,0.00,0.00,1,0.238039,0,0
104,20,-9.00,-29.00,0,0.237325,13,4
105,20,-60.00,-70.00,0,0.236613,16,11
106,20,-99.00,-69.00,0,0.235903,15,13
107,0,0.00,0.00,1,0.235196,0,0
108,3,89.00,99.00,1,0.234490,1,1
109,2,100.00,100.00,1,0.233786,0,0
110,20,-29.00,-19.00,0,0.233085,11,2
111,20,-89.00,-59.00,0,0.232386,17,11
112,20,-53.00,-43.00,0,0.231689,13,2
113,0,0.00,0.00,1,0.230994,0,0
114,20,4.00,-46.00,0,0.230301,14,5
115,20,-45.00,-25.00,0,0.229610,12,10
116,20,-67.00,-47.00,0,0.228921,14,12
117,1,50.00,50.00,1,0.228234,0,0
118,2,100.00,100.00,1,0.227549,0,0
119,2,100.00,100.00,1,0.226867,0,0
120,20,39.00,49.00,0,0.226186,10,1
121,20,-55.00,-55.00,0,0.225508,15,9
122,0,0.00,0.00,1,0.224831,0,0
123,0,0.00,0.00,1,0.224157,0,0
124,20,5.00,-5.00,0,0.223484,11,2
125,20,-4.00,-54.00,0,0.222814,13,9
126,20,-74.00,-64.00,0,0.222145,15,13
127,1,50.00,50.00,1,0.221479,0,0
128,3,89.00,99.00,1,0.220814,1,1
129,2,100.00,100.00,1,0.220152,0,0
130,20,-17.00,-17.00,0,0.219492,10,2
131,20,-89.00,-69.00,0,0.218833,15,12
132,20,-125.00,-135.00,0,0.218177,15,12
133,0,0.00,0.00,1,0.217522,0,0
134,20,11.00,31.00,0,0.216869,10,3
135,20,-45.00,-5.00,0,0.216219,14,10
136,20,-59.00,-109.00,0,0.215570,15,14
137,0,0.00,0.00,1,0.214923,0,0
138,2,100.00,100.00,1,0.214279,0,0
139,5,94.00,94.00,1,0.213636,1,1
140,20,-21.00,-31.00,0,0.212995,13,7
141,20,-59.00,-79.00,0,0.212356,15,13
142,20,-143.00,-103.00,0,0.211719,16,12
143,20,-64.00,-84.00,0,0.211084,16,12
144,20,6.00,-24.00,0,0.210450,13,2
145,20,-35.00,-55.00,0,0.209819,15,11
146,20,-62.00,-52.00,0,0.209190,15,10
147,20,-105.00,-135.00,0,0.208562,14,12
148,3,94.00,94.00,1,0.207936,0,1
149,2,100.00,100.00,1,0.207313,0,0
150,20,-61.00,-21.00,0,0.206691,12,2
151,20,-65.00,-25.00,0,0.206071,15,10
152,1,50.00,50.00,1,0.205452,0,0
153,20,-55.00,-45.00,0,0.204836,15,7
154,20,39.00,-71.00,0,0.204222,15,1
155,20,10.00,0.00,0,0.203609,12,8
156,20,-5.00,-45.00,0,0.202998,14,10
157,1,50.00,50.00,1,0.202389,0,0
158,2,100.00,100.00,1,0.201782,0,0
159,3,89.00,99.00,1,0.201177,1,1
160,20,-34.00,-14.00,0,0.200573,10,2
161,20,-30.00,-60.00,0,0.199971,14,9
162,20,-40.00,-30.00,0,0.199371,14,11
163,3,89.00,89.00,1,0.198773,1,1
164,20,6.00,-134.00,0,0.198177,18,3
165,20,-35.00,-15.00,0,0.197582,13,7
166,20,-60.00,-70.00,0,0.196990,14,11
167,20,-40.00,-40.00,0,0.196399,11,1
168,2,100.00,100.00,1,0.195809,0,0
169,2,100.00,100.00,1,0.195222,0,0
170,20,5.00,35.00,0,0.194636,10,3
171,20,-74.00,-74.00,0,0.194052,16,12
172,0,0.00,0.00,1,0.193470,0,0
173,20,-145.00,-125.00,0,0.192890,17,11
174,20,-1.00,-51.00,0,0.192311,13,5
175,20,-25.00,-35.00,0,0.191734,14,12
176,20,-69.00,-69.00,0,0.191159,16,11
177,20,-67.00,-77.00,0,0.190586,16,13
178,4,98.00,78.00,1,0.190014,2,2
179,3,89.00,99.00,1,0.189444,1,1
180,20,35.00,5.00,0,0.188876,10,5
181,20,-38.00,-28.00,0,0.188309,13,7
182,1,50.00,50.00,1,0.187744,0,0
183,5,26.00,26.00,1,0.187181,2,4
184,20,-6.00,-26.00,0,0.186619,13,3
185,20,30.00,0.00,0,0.186059,11,6
186,20,-57.00,-47.00,0,0.185501,14,10
187,0,0.00,0.00,1,0.184945,0,0
188,2,100.00,100.00,1,0.184390,0,0
189,2,100.00,100.00,1,0.183837,0,0
190,20,-6.00,-46.00,0,0.183285,12,9
191,20,-40.00,-60.00,0,0.182735,14,9
192,20,-67.00,-47.00,0,0.182187,14,13
193,2,100.00,100.00,1,0.181641,0,0
194,20,-23.00,-43.00,0,0.181096,16,5
195,20,-50.00,-30.00,0,0.180552,15,10
196,20,-45.00,-45.00,0,0.180011,15,9
197,20,-91.00,-111.00,0,0.179471,17,8
198,2,100.00,100.00,1,0.178932,0,0
199,2,100.00,100.00,1,0.178395,0,0
200,20,-16.00,-26.00,0,0.177860,12,7
201,20,-52.00,-72.00,0,0.177327,15,11
202,20,-115.00,-135.00,0,0.176795,16,14
203,20,-23.00,-53.00,0,0.176264,15,2
204,20,-11.00,-41.00,0,0.175735,15,5
205,20,-5.00,-35.00,0,0.175208,15,6
206,20,-84.00,-34.00,0,0.174683,14,8
207,0,0.00,0.00,1,0.174159,0,0
208,2,100.00,100.00,1,0.173636,0,0
209,3,94.00,94.00,1,0.173115,0,1
210,20,-26.00,-16.00,0,0.172596,12,9
211,20,-48.00,-18.00,0,0.172078,13,8
212,2,44.00,44.00,1,0.171562,0,1
213,20,-70.00,-80.00,0,0.171047,14,12
214,20,4.00,-36.00,0,0.170534,14,4
215,20,-25.00,-25.00,0,0.170022,13,8
216,20,-40.00,-80.00,0,0.169512,16,10
217,20,-120.00,-120.00,0,0.169004,16,12
218,2,100.00,100.00,1,0.168497,0,0
219,2,100.00,100.00,1,0.167991,0,0
220,20,3.00,3.00,0,0.167487,11,7
221,20,-96.00,-116.00,0,0.166985,16,8
222,2,100.00,100.00,1,0.166484,0,0
223,20,-102.00,-62.00,0,0.165984,14,8
224,20,-9.00,-19.00,0,0.165487,14,7
225,20,-50.00,0.00,0,0.164990,14,10
226,20,-47.00,-57.00,0,0.164495,13,12
227,2,44.00,44.00,1,0.164002,0,1
228,2,100.00,100.00,1,0.163510,0,0
229,2,100.00,100.00,1,0.163019,0,0
230,20,12.00,-68.00,0,0.162530,15,5
231,20,-40.00,-50.00,0,0.162042,14,9
232,0,0.00,0.00,1,0.161556,0,0
233,20,-54.00,-34.00,0,0.161072,13,7
234,20,-67.00,-97.00,0,0.160588,15,6
235,20,-5.00,-25.00,0,0.160107,12,7
236,20,-45.00,-35.00,0,0.159626,13,9
237,0,0.00,0.00,1,0.159147,0,0
238,2,100.00,100.00,1,0.158670,0,0
239,2,100.00,100.00,1,0.158194,0,0
240,20,-43.00,-33.00,0,0.157719,14,6
241,20,-45.00,-45.00,0,0.157246,15,10
242,1,50.00,50.00,1,0.156775,0,0
243,20,-64.00,-84.00,0,0.156304,15,11
244,20,-31.00,-21.00,0,0.155835,15,7
245,20,-65.00,-55.00,0,0.155368,14,7
246,20,-35.00,-35.00,0,0.154902,14,10
247,20,-116.00,-96.00,0,0.154437,14,11
248,2,100.00,100.00,1,0.153974,0,0
249,2,100.00,100.00,1,0.153512,0,0
250,20,-60.00,-20.00,0,0.153051,16,8
251,20,-52.00,-62.00,0,0.152592,15,11
252,0,0.00,0.00,1,0.152134,0,0
253,20,-65.00,-65.00,0,0.151678,14,11
254,20,-94.00,-84.00,0,0.151223,17,6
255,20,20.00,0.00,0,0.150769,11,5
256,20,-55.00,-55.00,0,0.150317,15,9
257,20,-30.00,-20.00,0,0.149866,13,12
258,2,100.00,100.00,1,0.149416,0,0
259,3,94.00,94.00,1,0.148968,0,1
260,20,-62.00,-52.00,0,0.148521,15,11
261,20,-43.00,-23.00,0,0.148076,14,7
262,20,-130.00,-140.00,0,0.147631,16,14
263,20,-101.00,-91.00,0,0.147188,17,9
264,20,-26.00,-26.00,0,0.146747,14,7
265,20,-30.00,0.00,0,0.146307,14,8
266,20,-55.00,-35.00,0,0.145868,13,8
267,20,-103.00,-133.00,0,0.145430,16,11
268,2,100.00,100.00,1,0.144994,0,0
269,2,100.00,100.00,1,0.144559,0,0
270,20,-50.00,-60.00,0,0.144125,14,8
271,20,-82.00,-72.00,0,0.143693,12,8
272,0,0.00,0.00,1,0.143262,0,0
273,1,50.00,50.00,1,0.142832,0,0
274,20,-84.00,-104.00,0,0.142403,15,10
275,20,-30.00,-30.00,0,0.141976,13,11
276,20,-52.00,-42.00,0,0.141550,14,10
277,20,-135.00,-145.00,0,0.141126,17,10
278,2,100.00,100.00,1,0.140702,0,0
279,2,100.00,100.00,1,0.140280,0,0
280,20,-101.00,-101.00,0,0.139859,15,9
281,20,-40.00,-60.00,0,0.139440,14,9
282,20,-150.00,-100.00,0,0.139021,16,13
283,1,50.00,50.00,1,0.138604,0,0
284,20,-17.00,-27.00,0,0.138189,14,7
285,20,-20.00,-30.00,0,0.137774,14,9
286,20,-40.00,-50.00,0,0.137361,14,11
287,20,-52.00,-82.00,0,0.136949,15,11
288,2,100.00,100.00,1,0.136538,0,0
289,2,100.00,100.00,1,0.136128,0,0
290,20,-111.00,-81.00,0,0.135720,15,11
291,20,-82.00,-62.00,0,0.135313,14,7
292,0,0.00,0.00,1,0.134907,0,0
293,0,0.00,0.00,1,0.134502,0,0
294,20,93.00,123.00,0,0.134098,12,4
295,20,-30.00,-10.00,0,0.133696,14,8
296,20,-45.00,-65.00,0,0.133295,15,10
297,20,-115.00,-145.00,0,0.132895,17,13
298,2,100.00,100.00,1,0.132496,0,0
299,2,100.00,100.00,1,0.132099,0,0
300,20,-45.00,-65.00,0,0.131703,15,9
301,20,-92.00,-62.00,0,0.131308,14,7
302,0,0.00,0.00,1,0.130914,0,0
303,20,-60.00,-20.00,0,0.130521,14,9
304,20,139.00,99.00,0,0.130129,9,1
305,20,-45.00,-85.00,0,0.129739,14,7
306,20,-58.00,-98.00,0,0.129350,14,10
307,1,50.00,50.00,1,0.128962,0,0
308,5,72.00,82.00,1,0.128575,2,3
309,2,100.00,100.00,1,0.128189,0,0
310,20,-45.00,-45.00,0,0.127805,15,9
311,20,-35.00,-65.00,0,0.127421,15,10
312,0,0.00,0.00,1,0.127039,0,0
313,20,-62.00,-62.00,0,0.126658,15,8
314,20,174.00,134.00,0,0.126278,8,2
315,20,-30.00,-20.00,0,0.125899,13,10
316,20,-43.00,-33.00,0,0.125521,14,8
317,1,50.00,50.00,1,0.125145,0,0
318,3,89.00,99.00,1,0.124769,1,1
319,2,100.00,100.00,1,0.124395,0,0
320,20,-50.00,-40.00,0,0.124022,14,8
321,20,-84.00,-104.00,0,0.123650,15,8
322,1,50.00,50.00,1,0.123279,0,0
323,4,32.00,22.00,1,0.122909,2,3
324,20,174.00,134.00,0,0.122540,10,1
325,20,15.00,5.00,0,0.122173,12,4
326,20,-57.00,-57.00,0,0.121806,14,12
327,20,-50.00,-40.00,0,0.121441,14,9
328,3,94.00,94.00,1,0.121076,0,1
329,2,100.00,100.00,1,0.120713,0,0
330,20,-60.00,-40.00,0,0.120351,14,9
331,20,-43.00,-23.00,0,0.119990,14,9
332,0,0.00,0.00,1,0.119630,0,0
333,0,0.00,0.00,1,0.119271,0,0
334,20,135.00,85.00,0,0.118913,10,0
335,20,-30.00,-20.00,0,0.118556,14,9
336,20,-60.00,-50.00,0,0.118201,16,8
337,20,-120.00,-140.00,0,0.117846,16,15
338,2,100.00,100.00,1,0.117493,0,0
339,2,100.00,100.00,1,0.117140,0,0
340,20,-57.00,-57.00,0,0.116789,16,10
341,20,-33.00,-43.00,0,0.116438,14,8
342,1,50.00,50.00,1,0.116089,0,0
343,20,-64.00,-84.00,0,0.115741,14,13
344,20,153.00,83.00,0,0.115394,11,1
345,20,-10.00,-20.00,0,0.115047,12,8
346,20,-45.00,-45.00,0,0.114702,13,10
347,20,-45.00,-55.00,0,0.114358,13,12
348,2,100.00,100.00,1,0.114015,0,0
349,2,100.00,100.00,1,0.113673,0,0
350,20,-53.00,-23.00,0,0.113332,14,7
351,20,-2.00,8.00,0,0.112992,12,3
352,20,23.00,3.00,0,0.112653,11,0
353,20,-109.00,-69.00,0,0.112315,16,6
354,20,124.00,94.00,0,0.111978,11,1
355,20,21.00,21.00,0,0.111642,12,6
356,20,-65.00,-45.00,0,0.111307,15,8
357,0,0.00,0.00,1,0.110973,0,0
358,2,100.00,100.00,1,0.110640,0,0
359,2,100.00,100.00,1,0.110308,0,0
360,20,-74.00,-64.00,0,0.109978,14,12
361,20,-23.00,-33.00,0,0.109648,12,10
362,20,-54.00,-94.00,0,0.109319,16,8
363,1,50.00,50.00,1,0.108991,0,0
364,20,143.00,93.00,0,0.108664,11,1
365,20,15.00,15.00,0,0.108338,12,5
366,20,-18.00,-38.00,0,0.108013,13,9
367,20,-128.00,-108.00,0,0.107689,17,12
368,3,99.00,89.00,1,0.107366,1,1
369,2,100.00,100.00,1,0.107044,0,0
370,20,-11.00,-31.00,0,0.106722,15,5
371,20,-28.00,-28.00,0,0.106402,13,7
372,20,-80.00,-90.00,0,0.106083,13,8
373,1,50.00,50.00,1,0.105765,0,0
374,20,174.00,124.00,0,0.105448,10,1
375,20,36.00,36.00,0,0.105131,12,4
376,20,-38.00,-28.00,0,0.104816,13,7
377,20,-49.00,-39.00,0,0.104501,12,6
378,2,100.00,100.00,1,0.104188,0,0
379,2,100.00,100.00,1,0.103875,0,0
380,20,-47.00,-67.00,0,0.103564,14,10
381,20,-31.00,-21.00,0,0.103253,13,7
382,20,-31.00,-31.00,0,0.102943,15,7
383,20,-140.00,-130.00,0,0.102634,18,12
384,20,184.00,144.00,0,0.102326,9,0
385,20,16.00,26.00,0,0.102019,12,7
386,20,-74.00,-74.00,0,0.101713,15,10
387,20,-74.00,-74.00,0,0.101408,16,12
388,2,100.00,100.00,1,0.101104,0,0
389,2,100.00,100.00,1,0.100801,0,0
390,20,-60.00,-30.00,0,0.100498,14,10
391,20,-40.00,-40.00,0,0.100197,14,10
392,1,50.00,50.00,1,0.099896,0,0
393,0,0.00,0.00,1,0.099597,0,0
394,20,139.00,79.00,0,0.099298,10,1
395,20,-20.00,-50.00,0,0.099000,13,3
396,20,-35.00,-45.00,0,0.098703,14,9
397,20,-114.00,-74.00,0,0.098407,15,6
398,2,100.00,100.00,1,0.098112,0,0
399,2,100.00,100.00,1,0.097817,0,0
400,20,-35.00,-45.00,0,0.097524,15,8
401,20,-14.00,-4.00,0,0.097231,13,5
402,1,50.00,50.00,1,0.096940,0,0
403,0,0.00,0.00,1,0.096649,0,0
404,20,114.00,94.00,0,0.096359,11,1
405,20,26.00,26.00,0,0.096070,13,6
406,20,-28.00,-28.00,0,0.095781,13,8
407,20,-90.00,-70.00,0,0.095494,14,11
408,2,100.00,100.00,1,0.095208,0,0
409,2,100.00,100.00,1,0.094922,0,0
410,20,-98.00,-138.00,0,0.094637,17,12
411,20,-43.00,-33.00,0,0.094353,14,8
412,0,0.00,0.00,1,0.094070,0,0
413,0,0.00,0.00,1,0.093788,0,0
414,20,82.00,52.00,0,0.093507,10,1
415,20,66.00,56.00,0,0.093226,10,2
416,20,-20.00,-70.00,0,0.092946,14,9
417,20,-67.00,-47.00,0,0.092668,16,9
418,2,100.00,100.00,1,0.092390,0,0
419,6,78.00,88.00,1,0.092112,3,2
420,20,-70.00,-40.00,0,0.091836,14,9
421,20,-55.00,-75.00,0,0.091561,12,7
422,20,-67.00,-47.00,0,0.091286,16,8
423,1,50.00,50.00,1,0.091012,0,0
424,20,135.00,85.00,0,0.090739,10,0
425,20,21.00,31.00,0,0.090467,12,6
426,20,-65.00,-45.00,0,0.090195,15,10
427,20,-41.00,-41.00,0,0.089925,12,2
428,2,100.00,100.00,1,0.089655,0,0
429,2,100.00,100.00,1,0.089386,0,0
430,20,-62.00,-62.00,0,0.089118,15,11
431,20,-21.00,-21.00,0,0.088851,13,7
432,1,50.00,50.00,1,0.088584,0,0
433,20,-77.00,-67.00,0,0.088318,13,6
434,20,119.00,99.00,0,0.088053,10,1
435,20,11.00,11.00,0,0.087789,12,3
436,20,-33.00,-53.00,0,0.087526,14,8
437,0,0.00,0.00,1,0.087263,0,0
438,2,100.00,100.00,1,0.087001,0,0
439,2,100.00,100.00,1,0.086740,0,0
440,20,-62.00,-62.00,0,0.086480,17,9
441,20,-26.00,-16.00,0,0.086221,14,7
442,20,-44.00,-84.00,0,0.085962,16,11
443,0,0.00,0.00,1,0.085704,0,0
444,20,135.00,85.00,0,0.085447,10,0
445,20,77.00,67.00,0,0.085191,11,2
446,20,-40.00,-20.00,0,0.084935,15,7
447,20,-19.00,1.00,0,0.084680,12,6
448,2,100.00,100.00,1,0.084426,0,0
449,2,100.00,100.00,1,0.084173,0,0
450,20,-82.00,-72.00,0,0.083921,14,6
451,20,-50.00,-50.00,0,0.083669,14,9
452,1,50.00,50.00,1,0.083418,0,0
453,0,0.00,0.00,1,0.083168,0,0
454,20,174.00,134.00,0,0.082918,10,1
455,20,41.00,31.00,0,0.082669,12,3
456,20,-65.00,-75.00,0,0.082421,14,9
457,20,-37.00,-77.00,0,0.082174,16,9
458,2,100.00,100.00,1,0.081927,0,0
459,2,100.00,100.00,1,0.081682,0,0
460,20,-67.00,-37.00,0,0.081437,14,9
461,20,-2.00,8.00,0,0.081192,12,4
462,0,0.00,0.00,1,0.080949,0,0
463,0,0.00,0.00,1,0.080706,0,0
464,20,174.00,134.00,0,0.080464,10,1
465,20,-13.00,-3.00,0,0.080222,12,2
466,20,-43.00,-43.00,0,0.079982,14,8
467,20,85.00,45.00,0,0.079742,11,0
468,2,100.00,100.00,1,0.079503,0,0
469,2,100.00,100.00,1,0.079264,0,0
470,20,-77.00,-47.00,0,0.079026,16,10
471,20,-11.00,-21.00,0,0.078789,13,7
472,1,50.00,50.00,1,0.078553,0,0
473,20,-133.00,-113.00,0,0.078317,16,11
474,20,135.00,85.00,0,0.078082,10,0
475,20,32.00,42.00,0,0.077848,12,1
476,20,-50.00,-20.00,0,0.077614,13,8
477,0,0.00,0.00,1,0.077382,0,0
478,2,100.00,100.00,1,0.077149,0,0
479,2,100.00,100.00,1,0.076918,0,0
480,20,-33.00,-53.00,0,0.076687,14,9
481,20,-21.00,-11.00,0,0.076457,13,6
482,20,-67.00,-57.00,0,0.076228,14,11
483,20,-13.00,-33.00,0,0.075999,13,4
484,20,174.00,134.00,0,0.075771,8,2
485,20,77.00,67.00,0,0.075544,11,2
486,20,-42.00,-62.00,0,0.075317,14,10
487,0,0.00,0.00,1,0.075091,0,0
488,2,100.00,100.00,1,0.074866,0,0
489,3,89.00,89.00,1,0.074641,1,1
490,20,-52.00,-52.00,0,0.074417,15,9
491,20,-21.00,-21.00,0,0.074194,13,7
492,2,100.00,100.00,1,0.073972,0,0
493,20,-103.00,-113.00,0,0.073750,16,9
494,20,174.00,134.00,0,0.073528,10,1
495,20,72.00,62.00,0,0.073308,12,0
496,20,-40.00,-40.00,0,0.073088,15,5
497,1,50.00,50.00,1,0.072869,0,0
498,3,94.00,94.00,1,0.072650,0,1
499,2,100.00,100.00,1,0.072432,0,0
500,20,-77.00,-57.00,0,0.072215,16,12
501,20,-7.00,13.00,0,0.071998,11,5
502,0,0.00,0.00,1,0.071782,0,0
503,5,48.00,28.00,1,0.071567,3,2
504,20,184.00,144.00,0,0.071352,9,0
505,20,88.00,98.00,0,0.071138,11,1
506,20,-28.00,-8.00,0,0.070925,12,6
507,20,-55.00,-65.00,0,0.070712,14,10
508,2,100.00,100.00,1,0.070500,0,0
509,2,100.00,100.00,1,0.070288,0,0
510,20,-26.00,-16.00,0,0.070077,12,5
511,20,-1.00,-41.00,0,0.069867,13,7
512,1,50.00,50.00,1,0.069658,0,0
513,20,-92.00,-62.00,0,0.069449,14,8
514,20,174.00,124.00,0,0.069240,10,1
515,20,53.00,43.00,0,0.069033,13,1
516,20,-77.00,-87.00,0,0.068825,14,9
517,20,-174.00,-194.00,0,0.068619,17,12
518,2,100.00,100.00,1,0.068413,0,0
519,2,100.00,100.00,1,0.068208,0,0
520,20,-38.00,-18.00,0,0.068003,15,5
521,20,8.00,-2.00,0,0.067799,12,4
522,3,50.00,50.00,1,0.067596,1,0
523,0,0.00,0.00,1,0.067393,0,0
524,20,134.00,94.00,0,0.067191,10,1
525,20,93.00,93.00,0,0.066989,12,0
526,20,-40.00,-60.00,0,0.066788,14,12
527,20,-69.00,-69.00,0,0.066588,15,12
528,2,100.00,100.00,1,0.066388,0,0
529,2,100.00,100.00,1,0.066189,0,0
530,20,-50.00,-30.00,0,0.065990,14,9
531,20,-23.00,-43.00,0,0.065792,14,8
532,1,50.00,50.00,1,0.065595,0,0
533,2,100.00,100.00,1,0.065398,0,0
534,20,119.00,99.00,0,0.065202,10,3
535,20,-7.00,13.00,0,0.065007,14,0
536,20,-62.00,-42.00,0,0.064811,14,9
537,20,-57.00,-57.00,0,0.064617,16,11
538,3,89.00,99.00,1,0.064423,1,1
539,2,100.00,100.00,1,0.064230,0,0
540,20,-53.00,-33.00,0,0.064037,14,9
541,20,-7.00,23.00,0,0.063845,11,5
542,2,100.00,100.00,1,0.063654,0,0
543,20,-38.00,-18.00,0,0.063463,13,7
544,20,179.00,129.00,0,0.063272,9,1
545,20,93.00,93.00,0,0.063082,12,0
546,20,-15.00,-45.00,0,0.062893,14,7
547,20,174.00,134.00,0,0.062705,10,1
548,2,100.00,100.00,1,0.062516,0,0
549,3,89.00,89.00,1,0.062329,1,1
550,20,-74.00,-74.00,0,0.062142,16,12
551,20,33.00,-17.00,0,0.061955,13,1
552,0,0.00,0.00,1,0.061770,0,0
553,20,-35.00,-45.00,0,0.061584,15,6
554,20,174.00,124.00,0,0.061400,10,1
555,20,-2.00,8.00,0,0.061215,13,2
556,20,-5.00,-25.00,0,0.061032,12,7
557,20,-69.00,-69.00,0,0.060849,15,10
558,2,100.00,100.00,1,0.060666,0,0
559,2,100.00,100.00,1,0.060484,0,0
560,20,-58.00,-28.00,0,0.060303,13,9
561,20,-58.00,-48.00,0,0.060122,12,5
562,20,-8.00,-48.00,0,0.059941,15,8
563,20,-120.00,-120.00,0,0.059761,15,11
564,20,144.00,74.00,0,0.059582,11,3
565,20,43.00,43.00,0,0.059403,13,1
566,20,-14.00,-14.00,0,0.059225,13,5
567,0,0.00,0.00,1,0.059048,0,0
568,2,100.00,100.00,1,0.058870,0,0
569,2,100.00,100.00,1,0.058694,0,0
570,20,-58.00,-8.00,0,0.058518,13,6
571,20,-21.00,-21.00,0,0.058342,13,7
572,20,-70.00,-70.00,0,0.058167,11,1
573,0,0.00,0.00,1,0.057993,0,0
574,20,135.00,85.00,0,0.057819,10,0
575,20,93.00,93.00,0,0.057645,12,0
576,20,-54.00,-24.00,0,0.057472,13,10
577,20,-90.00,-80.00,0,0.057300,17,11
578,2,100.00,100.00,1,0.057128,0,0
579,2,100.00,100.00,1,0.056957,0,0
580,20,-45.00,-55.00,0,0.056786,15,11
581,20,-75.00,-65.00,0,0.056615,14,6
582,20,-140.00,-120.00,0,0.056445,16,14
583,20,-26.00,-46.00,0,0.056276,11,4
584,20,135.00,85.00,0,0.056107,10,0
585,20,93.00,93.00,0,0.055939,12,0
586,20,-37.00,-57.00,0,0.055771,14,9
587,20,-32.00,-52.00,0,0.055604,14,1
588,2,100.00,100.00,1,0.055437,0,0
589,2,100.00,100.00,1,0.055271,0,0
590,20,-104.00,-74.00,0,0.055105,13,8
591,20,-33.00,-33.00,0,0.054940,14,8
592,20,-69.00,-69.00,0,0.054775,15,13
593,1,50.00,50.00,1,0.054610,0,0
594,20,135.00,85.00,0,0.054447,10,0
595,20,93.00,93.00,0,0.054283,12,0
596,20,-75.00,-65.00,0,0.054120,14,7
597,4,39.00,49.00,1,0.053958,2,1
598,2,100.00,100.00,1,0.053796,0,0
599,2,100.00,100.00,1,0.053635,0,0
600,20,-57.00,-57.00,0,0.053474,14,11
601,20,-16.00,-26.00,0,0.053314,12,7
602,20,-82.00,-72.00,0,0.053154,16,7
603,20,-152.00,-172.00,0,0.052994,16,8
604,20,135.00,85.00,0,0.052835,10,0
605,20,3.00,3.00,0,0.052677,12,2
606,20,5.00,-5.00,0,0.052519,11,4
607,20,-55.00,-25.00,0,0.052361,13,8
608,2,100.00,100.00,1,0.052204,0,0
609,2,100.00,100.00,1,0.052047,0,0
610,20,-21.00,-21.00,0,0.051891,13,6
611,20,3.00,3.00,0,0.051736,11,5
612,0,0.00,0.00,1,0.051580,0,0
613,3,50.00,50.00,1,0.051426,1,0
614,20,184.00,124.00,0,0.051271,10,1
615,20,43.00,53.00,0,0.051117,13,1
616,20,-57.00,-47.00,0,0.050964,14,10
617,20,-74.00,-74.00,0,0.050811,16,11
618,2,100.00,100.00,1,0.050659,0,0
619,2,100.00,100.00,1,0.050507,0,0
620,20,-28.00,-38.00,0,0.050355,15,5
621,20,-87.00,-57.00,0,0.050204,15,7
622,1,50.00,50.00,1,0.050054,0,0
623,20,-150.00,-120.00,0,0.049903,16,14
624,20,135.00,85.00,0,0.049754,10,0
625,20,13.00,-7.00,0,0.049605,14,2
626,20,-8.00,-28.00,0,0.049456,13,5
627,20,-53.00,-13.00,0,0.049307,14,8
628,2,100.00,100.00,1,0.049159,0,0
629,2,100.00,100.00,1,0.049012,0,0
630,20,-91.00,-121.00,0,0.048865,15,10
631,20,28.00,-12.00,0,0.048718,12,4
632,2,49.00,39.00,1,0.048572,1,1
633,0,0.00,0.00,1,0.048426,0,0
634,20,184.00,144.00,0,0.048281,9,0
635,20,93.00,93.00,0,0.048136,12,0
636,20,-52.00,-42.00,0,0.047992,12,10
637,0,0.00,0.00,1,0.047848,0,0
638,2,100.00,100.00,1,0.047704,0,0
639,3,89.00,89.00,1,0.047561,1,1
640,20,-45.00,-55.00,0,0.047419,13,10
641,20,-17.00,23.00,0,0.047276,11,5
642,20,-106.00,-86.00,0,0.047134,18,7
643,20,23.00,-7.00,0,0.046993,11,1
644,20,135.00,85.00,0,0.046852,10,0
645,20,93.00,93.00,0,0.046712,12,0
646,20,13.00,-17.00,0,0.046571,13,3
647,20,-80.00,-80.00,0,0.046432,13,8
648,2,100.00,100.00,1,0.046292,0,0
649,2,100.00,100.00,1,0.046154,0,0
650,20,-68.00,-38.00,0,0.046015,12,6
651,20,-16.00,-26.00,0,0.045877,14,7
652,0,0.00,0.00,1,0.045739,0,0
653,20,-47.00,-67.00,0,0.045602,16,7
654,20,113.00,103.00,0,0.045465,12,1
655,20,48.00,48.00,0,0.045329,12,1
656,20,-20.00,-20.00,0,0.045193,13,7
657,0,0.00,0.00,1,0.045057,0,0
658,2,100.00,100.00,1,0.044922,0,0
659,2,100.00,100.00,1,0.044787,0,0
660,20,-94.00,-84.00,0,0.044653,15,8
661,20,10.00,20.00,0,0.044519,11,4
662,1,50.00,50.00,1,0.044386,0,0
663,20,-118.00,-118.00,0,0.044252,17,11
664,20,174.00,134.00,0,0.044120,10,1
665,20,93.00,93.00,0,0.043987,12,0
666,20,0.00,-10.00,0,0.043855,12,3
667,1,50.00,50.00,1,0.043724,0,0
668,2,100.00,100.00,1,0.043593,0,0
669,2,100.00,100.00,1,0.043462,0,0
670,20,-16.00,-16.00,0,0.043331,12,7
671,20,-16.00,-16.00,0,0.043201,12,6
672,1,50.00,50.00,1,0.043072,0,0
673,2,49.00,39.00,1,0.042943,1,1
674,20,169.00,139.00,0,0.042814,9,2
675,20,53.00,43.00,0,0.042685,13,1
676,20,-13.00,-23.00,0,0.042557,13,6
677,1,50.00,50.00,1,0.042430,0,0
678,2,100.00,100.00,1,0.042302,0,0
679,2,100.00,100.00,1,0.042175,0,0
680,20,-113.00,-123.00,0,0.042049,16,10
681,20,15.00,15.00,0,0.041923,12,3
682,20,-26.00,-26.00,0,0.041797,14,7
683,20,-42.00,-72.00,0,0.041672,15,10
684,20,135.00,85.00,0,0.041547,10,0
685,20,53.00,43.00,0,0.041422,13,1
686,20,-12.00,-32.00,0,0.041298,13,6
687,20,43.00,43.00,0,0.041174,13,0
688,2,100.00,100.00,1,0.041050,0,0
689,4,100.00,100.00,1,0.040927,1,0
690,20,-45.00,-55.00,0,0.040804,15,9
691,20,8.00,-2.00,0,0.040682,12,4
692,0,0.00,0.00,1,0.040560,0,0
693,20,-74.00,-74.00,0,0.040438,16,11
694,20,135.00,85.00,0,0.040317,10,0
695,20,93.00,93.00,0,0.040196,12,0
696,20,-3.00,7.00,0,0.040075,9,5
697,20,-89.00,-79.00,0,0.039955,14,7
698,2,100.00,100.00,1,0.039835,0,0
699,2,100.00,100.00,1,0.039716,0,0
700,20,-99.00,-69.00,0,0.039597,14,8
701,20,-31.00,-21.00,0,0.039478,13,7
702,1,50.00,50.00,1,0.039359,0,0
703,20,-130.00,-140.00,0,0.039241,16,14
704,20,135.00,85.00,0,0.039124,10,0
705,20,93.00,93.00,0,0.039006,12,0
706,20,-34.00,-34.00,0,0.038889,14,10
707,1,50.00,50.00,1,0.038773,0,0
708,2,100.00,100.00,1,0.038656,0,0
709,2,100.00,100.00,1,0.038540,0,0
710,20,-38.00,-28.00,0,0.038425,13,8
711,20,10.00,30.00,0,0.038309,11,3
712,20,-115.00,-115.00,0,0.038194,15,10
713,20,179.00,129.00,0,0.038080,9,1
714,20,135.00,85.00,0,0.037966,10,0
715,20,93.00,93.00,0,0.037852,12,0
716,20,-2.00,8.00,0,0.037738,11,2
717,20,135.00,85.00,0,0.037625,10,0
718,2,100.00,100.00,1,0.037512,0,0
719,2,100.00,100.00,1,0.037400,0,0
720,20,-11.00,-31.00,0,0.037287,13,7
721,20,1.00,-9.00,0,0.037175,12,5
722,20,-135.00,-125.00,0,0.037064,17,12
723,0,0.00,0.00,1,0.036953,0,0
724,20,174.00,124.00,0,0.036842,10,1
725,20,-7.00,13.00,0,0.036731,14,2
726,20,-2.00,-22.00,0,0.036621,12,6
727,20,-85.00,-95.00,0,0.036511,16,13
728,2,100.00,100.00,1,0.036402,0,0
729,2,100.00,100.00,1,0.036293,0,0
730,20,-38.00,-28.00,0,0.036184,15,5
731,20,15.00,25.00,0,0.036075,10,4
732,3,50.00,50.00,1,0.035967,1,0
733,20,135.00,85.00,0,0.035859,10,0
734,20,184.00,124.00,0,0.035751,10,1
735,20,8.00,-2.00,0,0.035644,13,2
736,20,-47.00,-67.00,0,0.035537,15,8
737,20,-60.00,-70.00,0,0.035431,14,10
738,2,100.00,100.00,1,0.035324,0,0
739,2,100.00,100.00,1,0.035218,0,0
740,20,-13.00,-43.00,0,0.035113,14,7
741,20,-21.00,-51.00,0,0.035007,10,4
742,20,-74.00,-84.00,0,0.034902,16,12
743,20,43.00,43.00,0,0.034798,13,0
744,20,135.00,85.00,0,0.034693,10,0
745,20,93.00,93.00,0,0.034589,12,0
746,20,15.00,5.00,0,0.034485,10,4
747,0,0.00,0.00,1,0.034382,0,0
748,2,100.00,100.00,1,0.034279,0,0
749,2,100.00,100.00,1,0.034176,0,0
750,20,-53.00,-43.00,0,0.034073,11,4
751,20,-5.00,35.00,0,0.033971,12,2
752,20,-59.00,-79.00,0,0.033869,15,12
753,0,0.00,0.00,1,0.033768,0,0
754,20,135.00,85.00,0,0.033666,10,0
755,20,-7.00,13.00,0,0.033565,14,2
756,20,-27.00,3.00,0,0.033465,12,6
757,20,-131.00,-81.00,0,0.033364,17,6
758,2,100.00,100.00,1,0.033264,0,0
759,2,100.00,100.00,1,0.033164,0,0
760,20,-13.00,-53.00,0,0.033065,14,10
761,20,-6.00,-26.00,0,0.032966,14,6
762,3,50.00,50.00,1,0.032867,1,0
763,20,-157.00,-167.00,0,0.032768,17,6
764,20,135.00,85.00,0,0.032670,10,0
765,20,93.00,93.00,0,0.032572,12,0
766,20,29.00,-1.00,0,0.032474,12,2
767,20,8.00,-2.00,0,0.032377,13,1
768,2,100.00,100.00,1,0.032280,0,0
769,2,100.00,100.00,1,0.032183,0,0
770,20,-70.00,-50.00,0,0.032086,13,6
771,20,27.00,37.00,0,0.031990,11,2
772,1,50.00,50.00,1,0.031894,0,0
773,0,0.00,0.00,1,0.031798,0,0
774,20,186.00,146.00,0,0.031703,9,0
775,20,93.00,93.00,0,0.031608,12,0
776,20,-52.00,-42.00,0,0.031513,13,7
777,20,15.00,15.00,0,0.031418,9,1
778,2,100.00,100.00,1,0.031324,0,0
779,2,100.00,100.00,1,0.031230,0,0
780,20,-45.00,-35.00,0,0.031137,15,9
781,20,20.00,20.00,0,0.031043,11,2
782,20,-19.00,-29.00,0,0.030950,11,3
783,20,-113.00,-103.00,0,0.030857,16,12
784,20,184.00,124.00,0,0.030765,10,1
785,20,93.00,93.00,0,0.030672,12,0
786,20,-2.00,-22.00,0,0.030580,11,7
787,0,0.00,0.00,1,0.030489,0,0
788,2,100.00,100.00,1,0.030397,0,0
789,2,100.00,100.00,1,0.030306,0,0
790,20,13.00,3.00,0,0.030215,13,2
791,20,-55.00,-55.00,0,0.030124,15,10
792,20,13.00,3.00,0,0.030034,11,5
793,20,-40.00,-50.00,0,0.029944,14,9
794,20,184.00,124.00,0,0.029854,10,0
795,20,53.00,43.00,0,0.029764,13,1
796,20,5.00,15.00,0,0.029675,12,3
797,0,0.00,0.00,1,0.029586,0,0
798,2,100.00,100.00,1,0.029497,0,0
799,2,100.00,100.00,1,0.029409,0,0
800,20,-43.00,-23.00,0,0.029321,12,9
801,20,17.00,37.00,0,0.029233,11,2
802,20,-26.00,-46.00,0,0.029145,13,1
803,0,0.00,0.00,1,0.029058,0,0
804,20,91.00,81.00,0,0.028970,9,0
805,20,93.00,93.00,0,0.028883,12,0
806,20,-17.00,-37.00,0,0.028797,13,6
807,1,50.00,50.00,1,0.028710,0,0
808,2,100.00,100.00,1,0.028624,0,0
809,2,100.00,100.00,1,0.028538,0,0
810,20,-60.00,-80.00,0,0.028453,13,6
811,20,-9.00,-9.00,0,0.028367,12,6
812,20,-100.00,-60.00,0,0.028282,16,11
813,20,-55.00,-45.00,0,0.028198,15,8
814,20,135.00,85.00,0,0.028113,10,0
815,20,53.00,43.00,0,0.028029,13,1
816,20,-47.00,-37.00,0,0.027944,14,10
817,20,20.00,20.00,0,0.027861,11,2
818,2,100.00,100.00,1,0.027777,0,0
819,2,100.00,100.00,1,0.027694,0,0
820,20,-57.00,-57.00,0,0.027611,16,9
821,20,-34.00,-24.00,0,0.027528,12,2
822,20,-3.00,-23.00,0,0.027445,12,6
823,20,-12.00,28.00,0,0.027363,12,3
824,20,135.00,85.00,0,0.027281,10,0
825,20,93.00,93.00,0,0.027199,12,0
826,20,-21.00,-41.00,0,0.027117,13,3
827,20,37.00,27.00,0,0.027036,11,1
828,2,100.00,100.00,1,0.026955,0,0
829,2,100.00,100.00,1,0.026874,0,0
830,20,-50.00,-50.00,0,0.026793,14,11
831,20,-31.00,-41.00,0,0.026713,12,3
832,0,0.00,0.00,1,0.026633,0,0
833,20,-40.00,-40.00,0,0.026553,12,5
834,20,135.00,85.00,0,0.026473,10,0
835,20,93.00,93.00,0,0.026394,12,0
836,20,-27.00,-17.00,0,0.026315,13,5
837,20,-10.00,-10.00,0,0.026236,13,8
838,2,100.00,100.00,1,0.026157,0,0
839,2,100.00,100.00,1,0.026079,0,0
840,20,-6.00,-36.00,0,0.026000,14,8
841,20,22.00,42.00,0,0.025922,10,2
842,20,15.00,25.00,0,0.025845,10,3
843,0,0.00,0.00,1,0.025767,0,0
844,20,135.00,85.00,0,0.025690,10,0
845,20,93.00,93.00,0,0.025613,12,0
846,20,-15.00,-55.00,0,0.025536,11,5
847,1,50.00,50.00,1,0.025459,0,0
848,2,100.00,100.00,1,0.025383,0,0
849,2,100.00,100.00,1,0.025307,0,0
850,20,-19.00,1.00,0,0.025231,12,3
851,20,5.00,35.00,0,0.025155,12,3
852,20,-74.00,-54.00,0,0.025080,13,6
853,20,3.00,-7.00,0,0.025004,14,0
854,20,135.00,85.00,0,0.024929,10,0
855,20,93.00,93.00,0,0.024855,12,0
856,20,-34.00,-44.00,0,0.024780,14,7
857,20,-65.00,-85.00,0,0.024706,15,11
858,2,100.00,100.00,1,0.024632,0,0
859,2,100.00,100.00,1,0.024558,0,0
860,20,1.00,-9.00,0,0.024484,14,1
861,20,49.00,39.00,0,0.024411,10,1
862,20,-35.00,-55.00,0,0.024337,15,7
863,20,53.00,43.00,0,0.024264,13,1
864,20,51.00,71.00,0,0.024192,11,2
865,20,93.00,93.00,0,0.024119,12,0
866,20,-28.00,-18.00,0,0.024047,13,6
867,0,0.00,0.00,1,0.023974,0,0
868,2,100.00,100.00,1,0.023903,0,0
869,2,100.00,100.00,1,0.023831,0,0
870,20,8.00,-2.00,0,0.023759,12,6
871,20,-14.00,-4.00,0,0.023688,13,4
872,20,-51.00,-21.00,0,0.023617,12,4
873,3,50.00,50.00,1,0.023546,1,0
874,20,135.00,85.00,0,0.023476,10,0
875,20,93.00,93.00,0,0.023405,12,0
876,20,-13.00,-33.00,0,0.023335,10,3
877,20,-35.00,-45.00,0,0.023265,15,6
878,2,100.00,100.00,1,0.023195,0,0
879,2,100.00,100.00,1,0.023126,0,0
880,20,3.00,13.00,0,0.023056,11,2
881,20,-17.00,-7.00,0,0.022987,10,2
882,1,50.00,50.00,1,0.022918,0,0
883,0,0.00,0.00,1,0.022849,0,0
884,20,135.00,85.00,0,0.022781,10,0
885,20,93.00,93.00,0,0.022712,12,0
886,20,-5.00,-15.00,0,0.022644,12,6
887,0,0.00,0.00,1,0.022576,0,0
888,2,100.00,100.00,1,0.022509,0,0
889,2,100.00,100.00,1,0.022441,0,0
890,20,13.00,3.00,0,0.022374,13,1
891,20,25.00,5.00,0,0.022307,12,2
892,20,13.00,3.00,0,0.022240,11,5
893,20,-94.00,-64.00,0,0.022173,13,5
894,20,179.00,129.00,0,0.022106,9,1
895,20,93.00,93.00,0,0.022040,12,0
896,20,-11.00,-11.00,0,0.021974,14,3
897,1,50.00,50.00,1,0.021908,0,0
898,2,100.00,100.00,1,0.021842,0,0
899,2,100.00,100.00,1,0.021777,0,0
900,20,-14.00,6.00,0,0.021711,11,6
901,20,-24.00,-34.00,0,0.021646,12,2
902,2,49.00,39.00,1,0.021581,1,1
903,0,0.00,0.00,1,0.021517,0,0
904,20,135.00,85.00,0,0.021452,10,0
905,20,93.00,93.00,0,0.021388,12,0
906,20,-23.00,-43.00,0,0.021324,11,5
907,20,8.00,-2.00,0,0.021260,13,1
908,2,100.00,100.00,1,0.021196,0,0
909,2,100.00,100.00,1,0.021132,0,0
910,20,-24.00,-14.00,0,0.021069,13,6
911,20,-12.00,-12.00,0,0.021006,11,1
912,20,49.00,39.00,0,0.020943,10,0
913,1,50.00,50.00,1,0.020880,0,0
914,20,184.00,124.00,0,0.020817,10,1
915,20,93.00,93.00,0,0.020755,12,0
916,20,-6.00,14.00,0,0.020692,12,4
917,0,0.00,0.00,1,0.020630,0,0
918,2,100.00,100.00,1,0.020568,0,0
919,2,100.00,100.00,1,0.020507,0,0
920,20,-11.00,-31.00,0,0.020445,13,7
921,20,3.00,13.00,0,0.020384,11,4
922,0,0.00,0.00,1,0.020323,0,0
923,20,13.00,-7.00,0,0.020262,14,1
924,20,135.00,85.00,0,0.020201,10,0
925,20,93.00,93.00,0,0.020140,12,0
926,20,2.00,-8.00,0,0.020080,12,4
927,0,0.00,0.00,1,0.020020,0,0
928,2,100.00,100.00,1,0.019960,0,0
929,2,100.00,100.00,1,0.019900,0,0
930,20,-14.00,-4.00,0,0.019840,13,6
931,20,-29.00,-29.00,0,0.019781,11,3
932,1,50.00,50.00,1,0.019721,0,0
933,0,0.00,0.00,1,0.019662,0,0
934,20,135.00,85.00,0,0.019603,10,0
935,20,93.00,93.00,0,0.019544,12,0
936,20,1.00,1.00,0,0.019486,11,4
937,20,-12.00,-12.00,0,0.019427,11,1
938,2,100.00,100.00,1,0.019369,0,0
939,2,100.00,100.00,1,0.019311,0,0
940,20,-31.00,-41.00,0,0.019253,10,4
941,20,-22.00,-2.00,0,0.019195,11,0
942,20,-104.00,-104.00,0,0.019138,14,3
943,2,100.00,100.00,1,0.019080,0,0
944,20,174.00,134.00,0,0.019023,10,1
945,20,13.00,13.00,0,0.018966,13,0
946,20,4.00,-6.00,0,0.018909,12,6
947,20,-84.00,-64.00,0,0.018852,16,12
948,2,100.00,100.00,1,0.018796,0,0
949,2,100.00,100.00,1,0.018739,0,0
950,20,-50.00,-40.00,0,0.018683,14,10
951,20,22.00,42.00,0,0.018627,10,2
952,1,50.00,50.00,1,0.018571,0,0
953,0,0.00,0.00,1,0.018515,0,0
954,20,135.00,85.00,0,0.018460,10,0
955,20,93.00,93.00,0,0.018404,12,0
956,20,24.00,4.00,0,0.018349,11,2
957,20,-72.00,-52.00,0,0.018294,15,9
958,2,100.00,100.00,1,0.018239,0,0
959,2,100.00,100.00,1,0.018185,0,0
960,20,27.00,37.00,0,0.018130,11,2
961,20,-14.00,-34.00,0,0.018076,12,2
962,1,50.00,50.00,1,0.018021,0,0
963,20,18.00,-2.00,0,0.017967,12,3
964,20,184.00,124.00,0,0.017913,10,1
965,20,93.00,93.00,0,0.017860,12,0
966,20,-20.00,-10.00,0,0.017806,12,4
967,20,-35.00,-55.00,0,0.017753,15,7
968,2,100.00,100.00,1,0.017699,0,0
969,2,100.00,100.00,1,0.017646,0,0
970,20,39.00,49.00,0,0.017593,10,1
971,20,49.00,39.00,0,0.017541,10,1
972,20,-86.00,-96.00,0,0.017488,15,8
973,1,50.00,50.00,1,0.017436,0,0
974,20,135.00,85.00,0,0.017383,10,0
975,20,93.00,93.00,0,0.017331,12,0
976,20,-9.00,-29.00,0,0.017279,10,3
977,20,-91.00,-111.00,0,0.017227,15,11
978,2,100.00,100.00,1,0.017176,0,0
979,2,100.00,100.00,1,0.017124,0,0
980,20,-50.00,-40.00,0,0.017073,14,9
981,20,0.00,0.00,0,0.017021,10,0
982,0,0.00,0.00,1,0.016970,0,0
983,0,0.00,0.00,1,0.016920,0,0
984,20,135.00,85.00,0,0.016869,10,0
985,20,93.00,93.00,0,0.016818,12,0
986,20,-64.00,-34.00,0,0.016768,13,5
987,20,-35.00,-45.00,0,0.016717,12,3
988,2,100.00,100.00,1,0.016667,0,0
989,2,100.00,100.00,1,0.016617,0,0
990,20,27.00,27.00,0,0.016567,11,3
991,20,0.00,0.00,0,0.016518,10,0
992,20,-59.00,-79.00,0,0.016468,15,12
993,0,0.00,0.00,1,0.016419,0,0
994,20,135.00,85.00,0,0.016369,10,0
995,20,93.00,93.00,0,0.016320,12,0
996,20,-14.00,-14.00,0,0.016271,11,7
997,20,64.00,44.00,0,0.016223,12,0
998,2,100.00,100.00,1,0.016174,0,0
999,2,100.00,100.00,1,0.016125,0,0
1000,20,8.00,-2.00,0,0.016077,12,4
1001,20,20.00,10.00,0,0.016029,11,2
1002,3,50.00,50.00,1,0.015981,1,0
1003,20,43.00,53.00,0,0.015933,13,1
1004,20,184.00,124.00,0,0.015885,10,1
1005,20,93.00,93.00,0,0.015837,12,0
1006,20,23.00,3.00,0,0.015790,12,3
1007,20,-89.00,-69.00,0,0.015742,15,13
1008,2,100.00,100.00,1,0.015695,0,0
1009,2,100.00,100.00,1,0.015648,0,0
1010,20,-82.00,-72.00,0,0.015601,14,7
1011,20,39.00,49.00,0,0.015554,10,1
1012,20,-43.00,-33.00,0,0.015508,14,8
1013,1,50.00,50.00,1,0.015461,0,0
1014,20,135.00,85.00,0,0.015415,10,0
1015,20,93.00,93.00,0,0.015369,12,0
1016,20,-49.00,-39.00,0,0.015322,12,4
1017,1,50.00,50.00,1,0.015276,0,0
1018,2,100.00,100.00,1,0.015231,0,0
1019,2,100.00,100.00,1,0.015185,0,0
1020,20,0.00,0.00,0,0.015139,10,0
1021,20,-19.00,-39.00,0,0.015094,11,2
1022,0,0.00,0.00,1,0.015049,0,0
1023,20,-39.00,-39.00,0,0.015004,11,3
1024,20,164.00,134.00,0,0.014959,10,0
1025,20,43.00,43.00,0,0.014914,13,1
1026,20,-10.00,-20.00,0,0.014869,11,3
1027,20,-96.00,-96.00,0,0.014824,14,9
1028,2,100.00,100.00,1,0.014780,0,0
1029,2,100.00,100.00,1,0.014736,0,0
1030,20,8.00,8.00,0,0.014691,12,3
1031,20,44.00,44.00,0,0.014647,9,1
1032,0,0.00,0.00,1,0.014603,0,0
1033,20,-23.00,-33.00,0,0.014559,13,5
1034,20,174.00,124.00,0,0.014516,10,1
1035,20,93.00,93.00,0,0.014472,12,0
1036,20,6.00,-4.00,0,0.014429,12,4
1037,20,3.00,-7.00,0,0.014386,14,0
1038,2,100.00,100.00,1,0.014342,0,0
1039,2,100.00,100.00,1,0.014299,0,0
1040,20,47.00,17.00,0,0.014256,11,1
1041,20,0.00,0.00,0,0.014214,10,0
1042,20,27.00,37.00,0,0.014171,11,1
1043,0,0.00,0.00,1,0.014129,0,0
1044,20,135.00,85.00,0,0.014086,10,0
1045,20,93.00,93.00,0,0.014044,12,0
1046,20,42.00,22.00,0,0.014002,10,1
1047,20,-113.00,-113.00,0,0.013960,16,12
1048,2,100.00,100.00,1,0.013918,0,0
1049,2,100.00,100.00,1,0.013876,0,0
1050,20,22.00,42.00,0,0.013834,10,1
1051,20,-12.00,-12.00,0,0.013793,11,1
1052,0,0.00,0.00,1,0.013752,0,0
1053,0,0.00,0.00,1,0.013710,0,0
1054,20,135.00,85.00,0,0.013669,10,0
1055,20,-7.00,13.00,0,0.013628,14,0
1056,20,3.00,33.00,0,0.013587,12,2
1057,4,32.00,32.00,1,0.013547,2,3
1058,2,100.00,100.00,1,0.013506,0,0
1059,2,100.00,100.00,1,0.013465,0,0
1060,20,39.00,39.00,0,0.013425,10,1
1061,20,0.00,0.00,0,0.013385,10,0
1062,20,-12.00,-12.00,0,0.013345,11,2
1063,20,-53.00,-73.00,0,0.013305,13,5
1064,20,135.00,85.00,0,0.013265,10,0
1065,20,93.00,93.00,0,0.013225,12,0
1066,20,47.00,17.00,0,0.013185,11,2
1067,20,3.00,-7.00,0,0.013146,14,0
1068,2,100.00,100.00,1,0.013106,0,0
1069,2,100.00,100.00,1,0.013067,0,0
1070,20,32.00,32.00,0,0.013028,10,2
1071,20,3.00,3.00,0,0.012989,11,4
1072,1,50.00,50.00,1,0.012950,0,0
1073,20,-14.00,-34.00,0,0.012911,12,0
1074,20,174.00,124.00,0,0.012872,10,1
1075,20,93.00,93.00,0,0.012833,12,0
1076,20,49.00,39.00,0,0.012795,10,0
1077,0,0.00,0.00,1,0.012757,0,0
1078,2,100.00,100.00,1,0.012718,0,0
1079,2,100.00,100.00,1,0.012680,0,0
1080,20,-84.00,-94.00,0,0.012642,15,8
1081,20,0.00,0.00,0,0.012604,10,0
1082,20,-120.00,-140.00,0,0.012566,16,12
1083,20,-123.00,-113.00,0,0.012529,16,13
1084,20,135.00,85.00,0,0.012491,10,0
1085,20,93.00,93.00,0,0.012454,12,0
1086,20,-8.00,2.00,0,0.012416,10,4
1087,2,100.00,100.00,1,0.012379,0,0
1088,2,100.00,100.00,1,0.012342,0,0
1089,2,100.00,100.00,1,0.012305,0,0
1090,20,0.00,0.00,0,0.012268,10,0
1091,20,49.00,39.00,0,0.012231,10,1
1092,0,0.00,0.00,1,0.012194,0,0
1093,0,0.00,0.00,1,0.012158,0,0
1094,20,135.00,85.00,0,0.012121,10,0
1095,20,93.00,93.00,0,0.012085,12,0
1096,20,-2.00,8.00,0,0.012049,12,5
1097,20,-64.00,-74.00,0,0.012013,16,12
1098,2,100.00,100.00,1,0.011977,0,0
1099,2,100.00,100.00,1,0.011941,0,0
1100,20,-12.00,-12.00,0,0.011905,11,2
1101,20,0.00,0.00,0,0.011869,10,0
1102,0,0.00,0.00,1,0.011833,0,0
1103,0,0.00,0.00,1,0.011798,0,0
1104,20,135.00,85.00,0,0.011763,10,0
1105,20,93.00,93.00,0,0.011727,12,0
1106,20,-22.00,-2.00,0,0.011692,11,2
1107,0,0.00,0.00,1,0.011657,0,0
1108,2,100.00,100.00,1,0.011622,0,0
1109,2,100.00,100.00,1,0.011587,0,0
1110,20,44.00,44.00,0,0.011552,9,1
1111,20,0.00,0.00,0,0.011518,10,0
1112,0,0.00,0.00,1,0.011483,0,0
1113,0,0.00,0.00,1,0.011449,0,0
1114,20,135.00,85.00,0,0.011414,10,0
1115,20,93.00,93.00,0,0.011380,12,0
1116,20,10.00,10.00,0,0.011346,11,3
1117,20,-12.00,-12.00,0,0.011312,11,0
1118,2,100.00,100.00,1,0.011278,0,0
1119,2,100.00,100.00,1,0.011244,0,0
1120,20,-70.00,-60.00,0,0.011210,13,6
1121,20,0.00,0.00,0,0.011177,10,0
1122,20,135.00,85.00,0,0.011143,10,0
1123,0,0.00,0.00,1,0.011110,0,0
1124,20,135.00,85.00,0,0.011077,10,0
1125,20,93.00,93.00,0,0.011043,12,0
1126,20,49.00,39.00,0,0.011010,10,1
1127,1,50.00,50.00,1,0.010977,0,0
1128,2,100.00,100.00,1,0.010944,0,0
1129,2,100.00,100.00,1,0.010911,0,0
1130,20,39.00,39.00,0,0.010879,10,1
1131,20,0.00,0.00,0,0.010846,10,0
1132,0,0.00,0.00,1,0.010814,0,0
1133,1,50.00,50.00,1,0.010781,0,0
1134,20,135.00,85.00,0,0.010749,10,0
1135,20,93.00,93.00,0,0.010716,12,0
1136,20,11.00,-19.00,0,0.010684,13,3
1137,1,50.00,50.00,1,0.010652,0,0
1138,2,100.00,100.00,1,0.010620,0,0
1139,2,100.00,100.00,1,0.010588,0,0
1140,20,0.00,0.00,0,0.010557,10,0
1141,20,44.00,44.00,0,0.010525,9,1
1142,20,-84.00,-74.00,0,0.010493,16,12
1143,0,0.00,0.00,1,0.010462,0,0
1144,20,135.00,85.00,0,0.010431,10,0
1145,20,93.00,93.00,0,0.010399,12,0
1146,20,-42.00,-22.00,0,0.010368,13,6
1147,20,119.00,89.00,0,0.010337,10,1
1148,2,100.00,100.00,1,0.010306,0,0
1149,2,100.00,100.00,1,0.010275,0,0
1150,20,0.00,0.00,0,0.010244,10,0
1151,20,-22.00,-2.00,0,0.010213,11,0
1152,0,0.00,0.00,1,0.010183,0,0
1153,0,0.00,0.00,1,0.010152,0,0
1154,20,135.00,85.00,0,0.010122,10,0
1155,20,93.00,93.00,0,0.010091,12,0
1156,20,44.00,44.00,0,0.010061,9,1
1157,0,0.00,0.00,1,0.010031,0,0
1158,2,100.00,100.00,1,0.010001,0,0
1159,2,100.00,100.00,1,0.010000,0,0
1160,20,0.00,0.00,0,0.010000,10,0
1161,20,0.00,0.00,0,0.010000,10,0
1162,20,-36.00,-6.00,0,0.010000,14,5
1163,0,0.00,0.00,1,0.010000,0,0
1164,20,135.00,85.00,0,0.010000,10,0
1165,20,93.00,93.00,0,0.010000,12,0
1166,20,-44.00,-44.00,0,0.010000,11,4
1167,20,27.00,27.00,0,0.010000,11,2
1168,2,100.00,100.00,1,0.010000,0,0
1169,2,100.00,100.00,1,0.010000,0,0
1170,20,0.00,0.00,0,0.010000,10,0
1171,20,0.00,0.00,0,0.010000,10,0
1172,1,50.00,50.00,1,0.010000,0,0
1173,0,0.00,0.00,1,0.010000,0,0
1174,20,135.00,85.00,0,0.010000,10,0
1175,20,93.00,93.00,0,0.010000,12,0
1176,20,39.00,49.00,0,0.010000,10,1
1177,20,-120.00,-130.00,0,0.010000,16,13
1178,2,100.00,100.00,1,0.010000,0,0
1179,2,100.00,100.00,1,0.010000,0,0
1180,20,0.00,0.00,0,0.010000,10,0
1181,20,37.00,27.00,0,0.010000,11,1
1182,20,-46.00,-36.00,0,0.010000,14,0
1183,2,100.00,100.00,1,0.010000,0,0
1184,20,135.00,85.00,0,0.010000,10,0
1185,20,13.00,-7.00,0,0.010000,14,0
1186,20,47.00,17.00,0,0.010000,11,3
1187,0,0.00,0.00,1,0.010000,0,0
1188,2,100.00,100.00,1,0.010000,0,0
1189,2,100.00,100.00,1,0.010000,0,0
1190,20,0.00,0.00,0,0.010000,10,0
1191,20,0.00,0.00,0,0.010000,10,0
1192,20,-56.00,-66.00,0,0.010000,12,5
1193,0,0.00,0.00,1,0.010000,0,0
1194,20,174.00,124.00,0,0.010000,10,1
1195,20,93.00,93.00,0,0.010000,12,0
1196,20,39.00,39.00,0,0.010000,10,1
1197,20,-52.00,-62.00,0,0.010000,15,11
1198,2,100.00,100.00,1,0.010000,0,0
1199,2,100.00,100.00,1,0.010000,0,0
1200,20,0.00,0.00,0,0.010000,10,0
1201,20,0.00,0.00,0,0.010000,10,0
1202,0,0.00,0.00,1,0.010000,0,0
1203,20,-50.00,0.00,0,0.010000,12,5
1204,20,135.00,85.00,0,0.010000,10,0
1205,20,43.00,53.00,0,0.010000,13,1
1206,20,-7.00,-7.00,0,0.010000,11,1
1207,0,0.00,0.00,1,0.010000,0,0
1208,2,100.00,100.00,1,0.010000,0,0
1209,2,100.00,100.00,1,0.010000,0,0
1210,20,8.00,-2.00,0,0.010000,12,5
1211,20,0.00,0.00,0,0.010000,10,0
1212,20,-80.00,-60.00,0,0.010000,14,10
1213,20,-111.00,-101.00,0,0.010000,15,11
1214,20,135.00,85.00,0,0.010000,10,0
1215,20,93.00,93.00,0,0.010000,12,0
1216,20,-7.00,-27.00,0,0.010000,12,8
1217,1,50.00,50.00,1,0.010000,0,0
1218,2,100.00,100.00,1,0.010000,0,0
1219,2,100.00,100.00,1,0.010000,0,0
1220,20,0.00,0.00,0,0.010000,10,0
1221,20,0.00,0.00,0,0.010000,10,0
1222,20,0.00,0.00,0,0.010000,10,0
1223,20,49.00,39.00,0,0.010000,10,1
1224,20,135.00,85.00,0,0.010000,10,0
1225,20,93.00,93.00,0,0.010000,12,0
1226,20,51.00,41.00,0,0.010000,10,3
1227,0,0.00,0.00,1,0.010000,0,0
1228,2,100.00,100.00,1,0.010000,0,0
1229,2,100.00,100.00,1,0.010000,0,0
1230,20,-113.00,-103.00,0,0.010000,16,10
1231,20,0.00,0.00,0,0.010000,10,0
1232,20,-140.00,-120.00,0,0.010000,16,13
1233,20,-52.00,-72.00,0,0.010000,15,11
1234,20,135.00,85.00,0,0.010000,10,0
1235,20,93.00,93.00,0,0.010000,12,0
1236,20,0.00,0.00,0,0.010000,10,0
1237,20,43.00,43.00,0,0.010000,13,0
1238,2,100.00,100.00,1,0.010000,0,0
1239,2,100.00,100.00,1,0.010000,0,0
1240,20,0.00,0.00,0,0.010000,10,0
1241,20,0.00,0.00,0,0.010000,10,0
1242,20,3.00,-7.00,0,0.010000,14,0
1243,20,-40.00,-70.00,0,0.010000,13,9
1244,20,174.00,134.00,0,0.010000,10,1
1245,20,93.00,93.00,0,0.010000,12,0
1246,20,49.00,39.00,0,0.010000,10,0
1247,0,0.00,0.00,1,0.010000,0,0
1248,2,100.00,100.00,1,0.010000,0,0
1249,2,100.00,100.00,1,0.010000,0,0
1250,20,27.00,37.00,0,0.010000,11,1
1251,20,39.00,49.00,0,0.010000,10,1
1252,0,0.00,0.00,1,0.010000,0,0
1253,20,-113.00,-103.00,0,0.010000,16,9
1254,20,135.00,85.00,0,0.010000,10,0
1255,20,93.00,93.00,0,0.010000,12,0
1256,20,0.00,0.00,0,0.010000,10,0
1257,20,-51.00,-21.00,0,0.010000,12,4
1258,2,100.00,100.00,1,0.010000,0,0
1259,2,100.00,100.00,1,0.010000,0,0
1260,20,0.00,0.00,0,0.010000,10,0
1261,20,0.00,0.00,0,0.010000,10,0
1262,20,13.00,-7.00,0,0.010000,14,0
1263,0,0.00,0.00,1,0.010000,0,0
1264,20,135.00,85.00,0,0.010000,10,0
1265,20,93.00,93.00,0,0.010000,12,0
1266,20,39.00,49.00,0,0.010000,10,1
1267,20,0.00,0.00,0,0.010000,10,0
1268,2,100.00,100.00,1,0.010000,0,0
1269,2,100.00,100.00,1,0.010000,0,0
1270,20,-12.00,-12.00,0,0.010000,11,2
1271,20,0.00,0.00,0,0.010000,10,0
1272,0,0.00,0.00,1,0.010000,0,0
1273,20,0.00,0.00,0,0.010000,10,0
1274,20,135.00,85.00,0,0.010000,10,0
1275,20,93.00,93.00,0,0.010000,12,0
1276,20,-11.00,-21.00,0,0.010000,11,1
1277,1,50.00,50.00,1,0.010000,0,0
1278,2,100.00,100.00,1,0.010000,0,0
1279,2,100.00,100.00,1,0.010000,0,0
1280,20,0.00,0.00,0,0.010000,10,0
1281,20,0.00,0.00,0,0.010000,10,0
1282,0,0.00,0.00,1,0.010000,0,0
1283,1,50.00,50.00,1,0.010000,0,0
1284,20,135.00,85.00,0,0.010000,10,0
1285,20,13.00,13.00,0,0.010000,13,0
1286,20,39.00,39.00,0,0.010000,10,1
1287,20,-40.00,-60.00,0,0.010000,14,8
1288,2,100.00,100.00,1,0.010000,0,0
1289,2,100.00,100.00,1,0.010000,0,0
1290,20,0.00,0.00,0,0.010000,10,0
1291,20,0.00,0.00,0,0.010000,10,0
1292,0,0.00,0.00,1,0.010000,0,0
1293,0,0.00,0.00,1,0.010000,0,0
1294,20,135.00,85.00,0,0.010000,10,0
1295,20,43.00,53.00,0,0.010000,13,1
1296,20,44.00,44.00,0,0.010000,9,1
1297,0,0.00,0.00,1,0.010000,0,0
1298,2,100.00,100.00,1,0.010000,0,0
1299,2,100.00,100.00,1,0.010000,0,0
1300,20,0.00,0.00,0,0.010000,10,0
1301,20,-17.00,-7.00,0,0.010000,10,1
1302,1,50.00,50.00,1,0.010000,0,0
1303,20,27.00,27.00,0,0.010000,11,2
1304,20,135.00,85.00,0,0.010000,10,0
1305,20,93.00,93.00,0,0.010000,12,0
1306,20,0.00,0.00,0,0.010000,10,0
1307,0,0.00,0.00,1,0.010000,0,0
1308,2,100.00,100.00,1,0.010000,0,0
1309,2,100.00,100.00,1,0.010000,0,0
1310,20,0.00,0.00,0,0.010000,10,0
1311,20,0.00,0.00,0,0.010000,10,0
1312,1,50.00,50.00,1,0.010000,0,0
1313,20,-89.00,-59.00,0,0.010000,15,14
1314,20,135.00,85.00,0,0.010000,10,0
1315,20,48.00,48.00,0,0.010000,12,1
1316,20,39.00,49.00,0,0.010000,10,0
1317,1,50.00,50.00,1,0.010000,0,0
1318,2,100.00,100.00,1,0.010000,0,0
1319,2,100.00,100.00,1,0.010000,0,0
1320,20,0.00,0.00,0,0.010000,10,0
1321,20,49.00,39.00,0,0.010000,10,1
1322,0,0.00,0.00,1,0.010000,0,0
1323,1,50.00,50.00,1,0.010000,0,0
1324,20,135.00,85.00,0,0.010000,10,0
1325,20,93.00,93.00,0,0.010000,12,0
1326,20,49.00,39.00,0,0.010000,10,1
1327,0,0.00,0.00,1,0.010000,0,0
1328,2,100.00,100.00,1,0.010000,0,0
1329,2,100.00,100.00,1,0.010000,0,0
1330,20,0.00,0.00,0,0.010000,10,0
1331,20,0.00,0.00,0,0.010000,10,0
1332,20,93.00,93.00,0,0.010000,12,0
1333,1,50.00,50.00,1,0.010000,0,0
1334,20,135.00,85.00,0,0.010000,10,0
1335,20,43.00,43.00,0,0.010000,13,1
1336,20,-2.00,-22.00,0,0.010000,11,0
1337,20,-46.00,-36.00,0,0.010000,14,0
1338,2,100.00,100.00,1,0.010000,0,0
1339,2,100.00,100.00,1,0.010000,0,0
1340,20,-22.00,-12.00,0,0.010000,11,2
1341,20,44.00,44.00,0,0.010000,9,1
1342,20,-12.00,-12.00,0,0.010000,11,0
1343,20,0.00,0.00,0,0.010000,10,0
1344,20,135.00,85.00,0,0.010000,10,0
1345,20,93.00,93.00,0,0.010000,12,0
1346,20,76.00,76.00,0,0.010000,9,0
1347,20,-108.00,-138.00,0,0.010000,17,10
1348,2,100.00,100.00,1,0.010000,0,0
1349,2,100.00,100.00,1,0.010000,0,0
1350,20,0.00,0.00,0,0.010000,10,0
1351,20,39.00,49.00,0,0.010000,10,1
1352,3,50.00,50.00,1,0.010000,1,0
1353,0,0.00,0.00,1,0.010000,0,0
1354,20,135.00,85.00,0,0.010000,10,0
1355,20,93.00,93.00,0,0.010000,12,0
1356,20,39.00,39.00,0,0.010000,10,1
1357,2,100.00,100.00,1,0.010000,0,0
1358,2,100.00,100.00,1,0.010000,0,0
1359,2,100.00,100.00,1,0.010000,0,0
1360,20,0.00,0.00,0,0.010000,10,0
1361,20,0.00,0.00,0,0.010000,10,0
1362,2,100.00,100.00,1,0.010000,0,0
1363,1,50.00,50.00,1,0.010000,0,0
1364,20,135.00,85.00,0,0.010000,10,0
1365,20,48.00,48.00,0,0.010000,12,1
1366,20,0.00,0.00,0,0.010000,10,0
1367,20,43.00,53.00,0,0.010000,13,0
1368,2,100.00,100.00,1,0.010000,0,0
1369,2,100.00,100.00,1,0.010000,0,0
1370,20,0.00,0.00,0,0.010000,10,0
1371,20,0.00,0.00,0,0.010000,10,0
1372,20,-57.00,-57.00,0,0.010000,14,11
1373,20,124.00,84.00,0,0.010000,11,0
1374,20,135.00,85.00,0,0.010000,10,0
1375,20,53.00,43.00,0,0.010000,13,1
1376,20,0.00,0.00,0,0.010000,10,0
1377,20,93.00,93.00,0,0.010000,12,0
1378,2,100.00,100.00,1,0.010000,0,0
1379,2,100.00,100.00,1,0.010000,0,0
1380,20,0.00,0.00,0,0.010000,10,0
1381,20,0.00,0.00,0,0.010000,10,0
1382,20,-23.00,-33.00,0,0.010000,14,5
1383,20,-123.00,-103.00,0,0.010000,16,11
1384,20,135.00,85.00,0,0.010000,10,0
1385,20,93.00,93.00,0,0.010000,12,0
1386,20,0.00,0.00,0,0.010000,10,0
1387,20,-33.00,-13.00,0,0.010000,11,1
1388,2,100.00,100.00,1,0.010000,0,0
1389,2,100.00,100.00,1,0.010000,0,0
1390,20,0.00,0.00,0,0.010000,10,0
1391,20,0.00,0.00,0,0.010000,10,0
1392,1,50.00,50.00,1,0.010000,0,0
1393,0,0.00,0.00,1,0.010000,0,0
1394,20,135.00,85.00,0,0.010000,10,0
1395,20,93.00,93.00,0,0.010000,12,0
1396,20,0.00,0.00,0,0.010000,10,0
1397,0,0.00,0.00,1,0.010000,0,0
1398,2,100.00,100.00,1,0.010000,0,0
1399,2,100.00,100.00,1,0.010000,0,0
1400,20,0.00,0.00,0,0.010000,10,0
1401,20,0.00,0.00,0,0.010000,10,0
1402,4,-17.00,-17.00,1,0.010000,2,2
1403,0,0.00,0.00,1,0.010000,0,0
1404,20,135.00,85.00,0,0.010000,10,0
1405,20,-7.00,13.00,0,0.010000,14,0
1406,20,0.00,0.00,0,0.010000,10,0
1407,20,45.00,-5.00,0,0.010000,12,0
1408,2,100.00,100.00,1,0.010000,0,0
1409,2,100.00,100.00,1,0.010000,0,0
1410,20,0.00,0.00,0,0.010000,10,0
1411,20,0.00,0.00,0,0.010000,10,0
1412,3,50.00,50.00,1,0.010000,1,0
1413,0,0.00,0.00,1,0.010000,0,0
1414,20,135.00,85.00,0,0.010000,10,0
1415,20,93.00,93.00,0,0.010000,12,0
1416,20,-30.00,-30.00,0,0.010000,14,7
1417,1,50.00,50.00,1,0.010000,0,0
1418,2,100.00,100.00,1,0.010000,0,0
1419,2,100.00,100.00,1,0.010000,0,0
1420,20,0.00,0.00,0,0.010000,10,0
1421,20,0.00,0.00,0,0.010000,10,0
1422,20,3.00,3.00,0,0.010000,14,0
1423,0,0.00,0.00,1,0.010000,0,0
1424,20,135.00,85.00,0,0.010000,10,0
1425,20,13.00,-7.00,0,0.010000,14,0
1426,20,0.00,0.00,0,0.010000,10,0
1427,20,135.00,85.00,0,0.010000,10,0
1428,2,100.00,100.00,1,0.010000,0,0
1429,2,100.00,100.00,1,0.010000,0,0
1430,20,-22.00,-2.00,0,0.010000,11,0
1431,20,0.00,0.00,0,0.010000,10,0
1432,0,0.00,0.00,1,0.010000,0,0
1433,20,-106.00,-106.00,0,0.010000,14,12
1434,20,135.00,85.00,0,0.010000,10,0
1435,20,8.00,-2.00,0,0.010000,13,2
1436,20,0.00,0.00,0,0.010000,10,0
1437,20,-128.00,-148.00,0,0.010000,16,6
1438,2,100.00,100.00,1,0.010000,0,0
1439,2,100.00,100.00,1,0.010000,0,0
1440,20,0.00,0.00,0,0.010000,10,0
1441,20,44.00,44.00,0,0.010000,9,1
1442,20,135.00,85.00,0,0.010000,10,0
1443,1,50.00,50.00,1,0.010000,0,0
1444,20,135.00,85.00,0,0.010000,10,0
1445,20,93.00,93.00,0,0.010000,12,0
1446,20,0.00,0.00,0,0.010000,10,0
1447,20,-103.00,-133.00,0,0.010000,16,12
1448,2,100.00,100.00,1,0.010000,0,0
1449,2,100.00,100.00,1,0.010000,0,0
1450,20,0.00,0.00,0,0.010000,10,0
1451,20,49.00,39.00,0,0.010000,10,1
1452,20,0.00,0.00,0,0.010000,10,0
1453,20,25.00,15.00,0,0.010000,12,0
1454,20,179.00,129.00,0,0.010000,9,1
1455,20,-7.00,13.00,0,0.010000,14,0
1456,20,0.00,0.00,0,0.010000,10,0
1457,1,50.00,50.00,1,0.010000,0,0
1458,2,100.00,100.00,1,0.010000,0,0
1459,2,100.00,100.00,1,0.010000,0,0
1460,20,0.00,0.00,0,0.010000,10,0
1461,20,0.00,0.00,0,0.010000,10,0
1462,20,-15.00,-25.00,0,0.010000,12,5
1463,1,50.00,50.00,1,0.010000,0,0
1464,20,135.00,85.00,0,0.010000,10,0
1465,20,93.00,93.00,0,0.010000,12,0
1466,20,0.00,0.00,0,0.010000,10,0
1467,0,0.00,0.00,1,0.010000,0,0
1468,2,100.00,100.00,1,0.010000,0,0
1469,2,100.00,100.00,1,0.010000,0,0
1470,20,0.00,0.00,0,0.010000,10,0
1471,20,0.00,0.00,0,0.010000,10,0
1472,0,0.00,0.00,1,0.010000,0,0
1473,0,0.00,0.00,1,0.010000,0,0
1474,20,135.00,85.00,0,0.010000,10,0
1475,20,93.00,93.00,0,0.010000,12,0
1476,20,0.00,0.00,0,0.010000,10,0
1477,20,-36.00,-6.00,0,0.010000,14,6
1478,2,100.00,100.00,1,0.010000,0,0
1479,2,100.00,100.00,1,0.010000,0,0
1480,20,0.00,0.00,0,0.010000,10,0
1481,20,39.00,49.00,0,0.010000,10,1
1482,3,50.00,50.00,1,0.010000,1,0
1483,20,124.00,84.00,0,0.010000,11,0
1484,20,135.00,85.00,0,0.010000,10,0
1485,20,93.00,93.00,0,0.010000,12,0
1486,20,0.00,0.00,0,0.010000,10,0
1487,20,-49.00,-79.00,0,0.010000,15,12
1488,2,100.00,100.00,1,0.010000,0,0
1489,2,100.00,100.00,1,0.010000,0,0
1490,20,0.00,0.00,0,0.010000,10,0
1491,20,0.00,0.00,0,0.010000,10,0
1492,1,50.00,50.00,1,0.010000,0,0
1493,0,0.00,0.00,1,0.010000,0,0
1494,20,135.00,85.00,0,0.010000,10,0
1495,20,93.00,93.00,0,0.010000,12,0
1496,20,0.00,0.00,0,0.010000,10,0
1497,0,0.00,0.00,1,0.010000,0,0
1498,2,100.00,100.00,1,0.010000,0,0
1499,2,100.00,100.00,1,0.010000,0,0
1500,20,49.00,39.00,0,0.010000,10,1
1501,20,-17.00,-17.00,0,0.010000,10,2
1502,1,50.00,50.00,1,0.010000,0,0
1503,1,50.00,50.00,1,0.010000,0,0
1504,20,184.00,144.00,0,0.010000,9,0
1505,20,93.00,93.00,0,0.010000,12,0
1506,20,0.00,0.00,0,0.010000,10,0
1507,20,-12.00,-12.00,0,0.010000,11,0
1508,2,100.00,100.00,1,0.010000,0,0
1509,2,100.00,100.00,1,0.010000,0,0
1510,20,0.00,0.00,0,0.010000,10,0
1511,20,0.00,0.00,0,0.010000,10,0
1512,20,43.00,43.00,0,0.010000,13,0
1513,20,-104.00,-94.00,0,0.010000,15,8
1514,20,135.00,85.00,0,0.010000,10,0
1515,20,93.00,93.00,0,0.010000,12,0
1516,20,0.00,0.00,0,0.010000,10,0
1517,2,100.00,100.00,1,0.010000,0,0
1518,2,100.00,100.00,1,0.010000,0,0
1519,2,100.00,100.00,1,0.010000,0,0
1520,20,0.00,0.00,0,0.010000,10,0
1521,20,0.00,0.00,0,0.010000,10,0
1522,20,-69.00,-79.00,0,0.010000,15,12
1523,2,100.00,100.00,1,0.010000,0,0
1524,20,135.00,85.00,0,0.010000,10,0
1525,20,93.00,93.00,0,0.010000,12,0
1526,20,39.00,39.00,0,0.010000,10,1
1527,0,0.00,0.00,1,0.010000,0,0
1528,2,100.00,100.00,1,0.010000,0,0
1529,2,100.00,100.00,1,0.010000,0,0
1530,20,0.00,0.00,0,0.010000,10,0
1531,20,0.00,0.00,0,0.010000,10,0
1532,1,50.00,50.00,1,0.010000,0,0
1533,20,-85.00,-95.00,0,0.010000,12,3
1534,20,174.00,124.00,0,0.010000,10,1
1535,20,93.00,93.00,0,0.010000,12,0
1536,20,0.00,0.00,0,0.010000,10,0
1537,0,0.00,0.00,1,0.010000,0,0
1538,2,100.00,100.00,1,0.010000,0,0
1539,2,100.00,100.00,1,0.010000,0,0
1540,20,0.00,0.00,0,0.010000,10,0
1541,20,0.00,0.00,0,0.010000,10,0
1542,20,-125.00,-105.00,0,0.010000,16,10
1543,20,35.00,-5.00,0,0.010000,12,0
1544,20,179.00,129.00,0,0.010000,9,1
1545,20,93.00,93.00,0,0.010000,12,0
1546,20,0.00,0.00,0,0.010000,10,0
1547,20,0.00,0.00,0,0.010000,10,0
1548,2,100.00,100.00,1,0.010000,0,0
1549,2,100.00,100.00,1,0.010000,0,0
1550,20,0.00,0.00,0,0.010000,10,0
1551,20,0.00,0.00,0,0.010000,10,0
1552,0,0.00,0.00,1,0.010000,0,0
1553,20,49.00,39.00,0,0.010000,10,1
1554,20,135.00,85.00,0,0.010000,10,0
1555,20,93.00,93.00,0,0.010000,12,0
1556,20,0.00,0.00,0,0.010000,10,0
1557,20,-86.00,-76.00,0,0.010000,11,2
1558,2,100.00,100.00,1,0.010000,0,0
1559,2,100.00,100.00,1,0.010000,0,0
1560,20,0.00,0.00,0,0.010000,10,0
1561,20,0.00,0.00,0,0.010000,10,0
1562,1,50.00,50.00,1,0.010000,0,0
1563,20,-33.00,-23.00,0,0.010000,14,8
1564,20,135.00,85.00,0,0.010000,10,0
1565,20,93.00,93.00,0,0.010000,12,0
1566,20,0.00,0.00,0,0.010000,10,0
1567,20,-101.00,-101.00,0,0.010000,15,9
1568,2,100.00,100.00,1,0.010000,0,0
1569,2,100.00,100.00,1,0.010000,0,0
1570,20,0.00,0.00,0,0.010000,10,0
1571,20,0.00,0.00,0,0.010000,10,0
1572,0,0.00,0.00,1,0.010000,0,0
1573,20,47.00,17.00,0,0.010000,11,0
1574,20,135.00,85.00,0,0.010000,10,0
1575,20,93.00,93.00,0,0.010000,12,0
1576,20,0.00,0.00,0,0.010000,10,0
1577,20,-52.00,-62.00,0,0.010000,15,11
1578,2,100.00,100.00,1,0.010000,0,0
1579,2,100.00,100.00,1,0.010000,0,0
1580,20,-2.00,-22.00,0,0.010000,11,2
1581,20,0.00,0.00,0,0.010000,10,0
1582,0,0.00,0.00,1,0.010000,0,0
1583,20,-2.00,-22.00,0,0.010000,11,0
1584,20,135.00,85.00,0,0.010000,10,0
1585,20,93.00,93.00,0,0.010000,12,0
1586,20,39.00,39.00,0,0.010000,10,1
1587,0,0.00,0.00,1,0.010000,0,0
1588,2,100.00,100.00,1,0.010000,0,0
1589,2,100.00,100.00,1,0.010000,0,0
1590,20,0.00,0.00,0,0.010000,10,0
1591,20,0.00,0.00,0,0.010000,10,0
1592,20,93.00,93.00,0,0.010000,12,0
1593,1,50.00,50.00,1,0.010000,0,0
1594,20,135.00,85.00,0,0.010000,10,0
1595,20,93.00,93.00,0,0.010000,12,0
1596,20,0.00,0.00,0,0.010000,10,0
1597,0,0.00,0.00,1,0.010000,0,0
1598,2,100.00,100.00,1,0.010000,0,0
1599,2,100.00,100.00,1,0.010000,0,0
1600,20,0.00,0.00,0,0.010000,10,0
1601,20,0.00,0.00,0,0.010000,10,0
1602,20,-60.00,-60.00,0,0.010000,12,7
1603,0,0.00,0.00,1,0.010000,0,0
1604,20,135.00,85.00,0,0.010000,10,0
1605,20,93.00,93.00,0,0.010000,12,0
1606,20,39.00,39.00,0,0.010000,10,1
1607,20,-111.00,-91.00,0,0.010000,15,9
1608,2,100.00,100.00,1,0.010000,0,0
1609,2,100.00,100.00,1,0.010000,0,0
1610,20,0.00,0.00,0,0.010000,10,0
1611,20,0.00,0.00,0,0.010000,10,0
1612,20,-26.00,-16.00,0,0.010000,14,5
1613,0,0.00,0.00,1,0.010000,0,0
1614,20,135.00,85.00,0,0.010000,10,0
1615,20,93.00,93.00,0,0.010000,12,0
1616,20,0.00,0.00,0,0.010000,10,0
1617,20,135.00,85.00,0,0.010000,10,0
1618,2,100.00,100.00,1,0.010000,0,0
1619,2,100.00,100.00,1,0.010000,0,0
1620,20,0.00,0.00,0,0.010000,10,0
1621,20,44.00,44.00,0,0.010000,9,1
1622,1,50.00,50.00,1,0.010000,0,0
1623,1,50.00,50.00,1,0.010000,0,0
1624,20,135.00,85.00,0,0.010000,10,0
1625,20,93.00,93.00,0,0.010000,12,0
1626,20,0.00,0.00,0,0.010000,10,0
1627,20,-120.00,-130.00,0,0.010000,15,12
1628,2,100.00,100.00,1,0.010000,0,0
1629,2,100.00,100.00,1,0.010000,0,0
1630,20,0.00,0.00,0,0.010000,10,0
1631,20,0.00,0.00,0,0.010000,10,0
1632,1,50.00,50.00,1,0.010000,0,0
1633,2,100.00,100.00,1,0.010000,0,0
1634,20,179.00,129.00,0,0.010000,9,1
1635,20,93.00,93.00,0,0.010000,12,0
1636,20,0.00,0.00,0,0.010000,10,0
1637,20,43.00,43.00,0,0.010000,13,0
1638,2,100.00,100.00,1,0.010000,0,0
1639,2,100.00,100.00,1,0.010000,0,0
1640,20,0.00,0.00,0,0.010000,10,0
1641,20,0.00,0.00,0,0.010000,10,0
1642,20,135.00,85.00,0,0.010000,10,0
1643,20,-34.00,-4.00,0,0.010000,14,7
1644,20,135.00,85.00,0,0.010000,10,0
1645,20,93.00,93.00,0,0.010000,12,0
1646,20,0.00,0.00,0,0.010000,10,0
1647,20,93.00,93.00,0,0.010000,12,0
1648,2,100.00,100.00,1,0.010000,0,0
1649,2,100.00,100.00,1,0.010000,0,0
1650,20,27.00,37.00,0,0.010000,11,0
1651,20,0.00,0.00,0,0.010000,10,0
1652,20,124.00,84.00,0,0.010000,11,0
1653,20,-33.00,-33.00,0,0.010000,14,8
1654,20,135.00,85.00,0,0.010000,10,0
1655,20,93.00,93.00,0,0.010000,12,0
1656,20,0.00,0.00,0,0.010000,10,0
1657,0,0.00,0.00,1,0.010000,0,0
1658,2,100.00,100.00,1,0.010000,0,0
1659,2,100.00,100.00,1,0.010000,0,0
1660,20,-7.00,13.00,0,0.010000,11,5
1661,20,0.00,0.00,0,0.010000,10,0
1662,20,-70.00,-80.00,0,0.010000,13,5
1663,0,0.00,0.00,1,0.010000,0,0
1664,20,135.00,85.00,0,0.010000,10,0
1665,20,93.00,93.00,0,0.010000,12,0
1666,20,0.00,0.00,0,0.010000,10,0
1667,20,-70.00,-60.00,0,0.010000,13,12
1668,2,100.00,100.00,1,0.010000,0,0
1669,2,100.00,100.00,1,0.010000,0,0
1670,20,0.00,0.00,0,0.010000,10,0
1671,20,0.00,0.00,0,0.010000,10,0
1672,0,0.00,0.00,1,0.010000,0,0
1673,20,4.00,4.00,0,0.010000,13,0
1674,20,135.00,85.00,0,0.010000,10,0
1675,20,93.00,93.00,0,0.010000,12,0
1676,20,39.00,39.00,0,0.010000,10,1
1677,20,39.00,49.00,0,0.010000,10,0
1678,2,100.00,100.00,1,0.010000,0,0
1679,3,89.00,89.00,1,0.010000,1,1
1680,20,0.00,0.00,0,0.010000,10,0
1681,20,0.00,0.00,0,0.010000,10,0
1682,20,-49.00,-69.00,0,0.010000,14,9
1683,0,0.00,0.00,1,0.010000,0,0
1684,20,135.00,85.00,0,0.010000,10,0
1685,20,103.00,113.00,0,0.010000,11,0
1686,20,0.00,0.00,0,0.010000,10,0
1687,2,100.00,100.00,1,0.010000,0,0
1688,2,100.00,100.00,1,0.010000,0,0
1689,2,100.00,100.00,1,0.010000,0,0
1690,20,0.00,0.00,0,0.010000,10,0
1691,20,0.00,0.00,0,0.010000,10,0
1692,2,100.00,100.00,1,0.010000,0,0
1693,0,0.00,0.00,1,0.010000,0,0
1694,20,135.00,85.00,0,0.010000,10,0
1695,20,93.00,93.00,0,0.010000,12,0
1696,20,0.00,0.00,0,0.010000,10,0
1697,1,50.00,50.00,1,0.010000,0,0
1698,2,100.00,100.00,1,0.010000,0,0
1699,2,100.00,100.00,1,0.010000,0,0
1700,20,0.00,0.00,0,0.010000,10,0
1701,20,0.00,0.00,0,0.010000,10,0
1702,20,9.00,29.00,0,0.010000,10,2
1703,0,0.00,0.00,1,0.010000,0,0
1704,20,135.00,85.00,0,0.010000,10,0
1705,20,93.00,93.00,0,0.010000,12,0
1706,20,-38.00,-38.00,0,0.010000,12,3
1707,20,-24.00,-24.00,0,0.010000,12,1
1708,2,100.00,100.00,1,0.010000,0,0
1709,2,100.00,100.00,1,0.010000,0,0
1710,20,-24.00,-24.00,0,0.010000,12,0
1711,20,44.00,44.00,0,0.010000,9,1
1712,20,-60.00,-30.00,0,0.010000,14,10
1713,0,0.00,0.00,1,0.010000,0,0
1714,20,135.00,85.00,0,0.010000,10,0
1715,20,93.00,93.00,0,0.010000,12,0
1716,20,0.00,0.00,0,0.010000,10,0
1717,20,-52.00,-62.00,0,0.010000,15,10
1718,2,100.00,100.00,1,0.010000,0,0
1719,2,100.00,100.00,1,0.010000,0,0
1720,20,0.00,0.00,0,0.010000,10,0
1721,20,0.00,0.00,0,0.010000,10,0
1722,20,-60.00,-80.00,0,0.010000,14,4
1723,0,0.00,0.00,1,0.010000,0,0
1724,20,135.00,85.00,0,0.010000,10,0
1725,20,43.00,53.00,0,0.010000,13,1
1726,20,0.00,0.00,0,0.010000,10,0
1727,20,43.00,43.00,0,0.010000,13,0
1728,2,100.00,100.00,1,0.010000,0,0
1729,2,100.00,100.00,1,0.010000,0,0
1730,20,0.00,0.00,0,0.010000,10,0
1731,20,0.00,0.00,0,0.010000,10,0
1732,20,27.00,37.00,0,0.010000,11,0
1733,20,-84.00,-74.00,0,0.010000,14,8
1734,20,135.00,85.00,0,0.010000,10,0
1735,20,93.00,93.00,0,0.010000,12,0
1736,20,0.00,0.00,0,0.010000,10,0
1737,0,0.00,0.00,1,0.010000,0,0
1738,2,100.00,100.00,1,0.010000,0,0
1739,2,100.00,100.00,1,0.010000,0,0
1740,20,0.00,0.00,0,0.010000,10,0
1741,20,0.00,0.00,0,0.010000,10,0
1742,0,0.00,0.00,1,0.010000,0,0
1743,2,100.00,100.00,1,0.010000,0,0
1744,20,135.00,85.00,0,0.010000,10,0
1745,20,93.00,93.00,0,0.010000,12,0
1746,20,0.00,0.00,0,0.010000,10,0
1747,20,39.00,49.00,0,0.010000,10,0
1748,2,100.00,100.00,1,0.010000,0,0
1749,2,100.00,100.00,1,0.010000,0,0
1750,20,0.00,0.00,0,0.010000,10,0
1751,20,0.00,0.00,0,0.010000,10,0
1752,0,0.00,0.00,1,0.010000,0,0
1753,20,-57.00,-57.00,0,0.010000,16,10
1754,20,135.00,85.00,0,0.010000,10,0
1755,20,93.00,93.00,0,0.010000,12,0
1756,20,0.00,0.00,0,0.010000,10,0
1757,20,-26.00,-16.00,0,0.010000,12,7
1758,2,100.00,100.00,1,0.010000,0,0
1759,2,100.00,100.00,1,0.010000,0,0
1760,20,0.00,0.00,0,0.010000,10,0
1761,20,0.00,0.00,0,0.010000,10,0
1762,20,135.00,85.00,0,0.010000,10,0
1763,20,43.00,43.00,0,0.010000,13,0
1764,20,135.00,85.00,0,0.010000,10,0
1765,20,93.00,93.00,0,0.010000,12,0
1766,20,0.00,0.00,0,0.010000,10,0
1767,1,50.00,50.00,1,0.010000,0,0
1768,2,100.00,100.00,1,0.010000,0,0
1769,2,100.00,100.00,1,0.010000,0,0
1770,20,0.00,0.00,0,0.010000,10,0
1771,20,0.00,0.00,0,0.010000,10,0
1772,20,39.00,49.00,0,0.010000,10,0
1773,20,-54.00,-44.00,0,0.010000,12,9
1774,20,135.00,85.00,0,0.010000,10,0
1775,20,43.00,53.00,0,0.010000,13,1
1776,20,0.00,0.00,0,0.010000,10,0
1777,0,0.00,0.00,1,0.010000,0,0
1778,2,100.00,100.00,1,0.010000,0,0
1779,2,100.00,100.00,1,0.010000,0,0
1780,20,0.00,0.00,0,0.010000,10,0
1781,20,0.00,0.00,0,0.010000,10,0
1782,20,0.00,0.00,0,0.010000,10,0
1783,20,-47.00,-67.00,0,0.010000,14,11
1784,20,135.00,85.00,0,0.010000,10,0
1785,20,93.00,93.00,0,0.010000,12,0
1786,20,0.00,0.00,0,0.010000,10,0
1787,0,0.00,0.00,1,0.010000,0,0
1788,2,100.00,100.00,1,0.010000,0,0
1789,2,100.00,100.00,1,0.010000,0,0
1790,20,0.00,0.00,0,0.010000,10,0
1791,20,0.00,0.00,0,0.010000,10,0
1792,20,-77.00,-67.00,0,0.010000,16,11
1793,20,85.00,45.00,0,0.010000,11,0
1794,20,164.00,144.00,0,0.010000,10,0
1795,20,93.00,93.00,0,0.010000,12,0
1796,20,0.00,0.00,0,0.010000,10,0
1797,20,3.00,-7.00,0,0.010000,14,0
1798,2,100.00,100.00,1,0.010000,0,0
1799,2,100.00,100.00,1,0.010000,0,0
1800,20,0.00,0.00,0,0.010000,10,0
1801,20,0.00,0.00,0,0.010000,10,0
1802,0,0.00,0.00,1,0.010000,0,0
1803,20,-24.00,-24.00,0,0.010000,10,3
1804,20,184.00,124.00,0,0.010000,10,0
1805,20,93.00,93.00,0,0.010000,12,0
1806,20,0.00,0.00,0,0.010000,10,0
1807,0,0.00,0.00,1,0.010000,0,0
1808,2,100.00,100.00,1,0.010000,0,0
1809,2,100.00,100.00,1,0.010000,0,0
1810,20,0.00,0.00,0,0.010000,10,0
1811,20,39.00,39.00,0,0.010000,10,1
1812,20,15.00,25.00,0,0.010000,12,3
1813,20,-106.00,-96.00,0,0.010000,14,10
1814,20,135.00,85.00,0,0.010000,10,0
1815,20,48.00,48.00,0,0.010000,12,1
1816,20,0.00,0.00,0,0.010000,10,0
1817,0,0.00,0.00,1,0.010000,0,0
1818,2,100.00,100.00,1,0.010000,0,0
1819,2,100.00,100.00,1,0.010000,0,0
1820,20,0.00,0.00,0,0.010000,10,0
1821,20,0.00,0.00,0,0.010000,10,0
1822,20,27.00,37.00,0,0.010000,11,0
1823,0,0.00,0.00,1,0.010000,0,0
1824,20,135.00,85.00,0,0.010000,10,0
1825,20,93.00,93.00,0,0.010000,12,0
1826,20,0.00,0.00,0,0.010000,10,0
1827,0,0.00,0.00,1,0.010000,0,0
1828,2,100.00,100.00,1,0.010000,0,0
1829,2,100.00,100.00,1,0.010000,0,0
1830,20,0.00,0.00,0,0.010000,10,0
1831,20,0.00,0.00,0,0.010000,10,0
1832,20,-108.00,-118.00,0,0.010000,17,11
1833,20,43.00,43.00,0,0.010000,13,0
1834,20,135.00,85.00,0,0.010000,10,0
1835,20,93.00,93.00,0,0.010000,12,0
1836,20,0.00,0.00,0,0.010000,10,0
1837,0,0.00,0.00,1,0.010000,0,0
1838,2,100.00,100.00,1,0.010000,0,0
1839,2,100.00,100.00,1,0.010000,0,0
1840,20,0.00,0.00,0,0.010000,10,0
1841,20,0.00,0.00,0,0.010000,10,0
1842,1,50.00,50.00,1,0.010000,0,0
1843,20,0.00,0.00,0,0.010000,10,0
1844,20,135.00,85.00,0,0.010000,10,0
1845,20,93.00,93.00,0,0.010000,12,0
1846,20,0.00,0.00,0,0.010000,10,0
1847,20,49.00,39.00,0,0.010000,10,0
1848,2,100.00,100.00,1,0.010000,0,0
1849,2,100.00,100.00,1,0.010000,0,0
1850,20,0.00,0.00,0,0.010000,10,0
1851,20,0.00,0.00,0,0.010000,10,0
1852,20,-101.00,-101.00,0,0.010000,15,10
1853,20,-50.00,-50.00,0,0.010000,14,9
1854,20,135.00,85.00,0,0.010000,10,0
1855,20,93.00,93.00,0,0.010000,12,0
1856,20,0.00,0.00,0,0.010000,10,0
1857,20,-54.00,-34.00,0,0.010000,11,5
1858,2,100.00,100.00,1,0.010000,0,0
1859,2,100.00,100.00,1,0.010000,0,0
1860,20,0.00,0.00,0,0.010000,10,0
1861,20,0.00,0.00,0,0.010000,10,0
1862,0,0.00,0.00,1,0.010000,0,0
1863,20,-14.00,-4.00,0,0.010000,13,4
1864,20,135.00,85.00,0,0.010000,10,0
1865,20,93.00,93.00,0,0.010000,12,0
1866,20,0.00,0.00,0,0.010000,10,0
1867,20,-33.00,-23.00,0,0.010000,14,6
1868,2,100.00,100.00,1,0.010000,0,0
1869,2,100.00,100.00,1,0.010000,0,0
1870,20,0.00,0.00,0,0.010000,10,0
1871,20,0.00,0.00,0,0.010000,10,0
1872,20,-68.00,-68.00,0,0.010000,11,2
1873,2,100.00,100.00,1,0.010000,0,0
1874,20,146.00,96.00,0,0.010000,10,1
1875,20,93.00,93.00,0,0.010000,12,0
1876,20,0.00,0.00,0,0.010000,10,0
1877,20,-23.00,-53.00,0,0.010000,14,8
1878,2,100.00,100.00,1,0.010000,0,0
1879,2,100.00,100.00,1,0.010000,0,0
1880,20,0.00,0.00,0,0.010000,10,0
1881,20,0.00,0.00,0,0.010000,10,0
1882,20,-12.00,-22.00,0,0.010000,11,2
1883,0,0.00,0.00,1,0.010000,0,0
1884,20,135.00,85.00,0,0.010000,10,0
1885,20,93.00,93.00,0,0.010000,12,0
1886,20,0.00,0.00,0,0.010000,10,0
1887,20,-102.00,-52.00,0,0.010000,14,6
1888,2,100.00,100.00,1,0.010000,0,0
1889,2,100.00,100.00,1,0.010000,0,0
1890,20,0.00,0.00,0,0.010000,10,0
1891,20,0.00,0.00,0,0.010000,10,0
1892,20,3.00,-7.00,0,0.010000,14,0
1893,20,-30.00,-60.00,0,0.010000,14,9
1894,20,135.00,85.00,0,0.010000,10,0
1895,20,93.00,93.00,0,0.010000,12,0
1896,20,0.00,0.00,0,0.010000,10,0
1897,20,-147.00,-167.00,0,0.010000,15,12
1898,2,100.00,100.00,1,0.010000,0,0
1899,2,100.00,100.00,1,0.010000,0,0
1900,20,0.00,0.00,0,0.010000,10,0
1901,20,0.00,0.00,0,0.010000,10,0
1902,20,4.00,4.00,0,0.010000,13,0
1903,0,0.00,0.00,1,0.010000,0,0
1904,20,135.00,85.00,0,0.010000,10,0
1905,20,48.00,48.00,0,0.010000,12,1
1906,20,0.00,0.00,0,0.010000,10,0
1907,20,-72.00,-52.00,0,0.010000,15,11
1908,2,100.00,100.00,1,0.010000,0,0
1909,2,100.00,100.00,1,0.010000,0,0
1910,20,0.00,0.00,0,0.010000,10,0
1911,20,0.00,0.00,0,0.010000,10,0
1912,0,0.00,0.00,1,0.010000,0,0
1913,20,-40.00,-50.00,0,0.010000,14,10
1914,20,135.00,85.00,0,0.010000,10,0
1915,20,93.00,93.00,0,0.010000,12,0
1916,20,0.00,0.00,0,0.010000,10,0
1917,0,0.00,0.00,1,0.010000,0,0
1918,2,100.00,100.00,1,0.010000,0,0
1919,2,100.00,100.00,1,0.010000,0,0
1920,20,39.00,39.00,0,0.010000,10,1
1921,20,0.00,0.00,0,0.010000,10,0
1922,1,50.00,50.00,1,0.010000,0,0
1923,20,-46.00,-36.00,0,0.010000,14,0
1924,20,135.00,85.00,0,0.010000,10,0
1925,20,93.00,93.00,0,0.010000,12,0
1926,20,0.00,0.00,0,0.010000,10,0
1927,0,0.00,0.00,1,0.010000,0,0
1928,2,100.00,100.00,1,0.010000,0,0
1929,2,100.00,100.00,1,0.010000,0,0
1930,20,39.00,49.00,0,0.010000,10,0
1931,20,0.00,0.00,0,0.010000,10,0
1932,0,0.00,0.00,1,0.010000,0,0
1933,20,-43.00,-53.00,0,0.010000,13,5
1934,20,174.00,124.00,0,0.010000,10,1
1935,20,93.00,93.00,0,0.010000,12,0
1936,20,0.00,0.00,0,0.010000,10,0
1937,20,49.00,39.00,0,0.010000,10,0
1938,3,94.00,94.00,1,0.010000,0,1
1939,2,100.00,100.00,1,0.010000,0,0
1940,20,20.00,20.00,0,0.010000,11,1
1941,20,0.00,0.00,0,0.010000,10,0
1942,20,0.00,0.00,0,0.010000,10,0
1943,0,0.00,0.00,1,0.010000,0,0
1944,20,135.00,85.00,0,0.010000,10,0
1945,20,15.00,15.00,0,0.010000,13,0
1946,20,0.00,0.00,0,0.010000,10,0
1947,20,44.00,44.00,0,0.010000,9,1
1948,2,100.00,100.00,1,0.010000,0,0
1949,2,100.00,100.00,1,0.010000,0,0
1950,20,0.00,0.00,0,0.010000,10,0
1951,20,49.00,39.00,0,0.010000,10,1
1952,20,-46.00,-36.00,0,0.010000,14,0
1953,20,39.00,49.00,0,0.010000,10,0
1954,20,135.00,85.00,0,0.010000,10,0
1955,20,93.00,93.00,0,0.010000,12,0
1956,20,0.00,0.00,0,0.010000,10,0
1957,20,-74.00,-64.00,0,0.010000,13,8
1958,2,100.00,100.00,1,0.010000,0,0
1959,2,100.00,100.00,1,0.010000,0,0
1960,20,0.00,0.00,0,0.010000,10,0
1961,20,49.00,39.00,0,0.010000,10,1
1962,20,135.00,85.00,0,0.010000,10,0
1963,0,0.00,0.00,1,0.010000,0,0
1964,20,179.00,129.00,0,0.010000,9,1
1965,20,93.00,93.00,0,0.010000,12,0
1966,20,0.00,0.00,0,0.010000,10,0
1967,0,0.00,0.00,1,0.010000,0,0
1968,2,100.00,100.00,1,0.010000,0,0
1969,2,100.00,100.00,1,0.010000,0,0
1970,20,0.00,0.00,0,0.010000,10,0
1971,20,0.00,0.00,0,0.010000,10,0
1972,1,50.00,50.00,1,0.010000,0,0
1973,0,0.00,0.00,1,0.010000,0,0
1974,20,184.00,144.00,0,0.010000,9,0
1975,20,93.00,93.00,0,0.010000,12,0
1976,20,0.00,0.00,0,0.010000,10,0
1977,0,0.00,0.00,1,0.010000,0,0
1978,2,100.00,100.00,1,0.010000,0,0
1979,2,100.00,100.00,1,0.010000,0,0
1980,20,0.00,0.00,0,0.010000,10,0
1981,20,0.00,0.00,0,0.010000,10,0
1982,20,-13.00,-3.00,0,0.010000,13,6
1983,0,0.00,0.00,1,0.010000,0,0
1984,20,135.00,85.00,0,0.010000,10,0
1985,20,93.00,93.00,0,0.010000,12,0
1986,20,39.00,39.00,0,0.010000,10,1
1987,1,50.00,50.00,1,0.010000,0,0
1988,2,100.00,100.00,1,0.010000,0,0
1989,2,100.00,100.00,1,0.010000,0,0
1990,20,0.00,0.00,0,0.010000,10,0
1991,20,0.00,0.00,0,0.010000,10,0
1992,0,0.00,0.00,1,0.010000,0,0
1993,20,-94.00,-84.00,0,0.010000,15,8
1994,20,135.00,85.00,0,0.010000,10,0
1995,20,93.00,93.00,0,0.010000,12,0
1996,20,0.00,0.00,0,0.010000,10,0
1997,20,-19.00,1.00,0,0.010000,12,4
1998,2,100.00,100.00,1,0.010000,0,0
1999,2,100.00,100.00,1,0.010000,0,0
2000,20,0.00,0.00,0,0.010000,10,0
2001,20,0.00,0.00,0,0.010000,10,0
2002,1,50.00,50.00,1,0.010000,0,0
2003,20,-33.00,-33.00,0,0.010000,14,7
2004,20,135.00,85.00,0,0.010000,10,0
2005,20,93.00,93.00,0,0.010000,12,0
2006,20,0.00,0.00,0,0.010000,10,0
2007,0,0.00,0.00,1,0.010000,0,0
2008,2,100.00,100.00,1,0.010000,0,0
2009,2,100.00,100.00,1,0.010000,0,0
2010,20,0.00,0.00,0,0.010000,10,0
2011,20,44.00,44.00,0,0.010000,9,1
2012,20,43.00,43.00,0,0.010000,13,0
2013,0,0.00,0.00,1,0.010000,0,0
2014,20,135.00,85.00,0,0.010000,10,0
2015,20,93.00,93.00,0,0.010000,12,0
2016,20,49.00,39.00,0,0.010000,10,1
2017,20,135.00,85.00,0,0.010000,10,0
2018,2,100.00,100.00,1,0.010000,0,0
2019,2,100.00,100.00,1,0.010000,0,0
2020,20,0.00,0.00,0,0.010000,10,0
2021,20,0.00,0.00,0,0.010000,10,0
2022,0,0.00,0.00,1,0.010000,0,0
2023,0,0.00,0.00,1,0.010000,0,0
2024,20,135.00,85.00,0,0.010000,10,0
2025,20,93.00,93.00,0,0.010000,12,0
2026,20,0.00,0.00,0,0.010000,10,0
2027,0,0.00,0.00,1,0.010000,0,0
2028,2,100.00,100.00,1,0.010000,0,0
2029,2,100.00,100.00,1,0.010000,0,0
2030,20,8.00,8.00,0,0.010000,12,3
2031,20,0.00,0.00,0,0.010000,10,0
2032,0,0.00,0.00,1,0.010000,0,0
2033,20,-19.00,-29.00,0,0.010000,11,2
2034,20,135.00,85.00,0,0.010000,10,0
2035,20,93.00,93.00,0,0.010000,12,0
2036,20,0.00,0.00,0,0.010000,10,0
2037,20,-23.00,-33.00,0,0.010000,14,8
2038,2,100.00,100.00,1,0.010000,0,0
2039,2,100.00,100.00,1,0.010000,0,0
2040,20,0.00,0.00,0,0.010000,10,0
2041,20,0.00,0.00,0,0.010000,10,0
2042,0,0.00,0.00,1,0.010000,0,0
2043,0,0.00,0.00,1,0.010000,0,0
2044,20,135.00,85.00,0,0.010000,10,0
2045,20,93.00,93.00,0,0.010000,12,0
2046,20,0.00,0.00,0,0.010000,10,0
2047,0,0.00,0.00,1,0.010000,0,0
2048,2,100.00,100.00,1,0.010000,0,0
2049,2,100.00,100.00,1,0.010000,0,0
2050,20,0.00,0.00,0,0.010000,10,0
2051,20,0.00,0.00,0,0.010000,10,0
2052,20,44.00,94.00,0,0.010000,11,2
2053,20,-45.00,-35.00,0,0.010000,11,2
2054,20,174.00,124.00,0,0.010000,10,1
2055,20,43.00,53.00,0,0.010000,13,1
2056,20,0.00,0.00,0,0.010000,10,0
2057,0,0.00,0.00,1,0.010000,0,0
2058,2,100.00,100.00,1,0.010000,0,0
2059,2,100.00,100.00,1,0.010000,0,0
2060,20,13.00,3.00,0,0.010000,11,4
2061,20,0.00,0.00,0,0.010000,10,0
2062,0,0.00,0.00,1,0.010000,0,0
2063,20,0.00,0.00,0,0.010000,10,0
2064,20,135.00,85.00,0,0.010000,10,0
2065,20,93.00,93.00,0,0.010000,12,0
2066,20,44.00,44.00,0,0.010000,9,1
2067,1,50.00,50.00,1,0.010000,0,0
2068,2,100.00,100.00,1,0.010000,0,0
2069,2,100.00,100.00,1,0.010000,0,0
2070,20,0.00,0.00,0,0.010000,10,0
2071,20,39.00,49.00,0,0.010000,10,1
2072,20,-89.00,-89.00,0,0.010000,14,9
2073,0,0.00,0.00,1,0.010000,0,0
2074,20,135.00,85.00,0,0.010000,10,0
2075,20,93.00,93.00,0,0.010000,12,0
2076,20,44.00,44.00,0,0.010000,9,1
2077,0,0.00,0.00,1,0.010000,0,0
2078,2,100.00,100.00,1,0.010000,0,0
2079,2,100.00,100.00,1,0.010000,0,0
2080,20,0.00,0.00,0,0.010000,10,0
2081,20,0.00,0.00,0,0.010000,10,0
2082,1,50.00,50.00,1,0.010000,0,0
2083,0,0.00,0.00,1,0.010000,0,0
2084,20,135.00,85.00,0,0.010000,10,0
2085,20,93.00,93.00,0,0.010000,12,0
2086,20,0.00,0.00,0,0.010000,10,0
2087,20,-89.00,-79.00,0,0.010000,14,8
2088,2,100.00,100.00,1,0.010000,0,0
2089,2,100.00,100.00,1,0.010000,0,0
2090,20,49.00,39.00,0,0.010000,10,1
2091,20,0.00,0.00,0,0.010000,10,0
2092,3,50.00,50.00,1,0.010000,1,0
2093,0,0.00,0.00,1,0.010000,0,0
2094,20,135.00,85.00,0,0.010000,10,0
2095,20,43.00,43.00,0,0.010000,13,1
2096,20,0.00,0.00,0,0.010000,10,0
2097,0,0.00,0.00,1,0.010000,0,0
2098,2,100.00,100.00,1,0.010000,0,0
2099,2,100.00,100.00,1,0.010000,0,0
2100,20,0.00,0.00,0,0.010000,10,0
2101,20,0.00,0.00,0,0.010000,10,0
2102,1,50.00,50.00,1,0.010000,0,0
2103,0,0.00,0.00,1,0.010000,0,0
2104,20,135.00,85.00,0,0.010000,10,0
2105,20,43.00,53.00,0,0.010000,13,1
2106,20,0.00,0.00,0,0.010000,10,0
2107,0,0.00,0.00,1,0.010000,0,0
2108,2,100.00,100.00,1,0.010000,0,0
2109,2,100.00,100.00,1,0.010000,0,0
2110,20,0.00,0.00,0,0.010000,10,0
2111,20,0.00,0.00,0,0.010000,10,0
2112,0,0.00,0.00,1,0.010000,0,0
2113,0,0.00,0.00,1,0.010000,0,0
2114,20,135.00,85.00,0,0.010000,10,0
2115,20,93.00,93.00,0,0.010000,12,0
2116,20,0.00,0.00,0,0.010000,10,0
2117,0,0.00,0.00,1,0.010000,0,0
2118,2,100.00,100.00,1,0.010000,0,0
2119,2,100.00,100.00,1,0.010000,0,0
2120,20,39.00,39.00,0,0.010000,10,1
2121,20,0.00,0.00,0,0.010000,10,0
2122,0,0.00,0.00,1,0.010000,0,0
2123,0,0.00,0.00,1,0.010000,0,0
2124,20,135.00,85.00,0,0.010000,10,0
2125,20,93.00,93.00,0,0.010000,12,0
2126,20,0.00,0.00,0,0.010000,10,0
2127,1,50.00,50.00,1,0.010000,0,0
2128,2,100.00,100.00,1,0.010000,0,0
2129,2,100.00,100.00,1,0.010000,0,0
2130,20,0.00,0.00,0,0.010000,10,0
2131,20,0.00,0.00,0,0.010000,10,0
2132,1,50.00,50.00,1,0.010000,0,0
2133,1,50.00,50.00,1,0.010000,0,0
2134,20,135.00,85.00,0,0.010000,10,0
2135,20,93.00,93.00,0,0.010000,12,0
2136,20,44.00,44.00,0,0.010000,9,1
2137,20,-45.00,-45.00,0,0.010000,15,10
2138,2,100.00,100.00,1,0.010000,0,0
2139,2,100.00,100.00,1,0.010000,0,0
2140,20,0.00,0.00,0,0.010000,10,0
2141,20,0.00,0.00,0,0.010000,10,0
2142,20,-61.00,-51.00,0,0.010000,11,0
2143,0,0.00,0.00,1,0.010000,0,0
2144,20,174.00,124.00,0,0.010000,10,1
2145,20,48.00,48.00,0,0.010000,12,1
2146,20,0.00,0.00,0,0.010000,10,0
2147,1,50.00,50.00,1,0.010000,0,0
2148,2,100.00,100.00,1,0.010000,0,0
2149,2,100.00,100.00,1,0.010000,0,0
2150,20,0.00,0.00,0,0.010000,10,0
2151,20,0.00,0.00,0,0.010000,10,0
2152,1,50.00,50.00,1,0.010000,0,0
2153,20,0.00,0.00,0,0.010000,10,0
2154,20,174.00,124.00,0,0.010000,10,1
2155,20,93.00,93.00,0,0.010000,12,0
2156,20,0.00,0.00,0,0.010000,10,0
2157,3,50.00,50.00,1,0.010000,1,0
2158,2,100.00,100.00,1,0.010000,0,0
2159,2,100.00,100.00,1,0.010000,0,0
2160,20,0.00,0.00,0,0.010000,10,0
2161,20,0.00,0.00,0,0.010000,10,0
2162,20,49.00,39.00,0,0.010000,10,1
2163,2,100.00,100.00,1,0.010000,0,0
2164,20,135.00,85.00,0,0.010000,10,0
2165,20,93.00,93.00,0,0.010000,12,0
2166,20,0.00,0.00,0,0.010000,10,0
2167,1,50.00,50.00,1,0.010000,0,0
2168,2,100.00,100.00,1,0.010000,0,0
2169,2,100.00,100.00,1,0.010000,0,0
2170,20,0.00,0.00,0,0.010000,10,0
2171,20,44.00,44.00,0,0.010000,9,1
2172,20,-12.00,-12.00,0,0.010000,11,2
2173,20,0.00,0.00,0,0.010000,10,0
2174,20,164.00,134.00,0,0.010000,10,0
2175,20,93.00,93.00,0,0.010000,12,0
2176,20,0.00,0.00,0,0.010000,10,0
2177,20,-24.00,16.00,0,0.010000,13,4
2178,2,100.00,100.00,1,0.010000,0,0
2179,2,100.00,100.00,1,0.010000,0,0
2180,20,0.00,0.00,0,0.010000,10,0
2181,20,0.00,0.00,0,0.010000,10,0
2182,0,0.00,0.00,1,0.010000,0,0
2183,20,49.00,39.00,0,0.010000,10,0
2184,20,135.00,85.00,0,0.010000,10,0
2185,20,93.00,93.00,0,0.010000,12,0
2186,20,0.00,0.00,0,0.010000,10,0
2187,20,-40.00,-60.00,0,0.010000,14,9
2188,2,100.00,100.00,1,0.010000,0,0
2189,2,100.00,100.00,1,0.010000,0,0
2190,20,39.00,49.00,0,0.010000,10,1
2191,20,0.00,0.00,0,0.010000,10,0
2192,20,-43.00,-33.00,0,0.010000,14,6
2193,2,100.00,100.00,1,0.010000,0,0
2194,20,135.00,85.00,0,0.010000,10,0
2195,20,93.00,93.00,0,0.010000,12,0
2196,20,0.00,0.00,0,0.010000,10,0
2197,0,0.00,0.00,1,0.010000,0,0
2198,2,100.00,100.00,1,0.010000,0,0
2199,2,100.00,100.00,1,0.010000,0,0
2200,20,0.00,0.00,0,0.010000,10,0
2201,20,0.00,0.00,0,0.010000,10,0
2202,1,50.00,50.00,1,0.010000,0,0
2203,0,0.00,0.00,1,0.010000,0,0
2204,20,135.00,85.00,0,0.010000,10,0
2205,20,93.00,93.00,0,0.010000,12,0
2206,20,0.00,0.00,0,0.010000,10,0
2207,0,0.00,0.00,1,0.010000,0,0
2208,2,100.00,100.00,1,0.010000,0,0
2209,2,100.00,100.00,1,0.010000,0,0
2210,20,39.00,39.00,0,0.010000,10,1
2211,20,0.00,0.00,0,0.010000,10,0
2212,20,0.00,0.00,0,0.010000,10,0
2213,0,0.00,0.00,1,0.010000,0,0
2214,20,135.00,85.00,0,0.010000,10,0
2215,20,93.00,93.00,0,0.010000,12,0
2216,20,0.00,0.00,0,0.010000,10,0
2217,0,0.00,0.00,1,0.010000,0,0
2218,2,100.00,100.00,1,0.010000,0,0
2219,2,100.00,100.00,1,0.010000,0,0
2220,20,0.00,0.00,0,0.010000,10,0
2221,20,0.00,0.00,0,0.010000,10,0
2222,0,0.00,0.00,1,0.010000,0,0
2223,20,95.00,35.00,0,0.010000,11,0
2224,20,135.00,85.00,0,0.010000,10,0
2225,20,93.00,93.00,0,0.010000,12,0
2226,20,0.00,0.00,0,0.010000,10,0
2227,20,-89.00,-99.00,0,0.010000,14,10
2228,2,100.00,100.00,1,0.010000,0,0
2229,2,100.00,100.00,1,0.010000,0,0
2230,20,0.00,0.00,0,0.010000,10,0
2231,20,0.00,0.00,0,0.010000,10,0
2232,20,-70.00,-80.00,0,0.010000,13,8
2233,1,50.00,50.00,1,0.010000,0,0
2234,20,174.00,134.00,0,0.010000,10,1
2235,20,93.00,93.00,0,0.010000,12,0
2236,20,0.00,0.00,0,0.010000,10,0
2237,1,50.00,50.00,1,0.010000,0,0
2238,2,100.00,100.00,1,0.010000,0,0
2239,2,100.00,100.00,1,0.010000,0,0
2240,20,0.00,0.00,0,0.010000,10,0
2241,20,-24.00,-24.00,0,0.010000,12,0
2242,0,0.00,0.00,1,0.010000,0,0
2243,0,0.00,0.00,1,0.010000,0,0
2244,20,135.00,85.00,0,0.010000,10,0
2245,20,93.00,93.00,0,0.010000,12,0
2246,20,35.00,45.00,0,0.010000,10,0
2247,1,50.00,50.00,1,0.010000,0,0
2248,2,100.00,100.00,1,0.010000,0,0
2249,2,100.00,100.00,1,0.010000,0,0
2250,20,0.00,0.00,0,0.010000,10,0
2251,20,0.00,0.00,0,0.010000,10,0
2252,0,0.00,0.00,1,0.010000,0,0
2253,0,0.00,0.00,1,0.010000,0,0
2254,20,135.00,85.00,0,0.010000,10,0
2255,20,48.00,48.00,0,0.010000,12,1
2256,20,0.00,0.00,0,0.010000,10,0
2257,0,0.00,0.00,1,0.010000,0,0
2258,2,100.00,100.00,1,0.010000,0,0
2259,2,100.00,100.00,1,0.010000,0,0
2260,20,0.00,0.00,0,0.010000,10,0
2261,20,-2.00,-22.00,0,0.010000,11,0
2262,20,0.00,0.00,0,0.010000,10,0
2263,1,50.00,50.00,1,0.010000,0,0
2264,20,135.00,85.00,0,0.010000,10,0
2265,20,93.00,93.00,0,0.010000,12,0
2266,20,0.00,0.00,0,0.010000,10,0
2267,0,0.00,0.00,1,0.010000,0,0
2268,2,100.00,100.00,1,0.010000,0,0
2269,2,100.00,100.00,1,0.010000,0,0
2270,20,0.00,0.00,0,0.010000,10,0
2271,20,0.00,0.00,0,0.010000,10,0
2272,20,144.00,164.00,0,0.010000,10,0
2273,0,0.00,0.00,1,0.010000,0,0
2274,20,135.00,85.00,0,0.010000,10,0
2275,20,93.00,93.00,0,0.010000,12,0
2276,20,0.00,0.00,0,0.010000,10,0
2277,1,50.00,50.00,1,0.010000,0,0
2278,2,100.00,100.00,1,0.010000,0,0
2279,2,100.00,100.00,1,0.010000,0,0
2280,20,0.00,0.00,0,0.010000,10,0
2281,20,39.00,39.00,0,0.010000,10,1
2282,1,50.00,50.00,1,0.010000,0,0
2283,1,50.00,50.00,1,0.010000,0,0
2284,20,135.00,85.00,0,0.010000,10,0
2285,20,13.00,-7.00,0,0.010000,14,0
2286,20,0.00,0.00,0,0.010000,10,0
2287,20,-1.00,-41.00,0,0.010000,15,5
2288,2,100.00,100.00,1,0.010000,0,0
2289,2,100.00,100.00,1,0.010000,0,0
2290,20,0.00,0.00,0,0.010000,10,0
2291,20,0.00,0.00,0,0.010000,10,0
2292,20,-72.00,-82.00,0,0.010000,14,8
2293,0,0.00,0.00,1,0.010000,0,0
2294,20,135.00,85.00,0,0.010000,10,0
2295,20,93.00,93.00,0,0.010000,12,0
2296,20,0.00,0.00,0,0.010000,10,0
2297,0,0.00,0.00,1,0.010000,0,0
2298,2,100.00,100.00,1,0.010000,0,0
2299,2,100.00,100.00,1,0.010000,0,0
2300,20,0.00,0.00,0,0.010000,10,0
2301,20,0.00,0.00,0,0.010000,10,0
2302,20,-7.00,3.00,0,0.010000,14,1
2303,20,-2.00,8.00,0,0.010000,12,5
2304,20,135.00,85.00,0,0.010000,10,0
2305,20,93.00,93.00,0,0.010000,12,0
2306,20,0.00,0.00,0,0.010000,10,0
2307,0,0.00,0.00,1,0.010000,0,0
2308,2,100.00,100.00,1,0.010000,0,0
2309,2,100.00,100.00,1,0.010000,0,0
2310,20,49.00,39.00,0,0.010000,10,1
2311,20,0.00,0.00,0,0.010000,10,0
2312,0,0.00,0.00,1,0.010000,0,0
2313,0,0.00,0.00,1,0.010000,0,0
2314,20,135.00,85.00,0,0.010000,10,0
2315,20,93.00,93.00,0,0.010000,12,0
2316,20,44.00,44.00,0,0.010000,9,1
2317,20,-90.00,-70.00,0,0.010000,13,7
2318,2,100.00,100.00,1,0.010000,0,0
2319,2,100.00,100.00,1,0.010000,0,0
2320,20,49.00,39.00,0,0.010000,10,1
2321,20,0.00,0.00,0,0.010000,10,0
2322,20,-12.00,-12.00,0,0.010000,11,0
2323,1,50.00,50.00,1,0.010000,0,0
2324,20,135.00,85.00,0,0.010000,10,0
2325,20,93.00,93.00,0,0.010000,12,0
2326,20,0.00,0.00,0,0.010000,10,0
2327,2,100.00,100.00,1,0.010000,0,0
2328,2,100.00,100.00,1,0.010000,0,0
2329,2,100.00,100.00,1,0.010000,0,0
2330,20,0.00,0.00,0,0.010000,10,0
2331,20,0.00,0.00,0,0.010000,10,0
2332,20,85.00,135.00,0,0.010000,10,0
2333,20,-17.00,-7.00,0,0.010000,10,2
2334,20,135.00,85.00,0,0.010000,10,0
2335,20,93.00,93.00,0,0.010000,12,0
2336,20,0.00,0.00,0,0.010000,10,0
2337,20,124.00,84.00,0,0.010000,11,0
2338,2,100.00,100.00,1,0.010000,0,0
2339,2,100.00,100.00,1,0.010000,0,0
2340,20,0.00,0.00,0,0.010000,10,0
2341,20,39.00,49.00,0,0.010000,10,1
2342,1,50.00,50.00,1,0.010000,0,0
2343,20,-19.00,11.00,0,0.010000,12,5
2344,20,135.00,85.00,0,0.010000,10,0
2345,20,43.00,43.00,0,0.010000,13,1
2346,20,49.00,39.00,0,0.010000,10,1
2347,0,0.00,0.00,1,0.010000,0,0
2348,2,100.00,100.00,1,0.010000,0,0
2349,2,100.00,100.00,1,0.010000,0,0
2350,20,0.00,0.00,0,0.010000,10,0
2351,20,0.00,0.00,0,0.010000,10,0
2352,0,0.00,0.00,1,0.010000,0,0
2353,2,100.00,100.00,1,0.010000,0,0
2354,20,179.00,129.00,0,0.010000,9,1
2355,20,93.00,93.00,0,0.010000,12,0
2356,20,0.00,0.00,0,0.010000,10,0
2357,20,59.00,89.00,0,0.010000,10,2
2358,2,100.00,100.00,1,0.010000,0,0
2359,2,100.00,100.00,1,0.010000,0,0
2360,20,0.00,0.00,0,0.010000,10,0
2361,20,0.00,0.00,0,0.010000,10,0
2362,0,0.00,0.00,1,0.010000,0,0
2363,0,0.00,0.00,1,0.010000,0,0
2364,20,135.00,85.00,0,0.010000,10,0
2365,20,93.00,93.00,0,0.010000,12,0
2366,20,0.00,0.00,0,0.010000,10,0
2367,20,-23.00,-53.00,0,0.010000,14,9
2368,2,100.00,100.00,1,0.010000,0,0
2369,2,100.00,100.00,1,0.010000,0,0
2370,20,0.00,0.00,0,0.010000,10,0
2371,20,0.00,0.00,0,0.010000,10,0
2372,20,0.00,0.00,0,0.010000,10,0
2373,20,-46.00,-16.00,0,0.010000,12,4
2374,20,135.00,85.00,0,0.010000,10,0
2375,20,93.00,93.00,0,0.010000,12,0
2376,20,0.00,0.00,0,0.010000,10,0
2377,20,-70.00,-60.00,0,0.010000,13,6
2378,2,100.00,100.00,1,0.010000,0,0
2379,2,100.00,100.00,1,0.010000,0,0
2380,20,0.00,0.00,0,0.010000,10,0
2381,20,0.00,0.00,0,0.010000,10,0
2382,20,0.00,0.00,0,0.010000,10,0
2383,1,50.00,50.00,1,0.010000,0,0
2384,20,135.00,85.00,0,0.010000,10,0
2385,20,93.00,93.00,0,0.010000,12,0
2386,20,0.00,0.00,0,0.010000,10,0
2387,0,0.00,0.00,1,0.010000,0,0
2388,2,100.00,100.00,1,0.010000,0,0
2389,2,100.00,100.00,1,0.010000,0,0
2390,20,0.00,0.00,0,0.010000,10,0
2391,20,0.00,0.00,0,0.010000,10,0
2392,0,0.00,0.00,1,0.010000,0,0
2393,20,45.00,85.00,0,0.010000,11,0
2394,20,135.00,85.00,0,0.010000,10,0
2395,20,43.00,43.00,0,0.010000,13,1
2396,20,0.00,0.00,0,0.010000,10,0
2397,20,124.00,84.00,0,0.010000,11,0
2398,2,100.00,100.00,1,0.010000,0,0
2399,2,100.00,100.00,1,0.010000,0,0
2400,20,0.00,0.00,0,0.010000,10,0
2401,20,0.00,0.00,0,0.010000,10,0
2402,20,135.00,85.00,0,0.010000,10,0
2403,20,-45.00,-45.00,0,0.010000,13,9
2404,20,135.00,85.00,0,0.010000,10,0
2405,20,48.00,48.00,0,0.010000,12,1
2406,20,0.00,0.00,0,0.010000,10,0
2407,2,100.00,100.00,1,0.010000,0,0
2408,2,100.00,100.00,1,0.010000,0,0
2409,2,100.00,100.00,1,0.010000,0,0
2410,20,0.00,0.00,0,0.010000,10,0
2411,20,0.00,0.00,0,0.010000,10,0
2412,2,100.00,100.00,1,0.010000,0,0
2413,20,0.00,0.00,0,0.010000,10,0
2414,20,135.00,85.00,0,0.010000,10,0
2415,20,93.00,93.00,0,0.010000,12,0
2416,20,0.00,0.00,0,0.010000,10,0
2417,20,-47.00,-77.00,0,0.010000,13,2
2418,2,100.00,100.00,1,0.010000,0,0
2419,2,100.00,100.00,1,0.010000,0,0
2420,20,0.00,0.00,0,0.010000,10,0
2421,20,0.00,0.00,0,0.010000,10,0
2422,20,85.00,135.00,0,0.010000,10,0
2423,20,85.00,135.00,0,0.010000,10,0
2424,20,174.00,124.00,0,0.010000,10,1
2425,20,93.00,93.00,0,0.010000,12,0
2426,20,0.00,0.00,0,0.010000,10,0
2427,0,0.00,0.00,1,0.010000,0,0
2428,2,100.00,100.00,1,0.010000,0,0
2429,2,100.00,100.00,1,0.010000,0,0
2430,20,0.00,0.00,0,0.010000,10,0
2431,20,39.00,49.00,0,0.010000,10,0
2432,20,95.00,125.00,0,0.010000,10,0
2433,0,0.00,0.00,1,0.010000,0,0
2434,20,135.00,85.00,0,0.010000,10,0
2435,20,48.00,48.00,0,0.010000,12,1
2436,20,0.00,0.00,0,0.010000,10,0
2437,20,43.00,43.00,0,0.010000,13,0
2438,2,100.00,100.00,1,0.010000,0,0
2439,2,100.00,100.00,1,0.010000,0,0
2440,20,0.00,0.00,0,0.010000,10,0
2441,20,-22.00,-22.00,0,0.010000,11,2
2442,20,48.00,88.00,0,0.010000,11,4
2443,2,100.00,100.00,1,0.010000,0,0
2444,20,135.00,85.00,0,0.010000,10,0
2445,20,93.00,93.00,0,0.010000,12,0
2446,20,0.00,0.00,0,0.010000,10,0
2447,20,-87.00,-57.00,0,0.010000,15,7
2448,2,100.00,100.00,1,0.010000,0,0
2449,2,100.00,100.00,1,0.010000,0,0
2450,20,39.00,39.00,0,0.010000,10,1
2451,20,39.00,49.00,0,0.010000,10,0
2452,2,100.00,100.00,1,0.010000,0,0
2453,0,0.00,0.00,1,0.010000,0,0
2454,20,135.00,85.00,0,0.010000,10,0
2455,20,93.00,93.00,0,0.010000,12,0
2456,20,0.00,0.00,0,0.010000,10,0
2457,1,50.00,50.00,1,0.010000,0,0
2458,2,100.00,100.00,1,0.010000,0,0
2459,2,100.00,100.00,1,0.010000,0,0
2460,20,0.00,0.00,0,0.010000,10,0
2461,20,0.00,0.00,0,0.010000,10,0
2462,0,0.00,0.00,1,0.010000,0,0
2463,20,-2.00,18.00,0,0.010000,12,4
2464,20,135.00,85.00,0,0.010000,10,0
2465,20,93.00,93.00,0,0.010000,12,0
2466,20,0.00,0.00,0,0.010000,10,0
2467,20,43.00,43.00,0,0.010000,13,0
2468,2,100.00,100.00,1,0.010000,0,0
2469,2,100.00,100.00,1,0.010000,0,0
2470,20,0.00,0.00,0,0.010000,10,0
2471,20,0.00,0.00,0,0.010000,10,0
2472,1,50.00,50.00,1,0.010000,0,0
2473,20,-92.00,-102.00,0,0.010000,13,5
2474,20,135.00,85.00,0,0.010000,10,0
2475,20,93.00,93.00,0,0.010000,12,0
2476,20,0.00,0.00,0,0.010000,10,0
2477,20,-40.00,-60.00,0,0.010000,14,8
2478,2,100.00,100.00,1,0.010000,0,0
2479,2,100.00,100.00,1,0.010000,0,0
2480,20,0.00,0.00,0,0.010000,10,0
2481,20,0.00,0.00,0,0.010000,10,0
2482,0,0.00,0.00,1,0.010000,0,0
2483,0,0.00,0.00,1,0.010000,0,0
2484,20,135.00,85.00,0,0.010000,10,0
2485,20,93.00,93.00,0,0.010000,12,0
2486,20,0.00,0.00,0,0.010000,10,0
2487,0,0.00,0.00,1,0.010000,0,0
2488,2,100.00,100.00,1,0.010000,0,0
2489,2,100.00,100.00,1,0.010000,0,0
2490,20,0.00,0.00,0,0.010000,10,0
2491,20,0.00,0.00,0,0.010000,10,0
2492,1,50.00,50.00,1,0.010000,0,0
2493,20,5.00,55.00,0,0.010000,11,0
2494,20,135.00,85.00,0,0.010000,10,0
2495,20,93.00,93.00,0,0.010000,12,0
2496,20,0.00,0.00,0,0.010000,10,0
2497,20,0.00,0.00,0,0.010000,10,0
2498,2,100.00,100.00,1,0.010000,0,0
2499,2,100.00,100.00,1,0.010000,0,0
2500,20,0.00,0.00,0,0.010000,10,0
2501,20,0.00,0.00,0,0.010000,10,0
2502,0,0.00,0.00,1,0.010000,0,0
2503,0,0.00,0.00,1,0.010000,0,0
2504,20,135.00,85.00,0,0.010000,10,0
2505,20,93.00,93.00,0,0.010000,12,0
2506,20,39.00,39.00,0,0.010000,10,1
2507,0,0.00,0.00,1,0.010000,0,0
2508,2,100.00,100.00,1,0.010000,0,0
2509,2,100.00,100.00,1,0.010000,0,0
2510,20,27.00,27.00,0,0.010000,11,2
2511,20,0.00,0.00,0,0.010000,10,0
2512,20,-22.00,-12.00,0,0.010000,11,2
2513,3,50.00,50.00,1,0.010000,1,0
2514,20,179.00,129.00,0,0.010000,9,1
2515,20,93.00,93.00,0,0.010000,12,0
2516,20,43.00,43.00,0,0.010000,10,4
2517,20,-48.00,-48.00,0,0.010000,12,5
2518,2,100.00,100.00,1,0.010000,0,0
2519,2,100.00,100.00,1,0.010000,0,0
2520,20,0.00,0.00,0,0.010000,10,0
2521,20,0.00,0.00,0,0.010000,10,0
2522,0,0.00,0.00,1,0.010000,0,0
2523,20,-77.00,-77.00,0,0.010000,15,8
2524,20,135.00,85.00,0,0.010000,10,0
2525,20,93.00,93.00,0,0.010000,12,0
2526,20,0.00,0.00,0,0.010000,10,0
2527,20,0.00,0.00,0,0.010000,10,0
2528,2,100.00,100.00,1,0.010000,0,0
2529,2,100.00,100.00,1,0.010000,0,0
2530,20,0.00,0.00,0,0.010000,10,0
2531,20,0.00,0.00,0,0.010000,10,0
2532,3,50.00,50.00,1,0.010000,1,0
2533,1,50.00,50.00,1,0.010000,0,0
2534,20,135.00,85.00,0,0.010000,10,0
2535,20,93.00,93.00,0,0.010000,12,0
2536,20,0.00,0.00,0,0.010000,10,0
2537,20,5.00,5.00,0,0.010000,10,2
2538,2,100.00,100.00,1,0.010000,0,0
2539,2,100.00,100.00,1,0.010000,0,0
2540,20,0.00,0.00,0,0.010000,10,0
2541,20,0.00,0.00,0,0.010000,10,0
2542,1,50.00,50.00,1,0.010000,0,0
2543,20,94.00,144.00,0,0.010000,10,0
2544,20,135.00,85.00,0,0.010000,10,0
2545,20,93.00,93.00,0,0.010000,12,0
2546,20,0.00,0.00,0,0.010000,10,0
2547,20,-43.00,-53.00,0,0.010000,13,4
2548,2,100.00,100.00,1,0.010000,0,0
2549,2,100.00,100.00,1,0.010000,0,0
2550,20,0.00,0.00,0,0.010000,10,0
2551,20,0.00,0.00,0,0.010000,10,0
2552,1,50.00,50.00,1,0.010000,0,0
2553,20,24.00,34.00,0,0.010000,10,0
2554,20,135.00,85.00,0,0.010000,10,0
2555,20,93.00,93.00,0,0.010000,12,0
2556,20,0.00,0.00,0,0.010000,10,0
2557,20,-36.00,-46.00,0,0.010000,14,0
2558,2,100.00,100.00,1,0.010000,0,0
2559,2,100.00,100.00,1,0.010000,0,0
2560,20,39.00,39.00,0,0.010000,10,1
2561,20,49.00,39.00,0,0.010000,10,1
2562,0,0.00,0.00,1,0.010000,0,0
2563,20,13.00,-7.00,0,0.010000,11,5
2564,20,135.00,85.00,0,0.010000,10,0
2565,20,93.00,93.00,0,0.010000,12,0
2566,20,0.00,0.00,0,0.010000,10,0
2567,3,50.00,50.00,1,0.010000,1,0
2568,2,100.00,100.00,1,0.010000,0,0
2569,2,100.00,100.00,1,0.010000,0,0
2570,20,0.00,0.00,0,0.010000,10,0
2571,20,0.00,0.00,0,0.010000,10,0
2572,0,0.00,0.00,1,0.010000,0,0
2573,1,50.00,50.00,1,0.010000,0,0
2574,20,135.00,85.00,0,0.010000,10,0
2575,20,93.00,93.00,0,0.010000,12,0
2576,20,0.00,0.00,0,0.010000,10,0
2577,20,43.00,43.00,0,0.010000,13,0
2578,2,100.00,100.00,1,0.010000,0,0
2579,2,100.00,100.00,1,0.010000,0,0
2580,20,0.00,0.00,0,0.010000,10,0
2581,20,39.00,49.00,0,0.010000,10,1
2582,20,-5.00,-25.00,0,0.010000,12,5
2583,0,0.00,0.00,1,0.010000,0,0
2584,20,135.00,85.00,0,0.010000,10,0
2585,20,93.00,93.00,0,0.010000,12,0
2586,20,0.00,0.00,0,0.010000,10,0
2587,0,0.00,0.00,1,0.010000,0,0
2588,2,100.00,100.00,1,0.010000,0,0
2589,2,100.00,100.00,1,0.010000,0,0
2590,20,0.00,0.00,0,0.010000,10,0
2591,20,0.00,0.00,0,0.010000,10,0
2592,0,0.00,0.00,1,0.010000,0,0
2593,0,0.00,0.00,1,0.010000,0,0
2594,20,135.00,85.00,0,0.010000,10,0
2595,20,13.00,13.00,0,0.010000,13,0
2596,20,0.00,0.00,0,0.010000,10,0
2597,20,-21.00,-11.00,0,0.010000,10,1
2598,2,100.00,100.00,1,0.010000,0,0
2599,2,100.00,100.00,1,0.010000,0,0
2600,20,0.00,0.00,0,0.010000,10,0
2601,20,0.00,0.00,0,0.010000,10,0
2602,20,43.00,43.00,0,0.010000,13,0
2603,20,35.00,-5.00,0,0.010000,12,0
2604,20,135.00,85.00,0,0.010000,10,0
2605,20,93.00,93.00,0,0.010000,12,0
2606,20,39.00,49.00,0,0.010000,10,1
2607,20,3.00,3.00,0,0.010000,14,0
2608,2,100.00,100.00,1,0.010000,0,0
2609,2,100.00,100.00,1,0.010000,0,0
2610,20,0.00,0.00,0,0.010000,10,0
2611,20,0.00,0.00,0,0.010000,10,0
2612,0,0.00,0.00,1,0.010000,0,0
2613,20,-46.00,-36.00,0,0.010000,14,0
2614,20,135.00,85.00,0,0.010000,10,0
2615,20,93.00,93.00,0,0.010000,12,0
2616,20,0.00,0.00,0,0.010000,10,0
2617,20,-18.00,-8.00,0,0.010000,13,4
2618,2,100.00,100.00,1,0.010000,0,0
2619,2,100.00,100.00,1,0.010000,0,0
2620,20,0.00,0.00,0,0.010000,10,0
2621,20,0.00,0.00,0,0.010000,10,0
2622,2,100.00,100.00,1,0.010000,0,0
2623,0,0.00,0.00,1,0.010000,0,0
2624,20,135.00,85.00,0,0.010000,10,0
2625,20,93.00,93.00,0,0.010000,12,0
2626,20,0.00,0.00,0,0.010000,10,0
2627,0,0.00,0.00,1,0.010000,0,0
2628,2,100.00,100.00,1,0.010000,0,0
2629,2,100.00,100.00,1,0.010000,0,0
2630,20,-53.00,-53.00,0,0.010000,13,4
2631,20,0.00,0.00,0,0.010000,10,0
2632,20,-124.00,-94.00,0,0.010000,14,5
2633,0,0.00,0.00,1,0.010000,0,0
2634,20,135.00,85.00,0,0.010000,10,0
2635,20,43.00,53.00,0,0.010000,13,1
2636,20,0.00,0.00,0,0.010000,10,0
2637,0,0.00,0.00,1,0.010000,0,0
2638,2,100.00,100.00,1,0.010000,0,0
2639,2,100.00,100.00,1,0.010000,0,0
2640,20,0.00,0.00,0,0.010000,10,0
2641,20,0.00,0.00,0,0.010000,10,0
2642,20,0.00,0.00,0,0.010000,10,0
2643,2,100.00,100.00,1,0.010000,0,0
2644,20,135.00,85.00,0,0.010000,10,0
2645,20,93.00,93.00,0,0.010000,12,0
2646,20,0.00,0.00,0,0.010000,10,0
2647,0,0.00,0.00,1,0.010000,0,0
2648,2,100.00,100.00,1,0.010000,0,0
2649,2,100.00,100.00,1,0.010000,0,0
2650,20,0.00,0.00,0,0.010000,10,0
2651,20,0.00,0.00,0,0.010000,10,0
2652,1,50.00,50.00,1,0.010000,0,0
2653,0,0.00,0.00,1,0.010000,0,0
2654,20,135.00,85.00,0,0.010000,10,0
2655,20,93.00,93.00,0,0.010000,12,0
2656,20,0.00,0.00,0,0.010000,10,0
2657,1,50.00,50.00,1,0.010000,0,0
2658,2,100.00,100.00,1,0.010000,0,0
2659,2,100.00,100.00,1,0.010000,0,0
2660,20,-31.00,-1.00,0,0.010000,13,5
2661,20,0.00,0.00,0,0.010000,10,0
2662,0,0.00,0.00,1,0.010000,0,0
2663,0,0.00,0.00,1,0.010000,0,0
2664,20,135.00,85.00,0,0.010000,10,0
2665,20,93.00,93.00,0,0.010000,12,0
2666,20,0.00,0.00,0,0.010000,10,0
2667,1,50.00,50.00,1,0.010000,0,0
2668,2,100.00,100.00,1,0.010000,0,0
2669,2,100.00,100.00,1,0.010000,0,0
2670,20,0.00,0.00,0,0.010000,10,0
2671,20,0.00,0.00,0,0.010000,10,0
2672,20,84.00,44.00,0,0.010000,12,0
2673,0,0.00,0.00,1,0.010000,0,0
2674,20,84.00,44.00,0,0.010000,12,0
2675,20,93.00,93.00,0,0.010000,12,0
2676,20,28.00,28.00,0,0.010000,10,2
2677,20,-43.00,-33.00,0,0.010000,11,1
2678,2,100.00,100.00,1,0.010000,0,0
2679,2,100.00,100.00,1,0.010000,0,0
2680,20,0.00,0.00,0,0.010000,10,0
2681,20,44.00,44.00,0,0.010000,9,1
2682,2,100.00,100.00,1,0.010000,0,0
2683,1,50.00,50.00,1,0.010000,0,0
2684,20,135.00,85.00,0,0.010000,10,0
2685,20,13.00,13.00,0,0.010000,13,0
2686,20,0.00,0.00,0,0.010000,10,0
2687,20,85.00,135.00,0,0.010000,10,0
2688,2,100.00,100.00,1,0.010000,0,0
2689,2,100.00,100.00,1,0.010000,0,0
2690,20,0.00,0.00,0,0.010000,10,0
2691,20,0.00,0.00,0,0.010000,10,0
2692,0,0.00,0.00,1,0.010000,0,0
2693,20,-57.00,-57.00,0,0.010000,14,10
2694,20,174.00,124.00,0,0.010000,10,1
2695,20,43.00,53.00,0,0.010000,13,1
2696,20,0.00,0.00,0,0.010000,10,0
2697,1,50.00,50.00,1,0.010000,0,0
2698,2,100.00,100.00,1,0.010000,0,0
2699,2,100.00,100.00,1,0.010000,0,0
2700,20,0.00,0.00,0,0.010000,10,0
2701,20,0.00,0.00,0,0.010000,10,0
2702,20,85.00,35.00,0,0.010000,11,1
2703,20,124.00,84.00,0,0.010000,11,0
2704,20,135.00,85.00,0,0.010000,10,0
2705,20,93.00,93.00,0,0.010000,12,0
2706,20,0.00,0.00,0,0.010000,10,0
2707,20,135.00,85.00,0,0.010000,10,0
2708,2,100.00,100.00,1,0.010000,0,0
2709,2,100.00,100.00,1,0.010000,0,0
2710,20,0.00,0.00,0,0.010000,10,0
2711,20,0.00,0.00,0,0.010000,10,0
2712,20,135.00,85.00,0,0.010000,10,0
2713,0,0.00,0.00,1,0.010000,0,0
2714,20,174.00,134.00,0,0.010000,10,1
2715,20,93.00,93.00,0,0.010000,12,0
2716,20,0.00,0.00,0,0.010000,10,0
2717,20,-2.00,18.00,0,0.010000,12,3
2718,2,100.00,100.00,1,0.010000,0,0
2719,2,100.00,100.00,1,0.010000,0,0
2720,20,0.00,0.00,0,0.010000,10,0
2721,20,0.00,0.00,0,0.010000,10,0
2722,2,100.00,100.00,1,0.010000,0,0
2723,20,85.00,135.00,0,0.010000,10,0
2724,20,135.00,85.00,0,0.010000,10,0
2725,20,93.00,93.00,0,0.010000,12,0
2726,20,0.00,0.00,0,0.010000,10,0
2727,20,-87.00,-97.00,0,0.010000,12,5
2728,2,100.00,100.00,1,0.010000,0,0
2729,2,100.00,100.00,1,0.010000,0,0
2730,20,0.00,0.00,0,0.010000,10,0
2731,20,0.00,0.00,0,0.010000,10,0
2732,20,45.00,85.00,0,0.010000,11,0
2733,0,0.00,0.00,1,0.010000,0,0
2734,20,135.00,85.00,0,0.010000,10,0
2735,20,93.00,93.00,0,0.010000,12,0
2736,20,0.00,0.00,0,0.010000,10,0
2737,3,50.00,50.00,1,0.010000,1,0
2738,2,100.00,100.00,1,0.010000,0,0
2739,2,100.00,100.00,1,0.010000,0,0
2740,20,0.00,0.00,0,0.010000,10,0
2741,20,0.00,0.00,0,0.010000,10,0
2742,0,0.00,0.00,1,0.010000,0,0
2743,1,50.00,50.00,1,0.010000,0,0
2744,20,135.00,85.00,0,0.010000,10,0
2745,20,-7.00,-7.00,0,0.010000,14,0
2746,20,44.00,44.00,0,0.010000,9,1
2747,20,-34.00,-14.00,0,0.010000,12,1
2748,2,100.00,100.00,1,0.010000,0,0
2749,2,100.00,100.00,1,0.010000,0,0
2750,20,0.00,0.00,0,0.010000,10,0
2751,20,0.00,0.00,0,0.010000,10,0
2752,20,-87.00,-67.00,0,0.010000,13,8
2753,20,13.00,-7.00,0,0.010000,14,1
2754,20,135.00,85.00,0,0.010000,10,0
2755,20,93.00,93.00,0,0.010000,12,0
2756,20,0.00,0.00,0,0.010000,10,0
2757,20,-50.00,-50.00,0,0.010000,16,8
2758,2,100.00,100.00,1,0.010000,0,0
2759,2,100.00,100.00,1,0.010000,0,0
2760,20,0.00,0.00,0,0.010000,10,0
2761,20,0.00,0.00,0,0.010000,10,0
2762,20,146.00,186.00,0,0.010000,9,0
2763,20,8.00,-2.00,0,0.010000,12,2
2764,20,135.00,85.00,0,0.010000,10,0
2765,20,93.00,93.00,0,0.010000,12,0
2766,20,0.00,0.00,0,0.010000,10,0
2767,20,-121.00,-121.00,0,0.010000,14,7
2768,2,100.00,100.00,1,0.010000,0,0
2769,2,100.00,100.00,1,0.010000,0,0
2770,20,0.00,0.00,0,0.010000,10,0
2771,20,0.00,0.00,0,0.010000,10,0
2772,20,-12.00,-12.00,0,0.010000,11,0
2773,0,0.00,0.00,1,0.010000,0,0
2774,20,135.00,85.00,0,0.010000,10,0
2775,20,93.00,93.00,0,0.010000,12,0
2776,20,0.00,0.00,0,0.010000,10,0
2777,0,0.00,0.00,1,0.010000,0,0
2778,2,100.00,100.00,1,0.010000,0,0
2779,2,100.00,100.00,1,0.010000,0,0
2780,20,0.00,0.00,0,0.010000,10,0
2781,20,0.00,0.00,0,0.010000,10,0
2782,0,0.00,0.00,1,0.010000,0,0
2783,2,100.00,100.00,1,0.010000,0,0
2784,20,135.00,85.00,0,0.010000,10,0
2785,20,93.00,93.00,0,0.010000,12,0
2786,20,39.00,49.00,0,0.010000,10,1
2787,1,50.00,50.00,1,0.010000,0,0
2788,2,100.00,100.00,1,0.010000,0,0
2789,2,100.00,100.00,1,0.010000,0,0
2790,20,39.00,49.00,0,0.010000,10,1
2791,20,0.00,0.00,0,0.010000,10,0
2792,1,50.00,50.00,1,0.010000,0,0
2793,0,0.00,0.00,1,0.010000,0,0
2794,20,164.00,134.00,0,0.010000,10,0
2795,20,93.00,93.00,0,0.010000,12,0
2796,20,0.00,0.00,0,0.010000,10,0
2797,0,0.00,0.00,1,0.010000,0,0
2798,2,100.00,100.00,1,0.010000,0,0
2799,2,100.00,100.00,1,0.010000,0,0
2800,20,0.00,0.00,0,0.010000,10,0
2801,20,0.00,0.00,0,0.010000,10,0
2802,0,0.00,0.00,1,0.010000,0,0
2803,20,124.00,84.00,0,0.010000,11,0
2804,20,135.00,85.00,0,0.010000,10,0
2805,20,93.00,93.00,0,0.010000,12,0
2806,20,0.00,0.00,0,0.010000,10,0
2807,20,43.00,43.00,0,0.010000,13,0
2808,3,99.00,89.00,1,0.010000,1,1
2809,2,100.00,100.00,1,0.010000,0,0
2810,20,0.00,0.00,0,0.010000,10,0
2811,20,39.00,49.00,0,0.010000,10,1
2812,0,0.00,0.00,1,0.010000,0,0
2813,0,0.00,0.00,1,0.010000,0,0
2814,20,135.00,85.00,0,0.010000,10,0
2815,20,93.00,93.00,0,0.010000,12,0
2816,20,0.00,0.00,0,0.010000,10,0
2817,20,3.00,-7.00,0,0.010000,14,0
2818,2,100.00,100.00,1,0.010000,0,0
2819,2,100.00,100.00,1,0.010000,0,0
2820,20,0.00,0.00,0,0.010000,10,0
2821,20,0.00,0.00,0,0.010000,10,0
2822,2,100.00,100.00,1,0.010000,0,0

# Summary
# FirstGoalEpisode,8
# TotalGoalCount,738
# GoalRate_last100,0.36
