Episode,Steps,RewardZ1,RewardZ2,GoalReached,Epsilon,WastedByPenalty,WastedByNoEffect
0,2,100.00,54.00,1,0.300000,0,0
1,20,-55.00,80.00,0,0.299100,3,17
2,12,-71.00,39.00,1,0.298203,11,1
3,2,100.00,54.00,1,0.297308,0,0
4,13,78.00,105.00,1,0.296416,8,2
5,20,-45.00,80.00,0,0.295527,2,20
6,20,-60.00,136.00,0,0.294640,12,8
7,20,-194.00,-144.00,0,0.293756,19,4
8,2,100.00,100.00,1,0.292875,0,0
9,1,50.00,4.00,1,0.291997,0,0
10,2,100.00,54.00,1,0.291121,0,0
11,10,41.00,40.00,1,0.290247,0,9
12,19,-67.00,53.00,1,0.300000,17,4
13,0,0.00,0.00,1,0.299100,0,0
14,3,128.00,93.00,1,0.298203,0,0
15,6,35.00,24.00,1,0.297308,1,5
16,4,88.00,88.00,1,0.296416,2,2
17,2,49.00,39.00,1,0.295527,1,1
18,2,100.00,100.00,1,0.294640,0,0
19,1,50.00,4.00,1,0.293756,0,0
20,2,100.00,54.00,1,0.292875,0,0
21,6,42.00,62.00,1,0.291997,1,3
22,8,18.00,-27.00,1,0.291121,5,5
23,0,0.00,0.00,1,0.290247,0,0
24,6,105.00,105.00,1,0.289376,2,1
25,1,50.00,4.00,1,0.288508,0,0
26,2,100.00,100.00,1,0.287643,0,0
27,2,39.00,8.00,1,0.286780,1,1
28,2,100.00,100.00,1,0.285920,0,0
29,1,50.00,4.00,1,0.285062,0,0
30,2,100.00,54.00,1,0.284207,0,0
31,20,-139.00,16.00,0,0.283354,8,16
32,1,50.00,4.00,1,0.282504,0,0
33,0,0.00,0.00,1,0.281656,0,0
34,3,99.00,58.00,1,0.280811,0,0
35,1,50.00,4.00,1,0.279969,0,0
36,6,115.00,105.00,1,0.279129,3,2
37,0,0.00,0.00,1,0.278292,0,0
38,2,100.00,100.00,1,0.277457,0,0
39,1,50.00,4.00,1,0.276624,0,0
40,6,83.00,57.00,1,0.275795,2,2
41,20,-20.00,80.00,0,0.274967,0,20
42,2,39.00,49.00,1,0.274142,1,0
43,1,50.00,50.00,1,0.273320,0,0
44,5,126.00,93.00,1,0.272500,1,0
45,1,50.00,4.00,1,0.271682,0,0
46,8,103.00,83.00,1,0.270867,3,4
47,4,47.00,17.00,1,0.270055,1,1
48,2,100.00,100.00,1,0.269245,0,0
49,1,50.00,4.00,1,0.268437,0,0
50,2,100.00,54.00,1,0.267632,0,0
51,20,-40.00,80.00,0,0.266829,2,19
52,1,50.00,50.00,1,0.266028,0,0
53,4,44.00,44.00,1,0.265230,1,1
54,4,127.00,82.00,1,0.264434,1,1
55,3,48.00,12.00,1,0.263641,0,0
56,2,100.00,100.00,1,0.262850,0,0
57,14,37.00,56.00,1,0.262062,0,13
58,2,100.00,100.00,1,0.261275,0,0
59,1,50.00,4.00,1,0.260492,0,0
60,2,100.00,54.00,1,0.259710,0,0
61,9,44.00,74.00,1,0.258931,1,6
62,4,78.00,98.00,1,0.258154,2,2
63,1,50.00,4.00,1,0.257380,0,0
64,3,128.00,93.00,1,0.256608,0,0
65,1,50.00,4.00,1,0.255838,0,0
66,2,100.00,100.00,1,0.255070,0,0
67,0,0.00,0.00,1,0.254305,0,0
68,2,100.00,100.00,1,0.253542,0,0
69,1,50.00,4.00,1,0.252781,0,0
70,2,100.00,54.00,1,0.252023,0,0
71,20,-20.00,80.00,0,0.251267,0,18
72,0,0.00,0.00,1,0.250513,0,0
73,3,88.00,58.00,1,0.249762,0,0
74,5,116.00,101.00,1,0.249012,1,2
75,1,50.00,4.00,1,0.248265,0,0
76,2,100.00,100.00,1,0.247521,0,0
77,0,0.00,0.00,1,0.246778,0,0
78,3,94.00,94.00,1,0.246038,0,1
79,3,48.00,12.00,1,0.245300,0,2
80,2,100.00,54.00,1,0.244564,0,0
81,11,32.00,67.00,1,0.243830,2,8
82,0,0.00,0.00,1,0.243099,0,0
83,3,38.00,12.00,1,0.242369,1,1
84,4,127.00,82.00,1,0.241642,1,1
85,1,50.00,4.00,1,0.240917,0,0
86,2,100.00,100.00,1,0.240194,0,0
87,1,50.00,4.00,1,0.239474,0,0
88,2,100.00,54.00,1,0.238755,0,0
89,1,50.00,4.00,1,0.238039,0,0
90,2,100.00,54.00,1,0.237325,0,0
91,5,46.00,20.00,1,0.236613,0,4
92,1,50.00,4.00,1,0.235903,0,0
93,2,39.00,8.00,1,0.235196,1,1
94,5,106.00,86.00,1,0.234490,2,2
95,1,50.00,4.00,1,0.233786,0,0
96,2,100.00,100.00,1,0.233085,0,0
97,0,0.00,0.00,1,0.232386,0,0
98,2,100.00,100.00,1,0.231689,0,0
99,1,50.00,4.00,1,0.230994,0,0
100,3,89.00,53.00,1,0.230301,1,1
101,20,-20.00,80.00,0,0.229610,0,20
102,0,0.00,0.00,1,0.228921,0,0
103,20,6.00,116.00,0,0.228234,2,17
104,3,128.00,93.00,1,0.227549,0,0
105,1,50.00,4.00,1,0.226867,0,0
106,2,100.00,100.00,1,0.226186,0,0
107,0,0.00,0.00,1,0.225508,0,0
108,2,100.00,100.00,1,0.224831,0,0
109,1,50.00,4.00,1,0.224157,0,0
110,2,100.00,54.00,1,0.223484,0,0
111,5,46.00,20.00,1,0.222814,0,4
112,0,0.00,0.00,1,0.222145,0,0
113,5,38.00,-18.00,1,0.221479,3,2
114,4,122.00,87.00,1,0.220814,0,1
115,1,50.00,4.00,1,0.220152,0,0
116,2,100.00,100.00,1,0.219492,0,0
117,2,100.00,54.00,1,0.218833,0,0
118,2,100.00,100.00,1,0.218177,0,0
119,1,50.00,4.00,1,0.217522,0,0
120,5,87.00,66.00,1,0.216869,1,1
121,20,-35.00,80.00,0,0.216219,1,20
122,0,0.00,0.00,1,0.215570,0,0
123,20,-50.00,80.00,0,0.214923,3,17
124,4,127.00,82.00,1,0.214279,1,1
125,1,50.00,4.00,1,0.213636,0,0
126,2,100.00,100.00,1,0.212995,0,0
127,0,0.00,0.00,1,0.212356,0,0
128,2,100.00,100.00,1,0.211719,0,0
129,1,50.00,4.00,1,0.211084,0,0
130,2,100.00,54.00,1,0.210450,0,0
131,20,-18.00,57.00,0,0.209819,2,16
132,0,0.00,0.00,1,0.209190,0,0
133,2,100.00,54.00,1,0.208562,0,0
134,5,126.00,91.00,1,0.207936,1,0
135,1,50.00,4.00,1,0.207313,0,0
136,2,100.00,100.00,1,0.206691,0,0
137,2,100.00,100.00,1,0.206071,0,0
138,3,99.00,89.00,1,0.205452,1,1
139,1,50.00,4.00,1,0.204836,0,0
140,2,100.00,54.00,1,0.204222,0,0
141,6,35.00,24.00,1,0.203609,1,5
142,2,100.00,54.00,1,0.202998,0,0
143,0,0.00,0.00,1,0.202389,0,0
144,4,122.00,87.00,1,0.201782,0,1
145,2,49.00,8.00,1,0.201177,0,1
146,2,100.00,100.00,1,0.200573,0,0
147,1,50.00,50.00,1,0.199971,0,0
148,2,100.00,100.00,1,0.199371,0,0
149,1,50.00,4.00,1,0.198773,0,0
150,2,100.00,54.00,1,0.198177,0,0
151,10,33.00,78.00,1,0.197582,2,7
152,7,34.00,-16.00,1,0.196990,6,3
153,0,0.00,0.00,1,0.196399,0,0
154,3,128.00,93.00,1,0.195809,0,0
155,1,50.00,4.00,1,0.195222,0,0
156,2,100.00,100.00,1,0.194636,0,0
157,0,0.00,0.00,1,0.194052,0,0
158,2,100.00,54.00,1,0.193470,0,0
159,1,50.00,4.00,1,0.192890,0,0
160,2,100.00,54.00,1,0.192311,0,0
161,20,-25.00,80.00,0,0.191734,0,20
162,0,0.00,0.00,1,0.191159,0,0
163,0,0.00,0.00,1,0.190586,0,0
164,3,128.00,93.00,1,0.190014,0,0
165,1,50.00,4.00,1,0.189444,0,0
166,9,82.00,92.00,1,0.188876,5,3
167,6,32.00,-14.00,1,0.188309,3,1
168,2,100.00,100.00,1,0.187744,0,0
169,1,50.00,4.00,1,0.187181,0,0
170,2,100.00,54.00,1,0.186619,0,0
171,20,-35.00,80.00,0,0.186059,1,18
172,2,39.00,49.00,1,0.185501,1,0
173,0,0.00,0.00,1,0.184945,0,0
174,3,128.00,93.00,1,0.184390,0,0
175,1,50.00,4.00,1,0.183837,0,0
176,2,100.00,100.00,1,0.183285,0,0
177,4,37.00,27.00,1,0.182735,3,1
178,2,100.00,100.00,1,0.182187,0,0
179,1,50.00,4.00,1,0.181641,0,0
180,3,89.00,53.00,1,0.181096,1,0
181,20,-40.00,80.00,0,0.180552,2,18
182,0,0.00,0.00,1,0.180011,0,0
183,2,39.00,8.00,1,0.179471,1,1
184,3,128.00,93.00,1,0.178932,0,0
185,1,50.00,4.00,1,0.178395,0,0
186,2,100.00,100.00,1,0.177860,0,0
187,0,0.00,0.00,1,0.177327,0,0
188,2,100.00,100.00,1,0.176795,0,0
189,1,50.00,4.00,1,0.176264,0,0
190,4,100.00,54.00,1,0.175735,1,0
191,20,-30.00,80.00,0,0.175208,1,17
192,2,39.00,39.00,1,0.174683,1,1
193,2,49.00,39.00,1,0.174159,1,0
194,5,126.00,91.00,1,0.173636,1,0
195,2,49.00,8.00,1,0.173115,0,1
196,2,100.00,100.00,1,0.172596,0,0
197,6,71.00,71.00,1,0.172078,3,4
198,7,89.00,99.00,1,0.171562,3,1
199,2,44.00,8.00,1,0.171047,0,1
200,3,99.00,58.00,1,0.170534,0,1
201,15,18.00,98.00,1,0.170022,3,12
202,0,0.00,0.00,1,0.169512,0,0
203,1,50.00,4.00,1,0.169004,0,0
204,4,117.00,92.00,1,0.168497,1,1
205,1,50.00,4.00,1,0.167991,0,0
206,3,89.00,99.00,1,0.167487,1,1
207,1,50.00,4.00,1,0.166985,0,0
208,2,100.00,100.00,1,0.166484,0,0
209,2,39.00,8.00,1,0.165984,1,1
210,3,89.00,58.00,1,0.165487,1,1
211,20,-20.00,80.00,0,0.164990,0,18
212,0,0.00,0.00,1,0.164495,0,0
213,0,0.00,0.00,1,0.164002,0,0
214,3,128.00,93.00,1,0.163510,0,0
215,1,50.00,4.00,1,0.163019,0,0
216,2,100.00,100.00,1,0.162530,0,0
217,0,0.00,0.00,1,0.162042,0,0
218,3,99.00,89.00,1,0.161556,1,1
219,1,50.00,4.00,1,0.161072,0,0
220,3,99.00,43.00,1,0.160588,1,1
221,3,50.00,50.00,1,0.160107,1,0
222,3,48.00,12.00,1,0.159626,0,1
223,3,48.00,13.00,1,0.159147,1,0
224,4,117.00,97.00,1,0.158670,1,1
225,1,50.00,4.00,1,0.158194,0,0
226,2,100.00,100.00,1,0.157719,0,0
227,2,100.00,100.00,1,0.157246,0,0
228,2,100.00,100.00,1,0.156775,0,0
229,1,50.00,4.00,1,0.156304,0,0
230,2,100.00,54.00,1,0.155835,0,0
231,20,-38.00,72.00,0,0.155368,3,14
232,0,0.00,0.00,1,0.154902,0,0
233,1,50.00,50.00,1,0.154437,0,0
234,4,117.00,97.00,1,0.153974,1,1
235,1,50.00,4.00,1,0.153512,0,0
236,3,89.00,89.00,1,0.153051,1,1
237,1,50.00,50.00,1,0.152592,0,0
238,2,100.00,100.00,1,0.152134,0,0
239,1,50.00,4.00,1,0.151678,0,0
240,2,100.00,54.00,1,0.151223,0,0
241,20,-30.00,80.00,0,0.150769,1,20
242,0,0.00,0.00,1,0.150317,0,0
243,0,0.00,0.00,1,0.149866,0,0
244,3,128.00,93.00,1,0.149416,0,0
245,1,50.00,4.00,1,0.148968,0,0
246,4,78.00,98.00,1,0.148521,2,0
247,4,78.00,43.00,1,0.148076,1,0
248,2,100.00,100.00,1,0.147631,0,0
249,14,-19.00,6.00,1,0.147188,9,9
250,2,100.00,54.00,1,0.146747,0,0
251,20,-55.00,80.00,0,0.146307,3,18
252,3,99.00,43.00,1,0.145868,1,0
253,0,0.00,0.00,1,0.145430,0,0
254,3,128.00,93.00,1,0.144994,0,0
255,1,50.00,4.00,1,0.144559,0,0
256,2,100.00,100.00,1,0.144125,0,0
257,2,100.00,100.00,1,0.143693,0,0
258,2,100.00,100.00,1,0.143262,0,0
259,1,50.00,4.00,1,0.142832,0,0
260,2,100.00,54.00,1,0.142403,0,0
261,20,-30.00,80.00,0,0.141976,1,19
262,2,100.00,100.00,1,0.141550,0,0
263,1,50.00,4.00,1,0.141126,0,0
264,3,128.00,93.00,1,0.140702,0,0
265,1,50.00,4.00,1,0.140280,0,0
266,2,100.00,100.00,1,0.139859,0,0
267,0,0.00,0.00,1,0.139440,0,0
268,2,100.00,100.00,1,0.139021,0,0
269,1,50.00,4.00,1,0.138604,0,0
270,2,100.00,54.00,1,0.138189,0,0
271,20,-40.00,80.00,0,0.137774,2,18
272,4,37.00,47.00,1,0.137361,2,0
273,0,0.00,0.00,1,0.136949,0,0
274,4,117.00,97.00,1,0.136538,1,1
275,1,50.00,4.00,1,0.136128,0,0
276,2,100.00,100.00,1,0.135720,0,0
277,1,50.00,4.00,1,0.135313,0,0
278,2,100.00,100.00,1,0.134907,0,0
279,1,50.00,4.00,1,0.134502,0,0
280,2,100.00,54.00,1,0.134098,0,0
281,7,36.00,66.00,1,0.133696,2,4
282,5,56.00,86.00,1,0.133295,3,0
283,20,-30.00,80.00,0,0.132895,1,20
284,3,128.00,93.00,1,0.132496,0,0
285,1,50.00,4.00,1,0.132099,0,0
286,2,100.00,100.00,1,0.131703,0,0
287,1,50.00,50.00,1,0.131308,0,0
288,2,100.00,100.00,1,0.130914,0,0
289,1,50.00,4.00,1,0.130521,0,0
290,2,100.00,54.00,1,0.130129,0,0
291,20,-20.00,80.00,0,0.129739,0,20
292,2,100.00,100.00,1,0.129350,0,0
293,0,0.00,0.00,1,0.128962,0,0
294,3,128.00,93.00,1,0.128575,0,0
295,1,50.00,4.00,1,0.128189,0,0
296,3,94.00,94.00,1,0.127805,0,1
297,0,0.00,0.00,1,0.127421,0,0
298,2,100.00,100.00,1,0.127039,0,0
299,1,50.00,4.00,1,0.126658,0,0
300,3,99.00,89.00,1,0.126278,1,0
301,20,-20.00,80.00,0,0.125899,0,18
302,0,0.00,0.00,1,0.125521,0,0
303,3,88.00,58.00,1,0.125145,0,1
304,5,126.00,101.00,1,0.124769,0,0
305,1,50.00,4.00,1,0.124395,0,0
306,2,100.00,100.00,1,0.124022,0,0
307,1,50.00,4.00,1,0.123650,0,0
308,4,100.00,100.00,1,0.123279,1,0
309,1,50.00,4.00,1,0.122909,0,0
310,2,100.00,54.00,1,0.122540,0,0
311,20,-35.00,80.00,0,0.122173,1,20
312,1,50.00,4.00,1,0.121806,0,0
313,0,0.00,0.00,1,0.121441,0,0
314,3,128.00,93.00,1,0.121076,0,0
315,1,50.00,4.00,1,0.120713,0,0
316,2,100.00,100.00,1,0.120351,0,0
317,0,0.00,0.00,1,0.119990,0,0
318,2,100.00,100.00,1,0.119630,0,0
319,1,50.00,4.00,1,0.119271,0,0
320,2,100.00,54.00,1,0.118913,0,0
321,17,26.00,106.00,1,0.118556,2,13
322,3,99.00,89.00,1,0.118201,1,1
323,17,16.00,91.00,1,0.117846,4,14
324,3,128.00,93.00,1,0.117493,0,0
325,1,50.00,4.00,1,0.117140,0,0
326,2,100.00,100.00,1,0.116789,0,0
327,0,0.00,0.00,1,0.116438,0,0
328,2,100.00,100.00,1,0.116089,0,0
329,2,39.00,8.00,1,0.115741,1,1
330,2,100.00,54.00,1,0.115394,0,0
331,1,50.00,4.00,1,0.115047,0,0
332,0,0.00,0.00,1,0.114702,0,0
333,3,89.00,53.00,1,0.114358,1,1
334,3,128.00,93.00,1,0.114015,0,0
335,1,50.00,4.00,1,0.113673,0,0
336,2,100.00,100.00,1,0.113332,0,0
337,0,0.00,0.00,1,0.112992,0,0
338,2,100.00,54.00,1,0.112653,0,0
339,1,50.00,4.00,1,0.112315,0,0
340,2,100.00,54.00,1,0.111978,0,0
341,19,22.00,76.00,1,0.111642,0,18
342,0,0.00,0.00,1,0.111307,0,0
343,4,78.00,43.00,1,0.110973,1,0
344,3,128.00,93.00,1,0.110640,0,0
345,1,50.00,4.00,1,0.110308,0,0
346,2,100.00,100.00,1,0.109978,0,0
347,0,0.00,0.00,1,0.109648,0,0
348,2,100.00,100.00,1,0.109319,0,0
349,1,50.00,4.00,1,0.108991,0,0
350,2,100.00,54.00,1,0.108664,0,0
351,20,-40.00,80.00,0,0.108338,2,19
352,0,0.00,0.00,1,0.108013,0,0
353,2,100.00,100.00,1,0.107689,0,0
354,3,128.00,93.00,1,0.107366,0,0
355,1,50.00,4.00,1,0.107044,0,0
356,2,100.00,100.00,1,0.106722,0,0
357,3,128.00,93.00,1,0.106402,0,0
358,2,100.00,100.00,1,0.106083,0,0
359,1,50.00,4.00,1,0.105765,0,0
360,2,100.00,54.00,1,0.105448,0,0
361,20,-20.00,80.00,0,0.105131,0,20
362,20,-40.00,80.00,0,0.104816,2,19
363,1,50.00,4.00,1,0.104501,0,0
364,4,127.00,97.00,1,0.104188,0,1
365,1,50.00,4.00,1,0.103875,0,0
366,2,100.00,100.00,1,0.103564,0,0
367,0,0.00,0.00,1,0.103253,0,0
368,2,100.00,100.00,1,0.102943,0,0
369,1,50.00,4.00,1,0.102634,0,0
370,2,100.00,54.00,1,0.102326,0,0
371,20,-20.00,80.00,0,0.102019,0,20
372,0,0.00,0.00,1,0.101713,0,0
373,0,0.00,0.00,1,0.101408,0,0
374,4,122.00,87.00,1,0.101104,0,1
375,1,50.00,4.00,1,0.100801,0,0
376,3,99.00,89.00,1,0.100498,1,1
377,1,50.00,50.00,1,0.100197,0,0
378,2,100.00,100.00,1,0.099896,0,0
379,1,50.00,4.00,1,0.099597,0,0
380,2,100.00,54.00,1,0.099298,0,0
381,9,32.00,36.00,1,0.099000,1,8
382,0,0.00,0.00,1,0.098703,0,0
383,0,0.00,0.00,1,0.098407,0,0
384,4,117.00,92.00,1,0.098112,1,1
385,1,50.00,4.00,1,0.097817,0,0
386,2,100.00,100.00,1,0.097524,0,0
387,0,0.00,0.00,1,0.097231,0,0
388,2,100.00,100.00,1,0.096940,0,0
389,1,50.00,4.00,1,0.096649,0,0
390,2,100.00,54.00,1,0.096359,0,0
391,20,-30.00,80.00,0,0.096070,1,18
392,0,0.00,0.00,1,0.095781,0,0
393,0,0.00,0.00,1,0.095494,0,0
394,3,128.00,93.00,1,0.095208,0,0
395,1,50.00,4.00,1,0.094922,0,0
396,2,100.00,100.00,1,0.094637,0,0
397,3,38.00,12.00,1,0.094353,1,0
398,2,100.00,100.00,1,0.094070,0,0
399,1,50.00,4.00,1,0.093788,0,0
400,2,100.00,54.00,1,0.093507,0,0
401,20,-30.00,80.00,0,0.093226,1,20
402,0,0.00,0.00,1,0.092946,0,0
403,1,50.00,50.00,1,0.092668,0,0
404,3,128.00,93.00,1,0.092390,0,0
405,1,50.00,4.00,1,0.092112,0,0
406,2,100.00,100.00,1,0.091836,0,0
407,0,0.00,0.00,1,0.091561,0,0
408,2,100.00,100.00,1,0.091286,0,0
409,1,50.00,4.00,1,0.091012,0,0
410,2,100.00,54.00,1,0.090739,0,0
411,20,-25.00,80.00,0,0.090467,0,20
412,0,0.00,0.00,1,0.090195,0,0
413,1,50.00,4.00,1,0.089925,0,0
414,3,128.00,93.00,1,0.089655,0,0
415,1,50.00,4.00,1,0.089386,0,0
416,2,100.00,100.00,1,0.089118,0,0
417,2,100.00,54.00,1,0.088851,0,0
418,3,99.00,89.00,1,0.088584,1,1
419,1,50.00,4.00,1,0.088318,0,0
420,2,100.00,54.00,1,0.088053,0,0
421,20,-20.00,80.00,0,0.087789,0,20
422,0,0.00,0.00,1,0.087526,0,0
423,20,-30.00,80.00,0,0.087263,1,17
424,3,128.00,93.00,1,0.087001,0,0
425,1,50.00,4.00,1,0.086740,0,0
426,2,100.00,100.00,1,0.086480,0,0
427,0,0.00,0.00,1,0.086221,0,0
428,2,100.00,100.00,1,0.085962,0,0
429,1,50.00,4.00,1,0.085704,0,0
430,2,100.00,54.00,1,0.085447,0,0
431,17,36.00,106.00,1,0.085191,1,14
432,20,-30.00,80.00,0,0.084935,1,20
433,0,0.00,0.00,1,0.084680,0,0
434,3,128.00,93.00,1,0.084426,0,0
435,1,50.00,4.00,1,0.084173,0,0
436,2,100.00,100.00,1,0.083921,0,0
437,20,31.00,126.00,0,0.083669,0,18
438,2,100.00,100.00,1,0.083418,0,0
439,1,50.00,4.00,1,0.083168,0,0
440,4,88.00,88.00,1,0.082918,2,1
441,20,-30.00,80.00,0,0.082669,1,20
442,0,0.00,0.00,1,0.082421,0,0
443,2,100.00,100.00,1,0.082174,0,0
444,3,128.00,93.00,1,0.081927,0,0
445,1,50.00,4.00,1,0.081682,0,0
446,2,100.00,100.00,1,0.081437,0,0
447,0,0.00,0.00,1,0.081192,0,0
448,2,100.00,100.00,1,0.080949,0,0
449,1,50.00,4.00,1,0.080706,0,0
450,2,100.00,54.00,1,0.080464,0,0
451,20,-40.00,80.00,0,0.080222,2,20
452,20,-20.00,80.00,0,0.079982,0,20
453,2,100.00,100.00,1,0.079742,0,0
454,3,128.00,93.00,1,0.079503,0,0
455,1,50.00,4.00,1,0.079264,0,0
456,2,100.00,100.00,1,0.079026,0,0
457,0,0.00,0.00,1,0.078789,0,0
458,2,100.00,100.00,1,0.078553,0,0
459,1,50.00,4.00,1,0.078317,0,0
460,2,100.00,54.00,1,0.078082,0,0
461,20,-20.00,80.00,0,0.077848,0,20
462,0,0.00,0.00,1,0.077614,0,0
463,0,0.00,0.00,1,0.077382,0,0
464,3,128.00,93.00,1,0.077149,0,0
465,1,50.00,4.00,1,0.076918,0,0
466,2,100.00,100.00,1,0.076687,0,0
467,0,0.00,0.00,1,0.076457,0,0
468,2,100.00,100.00,1,0.076228,0,0
469,1,50.00,4.00,1,0.075999,0,0
470,2,100.00,54.00,1,0.075771,0,0
471,12,41.00,86.00,1,0.075544,1,9
472,10,23.00,-73.00,1,0.075317,8,2
473,2,100.00,100.00,1,0.075091,0,0
474,4,117.00,97.00,1,0.074866,1,0
475,1,50.00,4.00,1,0.074641,0,0
476,2,100.00,100.00,1,0.074417,0,0
477,4,27.00,27.00,1,0.074194,3,3
478,2,100.00,100.00,1,0.073972,0,0
479,1,50.00,4.00,1,0.073750,0,0
480,2,100.00,54.00,1,0.073528,0,0
481,20,33.00,103.00,1,0.073308,2,17
482,0,0.00,0.00,1,0.073088,0,0
483,1,50.00,4.00,1,0.072869,0,0
484,3,128.00,93.00,1,0.072650,0,0
485,1,50.00,4.00,1,0.072432,0,0
486,2,100.00,100.00,1,0.072215,0,0
487,1,50.00,4.00,1,0.071998,0,0
488,2,100.00,100.00,1,0.071782,0,0
489,1,50.00,4.00,1,0.071567,0,0
490,2,100.00,54.00,1,0.071352,0,0
491,20,-20.00,80.00,0,0.071138,0,18
492,0,0.00,0.00,1,0.070925,0,0
493,3,48.00,13.00,1,0.070712,1,0
494,3,128.00,93.00,1,0.070500,0,0
495,1,50.00,4.00,1,0.070288,0,0
496,2,100.00,100.00,1,0.070077,0,0
497,5,31.00,66.00,1,0.069867,1,1
498,2,100.00,100.00,1,0.069658,0,0
499,1,50.00,4.00,1,0.069449,0,0
500,2,100.00,54.00,1,0.069240,0,0
501,20,-20.00,80.00,0,0.069033,0,20
502,3,48.00,13.00,1,0.068825,1,0
503,1,50.00,50.00,1,0.068619,0,0
504,4,127.00,97.00,1,0.068413,0,1
505,1,50.00,4.00,1,0.068208,0,0
506,2,100.00,100.00,1,0.068003,0,0
507,2,100.00,54.00,1,0.067799,0,0
508,2,100.00,100.00,1,0.067596,0,0
509,1,50.00,4.00,1,0.067393,0,0
510,2,100.00,54.00,1,0.067191,0,0
511,20,-25.00,80.00,0,0.066989,0,20
512,2,100.00,100.00,1,0.066788,0,0
513,0,0.00,0.00,1,0.066588,0,0
514,4,127.00,82.00,1,0.066388,1,1
515,1,50.00,4.00,1,0.066189,0,0
516,2,100.00,100.00,1,0.065990,0,0
517,1,50.00,50.00,1,0.065792,0,0
518,3,99.00,89.00,1,0.065595,1,1
519,1,50.00,4.00,1,0.065398,0,0
520,2,100.00,54.00,1,0.065202,0,0
521,20,-40.00,80.00,0,0.065007,2,19
522,0,0.00,0.00,1,0.064811,0,0
523,1,50.00,50.00,1,0.064617,0,0
524,3,128.00,93.00,1,0.064423,0,0
525,1,50.00,4.00,1,0.064230,0,0
526,2,100.00,100.00,1,0.064037,0,0
527,0,0.00,0.00,1,0.063845,0,0
528,2,100.00,100.00,1,0.063654,0,0
529,1,50.00,4.00,1,0.063463,0,0
530,2,100.00,54.00,1,0.063272,0,0
531,20,-30.00,80.00,0,0.063082,1,19
532,0,0.00,0.00,1,0.062893,0,0
533,1,50.00,4.00,1,0.062705,0,0
534,4,117.00,82.00,1,0.062516,1,1
535,1,50.00,4.00,1,0.062329,0,0
536,2,100.00,100.00,1,0.062142,0,0
537,1,50.00,50.00,1,0.061955,0,0
538,2,100.00,100.00,1,0.061770,0,0
539,3,48.00,12.00,1,0.061584,0,2
540,2,100.00,54.00,1,0.061400,0,0
541,20,-20.00,80.00,0,0.061215,0,20
542,0,0.00,0.00,1,0.061032,0,0
543,0,0.00,0.00,1,0.060849,0,0
544,4,117.00,82.00,1,0.060666,1,1
545,1,50.00,4.00,1,0.060484,0,0
546,2,100.00,100.00,1,0.060303,0,0
547,3,48.00,13.00,1,0.060122,1,0
548,2,100.00,100.00,1,0.059941,0,0
549,1,50.00,4.00,1,0.059761,0,0
550,2,100.00,54.00,1,0.059582,0,0
551,20,-20.00,80.00,0,0.059403,0,20
552,1,50.00,4.00,1,0.059225,0,0
553,16,86.00,110.00,1,0.059048,0,13
554,3,128.00,93.00,1,0.058870,0,0
555,1,50.00,4.00,1,0.058694,0,0
556,3,99.00,89.00,1,0.058518,1,1
557,3,38.00,12.00,1,0.058342,1,0
558,2,100.00,100.00,1,0.058167,0,0
559,1,50.00,4.00,1,0.057993,0,0
560,2,100.00,54.00,1,0.057819,0,0
561,1,50.00,4.00,1,0.057645,0,0
562,3,99.00,89.00,1,0.057472,1,1
563,0,0.00,0.00,1,0.057300,0,0
564,3,128.00,93.00,1,0.057128,0,0
565,1,50.00,4.00,1,0.056957,0,0
566,2,100.00,100.00,1,0.056786,0,0
567,3,99.00,58.00,1,0.056615,0,0
568,2,100.00,100.00,1,0.056445,0,0
569,1,50.00,4.00,1,0.056276,0,0
570,2,100.00,54.00,1,0.056107,0,0
571,1,50.00,4.00,1,0.055939,0,0
572,1,50.00,50.00,1,0.055771,0,0
573,20,-20.00,80.00,0,0.055604,0,20
574,3,128.00,93.00,1,0.055437,0,0
575,1,50.00,4.00,1,0.055271,0,0
576,2,100.00,100.00,1,0.055105,0,0
577,0,0.00,0.00,1,0.054940,0,0
578,2,100.00,100.00,1,0.054775,0,0
579,1,50.00,4.00,1,0.054610,0,0
580,2,100.00,54.00,1,0.054447,0,0
581,1,50.00,4.00,1,0.054283,0,0
582,2,100.00,100.00,1,0.054120,0,0
583,4,42.00,17.00,1,0.053958,1,1
584,3,128.00,93.00,1,0.053796,0,0
585,1,50.00,4.00,1,0.053635,0,0
586,2,100.00,100.00,1,0.053474,0,0
587,2,100.00,100.00,1,0.053314,0,0
588,2,100.00,100.00,1,0.053154,0,0
589,1,50.00,4.00,1,0.052994,0,0
590,2,100.00,54.00,1,0.052835,0,0
591,1,50.00,4.00,1,0.052677,0,0
592,1,50.00,50.00,1,0.052519,0,0
593,3,89.00,89.00,1,0.052361,1,1
594,3,128.00,93.00,1,0.052204,0,0
595,1,50.00,4.00,1,0.052047,0,0
596,2,100.00,100.00,1,0.051891,0,0
597,0,0.00,0.00,1,0.051736,0,0
598,2,100.00,100.00,1,0.051580,0,0
599,2,49.00,8.00,1,0.051426,0,1
600,2,100.00,54.00,1,0.051271,0,0
601,1,50.00,4.00,1,0.051117,0,0
602,3,128.00,93.00,1,0.050964,0,0
603,1,50.00,50.00,1,0.050811,0,0
604,3,128.00,93.00,1,0.050659,0,0
605,2,49.00,8.00,1,0.050507,0,1
606,2,100.00,100.00,1,0.050355,0,0
607,2,49.00,8.00,1,0.050204,0,0
608,2,100.00,100.00,1,0.050054,0,0
609,1,50.00,4.00,1,0.049903,0,0
610,2,100.00,54.00,1,0.049754,0,0
611,1,50.00,4.00,1,0.049605,0,0
612,20,-69.00,-259.00,0,0.049456,20,0
613,1,50.00,4.00,1,0.049307,0,0
614,3,128.00,93.00,1,0.049159,0,0
615,1,50.00,4.00,1,0.049012,0,0
616,2,100.00,100.00,1,0.048865,0,0
617,3,99.00,58.00,1,0.048718,0,0
618,2,100.00,100.00,1,0.048572,0,0
619,3,50.00,50.00,1,0.048426,1,0
620,2,100.00,54.00,1,0.048281,0,0
621,1,50.00,4.00,1,0.048136,0,0
622,0,0.00,0.00,1,0.047992,0,0
623,1,50.00,4.00,1,0.047848,0,0
624,3,128.00,93.00,1,0.047704,0,0
625,1,50.00,4.00,1,0.047561,0,0
626,2,100.00,100.00,1,0.047419,0,0
627,2,39.00,49.00,1,0.047276,1,0
628,2,100.00,100.00,1,0.047134,0,0
629,1,50.00,4.00,1,0.046993,0,0
630,2,100.00,54.00,1,0.046852,0,0
631,1,50.00,4.00,1,0.046712,0,0
632,3,88.00,58.00,1,0.046571,0,0
633,20,-35.00,80.00,0,0.046432,1,20
634,3,128.00,93.00,1,0.046292,0,0
635,1,50.00,4.00,1,0.046154,0,0
636,2,100.00,100.00,1,0.046015,0,0
637,0,0.00,0.00,1,0.045877,0,0
638,2,100.00,100.00,1,0.045739,0,0
639,1,50.00,4.00,1,0.045602,0,0
640,2,100.00,54.00,1,0.045465,0,0
641,1,50.00,4.00,1,0.045329,0,0
642,0,0.00,0.00,1,0.045193,0,0
643,0,0.00,0.00,1,0.045057,0,0
644,4,117.00,82.00,1,0.044922,1,1
645,1,50.00,4.00,1,0.044787,0,0
646,2,100.00,100.00,1,0.044653,0,0
647,0,0.00,0.00,1,0.044519,0,0
648,2,100.00,100.00,1,0.044386,0,0
649,1,50.00,4.00,1,0.044252,0,0
650,2,100.00,54.00,1,0.044120,0,0
651,1,50.00,4.00,1,0.043987,0,0
652,0,0.00,0.00,1,0.043855,0,0
653,2,49.00,8.00,1,0.043724,0,0
654,3,128.00,93.00,1,0.043593,0,0
655,1,50.00,4.00,1,0.043462,0,0
656,2,100.00,100.00,1,0.043331,0,0
657,20,-20.00,80.00,0,0.043201,0,20
658,2,100.00,100.00,1,0.043072,0,0
659,1,50.00,4.00,1,0.042943,0,0
660,2,100.00,54.00,1,0.042814,0,0
661,1,50.00,4.00,1,0.042685,0,0
662,2,49.00,8.00,1,0.042557,0,0
663,1,50.00,50.00,1,0.042430,0,0
664,3,128.00,93.00,1,0.042302,0,0
665,1,50.00,4.00,1,0.042175,0,0
666,4,98.00,78.00,1,0.042049,2,0
667,1,50.00,50.00,1,0.041923,0,0
668,2,100.00,100.00,1,0.041797,0,0
669,1,50.00,4.00,1,0.041672,0,0
670,2,100.00,54.00,1,0.041547,0,0
671,1,50.00,4.00,1,0.041422,0,0
672,0,0.00,0.00,1,0.041298,0,0
673,0,0.00,0.00,1,0.041174,0,0
674,3,128.00,93.00,1,0.041050,0,0
675,1,50.00,4.00,1,0.040927,0,0
676,2,100.00,100.00,1,0.040804,0,0
677,0,0.00,0.00,1,0.040682,0,0
678,2,100.00,100.00,1,0.040560,0,0
679,1,50.00,4.00,1,0.040438,0,0
680,2,100.00,54.00,1,0.040317,0,0
681,1,50.00,4.00,1,0.040196,0,0
682,3,88.00,58.00,1,0.040075,0,0
683,2,100.00,100.00,1,0.039955,0,0
684,3,128.00,93.00,1,0.039835,0,0
685,1,50.00,4.00,1,0.039716,0,0
686,2,100.00,100.00,1,0.039597,0,0
687,1,50.00,4.00,1,0.039478,0,0
688,2,100.00,100.00,1,0.039359,0,0
689,1,50.00,4.00,1,0.039241,0,0
690,2,100.00,54.00,1,0.039124,0,0
691,1,50.00,4.00,1,0.039006,0,0
692,1,50.00,50.00,1,0.038889,0,0
693,2,100.00,54.00,1,0.038773,0,0
694,6,115.00,95.00,1,0.038656,2,0
695,1,50.00,4.00,1,0.038540,0,0
696,2,100.00,100.00,1,0.038425,0,0
697,3,88.00,58.00,1,0.038309,0,0
698,2,100.00,100.00,1,0.038194,0,0
699,1,50.00,4.00,1,0.038080,0,0
700,2,100.00,54.00,1,0.037966,0,0
701,1,50.00,4.00,1,0.037852,0,0
702,1,50.00,50.00,1,0.037738,0,0
703,1,50.00,4.00,1,0.037625,0,0
704,3,128.00,93.00,1,0.037512,0,0
705,1,50.00,4.00,1,0.037400,0,0
706,2,100.00,100.00,1,0.037287,0,0
707,1,50.00,4.00,1,0.037175,0,0
708,2,100.00,100.00,1,0.037064,0,0
709,1,50.00,4.00,1,0.036953,0,0
710,2,100.00,54.00,1,0.036842,0,0
711,1,50.00,4.00,1,0.036731,0,0
712,2,100.00,100.00,1,0.036621,0,0
713,1,50.00,4.00,1,0.036511,0,0
714,3,128.00,93.00,1,0.036402,0,0
715,1,50.00,4.00,1,0.036293,0,0
716,2,100.00,100.00,1,0.036184,0,0
717,2,100.00,100.00,1,0.036075,0,0
718,2,100.00,100.00,1,0.035967,0,0
719,1,50.00,4.00,1,0.035859,0,0
720,2,100.00,54.00,1,0.035751,0,0
721,1,50.00,4.00,1,0.035644,0,0
722,1,50.00,50.00,1,0.035537,0,0
723,0,0.00,0.00,1,0.035431,0,0
724,3,128.00,93.00,1,0.035324,0,0
725,1,50.00,4.00,1,0.035218,0,0
726,2,100.00,100.00,1,0.035113,0,0
727,2,100.00,100.00,1,0.035007,0,0
728,2,100.00,100.00,1,0.034902,0,0
729,1,50.00,4.00,1,0.034798,0,0
730,2,100.00,54.00,1,0.034693,0,0
731,1,50.00,4.00,1,0.034589,0,0
732,2,49.00,8.00,1,0.034485,0,0
733,20,-20.00,80.00,0,0.034382,0,20
734,3,128.00,93.00,1,0.034279,0,0
735,1,50.00,4.00,1,0.034176,0,0
736,2,100.00,100.00,1,0.034073,0,0
737,2,100.00,100.00,1,0.033971,0,0
738,2,100.00,100.00,1,0.033869,0,0
739,1,50.00,4.00,1,0.033768,0,0
740,3,99.00,43.00,1,0.033666,1,1
741,1,50.00,4.00,1,0.033565,0,0
742,0,0.00,0.00,1,0.033465,0,0
743,0,0.00,0.00,1,0.033364,0,0
744,3,128.00,93.00,1,0.033264,0,0
745,1,50.00,4.00,1,0.033164,0,0
746,2,100.00,100.00,1,0.033065,0,0
747,1,50.00,50.00,1,0.032966,0,0
748,2,100.00,100.00,1,0.032867,0,0
749,1,50.00,4.00,1,0.032768,0,0
750,2,100.00,54.00,1,0.032670,0,0
751,1,50.00,4.00,1,0.032572,0,0
752,5,46.00,20.00,1,0.032474,0,1
753,1,50.00,4.00,1,0.032377,0,0
754,3,128.00,93.00,1,0.032280,0,0
755,1,50.00,4.00,1,0.032183,0,0
756,2,100.00,100.00,1,0.032086,0,0
757,0,0.00,0.00,1,0.031990,0,0
758,2,100.00,100.00,1,0.031894,0,0
759,1,50.00,4.00,1,0.031798,0,0
760,2,100.00,54.00,1,0.031703,0,0
761,1,50.00,4.00,1,0.031608,0,0
762,0,0.00,0.00,1,0.031513,0,0
763,1,50.00,50.00,1,0.031418,0,0
764,3,128.00,93.00,1,0.031324,0,0
765,1,50.00,4.00,1,0.031230,0,0
766,2,100.00,100.00,1,0.031137,0,0
767,2,100.00,100.00,1,0.031043,0,0
768,2,100.00,100.00,1,0.030950,0,0
769,1,50.00,4.00,1,0.030857,0,0
770,2,100.00,54.00,1,0.030765,0,0
771,1,50.00,4.00,1,0.030672,0,0
772,0,0.00,0.00,1,0.030580,0,0
773,0,0.00,0.00,1,0.030489,0,0
774,3,128.00,93.00,1,0.030397,0,0
775,1,50.00,4.00,1,0.030306,0,0
776,2,100.00,100.00,1,0.030215,0,0
777,2,49.00,8.00,1,0.030124,0,0
778,2,100.00,100.00,1,0.030034,0,0
779,1,50.00,4.00,1,0.029944,0,0
780,2,100.00,54.00,1,0.029854,0,0
781,1,50.00,4.00,1,0.029764,0,0
782,1,50.00,50.00,1,0.029675,0,0
783,0,0.00,0.00,1,0.029586,0,0
784,5,126.00,91.00,1,0.029497,1,0
785,1,50.00,4.00,1,0.029409,0,0
786,2,100.00,100.00,1,0.029321,0,0
787,3,88.00,58.00,1,0.029233,0,0
788,2,100.00,100.00,1,0.029145,0,0
789,1,50.00,4.00,1,0.029058,0,0
790,2,100.00,54.00,1,0.028970,0,0
791,1,50.00,4.00,1,0.028883,0,0
792,0,0.00,0.00,1,0.028797,0,0
793,1,50.00,50.00,1,0.028710,0,0
794,3,128.00,93.00,1,0.028624,0,0
795,1,50.00,4.00,1,0.028538,0,0
796,2,100.00,100.00,1,0.028453,0,0
797,3,88.00,58.00,1,0.028367,0,0
798,2,100.00,100.00,1,0.028282,0,0
799,1,50.00,4.00,1,0.028198,0,0
800,2,100.00,54.00,1,0.028113,0,0
801,1,50.00,4.00,1,0.028029,0,0
802,0,0.00,0.00,1,0.027944,0,0
803,0,0.00,0.00,1,0.027861,0,0
804,3,128.00,93.00,1,0.027777,0,0
805,1,50.00,4.00,1,0.027694,0,0
806,2,100.00,100.00,1,0.027611,0,0
807,0,0.00,0.00,1,0.027528,0,0
808,2,100.00,100.00,1,0.027445,0,0
809,1,50.00,4.00,1,0.027363,0,0
810,2,100.00,54.00,1,0.027281,0,0
811,1,50.00,4.00,1,0.027199,0,0
812,1,50.00,4.00,1,0.027117,0,0
813,0,0.00,0.00,1,0.027036,0,0
814,3,128.00,93.00,1,0.026955,0,0
815,1,50.00,4.00,1,0.026874,0,0
816,2,100.00,100.00,1,0.026793,0,0
817,0,0.00,0.00,1,0.026713,0,0
818,2,100.00,100.00,1,0.026633,0,0
819,1,50.00,4.00,1,0.026553,0,0
820,2,100.00,54.00,1,0.026473,0,0
821,1,50.00,4.00,1,0.026394,0,0
822,4,49.00,-7.00,1,0.026315,2,0
823,2,100.00,100.00,1,0.026236,0,0
824,3,128.00,93.00,1,0.026157,0,0
825,1,50.00,4.00,1,0.026079,0,0
826,2,100.00,100.00,1,0.026000,0,0
827,2,100.00,100.00,1,0.025922,0,0
828,2,100.00,100.00,1,0.025845,0,0
829,1,50.00,4.00,1,0.025767,0,0
830,2,100.00,54.00,1,0.025690,0,0
831,1,50.00,4.00,1,0.025613,0,0
832,0,0.00,0.00,1,0.025536,0,0
833,0,0.00,0.00,1,0.025459,0,0
834,3,128.00,93.00,1,0.025383,0,0
835,1,50.00,4.00,1,0.025307,0,0
836,2,100.00,100.00,1,0.025231,0,0
837,0,0.00,0.00,1,0.025155,0,0
838,2,100.00,100.00,1,0.025080,0,0
839,1,50.00,4.00,1,0.025004,0,0
840,2,100.00,54.00,1,0.024929,0,0
841,1,50.00,4.00,1,0.024855,0,0
842,2,49.00,39.00,1,0.024780,1,0
843,1,50.00,4.00,1,0.024706,0,0
844,3,128.00,93.00,1,0.024632,0,0
845,1,50.00,4.00,1,0.024558,0,0
846,2,100.00,100.00,1,0.024484,0,0
847,2,100.00,54.00,1,0.024411,0,0
848,2,100.00,100.00,1,0.024337,0,0
849,1,50.00,4.00,1,0.024264,0,0
850,2,100.00,54.00,1,0.024192,0,0
851,1,50.00,4.00,1,0.024119,0,0
852,2,100.00,54.00,1,0.024047,0,0
853,0,0.00,0.00,1,0.023974,0,0
854,4,117.00,82.00,1,0.023903,1,1
855,1,50.00,4.00,1,0.023831,0,0
856,3,99.00,89.00,1,0.023759,1,1
857,2,49.00,8.00,1,0.023688,0,0
858,2,100.00,100.00,1,0.023617,0,0
859,1,50.00,4.00,1,0.023546,0,0
860,2,100.00,54.00,1,0.023476,0,0
861,1,50.00,4.00,1,0.023405,0,0
862,2,39.00,49.00,1,0.023335,1,0
863,3,48.00,13.00,1,0.023265,1,0
864,3,128.00,93.00,1,0.023195,0,0
865,1,50.00,4.00,1,0.023126,0,0
866,2,100.00,100.00,1,0.023056,0,0
867,2,49.00,8.00,1,0.022987,0,0
868,2,100.00,100.00,1,0.022918,0,0
869,1,50.00,4.00,1,0.022849,0,0
870,2,100.00,54.00,1,0.022781,0,0
871,1,50.00,4.00,1,0.022712,0,0
872,2,100.00,54.00,1,0.022644,0,0
873,20,-20.00,80.00,0,0.022576,0,20
874,3,128.00,93.00,1,0.022509,0,0
875,1,50.00,4.00,1,0.022441,0,0
876,2,100.00,100.00,1,0.022374,0,0
877,1,50.00,4.00,1,0.022307,0,0
878,2,100.00,100.00,1,0.022240,0,0
879,1,50.00,4.00,1,0.022173,0,0
880,5,99.00,89.00,1,0.022106,2,0
881,1,50.00,4.00,1,0.022040,0,0
882,0,0.00,0.00,1,0.021974,0,0
883,0,0.00,0.00,1,0.021908,0,0
884,3,128.00,93.00,1,0.021842,0,0
885,1,50.00,4.00,1,0.021777,0,0
886,2,100.00,100.00,1,0.021711,0,0
887,1,50.00,50.00,1,0.021646,0,0
888,2,100.00,100.00,1,0.021581,0,0
889,1,50.00,4.00,1,0.021517,0,0
890,2,100.00,54.00,1,0.021452,0,0
891,1,50.00,4.00,1,0.021388,0,0
892,1,50.00,4.00,1,0.021324,0,0
893,3,99.00,58.00,1,0.021260,0,0
894,3,128.00,93.00,1,0.021196,0,0
895,1,50.00,4.00,1,0.021132,0,0
896,2,100.00,100.00,1,0.021069,0,0
897,3,38.00,12.00,1,0.021006,1,0
898,2,100.00,100.00,1,0.020943,0,0
899,1,50.00,4.00,1,0.020880,0,0
900,2,100.00,54.00,1,0.020817,0,0
901,1,50.00,4.00,1,0.020755,0,0
902,1,50.00,4.00,1,0.020692,0,0
903,0,0.00,0.00,1,0.020630,0,0
904,3,128.00,93.00,1,0.020568,0,0
905,1,50.00,4.00,1,0.020507,0,0
906,2,100.00,100.00,1,0.020445,0,0
907,1,50.00,50.00,1,0.020384,0,0
908,2,100.00,100.00,1,0.020323,0,0
909,1,50.00,4.00,1,0.020262,0,0
910,2,100.00,54.00,1,0.020201,0,0
911,1,50.00,4.00,1,0.020140,0,0
912,0,0.00,0.00,1,0.020080,0,0
913,20,-20.00,80.00,0,0.020020,0,20
914,3,128.00,93.00,1,0.019960,0,0
915,1,50.00,4.00,1,0.019900,0,0
916,2,100.00,100.00,1,0.019840,0,0
917,0,0.00,0.00,1,0.019781,0,0
918,2,100.00,100.00,1,0.019721,0,0
919,1,50.00,4.00,1,0.019662,0,0
920,2,100.00,54.00,1,0.019603,0,0
921,1,50.00,4.00,1,0.019544,0,0
922,0,0.00,0.00,1,0.019486,0,0
923,20,-20.00,80.00,0,0.019427,0,20
924,3,128.00,93.00,1,0.019369,0,0
925,1,50.00,4.00,1,0.019311,0,0
926,2,100.00,100.00,1,0.019253,0,0
927,0,0.00,0.00,1,0.019195,0,0
928,2,100.00,100.00,1,0.019138,0,0
929,1,50.00,4.00,1,0.019080,0,0
930,2,100.00,54.00,1,0.019023,0,0
931,1,50.00,4.00,1,0.018966,0,0
932,0,0.00,0.00,1,0.018909,0,0
933,0,0.00,0.00,1,0.018852,0,0
934,3,128.00,93.00,1,0.018796,0,0
935,1,50.00,4.00,1,0.018739,0,0
936,2,100.00,100.00,1,0.018683,0,0
937,2,100.00,54.00,1,0.018627,0,0
938,2,100.00,100.00,1,0.018571,0,0
939,1,50.00,4.00,1,0.018515,0,0
940,2,100.00,54.00,1,0.018460,0,0
941,1,50.00,4.00,1,0.018404,0,0
942,3,88.00,78.00,1,0.018349,1,0
943,0,0.00,0.00,1,0.018294,0,0
944,3,128.00,93.00,1,0.018239,0,0
945,1,50.00,4.00,1,0.018185,0,0
946,2,100.00,100.00,1,0.018130,0,0
947,2,49.00,39.00,1,0.018076,1,0
948,2,100.00,100.00,1,0.018021,0,0
949,1,50.00,4.00,1,0.017967,0,0
950,2,100.00,54.00,1,0.017913,0,0
951,1,50.00,4.00,1,0.017860,0,0
952,0,0.00,0.00,1,0.017806,0,0
953,1,50.00,50.00,1,0.017753,0,0
954,3,128.00,93.00,1,0.017699,0,0
955,1,50.00,4.00,1,0.017646,0,0
956,2,100.00,100.00,1,0.017593,0,0
957,0,0.00,0.00,1,0.017541,0,0
958,2,100.00,100.00,1,0.017488,0,0
959,1,50.00,4.00,1,0.017436,0,0
960,2,100.00,54.00,1,0.017383,0,0
961,1,50.00,4.00,1,0.017331,0,0
962,0,0.00,0.00,1,0.017279,0,0
963,0,0.00,0.00,1,0.017227,0,0
964,3,128.00,93.00,1,0.017176,0,0
965,1,50.00,4.00,1,0.017124,0,0
966,2,100.00,100.00,1,0.017073,0,0
967,4,37.00,12.00,1,0.017021,2,0
968,2,100.00,100.00,1,0.016970,0,0
969,1,50.00,4.00,1,0.016920,0,0
970,2,100.00,54.00,1,0.016869,0,0
971,1,50.00,4.00,1,0.016818,0,0
972,0,0.00,0.00,1,0.016768,0,0
973,0,0.00,0.00,1,0.016717,0,0
974,3,128.00,93.00,1,0.016667,0,0
975,1,50.00,4.00,1,0.016617,0,0
976,2,100.00,100.00,1,0.016567,0,0
977,1,50.00,50.00,1,0.016518,0,0
978,2,100.00,100.00,1,0.016468,0,0
979,1,50.00,4.00,1,0.016419,0,0
980,2,100.00,54.00,1,0.016369,0,0
981,1,50.00,4.00,1,0.016320,0,0
982,0,0.00,0.00,1,0.016271,0,0
983,1,50.00,50.00,1,0.016223,0,0
984,3,128.00,93.00,1,0.016174,0,0
985,1,50.00,4.00,1,0.016125,0,0
986,2,100.00,100.00,1,0.016077,0,0
987,3,48.00,12.00,1,0.016029,0,1
988,2,100.00,100.00,1,0.015981,0,0
989,1,50.00,4.00,1,0.015933,0,0
990,2,100.00,54.00,1,0.015885,0,0
991,1,50.00,4.00,1,0.015837,0,0
992,2,100.00,100.00,1,0.015790,0,0
993,1,50.00,50.00,1,0.015742,0,0
994,3,128.00,93.00,1,0.015695,0,0
995,1,50.00,4.00,1,0.015648,0,0
996,2,100.00,100.00,1,0.015601,0,0
997,1,50.00,4.00,1,0.015554,0,0
998,2,100.00,100.00,1,0.015508,0,0
999,1,50.00,4.00,1,0.015461,0,0
1000,2,100.00,54.00,1,0.015415,0,0
1001,1,50.00,4.00,1,0.015369,0,0
1002,0,0.00,0.00,1,0.015322,0,0
1003,20,-20.00,80.00,0,0.015276,0,20
1004,3,128.00,93.00,1,0.015231,0,0
1005,1,50.00,4.00,1,0.015185,0,0
1006,2,100.00,100.00,1,0.015139,0,0
1007,1,50.00,4.00,1,0.015094,0,0
1008,2,100.00,100.00,1,0.015049,0,0
1009,1,50.00,4.00,1,0.015004,0,0
1010,2,100.00,54.00,1,0.014959,0,0
1011,1,50.00,4.00,1,0.014914,0,0
1012,0,0.00,0.00,1,0.014869,0,0
1013,0,0.00,0.00,1,0.014824,0,0
1014,3,128.00,93.00,1,0.014780,0,0
1015,1,50.00,4.00,1,0.014736,0,0
1016,2,100.00,100.00,1,0.014691,0,0
1017,2,89.00,54.00,1,0.014647,0,0
1018,2,100.00,100.00,1,0.014603,0,0
1019,1,50.00,4.00,1,0.014559,0,0
1020,2,100.00,54.00,1,0.014516,0,0
1021,1,50.00,4.00,1,0.014472,0,0
1022,20,-20.00,80.00,0,0.014429,0,19
1023,0,0.00,0.00,1,0.014386,0,0
1024,3,128.00,93.00,1,0.014342,0,0
1025,1,50.00,4.00,1,0.014299,0,0
1026,2,100.00,100.00,1,0.014256,0,0
1027,3,78.00,88.00,1,0.014214,1,0
1028,2,100.00,100.00,1,0.014171,0,0
1029,1,50.00,4.00,1,0.014129,0,0
1030,2,100.00,54.00,1,0.014086,0,0
1031,1,50.00,4.00,1,0.014044,0,0
1032,0,0.00,0.00,1,0.014002,0,0
1033,20,-20.00,80.00,0,0.013960,0,20
1034,3,128.00,93.00,1,0.013918,0,0
1035,1,50.00,4.00,1,0.013876,0,0
1036,2,100.00,100.00,1,0.013834,0,0
1037,2,100.00,100.00,1,0.013793,0,0
1038,2,100.00,100.00,1,0.013752,0,0
1039,1,50.00,4.00,1,0.013710,0,0
1040,2,100.00,54.00,1,0.013669,0,0
1041,1,50.00,4.00,1,0.013628,0,0
1042,0,0.00,0.00,1,0.013587,0,0
1043,0,0.00,0.00,1,0.013547,0,0
1044,3,128.00,93.00,1,0.013506,0,0
1045,1,50.00,4.00,1,0.013465,0,0
1046,2,100.00,100.00,1,0.013425,0,0
1047,0,0.00,0.00,1,0.013385,0,0
1048,2,100.00,100.00,1,0.013345,0,0
1049,1,50.00,4.00,1,0.013305,0,0
1050,2,100.00,54.00,1,0.013265,0,0
1051,1,50.00,4.00,1,0.013225,0,0
1052,0,0.00,0.00,1,0.013185,0,0
1053,1,50.00,50.00,1,0.013146,0,0
1054,3,128.00,93.00,1,0.013106,0,0
1055,1,50.00,4.00,1,0.013067,0,0
1056,2,100.00,100.00,1,0.013028,0,0
1057,0,0.00,0.00,1,0.012989,0,0
1058,2,100.00,100.00,1,0.012950,0,0
1059,1,50.00,4.00,1,0.012911,0,0
1060,2,100.00,54.00,1,0.012872,0,0
1061,1,50.00,4.00,1,0.012833,0,0
1062,0,0.00,0.00,1,0.012795,0,0
1063,0,0.00,0.00,1,0.012757,0,0
1064,3,128.00,93.00,1,0.012718,0,0
1065,1,50.00,4.00,1,0.012680,0,0
1066,2,100.00,100.00,1,0.012642,0,0
1067,0,0.00,0.00,1,0.012604,0,0
1068,2,100.00,100.00,1,0.012566,0,0
1069,1,50.00,4.00,1,0.012529,0,0
1070,2,100.00,54.00,1,0.012491,0,0
1071,1,50.00,4.00,1,0.012454,0,0
1072,1,50.00,4.00,1,0.012416,0,0
1073,0,0.00,0.00,1,0.012379,0,0
1074,3,128.00,93.00,1,0.012342,0,0
1075,1,50.00,4.00,1,0.012305,0,0
1076,2,100.00,100.00,1,0.012268,0,0
1077,1,50.00,4.00,1,0.012231,0,0
1078,2,100.00,100.00,1,0.012194,0,0
1079,1,50.00,4.00,1,0.012158,0,0
1080,2,100.00,54.00,1,0.012121,0,0
1081,1,50.00,4.00,1,0.012085,0,0
1082,3,99.00,58.00,1,0.012049,0,0
1083,1,50.00,4.00,1,0.012013,0,0
1084,3,128.00,93.00,1,0.011977,0,0
1085,1,50.00,4.00,1,0.011941,0,0
1086,2,100.00,100.00,1,0.011905,0,0
1087,3,99.00,58.00,1,0.011869,0,0
1088,2,100.00,100.00,1,0.011833,0,0
1089,1,50.00,4.00,1,0.011798,0,0
1090,2,100.00,54.00,1,0.011763,0,0
1091,1,50.00,4.00,1,0.011727,0,0
1092,1,50.00,4.00,1,0.011692,0,0
1093,0,0.00,0.00,1,0.011657,0,0
1094,3,128.00,93.00,1,0.011622,0,0
1095,1,50.00,4.00,1,0.011587,0,0
1096,2,100.00,100.00,1,0.011552,0,0
1097,0,0.00,0.00,1,0.011518,0,0
1098,2,100.00,100.00,1,0.011483,0,0
1099,1,50.00,4.00,1,0.011449,0,0
1100,2,100.00,54.00,1,0.011414,0,0
1101,1,50.00,4.00,1,0.011380,0,0
1102,0,0.00,0.00,1,0.011346,0,0
1103,0,0.00,0.00,1,0.011312,0,0
1104,3,128.00,93.00,1,0.011278,0,0
1105,1,50.00,4.00,1,0.011244,0,0
1106,2,100.00,100.00,1,0.011210,0,0
1107,0,0.00,0.00,1,0.011177,0,0
1108,2,100.00,100.00,1,0.011143,0,0
1109,1,50.00,4.00,1,0.011110,0,0
1110,2,100.00,54.00,1,0.011077,0,0
1111,1,50.00,4.00,1,0.011043,0,0
1112,4,98.00,47.00,1,0.011010,1,0
1113,0,0.00,0.00,1,0.010977,0,0
1114,3,99.00,58.00,1,0.010944,0,0
1115,1,50.00,4.00,1,0.010911,0,0
1116,2,100.00,100.00,1,0.010879,0,0
1117,0,0.00,0.00,1,0.010846,0,0
1118,2,100.00,100.00,1,0.010814,0,0
1119,1,50.00,4.00,1,0.010781,0,0
1120,2,100.00,54.00,1,0.010749,0,0
1121,1,50.00,4.00,1,0.010716,0,0
1122,0,0.00,0.00,1,0.010684,0,0
1123,3,88.00,78.00,1,0.010652,1,0
1124,3,128.00,93.00,1,0.010620,0,0
1125,1,50.00,4.00,1,0.010588,0,0
1126,2,100.00,100.00,1,0.010557,0,0
1127,4,37.00,12.00,1,0.010525,2,0
1128,2,100.00,100.00,1,0.010493,0,0
1129,1,50.00,4.00,1,0.010462,0,0
1130,2,100.00,54.00,1,0.010431,0,0
1131,1,50.00,4.00,1,0.010399,0,0
1132,1,50.00,50.00,1,0.010368,0,0
1133,0,0.00,0.00,1,0.010337,0,0
1134,3,128.00,93.00,1,0.010306,0,0
1135,1,50.00,4.00,1,0.010275,0,0
1136,2,100.00,100.00,1,0.010244,0,0
1137,1,50.00,50.00,1,0.010213,0,0
1138,2,100.00,100.00,1,0.010183,0,0
1139,1,50.00,4.00,1,0.010152,0,0
1140,2,100.00,54.00,1,0.010122,0,0
1141,1,50.00,4.00,1,0.010091,0,0
1142,1,50.00,4.00,1,0.010061,0,0
1143,3,89.00,99.00,1,0.010031,1,1
1144,3,128.00,93.00,1,0.010001,0,0
1145,1,50.00,4.00,1,0.010000,0,0
1146,2,100.00,100.00,1,0.010000,0,0
1147,0,0.00,0.00,1,0.010000,0,0
1148,2,100.00,100.00,1,0.010000,0,0
1149,1,50.00,4.00,1,0.010000,0,0
1150,2,100.00,54.00,1,0.010000,0,0
1151,1,50.00,4.00,1,0.010000,0,0
1152,0,0.00,0.00,1,0.010000,0,0
1153,4,37.00,62.00,1,0.010000,1,0
1154,3,128.00,93.00,1,0.010000,0,0
1155,1,50.00,4.00,1,0.010000,0,0
1156,2,100.00,100.00,1,0.010000,0,0
1157,3,128.00,93.00,1,0.010000,0,0
1158,2,100.00,100.00,1,0.010000,0,0
1159,1,50.00,4.00,1,0.010000,0,0
1160,2,100.00,54.00,1,0.010000,0,0
1161,1,50.00,4.00,1,0.010000,0,0
1162,1,50.00,50.00,1,0.010000,0,0
1163,2,100.00,100.00,1,0.010000,0,0
1164,3,128.00,93.00,1,0.010000,0,0
1165,1,50.00,4.00,1,0.010000,0,0
1166,3,89.00,99.00,1,0.010000,1,1
1167,0,0.00,0.00,1,0.010000,0,0
1168,2,100.00,100.00,1,0.010000,0,0
1169,1,50.00,4.00,1,0.010000,0,0
1170,2,100.00,54.00,1,0.010000,0,0
1171,1,50.00,4.00,1,0.010000,0,0
1172,1,50.00,4.00,1,0.010000,0,0
1173,3,88.00,58.00,1,0.010000,0,0
1174,3,128.00,93.00,1,0.010000,0,0
1175,1,50.00,4.00,1,0.010000,0,0
1176,2,100.00,100.00,1,0.010000,0,0
1177,2,100.00,100.00,1,0.010000,0,0
1178,2,100.00,100.00,1,0.010000,0,0
1179,1,50.00,4.00,1,0.010000,0,0
1180,2,100.00,54.00,1,0.010000,0,0
1181,1,50.00,4.00,1,0.010000,0,0
1182,0,0.00,0.00,1,0.010000,0,0
1183,1,50.00,4.00,1,0.010000,0,0
1184,3,128.00,93.00,1,0.010000,0,0
1185,1,50.00,4.00,1,0.010000,0,0
1186,2,100.00,100.00,1,0.010000,0,0
1187,0,0.00,0.00,1,0.010000,0,0
1188,2,100.00,100.00,1,0.010000,0,0
1189,1,50.00,4.00,1,0.010000,0,0
1190,2,100.00,54.00,1,0.010000,0,0
1191,1,50.00,4.00,1,0.010000,0,0
1192,0,0.00,0.00,1,0.010000,0,0
1193,2,89.00,54.00,1,0.010000,0,0
1194,3,128.00,93.00,1,0.010000,0,0
1195,1,50.00,4.00,1,0.010000,0,0
1196,2,100.00,100.00,1,0.010000,0,0
1197,1,50.00,50.00,1,0.010000,0,0
1198,2,100.00,100.00,1,0.010000,0,0
1199,2,49.00,8.00,1,0.010000,0,1
1200,2,100.00,54.00,1,0.010000,0,0
1201,1,50.00,4.00,1,0.010000,0,0
1202,3,48.00,13.00,1,0.010000,1,0
1203,2,49.00,8.00,1,0.010000,0,0
1204,3,128.00,93.00,1,0.010000,0,0
1205,1,50.00,4.00,1,0.010000,0,0
1206,2,100.00,100.00,1,0.010000,0,0
1207,3,48.00,13.00,1,0.010000,1,0
1208,2,100.00,100.00,1,0.010000,0,0
1209,1,50.00,4.00,1,0.010000,0,0
1210,2,100.00,54.00,1,0.010000,0,0
1211,1,50.00,4.00,1,0.010000,0,0
1212,2,100.00,54.00,1,0.010000,0,0
1213,0,0.00,0.00,1,0.010000,0,0
1214,3,128.00,93.00,1,0.010000,0,0
1215,1,50.00,4.00,1,0.010000,0,0
1216,2,100.00,100.00,1,0.010000,0,0
1217,0,0.00,0.00,1,0.010000,0,0
1218,2,100.00,100.00,1,0.010000,0,0
1219,1,50.00,4.00,1,0.010000,0,0
1220,2,100.00,54.00,1,0.010000,0,0
1221,1,50.00,4.00,1,0.010000,0,0
1222,2,49.00,8.00,1,0.010000,0,0
1223,2,100.00,54.00,1,0.010000,0,0
1224,3,128.00,93.00,1,0.010000,0,0
1225,1,50.00,4.00,1,0.010000,0,0
1226,2,100.00,100.00,1,0.010000,0,0
1227,0,0.00,0.00,1,0.010000,0,0
1228,2,100.00,100.00,1,0.010000,0,0
1229,1,50.00,4.00,1,0.010000,0,0
1230,2,100.00,54.00,1,0.010000,0,0
1231,1,50.00,4.00,1,0.010000,0,0
1232,0,0.00,0.00,1,0.010000,0,0
1233,3,48.00,13.00,1,0.010000,1,0
1234,3,128.00,93.00,1,0.010000,0,0
1235,1,50.00,4.00,1,0.010000,0,0
1236,2,100.00,100.00,1,0.010000,0,0
1237,1,50.00,50.00,1,0.010000,0,0
1238,2,100.00,100.00,1,0.010000,0,0
1239,1,50.00,4.00,1,0.010000,0,0
1240,2,100.00,54.00,1,0.010000,0,0
1241,1,50.00,4.00,1,0.010000,0,0
1242,1,50.00,50.00,1,0.010000,0,0
1243,0,0.00,0.00,1,0.010000,0,0
1244,3,128.00,93.00,1,0.010000,0,0
1245,1,50.00,4.00,1,0.010000,0,0
1246,4,117.00,127.00,1,0.010000,1,0
1247,0,0.00,0.00,1,0.010000,0,0
1248,2,100.00,100.00,1,0.010000,0,0
1249,1,50.00,4.00,1,0.010000,0,0
1250,2,100.00,54.00,1,0.010000,0,0
1251,1,50.00,4.00,1,0.010000,0,0
1252,0,0.00,0.00,1,0.010000,0,0
1253,0,0.00,0.00,1,0.010000,0,0
1254,3,128.00,93.00,1,0.010000,0,0
1255,1,50.00,4.00,1,0.010000,0,0
1256,2,100.00,100.00,1,0.010000,0,0
1257,0,0.00,0.00,1,0.010000,0,0
1258,2,100.00,100.00,1,0.010000,0,0
1259,1,50.00,4.00,1,0.010000,0,0
1260,2,100.00,54.00,1,0.010000,0,0
1261,1,50.00,4.00,1,0.010000,0,0
1262,1,50.00,50.00,1,0.010000,0,0
1263,1,50.00,4.00,1,0.010000,0,0
1264,3,128.00,93.00,1,0.010000,0,0
1265,1,50.00,4.00,1,0.010000,0,0
1266,2,100.00,100.00,1,0.010000,0,0
1267,1,50.00,50.00,1,0.010000,0,0
1268,2,100.00,100.00,1,0.010000,0,0
1269,1,50.00,4.00,1,0.010000,0,0
1270,2,100.00,54.00,1,0.010000,0,0
1271,1,50.00,4.00,1,0.010000,0,0
1272,2,100.00,100.00,1,0.010000,0,0
1273,0,0.00,0.00,1,0.010000,0,0
1274,5,126.00,91.00,1,0.010000,1,0
1275,1,50.00,4.00,1,0.010000,0,0
1276,2,100.00,100.00,1,0.010000,0,0
1277,0,0.00,0.00,1,0.010000,0,0
1278,2,100.00,100.00,1,0.010000,0,0
1279,1,50.00,4.00,1,0.010000,0,0
1280,3,89.00,58.00,1,0.010000,1,0
1281,1,50.00,4.00,1,0.010000,0,0
1282,0,0.00,0.00,1,0.010000,0,0
1283,0,0.00,0.00,1,0.010000,0,0
1284,3,128.00,93.00,1,0.010000,0,0
1285,1,50.00,4.00,1,0.010000,0,0
1286,2,100.00,100.00,1,0.010000,0,0
1287,20,-20.00,80.00,0,0.010000,0,20
1288,2,100.00,100.00,1,0.010000,0,0
1289,1,50.00,4.00,1,0.010000,0,0
1290,2,100.00,54.00,1,0.010000,0,0
1291,1,50.00,4.00,1,0.010000,0,0
1292,1,50.00,50.00,1,0.010000,0,0
1293,0,0.00,0.00,1,0.010000,0,0
1294,3,128.00,93.00,1,0.010000,0,0
1295,1,50.00,4.00,1,0.010000,0,0
1296,2,100.00,100.00,1,0.010000,0,0
1297,0,0.00,0.00,1,0.010000,0,0
1298,2,100.00,100.00,1,0.010000,0,0
1299,1,50.00,4.00,1,0.010000,0,0
1300,2,100.00,54.00,1,0.010000,0,0
1301,1,50.00,4.00,1,0.010000,0,0
1302,0,0.00,0.00,1,0.010000,0,0
1303,1,50.00,50.00,1,0.010000,0,0
1304,3,128.00,93.00,1,0.010000,0,0
1305,1,50.00,4.00,1,0.010000,0,0
1306,2,100.00,100.00,1,0.010000,0,0
1307,2,100.00,100.00,1,0.010000,0,0
1308,2,100.00,100.00,1,0.010000,0,0
1309,1,50.00,4.00,1,0.010000,0,0
1310,2,100.00,54.00,1,0.010000,0,0
1311,1,50.00,4.00,1,0.010000,0,0
1312,0,0.00,0.00,1,0.010000,0,0
1313,1,50.00,50.00,1,0.010000,0,0
1314,3,128.00,93.00,1,0.010000,0,0
1315,1,50.00,4.00,1,0.010000,0,0
1316,2,100.00,100.00,1,0.010000,0,0
1317,0,0.00,0.00,1,0.010000,0,0
1318,2,100.00,100.00,1,0.010000,0,0
1319,1,50.00,4.00,1,0.010000,0,0
1320,3,94.00,58.00,1,0.010000,0,1
1321,1,50.00,4.00,1,0.010000,0,0
1322,2,49.00,8.00,1,0.010000,0,0
1323,0,0.00,0.00,1,0.010000,0,0
1324,3,128.00,93.00,1,0.010000,0,0
1325,1,50.00,4.00,1,0.010000,0,0
1326,2,100.00,100.00,1,0.010000,0,0
1327,3,128.00,93.00,1,0.010000,0,0
1328,2,100.00,100.00,1,0.010000,0,0
1329,1,50.00,4.00,1,0.010000,0,0
1330,2,100.00,54.00,1,0.010000,0,0
1331,1,50.00,4.00,1,0.010000,0,0
1332,0,0.00,0.00,1,0.010000,0,0
1333,2,100.00,100.00,1,0.010000,0,0
1334,3,128.00,93.00,1,0.010000,0,0
1335,1,50.00,4.00,1,0.010000,0,0
1336,2,100.00,100.00,1,0.010000,0,0
1337,2,89.00,54.00,1,0.010000,0,0
1338,2,100.00,100.00,1,0.010000,0,0
1339,1,50.00,4.00,1,0.010000,0,0
1340,2,100.00,54.00,1,0.010000,0,0
1341,1,50.00,4.00,1,0.010000,0,0
1342,0,0.00,0.00,1,0.010000,0,0
1343,2,100.00,100.00,1,0.010000,0,0
1344,3,128.00,93.00,1,0.010000,0,0
1345,1,50.00,4.00,1,0.010000,0,0
1346,2,100.00,100.00,1,0.010000,0,0
1347,2,100.00,100.00,1,0.010000,0,0
1348,2,100.00,100.00,1,0.010000,0,0
1349,1,50.00,4.00,1,0.010000,0,0
1350,2,100.00,54.00,1,0.010000,0,0
1351,1,50.00,4.00,1,0.010000,0,0
1352,0,0.00,0.00,1,0.010000,0,0
1353,0,0.00,0.00,1,0.010000,0,0
1354,3,128.00,93.00,1,0.010000,0,0
1355,1,50.00,4.00,1,0.010000,0,0
1356,2,100.00,100.00,1,0.010000,0,0
1357,0,0.00,0.00,1,0.010000,0,0
1358,2,100.00,100.00,1,0.010000,0,0
1359,1,50.00,4.00,1,0.010000,0,0
1360,2,100.00,54.00,1,0.010000,0,0
1361,1,50.00,4.00,1,0.010000,0,0
1362,2,49.00,8.00,1,0.010000,0,0
1363,1,50.00,4.00,1,0.010000,0,0
1364,3,128.00,93.00,1,0.010000,0,0
1365,1,50.00,4.00,1,0.010000,0,0
1366,2,100.00,100.00,1,0.010000,0,0
1367,1,50.00,50.00,1,0.010000,0,0
1368,2,100.00,100.00,1,0.010000,0,0
1369,1,50.00,4.00,1,0.010000,0,0
1370,2,100.00,54.00,1,0.010000,0,0
1371,1,50.00,4.00,1,0.010000,0,0
1372,0,0.00,0.00,1,0.010000,0,0
1373,2,49.00,8.00,1,0.010000,0,0
1374,3,128.00,93.00,1,0.010000,0,0
1375,1,50.00,4.00,1,0.010000,0,0
1376,2,100.00,100.00,1,0.010000,0,0
1377,1,50.00,4.00,1,0.010000,0,0
1378,2,100.00,100.00,1,0.010000,0,0
1379,1,50.00,4.00,1,0.010000,0,0
1380,2,100.00,54.00,1,0.010000,0,0
1381,1,50.00,4.00,1,0.010000,0,0
1382,2,89.00,54.00,1,0.010000,0,0
1383,2,100.00,100.00,1,0.010000,0,0
1384,3,128.00,93.00,1,0.010000,0,0
1385,1,50.00,4.00,1,0.010000,0,0
1386,2,100.00,100.00,1,0.010000,0,0
1387,0,0.00,0.00,1,0.010000,0,0
1388,2,100.00,100.00,1,0.010000,0,0
1389,1,50.00,4.00,1,0.010000,0,0
1390,2,100.00,54.00,1,0.010000,0,0
1391,1,50.00,4.00,1,0.010000,0,0
1392,2,100.00,100.00,1,0.010000,0,0
1393,3,48.00,13.00,1,0.010000,1,0
1394,3,128.00,93.00,1,0.010000,0,0
1395,1,50.00,4.00,1,0.010000,0,0
1396,2,100.00,100.00,1,0.010000,0,0
1397,2,100.00,100.00,1,0.010000,0,0
1398,2,100.00,100.00,1,0.010000,0,0
1399,1,50.00,4.00,1,0.010000,0,0
1400,2,100.00,54.00,1,0.010000,0,0
1401,1,50.00,4.00,1,0.010000,0,0
1402,1,50.00,50.00,1,0.010000,0,0
1403,1,50.00,4.00,1,0.010000,0,0
1404,3,128.00,93.00,1,0.010000,0,0
1405,1,50.00,4.00,1,0.010000,0,0
1406,2,100.00,100.00,1,0.010000,0,0
1407,0,0.00,0.00,1,0.010000,0,0
1408,2,100.00,100.00,1,0.010000,0,0
1409,1,50.00,4.00,1,0.010000,0,0
1410,2,100.00,54.00,1,0.010000,0,0
1411,1,50.00,4.00,1,0.010000,0,0
1412,0,0.00,0.00,1,0.010000,0,0
1413,1,50.00,4.00,1,0.010000,0,0
1414,3,128.00,93.00,1,0.010000,0,0
1415,1,50.00,4.00,1,0.010000,0,0
1416,2,100.00,100.00,1,0.010000,0,0
1417,1,50.00,50.00,1,0.010000,0,0
1418,2,100.00,100.00,1,0.010000,0,0
1419,1,50.00,4.00,1,0.010000,0,0
1420,2,100.00,54.00,1,0.010000,0,0
1421,1,50.00,4.00,1,0.010000,0,0
1422,1,50.00,4.00,1,0.010000,0,0
1423,0,0.00,0.00,1,0.010000,0,0
1424,3,128.00,93.00,1,0.010000,0,0
1425,1,50.00,4.00,1,0.010000,0,0
1426,2,100.00,100.00,1,0.010000,0,0
1427,1,50.00,4.00,1,0.010000,0,0
1428,2,100.00,100.00,1,0.010000,0,0
1429,1,50.00,4.00,1,0.010000,0,0
1430,2,100.00,54.00,1,0.010000,0,0
1431,1,50.00,4.00,1,0.010000,0,0
1432,2,49.00,8.00,1,0.010000,0,0
1433,1,50.00,4.00,1,0.010000,0,0
1434,3,128.00,93.00,1,0.010000,0,0
1435,1,50.00,4.00,1,0.010000,0,0
1436,2,100.00,100.00,1,0.010000,0,0
1437,0,0.00,0.00,1,0.010000,0,0
1438,2,100.00,100.00,1,0.010000,0,0
1439,1,50.00,4.00,1,0.010000,0,0
1440,2,100.00,54.00,1,0.010000,0,0
1441,1,50.00,4.00,1,0.010000,0,0
1442,1,50.00,4.00,1,0.010000,0,0
1443,4,37.00,62.00,1,0.010000,1,0
1444,3,128.00,93.00,1,0.010000,0,0
1445,1,50.00,4.00,1,0.010000,0,0
1446,2,100.00,100.00,1,0.010000,0,0
1447,2,49.00,8.00,1,0.010000,0,0
1448,2,100.00,100.00,1,0.010000,0,0
1449,1,50.00,4.00,1,0.010000,0,0
1450,2,100.00,54.00,1,0.010000,0,0
1451,1,50.00,4.00,1,0.010000,0,0
1452,1,50.00,4.00,1,0.010000,0,0
1453,0,0.00,0.00,1,0.010000,0,0
1454,3,128.00,93.00,1,0.010000,0,0
1455,1,50.00,4.00,1,0.010000,0,0
1456,2,100.00,100.00,1,0.010000,0,0
1457,2,100.00,54.00,1,0.010000,0,0
1458,2,100.00,100.00,1,0.010000,0,0
1459,1,50.00,4.00,1,0.010000,0,0
1460,2,100.00,54.00,1,0.010000,0,0
1461,1,50.00,4.00,1,0.010000,0,0
1462,1,50.00,50.00,1,0.010000,0,0
1463,0,0.00,0.00,1,0.010000,0,0
1464,3,128.00,93.00,1,0.010000,0,0
1465,1,50.00,4.00,1,0.010000,0,0
1466,2,100.00,100.00,1,0.010000,0,0
1467,0,0.00,0.00,1,0.010000,0,0
1468,2,100.00,100.00,1,0.010000,0,0
1469,1,50.00,4.00,1,0.010000,0,0
1470,2,100.00,54.00,1,0.010000,0,0
1471,1,50.00,4.00,1,0.010000,0,0
1472,0,0.00,0.00,1,0.010000,0,0
1473,0,0.00,0.00,1,0.010000,0,0
1474,3,128.00,93.00,1,0.010000,0,0
1475,1,50.00,4.00,1,0.010000,0,0
1476,2,100.00,100.00,1,0.010000,0,0
1477,0,0.00,0.00,1,0.010000,0,0
1478,2,100.00,100.00,1,0.010000,0,0
1479,1,50.00,4.00,1,0.010000,0,0
1480,2,100.00,54.00,1,0.010000,0,0
1481,1,50.00,4.00,1,0.010000,0,0
1482,1,50.00,4.00,1,0.010000,0,0
1483,2,100.00,100.00,1,0.010000,0,0
1484,3,128.00,93.00,1,0.010000,0,0
1485,1,50.00,4.00,1,0.010000,0,0
1486,2,100.00,100.00,1,0.010000,0,0
1487,1,50.00,50.00,1,0.010000,0,0
1488,2,100.00,100.00,1,0.010000,0,0
1489,1,50.00,4.00,1,0.010000,0,0
1490,2,100.00,54.00,1,0.010000,0,0
1491,1,50.00,4.00,1,0.010000,0,0
1492,0,0.00,0.00,1,0.010000,0,0
1493,0,0.00,0.00,1,0.010000,0,0
1494,3,128.00,93.00,1,0.010000,0,0
1495,1,50.00,4.00,1,0.010000,0,0
1496,2,100.00,100.00,1,0.010000,0,0
1497,1,50.00,4.00,1,0.010000,0,0
1498,2,100.00,100.00,1,0.010000,0,0
1499,1,50.00,4.00,1,0.010000,0,0
1500,2,100.00,54.00,1,0.010000,0,0
1501,1,50.00,4.00,1,0.010000,0,0
1502,0,0.00,0.00,1,0.010000,0,0
1503,3,99.00,58.00,1,0.010000,0,0
1504,3,128.00,93.00,1,0.010000,0,0
1505,1,50.00,4.00,1,0.010000,0,0
1506,2,100.00,100.00,1,0.010000,0,0
1507,4,49.00,-7.00,1,0.010000,2,0
1508,2,100.00,100.00,1,0.010000,0,0
1509,1,50.00,4.00,1,0.010000,0,0
1510,2,100.00,54.00,1,0.010000,0,0
1511,1,50.00,4.00,1,0.010000,0,0
1512,1,50.00,50.00,1,0.010000,0,0
1513,0,0.00,0.00,1,0.010000,0,0
1514,3,128.00,93.00,1,0.010000,0,0
1515,1,50.00,4.00,1,0.010000,0,0
1516,2,100.00,100.00,1,0.010000,0,0
1517,2,100.00,100.00,1,0.010000,0,0
1518,2,100.00,100.00,1,0.010000,0,0
1519,1,50.00,4.00,1,0.010000,0,0
1520,2,100.00,54.00,1,0.010000,0,0
1521,1,50.00,4.00,1,0.010000,0,0
1522,0,0.00,0.00,1,0.010000,0,0
1523,2,100.00,54.00,1,0.010000,0,0
1524,3,128.00,93.00,1,0.010000,0,0
1525,1,50.00,4.00,1,0.010000,0,0
1526,2,100.00,100.00,1,0.010000,0,0
1527,2,100.00,100.00,1,0.010000,0,0
1528,2,100.00,100.00,1,0.010000,0,0
1529,1,50.00,4.00,1,0.010000,0,0
1530,2,100.00,54.00,1,0.010000,0,0
1531,1,50.00,4.00,1,0.010000,0,0
1532,0,0.00,0.00,1,0.010000,0,0
1533,1,50.00,50.00,1,0.010000,0,0
1534,3,128.00,93.00,1,0.010000,0,0
1535,1,50.00,4.00,1,0.010000,0,0
1536,2,100.00,100.00,1,0.010000,0,0
1537,0,0.00,0.00,1,0.010000,0,0
1538,2,100.00,100.00,1,0.010000,0,0
1539,1,50.00,4.00,1,0.010000,0,0
1540,2,100.00,54.00,1,0.010000,0,0
1541,1,50.00,4.00,1,0.010000,0,0
1542,0,0.00,0.00,1,0.010000,0,0
1543,2,100.00,54.00,1,0.010000,0,0
1544,3,128.00,93.00,1,0.010000,0,0
1545,1,50.00,4.00,1,0.010000,0,0
1546,2,100.00,100.00,1,0.010000,0,0
1547,2,100.00,100.00,1,0.010000,0,0
1548,2,100.00,100.00,1,0.010000,0,0
1549,1,50.00,4.00,1,0.010000,0,0
1550,2,100.00,54.00,1,0.010000,0,0
1551,1,50.00,4.00,1,0.010000,0,0
1552,1,50.00,50.00,1,0.010000,0,0
1553,0,0.00,0.00,1,0.010000,0,0
1554,3,128.00,93.00,1,0.010000,0,0
1555,1,50.00,4.00,1,0.010000,0,0
1556,2,100.00,100.00,1,0.010000,0,0
1557,0,0.00,0.00,1,0.010000,0,0
1558,2,100.00,100.00,1,0.010000,0,0
1559,1,50.00,4.00,1,0.010000,0,0
1560,2,100.00,54.00,1,0.010000,0,0
1561,1,50.00,4.00,1,0.010000,0,0
1562,1,50.00,50.00,1,0.010000,0,0
1563,0,0.00,0.00,1,0.010000,0,0
1564,3,128.00,93.00,1,0.010000,0,0
1565,1,50.00,4.00,1,0.010000,0,0
1566,3,99.00,89.00,1,0.010000,1,1
1567,0,0.00,0.00,1,0.010000,0,0
1568,2,100.00,100.00,1,0.010000,0,0
1569,1,50.00,4.00,1,0.010000,0,0
1570,2,100.00,54.00,1,0.010000,0,0
1571,1,50.00,4.00,1,0.010000,0,0
1572,0,0.00,0.00,1,0.010000,0,0
1573,0,0.00,0.00,1,0.010000,0,0
1574,3,128.00,93.00,1,0.010000,0,0
1575,1,50.00,4.00,1,0.010000,0,0
1576,2,100.00,100.00,1,0.010000,0,0
1577,2,100.00,100.00,1,0.010000,0,0
1578,2,100.00,100.00,1,0.010000,0,0
1579,1,50.00,4.00,1,0.010000,0,0
1580,2,100.00,54.00,1,0.010000,0,0
1581,1,50.00,4.00,1,0.010000,0,0
1582,0,0.00,0.00,1,0.010000,0,0
1583,0,0.00,0.00,1,0.010000,0,0
1584,3,128.00,93.00,1,0.010000,0,0
1585,1,50.00,4.00,1,0.010000,0,0
1586,2,100.00,100.00,1,0.010000,0,0
1587,3,88.00,58.00,1,0.010000,0,0
1588,2,100.00,100.00,1,0.010000,0,0
1589,1,50.00,4.00,1,0.010000,0,0
1590,2,100.00,54.00,1,0.010000,0,0
1591,1,50.00,4.00,1,0.010000,0,0
1592,1,50.00,4.00,1,0.010000,0,0
1593,2,49.00,8.00,1,0.010000,0,0
1594,3,128.00,93.00,1,0.010000,0,0
1595,1,50.00,4.00,1,0.010000,0,0
1596,2,100.00,100.00,1,0.010000,0,0
1597,0,0.00,0.00,1,0.010000,0,0
1598,2,100.00,100.00,1,0.010000,0,0
1599,1,50.00,4.00,1,0.010000,0,0
1600,2,100.00,54.00,1,0.010000,0,0
1601,1,50.00,4.00,1,0.010000,0,0
1602,20,-25.00,80.00,0,0.010000,0,20
1603,3,50.00,4.00,1,0.010000,1,0
1604,3,128.00,93.00,1,0.010000,0,0
1605,1,50.00,4.00,1,0.010000,0,0
1606,2,100.00,100.00,1,0.010000,0,0
1607,0,0.00,0.00,1,0.010000,0,0
1608,2,100.00,100.00,1,0.010000,0,0
1609,1,50.00,4.00,1,0.010000,0,0
1610,2,100.00,54.00,1,0.010000,0,0
1611,1,50.00,4.00,1,0.010000,0,0
1612,0,0.00,0.00,1,0.010000,0,0
1613,0,0.00,0.00,1,0.010000,0,0
1614,3,128.00,93.00,1,0.010000,0,0
1615,1,50.00,4.00,1,0.010000,0,0
1616,2,100.00,100.00,1,0.010000,0,0
1617,1,50.00,4.00,1,0.010000,0,0
1618,2,100.00,100.00,1,0.010000,0,0
1619,1,50.00,4.00,1,0.010000,0,0
1620,2,100.00,54.00,1,0.010000,0,0
1621,1,50.00,4.00,1,0.010000,0,0
1622,0,0.00,0.00,1,0.010000,0,0
1623,1,50.00,4.00,1,0.010000,0,0
1624,3,128.00,93.00,1,0.010000,0,0
1625,1,50.00,4.00,1,0.010000,0,0
1626,2,100.00,100.00,1,0.010000,0,0
1627,2,100.00,100.00,1,0.010000,0,0
1628,2,100.00,100.00,1,0.010000,0,0
1629,1,50.00,4.00,1,0.010000,0,0
1630,2,100.00,54.00,1,0.010000,0,0
1631,1,50.00,4.00,1,0.010000,0,0
1632,1,50.00,4.00,1,0.010000,0,0
1633,0,0.00,0.00,1,0.010000,0,0
1634,3,128.00,93.00,1,0.010000,0,0
1635,1,50.00,4.00,1,0.010000,0,0
1636,2,100.00,100.00,1,0.010000,0,0
1637,0,0.00,0.00,1,0.010000,0,0
1638,2,100.00,100.00,1,0.010000,0,0
1639,1,50.00,4.00,1,0.010000,0,0
1640,2,100.00,54.00,1,0.010000,0,0
1641,1,50.00,4.00,1,0.010000,0,0
1642,0,0.00,0.00,1,0.010000,0,0
1643,0,0.00,0.00,1,0.010000,0,0
1644,3,128.00,93.00,1,0.010000,0,0
1645,1,50.00,4.00,1,0.010000,0,0
1646,2,100.00,100.00,1,0.010000,0,0
1647,3,89.00,89.00,1,0.010000,1,1
1648,2,100.00,100.00,1,0.010000,0,0
1649,1,50.00,4.00,1,0.010000,0,0
1650,2,100.00,54.00,1,0.010000,0,0
1651,1,50.00,4.00,1,0.010000,0,0
1652,20,-20.00,80.00,0,0.010000,0,20
1653,1,50.00,4.00,1,0.010000,0,0
1654,3,128.00,93.00,1,0.010000,0,0
1655,1,50.00,4.00,1,0.010000,0,0
1656,2,100.00,100.00,1,0.010000,0,0
1657,3,88.00,78.00,1,0.010000,1,0
1658,2,100.00,100.00,1,0.010000,0,0
1659,1,50.00,4.00,1,0.010000,0,0
1660,2,100.00,54.00,1,0.010000,0,0
1661,1,50.00,4.00,1,0.010000,0,0
1662,2,89.00,54.00,1,0.010000,0,0
1663,0,0.00,0.00,1,0.010000,0,0
1664,3,128.00,93.00,1,0.010000,0,0
1665,1,50.00,4.00,1,0.010000,0,0
1666,2,100.00,100.00,1,0.010000,0,0
1667,0,0.00,0.00,1,0.010000,0,0
1668,2,100.00,100.00,1,0.010000,0,0
1669,1,50.00,4.00,1,0.010000,0,0
1670,2,100.00,54.00,1,0.010000,0,0
1671,1,50.00,4.00,1,0.010000,0,0
1672,0,0.00,0.00,1,0.010000,0,0
1673,3,128.00,93.00,1,0.010000,0,0
1674,3,128.00,93.00,1,0.010000,0,0
1675,1,50.00,4.00,1,0.010000,0,0
1676,2,100.00,100.00,1,0.010000,0,0
1677,3,78.00,88.00,1,0.010000,1,0
1678,2,100.00,100.00,1,0.010000,0,0
1679,1,50.00,4.00,1,0.010000,0,0
1680,3,99.00,89.00,1,0.010000,1,0
1681,1,50.00,4.00,1,0.010000,0,0
1682,1,50.00,50.00,1,0.010000,0,0
1683,2,100.00,54.00,1,0.010000,0,0
1684,3,128.00,93.00,1,0.010000,0,0
1685,1,50.00,4.00,1,0.010000,0,0
1686,2,100.00,100.00,1,0.010000,0,0
1687,1,50.00,50.00,1,0.010000,0,0
1688,2,100.00,100.00,1,0.010000,0,0
1689,1,50.00,4.00,1,0.010000,0,0
1690,2,100.00,54.00,1,0.010000,0,0
1691,1,50.00,4.00,1,0.010000,0,0
1692,0,0.00,0.00,1,0.010000,0,0
1693,0,0.00,0.00,1,0.010000,0,0
1694,3,128.00,93.00,1,0.010000,0,0
1695,1,50.00,4.00,1,0.010000,0,0
1696,2,100.00,100.00,1,0.010000,0,0
1697,2,100.00,54.00,1,0.010000,0,0
1698,2,100.00,100.00,1,0.010000,0,0
1699,1,50.00,4.00,1,0.010000,0,0
1700,2,100.00,54.00,1,0.010000,0,0
1701,1,50.00,4.00,1,0.010000,0,0
1702,0,0.00,0.00,1,0.010000,0,0
1703,1,50.00,50.00,1,0.010000,0,0
1704,3,128.00,93.00,1,0.010000,0,0
1705,1,50.00,4.00,1,0.010000,0,0
1706,2,100.00,100.00,1,0.010000,0,0
1707,0,0.00,0.00,1,0.010000,0,0
1708,2,100.00,100.00,1,0.010000,0,0
1709,1,50.00,4.00,1,0.010000,0,0
1710,2,100.00,54.00,1,0.010000,0,0
1711,1,50.00,4.00,1,0.010000,0,0
1712,0,0.00,0.00,1,0.010000,0,0
1713,1,50.00,4.00,1,0.010000,0,0
1714,3,128.00,93.00,1,0.010000,0,0
1715,1,50.00,4.00,1,0.010000,0,0
1716,2,100.00,100.00,1,0.010000,0,0
1717,4,37.00,62.00,1,0.010000,1,0
1718,2,100.00,100.00,1,0.010000,0,0
1719,1,50.00,4.00,1,0.010000,0,0
1720,2,100.00,54.00,1,0.010000,0,0
1721,1,50.00,4.00,1,0.010000,0,0
1722,0,0.00,0.00,1,0.010000,0,0
1723,0,0.00,0.00,1,0.010000,0,0
1724,3,128.00,93.00,1,0.010000,0,0
1725,1,50.00,4.00,1,0.010000,0,0
1726,2,100.00,100.00,1,0.010000,0,0
1727,2,100.00,54.00,1,0.010000,0,0
1728,2,100.00,100.00,1,0.010000,0,0
1729,1,50.00,4.00,1,0.010000,0,0
1730,2,100.00,54.00,1,0.010000,0,0
1731,1,50.00,4.00,1,0.010000,0,0
1732,0,0.00,0.00,1,0.010000,0,0
1733,20,-20.00,80.00,0,0.010000,0,20
1734,3,128.00,93.00,1,0.010000,0,0
1735,1,50.00,4.00,1,0.010000,0,0
1736,2,100.00,100.00,1,0.010000,0,0
1737,1,50.00,50.00,1,0.010000,0,0
1738,2,100.00,100.00,1,0.010000,0,0
1739,1,50.00,4.00,1,0.010000,0,0
1740,2,100.00,54.00,1,0.010000,0,0
1741,1,50.00,4.00,1,0.010000,0,0
1742,0,0.00,0.00,1,0.010000,0,0
1743,0,0.00,0.00,1,0.010000,0,0
1744,3,128.00,93.00,1,0.010000,0,0
1745,1,50.00,4.00,1,0.010000,0,0
1746,2,100.00,100.00,1,0.010000,0,0
1747,1,50.00,4.00,1,0.010000,0,0
1748,2,100.00,100.00,1,0.010000,0,0
1749,1,50.00,4.00,1,0.010000,0,0
1750,2,100.00,54.00,1,0.010000,0,0
1751,1,50.00,4.00,1,0.010000,0,0
1752,1,50.00,4.00,1,0.010000,0,0
1753,0,0.00,0.00,1,0.010000,0,0
1754,3,128.00,93.00,1,0.010000,0,0
1755,1,50.00,4.00,1,0.010000,0,0
1756,2,100.00,100.00,1,0.010000,0,0
1757,0,0.00,0.00,1,0.010000,0,0
1758,2,100.00,100.00,1,0.010000,0,0
1759,1,50.00,4.00,1,0.010000,0,0
1760,2,100.00,54.00,1,0.010000,0,0
1761,1,50.00,4.00,1,0.010000,0,0
1762,1,50.00,4.00,1,0.010000,0,0
1763,0,0.00,0.00,1,0.010000,0,0
1764,3,128.00,93.00,1,0.010000,0,0
1765,1,50.00,4.00,1,0.010000,0,0
1766,2,100.00,100.00,1,0.010000,0,0
1767,0,0.00,0.00,1,0.010000,0,0
1768,2,100.00,100.00,1,0.010000,0,0
1769,1,50.00,4.00,1,0.010000,0,0
1770,2,100.00,54.00,1,0.010000,0,0
1771,1,50.00,4.00,1,0.010000,0,0
1772,3,50.00,4.00,1,0.010000,1,0
1773,0,0.00,0.00,1,0.010000,0,0
1774,3,128.00,93.00,1,0.010000,0,0
1775,1,50.00,4.00,1,0.010000,0,0
1776,2,100.00,100.00,1,0.010000,0,0
1777,3,48.00,13.00,1,0.010000,1,0
1778,2,100.00,100.00,1,0.010000,0,0
1779,1,50.00,4.00,1,0.010000,0,0
1780,2,100.00,54.00,1,0.010000,0,0
1781,1,50.00,4.00,1,0.010000,0,0
1782,2,100.00,100.00,1,0.010000,0,0
1783,0,0.00,0.00,1,0.010000,0,0
1784,3,128.00,93.00,1,0.010000,0,0
1785,1,50.00,4.00,1,0.010000,0,0
1786,2,100.00,100.00,1,0.010000,0,0
1787,0,0.00,0.00,1,0.010000,0,0
1788,2,100.00,100.00,1,0.010000,0,0
1789,1,50.00,4.00,1,0.010000,0,0
1790,2,100.00,54.00,1,0.010000,0,0
1791,1,50.00,4.00,1,0.010000,0,0
1792,1,50.00,4.00,1,0.010000,0,0
1793,2,49.00,8.00,1,0.010000,0,0
1794,3,128.00,93.00,1,0.010000,0,0
1795,1,50.00,4.00,1,0.010000,0,0
1796,2,100.00,100.00,1,0.010000,0,0
1797,0,0.00,0.00,1,0.010000,0,0
1798,2,100.00,100.00,1,0.010000,0,0
1799,1,50.00,4.00,1,0.010000,0,0
1800,2,100.00,54.00,1,0.010000,0,0
1801,1,50.00,4.00,1,0.010000,0,0
1802,0,0.00,0.00,1,0.010000,0,0
1803,3,128.00,93.00,1,0.010000,0,0
1804,3,128.00,93.00,1,0.010000,0,0
1805,1,50.00,4.00,1,0.010000,0,0
1806,2,100.00,100.00,1,0.010000,0,0
1807,2,49.00,8.00,1,0.010000,0,0
1808,2,100.00,100.00,1,0.010000,0,0
1809,1,50.00,4.00,1,0.010000,0,0
1810,2,100.00,54.00,1,0.010000,0,0
1811,1,50.00,4.00,1,0.010000,0,0
1812,0,0.00,0.00,1,0.010000,0,0
1813,2,49.00,8.00,1,0.010000,0,0
1814,3,128.00,93.00,1,0.010000,0,0
1815,1,50.00,4.00,1,0.010000,0,0
1816,2,100.00,100.00,1,0.010000,0,0
1817,0,0.00,0.00,1,0.010000,0,0
1818,2,100.00,100.00,1,0.010000,0,0
1819,1,50.00,4.00,1,0.010000,0,0
1820,2,100.00,54.00,1,0.010000,0,0
1821,1,50.00,4.00,1,0.010000,0,0
1822,0,0.00,0.00,1,0.010000,0,0
1823,0,0.00,0.00,1,0.010000,0,0
1824,3,128.00,93.00,1,0.010000,0,0
1825,1,50.00,4.00,1,0.010000,0,0
1826,2,100.00,100.00,1,0.010000,0,0
1827,1,50.00,4.00,1,0.010000,0,0
1828,2,100.00,100.00,1,0.010000,0,0
1829,1,50.00,4.00,1,0.010000,0,0
1830,2,100.00,54.00,1,0.010000,0,0
1831,1,50.00,4.00,1,0.010000,0,0
1832,1,50.00,4.00,1,0.010000,0,0
1833,3,50.00,50.00,1,0.010000,1,0
1834,4,117.00,82.00,1,0.010000,1,1
1835,1,50.00,4.00,1,0.010000,0,0
1836,2,100.00,100.00,1,0.010000,0,0
1837,2,39.00,39.00,1,0.010000,1,1
1838,2,100.00,100.00,1,0.010000,0,0
1839,1,50.00,4.00,1,0.010000,0,0
1840,2,100.00,54.00,1,0.010000,0,0
1841,1,50.00,4.00,1,0.010000,0,0
1842,0,0.00,0.00,1,0.010000,0,0
1843,2,49.00,8.00,1,0.010000,0,0
1844,3,128.00,93.00,1,0.010000,0,0
1845,1,50.00,4.00,1,0.010000,0,0
1846,2,100.00,100.00,1,0.010000,0,0
1847,0,0.00,0.00,1,0.010000,0,0
1848,2,100.00,100.00,1,0.010000,0,0
1849,1,50.00,4.00,1,0.010000,0,0
1850,2,100.00,54.00,1,0.010000,0,0
1851,1,50.00,4.00,1,0.010000,0,0
1852,20,-20.00,80.00,0,0.010000,0,20
1853,2,49.00,8.00,1,0.010000,0,0
1854,3,128.00,93.00,1,0.010000,0,0
1855,1,50.00,4.00,1,0.010000,0,0
1856,2,100.00,100.00,1,0.010000,0,0
1857,0,0.00,0.00,1,0.010000,0,0
1858,2,100.00,100.00,1,0.010000,0,0
1859,1,50.00,4.00,1,0.010000,0,0
1860,2,100.00,54.00,1,0.010000,0,0
1861,1,50.00,4.00,1,0.010000,0,0
1862,0,0.00,0.00,1,0.010000,0,0
1863,0,0.00,0.00,1,0.010000,0,0
1864,3,128.00,93.00,1,0.010000,0,0
1865,1,50.00,4.00,1,0.010000,0,0
1866,2,100.00,100.00,1,0.010000,0,0
1867,2,100.00,100.00,1,0.010000,0,0
1868,2,100.00,100.00,1,0.010000,0,0
1869,1,50.00,4.00,1,0.010000,0,0
1870,2,100.00,54.00,1,0.010000,0,0
1871,1,50.00,4.00,1,0.010000,0,0
1872,0,0.00,0.00,1,0.010000,0,0
1873,2,89.00,54.00,1,0.010000,0,0
1874,3,128.00,93.00,1,0.010000,0,0
1875,1,50.00,4.00,1,0.010000,0,0
1876,2,100.00,100.00,1,0.010000,0,0
1877,3,48.00,13.00,1,0.010000,1,0
1878,2,100.00,100.00,1,0.010000,0,0
1879,1,50.00,4.00,1,0.010000,0,0
1880,2,100.00,54.00,1,0.010000,0,0
1881,1,50.00,4.00,1,0.010000,0,0
1882,2,100.00,100.00,1,0.010000,0,0
1883,0,0.00,0.00,1,0.010000,0,0
1884,3,128.00,93.00,1,0.010000,0,0
1885,1,50.00,4.00,1,0.010000,0,0
1886,2,100.00,100.00,1,0.010000,0,0
1887,3,48.00,13.00,1,0.010000,1,0
1888,2,100.00,100.00,1,0.010000,0,0
1889,1,50.00,4.00,1,0.010000,0,0
1890,2,100.00,54.00,1,0.010000,0,0
1891,1,50.00,4.00,1,0.010000,0,0
1892,1,50.00,4.00,1,0.010000,0,0
1893,2,49.00,8.00,1,0.010000,0,0
1894,3,128.00,93.00,1,0.010000,0,0
1895,1,50.00,4.00,1,0.010000,0,0
1896,2,100.00,100.00,1,0.010000,0,0
1897,1,50.00,50.00,1,0.010000,0,0
1898,2,100.00,100.00,1,0.010000,0,0
1899,1,50.00,4.00,1,0.010000,0,0
1900,2,100.00,54.00,1,0.010000,0,0
1901,1,50.00,4.00,1,0.010000,0,0
1902,1,50.00,50.00,1,0.010000,0,0
1903,1,50.00,50.00,1,0.010000,0,0
1904,3,128.00,93.00,1,0.010000,0,0
1905,1,50.00,4.00,1,0.010000,0,0
1906,2,100.00,100.00,1,0.010000,0,0
1907,2,100.00,100.00,1,0.010000,0,0
1908,2,100.00,100.00,1,0.010000,0,0
1909,1,50.00,4.00,1,0.010000,0,0
1910,2,100.00,54.00,1,0.010000,0,0
1911,1,50.00,4.00,1,0.010000,0,0
1912,2,100.00,100.00,1,0.010000,0,0
1913,1,50.00,4.00,1,0.010000,0,0
1914,3,128.00,93.00,1,0.010000,0,0
1915,1,50.00,4.00,1,0.010000,0,0
1916,2,100.00,100.00,1,0.010000,0,0
1917,1,50.00,50.00,1,0.010000,0,0
1918,2,100.00,100.00,1,0.010000,0,0
1919,1,50.00,4.00,1,0.010000,0,0
1920,2,100.00,54.00,1,0.010000,0,0
1921,1,50.00,4.00,1,0.010000,0,0
1922,2,100.00,54.00,1,0.010000,0,0
1923,0,0.00,0.00,1,0.010000,0,0
1924,3,128.00,93.00,1,0.010000,0,0
1925,1,50.00,4.00,1,0.010000,0,0
1926,2,100.00,100.00,1,0.010000,0,0
1927,2,49.00,8.00,1,0.010000,0,0
1928,2,100.00,100.00,1,0.010000,0,0
1929,1,50.00,4.00,1,0.010000,0,0
1930,2,100.00,54.00,1,0.010000,0,0
1931,1,50.00,4.00,1,0.010000,0,0
1932,2,49.00,8.00,1,0.010000,0,0
1933,1,50.00,4.00,1,0.010000,0,0
1934,3,128.00,93.00,1,0.010000,0,0
1935,1,50.00,4.00,1,0.010000,0,0
1936,2,100.00,100.00,1,0.010000,0,0
1937,2,100.00,100.00,1,0.010000,0,0
1938,2,100.00,100.00,1,0.010000,0,0
1939,1,50.00,4.00,1,0.010000,0,0
1940,2,100.00,54.00,1,0.010000,0,0
1941,1,50.00,4.00,1,0.010000,0,0
1942,2,100.00,100.00,1,0.010000,0,0
1943,2,49.00,8.00,1,0.010000,0,0
1944,3,128.00,93.00,1,0.010000,0,0
1945,1,50.00,4.00,1,0.010000,0,0
1946,2,100.00,100.00,1,0.010000,0,0
1947,1,50.00,50.00,1,0.010000,0,0
1948,2,100.00,100.00,1,0.010000,0,0
1949,1,50.00,4.00,1,0.010000,0,0
1950,2,100.00,54.00,1,0.010000,0,0
1951,1,50.00,4.00,1,0.010000,0,0
1952,3,48.00,13.00,1,0.010000,1,0
1953,0,0.00,0.00,1,0.010000,0,0
1954,3,128.00,93.00,1,0.010000,0,0
1955,1,50.00,4.00,1,0.010000,0,0
1956,2,100.00,100.00,1,0.010000,0,0
1957,2,100.00,100.00,1,0.010000,0,0
1958,2,100.00,100.00,1,0.010000,0,0
1959,1,50.00,4.00,1,0.010000,0,0
1960,2,100.00,54.00,1,0.010000,0,0
1961,1,50.00,4.00,1,0.010000,0,0
1962,1,50.00,4.00,1,0.010000,0,0
1963,1,50.00,4.00,1,0.010000,0,0
1964,3,128.00,93.00,1,0.010000,0,0
1965,1,50.00,4.00,1,0.010000,0,0
1966,2,100.00,100.00,1,0.010000,0,0
1967,3,48.00,13.00,1,0.010000,1,0
1968,2,100.00,100.00,1,0.010000,0,0
1969,1,50.00,4.00,1,0.010000,0,0
1970,2,100.00,54.00,1,0.010000,0,0
1971,1,50.00,4.00,1,0.010000,0,0
1972,2,100.00,100.00,1,0.010000,0,0
1973,0,0.00,0.00,1,0.010000,0,0
1974,3,128.00,93.00,1,0.010000,0,0
1975,1,50.00,4.00,1,0.010000,0,0
1976,2,100.00,100.00,1,0.010000,0,0
1977,0,0.00,0.00,1,0.010000,0,0
1978,2,100.00,100.00,1,0.010000,0,0
1979,1,50.00,4.00,1,0.010000,0,0
1980,2,100.00,54.00,1,0.010000,0,0
1981,1,50.00,4.00,1,0.010000,0,0
1982,1,50.00,50.00,1,0.010000,0,0
1983,1,50.00,50.00,1,0.010000,0,0
1984,3,128.00,93.00,1,0.010000,0,0
1985,1,50.00,4.00,1,0.010000,0,0
1986,2,100.00,100.00,1,0.010000,0,0
1987,1,50.00,4.00,1,0.010000,0,0
1988,2,100.00,100.00,1,0.010000,0,0
1989,1,50.00,4.00,1,0.010000,0,0
1990,2,100.00,54.00,1,0.010000,0,0
1991,1,50.00,4.00,1,0.010000,0,0
1992,1,50.00,50.00,1,0.010000,0,0
1993,0,0.00,0.00,1,0.010000,0,0
1994,3,128.00,93.00,1,0.010000,0,0
1995,1,50.00,4.00,1,0.010000,0,0
1996,2,100.00,100.00,1,0.010000,0,0
1997,0,0.00,0.00,1,0.010000,0,0
1998,2,100.00,100.00,1,0.010000,0,0
1999,1,50.00,4.00,1,0.010000,0,0
2000,2,100.00,54.00,1,0.010000,0,0
2001,1,50.00,4.00,1,0.010000,0,0
2002,20,-20.00,80.00,0,0.010000,0,20
2003,1,50.00,50.00,1,0.010000,0,0
2004,3,128.00,93.00,1,0.010000,0,0
2005,1,50.00,4.00,1,0.010000,0,0
2006,2,100.00,100.00,1,0.010000,0,0
2007,2,49.00,39.00,1,0.010000,1,0
2008,2,100.00,100.00,1,0.010000,0,0
2009,1,50.00,4.00,1,0.010000,0,0
2010,2,100.00,54.00,1,0.010000,0,0
2011,1,50.00,4.00,1,0.010000,0,0
2012,2,100.00,100.00,1,0.010000,0,0
2013,1,50.00,50.00,1,0.010000,0,0
2014,3,128.00,93.00,1,0.010000,0,0
2015,1,50.00,4.00,1,0.010000,0,0
2016,2,100.00,100.00,1,0.010000,0,0
2017,0,0.00,0.00,1,0.010000,0,0
2018,2,100.00,100.00,1,0.010000,0,0
2019,1,50.00,4.00,1,0.010000,0,0
2020,2,100.00,54.00,1,0.010000,0,0
2021,1,50.00,4.00,1,0.010000,0,0
2022,3,88.00,58.00,1,0.010000,0,0
2023,1,50.00,4.00,1,0.010000,0,0
2024,3,128.00,93.00,1,0.010000,0,0
2025,1,50.00,4.00,1,0.010000,0,0
2026,2,100.00,100.00,1,0.010000,0,0
2027,2,100.00,100.00,1,0.010000,0,0
2028,2,100.00,100.00,1,0.010000,0,0
2029,1,50.00,4.00,1,0.010000,0,0
2030,2,100.00,54.00,1,0.010000,0,0
2031,1,50.00,4.00,1,0.010000,0,0
2032,2,100.00,100.00,1,0.010000,0,0
2033,3,48.00,13.00,1,0.010000,1,0
2034,3,128.00,93.00,1,0.010000,0,0
2035,1,50.00,4.00,1,0.010000,0,0
2036,2,100.00,100.00,1,0.010000,0,0
2037,0,0.00,0.00,1,0.010000,0,0
2038,2,100.00,100.00,1,0.010000,0,0
2039,1,50.00,4.00,1,0.010000,0,0
2040,2,100.00,54.00,1,0.010000,0,0
2041,1,50.00,4.00,1,0.010000,0,0
2042,0,0.00,0.00,1,0.010000,0,0
2043,0,0.00,0.00,1,0.010000,0,0
2044,3,128.00,93.00,1,0.010000,0,0
2045,1,50.00,4.00,1,0.010000,0,0
2046,2,100.00,100.00,1,0.010000,0,0
2047,0,0.00,0.00,1,0.010000,0,0
2048,2,100.00,100.00,1,0.010000,0,0
2049,1,50.00,4.00,1,0.010000,0,0
2050,2,100.00,54.00,1,0.010000,0,0
2051,1,50.00,4.00,1,0.010000,0,0
2052,2,100.00,54.00,1,0.010000,0,0
2053,3,38.00,12.00,1,0.010000,1,0
2054,3,128.00,93.00,1,0.010000,0,0
2055,1,50.00,4.00,1,0.010000,0,0
2056,2,100.00,100.00,1,0.010000,0,0
2057,1,50.00,50.00,1,0.010000,0,0
2058,2,100.00,100.00,1,0.010000,0,0
2059,1,50.00,4.00,1,0.010000,0,0
2060,2,100.00,54.00,1,0.010000,0,0
2061,1,50.00,4.00,1,0.010000,0,0
2062,1,50.00,4.00,1,0.010000,0,0
2063,0,0.00,0.00,1,0.010000,0,0
2064,3,128.00,93.00,1,0.010000,0,0
2065,1,50.00,4.00,1,0.010000,0,0
2066,2,100.00,100.00,1,0.010000,0,0
2067,3,38.00,12.00,1,0.010000,1,0
2068,2,100.00,100.00,1,0.010000,0,0
2069,1,50.00,4.00,1,0.010000,0,0
2070,2,100.00,54.00,1,0.010000,0,0
2071,1,50.00,4.00,1,0.010000,0,0
2072,0,0.00,0.00,1,0.010000,0,0
2073,0,0.00,0.00,1,0.010000,0,0
2074,3,128.00,93.00,1,0.010000,0,0
2075,1,50.00,4.00,1,0.010000,0,0
2076,2,100.00,100.00,1,0.010000,0,0
2077,1,50.00,4.00,1,0.010000,0,0
2078,2,100.00,100.00,1,0.010000,0,0
2079,1,50.00,4.00,1,0.010000,0,0
2080,2,100.00,54.00,1,0.010000,0,0
2081,1,50.00,4.00,1,0.010000,0,0
2082,1,50.00,50.00,1,0.010000,0,0
2083,2,100.00,100.00,1,0.010000,0,0
2084,3,128.00,93.00,1,0.010000,0,0
2085,1,50.00,4.00,1,0.010000,0,0
2086,2,100.00,100.00,1,0.010000,0,0
2087,1,50.00,50.00,1,0.010000,0,0
2088,2,100.00,100.00,1,0.010000,0,0
2089,1,50.00,4.00,1,0.010000,0,0
2090,2,100.00,54.00,1,0.010000,0,0
2091,1,50.00,4.00,1,0.010000,0,0
2092,0,0.00,0.00,1,0.010000,0,0
2093,0,0.00,0.00,1,0.010000,0,0
2094,3,128.00,93.00,1,0.010000,0,0
2095,1,50.00,4.00,1,0.010000,0,0
2096,2,100.00,100.00,1,0.010000,0,0
2097,0,0.00,0.00,1,0.010000,0,0
2098,2,100.00,100.00,1,0.010000,0,0
2099,1,50.00,4.00,1,0.010000,0,0
2100,2,100.00,54.00,1,0.010000,0,0
2101,1,50.00,4.00,1,0.010000,0,0
2102,0,0.00,0.00,1,0.010000,0,0
2103,0,0.00,0.00,1,0.010000,0,0
2104,3,128.00,93.00,1,0.010000,0,0
2105,1,50.00,4.00,1,0.010000,0,0
2106,2,100.00,100.00,1,0.010000,0,0
2107,4,117.00,97.00,1,0.010000,1,0
2108,2,100.00,100.00,1,0.010000,0,0
2109,1,50.00,4.00,1,0.010000,0,0
2110,2,100.00,54.00,1,0.010000,0,0
2111,1,50.00,4.00,1,0.010000,0,0
2112,0,0.00,0.00,1,0.010000,0,0
2113,4,37.00,62.00,1,0.010000,1,0
2114,3,128.00,93.00,1,0.010000,0,0
2115,1,50.00,4.00,1,0.010000,0,0
2116,2,100.00,100.00,1,0.010000,0,0
2117,1,50.00,4.00,1,0.010000,0,0
2118,2,100.00,100.00,1,0.010000,0,0
2119,1,50.00,4.00,1,0.010000,0,0
2120,2,100.00,54.00,1,0.010000,0,0
2121,1,50.00,4.00,1,0.010000,0,0
2122,2,49.00,8.00,1,0.010000,0,0
2123,0,0.00,0.00,1,0.010000,0,0
2124,3,128.00,93.00,1,0.010000,0,0
2125,1,50.00,4.00,1,0.010000,0,0
2126,2,100.00,100.00,1,0.010000,0,0
2127,1,50.00,50.00,1,0.010000,0,0
2128,2,100.00,100.00,1,0.010000,0,0
2129,1,50.00,4.00,1,0.010000,0,0
2130,2,100.00,54.00,1,0.010000,0,0
2131,1,50.00,4.00,1,0.010000,0,0
2132,0,0.00,0.00,1,0.010000,0,0
2133,0,0.00,0.00,1,0.010000,0,0
2134,3,128.00,93.00,1,0.010000,0,0
2135,1,50.00,4.00,1,0.010000,0,0
2136,2,100.00,100.00,1,0.010000,0,0
2137,0,0.00,0.00,1,0.010000,0,0
2138,2,100.00,100.00,1,0.010000,0,0
2139,1,50.00,4.00,1,0.010000,0,0
2140,2,100.00,54.00,1,0.010000,0,0
2141,1,50.00,4.00,1,0.010000,0,0
2142,0,0.00,0.00,1,0.010000,0,0
2143,0,0.00,0.00,1,0.010000,0,0
2144,3,128.00,93.00,1,0.010000,0,0
2145,1,50.00,4.00,1,0.010000,0,0
2146,2,100.00,100.00,1,0.010000,0,0
2147,0,0.00,0.00,1,0.010000,0,0
2148,2,100.00,100.00,1,0.010000,0,0
2149,1,50.00,4.00,1,0.010000,0,0
2150,2,100.00,54.00,1,0.010000,0,0
2151,1,50.00,4.00,1,0.010000,0,0
2152,1,50.00,50.00,1,0.010000,0,0
2153,1,50.00,50.00,1,0.010000,0,0
2154,3,128.00,93.00,1,0.010000,0,0
2155,1,50.00,4.00,1,0.010000,0,0
2156,2,100.00,100.00,1,0.010000,0,0
2157,0,0.00,0.00,1,0.010000,0,0
2158,2,100.00,100.00,1,0.010000,0,0
2159,1,50.00,4.00,1,0.010000,0,0
2160,2,100.00,54.00,1,0.010000,0,0
2161,1,50.00,4.00,1,0.010000,0,0
2162,0,0.00,0.00,1,0.010000,0,0
2163,1,50.00,4.00,1,0.010000,0,0
2164,3,128.00,93.00,1,0.010000,0,0
2165,1,50.00,4.00,1,0.010000,0,0
2166,2,100.00,100.00,1,0.010000,0,0
2167,0,0.00,0.00,1,0.010000,0,0
2168,2,100.00,100.00,1,0.010000,0,0
2169,1,50.00,4.00,1,0.010000,0,0
2170,2,100.00,54.00,1,0.010000,0,0
2171,1,50.00,4.00,1,0.010000,0,0
2172,1,50.00,4.00,1,0.010000,0,0
2173,0,0.00,0.00,1,0.010000,0,0
2174,3,128.00,93.00,1,0.010000,0,0
2175,1,50.00,4.00,1,0.010000,0,0
2176,2,100.00,100.00,1,0.010000,0,0
2177,1,50.00,50.00,1,0.010000,0,0
2178,2,100.00,100.00,1,0.010000,0,0
2179,1,50.00,4.00,1,0.010000,0,0
2180,2,100.00,54.00,1,0.010000,0,0
2181,1,50.00,4.00,1,0.010000,0,0
2182,0,0.00,0.00,1,0.010000,0,0
2183,0,0.00,0.00,1,0.010000,0,0
2184,3,128.00,93.00,1,0.010000,0,0
2185,1,50.00,4.00,1,0.010000,0,0
2186,2,100.00,100.00,1,0.010000,0,0
2187,0,0.00,0.00,1,0.010000,0,0
2188,2,100.00,100.00,1,0.010000,0,0
2189,1,50.00,4.00,1,0.010000,0,0
2190,2,100.00,54.00,1,0.010000,0,0
2191,1,50.00,4.00,1,0.010000,0,0
2192,0,0.00,0.00,1,0.010000,0,0
2193,2,49.00,8.00,1,0.010000,0,0
2194,3,128.00,93.00,1,0.010000,0,0
2195,1,50.00,4.00,1,0.010000,0,0
2196,2,100.00,100.00,1,0.010000,0,0
2197,1,50.00,4.00,1,0.010000,0,0
2198,2,100.00,100.00,1,0.010000,0,0
2199,1,50.00,4.00,1,0.010000,0,0
2200,2,100.00,54.00,1,0.010000,0,0
2201,1,50.00,4.00,1,0.010000,0,0
2202,1,50.00,50.00,1,0.010000,0,0
2203,2,49.00,8.00,1,0.010000,0,0
2204,3,128.00,93.00,1,0.010000,0,0
2205,1,50.00,4.00,1,0.010000,0,0
2206,2,100.00,100.00,1,0.010000,0,0
2207,0,0.00,0.00,1,0.010000,0,0
2208,2,100.00,100.00,1,0.010000,0,0
2209,1,50.00,4.00,1,0.010000,0,0
2210,2,100.00,54.00,1,0.010000,0,0
2211,1,50.00,4.00,1,0.010000,0,0
2212,1,50.00,4.00,1,0.010000,0,0
2213,3,78.00,88.00,1,0.010000,1,0
2214,3,128.00,93.00,1,0.010000,0,0
2215,1,50.00,4.00,1,0.010000,0,0
2216,2,100.00,100.00,1,0.010000,0,0
2217,3,50.00,4.00,1,0.010000,1,0
2218,2,100.00,100.00,1,0.010000,0,0
2219,1,50.00,4.00,1,0.010000,0,0
2220,2,100.00,54.00,1,0.010000,0,0
2221,1,50.00,4.00,1,0.010000,0,0
2222,2,49.00,39.00,1,0.010000,1,0
2223,1,50.00,50.00,1,0.010000,0,0
2224,3,128.00,93.00,1,0.010000,0,0
2225,1,50.00,4.00,1,0.010000,0,0
2226,2,100.00,100.00,1,0.010000,0,0
2227,0,0.00,0.00,1,0.010000,0,0
2228,2,100.00,100.00,1,0.010000,0,0
2229,1,50.00,4.00,1,0.010000,0,0
2230,2,100.00,54.00,1,0.010000,0,0
2231,1,50.00,4.00,1,0.010000,0,0
2232,1,50.00,50.00,1,0.010000,0,0
2233,2,49.00,8.00,1,0.010000,0,0
2234,3,128.00,93.00,1,0.010000,0,0
2235,1,50.00,4.00,1,0.010000,0,0
2236,2,100.00,100.00,1,0.010000,0,0
2237,2,100.00,100.00,1,0.010000,0,0
2238,2,100.00,100.00,1,0.010000,0,0
2239,1,50.00,4.00,1,0.010000,0,0
2240,2,100.00,54.00,1,0.010000,0,0
2241,1,50.00,4.00,1,0.010000,0,0
2242,1,50.00,4.00,1,0.010000,0,0
2243,1,50.00,4.00,1,0.010000,0,0
2244,3,128.00,93.00,1,0.010000,0,0
2245,1,50.00,4.00,1,0.010000,0,0
2246,2,100.00,100.00,1,0.010000,0,0
2247,2,100.00,54.00,1,0.010000,0,0
2248,2,100.00,100.00,1,0.010000,0,0
2249,1,50.00,4.00,1,0.010000,0,0
2250,2,100.00,54.00,1,0.010000,0,0
2251,1,50.00,4.00,1,0.010000,0,0
2252,0,0.00,0.00,1,0.010000,0,0
2253,1,50.00,4.00,1,0.010000,0,0
2254,3,128.00,93.00,1,0.010000,0,0
2255,1,50.00,4.00,1,0.010000,0,0
2256,2,100.00,100.00,1,0.010000,0,0
2257,1,50.00,50.00,1,0.010000,0,0
2258,2,100.00,100.00,1,0.010000,0,0
2259,1,50.00,4.00,1,0.010000,0,0
2260,2,100.00,54.00,1,0.010000,0,0
2261,1,50.00,4.00,1,0.010000,0,0
2262,1,50.00,4.00,1,0.010000,0,0
2263,4,49.00,-7.00,1,0.010000,2,0
2264,3,128.00,93.00,1,0.010000,0,0
2265,1,50.00,4.00,1,0.010000,0,0
2266,2,100.00,100.00,1,0.010000,0,0
2267,0,0.00,0.00,1,0.010000,0,0
2268,2,100.00,100.00,1,0.010000,0,0
2269,1,50.00,4.00,1,0.010000,0,0
2270,2,100.00,54.00,1,0.010000,0,0
2271,1,50.00,4.00,1,0.010000,0,0
2272,2,100.00,100.00,1,0.010000,0,0
2273,0,0.00,0.00,1,0.010000,0,0
2274,3,128.00,93.00,1,0.010000,0,0
2275,1,50.00,4.00,1,0.010000,0,0
2276,2,100.00,100.00,1,0.010000,0,0
2277,3,78.00,88.00,1,0.010000,1,0
2278,2,100.00,100.00,1,0.010000,0,0
2279,1,50.00,4.00,1,0.010000,0,0
2280,2,100.00,54.00,1,0.010000,0,0
2281,1,50.00,4.00,1,0.010000,0,0
2282,0,0.00,0.00,1,0.010000,0,0
2283,0,0.00,0.00,1,0.010000,0,0
2284,3,128.00,93.00,1,0.010000,0,0
2285,1,50.00,4.00,1,0.010000,0,0
2286,2,100.00,100.00,1,0.010000,0,0
2287,0,0.00,0.00,1,0.010000,0,0
2288,2,100.00,100.00,1,0.010000,0,0
2289,1,50.00,4.00,1,0.010000,0,0
2290,2,100.00,54.00,1,0.010000,0,0
2291,1,50.00,4.00,1,0.010000,0,0
2292,2,100.00,100.00,1,0.010000,0,0
2293,0,0.00,0.00,1,0.010000,0,0
2294,3,128.00,93.00,1,0.010000,0,0
2295,1,50.00,4.00,1,0.010000,0,0
2296,2,100.00,100.00,1,0.010000,0,0
2297,1,50.00,4.00,1,0.010000,0,0
2298,2,100.00,100.00,1,0.010000,0,0
2299,1,50.00,4.00,1,0.010000,0,0
2300,2,100.00,54.00,1,0.010000,0,0
2301,1,50.00,4.00,1,0.010000,0,0
2302,0,0.00,0.00,1,0.010000,0,0
2303,1,50.00,4.00,1,0.010000,0,0
2304,3,128.00,93.00,1,0.010000,0,0
2305,1,50.00,4.00,1,0.010000,0,0
2306,2,100.00,100.00,1,0.010000,0,0
2307,0,0.00,0.00,1,0.010000,0,0
2308,2,100.00,100.00,1,0.010000,0,0
2309,1,50.00,4.00,1,0.010000,0,0
2310,2,100.00,54.00,1,0.010000,0,0
2311,1,50.00,4.00,1,0.010000,0,0
2312,1,50.00,4.00,1,0.010000,0,0
2313,2,100.00,100.00,1,0.010000,0,0
2314,3,128.00,93.00,1,0.010000,0,0
2315,1,50.00,4.00,1,0.010000,0,0
2316,2,100.00,100.00,1,0.010000,0,0
2317,0,0.00,0.00,1,0.010000,0,0
2318,2,100.00,100.00,1,0.010000,0,0
2319,1,50.00,4.00,1,0.010000,0,0
2320,2,100.00,54.00,1,0.010000,0,0
2321,1,50.00,4.00,1,0.010000,0,0
2322,0,0.00,0.00,1,0.010000,0,0
2323,2,49.00,8.00,1,0.010000,0,0
2324,3,128.00,93.00,1,0.010000,0,0
2325,1,50.00,4.00,1,0.010000,0,0
2326,2,100.00,100.00,1,0.010000,0,0
2327,1,50.00,50.00,1,0.010000,0,0
2328,2,100.00,100.00,1,0.010000,0,0
2329,1,50.00,4.00,1,0.010000,0,0
2330,2,100.00,54.00,1,0.010000,0,0
2331,1,50.00,4.00,1,0.010000,0,0
2332,0,0.00,0.00,1,0.010000,0,0
2333,1,50.00,4.00,1,0.010000,0,0
2334,3,128.00,93.00,1,0.010000,0,0
2335,1,50.00,4.00,1,0.010000,0,0
2336,2,100.00,100.00,1,0.010000,0,0
2337,1,50.00,50.00,1,0.010000,0,0
2338,2,100.00,100.00,1,0.010000,0,0
2339,1,50.00,4.00,1,0.010000,0,0
2340,2,100.00,54.00,1,0.010000,0,0
2341,1,50.00,4.00,1,0.010000,0,0
2342,2,49.00,8.00,1,0.010000,0,0
2343,1,50.00,50.00,1,0.010000,0,0
2344,3,128.00,93.00,1,0.010000,0,0
2345,1,50.00,4.00,1,0.010000,0,0
2346,2,100.00,100.00,1,0.010000,0,0
2347,1,50.00,4.00,1,0.010000,0,0
2348,2,100.00,100.00,1,0.010000,0,0
2349,1,50.00,4.00,1,0.010000,0,0
2350,2,100.00,54.00,1,0.010000,0,0
2351,1,50.00,4.00,1,0.010000,0,0
2352,3,99.00,58.00,1,0.010000,0,0
2353,0,0.00,0.00,1,0.010000,0,0
2354,3,128.00,93.00,1,0.010000,0,0
2355,1,50.00,4.00,1,0.010000,0,0
2356,2,100.00,100.00,1,0.010000,0,0
2357,0,0.00,0.00,1,0.010000,0,0
2358,2,100.00,100.00,1,0.010000,0,0
2359,1,50.00,4.00,1,0.010000,0,0
2360,2,100.00,54.00,1,0.010000,0,0
2361,1,50.00,4.00,1,0.010000,0,0
2362,1,50.00,50.00,1,0.010000,0,0
2363,3,99.00,58.00,1,0.010000,0,0
2364,3,128.00,93.00,1,0.010000,0,0
2365,1,50.00,4.00,1,0.010000,0,0
2366,2,100.00,100.00,1,0.010000,0,0
2367,1,50.00,50.00,1,0.010000,0,0
2368,2,100.00,100.00,1,0.010000,0,0
2369,1,50.00,4.00,1,0.010000,0,0
2370,2,100.00,54.00,1,0.010000,0,0
2371,1,50.00,4.00,1,0.010000,0,0
2372,4,37.00,12.00,1,0.010000,2,0
2373,0,0.00,0.00,1,0.010000,0,0
2374,3,128.00,93.00,1,0.010000,0,0
2375,1,50.00,4.00,1,0.010000,0,0
2376,2,100.00,100.00,1,0.010000,0,0
2377,0,0.00,0.00,1,0.010000,0,0
2378,2,100.00,100.00,1,0.010000,0,0
2379,1,50.00,4.00,1,0.010000,0,0
2380,2,100.00,54.00,1,0.010000,0,0
2381,1,50.00,4.00,1,0.010000,0,0
2382,1,50.00,4.00,1,0.010000,0,0
2383,3,48.00,13.00,1,0.010000,1,0
2384,3,128.00,93.00,1,0.010000,0,0
2385,1,50.00,4.00,1,0.010000,0,0
2386,2,100.00,100.00,1,0.010000,0,0
2387,0,0.00,0.00,1,0.010000,0,0
2388,2,100.00,100.00,1,0.010000,0,0
2389,1,50.00,4.00,1,0.010000,0,0
2390,2,100.00,54.00,1,0.010000,0,0
2391,1,50.00,4.00,1,0.010000,0,0
2392,0,0.00,0.00,1,0.010000,0,0
2393,2,100.00,54.00,1,0.010000,0,0
2394,3,128.00,93.00,1,0.010000,0,0
2395,1,50.00,4.00,1,0.010000,0,0
2396,2,100.00,100.00,1,0.010000,0,0
2397,0,0.00,0.00,1,0.010000,0,0
2398,2,100.00,100.00,1,0.010000,0,0
2399,2,39.00,8.00,1,0.010000,1,1
2400,2,100.00,54.00,1,0.010000,0,0
2401,1,50.00,4.00,1,0.010000,0,0
2402,0,0.00,0.00,1,0.010000,0,0
2403,0,0.00,0.00,1,0.010000,0,0
2404,3,128.00,93.00,1,0.010000,0,0
2405,1,50.00,4.00,1,0.010000,0,0
2406,2,100.00,100.00,1,0.010000,0,0
2407,1,50.00,4.00,1,0.010000,0,0
2408,2,100.00,100.00,1,0.010000,0,0
2409,1,50.00,4.00,1,0.010000,0,0
2410,2,100.00,54.00,1,0.010000,0,0
2411,1,50.00,4.00,1,0.010000,0,0
2412,2,100.00,54.00,1,0.010000,0,0
2413,2,100.00,100.00,1,0.010000,0,0
2414,3,128.00,93.00,1,0.010000,0,0
2415,1,50.00,4.00,1,0.010000,0,0
2416,2,100.00,100.00,1,0.010000,0,0
2417,1,50.00,4.00,1,0.010000,0,0
2418,2,100.00,100.00,1,0.010000,0,0
2419,1,50.00,4.00,1,0.010000,0,0
2420,2,100.00,54.00,1,0.010000,0,0
2421,1,50.00,4.00,1,0.010000,0,0
2422,0,0.00,0.00,1,0.010000,0,0
2423,0,0.00,0.00,1,0.010000,0,0
2424,3,128.00,93.00,1,0.010000,0,0
2425,1,50.00,4.00,1,0.010000,0,0
2426,2,100.00,100.00,1,0.010000,0,0
2427,0,0.00,0.00,1,0.010000,0,0
2428,2,100.00,100.00,1,0.010000,0,0
2429,1,50.00,4.00,1,0.010000,0,0
2430,2,100.00,54.00,1,0.010000,0,0
2431,1,50.00,4.00,1,0.010000,0,0
2432,1,50.00,4.00,1,0.010000,0,0
2433,2,100.00,100.00,1,0.010000,0,0
2434,3,128.00,93.00,1,0.010000,0,0
2435,1,50.00,4.00,1,0.010000,0,0
2436,2,100.00,100.00,1,0.010000,0,0
2437,0,0.00,0.00,1,0.010000,0,0
2438,2,100.00,100.00,1,0.010000,0,0
2439,1,50.00,4.00,1,0.010000,0,0
2440,2,100.00,54.00,1,0.010000,0,0
2441,1,50.00,4.00,1,0.010000,0,0
2442,0,0.00,0.00,1,0.010000,0,0
2443,1,50.00,4.00,1,0.010000,0,0
2444,3,128.00,93.00,1,0.010000,0,0
2445,1,50.00,4.00,1,0.010000,0,0
2446,2,100.00,100.00,1,0.010000,0,0
2447,2,100.00,100.00,1,0.010000,0,0
2448,2,100.00,100.00,1,0.010000,0,0
2449,1,50.00,4.00,1,0.010000,0,0
2450,2,100.00,54.00,1,0.010000,0,0
2451,1,50.00,4.00,1,0.010000,0,0
2452,3,78.00,88.00,1,0.010000,1,0
2453,0,0.00,0.00,1,0.010000,0,0
2454,3,128.00,93.00,1,0.010000,0,0
2455,1,50.00,4.00,1,0.010000,0,0
2456,2,100.00,100.00,1,0.010000,0,0
2457,0,0.00,0.00,1,0.010000,0,0
2458,2,100.00,100.00,1,0.010000,0,0
2459,1,50.00,4.00,1,0.010000,0,0
2460,2,100.00,54.00,1,0.010000,0,0
2461,1,50.00,4.00,1,0.010000,0,0
2462,3,88.00,58.00,1,0.010000,0,0
2463,0,0.00,0.00,1,0.010000,0,0
2464,3,128.00,93.00,1,0.010000,0,0
2465,1,50.00,4.00,1,0.010000,0,0
2466,2,100.00,100.00,1,0.010000,0,0
2467,0,0.00,0.00,1,0.010000,0,0
2468,2,100.00,100.00,1,0.010000,0,0
2469,1,50.00,4.00,1,0.010000,0,0
2470,2,100.00,54.00,1,0.010000,0,0
2471,1,50.00,4.00,1,0.010000,0,0
2472,0,0.00,0.00,1,0.010000,0,0
2473,1,50.00,50.00,1,0.010000,0,0
2474,3,128.00,93.00,1,0.010000,0,0
2475,1,50.00,4.00,1,0.010000,0,0
2476,2,100.00,100.00,1,0.010000,0,0
2477,0,0.00,0.00,1,0.010000,0,0
2478,2,100.00,100.00,1,0.010000,0,0
2479,1,50.00,4.00,1,0.010000,0,0
2480,2,100.00,54.00,1,0.010000,0,0
2481,1,50.00,4.00,1,0.010000,0,0
2482,2,100.00,100.00,1,0.010000,0,0
2483,1,50.00,50.00,1,0.010000,0,0
2484,3,128.00,93.00,1,0.010000,0,0
2485,1,50.00,4.00,1,0.010000,0,0
2486,2,100.00,100.00,1,0.010000,0,0
2487,0,0.00,0.00,1,0.010000,0,0
2488,2,100.00,100.00,1,0.010000,0,0
2489,1,50.00,4.00,1,0.010000,0,0
2490,2,100.00,54.00,1,0.010000,0,0
2491,1,50.00,4.00,1,0.010000,0,0
2492,3,88.00,58.00,1,0.010000,0,0
2493,3,48.00,13.00,1,0.010000,1,0
2494,3,128.00,93.00,1,0.010000,0,0
2495,1,50.00,4.00,1,0.010000,0,0
2496,2,100.00,100.00,1,0.010000,0,0
2497,1,50.00,4.00,1,0.010000,0,0
2498,2,100.00,100.00,1,0.010000,0,0
2499,1,50.00,4.00,1,0.010000,0,0
2500,2,100.00,54.00,1,0.010000,0,0
2501,1,50.00,4.00,1,0.010000,0,0
2502,4,49.00,-7.00,1,0.010000,2,0
2503,2,49.00,8.00,1,0.010000,0,0
2504,3,128.00,93.00,1,0.010000,0,0
2505,1,50.00,4.00,1,0.010000,0,0
2506,2,100.00,100.00,1,0.010000,0,0
2507,4,49.00,-7.00,1,0.010000,2,0
2508,2,100.00,100.00,1,0.010000,0,0
2509,1,50.00,4.00,1,0.010000,0,0
2510,2,100.00,54.00,1,0.010000,0,0
2511,1,50.00,4.00,1,0.010000,0,0
2512,1,50.00,50.00,1,0.010000,0,0
2513,0,0.00,0.00,1,0.010000,0,0
2514,3,128.00,93.00,1,0.010000,0,0
2515,1,50.00,4.00,1,0.010000,0,0
2516,2,100.00,100.00,1,0.010000,0,0
2517,0,0.00,0.00,1,0.010000,0,0
2518,2,100.00,100.00,1,0.010000,0,0
2519,1,50.00,4.00,1,0.010000,0,0
2520,2,100.00,54.00,1,0.010000,0,0
2521,1,50.00,4.00,1,0.010000,0,0
2522,3,88.00,78.00,1,0.010000,1,0
2523,0,0.00,0.00,1,0.010000,0,0
2524,3,128.00,93.00,1,0.010000,0,0
2525,1,50.00,4.00,1,0.010000,0,0
2526,2,100.00,100.00,1,0.010000,0,0
2527,2,100.00,54.00,1,0.010000,0,0
2528,2,100.00,100.00,1,0.010000,0,0
2529,1,50.00,4.00,1,0.010000,0,0
2530,2,100.00,54.00,1,0.010000,0,0
2531,1,50.00,4.00,1,0.010000,0,0
2532,2,49.00,8.00,1,0.010000,0,0
2533,1,50.00,50.00,1,0.010000,0,0
2534,3,128.00,93.00,1,0.010000,0,0
2535,1,50.00,4.00,1,0.010000,0,0
2536,2,100.00,100.00,1,0.010000,0,0
2537,2,100.00,100.00,1,0.010000,0,0
2538,2,100.00,100.00,1,0.010000,0,0
2539,1,50.00,4.00,1,0.010000,0,0
2540,2,100.00,54.00,1,0.010000,0,0
2541,1,50.00,4.00,1,0.010000,0,0
2542,3,38.00,12.00,1,0.010000,1,0
2543,2,100.00,100.00,1,0.010000,0,0
2544,3,128.00,93.00,1,0.010000,0,0
2545,1,50.00,4.00,1,0.010000,0,0
2546,2,100.00,100.00,1,0.010000,0,0
2547,0,0.00,0.00,1,0.010000,0,0
2548,2,100.00,100.00,1,0.010000,0,0
2549,1,50.00,4.00,1,0.010000,0,0
2550,2,100.00,54.00,1,0.010000,0,0
2551,1,50.00,4.00,1,0.010000,0,0
2552,2,89.00,54.00,1,0.010000,0,0
2553,0,0.00,0.00,1,0.010000,0,0
2554,3,128.00,93.00,1,0.010000,0,0
2555,1,50.00,4.00,1,0.010000,0,0
2556,2,100.00,100.00,1,0.010000,0,0
2557,1,50.00,4.00,1,0.010000,0,0
2558,2,100.00,100.00,1,0.010000,0,0
2559,1,50.00,4.00,1,0.010000,0,0
2560,2,100.00,54.00,1,0.010000,0,0
2561,1,50.00,4.00,1,0.010000,0,0
2562,1,50.00,4.00,1,0.010000,0,0
2563,2,49.00,8.00,1,0.010000,0,0
2564,3,128.00,93.00,1,0.010000,0,0
2565,1,50.00,4.00,1,0.010000,0,0
2566,2,100.00,100.00,1,0.010000,0,0
2567,2,100.00,54.00,1,0.010000,0,0
2568,2,100.00,100.00,1,0.010000,0,0
2569,1,50.00,4.00,1,0.010000,0,0
2570,2,100.00,54.00,1,0.010000,0,0
2571,1,50.00,4.00,1,0.010000,0,0
2572,1,50.00,50.00,1,0.010000,0,0
2573,3,48.00,13.00,1,0.010000,1,0
2574,3,128.00,93.00,1,0.010000,0,0
2575,1,50.00,4.00,1,0.010000,0,0
2576,2,100.00,100.00,1,0.010000,0,0
2577,2,100.00,100.00,1,0.010000,0,0
2578,2,100.00,100.00,1,0.010000,0,0
2579,1,50.00,4.00,1,0.010000,0,0
2580,2,100.00,54.00,1,0.010000,0,0
2581,1,50.00,4.00,1,0.010000,0,0
2582,1,50.00,4.00,1,0.010000,0,0
2583,3,128.00,93.00,1,0.010000,0,0
2584,3,128.00,93.00,1,0.010000,0,0
2585,1,50.00,4.00,1,0.010000,0,0
2586,2,100.00,100.00,1,0.010000,0,0
2587,1,50.00,50.00,1,0.010000,0,0
2588,2,100.00,100.00,1,0.010000,0,0
2589,1,50.00,4.00,1,0.010000,0,0
2590,2,100.00,54.00,1,0.010000,0,0
2591,1,50.00,4.00,1,0.010000,0,0
2592,0,0.00,0.00,1,0.010000,0,0
2593,0,0.00,0.00,1,0.010000,0,0
2594,3,128.00,93.00,1,0.010000,0,0
2595,1,50.00,4.00,1,0.010000,0,0
2596,2,100.00,100.00,1,0.010000,0,0
2597,0,0.00,0.00,1,0.010000,0,0
2598,2,100.00,100.00,1,0.010000,0,0
2599,1,50.00,4.00,1,0.010000,0,0
2600,2,100.00,54.00,1,0.010000,0,0
2601,1,50.00,4.00,1,0.010000,0,0
2602,2,100.00,100.00,1,0.010000,0,0
2603,1,50.00,50.00,1,0.010000,0,0
2604,3,128.00,93.00,1,0.010000,0,0
2605,1,50.00,4.00,1,0.010000,0,0
2606,2,100.00,100.00,1,0.010000,0,0
2607,0,0.00,0.00,1,0.010000,0,0
2608,2,100.00,100.00,1,0.010000,0,0
2609,1,50.00,4.00,1,0.010000,0,0
2610,2,100.00,54.00,1,0.010000,0,0
2611,1,50.00,4.00,1,0.010000,0,0
2612,3,128.00,93.00,1,0.010000,0,0
2613,2,49.00,39.00,1,0.010000,1,0
2614,3,128.00,93.00,1,0.010000,0,0
2615,1,50.00,4.00,1,0.010000,0,0
2616,2,100.00,100.00,1,0.010000,0,0
2617,0,0.00,0.00,1,0.010000,0,0
2618,2,100.00,100.00,1,0.010000,0,0
2619,1,50.00,4.00,1,0.010000,0,0
2620,2,100.00,54.00,1,0.010000,0,0
2621,1,50.00,4.00,1,0.010000,0,0
2622,3,128.00,93.00,1,0.010000,0,0
2623,0,0.00,0.00,1,0.010000,0,0
2624,3,128.00,93.00,1,0.010000,0,0
2625,1,50.00,4.00,1,0.010000,0,0
2626,2,100.00,100.00,1,0.010000,0,0
2627,0,0.00,0.00,1,0.010000,0,0
2628,2,100.00,100.00,1,0.010000,0,0
2629,1,50.00,4.00,1,0.010000,0,0
2630,2,100.00,54.00,1,0.010000,0,0
2631,1,50.00,4.00,1,0.010000,0,0
2632,2,100.00,100.00,1,0.010000,0,0
2633,1,50.00,50.00,1,0.010000,0,0
2634,3,128.00,93.00,1,0.010000,0,0
2635,1,50.00,4.00,1,0.010000,0,0
2636,2,100.00,100.00,1,0.010000,0,0
2637,2,100.00,54.00,1,0.010000,0,0
2638,2,100.00,100.00,1,0.010000,0,0
2639,1,50.00,4.00,1,0.010000,0,0
2640,2,100.00,54.00,1,0.010000,0,0
2641,1,50.00,4.00,1,0.010000,0,0
2642,0,0.00,0.00,1,0.010000,0,0
2643,0,0.00,0.00,1,0.010000,0,0
2644,3,128.00,93.00,1,0.010000,0,0
2645,1,50.00,4.00,1,0.010000,0,0
2646,2,100.00,100.00,1,0.010000,0,0
2647,1,50.00,4.00,1,0.010000,0,0
2648,2,100.00,100.00,1,0.010000,0,0
2649,1,50.00,4.00,1,0.010000,0,0
2650,2,100.00,54.00,1,0.010000,0,0
2651,1,50.00,4.00,1,0.010000,0,0
2652,5,48.00,-3.00,1,0.010000,2,1
2653,0,0.00,0.00,1,0.010000,0,0
2654,3,128.00,93.00,1,0.010000,0,0
2655,1,50.00,4.00,1,0.010000,0,0
2656,2,100.00,100.00,1,0.010000,0,0
2657,20,-20.00,80.00,0,0.010000,0,20
2658,2,100.00,100.00,1,0.010000,0,0
2659,1,50.00,4.00,1,0.010000,0,0
2660,2,100.00,54.00,1,0.010000,0,0
2661,1,50.00,4.00,1,0.010000,0,0
2662,1,50.00,50.00,1,0.010000,0,0
2663,4,37.00,62.00,1,0.010000,1,0
2664,3,128.00,93.00,1,0.010000,0,0
2665,1,50.00,4.00,1,0.010000,0,0
2666,2,100.00,100.00,1,0.010000,0,0
2667,4,37.00,12.00,1,0.010000,2,0
2668,2,100.00,100.00,1,0.010000,0,0
2669,1,50.00,4.00,1,0.010000,0,0
2670,2,100.00,54.00,1,0.010000,0,0
2671,1,50.00,4.00,1,0.010000,0,0
2672,0,0.00,0.00,1,0.010000,0,0
2673,2,100.00,100.00,1,0.010000,0,0
2674,3,128.00,93.00,1,0.010000,0,0
2675,1,50.00,4.00,1,0.010000,0,0
2676,2,100.00,100.00,1,0.010000,0,0
2677,1,50.00,50.00,1,0.010000,0,0
2678,2,100.00,100.00,1,0.010000,0,0
2679,1,50.00,4.00,1,0.010000,0,0
2680,2,100.00,54.00,1,0.010000,0,0
2681,1,50.00,4.00,1,0.010000,0,0
2682,2,100.00,100.00,1,0.010000,0,0
2683,0,0.00,0.00,1,0.010000,0,0
2684,3,128.00,93.00,1,0.010000,0,0
2685,1,50.00,4.00,1,0.010000,0,0
2686,2,100.00,100.00,1,0.010000,0,0
2687,1,50.00,4.00,1,0.010000,0,0
2688,2,100.00,100.00,1,0.010000,0,0
2689,1,50.00,4.00,1,0.010000,0,0
2690,2,100.00,54.00,1,0.010000,0,0
2691,1,50.00,4.00,1,0.010000,0,0
2692,0,0.00,0.00,1,0.010000,0,0
2693,1,50.00,50.00,1,0.010000,0,0
2694,3,128.00,93.00,1,0.010000,0,0
2695,1,50.00,4.00,1,0.010000,0,0
2696,2,100.00,100.00,1,0.010000,0,0
2697,1,50.00,4.00,1,0.010000,0,0
2698,2,100.00,100.00,1,0.010000,0,0
2699,1,50.00,4.00,1,0.010000,0,0
2700,2,100.00,54.00,1,0.010000,0,0
2701,1,50.00,4.00,1,0.010000,0,0
2702,0,0.00,0.00,1,0.010000,0,0
2703,1,50.00,50.00,1,0.010000,0,0
2704,3,128.00,93.00,1,0.010000,0,0
2705,1,50.00,4.00,1,0.010000,0,0
2706,2,100.00,100.00,1,0.010000,0,0
2707,0,0.00,0.00,1,0.010000,0,0
2708,2,100.00,100.00,1,0.010000,0,0
2709,1,50.00,4.00,1,0.010000,0,0
2710,2,100.00,54.00,1,0.010000,0,0
2711,1,50.00,4.00,1,0.010000,0,0
2712,0,0.00,0.00,1,0.010000,0,0
2713,2,100.00,54.00,1,0.010000,0,0
2714,3,128.00,93.00,1,0.010000,0,0
2715,1,50.00,4.00,1,0.010000,0,0
2716,2,100.00,100.00,1,0.010000,0,0
2717,1,50.00,50.00,1,0.010000,0,0
2718,2,100.00,100.00,1,0.010000,0,0
2719,1,50.00,4.00,1,0.010000,0,0
2720,2,100.00,54.00,1,0.010000,0,0
2721,1,50.00,4.00,1,0.010000,0,0
2722,3,88.00,78.00,1,0.010000,1,0
2723,1,50.00,4.00,1,0.010000,0,0
2724,3,128.00,93.00,1,0.010000,0,0
2725,1,50.00,4.00,1,0.010000,0,0
2726,2,100.00,100.00,1,0.010000,0,0
2727,0,0.00,0.00,1,0.010000,0,0
2728,2,100.00,100.00,1,0.010000,0,0
2729,1,50.00,4.00,1,0.010000,0,0
2730,2,100.00,54.00,1,0.010000,0,0
2731,1,50.00,4.00,1,0.010000,0,0
2732,1,50.00,4.00,1,0.010000,0,0
2733,3,50.00,4.00,1,0.010000,1,0
2734,3,128.00,93.00,1,0.010000,0,0
2735,1,50.00,4.00,1,0.010000,0,0
2736,2,100.00,100.00,1,0.010000,0,0
2737,0,0.00,0.00,1,0.010000,0,0
2738,2,100.00,100.00,1,0.010000,0,0
2739,1,50.00,4.00,1,0.010000,0,0
2740,2,100.00,54.00,1,0.010000,0,0
2741,1,50.00,4.00,1,0.010000,0,0
2742,20,-20.00,80.00,0,0.010000,0,20
2743,1,50.00,4.00,1,0.010000,0,0
2744,3,128.00,93.00,1,0.010000,0,0
2745,1,50.00,4.00,1,0.010000,0,0
2746,2,100.00,100.00,1,0.010000,0,0
2747,0,0.00,0.00,1,0.010000,0,0
2748,2,100.00,100.00,1,0.010000,0,0
2749,1,50.00,4.00,1,0.010000,0,0
2750,2,100.00,54.00,1,0.010000,0,0
2751,1,50.00,4.00,1,0.010000,0,0
2752,0,0.00,0.00,1,0.010000,0,0
2753,2,100.00,100.00,1,0.010000,0,0
2754,3,128.00,93.00,1,0.010000,0,0
2755,1,50.00,4.00,1,0.010000,0,0
2756,2,100.00,100.00,1,0.010000,0,0
2757,1,50.00,4.00,1,0.010000,0,0
2758,2,100.00,100.00,1,0.010000,0,0
2759,1,50.00,4.00,1,0.010000,0,0
2760,2,100.00,54.00,1,0.010000,0,0
2761,1,50.00,4.00,1,0.010000,0,0
2762,2,100.00,100.00,1,0.010000,0,0
2763,0,0.00,0.00,1,0.010000,0,0
2764,3,128.00,93.00,1,0.010000,0,0
2765,1,50.00,4.00,1,0.010000,0,0
2766,2,100.00,100.00,1,0.010000,0,0
2767,3,48.00,13.00,1,0.010000,1,0
2768,2,100.00,100.00,1,0.010000,0,0
2769,1,50.00,4.00,1,0.010000,0,0
2770,2,100.00,54.00,1,0.010000,0,0
2771,1,50.00,4.00,1,0.010000,0,0
2772,0,0.00,0.00,1,0.010000,0,0
2773,3,89.00,89.00,1,0.010000,1,1
2774,3,128.00,93.00,1,0.010000,0,0
2775,1,50.00,4.00,1,0.010000,0,0
2776,2,100.00,100.00,1,0.010000,0,0
2777,0,0.00,0.00,1,0.010000,0,0
2778,2,100.00,100.00,1,0.010000,0,0
2779,1,50.00,4.00,1,0.010000,0,0
2780,2,100.00,54.00,1,0.010000,0,0
2781,1,50.00,4.00,1,0.010000,0,0
2782,1,50.00,50.00,1,0.010000,0,0
2783,1,50.00,4.00,1,0.010000,0,0
2784,3,128.00,93.00,1,0.010000,0,0
2785,1,50.00,4.00,1,0.010000,0,0
2786,2,100.00,100.00,1,0.010000,0,0
2787,0,0.00,0.00,1,0.010000,0,0
2788,2,100.00,100.00,1,0.010000,0,0
2789,1,50.00,4.00,1,0.010000,0,0
2790,2,100.00,54.00,1,0.010000,0,0
2791,1,50.00,4.00,1,0.010000,0,0
2792,0,0.00,0.00,1,0.010000,0,0
2793,0,0.00,0.00,1,0.010000,0,0
2794,3,128.00,93.00,1,0.010000,0,0
2795,1,50.00,4.00,1,0.010000,0,0
2796,2,100.00,100.00,1,0.010000,0,0
2797,0,0.00,0.00,1,0.010000,0,0
2798,2,100.00,100.00,1,0.010000,0,0
2799,1,50.00,4.00,1,0.010000,0,0
2800,2,100.00,54.00,1,0.010000,0,0
2801,1,50.00,4.00,1,0.010000,0,0
2802,0,0.00,0.00,1,0.010000,0,0
2803,0,0.00,0.00,1,0.010000,0,0
2804,3,128.00,93.00,1,0.010000,0,0
2805,1,50.00,4.00,1,0.010000,0,0
2806,2,100.00,100.00,1,0.010000,0,0
2807,0,0.00,0.00,1,0.010000,0,0
2808,2,100.00,100.00,1,0.010000,0,0
2809,1,50.00,4.00,1,0.010000,0,0
2810,2,100.00,54.00,1,0.010000,0,0
2811,1,50.00,4.00,1,0.010000,0,0
2812,20,-20.00,80.00,0,0.010000,0,20
2813,3,88.00,58.00,1,0.010000,0,0
2814,3,128.00,93.00,1,0.010000,0,0
2815,1,50.00,4.00,1,0.010000,0,0
2816,2,100.00,100.00,1,0.010000,0,0
2817,0,0.00,0.00,1,0.010000,0,0
2818,2,100.00,100.00,1,0.010000,0,0
2819,1,50.00,4.00,1,0.010000,0,0
2820,2,100.00,54.00,1,0.010000,0,0
2821,1,50.00,4.00,1,0.010000,0,0
2822,3,50.00,4.00,1,0.010000,1,0
2823,0,0.00,0.00,1,0.010000,0,0
2824,3,128.00,93.00,1,0.010000,0,0
2825,1,50.00,4.00,1,0.010000,0,0
2826,2,100.00,100.00,1,0.010000,0,0
2827,3,99.00,58.00,1,0.010000,0,0
2828,2,100.00,100.00,1,0.010000,0,0
2829,1,50.00,4.00,1,0.010000,0,0
2830,2,100.00,54.00,1,0.010000,0,0
2831,1,50.00,4.00,1,0.010000,0,0
2832,1,50.00,4.00,1,0.010000,0,0
2833,0,0.00,0.00,1,0.010000,0,0
2834,3,128.00,93.00,1,0.010000,0,0
2835,1,50.00,4.00,1,0.010000,0,0
2836,2,100.00,100.00,1,0.010000,0,0
2837,3,88.00,58.00,1,0.010000,0,0
2838,2,100.00,100.00,1,0.010000,0,0
2839,1,50.00,4.00,1,0.010000,0,0
2840,2,100.00,54.00,1,0.010000,0,0
2841,1,50.00,4.00,1,0.010000,0,0
2842,4,49.00,-7.00,1,0.010000,2,0
2843,0,0.00,0.00,1,0.010000,0,0
2844,3,128.00,93.00,1,0.010000,0,0
2845,1,50.00,4.00,1,0.010000,0,0
2846,2,100.00,100.00,1,0.010000,0,0
2847,0,0.00,0.00,1,0.010000,0,0
2848,2,100.00,100.00,1,0.010000,0,0
2849,1,50.00,4.00,1,0.010000,0,0
2850,2,100.00,54.00,1,0.010000,0,0
2851,1,50.00,4.00,1,0.010000,0,0
2852,1,50.00,4.00,1,0.010000,0,0
2853,2,49.00,8.00,1,0.010000,0,0
2854,3,128.00,93.00,1,0.010000,0,0
2855,1,50.00,4.00,1,0.010000,0,0
2856,2,100.00,100.00,1,0.010000,0,0
2857,0,0.00,0.00,1,0.010000,0,0
2858,2,100.00,100.00,1,0.010000,0,0
2859,1,50.00,4.00,1,0.010000,0,0
2860,2,100.00,54.00,1,0.010000,0,0
2861,1,50.00,4.00,1,0.010000,0,0
2862,0,0.00,0.00,1,0.010000,0,0
2863,0,0.00,0.00,1,0.010000,0,0
2864,3,128.00,93.00,1,0.010000,0,0
2865,1,50.00,4.00,1,0.010000,0,0
2866,2,100.00,100.00,1,0.010000,0,0
2867,0,0.00,0.00,1,0.010000,0,0
2868,2,100.00,100.00,1,0.010000,0,0
2869,1,50.00,4.00,1,0.010000,0,0
2870,2,100.00,54.00,1,0.010000,0,0
2871,1,50.00,4.00,1,0.010000,0,0
2872,1,50.00,4.00,1,0.010000,0,0
2873,1,50.00,4.00,1,0.010000,0,0
2874,3,128.00,93.00,1,0.010000,0,0
2875,1,50.00,4.00,1,0.010000,0,0
2876,2,100.00,100.00,1,0.010000,0,0
2877,0,0.00,0.00,1,0.010000,0,0
2878,2,100.00,100.00,1,0.010000,0,0
2879,1,50.00,4.00,1,0.010000,0,0
2880,2,100.00,54.00,1,0.010000,0,0
2881,1,50.00,4.00,1,0.010000,0,0
2882,1,50.00,50.00,1,0.010000,0,0
2883,0,0.00,0.00,1,0.010000,0,0
2884,3,128.00,93.00,1,0.010000,0,0
2885,1,50.00,4.00,1,0.010000,0,0
2886,2,100.00,100.00,1,0.010000,0,0
2887,0,0.00,0.00,1,0.010000,0,0
2888,2,100.00,100.00,1,0.010000,0,0
2889,1,50.00,4.00,1,0.010000,0,0
2890,2,100.00,54.00,1,0.010000,0,0
2891,1,50.00,4.00,1,0.010000,0,0
2892,2,100.00,100.00,1,0.010000,0,0
2893,0,0.00,0.00,1,0.010000,0,0
2894,3,128.00,93.00,1,0.010000,0,0
2895,1,50.00,4.00,1,0.010000,0,0
2896,2,100.00,100.00,1,0.010000,0,0
2897,2,100.00,100.00,1,0.010000,0,0
2898,2,100.00,100.00,1,0.010000,0,0
2899,1,50.00,4.00,1,0.010000,0,0
2900,2,100.00,54.00,1,0.010000,0,0
2901,1,50.00,4.00,1,0.010000,0,0
2902,0,0.00,0.00,1,0.010000,0,0
2903,1,50.00,50.00,1,0.010000,0,0
2904,3,128.00,93.00,1,0.010000,0,0
2905,1,50.00,4.00,1,0.010000,0,0
2906,2,100.00,100.00,1,0.010000,0,0
2907,0,0.00,0.00,1,0.010000,0,0
2908,2,100.00,100.00,1,0.010000,0,0
2909,1,50.00,4.00,1,0.010000,0,0
2910,2,100.00,54.00,1,0.010000,0,0
2911,1,50.00,4.00,1,0.010000,0,0
2912,2,100.00,100.00,1,0.010000,0,0
2913,1,50.00,4.00,1,0.010000,0,0
2914,3,128.00,93.00,1,0.010000,0,0
2915,1,50.00,4.00,1,0.010000,0,0
2916,2,100.00,100.00,1,0.010000,0,0
2917,0,0.00,0.00,1,0.010000,0,0
2918,2,100.00,100.00,1,0.010000,0,0
2919,1,50.00,4.00,1,0.010000,0,0
2920,2,100.00,54.00,1,0.010000,0,0
2921,1,50.00,4.00,1,0.010000,0,0
2922,2,49.00,8.00,1,0.010000,0,0
2923,1,50.00,4.00,1,0.010000,0,0
2924,3,128.00,93.00,1,0.010000,0,0
2925,1,50.00,4.00,1,0.010000,0,0
2926,2,100.00,100.00,1,0.010000,0,0
2927,3,88.00,78.00,1,0.010000,1,0
2928,2,100.00,100.00,1,0.010000,0,0
2929,1,50.00,4.00,1,0.010000,0,0
2930,2,100.00,54.00,1,0.010000,0,0
2931,1,50.00,4.00,1,0.010000,0,0
2932,2,100.00,100.00,1,0.010000,0,0
2933,0,0.00,0.00,1,0.010000,0,0
2934,3,128.00,93.00,1,0.010000,0,0
2935,1,50.00,4.00,1,0.010000,0,0
2936,2,100.00,100.00,1,0.010000,0,0
2937,0,0.00,0.00,1,0.010000,0,0
2938,2,100.00,100.00,1,0.010000,0,0
2939,1,50.00,4.00,1,0.010000,0,0
2940,2,100.00,54.00,1,0.010000,0,0
2941,1,50.00,4.00,1,0.010000,0,0
2942,1,50.00,50.00,1,0.010000,0,0
2943,1,50.00,50.00,1,0.010000,0,0
2944,3,128.00,93.00,1,0.010000,0,0
2945,1,50.00,4.00,1,0.010000,0,0
2946,2,100.00,100.00,1,0.010000,0,0
2947,3,78.00,88.00,1,0.010000,1,0
2948,2,100.00,100.00,1,0.010000,0,0
2949,1,50.00,4.00,1,0.010000,0,0
2950,2,100.00,54.00,1,0.010000,0,0
2951,1,50.00,4.00,1,0.010000,0,0
2952,0,0.00,0.00,1,0.010000,0,0
2953,1,50.00,4.00,1,0.010000,0,0
2954,3,128.00,93.00,1,0.010000,0,0
2955,1,50.00,4.00,1,0.010000,0,0
2956,2,100.00,100.00,1,0.010000,0,0
2957,0,0.00,0.00,1,0.010000,0,0
2958,2,100.00,100.00,1,0.010000,0,0
2959,1,50.00,4.00,1,0.010000,0,0
2960,2,100.00,54.00,1,0.010000,0,0
2961,1,50.00,4.00,1,0.010000,0,0
2962,0,0.00,0.00,1,0.010000,0,0
2963,0,0.00,0.00,1,0.010000,0,0
2964,3,128.00,93.00,1,0.010000,0,0
2965,1,50.00,4.00,1,0.010000,0,0
2966,2,100.00,100.00,1,0.010000,0,0
2967,1,50.00,50.00,1,0.010000,0,0
2968,2,100.00,100.00,1,0.010000,0,0
2969,1,50.00,4.00,1,0.010000,0,0
2970,2,100.00,54.00,1,0.010000,0,0
2971,1,50.00,4.00,1,0.010000,0,0
2972,0,0.00,0.00,1,0.010000,0,0
2973,0,0.00,0.00,1,0.010000,0,0
2974,3,128.00,93.00,1,0.010000,0,0
2975,1,50.00,4.00,1,0.010000,0,0
2976,2,100.00,100.00,1,0.010000,0,0
2977,1,50.00,4.00,1,0.010000,0,0
2978,2,100.00,100.00,1,0.010000,0,0
2979,1,50.00,4.00,1,0.010000,0,0
2980,2,100.00,54.00,1,0.010000,0,0
2981,1,50.00,4.00,1,0.010000,0,0
2982,0,0.00,0.00,1,0.010000,0,0
2983,3,88.00,78.00,1,0.010000,1,0
2984,3,128.00,93.00,1,0.010000,0,0
2985,1,50.00,4.00,1,0.010000,0,0
2986,2,100.00,100.00,1,0.010000,0,0
2987,0,0.00,0.00,1,0.010000,0,0
2988,2,100.00,100.00,1,0.010000,0,0
2989,1,50.00,4.00,1,0.010000,0,0
2990,2,100.00,54.00,1,0.010000,0,0
2991,1,50.00,4.00,1,0.010000,0,0
2992,0,0.00,0.00,1,0.010000,0,0
2993,0,0.00,0.00,1,0.010000,0,0
2994,3,128.00,93.00,1,0.010000,0,0
2995,1,50.00,4.00,1,0.010000,0,0
2996,2,100.00,100.00,1,0.010000,0,0
2997,2,49.00,8.00,1,0.010000,0,0
2998,2,100.00,100.00,1,0.010000,0,0
2999,1,50.00,4.00,1,0.010000,0,0
3000,2,100.00,54.00,1,0.010000,0,0
3001,1,50.00,4.00,1,0.010000,0,0
3002,0,0.00,0.00,1,0.010000,0,0
3003,4,37.00,62.00,1,0.010000,1,0
3004,3,128.00,93.00,1,0.010000,0,0
3005,1,50.00,4.00,1,0.010000,0,0
3006,2,100.00,100.00,1,0.010000,0,0
3007,0,0.00,0.00,1,0.010000,0,0
3008,2,100.00,100.00,1,0.010000,0,0
3009,1,50.00,4.00,1,0.010000,0,0
3010,2,100.00,54.00,1,0.010000,0,0
3011,1,50.00,4.00,1,0.010000,0,0
3012,0,0.00,0.00,1,0.010000,0,0
3013,0,0.00,0.00,1,0.010000,0,0
3014,3,128.00,93.00,1,0.010000,0,0
3015,1,50.00,4.00,1,0.010000,0,0
3016,2,100.00,100.00,1,0.010000,0,0
3017,0,0.00,0.00,1,0.010000,0,0
3018,2,100.00,100.00,1,0.010000,0,0
3019,1,50.00,4.00,1,0.010000,0,0
3020,2,100.00,54.00,1,0.010000,0,0
3021,1,50.00,4.00,1,0.010000,0,0
3022,0,0.00,0.00,1,0.010000,0,0
3023,0,0.00,0.00,1,0.010000,0,0
3024,3,128.00,93.00,1,0.010000,0,0
3025,1,50.00,4.00,1,0.010000,0,0
3026,2,100.00,100.00,1,0.010000,0,0
3027,0,0.00,0.00,1,0.010000,0,0
3028,2,100.00,100.00,1,0.010000,0,0
3029,1,50.00,4.00,1,0.010000,0,0
3030,2,100.00,54.00,1,0.010000,0,0
3031,1,50.00,4.00,1,0.010000,0,0
3032,3,38.00,12.00,1,0.010000,1,0
3033,0,0.00,0.00,1,0.010000,0,0
3034,3,128.00,93.00,1,0.010000,0,0
3035,1,50.00,4.00,1,0.010000,0,0
3036,2,100.00,100.00,1,0.010000,0,0
3037,0,0.00,0.00,1,0.010000,0,0
3038,2,100.00,100.00,1,0.010000,0,0
3039,1,50.00,4.00,1,0.010000,0,0
3040,2,100.00,54.00,1,0.010000,0,0
3041,1,50.00,4.00,1,0.010000,0,0
3042,1,50.00,4.00,1,0.010000,0,0
3043,3,88.00,78.00,1,0.010000,1,0
3044,3,128.00,93.00,1,0.010000,0,0
3045,1,50.00,4.00,1,0.010000,0,0
3046,2,100.00,100.00,1,0.010000,0,0
3047,1,50.00,50.00,1,0.010000,0,0
3048,2,100.00,100.00,1,0.010000,0,0
3049,1,50.00,4.00,1,0.010000,0,0
3050,2,100.00,54.00,1,0.010000,0,0
3051,1,50.00,4.00,1,0.010000,0,0
3052,1,50.00,50.00,1,0.010000,0,0
3053,4,37.00,62.00,1,0.010000,1,0
3054,3,128.00,93.00,1,0.010000,0,0
3055,1,50.00,4.00,1,0.010000,0,0
3056,2,100.00,100.00,1,0.010000,0,0
3057,0,0.00,0.00,1,0.010000,0,0
3058,2,100.00,100.00,1,0.010000,0,0
3059,1,50.00,4.00,1,0.010000,0,0
3060,2,100.00,54.00,1,0.010000,0,0
3061,1,50.00,4.00,1,0.010000,0,0
3062,2,89.00,54.00,1,0.010000,0,0
3063,0,0.00,0.00,1,0.010000,0,0
3064,3,128.00,93.00,1,0.010000,0,0
3065,1,50.00,4.00,1,0.010000,0,0
3066,2,100.00,100.00,1,0.010000,0,0
3067,2,100.00,100.00,1,0.010000,0,0
3068,2,100.00,100.00,1,0.010000,0,0
3069,1,50.00,4.00,1,0.010000,0,0
3070,2,100.00,54.00,1,0.010000,0,0
3071,1,50.00,4.00,1,0.010000,0,0
3072,0,0.00,0.00,1,0.010000,0,0
3073,0,0.00,0.00,1,0.010000,0,0
3074,3,128.00,93.00,1,0.010000,0,0
3075,1,50.00,4.00,1,0.010000,0,0
3076,2,100.00,100.00,1,0.010000,0,0
3077,1,50.00,50.00,1,0.010000,0,0
3078,2,100.00,100.00,1,0.010000,0,0
3079,1,50.00,4.00,1,0.010000,0,0
3080,2,100.00,54.00,1,0.010000,0,0
3081,1,50.00,4.00,1,0.010000,0,0
3082,2,49.00,8.00,1,0.010000,0,0
3083,0,0.00,0.00,1,0.010000,0,0
3084,3,128.00,93.00,1,0.010000,0,0
3085,1,50.00,4.00,1,0.010000,0,0
3086,2,100.00,100.00,1,0.010000,0,0
3087,2,49.00,8.00,1,0.010000,0,0
3088,2,100.00,100.00,1,0.010000,0,0
3089,1,50.00,4.00,1,0.010000,0,0
3090,2,100.00,54.00,1,0.010000,0,0
3091,1,50.00,4.00,1,0.010000,0,0
3092,2,100.00,100.00,1,0.010000,0,0
3093,3,128.00,93.00,1,0.010000,0,0
3094,3,128.00,93.00,1,0.010000,0,0
3095,1,50.00,4.00,1,0.010000,0,0
3096,2,100.00,100.00,1,0.010000,0,0
3097,2,100.00,100.00,1,0.010000,0,0
3098,2,100.00,100.00,1,0.010000,0,0
3099,1,50.00,4.00,1,0.010000,0,0
3100,2,100.00,54.00,1,0.010000,0,0
3101,1,50.00,4.00,1,0.010000,0,0
3102,0,0.00,0.00,1,0.010000,0,0
3103,2,100.00,54.00,1,0.010000,0,0
3104,3,128.00,93.00,1,0.010000,0,0
3105,1,50.00,4.00,1,0.010000,0,0
3106,2,100.00,100.00,1,0.010000,0,0
3107,2,100.00,100.00,1,0.010000,0,0
3108,2,100.00,100.00,1,0.010000,0,0
3109,1,50.00,4.00,1,0.010000,0,0
3110,2,100.00,54.00,1,0.010000,0,0
3111,1,50.00,4.00,1,0.010000,0,0
3112,0,0.00,0.00,1,0.010000,0,0
3113,0,0.00,0.00,1,0.010000,0,0
3114,3,128.00,93.00,1,0.010000,0,0
3115,1,50.00,4.00,1,0.010000,0,0
3116,2,100.00,100.00,1,0.010000,0,0
3117,20,-20.00,80.00,0,0.010000,0,20
3118,2,100.00,100.00,1,0.010000,0,0
3119,1,50.00,4.00,1,0.010000,0,0
3120,2,100.00,54.00,1,0.010000,0,0
3121,1,50.00,4.00,1,0.010000,0,0
3122,2,100.00,100.00,1,0.010000,0,0
3123,0,0.00,0.00,1,0.010000,0,0
3124,3,128.00,93.00,1,0.010000,0,0
3125,1,50.00,4.00,1,0.010000,0,0
3126,2,100.00,100.00,1,0.010000,0,0
3127,0,0.00,0.00,1,0.010000,0,0
3128,2,100.00,100.00,1,0.010000,0,0
3129,1,50.00,4.00,1,0.010000,0,0
3130,2,100.00,54.00,1,0.010000,0,0
3131,1,50.00,4.00,1,0.010000,0,0
3132,0,0.00,0.00,1,0.010000,0,0
3133,0,0.00,0.00,1,0.010000,0,0
3134,3,128.00,93.00,1,0.010000,0,0
3135,1,50.00,4.00,1,0.010000,0,0
3136,2,100.00,100.00,1,0.010000,0,0
3137,0,0.00,0.00,1,0.010000,0,0
3138,2,100.00,100.00,1,0.010000,0,0
3139,1,50.00,4.00,1,0.010000,0,0
3140,2,100.00,54.00,1,0.010000,0,0
3141,1,50.00,4.00,1,0.010000,0,0
3142,0,0.00,0.00,1,0.010000,0,0
3143,2,39.00,49.00,1,0.010000,1,0
3144,3,128.00,93.00,1,0.010000,0,0
3145,1,50.00,4.00,1,0.010000,0,0
3146,2,100.00,100.00,1,0.010000,0,0
3147,2,100.00,100.00,1,0.010000,0,0
3148,2,100.00,100.00,1,0.010000,0,0
3149,1,50.00,4.00,1,0.010000,0,0
3150,2,100.00,54.00,1,0.010000,0,0
3151,1,50.00,4.00,1,0.010000,0,0
3152,0,0.00,0.00,1,0.010000,0,0
3153,0,0.00,0.00,1,0.010000,0,0
3154,3,128.00,93.00,1,0.010000,0,0
3155,1,50.00,4.00,1,0.010000,0,0
3156,2,100.00,100.00,1,0.010000,0,0
3157,1,50.00,50.00,1,0.010000,0,0
3158,2,100.00,100.00,1,0.010000,0,0
3159,1,50.00,4.00,1,0.010000,0,0
3160,2,100.00,54.00,1,0.010000,0,0
3161,1,50.00,4.00,1,0.010000,0,0
3162,0,0.00,0.00,1,0.010000,0,0
3163,0,0.00,0.00,1,0.010000,0,0
3164,3,128.00,93.00,1,0.010000,0,0
3165,1,50.00,4.00,1,0.010000,0,0
3166,2,100.00,100.00,1,0.010000,0,0
3167,1,50.00,4.00,1,0.010000,0,0
3168,2,100.00,100.00,1,0.010000,0,0
3169,1,50.00,4.00,1,0.010000,0,0
3170,3,89.00,53.00,1,0.010000,1,1
3171,1,50.00,4.00,1,0.010000,0,0
3172,1,50.00,4.00,1,0.010000,0,0
3173,1,50.00,4.00,1,0.010000,0,0
3174,4,122.00,87.00,1,0.010000,0,1
3175,1,50.00,4.00,1,0.010000,0,0
3176,2,100.00,100.00,1,0.010000,0,0
3177,1,50.00,4.00,1,0.010000,0,0
3178,2,100.00,100.00,1,0.010000,0,0
3179,1,50.00,4.00,1,0.010000,0,0
3180,2,100.00,54.00,1,0.010000,0,0
3181,1,50.00,4.00,1,0.010000,0,0
3182,0,0.00,0.00,1,0.010000,0,0
3183,3,128.00,93.00,1,0.010000,0,0
3184,3,128.00,93.00,1,0.010000,0,0
3185,1,50.00,4.00,1,0.010000,0,0
3186,2,100.00,100.00,1,0.010000,0,0
3187,3,88.00,58.00,1,0.010000,0,0
3188,2,100.00,100.00,1,0.010000,0,0
3189,1,50.00,4.00,1,0.010000,0,0
3190,2,100.00,54.00,1,0.010000,0,0
3191,1,50.00,4.00,1,0.010000,0,0
3192,0,0.00,0.00,1,0.010000,0,0
3193,2,100.00,100.00,1,0.010000,0,0
3194,3,128.00,93.00,1,0.010000,0,0
3195,1,50.00,4.00,1,0.010000,0,0
3196,2,100.00,100.00,1,0.010000,0,0
3197,4,37.00,62.00,1,0.010000,1,0
3198,2,100.00,100.00,1,0.010000,0,0
3199,1,50.00,4.00,1,0.010000,0,0
3200,2,100.00,54.00,1,0.010000,0,0
3201,1,50.00,4.00,1,0.010000,0,0
3202,0,0.00,0.00,1,0.010000,0,0
3203,0,0.00,0.00,1,0.010000,0,0
3204,3,128.00,93.00,1,0.010000,0,0
3205,1,50.00,4.00,1,0.010000,0,0
3206,2,100.00,100.00,1,0.010000,0,0
3207,2,89.00,54.00,1,0.010000,0,0
3208,2,100.00,100.00,1,0.010000,0,0
3209,1,50.00,4.00,1,0.010000,0,0
3210,2,100.00,54.00,1,0.010000,0,0
3211,1,50.00,4.00,1,0.010000,0,0
3212,1,50.00,50.00,1,0.010000,0,0
3213,2,100.00,100.00,1,0.010000,0,0
3214,3,128.00,93.00,1,0.010000,0,0
3215,1,50.00,4.00,1,0.010000,0,0
3216,2,100.00,100.00,1,0.010000,0,0
3217,3,48.00,13.00,1,0.010000,1,0
3218,2,100.00,100.00,1,0.010000,0,0
3219,1,50.00,4.00,1,0.010000,0,0
3220,2,100.00,54.00,1,0.010000,0,0
3221,1,50.00,4.00,1,0.010000,0,0
3222,1,50.00,4.00,1,0.010000,0,0
3223,3,128.00,93.00,1,0.010000,0,0
3224,3,128.00,93.00,1,0.010000,0,0
3225,1,50.00,4.00,1,0.010000,0,0
3226,2,100.00,100.00,1,0.010000,0,0
3227,0,0.00,0.00,1,0.010000,0,0
3228,2,100.00,100.00,1,0.010000,0,0
3229,1,50.00,4.00,1,0.010000,0,0
3230,2,100.00,54.00,1,0.010000,0,0
3231,1,50.00,4.00,1,0.010000,0,0
3232,0,0.00,0.00,1,0.010000,0,0
3233,0,0.00,0.00,1,0.010000,0,0
3234,3,128.00,93.00,1,0.010000,0,0
3235,1,50.00,4.00,1,0.010000,0,0
3236,2,100.00,100.00,1,0.010000,0,0
3237,1,50.00,50.00,1,0.010000,0,0
3238,2,100.00,100.00,1,0.010000,0,0
3239,1,50.00,4.00,1,0.010000,0,0
3240,2,100.00,54.00,1,0.010000,0,0
3241,1,50.00,4.00,1,0.010000,0,0
3242,1,50.00,4.00,1,0.010000,0,0
3243,0,0.00,0.00,1,0.010000,0,0
3244,3,128.00,93.00,1,0.010000,0,0
3245,1,50.00,4.00,1,0.010000,0,0
3246,2,100.00,100.00,1,0.010000,0,0
3247,0,0.00,0.00,1,0.010000,0,0
3248,2,100.00,100.00,1,0.010000,0,0
3249,1,50.00,4.00,1,0.010000,0,0
3250,2,100.00,54.00,1,0.010000,0,0
3251,1,50.00,4.00,1,0.010000,0,0
3252,2,100.00,100.00,1,0.010000,0,0
3253,0,0.00,0.00,1,0.010000,0,0
3254,3,128.00,93.00,1,0.010000,0,0
3255,1,50.00,4.00,1,0.010000,0,0
3256,2,100.00,100.00,1,0.010000,0,0
3257,0,0.00,0.00,1,0.010000,0,0
3258,2,100.00,100.00,1,0.010000,0,0
3259,1,50.00,4.00,1,0.010000,0,0
3260,2,100.00,54.00,1,0.010000,0,0
3261,1,50.00,4.00,1,0.010000,0,0
3262,1,50.00,50.00,1,0.010000,0,0
3263,2,100.00,100.00,1,0.010000,0,0
3264,3,128.00,93.00,1,0.010000,0,0
3265,1,50.00,4.00,1,0.010000,0,0
3266,2,100.00,100.00,1,0.010000,0,0
3267,4,78.00,43.00,1,0.010000,1,0
3268,2,100.00,100.00,1,0.010000,0,0
3269,1,50.00,4.00,1,0.010000,0,0
3270,2,100.00,54.00,1,0.010000,0,0
3271,1,50.00,4.00,1,0.010000,0,0
3272,4,37.00,62.00,1,0.010000,1,0
3273,0,0.00,0.00,1,0.010000,0,0
3274,3,128.00,93.00,1,0.010000,0,0
3275,1,50.00,4.00,1,0.010000,0,0
3276,4,117.00,127.00,1,0.010000,1,0
3277,0,0.00,0.00,1,0.010000,0,0
3278,2,100.00,100.00,1,0.010000,0,0
3279,1,50.00,4.00,1,0.010000,0,0
3280,2,100.00,54.00,1,0.010000,0,0
3281,1,50.00,4.00,1,0.010000,0,0
3282,1,50.00,4.00,1,0.010000,0,0
3283,0,0.00,0.00,1,0.010000,0,0
3284,3,128.00,93.00,1,0.010000,0,0
3285,1,50.00,4.00,1,0.010000,0,0
3286,2,100.00,100.00,1,0.010000,0,0
3287,2,49.00,8.00,1,0.010000,0,0
3288,2,100.00,100.00,1,0.010000,0,0
3289,1,50.00,4.00,1,0.010000,0,0
3290,2,100.00,54.00,1,0.010000,0,0
3291,1,50.00,4.00,1,0.010000,0,0
3292,2,100.00,100.00,1,0.010000,0,0
3293,0,0.00,0.00,1,0.010000,0,0
3294,5,126.00,91.00,1,0.010000,1,0
3295,1,50.00,4.00,1,0.010000,0,0
3296,2,100.00,100.00,1,0.010000,0,0
3297,2,49.00,8.00,1,0.010000,0,0
3298,2,100.00,100.00,1,0.010000,0,0
3299,1,50.00,4.00,1,0.010000,0,0
3300,2,100.00,54.00,1,0.010000,0,0
3301,1,50.00,4.00,1,0.010000,0,0
3302,3,88.00,78.00,1,0.010000,1,0
3303,0,0.00,0.00,1,0.010000,0,0
3304,3,128.00,93.00,1,0.010000,0,0
3305,1,50.00,4.00,1,0.010000,0,0
3306,2,100.00,100.00,1,0.010000,0,0
3307,0,0.00,0.00,1,0.010000,0,0
3308,2,100.00,100.00,1,0.010000,0,0
3309,1,50.00,4.00,1,0.010000,0,0
3310,2,100.00,54.00,1,0.010000,0,0
3311,1,50.00,4.00,1,0.010000,0,0
3312,2,100.00,100.00,1,0.010000,0,0
3313,0,0.00,0.00,1,0.010000,0,0
3314,3,128.00,93.00,1,0.010000,0,0
3315,1,50.00,4.00,1,0.010000,0,0
3316,2,100.00,100.00,1,0.010000,0,0
3317,0,0.00,0.00,1,0.010000,0,0
3318,2,100.00,100.00,1,0.010000,0,0
3319,1,50.00,4.00,1,0.010000,0,0
3320,2,100.00,54.00,1,0.010000,0,0
3321,1,50.00,4.00,1,0.010000,0,0
3322,3,48.00,13.00,1,0.010000,1,0
3323,2,100.00,54.00,1,0.010000,0,0
3324,3,128.00,93.00,1,0.010000,0,0
3325,1,50.00,4.00,1,0.010000,0,0
3326,2,100.00,100.00,1,0.010000,0,0
3327,2,89.00,54.00,1,0.010000,0,0
3328,2,100.00,100.00,1,0.010000,0,0
3329,1,50.00,4.00,1,0.010000,0,0
3330,2,100.00,54.00,1,0.010000,0,0
3331,1,50.00,4.00,1,0.010000,0,0
3332,1,50.00,4.00,1,0.010000,0,0
3333,0,0.00,0.00,1,0.010000,0,0
3334,3,128.00,93.00,1,0.010000,0,0
3335,1,50.00,4.00,1,0.010000,0,0
3336,2,100.00,100.00,1,0.010000,0,0
3337,0,0.00,0.00,1,0.010000,0,0
3338,2,100.00,100.00,1,0.010000,0,0
3339,1,50.00,4.00,1,0.010000,0,0
3340,2,100.00,54.00,1,0.010000,0,0
3341,1,50.00,4.00,1,0.010000,0,0
3342,3,88.00,58.00,1,0.010000,0,0
3343,2,49.00,8.00,1,0.010000,0,0
3344,3,128.00,93.00,1,0.010000,0,0
3345,1,50.00,4.00,1,0.010000,0,0
3346,2,100.00,100.00,1,0.010000,0,0
3347,0,0.00,0.00,1,0.010000,0,0
3348,2,100.00,100.00,1,0.010000,0,0
3349,1,50.00,4.00,1,0.010000,0,0
3350,2,100.00,54.00,1,0.010000,0,0
3351,1,50.00,4.00,1,0.010000,0,0
3352,1,50.00,50.00,1,0.010000,0,0
3353,1,50.00,50.00,1,0.010000,0,0
3354,3,128.00,93.00,1,0.010000,0,0
3355,1,50.00,4.00,1,0.010000,0,0
3356,2,100.00,100.00,1,0.010000,0,0
3357,0,0.00,0.00,1,0.010000,0,0
3358,2,100.00,100.00,1,0.010000,0,0
3359,1,50.00,4.00,1,0.010000,0,0
3360,2,100.00,54.00,1,0.010000,0,0
3361,1,50.00,4.00,1,0.010000,0,0
3362,0,0.00,0.00,1,0.010000,0,0
3363,0,0.00,0.00,1,0.010000,0,0
3364,3,128.00,93.00,1,0.010000,0,0
3365,1,50.00,4.00,1,0.010000,0,0
3366,2,100.00,100.00,1,0.010000,0,0
3367,1,50.00,50.00,1,0.010000,0,0
3368,2,100.00,100.00,1,0.010000,0,0
3369,1,50.00,4.00,1,0.010000,0,0
3370,2,100.00,54.00,1,0.010000,0,0
3371,1,50.00,4.00,1,0.010000,0,0
3372,0,0.00,0.00,1,0.010000,0,0
3373,1,50.00,4.00,1,0.010000,0,0
3374,3,128.00,93.00,1,0.010000,0,0
3375,1,50.00,4.00,1,0.010000,0,0
3376,2,100.00,100.00,1,0.010000,0,0
3377,0,0.00,0.00,1,0.010000,0,0
3378,2,100.00,100.00,1,0.010000,0,0
3379,2,49.00,8.00,1,0.010000,0,1
3380,2,100.00,54.00,1,0.010000,0,0
3381,1,50.00,4.00,1,0.010000,0,0
3382,1,50.00,50.00,1,0.010000,0,0
3383,2,49.00,8.00,1,0.010000,0,0
3384,3,128.00,93.00,1,0.010000,0,0
3385,1,50.00,4.00,1,0.010000,0,0
3386,2,100.00,100.00,1,0.010000,0,0
3387,0,0.00,0.00,1,0.010000,0,0
3388,2,100.00,100.00,1,0.010000,0,0
3389,1,50.00,4.00,1,0.010000,0,0
3390,2,100.00,54.00,1,0.010000,0,0
3391,1,50.00,4.00,1,0.010000,0,0
3392,1,50.00,4.00,1,0.010000,0,0
3393,4,37.00,12.00,1,0.010000,2,0
3394,3,128.00,93.00,1,0.010000,0,0
3395,1,50.00,4.00,1,0.010000,0,0
3396,2,100.00,100.00,1,0.010000,0,0
3397,0,0.00,0.00,1,0.010000,0,0
3398,2,100.00,100.00,1,0.010000,0,0
3399,1,50.00,4.00,1,0.010000,0,0
3400,2,100.00,54.00,1,0.010000,0,0
3401,1,50.00,4.00,1,0.010000,0,0
3402,0,0.00,0.00,1,0.010000,0,0
3403,2,100.00,100.00,1,0.010000,0,0
3404,3,128.00,93.00,1,0.010000,0,0
3405,1,50.00,4.00,1,0.010000,0,0
3406,2,100.00,100.00,1,0.010000,0,0
3407,0,0.00,0.00,1,0.010000,0,0
3408,2,100.00,100.00,1,0.010000,0,0
3409,1,50.00,4.00,1,0.010000,0,0
3410,2,100.00,54.00,1,0.010000,0,0
3411,1,50.00,4.00,1,0.010000,0,0
3412,0,0.00,0.00,1,0.010000,0,0
3413,2,100.00,100.00,1,0.010000,0,0
3414,3,128.00,93.00,1,0.010000,0,0
3415,1,50.00,4.00,1,0.010000,0,0
3416,2,100.00,100.00,1,0.010000,0,0
3417,0,0.00,0.00,1,0.010000,0,0
3418,2,100.00,100.00,1,0.010000,0,0
3419,1,50.00,4.00,1,0.010000,0,0
3420,2,100.00,54.00,1,0.010000,0,0
3421,1,50.00,4.00,1,0.010000,0,0
3422,3,28.00,48.00,1,0.010000,2,1
3423,0,0.00,0.00,1,0.010000,0,0
3424,3,128.00,93.00,1,0.010000,0,0
3425,1,50.00,4.00,1,0.010000,0,0
3426,2,100.00,100.00,1,0.010000,0,0
3427,1,50.00,4.00,1,0.010000,0,0
3428,2,100.00,100.00,1,0.010000,0,0
3429,1,50.00,4.00,1,0.010000,0,0
3430,2,100.00,54.00,1,0.010000,0,0
3431,1,50.00,4.00,1,0.010000,0,0
3432,1,50.00,4.00,1,0.010000,0,0
3433,3,128.00,93.00,1,0.010000,0,0
3434,3,128.00,93.00,1,0.010000,0,0
3435,1,50.00,4.00,1,0.010000,0,0
3436,2,100.00,100.00,1,0.010000,0,0
3437,0,0.00,0.00,1,0.010000,0,0
3438,2,100.00,100.00,1,0.010000,0,0
3439,1,50.00,4.00,1,0.010000,0,0
3440,2,100.00,54.00,1,0.010000,0,0
3441,1,50.00,4.00,1,0.010000,0,0
3442,0,0.00,0.00,1,0.010000,0,0
3443,0,0.00,0.00,1,0.010000,0,0
3444,3,128.00,93.00,1,0.010000,0,0
3445,1,50.00,4.00,1,0.010000,0,0
3446,2,100.00,100.00,1,0.010000,0,0
3447,0,0.00,0.00,1,0.010000,0,0
3448,2,100.00,100.00,1,0.010000,0,0
3449,1,50.00,4.00,1,0.010000,0,0
3450,2,100.00,54.00,1,0.010000,0,0
3451,1,50.00,4.00,1,0.010000,0,0
3452,1,50.00,4.00,1,0.010000,0,0
3453,1,50.00,4.00,1,0.010000,0,0
3454,3,128.00,93.00,1,0.010000,0,0
3455,1,50.00,4.00,1,0.010000,0,0
3456,2,100.00,100.00,1,0.010000,0,0
3457,0,0.00,0.00,1,0.010000,0,0
3458,2,100.00,100.00,1,0.010000,0,0
3459,1,50.00,4.00,1,0.010000,0,0
3460,3,89.00,58.00,1,0.010000,1,1
3461,1,50.00,4.00,1,0.010000,0,0
3462,2,100.00,100.00,1,0.010000,0,0
3463,0,0.00,0.00,1,0.010000,0,0
3464,3,128.00,93.00,1,0.010000,0,0
3465,1,50.00,4.00,1,0.010000,0,0
3466,2,100.00,100.00,1,0.010000,0,0
3467,0,0.00,0.00,1,0.010000,0,0
3468,2,100.00,100.00,1,0.010000,0,0
3469,1,50.00,4.00,1,0.010000,0,0
3470,2,100.00,54.00,1,0.010000,0,0
3471,1,50.00,4.00,1,0.010000,0,0
3472,20,-20.00,80.00,0,0.010000,0,20
3473,2,100.00,54.00,1,0.010000,0,0
3474,3,128.00,93.00,1,0.010000,0,0
3475,1,50.00,4.00,1,0.010000,0,0
3476,2,100.00,100.00,1,0.010000,0,0
3477,3,88.00,78.00,1,0.010000,1,0
3478,2,100.00,100.00,1,0.010000,0,0
3479,1,50.00,4.00,1,0.010000,0,0
3480,2,100.00,54.00,1,0.010000,0,0
3481,1,50.00,4.00,1,0.010000,0,0
3482,20,-20.00,80.00,0,0.010000,0,20
3483,1,50.00,4.00,1,0.010000,0,0
3484,3,128.00,93.00,1,0.010000,0,0
3485,1,50.00,4.00,1,0.010000,0,0
3486,2,100.00,100.00,1,0.010000,0,0
3487,0,0.00,0.00,1,0.010000,0,0
3488,2,100.00,100.00,1,0.010000,0,0
3489,1,50.00,4.00,1,0.010000,0,0
3490,2,100.00,54.00,1,0.010000,0,0
3491,1,50.00,4.00,1,0.010000,0,0
3492,4,37.00,12.00,1,0.010000,2,0
3493,2,100.00,100.00,1,0.010000,0,0
3494,3,128.00,93.00,1,0.010000,0,0
3495,1,50.00,4.00,1,0.010000,0,0
3496,2,100.00,100.00,1,0.010000,0,0
3497,0,0.00,0.00,1,0.010000,0,0
3498,2,100.00,100.00,1,0.010000,0,0
3499,1,50.00,4.00,1,0.010000,0,0
3500,2,100.00,54.00,1,0.010000,0,0
3501,1,50.00,4.00,1,0.010000,0,0
3502,0,0.00,0.00,1,0.010000,0,0
3503,0,0.00,0.00,1,0.010000,0,0
3504,3,128.00,93.00,1,0.010000,0,0
3505,1,50.00,4.00,1,0.010000,0,0
3506,2,100.00,100.00,1,0.010000,0,0
3507,3,78.00,43.00,1,0.010000,1,1
3508,2,100.00,100.00,1,0.010000,0,0
3509,1,50.00,4.00,1,0.010000,0,0
3510,2,100.00,54.00,1,0.010000,0,0
3511,1,50.00,4.00,1,0.010000,0,0
3512,0,0.00,0.00,1,0.010000,0,0
3513,0,0.00,0.00,1,0.010000,0,0
3514,3,128.00,93.00,1,0.010000,0,0
3515,1,50.00,4.00,1,0.010000,0,0
3516,2,100.00,100.00,1,0.010000,0,0
3517,2,49.00,8.00,1,0.010000,0,0
3518,2,100.00,100.00,1,0.010000,0,0
3519,1,50.00,4.00,1,0.010000,0,0
3520,2,100.00,54.00,1,0.010000,0,0
3521,1,50.00,4.00,1,0.010000,0,0
3522,0,0.00,0.00,1,0.010000,0,0
3523,0,0.00,0.00,1,0.010000,0,0
3524,3,128.00,93.00,1,0.010000,0,0
3525,1,50.00,4.00,1,0.010000,0,0
3526,2,100.00,100.00,1,0.010000,0,0
3527,0,0.00,0.00,1,0.010000,0,0
3528,2,100.00,100.00,1,0.010000,0,0
3529,1,50.00,4.00,1,0.010000,0,0
3530,2,100.00,54.00,1,0.010000,0,0
3531,1,50.00,4.00,1,0.010000,0,0
3532,1,50.00,4.00,1,0.010000,0,0
3533,2,49.00,39.00,1,0.010000,1,0
3534,3,128.00,93.00,1,0.010000,0,0
3535,1,50.00,4.00,1,0.010000,0,0
3536,2,100.00,100.00,1,0.010000,0,0
3537,2,89.00,54.00,1,0.010000,0,0
3538,2,100.00,100.00,1,0.010000,0,0
3539,1,50.00,4.00,1,0.010000,0,0
3540,2,100.00,54.00,1,0.010000,0,0
3541,1,50.00,4.00,1,0.010000,0,0
3542,1,50.00,50.00,1,0.010000,0,0
3543,2,89.00,54.00,1,0.010000,0,0
3544,3,128.00,93.00,1,0.010000,0,0
3545,1,50.00,4.00,1,0.010000,0,0
3546,2,100.00,100.00,1,0.010000,0,0
3547,3,99.00,58.00,1,0.010000,0,0
3548,2,100.00,100.00,1,0.010000,0,0
3549,1,50.00,4.00,1,0.010000,0,0
3550,2,100.00,54.00,1,0.010000,0,0
3551,1,50.00,4.00,1,0.010000,0,0
3552,0,0.00,0.00,1,0.010000,0,0
3553,0,0.00,0.00,1,0.010000,0,0
3554,3,128.00,93.00,1,0.010000,0,0
3555,1,50.00,4.00,1,0.010000,0,0
3556,2,100.00,100.00,1,0.010000,0,0
3557,0,0.00,0.00,1,0.010000,0,0
3558,2,100.00,100.00,1,0.010000,0,0
3559,1,50.00,4.00,1,0.010000,0,0
3560,2,100.00,54.00,1,0.010000,0,0
3561,1,50.00,4.00,1,0.010000,0,0
3562,0,0.00,0.00,1,0.010000,0,0
3563,2,100.00,54.00,1,0.010000,0,0
3564,3,128.00,93.00,1,0.010000,0,0
3565,1,50.00,4.00,1,0.010000,0,0
3566,2,100.00,100.00,1,0.010000,0,0
3567,0,0.00,0.00,1,0.010000,0,0
3568,2,100.00,100.00,1,0.010000,0,0
3569,1,50.00,4.00,1,0.010000,0,0
3570,2,100.00,54.00,1,0.010000,0,0
3571,1,50.00,4.00,1,0.010000,0,0
3572,1,50.00,50.00,1,0.010000,0,0
3573,1,50.00,4.00,1,0.010000,0,0
3574,4,122.00,87.00,1,0.010000,0,1
3575,1,50.00,4.00,1,0.010000,0,0
3576,2,100.00,100.00,1,0.010000,0,0
3577,1,50.00,50.00,1,0.010000,0,0
3578,2,100.00,100.00,1,0.010000,0,0
3579,1,50.00,4.00,1,0.010000,0,0
3580,2,100.00,54.00,1,0.010000,0,0
3581,1,50.00,4.00,1,0.010000,0,0
3582,0,0.00,0.00,1,0.010000,0,0
3583,0,0.00,0.00,1,0.010000,0,0
3584,3,128.00,93.00,1,0.010000,0,0
3585,1,50.00,4.00,1,0.010000,0,0
3586,2,100.00,100.00,1,0.010000,0,0
3587,2,100.00,54.00,1,0.010000,0,0
3588,2,100.00,100.00,1,0.010000,0,0
3589,1,50.00,4.00,1,0.010000,0,0
3590,2,100.00,54.00,1,0.010000,0,0
3591,1,50.00,4.00,1,0.010000,0,0
3592,0,0.00,0.00,1,0.010000,0,0
3593,0,0.00,0.00,1,0.010000,0,0
3594,3,128.00,93.00,1,0.010000,0,0
3595,1,50.00,4.00,1,0.010000,0,0
3596,2,100.00,100.00,1,0.010000,0,0
3597,0,0.00,0.00,1,0.010000,0,0
3598,2,100.00,100.00,1,0.010000,0,0
3599,1,50.00,4.00,1,0.010000,0,0
3600,2,100.00,54.00,1,0.010000,0,0
3601,1,50.00,4.00,1,0.010000,0,0
3602,3,38.00,12.00,1,0.010000,1,0
3603,0,0.00,0.00,1,0.010000,0,0
3604,3,128.00,93.00,1,0.010000,0,0
3605,1,50.00,4.00,1,0.010000,0,0
3606,3,94.00,94.00,1,0.010000,0,1
3607,1,50.00,4.00,1,0.010000,0,0
3608,2,100.00,100.00,1,0.010000,0,0
3609,1,50.00,4.00,1,0.010000,0,0
3610,2,100.00,54.00,1,0.010000,0,0
3611,1,50.00,4.00,1,0.010000,0,0
3612,0,0.00,0.00,1,0.010000,0,0
3613,2,49.00,8.00,1,0.010000,0,0
3614,3,128.00,93.00,1,0.010000,0,0
3615,1,50.00,4.00,1,0.010000,0,0
3616,2,100.00,100.00,1,0.010000,0,0
3617,2,100.00,100.00,1,0.010000,0,0
3618,2,100.00,100.00,1,0.010000,0,0
3619,1,50.00,4.00,1,0.010000,0,0
3620,2,100.00,54.00,1,0.010000,0,0
3621,1,50.00,4.00,1,0.010000,0,0
3622,1,50.00,50.00,1,0.010000,0,0
3623,3,128.00,93.00,1,0.010000,0,0
3624,3,128.00,93.00,1,0.010000,0,0
3625,1,50.00,4.00,1,0.010000,0,0
3626,2,100.00,100.00,1,0.010000,0,0
3627,0,0.00,0.00,1,0.010000,0,0
3628,2,100.00,100.00,1,0.010000,0,0
3629,1,50.00,4.00,1,0.010000,0,0
3630,2,100.00,54.00,1,0.010000,0,0
3631,1,50.00,4.00,1,0.010000,0,0
3632,3,88.00,58.00,1,0.010000,0,0
3633,2,100.00,54.00,1,0.010000,0,0
3634,3,128.00,93.00,1,0.010000,0,0
3635,1,50.00,4.00,1,0.010000,0,0
3636,2,100.00,100.00,1,0.010000,0,0
3637,0,0.00,0.00,1,0.010000,0,0
3638,2,100.00,100.00,1,0.010000,0,0
3639,1,50.00,4.00,1,0.010000,0,0
3640,2,100.00,54.00,1,0.010000,0,0
3641,1,50.00,4.00,1,0.010000,0,0
3642,0,0.00,0.00,1,0.010000,0,0
3643,0,0.00,0.00,1,0.010000,0,0
3644,3,128.00,93.00,1,0.010000,0,0
3645,1,50.00,4.00,1,0.010000,0,0
3646,2,100.00,100.00,1,0.010000,0,0
3647,0,0.00,0.00,1,0.010000,0,0
3648,2,100.00,100.00,1,0.010000,0,0
3649,1,50.00,4.00,1,0.010000,0,0
3650,2,100.00,54.00,1,0.010000,0,0
3651,1,50.00,4.00,1,0.010000,0,0
3652,20,-20.00,80.00,0,0.010000,0,20
3653,2,39.00,49.00,1,0.010000,1,0
3654,3,128.00,93.00,1,0.010000,0,0
3655,1,50.00,4.00,1,0.010000,0,0
3656,2,100.00,100.00,1,0.010000,0,0
3657,1,50.00,50.00,1,0.010000,0,0
3658,2,100.00,100.00,1,0.010000,0,0
3659,1,50.00,4.00,1,0.010000,0,0
3660,2,100.00,54.00,1,0.010000,0,0
3661,1,50.00,4.00,1,0.010000,0,0
3662,0,0.00,0.00,1,0.010000,0,0
3663,1,50.00,50.00,1,0.010000,0,0
3664,3,128.00,93.00,1,0.010000,0,0
3665,1,50.00,4.00,1,0.010000,0,0
3666,2,100.00,100.00,1,0.010000,0,0
3667,20,-20.00,80.00,0,0.010000,0,20
3668,2,100.00,100.00,1,0.010000,0,0
3669,1,50.00,4.00,1,0.010000,0,0
3670,4,98.00,62.00,1,0.010000,0,0
3671,1,50.00,4.00,1,0.010000,0,0
3672,0,0.00,0.00,1,0.010000,0,0
3673,0,0.00,0.00,1,0.010000,0,0
3674,3,128.00,93.00,1,0.010000,0,0
3675,1,50.00,4.00,1,0.010000,0,0
3676,2,100.00,100.00,1,0.010000,0,0
3677,0,0.00,0.00,1,0.010000,0,0
3678,2,100.00,100.00,1,0.010000,0,0
3679,1,50.00,4.00,1,0.010000,0,0
3680,2,100.00,54.00,1,0.010000,0,0
3681,1,50.00,4.00,1,0.010000,0,0
3682,0,0.00,0.00,1,0.010000,0,0
3683,0,0.00,0.00,1,0.010000,0,0
3684,3,128.00,93.00,1,0.010000,0,0
3685,1,50.00,4.00,1,0.010000,0,0
3686,2,100.00,100.00,1,0.010000,0,0
3687,3,99.00,58.00,1,0.010000,0,0
3688,2,100.00,100.00,1,0.010000,0,0
3689,1,50.00,4.00,1,0.010000,0,0
3690,2,100.00,54.00,1,0.010000,0,0
3691,1,50.00,4.00,1,0.010000,0,0
3692,0,0.00,0.00,1,0.010000,0,0
3693,0,0.00,0.00,1,0.010000,0,0
3694,3,128.00,93.00,1,0.010000,0,0
3695,1,50.00,4.00,1,0.010000,0,0
3696,2,100.00,100.00,1,0.010000,0,0
3697,0,0.00,0.00,1,0.010000,0,0
3698,2,100.00,100.00,1,0.010000,0,0
3699,1,50.00,4.00,1,0.010000,0,0
3700,2,100.00,54.00,1,0.010000,0,0
3701,1,50.00,4.00,1,0.010000,0,0
3702,1,50.00,50.00,1,0.010000,0,0
3703,0,0.00,0.00,1,0.010000,0,0
3704,3,128.00,93.00,1,0.010000,0,0
3705,2,44.00,8.00,1,0.010000,0,1
3706,2,100.00,100.00,1,0.010000,0,0
3707,2,100.00,100.00,1,0.010000,0,0
3708,2,100.00,100.00,1,0.010000,0,0
3709,1,50.00,4.00,1,0.010000,0,0
3710,2,100.00,54.00,1,0.010000,0,0
3711,1,50.00,4.00,1,0.010000,0,0
3712,0,0.00,0.00,1,0.010000,0,0
3713,0,0.00,0.00,1,0.010000,0,0
3714,3,128.00,93.00,1,0.010000,0,0
3715,1,50.00,4.00,1,0.010000,0,0
3716,2,100.00,100.00,1,0.010000,0,0
3717,0,0.00,0.00,1,0.010000,0,0
3718,2,100.00,100.00,1,0.010000,0,0
3719,1,50.00,4.00,1,0.010000,0,0
3720,2,100.00,54.00,1,0.010000,0,0
3721,1,50.00,4.00,1,0.010000,0,0
3722,0,0.00,0.00,1,0.010000,0,0
3723,0,0.00,0.00,1,0.010000,0,0
3724,3,128.00,93.00,1,0.010000,0,0
3725,1,50.00,4.00,1,0.010000,0,0
3726,2,100.00,100.00,1,0.010000,0,0
3727,2,100.00,100.00,1,0.010000,0,0
3728,2,100.00,100.00,1,0.010000,0,0
3729,1,50.00,4.00,1,0.010000,0,0
3730,2,100.00,54.00,1,0.010000,0,0
3731,1,50.00,4.00,1,0.010000,0,0
3732,0,0.00,0.00,1,0.010000,0,0
3733,1,50.00,50.00,1,0.010000,0,0
3734,4,127.00,97.00,1,0.010000,0,1
3735,1,50.00,4.00,1,0.010000,0,0
3736,2,100.00,100.00,1,0.010000,0,0
3737,2,100.00,100.00,1,0.010000,0,0
3738,2,100.00,100.00,1,0.010000,0,0
3739,1,50.00,4.00,1,0.010000,0,0
3740,2,100.00,54.00,1,0.010000,0,0
3741,1,50.00,4.00,1,0.010000,0,0
3742,0,0.00,0.00,1,0.010000,0,0
3743,2,100.00,100.00,1,0.010000,0,0
3744,3,128.00,93.00,1,0.010000,0,0
3745,1,50.00,4.00,1,0.010000,0,0
3746,2,100.00,100.00,1,0.010000,0,0
3747,1,50.00,50.00,1,0.010000,0,0
3748,2,100.00,100.00,1,0.010000,0,0
3749,1,50.00,4.00,1,0.010000,0,0
3750,2,100.00,54.00,1,0.010000,0,0
3751,1,50.00,4.00,1,0.010000,0,0
3752,1,50.00,4.00,1,0.010000,0,0
3753,1,50.00,50.00,1,0.010000,0,0
3754,3,128.00,93.00,1,0.010000,0,0
3755,1,50.00,4.00,1,0.010000,0,0
3756,2,100.00,100.00,1,0.010000,0,0
3757,0,0.00,0.00,1,0.010000,0,0
3758,2,100.00,100.00,1,0.010000,0,0
3759,1,50.00,4.00,1,0.010000,0,0
3760,2,100.00,54.00,1,0.010000,0,0
3761,1,50.00,4.00,1,0.010000,0,0
3762,0,0.00,0.00,1,0.010000,0,0
3763,0,0.00,0.00,1,0.010000,0,0
3764,3,128.00,93.00,1,0.010000,0,0
3765,1,50.00,4.00,1,0.010000,0,0
3766,2,100.00,100.00,1,0.010000,0,0
3767,2,100.00,100.00,1,0.010000,0,0
3768,2,100.00,100.00,1,0.010000,0,0
3769,1,50.00,4.00,1,0.010000,0,0
3770,2,100.00,54.00,1,0.010000,0,0
3771,1,50.00,4.00,1,0.010000,0,0
3772,2,49.00,8.00,1,0.010000,0,0
3773,0,0.00,0.00,1,0.010000,0,0
3774,3,128.00,93.00,1,0.010000,0,0
3775,1,50.00,4.00,1,0.010000,0,0
3776,2,100.00,100.00,1,0.010000,0,0
3777,2,100.00,54.00,1,0.010000,0,0
3778,2,100.00,100.00,1,0.010000,0,0
3779,1,50.00,4.00,1,0.010000,0,0
3780,2,100.00,54.00,1,0.010000,0,0
3781,1,50.00,4.00,1,0.010000,0,0
3782,0,0.00,0.00,1,0.010000,0,0
3783,0,0.00,0.00,1,0.010000,0,0
3784,3,128.00,93.00,1,0.010000,0,0
3785,1,50.00,4.00,1,0.010000,0,0
3786,2,100.00,100.00,1,0.010000,0,0
3787,2,100.00,100.00,1,0.010000,0,0
3788,2,100.00,100.00,1,0.010000,0,0
3789,1,50.00,4.00,1,0.010000,0,0
3790,2,100.00,54.00,1,0.010000,0,0
3791,1,50.00,4.00,1,0.010000,0,0
3792,0,0.00,0.00,1,0.010000,0,0
3793,3,48.00,13.00,1,0.010000,1,0
3794,3,128.00,93.00,1,0.010000,0,0
3795,1,50.00,4.00,1,0.010000,0,0
3796,2,100.00,100.00,1,0.010000,0,0
3797,1,50.00,4.00,1,0.010000,0,0
3798,2,100.00,100.00,1,0.010000,0,0
3799,1,50.00,4.00,1,0.010000,0,0
3800,2,100.00,54.00,1,0.010000,0,0
3801,1,50.00,4.00,1,0.010000,0,0
3802,0,0.00,0.00,1,0.010000,0,0
3803,0,0.00,0.00,1,0.010000,0,0
3804,3,128.00,93.00,1,0.010000,0,0
3805,1,50.00,4.00,1,0.010000,0,0
3806,2,100.00,100.00,1,0.010000,0,0
3807,0,0.00,0.00,1,0.010000,0,0
3808,2,100.00,100.00,1,0.010000,0,0
3809,1,50.00,4.00,1,0.010000,0,0
3810,2,100.00,54.00,1,0.010000,0,0
3811,1,50.00,4.00,1,0.010000,0,0
3812,0,0.00,0.00,1,0.010000,0,0
3813,20,-20.00,80.00,0,0.010000,0,20
3814,3,128.00,93.00,1,0.010000,0,0
3815,1,50.00,4.00,1,0.010000,0,0
3816,2,100.00,100.00,1,0.010000,0,0
3817,0,0.00,0.00,1,0.010000,0,0
3818,2,100.00,100.00,1,0.010000,0,0
3819,1,50.00,4.00,1,0.010000,0,0
3820,2,100.00,54.00,1,0.010000,0,0
3821,1,50.00,4.00,1,0.010000,0,0
3822,2,100.00,100.00,1,0.010000,0,0
3823,0,0.00,0.00,1,0.010000,0,0
3824,3,128.00,93.00,1,0.010000,0,0
3825,1,50.00,4.00,1,0.010000,0,0
3826,2,100.00,100.00,1,0.010000,0,0
3827,0,0.00,0.00,1,0.010000,0,0
3828,2,100.00,100.00,1,0.010000,0,0
3829,1,50.00,4.00,1,0.010000,0,0
3830,2,100.00,54.00,1,0.010000,0,0
3831,2,44.00,8.00,1,0.010000,0,1
3832,1,50.00,4.00,1,0.010000,0,0
3833,1,50.00,4.00,1,0.010000,0,0
3834,3,128.00,93.00,1,0.010000,0,0
3835,1,50.00,4.00,1,0.010000,0,0
3836,2,100.00,100.00,1,0.010000,0,0
3837,4,37.00,62.00,1,0.010000,1,0
3838,2,100.00,100.00,1,0.010000,0,0
3839,1,50.00,4.00,1,0.010000,0,0
3840,2,100.00,54.00,1,0.010000,0,0
3841,1,50.00,4.00,1,0.010000,0,0
3842,1,50.00,50.00,1,0.010000,0,0
3843,1,50.00,50.00,1,0.010000,0,0
3844,3,128.00,93.00,1,0.010000,0,0
3845,1,50.00,4.00,1,0.010000,0,0
3846,2,100.00,100.00,1,0.010000,0,0
3847,0,0.00,0.00,1,0.010000,0,0
3848,2,100.00,100.00,1,0.010000,0,0
3849,1,50.00,4.00,1,0.010000,0,0
3850,2,100.00,54.00,1,0.010000,0,0
3851,1,50.00,4.00,1,0.010000,0,0
3852,0,0.00,0.00,1,0.010000,0,0
3853,2,100.00,100.00,1,0.010000,0,0
3854,3,128.00,93.00,1,0.010000,0,0
3855,1,50.00,4.00,1,0.010000,0,0
3856,2,100.00,100.00,1,0.010000,0,0
3857,2,100.00,100.00,1,0.010000,0,0
3858,2,100.00,100.00,1,0.010000,0,0
3859,1,50.00,4.00,1,0.010000,0,0
3860,2,100.00,54.00,1,0.010000,0,0
3861,1,50.00,4.00,1,0.010000,0,0
3862,1,50.00,50.00,1,0.010000,0,0
3863,0,0.00,0.00,1,0.010000,0,0
3864,3,128.00,93.00,1,0.010000,0,0
3865,1,50.00,4.00,1,0.010000,0,0
3866,2,100.00,100.00,1,0.010000,0,0
3867,0,0.00,0.00,1,0.010000,0,0
3868,2,100.00,100.00,1,0.010000,0,0
3869,1,50.00,4.00,1,0.010000,0,0
3870,2,100.00,54.00,1,0.010000,0,0
3871,1,50.00,4.00,1,0.010000,0,0
3872,2,100.00,100.00,1,0.010000,0,0
3873,0,0.00,0.00,1,0.010000,0,0
3874,3,128.00,93.00,1,0.010000,0,0
3875,1,50.00,4.00,1,0.010000,0,0
3876,2,100.00,100.00,1,0.010000,0,0
3877,0,0.00,0.00,1,0.010000,0,0
3878,2,100.00,100.00,1,0.010000,0,0
3879,1,50.00,4.00,1,0.010000,0,0
3880,2,100.00,54.00,1,0.010000,0,0
3881,1,50.00,4.00,1,0.010000,0,0
3882,1,50.00,4.00,1,0.010000,0,0
3883,0,0.00,0.00,1,0.010000,0,0
3884,3,128.00,93.00,1,0.010000,0,0
3885,1,50.00,4.00,1,0.010000,0,0
3886,2,100.00,100.00,1,0.010000,0,0
3887,0,0.00,0.00,1,0.010000,0,0
3888,2,100.00,100.00,1,0.010000,0,0
3889,2,49.00,8.00,1,0.010000,0,1
3890,2,100.00,54.00,1,0.010000,0,0
3891,1,50.00,4.00,1,0.010000,0,0
3892,3,50.00,4.00,1,0.010000,1,0
3893,1,50.00,4.00,1,0.010000,0,0
3894,3,128.00,93.00,1,0.010000,0,0
3895,1,50.00,4.00,1,0.010000,0,0
3896,2,100.00,100.00,1,0.010000,0,0
3897,0,0.00,0.00,1,0.010000,0,0
3898,2,100.00,100.00,1,0.010000,0,0
3899,1,50.00,4.00,1,0.010000,0,0
3900,2,100.00,54.00,1,0.010000,0,0
3901,1,50.00,4.00,1,0.010000,0,0
3902,2,100.00,100.00,1,0.010000,0,0
3903,1,50.00,50.00,1,0.010000,0,0
3904,3,128.00,93.00,1,0.010000,0,0
3905,1,50.00,4.00,1,0.010000,0,0
3906,2,100.00,100.00,1,0.010000,0,0
3907,0,0.00,0.00,1,0.010000,0,0
3908,2,100.00,100.00,1,0.010000,0,0
3909,1,50.00,4.00,1,0.010000,0,0
3910,2,100.00,54.00,1,0.010000,0,0
3911,1,50.00,4.00,1,0.010000,0,0
3912,0,0.00,0.00,1,0.010000,0,0
3913,0,0.00,0.00,1,0.010000,0,0
3914,3,128.00,93.00,1,0.010000,0,0
3915,1,50.00,4.00,1,0.010000,0,0
3916,2,100.00,100.00,1,0.010000,0,0
3917,0,0.00,0.00,1,0.010000,0,0
3918,2,100.00,100.00,1,0.010000,0,0
3919,1,50.00,4.00,1,0.010000,0,0
3920,2,100.00,54.00,1,0.010000,0,0
3921,1,50.00,4.00,1,0.010000,0,0
3922,2,89.00,54.00,1,0.010000,0,0
3923,2,49.00,8.00,1,0.010000,0,0
3924,3,128.00,93.00,1,0.010000,0,0
3925,1,50.00,4.00,1,0.010000,0,0
3926,2,100.00,100.00,1,0.010000,0,0
3927,1,50.00,50.00,1,0.010000,0,0
3928,2,100.00,100.00,1,0.010000,0,0
3929,1,50.00,4.00,1,0.010000,0,0
3930,3,99.00,89.00,1,0.010000,1,0
3931,1,50.00,4.00,1,0.010000,0,0
3932,1,50.00,4.00,1,0.010000,0,0
3933,0,0.00,0.00,1,0.010000,0,0
3934,3,128.00,93.00,1,0.010000,0,0
3935,1,50.00,4.00,1,0.010000,0,0
3936,3,99.00,89.00,1,0.010000,1,1
3937,2,100.00,54.00,1,0.010000,0,0
3938,2,100.00,100.00,1,0.010000,0,0
3939,1,50.00,4.00,1,0.010000,0,0
3940,2,100.00,54.00,1,0.010000,0,0
3941,1,50.00,4.00,1,0.010000,0,0
3942,1,50.00,50.00,1,0.010000,0,0
3943,1,50.00,4.00,1,0.010000,0,0
3944,3,128.00,93.00,1,0.010000,0,0
3945,1,50.00,4.00,1,0.010000,0,0
3946,2,100.00,100.00,1,0.010000,0,0
3947,0,0.00,0.00,1,0.010000,0,0
3948,2,100.00,100.00,1,0.010000,0,0
3949,1,50.00,4.00,1,0.010000,0,0
3950,2,100.00,54.00,1,0.010000,0,0
3951,1,50.00,4.00,1,0.010000,0,0
3952,0,0.00,0.00,1,0.010000,0,0
3953,0,0.00,0.00,1,0.010000,0,0
3954,3,128.00,93.00,1,0.010000,0,0
3955,1,50.00,4.00,1,0.010000,0,0
3956,2,100.00,100.00,1,0.010000,0,0
3957,3,88.00,58.00,1,0.010000,0,0
3958,2,100.00,100.00,1,0.010000,0,0
3959,1,50.00,4.00,1,0.010000,0,0
3960,2,100.00,54.00,1,0.010000,0,0
3961,1,50.00,4.00,1,0.010000,0,0
3962,0,0.00,0.00,1,0.010000,0,0
3963,0,0.00,0.00,1,0.010000,0,0
3964,3,128.00,93.00,1,0.010000,0,0
3965,1,50.00,4.00,1,0.010000,0,0
3966,2,100.00,100.00,1,0.010000,0,0
3967,1,50.00,50.00,1,0.010000,0,0
3968,2,100.00,100.00,1,0.010000,0,0
3969,1,50.00,4.00,1,0.010000,0,0
3970,2,100.00,54.00,1,0.010000,0,0
3971,1,50.00,4.00,1,0.010000,0,0
3972,1,50.00,50.00,1,0.010000,0,0
3973,2,89.00,54.00,1,0.010000,0,0
3974,3,128.00,93.00,1,0.010000,0,0
3975,1,50.00,4.00,1,0.010000,0,0
3976,2,100.00,100.00,1,0.010000,0,0
3977,3,99.00,58.00,1,0.010000,0,0
3978,2,100.00,100.00,1,0.010000,0,0
3979,1,50.00,4.00,1,0.010000,0,0
3980,2,100.00,54.00,1,0.010000,0,0
3981,1,50.00,4.00,1,0.010000,0,0
3982,1,50.00,50.00,1,0.010000,0,0
3983,1,50.00,4.00,1,0.010000,0,0
3984,3,128.00,93.00,1,0.010000,0,0
3985,1,50.00,4.00,1,0.010000,0,0
3986,2,100.00,100.00,1,0.010000,0,0
3987,1,50.00,50.00,1,0.010000,0,0
3988,2,100.00,100.00,1,0.010000,0,0
3989,1,50.00,4.00,1,0.010000,0,0
3990,2,100.00,54.00,1,0.010000,0,0
3991,1,50.00,4.00,1,0.010000,0,0
3992,0,0.00,0.00,1,0.010000,0,0
3993,1,50.00,50.00,1,0.010000,0,0
3994,3,128.00,93.00,1,0.010000,0,0
3995,1,50.00,4.00,1,0.010000,0,0
3996,2,100.00,100.00,1,0.010000,0,0
3997,0,0.00,0.00,1,0.010000,0,0
3998,2,100.00,100.00,1,0.010000,0,0
3999,1,50.00,4.00,1,0.010000,0,0

# Summary
# FirstGoalEpisode,0
# TotalGoalCount,3403
# GoalRate_last100,1.00
