Episode,Steps,RewardZ1,RewardZ2,GoalReached,Epsilon,WastedByPenalty,WastedByNoEffect
0,0,0.00,0.00,0,0.300000,0,0
1,20,-190.00,80.00,0,0.299100,17,3
2,6,-31.00,-40.00,1,0.300000,2,4
3,20,80.00,-185.00,0,0.299100,16,4
4,2,8.00,89.00,1,0.298203,0,0
5,20,-144.00,126.00,0,0.297308,7,8
6,20,80.00,-195.00,0,0.296416,17,4
7,20,-184.00,-45.00,0,0.295527,17,7
8,20,-233.00,18.00,0,0.294640,17,5
9,20,-104.00,4.00,0,0.293756,12,9
10,20,-59.00,46.00,0,0.292875,14,4
11,20,80.00,-190.00,0,0.291997,17,2
12,20,-174.00,78.00,0,0.291121,12,11
13,20,80.00,-210.00,0,0.290247,19,2
14,2,8.00,89.00,1,0.289376,0,0
15,20,-84.00,72.00,0,0.288508,11,2
16,20,80.00,-170.00,0,0.287643,15,4
17,20,-129.00,-70.00,0,0.286780,18,4
18,20,-176.00,86.00,0,0.285920,15,9
19,20,-14.00,55.00,0,0.285062,17,3
20,20,-55.00,45.00,0,0.284207,16,5
21,20,80.00,-195.00,0,0.283354,17,3
22,20,-169.00,78.00,0,0.282504,10,14
23,20,80.00,-195.00,0,0.281656,16,3
24,2,8.00,89.00,1,0.280811,0,0
25,20,-122.00,118.00,0,0.279969,12,2
26,20,80.00,-180.00,0,0.279129,16,4
27,20,-89.00,-50.00,0,0.278292,19,2
28,20,11.00,-21.00,0,0.277457,18,4
29,20,-49.00,39.00,0,0.276624,19,1
30,20,-24.00,16.00,0,0.275795,17,3
31,20,80.00,-215.00,0,0.274967,19,5
32,20,-139.00,94.00,0,0.274142,12,9
33,20,80.00,-190.00,0,0.273320,17,4
34,4,16.00,87.00,1,0.272500,1,0
35,20,-69.00,118.00,0,0.271682,10,1
36,20,80.00,-200.00,0,0.270867,17,4
37,20,-129.00,-50.00,0,0.270055,20,2
38,20,-115.00,16.00,0,0.269245,18,4
39,20,35.00,11.00,0,0.268437,16,4
40,20,-21.00,19.00,0,0.267632,16,3
41,20,80.00,-155.00,0,0.266829,13,5
42,20,-124.00,87.00,0,0.266028,11,11
43,20,80.00,-190.00,0,0.265230,16,7
44,2,8.00,89.00,1,0.264434,0,0
45,20,-107.00,118.00,0,0.263641,12,7
46,20,80.00,-190.00,0,0.262850,17,2
47,20,-129.00,-60.00,0,0.262062,18,4
48,20,-16.00,-6.00,0,0.261275,17,6
49,20,-29.00,28.00,0,0.260492,18,3
50,20,-11.00,-16.00,0,0.259710,18,3
51,20,80.00,-185.00,0,0.258931,16,3
52,20,-77.00,52.00,0,0.258154,20,1
53,20,80.00,-210.00,0,0.257380,19,0
54,4,16.00,72.00,1,0.256608,1,2
55,20,-119.00,126.00,0,0.255838,11,2
56,20,80.00,-170.00,0,0.255070,15,2
57,20,-119.00,-90.00,0,0.254305,18,4
58,20,-60.00,-16.00,0,0.253542,19,3
59,20,57.00,-16.00,0,0.252781,18,2
60,20,-24.00,16.00,0,0.252023,18,4
61,20,80.00,-180.00,0,0.251267,15,4
62,20,-96.00,73.00,0,0.250513,15,6
63,20,80.00,-205.00,0,0.249762,18,3
64,3,12.00,88.00,1,0.249012,0,1
65,20,-73.00,87.00,0,0.248265,14,3
66,20,80.00,-135.00,0,0.247521,10,9
67,20,-94.00,-70.00,0,0.246778,20,2
68,20,-108.00,42.00,0,0.246038,19,1
69,20,25.00,4.00,0,0.245300,17,4
70,20,-38.00,22.00,0,0.244564,19,3
71,20,80.00,-105.00,0,0.243830,5,9
72,20,-7.00,-11.00,0,0.243099,16,5
73,20,80.00,-210.00,0,0.242369,19,3
74,4,16.00,87.00,1,0.241642,1,0
75,20,-46.00,64.00,0,0.240917,13,4
76,20,80.00,-120.00,0,0.240194,9,2
77,20,-77.00,-80.00,0,0.239474,18,4
78,20,-7.00,6.00,0,0.238755,18,2
79,20,-63.00,60.00,0,0.238039,18,5
80,20,-40.00,40.00,0,0.237325,16,4
81,20,80.00,-150.00,0,0.236613,9,10
82,20,-52.00,-9.00,0,0.235903,19,3
83,20,80.00,-185.00,0,0.235196,16,6
84,2,8.00,89.00,1,0.234490,0,0
85,20,-68.00,62.00,0,0.233786,18,3
86,20,80.00,-205.00,0,0.233085,18,1
87,20,-89.00,-65.00,0,0.232386,19,4
88,20,-80.00,45.00,0,0.231689,19,3
89,20,-1.00,33.00,0,0.230994,16,5
90,20,-23.00,-3.00,0,0.230301,17,4
91,20,80.00,-145.00,0,0.229610,5,16
92,20,-43.00,37.00,0,0.228921,18,3
93,20,80.00,-210.00,0,0.228234,19,1
94,2,8.00,89.00,1,0.227549,0,0
95,20,-62.00,38.00,0,0.226867,18,5
96,20,80.00,-160.00,0,0.226186,13,2
97,20,-79.00,-55.00,0,0.225508,19,2
98,20,-58.00,47.00,0,0.224831,19,3
99,20,28.00,1.00,0,0.224157,16,4
100,20,-1.00,4.00,0,0.223484,15,6
101,20,80.00,-140.00,0,0.222814,5,16
102,20,-247.00,145.00,0,0.222145,20,0
103,20,80.00,-200.00,0,0.221479,18,1
104,2,8.00,89.00,1,0.220814,0,0
105,20,-1.00,-9.00,0,0.220152,17,4
106,20,80.00,-165.00,0,0.219492,14,4
107,20,-129.00,-15.00,0,0.218833,19,3
108,20,0.00,0.00,0,0.218177,20,0
109,20,31.00,-60.00,0,0.217522,18,6
110,20,-50.00,50.00,0,0.216869,16,4
111,20,80.00,-135.00,0,0.216219,6,12
112,20,-46.00,44.00,0,0.215570,19,1
113,20,80.00,-155.00,0,0.214923,13,3
114,3,12.00,33.00,1,0.214279,1,1
115,20,-46.00,44.00,0,0.213636,19,1
116,20,80.00,-110.00,0,0.212995,9,3
117,20,-124.00,-10.00,0,0.212356,20,3
118,20,-103.00,73.00,0,0.211719,19,1
119,20,60.00,-38.00,0,0.211084,17,4
120,20,-53.00,42.00,0,0.210450,19,3
121,20,80.00,-145.00,0,0.209819,7,13
122,20,-87.00,80.00,0,0.209190,18,2
123,20,80.00,-200.00,0,0.208562,18,2
124,3,12.00,78.00,1,0.207936,1,1
125,20,-23.00,17.00,0,0.207313,16,4
126,20,80.00,-90.00,0,0.206691,7,1
127,20,-99.00,-25.00,0,0.206071,19,1
128,20,8.00,-26.00,0,0.205452,20,2
129,20,27.00,-4.00,0,0.204836,19,0
130,20,-53.00,52.00,0,0.204222,17,3
131,20,80.00,-135.00,0,0.203609,4,16
132,20,0.00,0.00,0,0.202998,20,0
133,20,80.00,-170.00,0,0.202389,15,2
134,3,12.00,88.00,1,0.201782,0,1
135,20,-67.00,63.00,0,0.201177,17,3
136,20,80.00,-85.00,0,0.200573,6,1
137,20,-69.00,-30.00,0,0.199971,20,0
138,20,-43.00,21.00,0,0.199371,19,3
139,20,3.00,45.00,0,0.198773,18,1
140,20,-29.00,6.00,0,0.198177,19,2
141,20,80.00,-150.00,0,0.197582,8,12
142,20,0.00,0.00,0,0.196990,20,0
143,20,80.00,-180.00,0,0.196399,16,2
144,2,8.00,89.00,1,0.195809,0,0
145,20,-34.00,8.00,0,0.195222,19,2
146,20,80.00,-50.00,0,0.194636,3,2
147,20,-90.00,-95.00,0,0.194052,17,2
148,20,-63.00,50.00,0,0.193470,19,1
149,20,52.00,-11.00,0,0.192890,18,2
150,20,-43.00,42.00,0,0.192311,18,3
151,20,80.00,-190.00,0,0.191734,16,4
152,20,-158.00,124.00,0,0.191159,16,3
153,20,80.00,-205.00,0,0.190586,18,3
154,4,16.00,87.00,1,0.190014,0,2
155,20,-16.00,16.00,0,0.189444,16,2
156,20,80.00,-60.00,0,0.188876,3,3
157,20,-35.00,-80.00,0,0.188309,15,3
158,20,-71.00,2.00,0,0.187744,19,2
159,20,-12.00,19.00,0,0.187181,16,2
160,20,-2.00,-2.00,0,0.186619,18,2
161,20,80.00,-135.00,0,0.186059,4,17
162,20,-46.00,38.00,0,0.185501,19,1
163,20,80.00,-195.00,0,0.184945,16,4
164,2,8.00,89.00,1,0.184390,0,0
165,20,-85.00,110.00,0,0.183837,12,3
166,20,80.00,-70.00,0,0.183285,5,0
167,20,-88.00,-120.00,0,0.182735,16,2
168,20,-12.00,-11.00,0,0.182187,20,2
169,20,-19.00,24.00,0,0.181641,19,1
170,20,-6.00,-16.00,0,0.181096,16,6
171,20,80.00,-145.00,0,0.180552,5,17
172,20,9.00,-31.00,0,0.180011,17,6
173,20,80.00,-190.00,0,0.179471,16,2
174,2,8.00,39.00,1,0.178932,1,0
175,20,-48.00,67.00,0,0.178395,13,3
176,20,80.00,-60.00,0,0.177860,4,3
177,20,-75.00,-85.00,0,0.177327,17,1
178,20,-12.00,4.00,0,0.176795,19,2
179,20,-12.00,34.00,0,0.176264,19,1
180,20,7.00,-18.00,0,0.175735,13,8
181,20,80.00,-125.00,0,0.175208,4,15
182,20,-53.00,7.00,0,0.174683,14,7
183,20,80.00,-160.00,0,0.174159,14,0
184,2,8.00,89.00,1,0.173636,0,0
185,20,-56.00,84.00,0,0.173115,13,3
186,20,80.00,-50.00,0,0.172596,3,2
187,20,-75.00,-130.00,0,0.172078,18,1
188,20,-162.00,9.00,0,0.171562,18,1
189,20,3.00,35.00,0,0.171047,19,1
190,20,2.00,-38.00,0,0.170534,17,5
191,20,80.00,-140.00,0,0.170022,6,14
192,20,32.00,-43.00,0,0.169512,12,8
193,20,80.00,-150.00,0,0.169004,13,0
194,2,8.00,89.00,1,0.168497,0,0
195,20,-101.00,94.00,0,0.167991,15,0
196,20,80.00,-70.00,0,0.167487,5,0
197,20,-11.00,-170.00,0,0.166985,18,1
198,20,-4.00,-63.00,0,0.166484,19,2
199,20,49.00,-4.00,0,0.165984,19,0
200,20,2.00,-13.00,0,0.165487,14,5
201,20,80.00,-145.00,0,0.164990,5,17
202,20,-147.00,83.00,0,0.164495,19,2
203,20,80.00,-65.00,0,0.164002,4,2
204,2,8.00,89.00,1,0.163510,0,0
205,20,-108.00,69.00,0,0.163019,14,2
206,20,80.00,-60.00,0,0.162530,4,1
207,20,-1.00,-160.00,0,0.162042,18,2
208,20,-61.00,39.00,0,0.161556,20,1
209,20,49.00,-4.00,0,0.161072,19,0
210,20,22.00,-48.00,0,0.160588,14,8
211,20,80.00,-130.00,0,0.160107,2,18
212,20,-152.00,130.00,0,0.159626,18,2
213,20,80.00,-95.00,0,0.159147,7,4
214,3,12.00,78.00,1,0.158670,1,1
215,20,-76.00,94.00,0,0.158194,14,3
216,20,80.00,-30.00,0,0.157719,1,2
217,20,10.00,-110.00,0,0.157246,15,2
218,20,8.00,-16.00,0,0.156775,18,2
219,20,65.00,-38.00,0,0.156304,17,4
220,20,-13.00,-18.00,0,0.155835,15,6
221,20,80.00,-135.00,0,0.155368,6,13
222,20,-86.00,51.00,0,0.154902,20,2
223,20,80.00,-85.00,0,0.154437,6,2
224,2,8.00,89.00,1,0.153974,0,0
225,20,-12.00,40.00,0,0.153512,14,0
226,20,80.00,-60.00,0,0.153051,4,3
227,20,0.00,-130.00,0,0.152592,13,6
228,20,-14.00,-26.00,0,0.152134,20,2
229,20,47.00,-16.00,0,0.151678,17,2
230,20,19.00,-26.00,0,0.151223,14,6
231,20,80.00,-130.00,0,0.150769,5,15
232,20,-99.00,73.00,0,0.150317,16,4
233,20,80.00,-75.00,0,0.149866,5,3
234,2,8.00,49.00,1,0.149416,0,0
235,20,-93.00,86.00,0,0.148968,14,1
236,20,80.00,-60.00,0,0.148521,4,1
237,20,-102.00,-85.00,0,0.148076,13,5
238,20,8.00,-16.00,0,0.147631,18,2
239,20,-26.00,58.00,0,0.147188,15,5
240,20,-65.00,50.00,0,0.146747,17,4
241,20,80.00,-135.00,0,0.146307,3,18
242,20,-89.00,75.00,0,0.145868,18,2
243,20,80.00,-60.00,0,0.145430,4,1
244,2,8.00,89.00,1,0.144994,0,0
245,20,-78.00,94.00,0,0.144559,13,1
246,20,80.00,-75.00,0,0.144125,5,2
247,20,38.00,-100.00,0,0.143693,9,7
248,20,-16.00,-20.00,0,0.143262,17,6
249,20,45.00,-1.00,0,0.142832,15,4
250,20,-38.00,27.00,0,0.142403,18,2
251,20,80.00,-120.00,0,0.141976,3,16
252,20,-53.00,14.00,0,0.141550,17,5
253,20,80.00,-55.00,0,0.141126,3,2
254,2,8.00,89.00,1,0.140702,0,0
255,20,-115.00,80.00,0,0.140280,13,6
256,20,80.00,-55.00,0,0.139859,3,1
257,20,-1.00,-115.00,0,0.139440,7,11
258,20,-75.00,56.00,0,0.139021,16,5
259,20,-16.00,48.00,0,0.138604,15,5
260,20,-28.00,-8.00,0,0.138189,17,4
261,20,80.00,-165.00,0,0.137774,12,6
262,20,-46.00,21.00,0,0.137361,17,3
263,20,80.00,-60.00,0,0.136949,4,1
264,2,8.00,89.00,1,0.136538,0,0
265,20,-68.00,94.00,0,0.136128,13,1
266,20,80.00,-30.00,0,0.135720,1,0
267,20,18.00,-130.00,0,0.135313,7,12
268,20,-14.00,2.00,0,0.134907,16,4
269,20,-31.00,43.00,0,0.134502,16,5
270,20,-22.00,13.00,0,0.134098,13,7
271,20,80.00,-185.00,0,0.133696,14,7
272,20,-67.00,28.00,0,0.133295,20,1
273,20,80.00,-55.00,0,0.132895,3,1
274,2,8.00,89.00,1,0.132496,0,0
275,20,-113.00,76.00,0,0.132099,13,2
276,20,80.00,-50.00,0,0.131703,3,2
277,20,51.00,-105.00,0,0.131308,6,11
278,20,-8.00,-42.00,0,0.130914,16,6
279,20,-1.00,33.00,0,0.130521,15,5
280,20,22.00,-33.00,0,0.130129,12,8
281,20,80.00,-150.00,0,0.129739,6,16
282,20,-88.00,48.00,0,0.129350,17,6
283,20,80.00,-55.00,0,0.128962,3,3
284,2,8.00,89.00,1,0.128575,0,0
285,20,-71.00,81.00,0,0.128189,13,3
286,20,80.00,-40.00,0,0.127805,2,2
287,20,72.00,-130.00,0,0.127421,6,14
288,20,-124.00,91.00,0,0.127039,15,7
289,20,-61.00,39.00,0,0.126658,16,3
290,20,14.00,-16.00,0,0.126278,14,6
291,20,80.00,-210.00,0,0.125899,19,0
292,20,-93.00,77.00,0,0.125521,18,2
293,20,80.00,-85.00,0,0.125145,6,4
294,2,8.00,89.00,1,0.124769,0,0
295,20,-143.00,102.00,0,0.124395,13,6
296,20,80.00,-40.00,0,0.124022,2,1
297,20,-3.00,-110.00,0,0.123650,9,10
298,20,-102.00,48.00,0,0.123279,15,5
299,20,-100.00,90.00,0,0.122909,14,3
300,20,-59.00,41.00,0,0.122540,12,9
301,20,80.00,-135.00,0,0.122173,3,17
302,20,-91.00,77.00,0,0.121806,18,2
303,20,80.00,-100.00,0,0.121441,8,1
304,2,8.00,89.00,1,0.121076,0,0
305,20,-78.00,79.00,0,0.120713,13,3
306,20,80.00,-70.00,0,0.120351,5,2
307,20,26.00,-80.00,0,0.119990,11,7
308,20,-4.00,-13.00,0,0.119630,17,4
309,20,-16.00,48.00,0,0.119271,15,5
310,20,-29.00,26.00,0,0.118913,8,14
311,20,80.00,-125.00,0,0.118556,3,18
312,20,-95.00,77.00,0,0.118201,18,2
313,20,80.00,-45.00,0,0.117846,2,2
314,2,8.00,89.00,1,0.117493,0,0
315,20,-133.00,84.00,0,0.117140,14,4
316,20,80.00,-50.00,0,0.116789,3,3
317,20,64.00,-120.00,0,0.116438,6,12
318,20,-14.00,2.00,0,0.116089,16,4
319,20,35.00,4.00,0,0.115741,15,4
320,20,-58.00,62.00,0,0.115394,9,13
321,20,80.00,-135.00,0,0.115047,3,18
322,20,-47.00,23.00,0,0.114702,17,5
323,20,80.00,-60.00,0,0.114358,4,1
324,2,8.00,89.00,1,0.114015,0,0
325,20,-58.00,67.00,0,0.113673,12,5
326,20,80.00,-35.00,0,0.113332,1,1
327,20,-22.00,-90.00,0,0.112992,10,7
328,20,-75.00,-3.00,0,0.112653,18,4
329,20,35.00,4.00,0,0.112315,15,4
330,20,-75.00,95.00,0,0.111978,6,15
331,20,80.00,-190.00,0,0.111642,16,2
332,20,-16.00,-21.00,0,0.111307,18,4
333,20,80.00,-60.00,0,0.110973,4,1
334,2,8.00,89.00,1,0.110640,0,0
335,20,-12.00,30.00,0,0.110308,13,2
336,20,80.00,-70.00,0,0.109978,5,0
337,20,72.00,-120.00,0,0.109648,4,15
338,20,-14.00,4.00,0,0.109319,16,4
339,20,-1.00,43.00,0,0.108991,15,3
340,20,29.00,4.00,0,0.108664,4,16
341,20,80.00,-135.00,0,0.108338,3,19
342,20,-90.00,73.00,0,0.108013,17,4
343,20,80.00,-50.00,0,0.107689,3,0
344,2,8.00,89.00,1,0.107366,0,0
345,20,-101.00,74.00,0,0.107044,13,4
346,20,80.00,-60.00,0,0.106722,4,1
347,20,51.00,-105.00,0,0.106402,7,11
348,20,-110.00,50.00,0,0.106083,17,3
349,20,35.00,4.00,0,0.105765,15,4
350,20,-30.00,55.00,0,0.105448,6,15
351,20,80.00,-150.00,0,0.105131,9,9
352,20,-30.00,11.00,0,0.104816,16,5
353,20,80.00,-70.00,0,0.104501,4,3
354,2,8.00,89.00,1,0.104188,0,0
355,20,-68.00,74.00,0,0.103875,11,5
356,20,80.00,-50.00,0,0.103564,3,0
357,20,10.00,-105.00,0,0.103253,5,13
358,20,-58.00,48.00,0,0.102943,17,3
359,20,-11.00,50.00,0,0.102634,15,3
360,20,9.00,19.00,0,0.102326,5,14
361,20,80.00,-130.00,0,0.102019,2,20
362,20,-59.00,33.00,0,0.101713,18,3
363,20,80.00,-30.00,0,0.101408,1,0
364,2,8.00,89.00,1,0.101104,0,0
365,20,-58.00,67.00,0,0.100801,12,5
366,20,80.00,-60.00,0,0.100498,4,1
367,20,56.00,-125.00,0,0.100197,7,12
368,20,-4.00,-4.00,0,0.099896,17,2
369,20,-21.00,58.00,0,0.099597,14,5
370,20,-62.00,78.00,0,0.099298,5,15
371,20,80.00,-115.00,0,0.099000,0,19
372,20,-44.00,30.00,0,0.098703,17,3
373,20,80.00,-35.00,0,0.098407,1,1
374,2,8.00,89.00,1,0.098112,0,0
375,20,-73.00,77.00,0,0.097817,13,5
376,20,80.00,-35.00,0,0.097524,1,1
377,20,38.00,-110.00,0,0.097231,9,8
378,20,-53.00,35.00,0,0.096940,18,3
379,20,47.00,-6.00,0,0.096649,17,2
380,20,16.00,-19.00,0,0.096359,17,3
381,20,80.00,-130.00,0,0.096070,2,20
382,20,-44.00,23.00,0,0.095781,18,3
383,20,80.00,-65.00,0,0.095494,4,2
384,2,8.00,89.00,1,0.095208,0,0
385,20,-56.00,66.00,0,0.094922,13,3
386,20,80.00,-50.00,0,0.094637,3,0
387,20,-3.00,-100.00,0,0.094353,7,10
388,20,-65.00,43.00,0,0.094070,17,5
389,20,-38.00,34.00,0,0.093788,16,5
390,20,24.00,-11.00,0,0.093507,7,16
391,20,80.00,-120.00,0,0.093226,0,20
392,20,-50.00,21.00,0,0.092946,16,5
393,20,80.00,-30.00,0,0.092668,1,1
394,2,8.00,89.00,1,0.092390,0,0
395,20,-66.00,84.00,0,0.092112,13,3
396,20,80.00,-40.00,0,0.091836,2,1
397,20,72.00,-125.00,0,0.091561,4,16
398,20,-19.00,4.00,0,0.091286,17,4
399,20,-9.00,50.00,0,0.091012,16,3
400,20,-32.00,63.00,0,0.090739,4,17
401,20,80.00,-120.00,0,0.090467,0,20
402,20,-56.00,27.00,0,0.090195,17,3
403,20,80.00,-30.00,0,0.089925,1,1
404,2,8.00,89.00,1,0.089655,0,0
405,20,-43.00,62.00,0,0.089386,10,7
406,20,80.00,-40.00,0,0.089118,2,2
407,20,41.00,-115.00,0,0.088851,8,9
408,20,-2.00,-4.00,0,0.088584,18,2
409,20,-16.00,8.00,0,0.088318,16,3
410,20,1.00,-9.00,0,0.088053,18,1
411,20,80.00,-115.00,0,0.087789,2,16
412,20,-6.00,-5.00,0,0.087526,14,6
413,20,80.00,-70.00,0,0.087263,5,1
414,2,8.00,89.00,1,0.087001,0,0
415,20,-71.00,94.00,0,0.086740,13,3
416,20,80.00,-70.00,0,0.086480,5,0
417,20,64.00,-115.00,0,0.086221,5,14
418,20,-4.00,-1.00,0,0.085962,16,4
419,20,19.00,-2.00,0,0.085704,16,3
420,20,-23.00,32.00,0,0.085447,9,11
421,20,80.00,-125.00,0,0.085191,1,20
422,20,17.00,-35.00,0,0.084935,14,6
423,20,80.00,-30.00,0,0.084680,1,0
424,3,12.00,83.00,1,0.084426,0,1
425,20,-17.00,28.00,0,0.084173,13,4
426,20,80.00,-30.00,0,0.083921,1,0
427,20,51.00,-110.00,0,0.083669,7,12
428,20,-58.00,50.00,0,0.083418,17,3
429,20,42.00,6.00,0,0.083168,17,2
430,20,4.00,19.00,0,0.082918,6,14
431,20,80.00,-135.00,0,0.082669,3,17
432,20,-48.00,-7.00,0,0.082421,15,5
433,20,80.00,-70.00,0,0.082174,5,3
434,2,8.00,89.00,1,0.081927,0,0
435,20,-73.00,84.00,0,0.081682,13,3
436,20,80.00,-35.00,0,0.081437,1,1
437,20,64.00,-110.00,0,0.081192,5,14
438,20,-9.00,-11.00,0,0.080949,17,4
439,20,40.00,1.00,0,0.080706,16,4
440,20,-47.00,73.00,0,0.080464,4,17
441,20,80.00,-115.00,0,0.080222,0,20
442,20,-97.00,81.00,0,0.079982,16,4
443,20,80.00,-40.00,0,0.079742,2,1
444,2,8.00,89.00,1,0.079503,0,0
445,20,-22.00,38.00,0,0.079264,12,4
446,20,80.00,-55.00,0,0.079026,3,1
447,20,-38.00,-95.00,0,0.078789,8,10
448,20,-70.00,45.00,0,0.078553,17,3
449,20,-51.00,40.00,0,0.078317,16,3
450,20,-12.00,58.00,0,0.078082,3,17
451,20,80.00,-120.00,0,0.077848,2,16
452,20,-4.00,-10.00,0,0.077614,16,4
453,20,80.00,-50.00,0,0.077382,3,0
454,3,12.00,78.00,1,0.077149,1,1
455,20,-7.00,28.00,0,0.076918,12,4
456,20,80.00,-40.00,0,0.076687,2,1
457,20,64.00,-115.00,0,0.076457,6,13
458,20,-12.00,6.00,0,0.076228,18,2
459,20,-49.00,92.00,0,0.075999,17,1
460,20,-27.00,43.00,0,0.075771,13,6
461,20,80.00,-120.00,0,0.075544,0,20
462,20,-13.00,0.00,0,0.075317,14,6
463,20,80.00,-50.00,0,0.075091,3,0
464,2,8.00,89.00,1,0.074866,0,0
465,20,-25.00,30.00,0,0.074641,14,4
466,20,80.00,-30.00,0,0.074417,1,1
467,20,80.00,-135.00,0,0.074194,3,18
468,20,-67.00,-23.00,0,0.073972,17,5
469,20,47.00,-9.00,0,0.073750,18,2
470,20,-17.00,58.00,0,0.073528,3,17
471,20,80.00,-140.00,0,0.073308,5,15
472,20,-52.00,36.00,0,0.073088,17,3
473,20,80.00,-60.00,0,0.072869,4,1
474,2,8.00,89.00,1,0.072650,0,0
475,20,-7.00,23.00,0,0.072432,13,4
476,20,80.00,-50.00,0,0.072215,3,4
477,20,59.00,-115.00,0,0.071998,5,13
478,20,-58.00,52.00,0,0.071782,17,3
479,20,3.00,42.00,0,0.071567,18,1
480,20,-42.00,78.00,0,0.071352,4,15
481,20,80.00,-125.00,0,0.071138,1,20
482,20,-8.00,-10.00,0,0.070925,16,4
483,20,80.00,-50.00,0,0.070712,3,0
484,2,8.00,89.00,1,0.070500,0,0
485,20,-66.00,84.00,0,0.070288,13,3
486,20,80.00,-30.00,0,0.070077,1,0
487,20,56.00,-115.00,0,0.069867,5,13
488,20,-68.00,50.00,0,0.069658,17,3
489,20,1.00,45.00,0,0.069449,16,3
490,20,-27.00,73.00,0,0.069240,3,17
491,20,80.00,-115.00,0,0.069033,2,16
492,20,-6.00,-10.00,0,0.068825,16,4
493,20,80.00,-45.00,0,0.068619,2,2
494,2,8.00,89.00,1,0.068413,0,0
495,20,-54.00,66.00,0,0.068208,14,3
496,20,80.00,-40.00,0,0.068003,1,2
497,20,51.00,-100.00,0,0.067799,5,12
498,20,-4.00,-4.00,0,0.067596,17,2
499,20,-24.00,62.00,0,0.067393,17,3
500,20,-14.00,21.00,0,0.067191,13,6
501,20,80.00,-130.00,0,0.066989,2,18
502,20,-6.00,-15.00,0,0.066788,15,6
503,20,80.00,-30.00,0,0.066588,1,0
504,2,8.00,89.00,1,0.066388,0,0
505,20,-20.00,30.00,0,0.066189,14,4
506,20,80.00,-30.00,0,0.065990,1,1
507,20,54.00,-105.00,0,0.065792,5,13
508,20,-100.00,42.00,0,0.065595,18,1
509,20,-54.00,8.00,0,0.065398,17,2
510,20,-21.00,54.00,0,0.065202,5,14
511,20,80.00,-155.00,0,0.065007,7,13
512,20,-89.00,66.00,0,0.064811,17,4
513,20,80.00,-40.00,0,0.064617,2,2
514,2,8.00,89.00,1,0.064423,0,0
515,20,-56.00,74.00,0,0.064230,13,3
516,20,80.00,-60.00,0,0.064037,4,1
517,20,64.00,-130.00,0,0.063845,5,14
518,20,-46.00,42.00,0,0.063654,19,1
519,20,-16.00,60.00,0,0.063463,15,3
520,20,-44.00,91.00,0,0.063272,1,19
521,20,80.00,-120.00,0,0.063082,1,20
522,20,-64.00,48.00,0,0.062893,17,3
523,20,80.00,-50.00,0,0.062705,3,0
524,2,8.00,89.00,1,0.062516,0,0
525,20,-61.00,84.00,0,0.062329,13,3
526,20,80.00,-30.00,0,0.062142,1,0
527,20,51.00,-95.00,0,0.061955,4,13
528,20,-48.00,20.00,0,0.061770,19,1
529,20,37.00,8.00,0,0.061584,17,2
530,20,-44.00,101.00,0,0.061400,1,19
531,20,80.00,-135.00,0,0.061215,3,18
532,20,-65.00,14.00,0,0.061032,18,3
533,20,80.00,-30.00,0,0.060849,1,0
534,2,8.00,89.00,1,0.060666,0,0
535,20,-56.00,61.00,0,0.060484,14,3
536,20,80.00,-35.00,0,0.060303,1,1
537,20,80.00,-130.00,0,0.060122,2,18
538,20,-45.00,26.00,0,0.059941,17,3
539,20,-7.00,54.00,0,0.059761,18,1
540,20,-34.00,86.00,0,0.059582,1,19
541,20,80.00,-120.00,0,0.059403,0,20
542,20,12.00,-24.00,0,0.059225,16,3
543,20,80.00,-50.00,0,0.059048,3,1
544,2,8.00,89.00,1,0.058870,0,0
545,20,-78.00,84.00,0,0.058694,12,3
546,20,80.00,-35.00,0,0.058518,1,1
547,20,56.00,-100.00,0,0.058342,5,13
548,20,-12.00,6.00,0,0.058167,18,2
549,20,-31.00,42.00,0,0.057993,16,3
550,20,-74.00,121.00,0,0.057819,2,17
551,20,80.00,-125.00,0,0.057645,1,20
552,20,20.00,-41.00,0,0.057472,17,1
553,20,80.00,-90.00,0,0.057300,7,0
554,3,12.00,83.00,1,0.057128,0,1
555,20,-54.00,66.00,0,0.056957,14,3
556,20,80.00,-50.00,0,0.056786,3,0
557,20,52.00,-125.00,0,0.056615,4,16
558,20,0.00,-2.00,0,0.056445,20,0
559,20,3.00,49.00,0,0.056276,18,1
560,20,-44.00,101.00,0,0.056107,1,19
561,20,80.00,-120.00,0,0.055939,2,16
562,20,19.00,-24.00,0,0.055771,15,3
563,20,80.00,-60.00,0,0.055604,4,1
564,2,8.00,89.00,1,0.055437,0,0
565,20,-99.00,76.00,0,0.055271,15,2
566,20,80.00,-40.00,0,0.055105,2,1
567,20,64.00,-100.00,0,0.054940,3,15
568,20,-46.00,44.00,0,0.054775,19,1
569,20,3.00,39.00,0,0.054610,19,1
570,20,-39.00,91.00,0,0.054447,1,19
571,20,80.00,-135.00,0,0.054283,3,18
572,20,-33.00,-1.00,0,0.054120,19,1
573,20,80.00,-70.00,0,0.053958,5,0
574,2,8.00,89.00,1,0.053796,0,0
575,20,-68.00,64.00,0,0.053635,13,3
576,20,80.00,-30.00,0,0.053474,1,0
577,20,72.00,-130.00,0,0.053314,2,18
578,20,0.00,-2.00,0,0.053154,20,0
579,20,-7.00,54.00,0,0.052994,18,1
580,20,-44.00,101.00,0,0.052835,1,19
581,20,80.00,-115.00,0,0.052677,2,16
582,20,49.00,-85.00,0,0.052519,15,3
583,20,80.00,-30.00,0,0.052361,1,1
584,2,8.00,89.00,1,0.052204,0,0
585,20,-68.00,92.00,0,0.052047,12,3
586,20,80.00,-40.00,0,0.051891,2,0
587,20,59.00,-115.00,0,0.051736,5,13
588,20,-58.00,41.00,0,0.051580,17,3
589,20,49.00,-4.00,0,0.051426,19,0
590,20,17.00,37.00,0,0.051271,2,18
591,20,80.00,-120.00,0,0.051117,0,20
592,20,-40.00,2.00,0,0.050964,16,5
593,20,80.00,-70.00,0,0.050811,5,0
594,3,12.00,88.00,1,0.050659,0,1
595,20,-8.00,22.00,0,0.050507,15,2
596,20,80.00,-55.00,0,0.050355,3,1
597,20,80.00,-120.00,0,0.050204,0,20
598,20,-56.00,54.00,0,0.050054,19,1
599,20,42.00,-2.00,0,0.049903,18,2
600,20,-62.00,103.00,0,0.049754,4,15
601,20,80.00,-115.00,0,0.049605,0,20
602,20,-86.00,51.00,0,0.049456,17,2
603,20,80.00,-30.00,0,0.049307,1,0
604,2,8.00,89.00,1,0.049159,0,0
605,20,-12.00,15.00,0,0.049012,12,4
606,20,80.00,-30.00,0,0.048865,1,0
607,20,64.00,-105.00,0,0.048718,3,15
608,20,-46.00,39.00,0,0.048572,20,1
609,20,37.00,8.00,0,0.048426,17,2
610,20,-44.00,96.00,0,0.048281,1,19
611,20,80.00,-125.00,0,0.048136,1,20
612,20,110.00,-125.00,0,0.047992,13,4
613,20,80.00,-30.00,0,0.047848,1,1
614,2,8.00,89.00,1,0.047704,0,0
615,20,-8.00,22.00,0,0.047561,15,2
616,20,80.00,-35.00,0,0.047419,1,1
617,20,47.00,-105.00,0,0.047276,4,15
618,20,-46.00,44.00,0,0.047134,19,1
619,20,-2.00,52.00,0,0.046993,18,1
620,20,-44.00,96.00,0,0.046852,1,19
621,20,80.00,-135.00,0,0.046712,3,17
622,20,-61.00,43.00,0,0.046571,18,2
623,20,80.00,-30.00,0,0.046432,1,1
624,2,8.00,89.00,1,0.046292,0,0
625,20,-101.00,84.00,0,0.046154,14,2
626,20,80.00,-40.00,0,0.046015,2,1
627,20,80.00,-135.00,0,0.045877,3,18
628,20,-2.00,-7.00,0,0.045739,19,2
629,20,-7.00,43.00,0,0.045602,18,1
630,20,-64.00,111.00,0,0.045465,2,19
631,20,80.00,-135.00,0,0.045329,3,17
632,20,50.00,-70.00,0,0.045193,16,2
633,20,80.00,-40.00,0,0.045057,2,1
634,2,8.00,89.00,1,0.044922,0,0
635,20,-76.00,76.00,0,0.044787,13,3
636,20,80.00,-40.00,0,0.044653,2,1
637,20,80.00,-120.00,0,0.044519,0,20
638,20,-46.00,44.00,0,0.044386,19,1
639,20,49.00,0.00,0,0.044252,19,0
640,20,-54.00,111.00,0,0.044120,1,19
641,20,80.00,-130.00,0,0.043987,2,18
642,20,-33.00,13.00,0,0.043855,17,3
643,20,80.00,-50.00,0,0.043724,3,0
644,2,8.00,89.00,1,0.043593,0,0
645,20,-54.00,76.00,0,0.043462,15,1
646,20,80.00,-40.00,0,0.043331,2,1
647,20,18.00,-110.00,0,0.043201,3,16
648,20,-12.00,6.00,0,0.043072,18,2
649,20,3.00,44.00,0,0.042943,18,1
650,20,-59.00,111.00,0,0.042814,1,19
651,20,80.00,-145.00,0,0.042685,7,11
652,20,24.00,-43.00,0,0.042557,17,1
653,20,80.00,-50.00,0,0.042430,3,0
654,2,8.00,89.00,1,0.042302,0,0
655,20,-66.00,84.00,0,0.042175,13,3
656,20,80.00,-50.00,0,0.042049,3,0
657,20,80.00,-115.00,0,0.041923,0,20
658,20,0.00,-2.00,0,0.041797,20,0
659,20,49.00,0.00,0,0.041672,19,0
660,20,-54.00,111.00,0,0.041547,1,19
661,20,80.00,-115.00,0,0.041422,0,20
662,20,16.00,-24.00,0,0.041298,15,3
663,20,80.00,-70.00,0,0.041174,5,0
664,2,8.00,89.00,1,0.041050,0,0
665,20,-111.00,76.00,0,0.040927,14,2
666,20,80.00,-50.00,0,0.040804,3,0
667,20,67.00,-115.00,0,0.040682,2,17
668,20,-12.00,8.00,0,0.040560,18,2
669,20,-14.00,2.00,0,0.040438,19,1
670,20,-42.00,93.00,0,0.040317,3,17
671,20,80.00,-115.00,0,0.040196,0,19
672,20,31.00,-41.00,0,0.040075,17,2
673,20,80.00,-50.00,0,0.039955,3,0
674,2,8.00,89.00,1,0.039835,0,0
675,20,-104.00,66.00,0,0.039716,15,4
676,20,80.00,-30.00,0,0.039597,1,0
677,20,72.00,-120.00,0,0.039478,3,16
678,20,8.00,-9.00,0,0.039359,18,2
679,20,49.00,0.00,0,0.039241,19,0
680,20,-59.00,116.00,0,0.039124,1,19
681,20,80.00,-120.00,0,0.039006,0,20
682,20,-28.00,4.00,0,0.038889,18,1
683,20,80.00,-30.00,0,0.038773,1,1
684,2,8.00,89.00,1,0.038656,0,0
685,20,-54.00,61.00,0,0.038540,15,3
686,20,80.00,-40.00,0,0.038425,2,2
687,20,80.00,-115.00,0,0.038309,0,20
688,20,0.00,0.00,0,0.038194,20,0
689,20,-9.00,47.00,0,0.038080,17,3
690,20,-79.00,116.00,0,0.037966,3,17
691,20,80.00,-120.00,0,0.037852,1,19
692,20,110.00,-113.00,0,0.037738,15,2
693,20,80.00,-30.00,0,0.037625,1,0
694,2,8.00,89.00,1,0.037512,0,0
695,20,-22.00,30.00,0,0.037400,13,2
696,20,80.00,-30.00,0,0.037287,1,0
697,20,72.00,-130.00,0,0.037175,2,18
698,20,0.00,-2.00,0,0.037064,20,0
699,20,57.00,-7.00,0,0.036953,17,2
700,20,-59.00,116.00,0,0.036842,1,19
701,20,80.00,-120.00,0,0.036731,0,20
702,20,-16.00,3.00,0,0.036621,18,1
703,20,80.00,-30.00,0,0.036511,1,0
704,2,8.00,89.00,1,0.036402,0,0
705,20,-10.00,30.00,0,0.036293,14,2
706,20,80.00,-50.00,0,0.036184,3,0
707,20,80.00,-120.00,0,0.036075,0,20
708,20,0.00,0.00,0,0.035967,20,0
709,20,47.00,0.00,0,0.035859,18,0
710,20,-54.00,101.00,0,0.035751,2,19
711,20,80.00,-120.00,0,0.035644,0,20
712,20,-26.00,12.00,0,0.035537,16,1
713,20,80.00,-30.00,0,0.035431,1,0
714,2,8.00,89.00,1,0.035324,0,0
715,20,-69.00,76.00,0,0.035218,15,3
716,20,80.00,-75.00,0,0.035113,5,1
717,20,64.00,-105.00,0,0.035007,3,15
718,20,-61.00,54.00,0,0.034902,20,1
719,20,49.00,-2.00,0,0.034798,19,0
720,20,-74.00,121.00,0,0.034693,2,19
721,20,80.00,-120.00,0,0.034589,0,20
722,20,24.00,-43.00,0,0.034485,15,3
723,20,80.00,-30.00,0,0.034382,1,0
724,2,8.00,89.00,1,0.034279,0,0
725,20,-111.00,76.00,0,0.034176,14,2
726,20,80.00,-30.00,0,0.034073,1,0
727,20,80.00,-120.00,0,0.033971,0,20
728,20,-58.00,57.00,0,0.033869,17,3
729,20,49.00,-2.00,0,0.033768,19,0
730,20,-27.00,78.00,0,0.033666,3,17
731,20,80.00,-120.00,0,0.033565,0,20
732,20,70.00,-78.00,0,0.033465,16,2
733,20,80.00,-30.00,0,0.033364,1,0
734,2,8.00,89.00,1,0.033264,0,0
735,20,-6.00,14.00,0,0.033164,16,2
736,20,80.00,-50.00,0,0.033065,3,2
737,20,80.00,-120.00,0,0.032966,0,20
738,20,-46.00,44.00,0,0.032867,19,1
739,20,49.00,0.00,0,0.032768,19,0
740,20,-44.00,91.00,0,0.032670,1,19
741,20,80.00,-115.00,0,0.032572,0,20
742,20,-36.00,12.00,0,0.032474,17,1
743,20,80.00,-30.00,0,0.032377,1,0
744,2,8.00,89.00,1,0.032280,0,0
745,20,-56.00,69.00,0,0.032183,14,3
746,20,80.00,-30.00,0,0.032086,1,0
747,20,67.00,-115.00,0,0.031990,2,17
748,20,-48.00,-3.00,0,0.031894,19,1
749,20,47.00,0.00,0,0.031798,18,0
750,20,16.00,1.00,0,0.031703,8,13
751,20,80.00,-125.00,0,0.031608,1,20
752,20,70.00,-80.00,0,0.031513,16,2
753,20,80.00,-50.00,0,0.031418,3,0
754,4,16.00,87.00,1,0.031324,1,0
755,20,-111.00,76.00,0,0.031230,14,2
756,20,80.00,-35.00,0,0.031137,1,1
757,20,80.00,-120.00,0,0.031043,0,20
758,20,0.00,0.00,0,0.030950,20,0
759,20,49.00,0.00,0,0.030857,19,0
760,20,-49.00,101.00,0,0.030765,1,19
761,20,80.00,-120.00,0,0.030672,0,20
762,20,-21.00,13.00,0,0.030580,16,2
763,20,80.00,-50.00,0,0.030489,3,2
764,2,8.00,89.00,1,0.030397,0,0
765,20,-8.00,22.00,0,0.030306,15,2
766,20,80.00,-35.00,0,0.030215,1,1
767,20,80.00,-120.00,0,0.030124,0,20
768,20,0.00,0.00,0,0.030034,20,0
769,20,49.00,0.00,0,0.029944,19,0
770,20,-34.00,91.00,0,0.029854,1,19
771,20,80.00,-120.00,0,0.029764,0,20
772,20,-21.00,13.00,0,0.029675,16,2
773,20,80.00,-40.00,0,0.029586,2,1
774,2,8.00,89.00,1,0.029497,0,0
775,20,-8.00,22.00,0,0.029409,15,2
776,20,80.00,-30.00,0,0.029321,1,0
777,20,80.00,-120.00,0,0.029233,0,20
778,20,-48.00,-8.00,0,0.029145,19,1
779,20,49.00,0.00,0,0.029058,19,0
780,20,-14.00,66.00,0,0.028970,1,19
781,20,80.00,-120.00,0,0.028883,0,20
782,20,70.00,-78.00,0,0.028797,16,2
783,20,80.00,-40.00,0,0.028710,2,1
784,2,8.00,89.00,1,0.028624,0,0
785,20,-22.00,30.00,0,0.028538,13,2
786,20,80.00,-30.00,0,0.028453,1,0
787,20,80.00,-120.00,0,0.028367,0,20
788,20,-7.00,-7.00,0,0.028282,20,2
789,20,49.00,-2.00,0,0.028198,19,0
790,20,-14.00,71.00,0,0.028113,1,19
791,20,80.00,-120.00,0,0.028029,0,20
792,20,76.00,-49.00,0,0.027944,9,10
793,20,80.00,-40.00,0,0.027861,2,1
794,2,8.00,89.00,1,0.027777,0,0
795,20,-22.00,30.00,0,0.027694,13,2
796,20,80.00,-30.00,0,0.027611,1,0
797,20,80.00,-120.00,0,0.027528,0,20
798,20,0.00,0.00,0,0.027445,20,0
799,20,27.00,8.00,0,0.027363,19,2
800,20,-10.00,50.00,0,0.027281,5,14
801,20,80.00,-120.00,0,0.027199,0,20
802,20,80.00,-20.00,0,0.027117,0,20
803,20,80.00,-30.00,0,0.027036,1,0
804,2,8.00,89.00,1,0.026955,0,0
805,20,-13.00,32.00,0,0.026874,15,2
806,20,80.00,-30.00,0,0.026793,1,0
807,20,80.00,-120.00,0,0.026713,0,20
808,20,0.00,0.00,0,0.026633,20,0
809,20,-2.00,54.00,0,0.026553,18,1
810,20,-14.00,71.00,0,0.026473,1,19
811,20,80.00,-120.00,0,0.026394,0,20
812,20,62.00,-18.00,0,0.026315,4,16
813,20,80.00,-50.00,0,0.026236,3,1
814,2,8.00,89.00,1,0.026157,0,0
815,20,-8.00,22.00,0,0.026079,15,2
816,20,80.00,-50.00,0,0.026000,3,0
817,20,80.00,-125.00,0,0.025922,1,19
818,20,-61.00,54.00,0,0.025845,20,1
819,20,49.00,0.00,0,0.025767,19,0
820,20,-19.00,76.00,0,0.025690,1,19
821,20,80.00,-120.00,0,0.025613,0,20
822,20,80.00,-25.00,0,0.025536,0,20
823,20,80.00,-40.00,0,0.025459,2,1
824,2,8.00,89.00,1,0.025383,0,0
825,20,-54.00,76.00,0,0.025307,15,1
826,20,80.00,-30.00,0,0.025231,1,0
827,20,80.00,-120.00,0,0.025155,0,20
828,20,0.00,0.00,0,0.025080,20,0
829,20,49.00,0.00,0,0.025004,19,0
830,20,22.00,17.00,0,0.024929,3,18
831,20,80.00,-125.00,0,0.024855,1,20
832,20,80.00,-20.00,0,0.024780,0,20
833,20,80.00,-50.00,0,0.024706,3,0
834,2,8.00,89.00,1,0.024632,0,0
835,20,-6.00,14.00,0,0.024558,16,2
836,20,80.00,-30.00,0,0.024484,1,0
837,20,80.00,-120.00,0,0.024411,0,20
838,20,0.00,0.00,0,0.024337,20,0
839,20,49.00,0.00,0,0.024264,19,0
840,20,-9.00,56.00,0,0.024192,2,19
841,20,80.00,-35.00,0,0.024119,1,1
842,20,80.00,-20.00,0,0.024047,0,20
843,20,80.00,-30.00,0,0.023974,1,0
844,2,8.00,89.00,1,0.023903,0,0
845,20,-71.00,30.00,0,0.023831,14,2
846,20,80.00,-50.00,0,0.023759,3,0
847,20,80.00,-125.00,0,0.023688,1,20
848,20,-2.00,-52.00,0,0.023617,20,0
849,20,49.00,0.00,0,0.023546,19,0
850,20,11.00,46.00,0,0.023476,1,19
851,20,80.00,-20.00,0,0.023405,0,0
852,20,42.00,-8.00,0,0.023335,5,14
853,20,80.00,-40.00,0,0.023265,2,1
854,2,8.00,89.00,1,0.023195,0,0
855,20,-99.00,76.00,0,0.023126,15,2
856,20,80.00,-30.00,0,0.023056,1,0
857,20,72.00,-130.00,0,0.022987,2,18
858,20,0.00,0.00,0,0.022918,20,0
859,20,49.00,0.00,0,0.022849,19,0
860,20,80.00,-20.00,0,0.022781,0,20
861,20,80.00,-20.00,0,0.022712,0,0
862,20,80.00,-20.00,0,0.022644,0,20
863,20,80.00,-30.00,0,0.022576,1,1
864,2,8.00,89.00,1,0.022509,0,0
865,20,-10.00,30.00,0,0.022441,14,2
866,20,80.00,-30.00,0,0.022374,1,0
867,20,80.00,-120.00,0,0.022307,0,20
868,20,0.00,0.00,0,0.022240,20,0
869,20,49.00,0.00,0,0.022173,19,0
870,20,12.00,37.00,0,0.022106,2,18
871,20,80.00,-30.00,0,0.022040,1,1
872,20,80.00,-20.00,0,0.021974,0,20
873,20,80.00,-50.00,0,0.021908,3,0
874,2,8.00,89.00,1,0.021842,0,0
875,20,-8.00,22.00,0,0.021777,15,2
876,20,80.00,-35.00,0,0.021711,1,1
877,20,80.00,-120.00,0,0.021646,0,20
878,20,0.00,0.00,0,0.021581,20,0
879,20,49.00,0.00,0,0.021517,19,0
880,20,80.00,-25.00,0,0.021452,0,20
881,20,80.00,-40.00,0,0.021388,2,2
882,20,80.00,-20.00,0,0.021324,0,20
883,20,80.00,-40.00,0,0.021260,2,1
884,2,8.00,89.00,1,0.021196,0,0
885,20,-76.00,86.00,0,0.021132,14,1
886,20,80.00,-30.00,0,0.021069,1,0
887,20,80.00,-120.00,0,0.021006,0,20
888,20,0.00,0.00,0,0.020943,20,0
889,20,27.00,0.00,0,0.020880,19,0
890,20,-59.00,116.00,0,0.020817,1,19
891,20,80.00,-20.00,0,0.020755,0,0
892,20,80.00,-20.00,0,0.020692,0,20
893,20,80.00,-40.00,0,0.020630,2,1
894,2,8.00,89.00,1,0.020568,0,0
895,20,-54.00,76.00,0,0.020507,15,1
896,20,80.00,-30.00,0,0.020445,1,0
897,20,80.00,-125.00,0,0.020384,1,19
898,20,0.00,0.00,0,0.020323,20,0
899,20,49.00,0.00,0,0.020262,19,0
900,20,80.00,-20.00,0,0.020201,0,20
901,20,80.00,-20.00,0,0.020140,0,0
902,20,80.00,-20.00,0,0.020080,0,20
903,20,80.00,-30.00,0,0.020020,1,0
904,2,8.00,89.00,1,0.019960,0,0
905,20,-99.00,76.00,0,0.019900,15,2
906,20,80.00,-30.00,0,0.019840,1,0
907,20,80.00,-120.00,0,0.019781,0,20
908,20,0.00,0.00,0,0.019721,20,0
909,20,49.00,0.00,0,0.019662,19,0
910,20,26.00,31.00,0,0.019603,1,19
911,20,80.00,-20.00,0,0.019544,0,0
912,20,80.00,-30.00,0,0.019486,1,20
913,20,80.00,-30.00,0,0.019427,1,0
914,2,8.00,89.00,1,0.019369,0,0
915,20,-111.00,76.00,0,0.019311,14,2
916,20,80.00,-30.00,0,0.019253,1,0
917,20,80.00,-120.00,0,0.019195,0,20
918,20,0.00,0.00,0,0.019138,20,0
919,20,49.00,0.00,0,0.019080,19,0
920,20,80.00,-20.00,0,0.019023,0,20
921,20,80.00,-20.00,0,0.018966,0,0
922,20,72.00,-18.00,0,0.018909,2,18
923,20,80.00,-30.00,0,0.018852,1,0
924,2,8.00,89.00,1,0.018796,0,0
925,20,-10.00,30.00,0,0.018739,14,2
926,20,80.00,-50.00,0,0.018683,3,0
927,20,41.00,-95.00,0,0.018627,6,11
928,20,-48.00,-13.00,0,0.018571,20,1
929,20,-3.00,0.00,0,0.018515,19,0
930,20,80.00,-20.00,0,0.018460,0,20
931,20,80.00,-20.00,0,0.018404,0,0
932,20,80.00,-20.00,0,0.018349,0,20
933,20,80.00,-40.00,0,0.018294,1,2
934,2,8.00,89.00,1,0.018239,0,0
935,20,-54.00,76.00,0,0.018185,15,1
936,20,80.00,-35.00,0,0.018130,1,1
937,20,80.00,-125.00,0,0.018076,1,19
938,20,0.00,0.00,0,0.018021,20,0
939,20,49.00,0.00,0,0.017967,19,0
940,20,26.00,31.00,0,0.017913,1,19
941,20,80.00,-20.00,0,0.017860,0,0
942,20,80.00,-20.00,0,0.017806,0,20
943,20,80.00,-30.00,0,0.017753,1,0
944,2,8.00,89.00,1,0.017699,0,0
945,20,-8.00,22.00,0,0.017646,15,2
946,20,80.00,-30.00,0,0.017593,1,0
947,20,80.00,-120.00,0,0.017541,0,20
948,20,0.00,0.00,0,0.017488,20,0
949,20,49.00,0.00,0,0.017436,19,0
950,20,80.00,-20.00,0,0.017383,0,20
951,20,80.00,-20.00,0,0.017331,0,0
952,20,80.00,-20.00,0,0.017279,0,20
953,20,80.00,-30.00,0,0.017227,1,0
954,2,8.00,89.00,1,0.017176,0,0
955,20,-126.00,86.00,0,0.017124,15,2
956,20,80.00,-30.00,0,0.017073,1,0
957,20,80.00,-120.00,0,0.017021,0,20
958,20,-46.00,39.00,0,0.016970,20,1
959,20,37.00,8.00,0,0.016920,17,2
960,20,80.00,-20.00,0,0.016869,0,20
961,20,80.00,-20.00,0,0.016818,0,0
962,20,72.00,-18.00,0,0.016768,2,18
963,20,80.00,-30.00,0,0.016717,1,0
964,2,8.00,89.00,1,0.016667,0,0
965,20,-101.00,84.00,0,0.016617,14,2
966,20,80.00,-30.00,0,0.016567,1,0
967,20,80.00,-120.00,0,0.016518,0,20
968,20,0.00,0.00,0,0.016468,20,0
969,20,49.00,0.00,0,0.016419,19,0
970,20,80.00,-25.00,0,0.016369,0,20
971,20,80.00,-20.00,0,0.016320,0,0
972,20,80.00,-20.00,0,0.016271,0,20
973,20,80.00,-40.00,0,0.016223,2,1
974,2,8.00,89.00,1,0.016174,0,0
975,20,2.00,7.00,0,0.016125,16,2
976,20,80.00,-30.00,0,0.016077,1,0
977,20,80.00,-120.00,0,0.016029,0,20
978,20,0.00,0.00,0,0.015981,20,0
979,20,49.00,0.00,0,0.015933,19,0
980,20,80.00,-20.00,0,0.015885,0,20
981,20,80.00,-105.00,0,0.015837,5,7
982,20,80.00,-20.00,0,0.015790,0,20
983,20,80.00,-30.00,0,0.015742,1,0
984,2,8.00,89.00,1,0.015695,0,0
985,20,-76.00,86.00,0,0.015648,14,1
986,20,80.00,-30.00,0,0.015601,1,0
987,20,80.00,-120.00,0,0.015554,0,20
988,20,0.00,0.00,0,0.015508,20,0
989,20,3.00,39.00,0,0.015461,19,1
990,20,80.00,-30.00,0,0.015415,1,20
991,20,80.00,-20.00,0,0.015369,0,0
992,20,80.00,-20.00,0,0.015322,0,20
993,20,80.00,-30.00,0,0.015276,1,0
994,2,8.00,89.00,1,0.015231,0,0
995,20,-56.00,79.00,0,0.015185,13,3
996,20,80.00,-40.00,0,0.015139,2,1
997,20,80.00,-120.00,0,0.015094,0,20
998,20,0.00,0.00,0,0.015049,20,0
999,20,-2.00,54.00,0,0.015004,18,1
1000,20,80.00,-30.00,0,0.014959,1,20
1001,20,80.00,-25.00,0,0.014914,0,1
1002,20,80.00,-20.00,0,0.014869,0,20
1003,20,80.00,-35.00,0,0.014824,1,1
1004,2,8.00,89.00,1,0.014780,0,0
1005,20,-54.00,76.00,0,0.014736,15,1
1006,20,80.00,-30.00,0,0.014691,1,0
1007,20,80.00,-120.00,0,0.014647,0,20
1008,20,0.00,0.00,0,0.014603,20,0
1009,20,49.00,0.00,0,0.014559,19,0
1010,20,11.00,36.00,0,0.014516,2,19
1011,20,80.00,-45.00,0,0.014472,2,3
1012,20,80.00,-20.00,0,0.014429,0,20
1013,20,80.00,-30.00,0,0.014386,1,0
1014,2,8.00,89.00,1,0.014342,0,0
1015,20,-68.00,102.00,0,0.014299,13,1
1016,20,80.00,-30.00,0,0.014256,1,0
1017,20,80.00,-115.00,0,0.014214,0,20
1018,20,0.00,0.00,0,0.014171,20,0
1019,20,49.00,0.00,0,0.014129,19,0
1020,20,80.00,-20.00,0,0.014086,0,20
1021,20,80.00,-20.00,0,0.014044,0,0
1022,20,80.00,-20.00,0,0.014002,0,20
1023,20,80.00,-30.00,0,0.013960,1,0
1024,2,8.00,89.00,1,0.013918,0,0
1025,20,-54.00,76.00,0,0.013876,15,1
1026,20,80.00,-30.00,0,0.013834,1,0
1027,20,80.00,-120.00,0,0.013793,0,20
1028,20,-46.00,39.00,0,0.013752,20,1
1029,20,49.00,0.00,0,0.013710,19,0
1030,20,80.00,-20.00,0,0.013669,0,20
1031,20,80.00,-20.00,0,0.013628,0,0
1032,20,80.00,-20.00,0,0.013587,0,20
1033,20,80.00,-30.00,0,0.013547,1,0
1034,2,8.00,89.00,1,0.013506,0,0
1035,20,-115.00,92.00,0,0.013465,12,2
1036,20,80.00,-30.00,0,0.013425,1,0
1037,20,80.00,-120.00,0,0.013385,0,20
1038,20,-56.00,54.00,0,0.013345,19,1
1039,20,47.00,-7.00,0,0.013305,18,2
1040,20,80.00,-25.00,0,0.013265,0,20
1041,20,80.00,-20.00,0,0.013225,0,0
1042,20,80.00,-20.00,0,0.013185,0,20
1043,20,80.00,-30.00,0,0.013146,1,0
1044,2,8.00,89.00,1,0.013106,0,0
1045,20,-20.00,40.00,0,0.013067,14,2
1046,20,80.00,-50.00,0,0.013028,3,0
1047,20,80.00,-120.00,0,0.012989,0,20
1048,20,-46.00,44.00,0,0.012950,19,1
1049,20,49.00,0.00,0,0.012911,19,0
1050,20,80.00,-30.00,0,0.012872,1,20
1051,20,80.00,-20.00,0,0.012833,0,0
1052,20,80.00,-20.00,0,0.012795,0,20
1053,20,80.00,-40.00,0,0.012757,2,1
1054,2,8.00,89.00,1,0.012718,0,0
1055,20,-58.00,92.00,0,0.012680,13,1
1056,20,80.00,-30.00,0,0.012642,1,0
1057,20,80.00,-120.00,0,0.012604,0,20
1058,20,0.00,0.00,0,0.012566,20,0
1059,20,49.00,0.00,0,0.012529,19,0
1060,20,80.00,-20.00,0,0.012491,0,20
1061,20,80.00,-20.00,0,0.012454,0,0
1062,20,80.00,-20.00,0,0.012416,0,20
1063,20,80.00,-50.00,0,0.012379,3,0
1064,2,8.00,89.00,1,0.012342,0,0
1065,20,-101.00,84.00,0,0.012305,14,2
1066,20,80.00,-30.00,0,0.012268,1,0
1067,20,80.00,-120.00,0,0.012231,0,20
1068,20,0.00,0.00,0,0.012194,20,0
1069,20,49.00,-2.00,0,0.012158,19,0
1070,20,80.00,-20.00,0,0.012121,0,20
1071,20,80.00,-20.00,0,0.012085,0,0
1072,20,80.00,-20.00,0,0.012049,0,20
1073,20,80.00,-30.00,0,0.012013,1,0
1074,2,8.00,89.00,1,0.011977,0,0
1075,20,-12.00,48.00,0,0.011941,14,0
1076,20,80.00,-30.00,0,0.011905,1,0
1077,20,80.00,-120.00,0,0.011869,0,20
1078,20,0.00,0.00,0,0.011833,20,0
1079,20,49.00,0.00,0,0.011798,19,0
1080,20,80.00,-25.00,0,0.011763,0,20
1081,20,80.00,-20.00,0,0.011727,0,0
1082,20,26.00,20.00,0,0.011692,1,19
1083,20,80.00,-30.00,0,0.011657,1,0
1084,2,8.00,89.00,1,0.011622,0,0
1085,20,-36.00,56.00,0,0.011587,11,2
1086,20,80.00,-30.00,0,0.011552,1,0
1087,20,80.00,-120.00,0,0.011518,0,20
1088,20,-46.00,49.00,0,0.011483,19,1
1089,20,49.00,0.00,0,0.011449,19,0
1090,20,80.00,-30.00,0,0.011414,1,20
1091,20,80.00,-20.00,0,0.011380,0,0
1092,20,80.00,-20.00,0,0.011346,0,20
1093,20,80.00,-30.00,0,0.011312,1,0
1094,2,8.00,89.00,1,0.011278,0,0
1095,20,-62.00,92.00,0,0.011244,11,1
1096,20,80.00,-30.00,0,0.011210,1,0
1097,20,80.00,-120.00,0,0.011177,0,20
1098,20,-46.00,44.00,0,0.011143,19,1
1099,20,49.00,0.00,0,0.011110,19,0
1100,20,80.00,-30.00,0,0.011077,1,20
1101,20,80.00,-30.00,0,0.011043,1,1
1102,20,80.00,-20.00,0,0.011010,0,20
1103,20,80.00,-30.00,0,0.010977,1,0
1104,2,8.00,89.00,1,0.010944,0,0
1105,20,-59.00,86.00,0,0.010911,15,1
1106,20,80.00,-30.00,0,0.010879,1,0
1107,20,80.00,-120.00,0,0.010846,0,20
1108,20,0.00,0.00,0,0.010814,20,0
1109,20,49.00,0.00,0,0.010781,19,0
1110,20,80.00,-20.00,0,0.010749,0,20
1111,20,80.00,-20.00,0,0.010716,0,0
1112,20,80.00,-20.00,0,0.010684,0,20
1113,20,80.00,-30.00,0,0.010652,1,0
1114,2,8.00,89.00,1,0.010620,0,0
1115,20,-107.00,92.00,0,0.010588,11,2
1116,20,80.00,-30.00,0,0.010557,1,0
1117,20,80.00,-120.00,0,0.010525,0,20
1118,20,0.00,0.00,0,0.010493,20,0
1119,20,49.00,0.00,0,0.010462,19,0
1120,20,80.00,-20.00,0,0.010431,0,20
1121,20,80.00,-20.00,0,0.010399,0,0
1122,20,80.00,-20.00,0,0.010368,0,20
1123,20,80.00,-30.00,0,0.010337,1,1
1124,2,8.00,89.00,1,0.010306,0,0
1125,20,-12.00,40.00,0,0.010275,14,0
1126,20,80.00,-35.00,0,0.010244,1,1
1127,20,80.00,-125.00,0,0.010213,1,20
1128,20,0.00,0.00,0,0.010183,20,0
1129,20,49.00,0.00,0,0.010152,19,0
1130,20,80.00,-20.00,0,0.010122,0,20
1131,20,80.00,-20.00,0,0.010091,0,0
1132,20,80.00,-20.00,0,0.010061,0,20
1133,20,80.00,-50.00,0,0.010031,3,0
1134,2,8.00,89.00,1,0.010001,0,0
1135,20,-26.00,56.00,0,0.010000,11,2
1136,20,80.00,-30.00,0,0.010000,1,0
1137,20,80.00,-120.00,0,0.010000,0,20
1138,20,0.00,0.00,0,0.010000,20,0
1139,20,49.00,0.00,0,0.010000,19,0
1140,20,80.00,-20.00,0,0.010000,0,20
1141,20,80.00,-20.00,0,0.010000,0,1
1142,20,80.00,-20.00,0,0.010000,0,20
1143,20,80.00,-30.00,0,0.010000,1,0
1144,2,8.00,89.00,1,0.010000,0,0
1145,20,-56.00,84.00,0,0.010000,14,1
1146,20,80.00,-30.00,0,0.010000,1,0
1147,20,80.00,-120.00,0,0.010000,0,20
1148,20,-46.00,39.00,0,0.010000,20,1
1149,20,49.00,0.00,0,0.010000,19,0
1150,20,80.00,-20.00,0,0.010000,0,20
1151,20,80.00,-20.00,0,0.010000,0,0
1152,20,80.00,-20.00,0,0.010000,0,20
1153,20,80.00,-30.00,0,0.010000,1,0
1154,2,8.00,89.00,1,0.010000,0,0
1155,20,-14.00,38.00,0,0.010000,12,2
1156,20,80.00,-40.00,0,0.010000,2,1
1157,20,80.00,-120.00,0,0.010000,0,20
1158,20,0.00,0.00,0,0.010000,20,0
1159,20,49.00,0.00,0,0.010000,19,0
1160,20,80.00,-20.00,0,0.010000,0,20
1161,20,80.00,-50.00,0,0.010000,2,2
1162,20,80.00,-20.00,0,0.010000,0,20
1163,20,80.00,-30.00,0,0.010000,1,0
1164,2,8.00,89.00,1,0.010000,0,0
1165,20,-115.00,102.00,0,0.010000,13,0
1166,20,80.00,-60.00,0,0.010000,4,1
1167,20,80.00,-120.00,0,0.010000,0,20
1168,20,0.00,0.00,0,0.010000,20,0
1169,20,49.00,0.00,0,0.010000,19,0
1170,20,80.00,-20.00,0,0.010000,0,20
1171,20,80.00,-20.00,0,0.010000,0,0
1172,20,80.00,-20.00,0,0.010000,0,20
1173,20,80.00,-30.00,0,0.010000,1,0
1174,2,8.00,89.00,1,0.010000,0,0
1175,20,-101.00,86.00,0,0.010000,15,0
1176,20,80.00,-30.00,0,0.010000,1,0
1177,20,80.00,-120.00,0,0.010000,0,20
1178,20,0.00,0.00,0,0.010000,20,0
1179,20,49.00,0.00,0,0.010000,19,0
1180,20,80.00,-20.00,0,0.010000,0,20
1181,20,80.00,-20.00,0,0.010000,0,0
1182,20,80.00,-20.00,0,0.010000,0,20
1183,20,80.00,-50.00,0,0.010000,3,0
1184,2,8.00,89.00,1,0.010000,0,0
1185,20,-68.00,84.00,0,0.010000,12,3
1186,20,80.00,-30.00,0,0.010000,1,0
1187,20,80.00,-120.00,0,0.010000,0,20
1188,20,0.00,0.00,0,0.010000,20,0
1189,20,49.00,0.00,0,0.010000,19,0
1190,20,80.00,-20.00,0,0.010000,0,20
1191,20,80.00,-75.00,0,0.010000,3,5
1192,20,80.00,-20.00,0,0.010000,0,20
1193,20,80.00,-30.00,0,0.010000,1,0
1194,2,8.00,89.00,1,0.010000,0,0
1195,20,-16.00,64.00,0,0.010000,12,0
1196,20,80.00,-30.00,0,0.010000,1,0
1197,20,80.00,-120.00,0,0.010000,0,20
1198,20,-2.00,-52.00,0,0.010000,20,0
1199,20,49.00,0.00,0,0.010000,19,0
1200,20,80.00,-30.00,0,0.010000,1,20
1201,20,80.00,-20.00,0,0.010000,0,0
1202,20,80.00,-20.00,0,0.010000,0,20
1203,20,80.00,-30.00,0,0.010000,1,0
1204,2,8.00,89.00,1,0.010000,0,0
1205,20,-105.00,92.00,0,0.010000,12,2
1206,20,80.00,-30.00,0,0.010000,1,0
1207,20,80.00,-120.00,0,0.010000,0,20
1208,20,-46.00,49.00,0,0.010000,19,1
1209,20,49.00,0.00,0,0.010000,19,0
1210,20,11.00,26.00,0,0.010000,3,17
1211,20,80.00,-20.00,0,0.010000,0,0
1212,20,80.00,-20.00,0,0.010000,0,20
1213,20,80.00,-30.00,0,0.010000,1,0
1214,2,8.00,89.00,1,0.010000,0,0
1215,20,-101.00,94.00,0,0.010000,15,0
1216,20,80.00,-30.00,0,0.010000,1,0
1217,20,80.00,-120.00,0,0.010000,0,20
1218,20,0.00,0.00,0,0.010000,20,0
1219,20,49.00,0.00,0,0.010000,19,0
1220,20,80.00,-20.00,0,0.010000,0,20
1221,20,80.00,-20.00,0,0.010000,0,0
1222,20,80.00,-20.00,0,0.010000,0,20
1223,20,80.00,-30.00,0,0.010000,1,0
1224,2,8.00,89.00,1,0.010000,0,0
1225,20,-58.00,92.00,0,0.010000,13,1
1226,20,80.00,-30.00,0,0.010000,1,0
1227,20,80.00,-120.00,0,0.010000,0,20
1228,20,-61.00,54.00,0,0.010000,20,1
1229,20,49.00,0.00,0,0.010000,19,0
1230,20,80.00,-20.00,0,0.010000,0,20
1231,20,80.00,-20.00,0,0.010000,0,0
1232,20,80.00,-20.00,0,0.010000,0,20
1233,20,80.00,-40.00,0,0.010000,2,1
1234,2,8.00,89.00,1,0.010000,0,0
1235,20,-66.00,94.00,0,0.010000,14,1
1236,20,80.00,-30.00,0,0.010000,1,0
1237,20,80.00,-115.00,0,0.010000,0,20
1238,20,0.00,0.00,0,0.010000,20,0
1239,20,49.00,0.00,0,0.010000,19,0
1240,20,80.00,-20.00,0,0.010000,0,20
1241,20,80.00,-40.00,0,0.010000,2,0
1242,20,80.00,-20.00,0,0.010000,0,20
1243,20,80.00,-30.00,0,0.010000,1,0
1244,3,12.00,88.00,1,0.010000,0,1
1245,20,-117.00,92.00,0,0.010000,11,2
1246,20,80.00,-30.00,0,0.010000,1,0
1247,20,80.00,-120.00,0,0.010000,0,20
1248,20,-2.00,0.00,0,0.010000,19,0
1249,20,49.00,0.00,0,0.010000,19,0
1250,20,80.00,-20.00,0,0.010000,0,20
1251,20,80.00,-20.00,0,0.010000,0,0
1252,20,80.00,-20.00,0,0.010000,0,20
1253,20,80.00,-30.00,0,0.010000,1,0
1254,2,8.00,89.00,1,0.010000,0,0
1255,20,-68.00,102.00,0,0.010000,13,1
1256,20,80.00,-50.00,0,0.010000,3,0
1257,20,80.00,-120.00,0,0.010000,0,20
1258,20,0.00,0.00,0,0.010000,20,0
1259,20,49.00,0.00,0,0.010000,19,0
1260,20,80.00,-20.00,0,0.010000,0,20
1261,20,80.00,-20.00,0,0.010000,0,0
1262,20,80.00,-30.00,0,0.010000,1,20
1263,20,80.00,-30.00,0,0.010000,1,0
1264,2,8.00,89.00,1,0.010000,0,0
1265,20,-105.00,110.00,0,0.010000,13,0
1266,20,80.00,-30.00,0,0.010000,1,0
1267,20,80.00,-120.00,0,0.010000,0,20
1268,20,0.00,0.00,0,0.010000,20,0
1269,20,49.00,0.00,0,0.010000,19,0
1270,20,80.00,-20.00,0,0.010000,0,20
1271,20,80.00,-30.00,0,0.010000,1,1
1272,20,80.00,-30.00,0,0.010000,1,20
1273,20,80.00,-30.00,0,0.010000,1,0
1274,2,8.00,89.00,1,0.010000,0,0
1275,20,-58.00,92.00,0,0.010000,13,1
1276,20,80.00,-40.00,0,0.010000,2,1
1277,20,80.00,-120.00,0,0.010000,0,20
1278,20,0.00,0.00,0,0.010000,20,0
1279,20,-2.00,39.00,0,0.010000,19,1
1280,20,80.00,-20.00,0,0.010000,0,20
1281,20,80.00,-20.00,0,0.010000,0,0
1282,20,80.00,-25.00,0,0.010000,0,20
1283,20,80.00,-30.00,0,0.010000,1,0
1284,2,8.00,89.00,1,0.010000,0,0
1285,20,-70.00,102.00,0,0.010000,12,1
1286,20,80.00,-30.00,0,0.010000,1,1
1287,20,80.00,-120.00,0,0.010000,0,20
1288,20,0.00,0.00,0,0.010000,20,0
1289,20,49.00,0.00,0,0.010000,19,0
1290,20,80.00,-20.00,0,0.010000,0,20
1291,20,80.00,-20.00,0,0.010000,0,0
1292,20,80.00,-20.00,0,0.010000,0,20
1293,20,80.00,-30.00,0,0.010000,1,0
1294,2,8.00,89.00,1,0.010000,0,0
1295,20,-58.00,92.00,0,0.010000,13,1
1296,20,80.00,-30.00,0,0.010000,1,0
1297,20,80.00,-120.00,0,0.010000,0,20
1298,20,0.00,0.00,0,0.010000,20,0
1299,20,49.00,0.00,0,0.010000,19,0
1300,20,-19.00,76.00,0,0.010000,1,19
1301,20,80.00,-20.00,0,0.010000,0,0
1302,20,80.00,-20.00,0,0.010000,0,20
1303,20,80.00,-30.00,0,0.010000,1,0
1304,2,8.00,89.00,1,0.010000,0,0
1305,20,-68.00,102.00,0,0.010000,13,1
1306,20,80.00,-30.00,0,0.010000,1,0
1307,20,80.00,-120.00,0,0.010000,0,20
1308,20,0.00,0.00,0,0.010000,20,0
1309,20,49.00,0.00,0,0.010000,19,0
1310,20,80.00,-20.00,0,0.010000,0,20
1311,20,80.00,-20.00,0,0.010000,0,0
1312,20,80.00,-20.00,0,0.010000,0,20
1313,20,80.00,-30.00,0,0.010000,1,1
1314,2,8.00,89.00,1,0.010000,0,0
1315,20,-70.00,110.00,0,0.010000,12,1
1316,20,80.00,-30.00,0,0.010000,1,0
1317,20,80.00,-120.00,0,0.010000,0,20
1318,20,0.00,0.00,0,0.010000,20,0
1319,20,49.00,0.00,0,0.010000,19,0
1320,20,80.00,-30.00,0,0.010000,1,20
1321,20,80.00,-20.00,0,0.010000,0,0
1322,20,80.00,-20.00,0,0.010000,0,20
1323,20,80.00,-30.00,0,0.010000,1,0
1324,2,8.00,89.00,1,0.010000,0,0
1325,20,-60.00,92.00,0,0.010000,12,1
1326,20,80.00,-30.00,0,0.010000,1,0
1327,20,80.00,-120.00,0,0.010000,0,20
1328,20,0.00,0.00,0,0.010000,20,0
1329,20,49.00,0.00,0,0.010000,19,0
1330,20,80.00,-20.00,0,0.010000,0,20
1331,20,80.00,-20.00,0,0.010000,0,0
1332,20,80.00,-20.00,0,0.010000,0,20
1333,20,80.00,-30.00,0,0.010000,1,0
1334,2,8.00,89.00,1,0.010000,0,0
1335,20,-103.00,102.00,0,0.010000,14,0
1336,20,80.00,-30.00,0,0.010000,1,0
1337,20,80.00,-120.00,0,0.010000,0,20
1338,20,0.00,0.00,0,0.010000,20,0
1339,20,49.00,0.00,0,0.010000,19,0
1340,20,80.00,-20.00,0,0.010000,0,20
1341,20,80.00,-25.00,0,0.010000,0,1
1342,20,80.00,-20.00,0,0.010000,0,20
1343,20,80.00,-40.00,0,0.010000,2,1
1344,2,8.00,89.00,1,0.010000,0,0
1345,20,-70.00,110.00,0,0.010000,12,1
1346,20,80.00,-30.00,0,0.010000,1,0
1347,20,80.00,-120.00,0,0.010000,0,20
1348,20,0.00,0.00,0,0.010000,20,0
1349,20,-7.00,54.00,0,0.010000,18,1
1350,20,80.00,-20.00,0,0.010000,0,20
1351,20,80.00,-20.00,0,0.010000,0,0
1352,20,80.00,-20.00,0,0.010000,0,20
1353,20,80.00,-30.00,0,0.010000,1,0
1354,2,8.00,89.00,1,0.010000,0,0
1355,20,-58.00,92.00,0,0.010000,13,1
1356,20,80.00,-30.00,0,0.010000,1,0
1357,20,80.00,-120.00,0,0.010000,0,20
1358,20,0.00,0.00,0,0.010000,20,0
1359,20,49.00,0.00,0,0.010000,19,0
1360,20,80.00,-20.00,0,0.010000,0,20
1361,20,80.00,-20.00,0,0.010000,0,0
1362,20,80.00,-20.00,0,0.010000,0,20
1363,20,80.00,-30.00,0,0.010000,1,0
1364,2,8.00,89.00,1,0.010000,0,0
1365,20,-82.00,92.00,0,0.010000,11,1
1366,20,80.00,-30.00,0,0.010000,1,0
1367,20,80.00,-120.00,0,0.010000,0,20
1368,20,-61.00,54.00,0,0.010000,20,1
1369,20,49.00,0.00,0,0.010000,19,0
1370,20,-4.00,51.00,0,0.010000,2,17
1371,20,80.00,-20.00,0,0.010000,0,0
1372,20,80.00,-20.00,0,0.010000,0,20
1373,20,80.00,-40.00,0,0.010000,2,0
1374,2,8.00,89.00,1,0.010000,0,0
1375,20,-77.00,118.00,0,0.010000,10,3
1376,20,80.00,-30.00,0,0.010000,1,0
1377,20,80.00,-125.00,0,0.010000,1,20
1378,20,-56.00,54.00,0,0.010000,19,1
1379,20,49.00,0.00,0,0.010000,19,0
1380,20,80.00,-30.00,0,0.010000,1,20
1381,20,80.00,-20.00,0,0.010000,0,0
1382,20,72.00,-20.00,0,0.010000,2,18
1383,20,80.00,-30.00,0,0.010000,1,0
1384,2,8.00,89.00,1,0.010000,0,0
1385,20,-56.00,84.00,0,0.010000,14,1
1386,20,80.00,-30.00,0,0.010000,1,0
1387,20,80.00,-120.00,0,0.010000,0,20
1388,20,0.00,0.00,0,0.010000,20,0
1389,20,49.00,0.00,0,0.010000,19,0
1390,20,80.00,-20.00,0,0.010000,0,20
1391,20,80.00,-20.00,0,0.010000,0,0
1392,20,80.00,-20.00,0,0.010000,0,20
1393,20,80.00,-30.00,0,0.010000,1,0
1394,2,8.00,89.00,1,0.010000,0,0
1395,20,-28.00,72.00,0,0.010000,10,2
1396,20,80.00,-30.00,0,0.010000,1,0
1397,20,80.00,-120.00,0,0.010000,0,20
1398,20,0.00,0.00,0,0.010000,20,0
1399,20,-12.00,54.00,0,0.010000,19,1
1400,20,80.00,-25.00,0,0.010000,0,20
1401,20,80.00,-20.00,0,0.010000,0,0
1402,20,80.00,-20.00,0,0.010000,0,20
1403,20,80.00,-30.00,0,0.010000,1,0
1404,2,8.00,89.00,1,0.010000,0,0
1405,20,-105.00,110.00,0,0.010000,13,0
1406,20,80.00,-30.00,0,0.010000,1,0
1407,20,80.00,-120.00,0,0.010000,0,20
1408,20,0.00,0.00,0,0.010000,20,0
1409,20,49.00,0.00,0,0.010000,19,0
1410,20,80.00,-30.00,0,0.010000,1,20
1411,20,80.00,-20.00,0,0.010000,0,0
1412,20,26.00,20.00,0,0.010000,1,19
1413,20,80.00,-70.00,0,0.010000,5,0
1414,2,8.00,89.00,1,0.010000,0,0
1415,20,-105.00,110.00,0,0.010000,13,0
1416,20,80.00,-30.00,0,0.010000,1,0
1417,20,80.00,-120.00,0,0.010000,0,20
1418,20,-46.00,39.00,0,0.010000,20,1
1419,20,49.00,0.00,0,0.010000,19,0
1420,20,57.00,-8.00,0,0.010000,2,18
1421,20,80.00,-20.00,0,0.010000,0,0
1422,20,80.00,-20.00,0,0.010000,0,20
1423,20,80.00,-30.00,0,0.010000,1,0
1424,2,8.00,89.00,1,0.010000,0,0
1425,20,-58.00,92.00,0,0.010000,13,1
1426,20,80.00,-30.00,0,0.010000,1,0
1427,20,80.00,-120.00,0,0.010000,0,20
1428,20,0.00,0.00,0,0.010000,20,0
1429,20,49.00,0.00,0,0.010000,19,0
1430,20,80.00,-20.00,0,0.010000,0,20
1431,20,80.00,-20.00,0,0.010000,0,0
1432,20,52.00,-16.00,0,0.010000,6,14
1433,20,80.00,-30.00,0,0.010000,1,0
1434,2,8.00,89.00,1,0.010000,0,0
1435,20,-105.00,102.00,0,0.010000,13,0
1436,20,80.00,-30.00,0,0.010000,1,0
1437,20,80.00,-115.00,0,0.010000,0,20
1438,20,0.00,0.00,0,0.010000,20,0
1439,20,49.00,0.00,0,0.010000,19,0
1440,20,80.00,-20.00,0,0.010000,0,20
1441,20,80.00,-20.00,0,0.010000,0,0
1442,20,80.00,-25.00,0,0.010000,0,20
1443,20,80.00,-30.00,0,0.010000,1,0
1444,2,8.00,89.00,1,0.010000,0,0
1445,20,-70.00,110.00,0,0.010000,12,1
1446,20,80.00,-30.00,0,0.010000,1,0
1447,20,80.00,-120.00,0,0.010000,0,20
1448,20,0.00,0.00,0,0.010000,20,0
1449,20,49.00,0.00,0,0.010000,19,0
1450,20,80.00,-30.00,0,0.010000,1,20
1451,20,80.00,-20.00,0,0.010000,0,0
1452,20,80.00,-20.00,0,0.010000,0,20
1453,20,80.00,-30.00,0,0.010000,1,0
1454,2,8.00,89.00,1,0.010000,0,0
1455,20,-107.00,118.00,0,0.010000,12,0
1456,20,80.00,-30.00,0,0.010000,1,0
1457,20,80.00,-120.00,0,0.010000,0,20
1458,20,0.00,0.00,0,0.010000,20,0
1459,20,49.00,0.00,0,0.010000,19,0
1460,20,80.00,-20.00,0,0.010000,0,20
1461,20,80.00,-20.00,0,0.010000,0,0
1462,20,80.00,-20.00,0,0.010000,0,20
1463,20,80.00,-30.00,0,0.010000,1,0
1464,2,8.00,89.00,1,0.010000,0,0
1465,20,-105.00,100.00,0,0.010000,12,2
1466,20,80.00,-30.00,0,0.010000,1,0
1467,20,80.00,-120.00,0,0.010000,0,20
1468,20,-61.00,54.00,0,0.010000,20,1
1469,20,49.00,0.00,0,0.010000,19,0
1470,20,80.00,-25.00,0,0.010000,0,20
1471,20,80.00,-20.00,0,0.010000,0,0
1472,20,80.00,-20.00,0,0.010000,0,20
1473,20,80.00,-30.00,0,0.010000,1,0
1474,2,8.00,89.00,1,0.010000,0,0
1475,20,-105.00,110.00,0,0.010000,13,0
1476,20,80.00,-30.00,0,0.010000,1,0
1477,20,80.00,-120.00,0,0.010000,0,20
1478,20,0.00,0.00,0,0.010000,20,0
1479,20,49.00,0.00,0,0.010000,19,0
1480,20,80.00,-20.00,0,0.010000,0,20
1481,20,80.00,-20.00,0,0.010000,0,0
1482,20,80.00,-20.00,0,0.010000,0,20
1483,20,80.00,-30.00,0,0.010000,1,0
1484,2,8.00,89.00,1,0.010000,0,0
1485,20,-72.00,118.00,0,0.010000,11,1
1486,20,80.00,-40.00,0,0.010000,2,1
1487,20,80.00,-120.00,0,0.010000,0,20
1488,20,0.00,0.00,0,0.010000,20,0
1489,20,49.00,0.00,0,0.010000,19,0
1490,20,80.00,-20.00,0,0.010000,0,20
1491,20,80.00,-20.00,0,0.010000,0,0
1492,20,80.00,-20.00,0,0.010000,0,20
1493,20,80.00,-30.00,0,0.010000,1,0
1494,2,8.00,89.00,1,0.010000,0,0
1495,20,-65.00,56.00,0,0.010000,13,0
1496,20,80.00,-30.00,0,0.010000,1,0
1497,20,80.00,-120.00,0,0.010000,0,20
1498,20,0.00,0.00,0,0.010000,20,0
1499,20,-2.00,54.00,0,0.010000,18,1
1500,20,80.00,-20.00,0,0.010000,0,20
1501,20,80.00,-20.00,0,0.010000,0,0
1502,20,80.00,-20.00,0,0.010000,0,20
1503,20,80.00,-30.00,0,0.010000,1,0
1504,2,8.00,89.00,1,0.010000,0,0
1505,20,-100.00,100.00,0,0.010000,12,2
1506,20,80.00,-30.00,0,0.010000,1,0
1507,20,80.00,-120.00,0,0.010000,0,20
1508,20,0.00,0.00,0,0.010000,20,0
1509,20,49.00,0.00,0,0.010000,19,0
1510,20,80.00,-20.00,0,0.010000,0,20
1511,20,80.00,-20.00,0,0.010000,0,0
1512,20,80.00,-20.00,0,0.010000,0,20
1513,20,80.00,-30.00,0,0.010000,1,0
1514,2,8.00,89.00,1,0.010000,0,0
1515,20,-105.00,110.00,0,0.010000,13,0
1516,20,80.00,-50.00,0,0.010000,3,0
1517,20,80.00,-120.00,0,0.010000,0,20
1518,20,-46.00,49.00,0,0.010000,19,1
1519,20,49.00,0.00,0,0.010000,19,0
1520,20,80.00,-20.00,0,0.010000,0,20
1521,20,80.00,-20.00,0,0.010000,0,0
1522,20,80.00,-20.00,0,0.010000,0,20
1523,20,80.00,-30.00,0,0.010000,1,0
1524,2,8.00,89.00,1,0.010000,0,0
1525,20,-107.00,118.00,0,0.010000,12,0
1526,20,80.00,-30.00,0,0.010000,1,0
1527,20,80.00,-120.00,0,0.010000,0,20
1528,20,0.00,0.00,0,0.010000,20,0
1529,20,49.00,0.00,0,0.010000,19,0
1530,20,80.00,-20.00,0,0.010000,0,20
1531,20,80.00,-20.00,0,0.010000,0,0
1532,20,80.00,-25.00,0,0.010000,0,20
1533,20,80.00,-30.00,0,0.010000,1,0
1534,2,8.00,89.00,1,0.010000,0,0
1535,20,-70.00,110.00,0,0.010000,12,1
1536,20,80.00,-40.00,0,0.010000,2,1
1537,20,80.00,-120.00,0,0.010000,0,20
1538,20,-61.00,54.00,0,0.010000,20,1
1539,20,49.00,0.00,0,0.010000,19,0
1540,20,80.00,-20.00,0,0.010000,0,20
1541,20,80.00,-20.00,0,0.010000,0,0
1542,20,80.00,-20.00,0,0.010000,0,20
1543,20,80.00,-30.00,0,0.010000,1,0
1544,2,8.00,89.00,1,0.010000,0,0
1545,20,-72.00,100.00,0,0.010000,11,1
1546,20,80.00,-30.00,0,0.010000,1,0
1547,20,67.00,-115.00,0,0.010000,2,17
1548,20,0.00,0.00,0,0.010000,20,0
1549,20,49.00,0.00,0,0.010000,19,0
1550,20,80.00,-20.00,0,0.010000,0,20
1551,20,80.00,-20.00,0,0.010000,0,0
1552,20,42.00,-14.00,0,0.010000,8,12
1553,20,80.00,-30.00,0,0.010000,1,0
1554,2,8.00,89.00,1,0.010000,0,0
1555,20,-74.00,126.00,0,0.010000,10,1
1556,20,80.00,-30.00,0,0.010000,1,0
1557,20,80.00,-120.00,0,0.010000,0,20
1558,20,0.00,0.00,0,0.010000,20,0
1559,20,49.00,0.00,0,0.010000,19,0
1560,20,80.00,-20.00,0,0.010000,0,20
1561,20,80.00,-20.00,0,0.010000,0,0
1562,20,80.00,-20.00,0,0.010000,0,20
1563,20,80.00,-30.00,0,0.010000,1,0
1564,2,8.00,89.00,1,0.010000,0,0
1565,20,-107.00,118.00,0,0.010000,12,0
1566,20,80.00,-30.00,0,0.010000,1,0
1567,20,80.00,-120.00,0,0.010000,0,20
1568,20,0.00,0.00,0,0.010000,20,0
1569,20,49.00,0.00,0,0.010000,19,0
1570,20,80.00,-20.00,0,0.010000,0,20
1571,20,80.00,-20.00,0,0.010000,0,0
1572,20,80.00,-20.00,0,0.010000,0,20
1573,20,80.00,-30.00,0,0.010000,1,0
1574,2,8.00,89.00,1,0.010000,0,0
1575,20,-105.00,110.00,0,0.010000,13,0
1576,20,80.00,-30.00,0,0.010000,1,0
1577,20,80.00,-120.00,0,0.010000,0,20
1578,20,0.00,0.00,0,0.010000,20,0
1579,20,49.00,0.00,0,0.010000,19,0
1580,20,80.00,-30.00,0,0.010000,1,20
1581,20,80.00,-40.00,0,0.010000,2,0
1582,20,80.00,-20.00,0,0.010000,0,20
1583,20,80.00,-30.00,0,0.010000,1,0
1584,2,8.00,89.00,1,0.010000,0,0
1585,20,-105.00,102.00,0,0.010000,13,0
1586,20,80.00,-30.00,0,0.010000,1,0
1587,20,80.00,-120.00,0,0.010000,0,20
1588,20,0.00,0.00,0,0.010000,20,0
1589,20,49.00,0.00,0,0.010000,19,0
1590,20,-30.00,35.00,0,0.010000,16,4
1591,20,80.00,-20.00,0,0.010000,0,0
1592,20,80.00,-20.00,0,0.010000,0,20
1593,20,80.00,-30.00,0,0.010000,1,0
1594,2,8.00,89.00,1,0.010000,0,0
1595,20,-74.00,126.00,0,0.010000,10,1
1596,20,80.00,-30.00,0,0.010000,1,0
1597,20,80.00,-120.00,0,0.010000,0,20
1598,20,0.00,0.00,0,0.010000,20,0
1599,20,49.00,0.00,0,0.010000,19,0
1600,20,80.00,-20.00,0,0.010000,0,20
1601,20,80.00,-20.00,0,0.010000,0,0
1602,20,80.00,-20.00,0,0.010000,0,20
1603,20,80.00,-30.00,0,0.010000,1,0
1604,2,8.00,89.00,1,0.010000,0,0
1605,20,-110.00,100.00,0,0.010000,13,2
1606,20,80.00,-30.00,0,0.010000,1,0
1607,20,80.00,-120.00,0,0.010000,0,20
1608,20,0.00,0.00,0,0.010000,20,0
1609,20,49.00,0.00,0,0.010000,19,0
1610,20,80.00,-20.00,0,0.010000,0,20
1611,20,80.00,-20.00,0,0.010000,0,0
1612,20,80.00,-20.00,0,0.010000,0,20
1613,20,80.00,-30.00,0,0.010000,1,0
1614,2,8.00,89.00,1,0.010000,0,0
1615,20,-75.00,110.00,0,0.010000,13,1
1616,20,80.00,-30.00,0,0.010000,1,0
1617,20,80.00,-120.00,0,0.010000,0,20
1618,20,0.00,0.00,0,0.010000,20,0
1619,20,49.00,0.00,0,0.010000,19,0
1620,20,80.00,-20.00,0,0.010000,0,20
1621,20,80.00,-20.00,0,0.010000,0,0
1622,20,80.00,-20.00,0,0.010000,0,20
1623,20,80.00,-30.00,0,0.010000,1,0
1624,2,8.00,89.00,1,0.010000,0,0
1625,20,-18.00,72.00,0,0.010000,11,0
1626,20,80.00,-30.00,0,0.010000,1,0
1627,20,80.00,-120.00,0,0.010000,0,20
1628,20,0.00,0.00,0,0.010000,20,0
1629,20,49.00,0.00,0,0.010000,19,0
1630,20,80.00,-20.00,0,0.010000,0,20
1631,20,80.00,-20.00,0,0.010000,0,0
1632,20,80.00,-30.00,0,0.010000,1,20
1633,20,80.00,-40.00,0,0.010000,2,1
1634,2,8.00,89.00,1,0.010000,0,0
1635,20,-109.00,126.00,0,0.010000,11,0
1636,20,80.00,-30.00,0,0.010000,1,0
1637,20,80.00,-125.00,0,0.010000,1,20
1638,20,0.00,0.00,0,0.010000,20,0
1639,20,-2.00,54.00,0,0.010000,18,1
1640,20,80.00,-20.00,0,0.010000,0,20
1641,20,80.00,-20.00,0,0.010000,0,0
1642,20,80.00,-20.00,0,0.010000,0,20
1643,20,80.00,-30.00,0,0.010000,1,0
1644,2,8.00,89.00,1,0.010000,0,0
1645,20,-105.00,110.00,0,0.010000,13,0
1646,20,80.00,-30.00,0,0.010000,1,0
1647,20,80.00,-120.00,0,0.010000,0,20
1648,20,0.00,0.00,0,0.010000,20,0
1649,20,49.00,0.00,0,0.010000,19,0
1650,20,80.00,-20.00,0,0.010000,0,20
1651,20,80.00,-20.00,0,0.010000,0,0
1652,20,80.00,-20.00,0,0.010000,0,20
1653,20,80.00,-30.00,0,0.010000,1,0
1654,2,8.00,89.00,1,0.010000,0,0
1655,20,-109.00,126.00,0,0.010000,11,0
1656,20,80.00,-30.00,0,0.010000,1,0
1657,20,21.00,-120.00,0,0.010000,2,18
1658,20,0.00,0.00,0,0.010000,20,0
1659,20,49.00,0.00,0,0.010000,19,0
1660,20,80.00,-20.00,0,0.010000,0,20
1661,20,80.00,-65.00,0,0.010000,3,3
1662,20,80.00,-20.00,0,0.010000,0,20
1663,20,80.00,-30.00,0,0.010000,1,0
1664,2,8.00,89.00,1,0.010000,0,0
1665,20,-105.00,100.00,0,0.010000,12,2
1666,20,80.00,-30.00,0,0.010000,1,0
1667,20,80.00,-120.00,0,0.010000,0,20
1668,20,0.00,0.00,0,0.010000,20,0
1669,20,49.00,0.00,0,0.010000,19,0
1670,20,80.00,-20.00,0,0.010000,0,20
1671,20,80.00,-20.00,0,0.010000,0,0
1672,20,80.00,-20.00,0,0.010000,0,20
1673,20,80.00,-30.00,0,0.010000,1,0
1674,2,8.00,89.00,1,0.010000,0,0
1675,20,-109.00,126.00,0,0.010000,11,0
1676,20,80.00,-30.00,0,0.010000,1,0
1677,20,80.00,-120.00,0,0.010000,0,20
1678,20,0.00,0.00,0,0.010000,20,0
1679,20,49.00,0.00,0,0.010000,19,0
1680,20,80.00,-20.00,0,0.010000,0,20
1681,20,80.00,-20.00,0,0.010000,0,0
1682,20,80.00,-20.00,0,0.010000,0,20
1683,20,80.00,-30.00,0,0.010000,1,0
1684,2,8.00,89.00,1,0.010000,0,0
1685,20,-105.00,110.00,0,0.010000,13,0
1686,20,80.00,-30.00,0,0.010000,1,0
1687,20,80.00,-120.00,0,0.010000,0,20
1688,20,0.00,0.00,0,0.010000,20,0
1689,20,49.00,0.00,0,0.010000,19,0
1690,20,80.00,-20.00,0,0.010000,0,20
1691,20,80.00,-20.00,0,0.010000,0,0
1692,20,80.00,-20.00,0,0.010000,0,20
1693,20,80.00,-30.00,0,0.010000,1,0
1694,2,8.00,89.00,1,0.010000,0,0
1695,20,-18.00,72.00,0,0.010000,11,0
1696,20,80.00,-30.00,0,0.010000,1,0
1697,20,80.00,-120.00,0,0.010000,0,20
1698,20,-46.00,39.00,0,0.010000,20,1
1699,20,49.00,0.00,0,0.010000,19,0
1700,20,80.00,-20.00,0,0.010000,0,20
1701,20,80.00,-20.00,0,0.010000,0,0
1702,20,72.00,-18.00,0,0.010000,2,18
1703,20,80.00,-30.00,0,0.010000,1,1
1704,2,8.00,89.00,1,0.010000,0,0
1705,20,-109.00,118.00,0,0.010000,11,0
1706,20,80.00,-30.00,0,0.010000,1,0
1707,20,80.00,-120.00,0,0.010000,0,20
1708,20,0.00,0.00,0,0.010000,20,0
1709,20,49.00,0.00,0,0.010000,19,0
1710,20,80.00,-20.00,0,0.010000,0,20
1711,20,80.00,-20.00,0,0.010000,0,0
1712,20,80.00,-20.00,0,0.010000,0,20
1713,20,80.00,-30.00,0,0.010000,1,0
1714,2,8.00,89.00,1,0.010000,0,0
1715,20,-107.00,118.00,0,0.010000,12,0
1716,20,80.00,-30.00,0,0.010000,1,0
1717,20,80.00,-120.00,0,0.010000,0,20
1718,20,-51.00,54.00,0,0.010000,19,1
1719,20,49.00,0.00,0,0.010000,19,0
1720,20,80.00,-20.00,0,0.010000,0,20
1721,20,80.00,-20.00,0,0.010000,0,0
1722,20,80.00,-20.00,0,0.010000,0,20
1723,20,80.00,-30.00,0,0.010000,1,0
1724,2,8.00,89.00,1,0.010000,0,0
1725,20,-107.00,118.00,0,0.010000,12,0
1726,20,80.00,-30.00,0,0.010000,1,0
1727,20,80.00,-120.00,0,0.010000,0,20
1728,20,0.00,0.00,0,0.010000,20,0
1729,20,49.00,0.00,0,0.010000,19,0
1730,20,80.00,-20.00,0,0.010000,0,20
1731,20,80.00,-20.00,0,0.010000,0,0
1732,20,80.00,-20.00,0,0.010000,0,20
1733,20,80.00,-40.00,0,0.010000,2,1
1734,2,8.00,89.00,1,0.010000,0,0
1735,20,-107.00,118.00,0,0.010000,12,0
1736,20,80.00,-30.00,0,0.010000,1,0
1737,20,80.00,-120.00,0,0.010000,0,20
1738,20,-46.00,49.00,0,0.010000,19,1
1739,20,49.00,0.00,0,0.010000,19,0
1740,20,80.00,-20.00,0,0.010000,0,20
1741,20,80.00,-20.00,0,0.010000,0,0
1742,20,80.00,-20.00,0,0.010000,0,20
1743,20,80.00,-30.00,0,0.010000,1,0
1744,2,8.00,89.00,1,0.010000,0,0
1745,20,-62.00,108.00,0,0.010000,11,1
1746,20,80.00,-30.00,0,0.010000,1,0
1747,20,80.00,-120.00,0,0.010000,0,20
1748,20,-46.00,49.00,0,0.010000,19,1
1749,20,49.00,0.00,0,0.010000,19,0
1750,20,80.00,-20.00,0,0.010000,0,20
1751,20,80.00,-30.00,0,0.010000,1,1
1752,20,80.00,-20.00,0,0.010000,0,20
1753,20,80.00,-30.00,0,0.010000,1,0
1754,2,8.00,89.00,1,0.010000,0,0
1755,20,-72.00,118.00,0,0.010000,11,1
1756,20,80.00,-30.00,0,0.010000,1,0
1757,20,80.00,-120.00,0,0.010000,0,20
1758,20,0.00,0.00,0,0.010000,20,0
1759,20,49.00,-2.00,0,0.010000,19,0
1760,20,80.00,-20.00,0,0.010000,0,20
1761,20,80.00,-20.00,0,0.010000,0,0
1762,20,80.00,-20.00,0,0.010000,0,20
1763,20,80.00,-40.00,0,0.010000,2,1
1764,2,8.00,89.00,1,0.010000,0,0
1765,20,-74.00,126.00,0,0.010000,10,1
1766,20,80.00,-30.00,0,0.010000,1,0
1767,20,80.00,-120.00,0,0.010000,0,20
1768,20,0.00,0.00,0,0.010000,20,0
1769,20,49.00,0.00,0,0.010000,19,0
1770,20,80.00,-20.00,0,0.010000,0,20
1771,20,80.00,-20.00,0,0.010000,0,0
1772,20,80.00,-20.00,0,0.010000,0,20
1773,20,80.00,-30.00,0,0.010000,1,0
1774,2,8.00,89.00,1,0.010000,0,0
1775,20,-107.00,118.00,0,0.010000,12,0
1776,20,80.00,-40.00,0,0.010000,2,1
1777,20,80.00,-120.00,0,0.010000,0,20
1778,20,0.00,0.00,0,0.010000,20,0
1779,20,49.00,0.00,0,0.010000,19,0
1780,20,80.00,-20.00,0,0.010000,0,20
1781,20,80.00,-20.00,0,0.010000,0,0
1782,20,80.00,-30.00,0,0.010000,1,20
1783,20,80.00,-40.00,0,0.010000,2,1
1784,2,8.00,89.00,1,0.010000,0,0
1785,20,-107.00,118.00,0,0.010000,12,0
1786,20,80.00,-30.00,0,0.010000,1,0
1787,20,80.00,-120.00,0,0.010000,0,20
1788,20,0.00,0.00,0,0.010000,20,0
1789,20,49.00,0.00,0,0.010000,19,0
1790,20,80.00,-20.00,0,0.010000,0,20
1791,20,80.00,-20.00,0,0.010000,0,0
1792,20,80.00,-20.00,0,0.010000,0,20
1793,20,80.00,-30.00,0,0.010000,1,0
1794,2,8.00,89.00,1,0.010000,0,0
1795,20,-107.00,118.00,0,0.010000,12,0
1796,20,80.00,-35.00,0,0.010000,1,1
1797,20,80.00,-120.00,0,0.010000,0,20
1798,20,0.00,0.00,0,0.010000,20,0
1799,20,49.00,0.00,0,0.010000,19,0
1800,20,80.00,-20.00,0,0.010000,0,20
1801,20,80.00,-20.00,0,0.010000,0,0
1802,20,80.00,-20.00,0,0.010000,0,20
1803,20,80.00,-50.00,0,0.010000,3,2
1804,2,8.00,89.00,1,0.010000,0,0
1805,20,-129.00,126.00,0,0.010000,12,2
1806,20,80.00,-30.00,0,0.010000,1,0
1807,20,80.00,-120.00,0,0.010000,0,20
1808,20,0.00,0.00,0,0.010000,20,0
1809,20,49.00,0.00,0,0.010000,19,0
1810,20,80.00,-20.00,0,0.010000,0,20
1811,20,80.00,-20.00,0,0.010000,0,0
1812,20,80.00,-20.00,0,0.010000,0,20
1813,20,80.00,-30.00,0,0.010000,1,0
1814,2,8.00,89.00,1,0.010000,0,0
1815,20,-107.00,118.00,0,0.010000,12,0
1816,20,80.00,-35.00,0,0.010000,1,1
1817,20,80.00,-120.00,0,0.010000,0,20
1818,20,-52.00,0.00,0,0.010000,20,0
1819,20,3.00,44.00,0,0.010000,18,1
1820,20,80.00,-20.00,0,0.010000,0,20
1821,20,80.00,-20.00,0,0.010000,0,0
1822,20,72.00,-30.00,0,0.010000,3,18
1823,20,80.00,-30.00,0,0.010000,1,0
1824,2,8.00,89.00,1,0.010000,0,0
1825,20,-109.00,126.00,0,0.010000,11,0
1826,20,80.00,-30.00,0,0.010000,1,0
1827,20,80.00,-120.00,0,0.010000,0,20
1828,20,0.00,0.00,0,0.010000,20,0
1829,20,49.00,0.00,0,0.010000,19,0
1830,20,80.00,-20.00,0,0.010000,0,20
1831,20,80.00,-20.00,0,0.010000,0,0
1832,20,80.00,-20.00,0,0.010000,0,20
1833,20,80.00,-30.00,0,0.010000,1,0
1834,2,8.00,89.00,1,0.010000,0,0
1835,20,-62.00,108.00,0,0.010000,11,1
1836,20,80.00,-30.00,0,0.010000,1,0
1837,20,80.00,-120.00,0,0.010000,0,20
1838,20,-52.00,0.00,0,0.010000,20,0
1839,20,-12.00,54.00,0,0.010000,19,1
1840,20,80.00,-20.00,0,0.010000,0,20
1841,20,80.00,-20.00,0,0.010000,0,0
1842,20,80.00,-20.00,0,0.010000,0,20
1843,20,80.00,-30.00,0,0.010000,1,0
1844,2,8.00,89.00,1,0.010000,0,0
1845,20,-107.00,118.00,0,0.010000,12,0
1846,20,80.00,-35.00,0,0.010000,1,1
1847,20,80.00,-120.00,0,0.010000,0,20
1848,20,0.00,0.00,0,0.010000,20,0
1849,20,49.00,0.00,0,0.010000,19,0
1850,20,80.00,-20.00,0,0.010000,0,20
1851,20,80.00,-20.00,0,0.010000,0,0
1852,20,80.00,-20.00,0,0.010000,0,20
1853,20,80.00,-30.00,0,0.010000,1,0
1854,2,8.00,89.00,1,0.010000,0,0
1855,20,-109.00,126.00,0,0.010000,11,0
1856,20,80.00,-30.00,0,0.010000,1,0
1857,20,80.00,-120.00,0,0.010000,0,20
1858,20,-61.00,54.00,0,0.010000,20,1
1859,20,49.00,0.00,0,0.010000,19,0
1860,20,80.00,-20.00,0,0.010000,0,20
1861,20,80.00,-55.00,0,0.010000,2,3
1862,20,80.00,-20.00,0,0.010000,0,20
1863,20,80.00,-30.00,0,0.010000,1,0
1864,2,8.00,89.00,1,0.010000,0,0
1865,20,-107.00,118.00,0,0.010000,12,0
1866,20,80.00,-30.00,0,0.010000,1,0
1867,20,80.00,-125.00,0,0.010000,1,19
1868,20,0.00,0.00,0,0.010000,20,0
1869,20,49.00,0.00,0,0.010000,19,0
1870,20,80.00,-20.00,0,0.010000,0,20
1871,20,80.00,-20.00,0,0.010000,0,0
1872,20,80.00,-20.00,0,0.010000,0,20
1873,20,80.00,-30.00,0,0.010000,1,0
1874,2,8.00,89.00,1,0.010000,0,0
1875,20,-107.00,118.00,0,0.010000,12,0
1876,20,80.00,-30.00,0,0.010000,1,0
1877,20,80.00,-120.00,0,0.010000,0,20
1878,20,0.00,0.00,0,0.010000,20,0
1879,20,3.00,39.00,0,0.010000,19,1
1880,20,80.00,-20.00,0,0.010000,0,20
1881,20,80.00,-20.00,0,0.010000,0,0
1882,20,80.00,-20.00,0,0.010000,0,20
1883,20,80.00,-30.00,0,0.010000,1,0
1884,2,8.00,89.00,1,0.010000,0,0
1885,20,-107.00,118.00,0,0.010000,12,0
1886,20,80.00,-30.00,0,0.010000,1,0
1887,20,80.00,-120.00,0,0.010000,0,20
1888,20,0.00,0.00,0,0.010000,20,0
1889,20,49.00,0.00,0,0.010000,19,0
1890,20,80.00,-20.00,0,0.010000,0,20
1891,20,80.00,-20.00,0,0.010000,0,0
1892,20,80.00,-20.00,0,0.010000,0,20
1893,20,80.00,-30.00,0,0.010000,1,0
1894,2,8.00,89.00,1,0.010000,0,0
1895,20,-74.00,126.00,0,0.010000,10,1
1896,20,80.00,-30.00,0,0.010000,1,0
1897,20,80.00,-120.00,0,0.010000,0,20
1898,20,0.00,0.00,0,0.010000,20,0
1899,20,49.00,0.00,0,0.010000,19,0
1900,20,80.00,-20.00,0,0.010000,0,20
1901,20,80.00,-20.00,0,0.010000,0,0
1902,20,80.00,-20.00,0,0.010000,0,20
1903,20,80.00,-30.00,0,0.010000,1,0
1904,2,8.00,89.00,1,0.010000,0,0
1905,20,-109.00,126.00,0,0.010000,11,0
1906,20,80.00,-30.00,0,0.010000,1,0
1907,20,80.00,-130.00,0,0.010000,2,18
1908,20,0.00,0.00,0,0.010000,20,0
1909,20,49.00,0.00,0,0.010000,19,0
1910,20,80.00,-20.00,0,0.010000,0,20
1911,20,80.00,-20.00,0,0.010000,0,0
1912,20,80.00,-20.00,0,0.010000,0,20
1913,20,80.00,-30.00,0,0.010000,1,0
1914,2,8.00,89.00,1,0.010000,0,0
1915,20,-16.00,64.00,0,0.010000,12,0
1916,20,80.00,-30.00,0,0.010000,1,0
1917,20,80.00,-120.00,0,0.010000,0,20
1918,20,0.00,0.00,0,0.010000,20,0
1919,20,-7.00,54.00,0,0.010000,18,1
1920,20,80.00,-20.00,0,0.010000,0,20
1921,20,80.00,-20.00,0,0.010000,0,0
1922,20,80.00,-25.00,0,0.010000,0,20
1923,20,80.00,-30.00,0,0.010000,1,0
1924,2,8.00,89.00,1,0.010000,0,0
1925,20,-109.00,126.00,0,0.010000,11,0
1926,20,80.00,-30.00,0,0.010000,1,0
1927,20,80.00,-120.00,0,0.010000,0,20
1928,20,0.00,0.00,0,0.010000,20,0
1929,20,3.00,49.00,0,0.010000,18,1
1930,20,80.00,-20.00,0,0.010000,0,20
1931,20,80.00,-20.00,0,0.010000,0,0
1932,20,80.00,-20.00,0,0.010000,0,20
1933,20,80.00,-50.00,0,0.010000,3,2
1934,2,8.00,89.00,1,0.010000,0,0
1935,20,-109.00,118.00,0,0.010000,11,0
1936,20,80.00,-30.00,0,0.010000,1,0
1937,20,80.00,-125.00,0,0.010000,1,20
1938,20,0.00,0.00,0,0.010000,20,0
1939,20,3.00,39.00,0,0.010000,19,1
1940,20,80.00,-20.00,0,0.010000,0,20
1941,20,80.00,-20.00,0,0.010000,0,0
1942,20,80.00,-20.00,0,0.010000,0,20
1943,20,80.00,-30.00,0,0.010000,1,0
1944,2,8.00,89.00,1,0.010000,0,0
1945,20,-109.00,118.00,0,0.010000,11,0
1946,20,80.00,-30.00,0,0.010000,1,0
1947,20,80.00,-120.00,0,0.010000,0,20
1948,20,0.00,0.00,0,0.010000,20,0
1949,20,-12.00,54.00,0,0.010000,19,1
1950,20,80.00,-20.00,0,0.010000,0,20
1951,20,80.00,-20.00,0,0.010000,0,0
1952,20,80.00,-20.00,0,0.010000,0,20
1953,20,80.00,-50.00,0,0.010000,3,0
1954,2,8.00,89.00,1,0.010000,0,0
1955,20,-109.00,126.00,0,0.010000,11,0
1956,20,80.00,-30.00,0,0.010000,1,0
1957,20,80.00,-120.00,0,0.010000,0,20
1958,20,0.00,0.00,0,0.010000,20,0
1959,20,49.00,0.00,0,0.010000,19,0
1960,20,80.00,-20.00,0,0.010000,0,20
1961,20,80.00,-20.00,0,0.010000,0,0
1962,20,80.00,-20.00,0,0.010000,0,20
1963,20,80.00,-30.00,0,0.010000,1,1
1964,2,8.00,89.00,1,0.010000,0,0
1965,20,-119.00,118.00,0,0.010000,11,0
1966,20,80.00,-35.00,0,0.010000,1,1
1967,20,80.00,-120.00,0,0.010000,0,20
1968,20,0.00,0.00,0,0.010000,20,0
1969,20,49.00,0.00,0,0.010000,19,0
1970,20,-9.00,56.00,0,0.010000,2,17
1971,20,80.00,-20.00,0,0.010000,0,0
1972,20,72.00,-20.00,0,0.010000,2,18
1973,20,80.00,-30.00,0,0.010000,1,0
1974,2,8.00,89.00,1,0.010000,0,0
1975,20,-109.00,116.00,0,0.010000,10,2
1976,20,80.00,-30.00,0,0.010000,1,0
1977,20,80.00,-120.00,0,0.010000,0,20
1978,20,0.00,0.00,0,0.010000,20,0
1979,20,49.00,0.00,0,0.010000,19,0
1980,20,80.00,-20.00,0,0.010000,0,20
1981,20,80.00,-20.00,0,0.010000,0,0
1982,20,72.00,-18.00,0,0.010000,2,18
1983,20,80.00,-55.00,0,0.010000,3,1
1984,2,8.00,89.00,1,0.010000,0,0
1985,20,-109.00,126.00,0,0.010000,11,0
1986,20,80.00,-30.00,0,0.010000,1,0
1987,20,80.00,-120.00,0,0.010000,0,20
1988,20,0.00,0.00,0,0.010000,20,0
1989,20,49.00,0.00,0,0.010000,19,0
1990,20,80.00,-20.00,0,0.010000,0,20
1991,20,80.00,-20.00,0,0.010000,0,0
1992,20,80.00,-20.00,0,0.010000,0,20
1993,20,80.00,-30.00,0,0.010000,1,0
1994,2,8.00,89.00,1,0.010000,0,0
1995,20,-109.00,126.00,0,0.010000,11,0
1996,20,80.00,-50.00,0,0.010000,3,0
1997,20,80.00,-120.00,0,0.010000,0,20
1998,20,0.00,0.00,0,0.010000,20,0
1999,20,49.00,0.00,0,0.010000,19,0
2000,20,80.00,-25.00,0,0.010000,0,20
2001,20,80.00,-20.00,0,0.010000,0,0
2002,20,80.00,-20.00,0,0.010000,0,20
2003,20,80.00,-40.00,0,0.010000,2,1
2004,2,8.00,89.00,1,0.010000,0,0
2005,20,-109.00,126.00,0,0.010000,11,0
2006,20,80.00,-30.00,0,0.010000,1,0
2007,20,80.00,-120.00,0,0.010000,0,20
2008,20,0.00,0.00,0,0.010000,20,0
2009,20,49.00,0.00,0,0.010000,19,0
2010,20,80.00,-20.00,0,0.010000,0,20
2011,20,80.00,-20.00,0,0.010000,0,0
2012,20,12.00,27.00,0,0.010000,4,16
2013,20,80.00,-30.00,0,0.010000,1,0
2014,2,8.00,89.00,1,0.010000,0,0
2015,20,-109.00,126.00,0,0.010000,11,0
2016,20,80.00,-30.00,0,0.010000,1,0
2017,20,80.00,-120.00,0,0.010000,0,20
2018,20,0.00,-2.00,0,0.010000,20,0
2019,20,49.00,0.00,0,0.010000,19,0
2020,20,80.00,-20.00,0,0.010000,0,20
2021,20,80.00,-20.00,0,0.010000,0,0
2022,20,80.00,-20.00,0,0.010000,0,20
2023,20,80.00,-35.00,0,0.010000,1,1
2024,2,8.00,89.00,1,0.010000,0,0
2025,20,-107.00,118.00,0,0.010000,12,0
2026,20,80.00,-35.00,0,0.010000,1,2
2027,20,80.00,-120.00,0,0.010000,0,20
2028,20,0.00,0.00,0,0.010000,20,0
2029,20,49.00,0.00,0,0.010000,19,0
2030,20,80.00,-20.00,0,0.010000,0,20
2031,20,80.00,-20.00,0,0.010000,0,0
2032,20,80.00,-20.00,0,0.010000,0,20
2033,20,80.00,-30.00,0,0.010000,1,0
2034,2,8.00,89.00,1,0.010000,0,0
2035,20,-109.00,126.00,0,0.010000,11,0
2036,20,80.00,-30.00,0,0.010000,1,0
2037,20,80.00,-120.00,0,0.010000,0,20
2038,20,0.00,0.00,0,0.010000,20,0
2039,20,49.00,0.00,0,0.010000,19,0
2040,20,80.00,-20.00,0,0.010000,0,20
2041,20,80.00,-20.00,0,0.010000,0,0
2042,20,80.00,-20.00,0,0.010000,0,20
2043,20,80.00,-30.00,0,0.010000,1,0
2044,2,8.00,89.00,1,0.010000,0,0
2045,20,-109.00,126.00,0,0.010000,11,0
2046,20,80.00,-30.00,0,0.010000,1,0
2047,20,80.00,-120.00,0,0.010000,0,20
2048,20,0.00,0.00,0,0.010000,20,0
2049,20,49.00,0.00,0,0.010000,19,0
2050,20,-22.00,28.00,0,0.010000,14,6
2051,20,80.00,-30.00,0,0.010000,1,1
2052,20,80.00,-20.00,0,0.010000,0,20
2053,20,80.00,-35.00,0,0.010000,1,1
2054,2,8.00,89.00,1,0.010000,0,0
2055,20,-109.00,126.00,0,0.010000,11,0
2056,20,80.00,-30.00,0,0.010000,1,0
2057,20,80.00,-120.00,0,0.010000,0,20
2058,20,0.00,0.00,0,0.010000,20,0
2059,20,49.00,0.00,0,0.010000,19,0
2060,20,80.00,-20.00,0,0.010000,0,20
2061,20,80.00,-20.00,0,0.010000,0,0
2062,20,80.00,-20.00,0,0.010000,0,20
2063,20,80.00,-30.00,0,0.010000,1,0
2064,2,8.00,89.00,1,0.010000,0,0
2065,20,-107.00,118.00,0,0.010000,12,0
2066,20,80.00,-30.00,0,0.010000,1,0
2067,20,80.00,-120.00,0,0.010000,0,20
2068,20,0.00,0.00,0,0.010000,20,0
2069,20,49.00,0.00,0,0.010000,19,0
2070,20,80.00,-20.00,0,0.010000,0,20
2071,20,80.00,-20.00,0,0.010000,0,0
2072,20,80.00,-20.00,0,0.010000,0,20
2073,20,80.00,-30.00,0,0.010000,1,0
2074,2,8.00,89.00,1,0.010000,0,0
2075,20,-107.00,118.00,0,0.010000,12,0
2076,20,80.00,-30.00,0,0.010000,1,0
2077,20,80.00,-120.00,0,0.010000,0,20
2078,20,0.00,0.00,0,0.010000,20,0
2079,20,3.00,49.00,0,0.010000,18,1
2080,20,80.00,-20.00,0,0.010000,0,20
2081,20,80.00,-20.00,0,0.010000,0,0
2082,20,62.00,-28.00,0,0.010000,5,16
2083,20,80.00,-30.00,0,0.010000,1,0
2084,2,8.00,89.00,1,0.010000,0,0
2085,20,-109.00,126.00,0,0.010000,11,0
2086,20,80.00,-30.00,0,0.010000,1,0
2087,20,80.00,-120.00,0,0.010000,0,20
2088,20,0.00,0.00,0,0.010000,20,0
2089,20,49.00,0.00,0,0.010000,19,0
2090,20,80.00,-20.00,0,0.010000,0,20
2091,20,80.00,-20.00,0,0.010000,0,0
2092,20,80.00,-20.00,0,0.010000,0,20
2093,20,80.00,-30.00,0,0.010000,1,0
2094,2,8.00,89.00,1,0.010000,0,0
2095,20,-69.00,126.00,0,0.010000,10,1
2096,20,80.00,-30.00,0,0.010000,1,0
2097,20,80.00,-120.00,0,0.010000,0,20
2098,20,-46.00,39.00,0,0.010000,20,1
2099,20,49.00,0.00,0,0.010000,19,0
2100,20,80.00,-20.00,0,0.010000,0,20
2101,20,80.00,-20.00,0,0.010000,0,0
2102,20,80.00,-20.00,0,0.010000,0,20
2103,20,80.00,-30.00,0,0.010000,1,0
2104,2,8.00,89.00,1,0.010000,0,0
2105,20,-109.00,126.00,0,0.010000,11,0
2106,20,80.00,-50.00,0,0.010000,3,0
2107,20,80.00,-120.00,0,0.010000,0,20
2108,20,0.00,0.00,0,0.010000,20,0
2109,20,49.00,0.00,0,0.010000,19,0
2110,20,80.00,-20.00,0,0.010000,0,20
2111,20,80.00,-20.00,0,0.010000,0,0
2112,20,80.00,-20.00,0,0.010000,0,20
2113,20,80.00,-40.00,0,0.010000,2,1
2114,2,8.00,89.00,1,0.010000,0,0
2115,20,-109.00,126.00,0,0.010000,11,0
2116,20,80.00,-30.00,0,0.010000,1,0
2117,20,80.00,-120.00,0,0.010000,0,20
2118,20,0.00,0.00,0,0.010000,20,0
2119,20,49.00,0.00,0,0.010000,19,0
2120,20,80.00,-20.00,0,0.010000,0,20
2121,20,80.00,-20.00,0,0.010000,0,1
2122,20,80.00,-20.00,0,0.010000,0,20
2123,20,80.00,-30.00,0,0.010000,1,0
2124,2,8.00,89.00,1,0.010000,0,0
2125,20,-109.00,126.00,0,0.010000,11,0
2126,20,80.00,-30.00,0,0.010000,1,0
2127,20,80.00,-120.00,0,0.010000,0,20
2128,20,0.00,0.00,0,0.010000,20,0
2129,20,49.00,0.00,0,0.010000,19,0
2130,20,80.00,-20.00,0,0.010000,0,20
2131,20,80.00,-20.00,0,0.010000,0,0
2132,20,80.00,-20.00,0,0.010000,0,20
2133,20,80.00,-30.00,0,0.010000,1,0
2134,2,8.00,89.00,1,0.010000,0,0
2135,20,-109.00,126.00,0,0.010000,11,0
2136,20,80.00,-30.00,0,0.010000,1,0
2137,20,80.00,-120.00,0,0.010000,0,20
2138,20,-51.00,54.00,0,0.010000,19,1
2139,20,49.00,0.00,0,0.010000,19,0
2140,20,80.00,-20.00,0,0.010000,0,20
2141,20,80.00,-25.00,0,0.010000,0,1
2142,20,80.00,-20.00,0,0.010000,0,20
2143,20,80.00,-40.00,0,0.010000,2,1
2144,2,8.00,89.00,1,0.010000,0,0
2145,20,-107.00,118.00,0,0.010000,12,0
2146,20,80.00,-30.00,0,0.010000,1,0
2147,20,80.00,-120.00,0,0.010000,0,20
2148,20,-61.00,54.00,0,0.010000,20,1
2149,20,49.00,-2.00,0,0.010000,19,0
2150,20,80.00,-20.00,0,0.010000,0,20
2151,20,80.00,-20.00,0,0.010000,0,0
2152,20,80.00,-20.00,0,0.010000,0,20
2153,20,80.00,-30.00,0,0.010000,1,0
2154,2,8.00,89.00,1,0.010000,0,0
2155,20,-107.00,118.00,0,0.010000,12,0
2156,20,80.00,-30.00,0,0.010000,1,0
2157,20,80.00,-120.00,0,0.010000,0,20
2158,20,0.00,0.00,0,0.010000,20,0
2159,20,49.00,0.00,0,0.010000,19,0
2160,20,80.00,-20.00,0,0.010000,0,20
2161,20,80.00,-40.00,0,0.010000,2,0
2162,20,80.00,-25.00,0,0.010000,0,20
2163,20,80.00,-30.00,0,0.010000,1,0
2164,2,8.00,89.00,1,0.010000,0,0
2165,20,-109.00,126.00,0,0.010000,11,0
2166,20,80.00,-30.00,0,0.010000,1,0
2167,20,80.00,-120.00,0,0.010000,0,20
2168,20,0.00,0.00,0,0.010000,20,0
2169,20,49.00,0.00,0,0.010000,19,0
2170,20,80.00,-20.00,0,0.010000,0,20
2171,20,80.00,-20.00,0,0.010000,0,0
2172,20,80.00,-20.00,0,0.010000,0,20
2173,20,80.00,-30.00,0,0.010000,1,0
2174,2,8.00,89.00,1,0.010000,0,0
2175,20,-109.00,126.00,0,0.010000,11,0
2176,20,80.00,-30.00,0,0.010000,1,0
2177,20,47.00,-105.00,0,0.010000,4,15
2178,20,0.00,0.00,0,0.010000,20,0
2179,20,49.00,0.00,0,0.010000,19,0
2180,20,80.00,-20.00,0,0.010000,0,20
2181,20,80.00,-20.00,0,0.010000,0,0
2182,20,80.00,-20.00,0,0.010000,0,20
2183,20,80.00,-30.00,0,0.010000,1,0
2184,2,8.00,89.00,1,0.010000,0,0
2185,20,-64.00,116.00,0,0.010000,10,1
2186,20,80.00,-30.00,0,0.010000,1,0
2187,20,80.00,-120.00,0,0.010000,0,20
2188,20,-56.00,54.00,0,0.010000,19,1
2189,20,49.00,0.00,0,0.010000,19,0
2190,20,80.00,-20.00,0,0.010000,0,20
2191,20,80.00,-20.00,0,0.010000,0,0
2192,20,80.00,-20.00,0,0.010000,0,20
2193,20,80.00,-50.00,0,0.010000,3,0
2194,2,8.00,89.00,1,0.010000,0,0
2195,20,-109.00,126.00,0,0.010000,11,0
2196,20,80.00,-30.00,0,0.010000,1,0
2197,20,80.00,-125.00,0,0.010000,1,20
2198,20,0.00,0.00,0,0.010000,20,0
2199,20,49.00,0.00,0,0.010000,19,0
2200,20,-54.00,101.00,0,0.010000,2,17
2201,20,80.00,-20.00,0,0.010000,0,0
2202,20,80.00,-20.00,0,0.010000,0,20
2203,20,80.00,-30.00,0,0.010000,1,0
2204,2,8.00,89.00,1,0.010000,0,0
2205,20,-109.00,126.00,0,0.010000,11,0
2206,20,80.00,-30.00,0,0.010000,1,1
2207,20,80.00,-120.00,0,0.010000,0,20
2208,20,0.00,-2.00,0,0.010000,20,0
2209,20,-3.00,0.00,0,0.010000,19,0
2210,20,80.00,-20.00,0,0.010000,0,20
2211,20,80.00,-20.00,0,0.010000,0,0
2212,20,80.00,-20.00,0,0.010000,0,20
2213,20,80.00,-30.00,0,0.010000,1,0
2214,2,8.00,89.00,1,0.010000,0,0
2215,20,-107.00,118.00,0,0.010000,12,0
2216,20,80.00,-30.00,0,0.010000,1,0
2217,20,80.00,-120.00,0,0.010000,0,20
2218,20,0.00,0.00,0,0.010000,20,0
2219,20,49.00,0.00,0,0.010000,19,0
2220,20,80.00,-20.00,0,0.010000,0,20
2221,20,80.00,-20.00,0,0.010000,0,0
2222,20,80.00,-20.00,0,0.010000,0,20
2223,20,80.00,-30.00,0,0.010000,1,0
2224,2,8.00,89.00,1,0.010000,0,0
2225,20,-109.00,126.00,0,0.010000,11,0
2226,20,80.00,-40.00,0,0.010000,2,1
2227,20,80.00,-120.00,0,0.010000,0,20
2228,20,0.00,0.00,0,0.010000,20,0
2229,20,49.00,0.00,0,0.010000,19,0
2230,20,80.00,-20.00,0,0.010000,0,20
2231,20,80.00,-20.00,0,0.010000,0,0
2232,20,80.00,-20.00,0,0.010000,0,20
2233,20,80.00,-30.00,0,0.010000,1,0
2234,2,8.00,89.00,1,0.010000,0,0
2235,20,-109.00,126.00,0,0.010000,11,0
2236,20,80.00,-30.00,0,0.010000,1,0
2237,20,80.00,-120.00,0,0.010000,0,20
2238,20,0.00,0.00,0,0.010000,20,0
2239,20,27.00,0.00,0,0.010000,19,0
2240,20,80.00,-20.00,0,0.010000,0,20
2241,20,80.00,-30.00,0,0.010000,1,1
2242,20,80.00,-20.00,0,0.010000,0,20
2243,20,80.00,-30.00,0,0.010000,1,1
2244,2,8.00,89.00,1,0.010000,0,0
2245,20,-69.00,126.00,0,0.010000,10,1
2246,20,80.00,-30.00,0,0.010000,1,0
2247,20,80.00,-120.00,0,0.010000,0,20
2248,20,0.00,0.00,0,0.010000,20,0
2249,20,49.00,0.00,0,0.010000,19,0
2250,20,80.00,-20.00,0,0.010000,0,20
2251,20,80.00,-20.00,0,0.010000,0,0
2252,20,80.00,-20.00,0,0.010000,0,20
2253,20,80.00,-30.00,0,0.010000,1,0
2254,2,8.00,89.00,1,0.010000,0,0
2255,20,-109.00,126.00,0,0.010000,11,0
2256,20,80.00,-30.00,0,0.010000,1,0
2257,20,80.00,-120.00,0,0.010000,0,20
2258,20,0.00,0.00,0,0.010000,20,0
2259,20,49.00,0.00,0,0.010000,19,0
2260,20,80.00,-20.00,0,0.010000,0,20
2261,20,80.00,-20.00,0,0.010000,0,0
2262,20,80.00,-20.00,0,0.010000,0,20
2263,20,80.00,-30.00,0,0.010000,1,0
2264,2,8.00,89.00,1,0.010000,0,0
2265,20,-109.00,126.00,0,0.010000,11,0
2266,20,80.00,-30.00,0,0.010000,1,0
2267,20,80.00,-120.00,0,0.010000,0,20
2268,20,0.00,0.00,0,0.010000,20,0
2269,20,49.00,0.00,0,0.010000,19,0
2270,20,80.00,-20.00,0,0.010000,0,20
2271,20,80.00,-20.00,0,0.010000,0,0
2272,20,80.00,-20.00,0,0.010000,0,20
2273,20,80.00,-40.00,0,0.010000,2,1
2274,2,8.00,89.00,1,0.010000,0,0
2275,20,-109.00,126.00,0,0.010000,11,0
2276,20,80.00,-30.00,0,0.010000,1,0
2277,20,80.00,-120.00,0,0.010000,0,20
2278,20,0.00,0.00,0,0.010000,20,0
2279,20,49.00,0.00,0,0.010000,19,0
2280,20,80.00,-20.00,0,0.010000,0,20
2281,20,80.00,-20.00,0,0.010000,0,0
2282,20,80.00,-20.00,0,0.010000,0,20
2283,20,80.00,-30.00,0,0.010000,1,0
2284,2,8.00,89.00,1,0.010000,0,0
2285,20,-109.00,126.00,0,0.010000,11,0
2286,20,80.00,-30.00,0,0.010000,1,0
2287,20,80.00,-120.00,0,0.010000,0,20
2288,20,0.00,0.00,0,0.010000,20,0
2289,20,49.00,0.00,0,0.010000,19,0
2290,20,80.00,-20.00,0,0.010000,0,20
2291,20,80.00,-20.00,0,0.010000,0,0
2292,20,80.00,-20.00,0,0.010000,0,20
2293,20,80.00,-30.00,0,0.010000,1,0
2294,2,8.00,89.00,1,0.010000,0,0
2295,20,-109.00,126.00,0,0.010000,11,0
2296,20,80.00,-30.00,0,0.010000,1,0
2297,20,80.00,-120.00,0,0.010000,0,20
2298,20,0.00,0.00,0,0.010000,20,0
2299,20,49.00,0.00,0,0.010000,19,0
2300,20,80.00,-20.00,0,0.010000,0,20
2301,20,80.00,-20.00,0,0.010000,0,0
2302,20,80.00,-20.00,0,0.010000,0,20
2303,20,80.00,-30.00,0,0.010000,1,0
2304,2,8.00,89.00,1,0.010000,0,0
2305,20,-109.00,126.00,0,0.010000,11,0
2306,20,80.00,-30.00,0,0.010000,1,0
2307,20,80.00,-120.00,0,0.010000,0,20
2308,20,0.00,0.00,0,0.010000,20,0
2309,20,57.00,-7.00,0,0.010000,17,2
2310,20,80.00,-20.00,0,0.010000,0,20
2311,20,80.00,-20.00,0,0.010000,0,0
2312,20,80.00,-20.00,0,0.010000,0,20
2313,20,80.00,-30.00,0,0.010000,1,0
2314,2,8.00,89.00,1,0.010000,0,0
2315,20,-109.00,126.00,0,0.010000,11,0
2316,20,80.00,-30.00,0,0.010000,1,0
2317,20,80.00,-120.00,0,0.010000,0,20
2318,20,0.00,0.00,0,0.010000,20,0
2319,20,49.00,0.00,0,0.010000,19,0
2320,20,80.00,-20.00,0,0.010000,0,20
2321,20,80.00,-20.00,0,0.010000,0,0
2322,20,80.00,-20.00,0,0.010000,0,20
2323,20,80.00,-40.00,0,0.010000,2,1
2324,2,8.00,89.00,1,0.010000,0,0
2325,20,-109.00,126.00,0,0.010000,11,0
2326,20,80.00,-30.00,0,0.010000,1,0
2327,20,80.00,-120.00,0,0.010000,0,20
2328,20,0.00,0.00,0,0.010000,20,0
2329,20,49.00,0.00,0,0.010000,19,0
2330,20,80.00,-20.00,0,0.010000,0,20
2331,20,80.00,-20.00,0,0.010000,0,0
2332,20,80.00,-20.00,0,0.010000,0,20
2333,20,80.00,-30.00,0,0.010000,1,0
2334,2,8.00,89.00,1,0.010000,0,0
2335,20,-107.00,118.00,0,0.010000,12,0
2336,20,80.00,-30.00,0,0.010000,1,0
2337,20,80.00,-120.00,0,0.010000,0,20
2338,20,0.00,0.00,0,0.010000,20,0
2339,20,49.00,0.00,0,0.010000,19,0
2340,20,80.00,-20.00,0,0.010000,0,20
2341,20,80.00,-20.00,0,0.010000,0,0
2342,20,80.00,-20.00,0,0.010000,0,20
2343,20,80.00,-30.00,0,0.010000,1,0
2344,2,8.00,89.00,1,0.010000,0,0
2345,20,-109.00,126.00,0,0.010000,11,0
2346,20,80.00,-30.00,0,0.010000,1,0
2347,20,80.00,-120.00,0,0.010000,0,20
2348,20,0.00,0.00,0,0.010000,20,0
2349,20,49.00,0.00,0,0.010000,19,0
2350,20,80.00,-20.00,0,0.010000,0,20
2351,20,80.00,-20.00,0,0.010000,0,0
2352,20,80.00,-20.00,0,0.010000,0,20
2353,20,80.00,-30.00,0,0.010000,1,0
2354,2,8.00,89.00,1,0.010000,0,0
2355,20,-79.00,126.00,0,0.010000,11,1
2356,20,80.00,-30.00,0,0.010000,1,0
2357,20,80.00,-120.00,0,0.010000,0,20
2358,20,0.00,0.00,0,0.010000,20,0
2359,20,49.00,0.00,0,0.010000,19,0
2360,20,80.00,-20.00,0,0.010000,0,20
2361,20,80.00,-20.00,0,0.010000,0,0
2362,20,80.00,-20.00,0,0.010000,0,20
2363,20,80.00,-30.00,0,0.010000,1,0
2364,2,8.00,89.00,1,0.010000,0,0
2365,20,-109.00,126.00,0,0.010000,11,0
2366,20,80.00,-30.00,0,0.010000,1,0
2367,20,80.00,-120.00,0,0.010000,0,20
2368,20,0.00,0.00,0,0.010000,20,0
2369,20,49.00,0.00,0,0.010000,19,0
2370,20,80.00,-20.00,0,0.010000,0,20
2371,20,80.00,-20.00,0,0.010000,0,0
2372,20,80.00,-20.00,0,0.010000,0,20
2373,20,80.00,-30.00,0,0.010000,1,0
2374,2,8.00,89.00,1,0.010000,0,0
2375,20,-109.00,126.00,0,0.010000,11,0
2376,20,80.00,-40.00,0,0.010000,2,1
2377,20,80.00,-120.00,0,0.010000,0,20
2378,20,0.00,0.00,0,0.010000,20,0
2379,20,49.00,0.00,0,0.010000,19,0
2380,20,80.00,-20.00,0,0.010000,0,20
2381,20,80.00,-20.00,0,0.010000,0,0
2382,20,80.00,-20.00,0,0.010000,0,20
2383,20,80.00,-30.00,0,0.010000,1,0
2384,2,8.00,89.00,1,0.010000,0,0
2385,20,-74.00,126.00,0,0.010000,10,1
2386,20,80.00,-30.00,0,0.010000,1,0
2387,20,80.00,-120.00,0,0.010000,0,20
2388,20,0.00,0.00,0,0.010000,20,0
2389,20,49.00,0.00,0,0.010000,19,0
2390,20,80.00,-20.00,0,0.010000,0,20
2391,20,80.00,-20.00,0,0.010000,0,0
2392,20,80.00,-20.00,0,0.010000,0,20
2393,20,80.00,-30.00,0,0.010000,1,0
2394,2,8.00,89.00,1,0.010000,0,0
2395,20,-109.00,126.00,0,0.010000,11,0
2396,20,80.00,-50.00,0,0.010000,3,0
2397,20,80.00,-120.00,0,0.010000,0,20
2398,20,0.00,0.00,0,0.010000,20,0
2399,20,49.00,0.00,0,0.010000,19,0
2400,20,80.00,-20.00,0,0.010000,0,20
2401,20,80.00,-20.00,0,0.010000,0,1
2402,20,80.00,-20.00,0,0.010000,0,20
2403,20,80.00,-30.00,0,0.010000,1,0
2404,2,8.00,89.00,1,0.010000,0,0
2405,20,-109.00,126.00,0,0.010000,11,0
2406,20,80.00,-30.00,0,0.010000,1,0
2407,20,80.00,-120.00,0,0.010000,0,20
2408,20,0.00,0.00,0,0.010000,20,0
2409,20,49.00,0.00,0,0.010000,19,0
2410,20,80.00,-20.00,0,0.010000,0,20
2411,20,80.00,-20.00,0,0.010000,0,0
2412,20,80.00,-20.00,0,0.010000,0,20
2413,20,80.00,-30.00,0,0.010000,1,0
2414,2,8.00,89.00,1,0.010000,0,0
2415,20,-109.00,126.00,0,0.010000,11,0
2416,20,80.00,-30.00,0,0.010000,1,0
2417,20,80.00,-120.00,0,0.010000,0,20
2418,20,0.00,0.00,0,0.010000,20,0
2419,20,49.00,0.00,0,0.010000,19,0
2420,20,80.00,-20.00,0,0.010000,0,20
2421,20,80.00,-20.00,0,0.010000,0,0
2422,20,80.00,-20.00,0,0.010000,0,20
2423,20,80.00,-30.00,0,0.010000,1,0
2424,2,8.00,89.00,1,0.010000,0,0
2425,20,-109.00,126.00,0,0.010000,11,0
2426,20,80.00,-30.00,0,0.010000,1,0
2427,20,80.00,-120.00,0,0.010000,0,20
2428,20,-61.00,54.00,0,0.010000,20,1
2429,20,49.00,0.00,0,0.010000,19,0
2430,20,80.00,-20.00,0,0.010000,0,20
2431,20,80.00,-20.00,0,0.010000,0,0
2432,20,80.00,-20.00,0,0.010000,0,20
2433,20,80.00,-30.00,0,0.010000,1,0
2434,2,8.00,89.00,1,0.010000,0,0
2435,20,-109.00,126.00,0,0.010000,11,0
2436,20,80.00,-30.00,0,0.010000,1,0
2437,20,80.00,-125.00,0,0.010000,1,20
2438,20,0.00,0.00,0,0.010000,20,0
2439,20,49.00,0.00,0,0.010000,19,0
2440,20,80.00,-20.00,0,0.010000,0,20
2441,20,80.00,-20.00,0,0.010000,0,0
2442,20,64.00,-18.00,0,0.010000,4,16
2443,20,80.00,-30.00,0,0.010000,1,0
2444,2,8.00,89.00,1,0.010000,0,0
2445,20,-109.00,126.00,0,0.010000,11,0
2446,20,80.00,-30.00,0,0.010000,1,0
2447,20,59.00,-105.00,0,0.010000,3,15
2448,20,0.00,0.00,0,0.010000,20,0
2449,20,49.00,0.00,0,0.010000,19,0
2450,20,80.00,-20.00,0,0.010000,0,20
2451,20,80.00,-20.00,0,0.010000,0,0
2452,20,80.00,-20.00,0,0.010000,0,20
2453,20,80.00,-30.00,0,0.010000,1,0
2454,2,8.00,89.00,1,0.010000,0,0
2455,20,-109.00,126.00,0,0.010000,11,0
2456,20,80.00,-30.00,0,0.010000,1,0
2457,20,80.00,-120.00,0,0.010000,0,20
2458,20,0.00,0.00,0,0.010000,20,0
2459,20,3.00,49.00,0,0.010000,18,1
2460,20,80.00,-20.00,0,0.010000,0,20
2461,20,80.00,-20.00,0,0.010000,0,0
2462,20,80.00,-20.00,0,0.010000,0,20
2463,20,80.00,-30.00,0,0.010000,1,0
2464,2,8.00,89.00,1,0.010000,0,0
2465,20,-109.00,126.00,0,0.010000,11,0
2466,20,80.00,-30.00,0,0.010000,1,0
2467,20,80.00,-120.00,0,0.010000,0,20
2468,20,0.00,0.00,0,0.010000,20,0
2469,20,49.00,0.00,0,0.010000,19,0
2470,20,80.00,-20.00,0,0.010000,0,20
2471,20,80.00,-20.00,0,0.010000,0,0
2472,20,80.00,-20.00,0,0.010000,0,20
2473,20,80.00,-30.00,0,0.010000,1,0
2474,2,8.00,89.00,1,0.010000,0,0
2475,20,-109.00,126.00,0,0.010000,11,0
2476,20,80.00,-30.00,0,0.010000,1,0
2477,20,80.00,-120.00,0,0.010000,0,20
2478,20,0.00,0.00,0,0.010000,20,0
2479,20,3.00,39.00,0,0.010000,19,1
2480,20,80.00,-20.00,0,0.010000,0,20
2481,20,80.00,-20.00,0,0.010000,0,0
2482,20,80.00,-20.00,0,0.010000,0,20
2483,20,80.00,-30.00,0,0.010000,1,0
2484,2,8.00,89.00,1,0.010000,0,0
2485,20,-109.00,126.00,0,0.010000,11,0
2486,20,80.00,-35.00,0,0.010000,1,1
2487,20,80.00,-120.00,0,0.010000,0,20
2488,20,0.00,0.00,0,0.010000,20,0
2489,20,49.00,0.00,0,0.010000,19,0
2490,20,80.00,-20.00,0,0.010000,0,20
2491,20,80.00,-20.00,0,0.010000,0,0
2492,20,80.00,-20.00,0,0.010000,0,20
2493,20,80.00,-30.00,0,0.010000,1,0
2494,2,8.00,89.00,1,0.010000,0,0
2495,20,-109.00,126.00,0,0.010000,11,0
2496,20,80.00,-30.00,0,0.010000,1,1
2497,20,80.00,-120.00,0,0.010000,0,20
2498,20,0.00,0.00,0,0.010000,20,0
2499,20,49.00,0.00,0,0.010000,19,0
2500,20,80.00,-20.00,0,0.010000,0,20
2501,20,80.00,-30.00,0,0.010000,1,1
2502,20,80.00,-20.00,0,0.010000,0,20
2503,20,80.00,-30.00,0,0.010000,1,0
2504,3,12.00,83.00,1,0.010000,0,1
2505,20,-109.00,126.00,0,0.010000,11,0
2506,20,80.00,-30.00,0,0.010000,1,0
2507,20,80.00,-120.00,0,0.010000,0,20
2508,20,0.00,0.00,0,0.010000,20,0
2509,20,49.00,0.00,0,0.010000,19,0
2510,20,80.00,-20.00,0,0.010000,0,20
2511,20,80.00,-20.00,0,0.010000,0,0
2512,20,80.00,-30.00,0,0.010000,1,20
2513,20,80.00,-30.00,0,0.010000,1,0
2514,2,8.00,89.00,1,0.010000,0,0
2515,20,-109.00,126.00,0,0.010000,11,0
2516,20,80.00,-30.00,0,0.010000,1,0
2517,20,49.00,-105.00,0,0.010000,5,13
2518,20,0.00,0.00,0,0.010000,20,0
2519,20,49.00,0.00,0,0.010000,19,0
2520,20,80.00,-20.00,0,0.010000,0,20
2521,20,80.00,-20.00,0,0.010000,0,0
2522,20,80.00,-20.00,0,0.010000,0,20
2523,20,80.00,-30.00,0,0.010000,1,0
2524,2,8.00,89.00,1,0.010000,0,0
2525,20,-109.00,126.00,0,0.010000,11,0
2526,20,80.00,-30.00,0,0.010000,1,0
2527,20,59.00,-105.00,0,0.010000,3,15
2528,20,-46.00,49.00,0,0.010000,19,1
2529,20,-7.00,54.00,0,0.010000,18,1
2530,20,80.00,-20.00,0,0.010000,0,20
2531,20,80.00,-40.00,0,0.010000,2,0
2532,20,80.00,-20.00,0,0.010000,0,20
2533,20,80.00,-30.00,0,0.010000,1,0
2534,2,8.00,89.00,1,0.010000,0,0
2535,20,-107.00,118.00,0,0.010000,12,0
2536,20,80.00,-40.00,0,0.010000,2,1
2537,20,80.00,-120.00,0,0.010000,0,20
2538,20,0.00,0.00,0,0.010000,20,0
2539,20,49.00,0.00,0,0.010000,19,0
2540,20,80.00,-20.00,0,0.010000,0,20
2541,20,80.00,-20.00,0,0.010000,0,0
2542,20,80.00,-20.00,0,0.010000,0,20
2543,20,80.00,-30.00,0,0.010000,1,0
2544,2,8.00,89.00,1,0.010000,0,0
2545,20,-109.00,126.00,0,0.010000,11,0
2546,20,80.00,-30.00,0,0.010000,1,1
2547,20,80.00,-120.00,0,0.010000,0,20
2548,20,0.00,0.00,0,0.010000,20,0
2549,20,49.00,0.00,0,0.010000,19,0
2550,20,80.00,-20.00,0,0.010000,0,20
2551,20,80.00,-20.00,0,0.010000,0,0
2552,20,80.00,-20.00,0,0.010000,0,20
2553,20,80.00,-30.00,0,0.010000,1,0
2554,2,8.00,89.00,1,0.010000,0,0
2555,20,-109.00,126.00,0,0.010000,11,0
2556,20,80.00,-50.00,0,0.010000,3,0
2557,20,80.00,-120.00,0,0.010000,0,20
2558,20,0.00,0.00,0,0.010000,20,0
2559,20,-12.00,0.00,0,0.010000,19,0
2560,20,11.00,36.00,0,0.010000,2,19
2561,20,80.00,-20.00,0,0.010000,0,0
2562,20,80.00,-20.00,0,0.010000,0,20
2563,20,80.00,-30.00,0,0.010000,1,0
2564,2,8.00,89.00,1,0.010000,0,0
2565,20,-109.00,126.00,0,0.010000,11,0
2566,20,80.00,-30.00,0,0.010000,1,0
2567,20,80.00,-120.00,0,0.010000,0,20
2568,20,0.00,0.00,0,0.010000,20,0
2569,20,-7.00,54.00,0,0.010000,18,1
2570,20,80.00,-20.00,0,0.010000,0,20
2571,20,80.00,-20.00,0,0.010000,0,0
2572,20,2.00,29.00,0,0.010000,6,14
2573,20,80.00,-50.00,0,0.010000,3,0
2574,2,8.00,89.00,1,0.010000,0,0
2575,20,-79.00,126.00,0,0.010000,11,1
2576,20,80.00,-50.00,0,0.010000,3,0
2577,20,80.00,-120.00,0,0.010000,0,20
2578,20,0.00,0.00,0,0.010000,20,0
2579,20,49.00,0.00,0,0.010000,19,0
2580,20,80.00,-20.00,0,0.010000,0,20
2581,20,80.00,-20.00,0,0.010000,0,0
2582,20,80.00,-20.00,0,0.010000,0,20
2583,20,80.00,-30.00,0,0.010000,1,0
2584,2,8.00,89.00,1,0.010000,0,0
2585,20,-109.00,126.00,0,0.010000,11,0
2586,20,80.00,-30.00,0,0.010000,1,0
2587,20,80.00,-120.00,0,0.010000,0,20
2588,20,0.00,0.00,0,0.010000,20,0
2589,20,49.00,0.00,0,0.010000,19,0
2590,20,80.00,-20.00,0,0.010000,0,20
2591,20,80.00,-20.00,0,0.010000,0,0
2592,20,80.00,-20.00,0,0.010000,0,20
2593,20,80.00,-30.00,0,0.010000,1,0
2594,2,8.00,89.00,1,0.010000,0,0
2595,20,-109.00,126.00,0,0.010000,11,0
2596,20,80.00,-30.00,0,0.010000,1,0
2597,20,80.00,-120.00,0,0.010000,0,20
2598,20,0.00,0.00,0,0.010000,20,0
2599,20,49.00,0.00,0,0.010000,19,0
2600,20,80.00,-20.00,0,0.010000,0,20
2601,20,80.00,-20.00,0,0.010000,0,0
2602,20,80.00,-20.00,0,0.010000,0,20
2603,20,80.00,-30.00,0,0.010000,1,0
2604,2,8.00,89.00,1,0.010000,0,0
2605,20,-109.00,126.00,0,0.010000,11,0
2606,20,80.00,-30.00,0,0.010000,1,0
2607,20,80.00,-120.00,0,0.010000,0,20
2608,20,0.00,0.00,0,0.010000,20,0
2609,20,49.00,0.00,0,0.010000,19,0
2610,20,80.00,-20.00,0,0.010000,0,20
2611,20,80.00,-20.00,0,0.010000,0,0
2612,20,80.00,-20.00,0,0.010000,0,20
2613,20,80.00,-30.00,0,0.010000,1,0
2614,2,8.00,89.00,1,0.010000,0,0
2615,20,-109.00,126.00,0,0.010000,11,0
2616,20,80.00,-30.00,0,0.010000,1,0
2617,20,80.00,-120.00,0,0.010000,0,20
2618,20,0.00,0.00,0,0.010000,20,0
2619,20,49.00,0.00,0,0.010000,19,0
2620,20,80.00,-20.00,0,0.010000,0,20
2621,20,80.00,-20.00,0,0.010000,0,0
2622,20,80.00,-25.00,0,0.010000,0,20
2623,20,80.00,-30.00,0,0.010000,1,0
2624,2,8.00,89.00,1,0.010000,0,0
2625,20,-79.00,110.00,0,0.010000,11,1
2626,20,80.00,-30.00,0,0.010000,1,0
2627,20,80.00,-120.00,0,0.010000,0,20
2628,20,-61.00,54.00,0,0.010000,20,1
2629,20,49.00,0.00,0,0.010000,19,0
2630,20,80.00,-20.00,0,0.010000,0,20
2631,20,80.00,-20.00,0,0.010000,0,0
2632,20,80.00,-20.00,0,0.010000,0,20
2633,20,80.00,-30.00,0,0.010000,1,0
2634,2,8.00,89.00,1,0.010000,0,0
2635,20,-109.00,126.00,0,0.010000,11,0
2636,20,80.00,-30.00,0,0.010000,1,0
2637,20,80.00,-120.00,0,0.010000,0,20
2638,20,0.00,0.00,0,0.010000,20,0
2639,20,49.00,0.00,0,0.010000,19,0
2640,20,80.00,-30.00,0,0.010000,1,20
2641,20,80.00,-20.00,0,0.010000,0,0
2642,20,80.00,-20.00,0,0.010000,0,20
2643,20,80.00,-40.00,0,0.010000,2,1
2644,2,8.00,89.00,1,0.010000,0,0
2645,20,-109.00,126.00,0,0.010000,11,0
2646,20,80.00,-30.00,0,0.010000,1,0
2647,20,80.00,-125.00,0,0.010000,1,20
2648,20,0.00,0.00,0,0.010000,20,0
2649,20,49.00,0.00,0,0.010000,19,0
2650,20,80.00,-20.00,0,0.010000,0,20
2651,20,80.00,-20.00,0,0.010000,0,0
2652,20,80.00,-20.00,0,0.010000,0,20
2653,20,80.00,-30.00,0,0.010000,1,0
2654,2,8.00,89.00,1,0.010000,0,0
2655,20,-109.00,126.00,0,0.010000,11,0
2656,20,80.00,-30.00,0,0.010000,1,0
2657,20,80.00,-120.00,0,0.010000,0,20
2658,20,0.00,0.00,0,0.010000,20,0
2659,20,49.00,0.00,0,0.010000,19,0
2660,20,80.00,-20.00,0,0.010000,0,20
2661,20,80.00,-20.00,0,0.010000,0,0
2662,20,80.00,-20.00,0,0.010000,0,20
2663,20,80.00,-30.00,0,0.010000,1,0
2664,2,8.00,89.00,1,0.010000,0,0
2665,20,-109.00,118.00,0,0.010000,11,0
2666,20,80.00,-30.00,0,0.010000,1,0
2667,20,80.00,-120.00,0,0.010000,0,20
2668,20,0.00,0.00,0,0.010000,20,0
2669,20,27.00,0.00,0,0.010000,19,0
2670,20,72.00,-28.00,0,0.010000,3,17
2671,20,80.00,-20.00,0,0.010000,0,0
2672,20,80.00,-20.00,0,0.010000,0,20
2673,20,80.00,-30.00,0,0.010000,1,0
2674,2,8.00,89.00,1,0.010000,0,0
2675,20,-109.00,126.00,0,0.010000,11,0
2676,20,80.00,-30.00,0,0.010000,1,0
2677,20,80.00,-120.00,0,0.010000,0,20
2678,20,0.00,0.00,0,0.010000,20,0
2679,20,49.00,0.00,0,0.010000,19,0
2680,20,80.00,-20.00,0,0.010000,0,20
2681,20,80.00,-20.00,0,0.010000,0,0
2682,20,80.00,-20.00,0,0.010000,0,20
2683,20,80.00,-30.00,0,0.010000,1,0
2684,2,8.00,89.00,1,0.010000,0,0
2685,20,-109.00,126.00,0,0.010000,11,0
2686,20,80.00,-30.00,0,0.010000,1,0
2687,20,80.00,-130.00,0,0.010000,2,20
2688,20,0.00,0.00,0,0.010000,20,0
2689,20,49.00,0.00,0,0.010000,19,0
2690,20,80.00,-20.00,0,0.010000,0,20
2691,20,80.00,-20.00,0,0.010000,0,0
2692,20,80.00,-20.00,0,0.010000,0,20
2693,20,80.00,-30.00,0,0.010000,1,0
2694,2,8.00,89.00,1,0.010000,0,0
2695,20,-79.00,126.00,0,0.010000,11,1
2696,20,80.00,-30.00,0,0.010000,1,0
2697,20,80.00,-120.00,0,0.010000,0,20
2698,20,0.00,0.00,0,0.010000,20,0
2699,20,49.00,0.00,0,0.010000,19,0
2700,20,80.00,-20.00,0,0.010000,0,20
2701,20,80.00,-20.00,0,0.010000,0,0
2702,20,80.00,-20.00,0,0.010000,0,20
2703,20,80.00,-30.00,0,0.010000,1,0
2704,2,8.00,89.00,1,0.010000,0,0
2705,20,-109.00,126.00,0,0.010000,11,0
2706,20,80.00,-35.00,0,0.010000,1,1
2707,20,80.00,-120.00,0,0.010000,0,20
2708,20,0.00,0.00,0,0.010000,20,0
2709,20,49.00,0.00,0,0.010000,19,0
2710,20,80.00,-20.00,0,0.010000,0,20
2711,20,80.00,-20.00,0,0.010000,0,0
2712,20,80.00,-30.00,0,0.010000,1,20
2713,20,80.00,-30.00,0,0.010000,1,0
2714,2,8.00,89.00,1,0.010000,0,0
2715,20,-109.00,126.00,0,0.010000,11,0
2716,20,80.00,-40.00,0,0.010000,2,1
2717,20,80.00,-120.00,0,0.010000,0,20
2718,20,0.00,0.00,0,0.010000,20,0
2719,20,49.00,0.00,0,0.010000,19,0
2720,20,80.00,-20.00,0,0.010000,0,20
2721,20,80.00,-25.00,0,0.010000,0,1
2722,20,80.00,-20.00,0,0.010000,0,20
2723,20,80.00,-30.00,0,0.010000,1,0
2724,2,8.00,89.00,1,0.010000,0,0
2725,20,-109.00,126.00,0,0.010000,11,0
2726,20,80.00,-30.00,0,0.010000,1,0
2727,20,80.00,-125.00,0,0.010000,1,20
2728,20,0.00,0.00,0,0.010000,20,0
2729,20,49.00,0.00,0,0.010000,19,0
2730,20,80.00,-20.00,0,0.010000,0,20
2731,20,80.00,-20.00,0,0.010000,0,0
2732,20,80.00,-20.00,0,0.010000,0,20
2733,20,80.00,-30.00,0,0.010000,1,0
2734,2,8.00,89.00,1,0.010000,0,0
2735,20,-109.00,126.00,0,0.010000,11,0
2736,20,80.00,-40.00,0,0.010000,2,1
2737,20,80.00,-120.00,0,0.010000,0,20
2738,20,0.00,0.00,0,0.010000,20,0
2739,20,49.00,0.00,0,0.010000,19,0
2740,20,80.00,-20.00,0,0.010000,0,20
2741,20,80.00,-20.00,0,0.010000,0,0
2742,20,80.00,-20.00,0,0.010000,0,20
2743,20,80.00,-30.00,0,0.010000,1,0
2744,2,8.00,89.00,1,0.010000,0,0
2745,20,-109.00,126.00,0,0.010000,11,0
2746,20,80.00,-30.00,0,0.010000,1,0
2747,20,80.00,-125.00,0,0.010000,1,20
2748,20,0.00,0.00,0,0.010000,20,0
2749,20,-12.00,54.00,0,0.010000,19,1
2750,20,80.00,-20.00,0,0.010000,0,20
2751,20,80.00,-20.00,0,0.010000,0,0
2752,20,80.00,-30.00,0,0.010000,1,20
2753,20,80.00,-30.00,0,0.010000,1,0
2754,2,8.00,89.00,1,0.010000,0,0
2755,20,-109.00,126.00,0,0.010000,11,0
2756,20,80.00,-30.00,0,0.010000,1,0
2757,20,80.00,-120.00,0,0.010000,0,20
2758,20,-46.00,39.00,0,0.010000,20,1
2759,20,49.00,0.00,0,0.010000,19,0
2760,20,80.00,-20.00,0,0.010000,0,20
2761,20,80.00,-20.00,0,0.010000,0,0
2762,20,80.00,-20.00,0,0.010000,0,20
2763,20,80.00,-30.00,0,0.010000,1,0
2764,2,8.00,89.00,1,0.010000,0,0
2765,20,-109.00,126.00,0,0.010000,11,0
2766,20,80.00,-30.00,0,0.010000,1,0
2767,20,80.00,-120.00,0,0.010000,0,20
2768,20,0.00,0.00,0,0.010000,20,0
2769,20,49.00,0.00,0,0.010000,19,0
2770,20,80.00,-20.00,0,0.010000,0,20
2771,20,80.00,-20.00,0,0.010000,0,0
2772,20,80.00,-20.00,0,0.010000,0,20
2773,20,80.00,-30.00,0,0.010000,1,0
2774,2,8.00,89.00,1,0.010000,0,0
2775,20,-109.00,126.00,0,0.010000,11,0
2776,20,80.00,-30.00,0,0.010000,1,0
2777,20,80.00,-120.00,0,0.010000,0,20
2778,20,0.00,0.00,0,0.010000,20,0
2779,20,49.00,0.00,0,0.010000,19,0
2780,20,80.00,-20.00,0,0.010000,0,20
2781,20,80.00,-20.00,0,0.010000,0,0
2782,20,80.00,-20.00,0,0.010000,0,20
2783,20,80.00,-30.00,0,0.010000,1,0
2784,2,8.00,89.00,1,0.010000,0,0
2785,20,-109.00,126.00,0,0.010000,11,0
2786,20,80.00,-30.00,0,0.010000,1,0
2787,20,80.00,-125.00,0,0.010000,1,19
2788,20,0.00,0.00,0,0.010000,20,0
2789,20,3.00,49.00,0,0.010000,18,1
2790,20,80.00,-20.00,0,0.010000,0,20
2791,20,80.00,-20.00,0,0.010000,0,0
2792,20,80.00,-20.00,0,0.010000,0,20
2793,20,80.00,-30.00,0,0.010000,1,0
2794,2,8.00,89.00,1,0.010000,0,0
2795,20,-69.00,126.00,0,0.010000,10,1
2796,20,80.00,-40.00,0,0.010000,2,1
2797,20,80.00,-120.00,0,0.010000,0,20
2798,20,-46.00,39.00,0,0.010000,20,1
2799,20,49.00,0.00,0,0.010000,19,0
2800,20,-14.00,61.00,0,0.010000,2,17
2801,20,80.00,-20.00,0,0.010000,0,0
2802,20,80.00,-20.00,0,0.010000,0,20
2803,20,80.00,-30.00,0,0.010000,1,0
2804,2,8.00,89.00,1,0.010000,0,0
2805,20,-109.00,126.00,0,0.010000,11,0
2806,20,80.00,-30.00,0,0.010000,1,0
2807,20,80.00,-120.00,0,0.010000,0,20
2808,20,-46.00,49.00,0,0.010000,19,1
2809,20,49.00,0.00,0,0.010000,19,0
2810,20,80.00,-20.00,0,0.010000,0,20
2811,20,80.00,-20.00,0,0.010000,0,0
2812,20,80.00,-20.00,0,0.010000,0,20
2813,20,80.00,-30.00,0,0.010000,1,0
2814,2,8.00,89.00,1,0.010000,0,0
2815,20,-109.00,126.00,0,0.010000,11,0
2816,20,80.00,-30.00,0,0.010000,1,0
2817,20,80.00,-120.00,0,0.010000,0,20
2818,20,0.00,0.00,0,0.010000,20,0
2819,20,49.00,0.00,0,0.010000,19,0
2820,20,80.00,-20.00,0,0.010000,0,20
2821,20,80.00,-30.00,0,0.010000,1,1
2822,20,80.00,-20.00,0,0.010000,0,20
2823,20,80.00,-30.00,0,0.010000,1,0
2824,2,8.00,89.00,1,0.010000,0,0
2825,20,-109.00,126.00,0,0.010000,11,0
2826,20,80.00,-30.00,0,0.010000,1,0
2827,20,80.00,-120.00,0,0.010000,0,20
2828,20,0.00,0.00,0,0.010000,20,0
2829,20,49.00,0.00,0,0.010000,19,0
2830,20,80.00,-20.00,0,0.010000,0,20
2831,20,80.00,-20.00,0,0.010000,0,0
2832,20,72.00,-20.00,0,0.010000,2,18
2833,20,80.00,-30.00,0,0.010000,1,0
2834,2,8.00,89.00,1,0.010000,0,0
2835,20,-109.00,126.00,0,0.010000,11,0
2836,20,80.00,-30.00,0,0.010000,1,0
2837,20,80.00,-120.00,0,0.010000,0,20
2838,20,0.00,0.00,0,0.010000,20,0
2839,20,49.00,0.00,0,0.010000,19,0
2840,20,80.00,-20.00,0,0.010000,0,20
2841,20,80.00,-20.00,0,0.010000,0,0
2842,20,80.00,-20.00,0,0.010000,0,20
2843,20,80.00,-30.00,0,0.010000,1,0
2844,2,8.00,89.00,1,0.010000,0,0
2845,20,-109.00,126.00,0,0.010000,11,0
2846,20,80.00,-30.00,0,0.010000,1,0
2847,20,80.00,-120.00,0,0.010000,0,20
2848,20,0.00,0.00,0,0.010000,20,0
2849,20,49.00,0.00,0,0.010000,19,0
2850,20,-32.00,38.00,0,0.010000,13,6
2851,20,80.00,-20.00,0,0.010000,0,0
2852,20,80.00,-40.00,0,0.010000,2,20
2853,20,80.00,-30.00,0,0.010000,1,0
2854,2,8.00,89.00,1,0.010000,0,0
2855,20,-109.00,126.00,0,0.010000,11,0
2856,20,80.00,-30.00,0,0.010000,1,0
2857,20,80.00,-120.00,0,0.010000,0,20
2858,20,0.00,0.00,0,0.010000,20,0
2859,20,49.00,0.00,0,0.010000,19,0
2860,20,-6.00,14.00,0,0.010000,10,10
2861,20,80.00,-20.00,0,0.010000,0,0
2862,20,80.00,-20.00,0,0.010000,0,20
2863,20,80.00,-30.00,0,0.010000,1,0
2864,2,8.00,89.00,1,0.010000,0,0
2865,20,-109.00,126.00,0,0.010000,11,0
2866,20,80.00,-30.00,0,0.010000,1,0
2867,20,80.00,-120.00,0,0.010000,0,20
2868,20,0.00,0.00,0,0.010000,20,0
2869,20,49.00,0.00,0,0.010000,19,0
2870,20,80.00,-20.00,0,0.010000,0,20
2871,20,80.00,-25.00,0,0.010000,0,1
2872,20,80.00,-20.00,0,0.010000,0,20
2873,20,80.00,-30.00,0,0.010000,1,0
2874,2,8.00,89.00,1,0.010000,0,0
2875,20,-79.00,126.00,0,0.010000,11,1
2876,20,80.00,-30.00,0,0.010000,1,0
2877,20,80.00,-120.00,0,0.010000,0,20
2878,20,0.00,0.00,0,0.010000,20,0
2879,20,49.00,0.00,0,0.010000,19,0
2880,20,80.00,-20.00,0,0.010000,0,20
2881,20,80.00,-20.00,0,0.010000,0,0
2882,20,62.00,-18.00,0,0.010000,4,16
2883,20,80.00,-30.00,0,0.010000,1,0
2884,2,8.00,89.00,1,0.010000,0,0
2885,20,-109.00,126.00,0,0.010000,11,0
2886,20,80.00,-30.00,0,0.010000,1,0
2887,20,80.00,-120.00,0,0.010000,0,20
2888,20,0.00,0.00,0,0.010000,20,0
2889,20,49.00,0.00,0,0.010000,19,0
2890,20,80.00,-20.00,0,0.010000,0,20
2891,20,80.00,-20.00,0,0.010000,0,0
2892,20,80.00,-20.00,0,0.010000,0,20
2893,20,80.00,-30.00,0,0.010000,1,0
2894,2,8.00,89.00,1,0.010000,0,0
2895,20,-109.00,126.00,0,0.010000,11,0
2896,20,80.00,-30.00,0,0.010000,1,0
2897,20,80.00,-120.00,0,0.010000,0,20
2898,20,0.00,0.00,0,0.010000,20,0
2899,20,49.00,0.00,0,0.010000,19,0
2900,20,80.00,-20.00,0,0.010000,0,20
2901,20,80.00,-20.00,0,0.010000,0,0
2902,20,80.00,-20.00,0,0.010000,0,20
2903,20,80.00,-30.00,0,0.010000,1,0
2904,2,8.00,89.00,1,0.010000,0,0
2905,20,-109.00,126.00,0,0.010000,11,0
2906,20,80.00,-30.00,0,0.010000,1,0
2907,20,80.00,-120.00,0,0.010000,0,20
2908,20,0.00,0.00,0,0.010000,20,0
2909,20,49.00,0.00,0,0.010000,19,0
2910,20,80.00,-20.00,0,0.010000,0,20
2911,20,80.00,-20.00,0,0.010000,0,0
2912,20,80.00,-20.00,0,0.010000,0,20
2913,20,80.00,-30.00,0,0.010000,1,0
2914,2,8.00,89.00,1,0.010000,0,0
2915,20,-109.00,126.00,0,0.010000,11,0
2916,20,80.00,-30.00,0,0.010000,1,0
2917,20,80.00,-120.00,0,0.010000,0,20
2918,20,0.00,0.00,0,0.010000,20,0
2919,20,-42.00,0.00,0,0.010000,19,0
2920,20,80.00,-20.00,0,0.010000,0,20
2921,20,80.00,-20.00,0,0.010000,0,0
2922,20,80.00,-20.00,0,0.010000,0,20
2923,20,80.00,-30.00,0,0.010000,1,0
2924,2,8.00,89.00,1,0.010000,0,0
2925,20,-109.00,126.00,0,0.010000,11,0
2926,20,80.00,-30.00,0,0.010000,1,0
2927,20,80.00,-120.00,0,0.010000,0,20
2928,20,0.00,0.00,0,0.010000,20,0
2929,20,49.00,0.00,0,0.010000,19,0
2930,20,80.00,-20.00,0,0.010000,0,20
2931,20,80.00,-20.00,0,0.010000,0,0
2932,20,80.00,-20.00,0,0.010000,0,20
2933,20,80.00,-30.00,0,0.010000,1,0
2934,2,8.00,89.00,1,0.010000,0,0
2935,20,-109.00,126.00,0,0.010000,11,0
2936,20,80.00,-30.00,0,0.010000,1,1
2937,20,80.00,-120.00,0,0.010000,0,20
2938,20,0.00,0.00,0,0.010000,20,0
2939,20,49.00,0.00,0,0.010000,19,0
2940,20,80.00,-20.00,0,0.010000,0,20
2941,20,80.00,-25.00,0,0.010000,0,1
2942,20,80.00,-20.00,0,0.010000,0,20
2943,20,80.00,-30.00,0,0.010000,1,0
2944,2,8.00,89.00,1,0.010000,0,0
2945,20,-109.00,126.00,0,0.010000,11,0
2946,20,80.00,-30.00,0,0.010000,1,0
2947,20,80.00,-120.00,0,0.010000,0,20
2948,20,0.00,0.00,0,0.010000,20,0
2949,20,47.00,-7.00,0,0.010000,18,2
2950,20,80.00,-25.00,0,0.010000,0,20
2951,20,80.00,-20.00,0,0.010000,0,0
2952,20,80.00,-20.00,0,0.010000,0,20
2953,20,80.00,-30.00,0,0.010000,1,0
2954,2,8.00,89.00,1,0.010000,0,0
2955,20,-74.00,126.00,0,0.010000,10,1
2956,20,80.00,-35.00,0,0.010000,1,1
2957,20,80.00,-120.00,0,0.010000,0,20
2958,20,0.00,0.00,0,0.010000,20,0
2959,20,-12.00,54.00,0,0.010000,19,1
2960,20,80.00,-20.00,0,0.010000,0,20
2961,20,80.00,-20.00,0,0.010000,0,0
2962,20,80.00,-20.00,0,0.010000,0,20
2963,20,80.00,-30.00,0,0.010000,1,0
2964,2,8.00,89.00,1,0.010000,0,0
2965,20,-109.00,126.00,0,0.010000,11,0
2966,20,80.00,-30.00,0,0.010000,1,0
2967,20,80.00,-120.00,0,0.010000,0,20
2968,20,0.00,0.00,0,0.010000,20,0
2969,20,49.00,0.00,0,0.010000,19,0
2970,20,80.00,-20.00,0,0.010000,0,20
2971,20,80.00,-20.00,0,0.010000,0,0
2972,20,80.00,-20.00,0,0.010000,0,20
2973,20,80.00,-30.00,0,0.010000,1,0
2974,2,8.00,49.00,1,0.010000,0,0
2975,20,-109.00,126.00,0,0.010000,11,0
2976,20,80.00,-30.00,0,0.010000,1,0
2977,20,80.00,-120.00,0,0.010000,0,20
2978,20,0.00,0.00,0,0.010000,20,0
2979,20,49.00,0.00,0,0.010000,19,0
2980,20,47.00,7.00,0,0.010000,2,18
2981,20,80.00,-20.00,0,0.010000,0,0
2982,20,80.00,-20.00,0,0.010000,0,20
2983,20,80.00,-30.00,0,0.010000,1,0
2984,2,8.00,89.00,1,0.010000,0,0
2985,20,-109.00,126.00,0,0.010000,11,0
2986,20,80.00,-30.00,0,0.010000,1,0
2987,20,80.00,-120.00,0,0.010000,0,20
2988,20,0.00,0.00,0,0.010000,20,0
2989,20,49.00,0.00,0,0.010000,19,0
2990,20,80.00,-20.00,0,0.010000,0,20
2991,20,80.00,-20.00,0,0.010000,0,0
2992,20,80.00,-20.00,0,0.010000,0,20
2993,20,80.00,-30.00,0,0.010000,1,0
2994,2,8.00,89.00,1,0.010000,0,0
2995,20,-109.00,126.00,0,0.010000,11,0
2996,20,80.00,-30.00,0,0.010000,1,0
2997,20,80.00,-120.00,0,0.010000,0,20
2998,20,-22.00,0.00,0,0.010000,20,0
2999,20,49.00,0.00,0,0.010000,19,0
3000,20,80.00,-40.00,0,0.010000,2,20
3001,20,80.00,-20.00,0,0.010000,0,0
3002,20,80.00,-20.00,0,0.010000,0,20
3003,20,80.00,-30.00,0,0.010000,1,0
3004,2,8.00,89.00,1,0.010000,0,0
3005,20,-109.00,126.00,0,0.010000,11,0
3006,20,80.00,-40.00,0,0.010000,2,1
3007,20,80.00,-120.00,0,0.010000,0,20
3008,20,0.00,0.00,0,0.010000,20,0
3009,20,-2.00,54.00,0,0.010000,18,1
3010,20,-14.00,56.00,0,0.010000,2,17
3011,20,80.00,-20.00,0,0.010000,0,0
3012,20,80.00,-20.00,0,0.010000,0,20
3013,20,80.00,-30.00,0,0.010000,1,0
3014,2,8.00,89.00,1,0.010000,0,0
3015,20,-107.00,118.00,0,0.010000,12,0
3016,20,80.00,-30.00,0,0.010000,1,0
3017,20,80.00,-120.00,0,0.010000,0,20
3018,20,0.00,0.00,0,0.010000,20,0
3019,20,49.00,0.00,0,0.010000,19,0
3020,20,80.00,-20.00,0,0.010000,0,20
3021,20,80.00,-20.00,0,0.010000,0,0
3022,20,80.00,-20.00,0,0.010000,0,20
3023,20,80.00,-30.00,0,0.010000,1,0
3024,2,8.00,89.00,1,0.010000,0,0
3025,20,-109.00,126.00,0,0.010000,11,0
3026,20,80.00,-30.00,0,0.010000,1,0
3027,20,72.00,-120.00,0,0.010000,3,16
3028,20,0.00,0.00,0,0.010000,20,0
3029,20,49.00,0.00,0,0.010000,19,0
3030,20,80.00,-20.00,0,0.010000,0,20
3031,20,80.00,-20.00,0,0.010000,0,0
3032,20,80.00,-25.00,0,0.010000,0,20
3033,20,80.00,-40.00,0,0.010000,2,1
3034,2,8.00,89.00,1,0.010000,0,0
3035,20,-107.00,118.00,0,0.010000,12,0
3036,20,80.00,-30.00,0,0.010000,1,0
3037,20,80.00,-120.00,0,0.010000,0,20
3038,20,0.00,0.00,0,0.010000,20,0
3039,20,49.00,0.00,0,0.010000,19,0
3040,20,80.00,-20.00,0,0.010000,0,20
3041,20,80.00,-20.00,0,0.010000,0,0
3042,20,80.00,-20.00,0,0.010000,0,20
3043,20,80.00,-30.00,0,0.010000,1,0
3044,2,8.00,89.00,1,0.010000,0,0
3045,20,-109.00,126.00,0,0.010000,11,0
3046,20,80.00,-40.00,0,0.010000,2,1
3047,20,80.00,-120.00,0,0.010000,0,20
3048,20,0.00,0.00,0,0.010000,20,0
3049,20,49.00,0.00,0,0.010000,19,0
3050,20,80.00,-20.00,0,0.010000,0,20
3051,20,80.00,-20.00,0,0.010000,0,0
3052,20,80.00,-20.00,0,0.010000,0,20
3053,20,80.00,-30.00,0,0.010000,1,0
3054,2,8.00,89.00,1,0.010000,0,0
3055,20,-109.00,126.00,0,0.010000,11,0
3056,20,80.00,-50.00,0,0.010000,3,0
3057,20,80.00,-120.00,0,0.010000,0,20
3058,20,0.00,0.00,0,0.010000,20,0
3059,20,3.00,39.00,0,0.010000,19,1
3060,20,80.00,-20.00,0,0.010000,0,19
3061,20,80.00,-20.00,0,0.010000,0,0
3062,20,80.00,-20.00,0,0.010000,0,20
3063,20,80.00,-35.00,0,0.010000,1,1
3064,2,8.00,89.00,1,0.010000,0,0
3065,20,-109.00,126.00,0,0.010000,11,0
3066,20,80.00,-30.00,0,0.010000,1,0
3067,20,80.00,-120.00,0,0.010000,0,20
3068,20,0.00,0.00,0,0.010000,20,0
3069,20,49.00,0.00,0,0.010000,19,0
3070,20,80.00,-20.00,0,0.010000,0,20
3071,20,80.00,-20.00,0,0.010000,0,0
3072,20,80.00,-20.00,0,0.010000,0,20
3073,20,80.00,-30.00,0,0.010000,1,0
3074,2,8.00,89.00,1,0.010000,0,0
3075,20,-119.00,126.00,0,0.010000,10,2
3076,20,80.00,-30.00,0,0.010000,1,0
3077,20,80.00,-120.00,0,0.010000,0,20
3078,20,0.00,0.00,0,0.010000,20,0
3079,20,49.00,0.00,0,0.010000,19,0
3080,20,80.00,-20.00,0,0.010000,0,20
3081,20,80.00,-20.00,0,0.010000,0,0
3082,20,80.00,-25.00,0,0.010000,0,20
3083,20,80.00,-30.00,0,0.010000,1,0
3084,2,8.00,89.00,1,0.010000,0,0
3085,20,-109.00,126.00,0,0.010000,11,0
3086,20,80.00,-30.00,0,0.010000,1,0
3087,20,80.00,-120.00,0,0.010000,0,20
3088,20,0.00,0.00,0,0.010000,20,0
3089,20,49.00,0.00,0,0.010000,19,0
3090,20,80.00,-20.00,0,0.010000,0,20
3091,20,80.00,-20.00,0,0.010000,0,0
3092,20,80.00,-20.00,0,0.010000,0,20
3093,20,80.00,-30.00,0,0.010000,1,0
3094,2,8.00,89.00,1,0.010000,0,0
3095,20,-109.00,126.00,0,0.010000,11,0
3096,20,80.00,-30.00,0,0.010000,1,0
3097,20,80.00,-120.00,0,0.010000,0,20
3098,20,-46.00,44.00,0,0.010000,19,1
3099,20,49.00,0.00,0,0.010000,19,0
3100,20,80.00,-20.00,0,0.010000,0,20
3101,20,80.00,-30.00,0,0.010000,1,1
3102,20,80.00,-20.00,0,0.010000,0,20
3103,20,80.00,-30.00,0,0.010000,1,0
3104,2,8.00,89.00,1,0.010000,0,0
3105,20,-109.00,126.00,0,0.010000,11,0
3106,20,80.00,-30.00,0,0.010000,1,0
3107,20,80.00,-120.00,0,0.010000,0,20
3108,20,0.00,0.00,0,0.010000,20,0
3109,20,49.00,0.00,0,0.010000,19,0
3110,20,80.00,-20.00,0,0.010000,0,20
3111,20,80.00,-25.00,0,0.010000,0,1
3112,20,80.00,-20.00,0,0.010000,0,20
3113,20,80.00,-30.00,0,0.010000,1,0
3114,2,8.00,89.00,1,0.010000,0,0
3115,20,-109.00,126.00,0,0.010000,11,0
3116,20,80.00,-50.00,0,0.010000,3,0
3117,20,80.00,-120.00,0,0.010000,0,20
3118,20,0.00,0.00,0,0.010000,20,0
3119,20,49.00,0.00,0,0.010000,19,0
3120,20,80.00,-20.00,0,0.010000,0,20
3121,20,80.00,-20.00,0,0.010000,0,0
3122,20,80.00,-20.00,0,0.010000,0,20
3123,20,80.00,-30.00,0,0.010000,1,0
3124,2,8.00,89.00,1,0.010000,0,0
3125,20,-109.00,126.00,0,0.010000,11,0
3126,20,80.00,-30.00,0,0.010000,1,0
3127,20,80.00,-120.00,0,0.010000,0,20
3128,20,-61.00,54.00,0,0.010000,20,1
3129,20,49.00,0.00,0,0.010000,19,0
3130,20,56.00,-34.00,0,0.010000,7,13
3131,20,80.00,-20.00,0,0.010000,0,0
3132,20,80.00,-20.00,0,0.010000,0,20
3133,20,80.00,-30.00,0,0.010000,1,0
3134,2,8.00,89.00,1,0.010000,0,0
3135,20,-109.00,126.00,0,0.010000,11,0
3136,20,80.00,-30.00,0,0.010000,1,0
3137,20,80.00,-120.00,0,0.010000,0,20
3138,20,0.00,0.00,0,0.010000,20,0
3139,20,49.00,0.00,0,0.010000,19,0
3140,20,80.00,-20.00,0,0.010000,0,20
3141,20,80.00,-20.00,0,0.010000,0,0
3142,20,80.00,-20.00,0,0.010000,0,20
3143,20,80.00,-30.00,0,0.010000,1,0
3144,2,8.00,89.00,1,0.010000,0,0
3145,20,-109.00,126.00,0,0.010000,11,0
3146,20,80.00,-30.00,0,0.010000,1,0
3147,20,80.00,-120.00,0,0.010000,0,20
3148,20,0.00,0.00,0,0.010000,20,0
3149,20,49.00,0.00,0,0.010000,19,0
3150,20,80.00,-20.00,0,0.010000,0,20
3151,20,80.00,-20.00,0,0.010000,0,0
3152,20,80.00,-20.00,0,0.010000,0,20
3153,20,80.00,-30.00,0,0.010000,1,1
3154,2,8.00,89.00,1,0.010000,0,0
3155,20,-109.00,126.00,0,0.010000,11,0
3156,20,80.00,-30.00,0,0.010000,1,0
3157,20,80.00,-125.00,0,0.010000,1,20
3158,20,0.00,0.00,0,0.010000,20,0
3159,20,47.00,0.00,0,0.010000,18,0
3160,20,80.00,-20.00,0,0.010000,0,20
3161,20,80.00,-20.00,0,0.010000,0,0
3162,20,80.00,-20.00,0,0.010000,0,20
3163,20,80.00,-30.00,0,0.010000,1,0
3164,2,8.00,89.00,1,0.010000,0,0
3165,20,-109.00,126.00,0,0.010000,11,0
3166,20,80.00,-30.00,0,0.010000,1,0
3167,20,80.00,-120.00,0,0.010000,0,20
3168,20,0.00,0.00,0,0.010000,20,0
3169,20,49.00,0.00,0,0.010000,19,0
3170,20,26.00,21.00,0,0.010000,2,18
3171,20,80.00,-20.00,0,0.010000,0,0
3172,20,80.00,-20.00,0,0.010000,0,20
3173,20,80.00,-30.00,0,0.010000,1,0
3174,4,16.00,87.00,1,0.010000,1,0
3175,20,-109.00,126.00,0,0.010000,11,0
3176,20,80.00,-35.00,0,0.010000,1,1
3177,20,72.00,-130.00,0,0.010000,2,18
3178,20,-2.00,-52.00,0,0.010000,20,0
3179,20,49.00,0.00,0,0.010000,19,0
3180,20,80.00,-20.00,0,0.010000,0,20
3181,20,80.00,-20.00,0,0.010000,0,0
3182,20,72.00,-20.00,0,0.010000,2,18
3183,20,80.00,-30.00,0,0.010000,1,0
3184,2,8.00,89.00,1,0.010000,0,0
3185,20,-109.00,126.00,0,0.010000,11,0
3186,20,80.00,-30.00,0,0.010000,1,0
3187,20,80.00,-120.00,0,0.010000,0,20
3188,20,0.00,0.00,0,0.010000,20,0
3189,20,49.00,0.00,0,0.010000,19,0
3190,20,80.00,-35.00,0,0.010000,1,20
3191,20,80.00,-20.00,0,0.010000,0,0
3192,20,80.00,-20.00,0,0.010000,0,20
3193,20,80.00,-30.00,0,0.010000,1,0
3194,2,8.00,89.00,1,0.010000,0,0
3195,20,-109.00,126.00,0,0.010000,11,0
3196,20,80.00,-30.00,0,0.010000,1,0
3197,20,80.00,-120.00,0,0.010000,0,20
3198,20,0.00,0.00,0,0.010000,20,0
3199,20,49.00,0.00,0,0.010000,19,0
3200,20,80.00,-20.00,0,0.010000,0,20
3201,20,80.00,-20.00,0,0.010000,0,0
3202,20,80.00,-20.00,0,0.010000,0,20
3203,20,80.00,-30.00,0,0.010000,1,0
3204,2,8.00,89.00,1,0.010000,0,0
3205,20,-109.00,126.00,0,0.010000,11,0
3206,20,80.00,-40.00,0,0.010000,2,1
3207,20,80.00,-115.00,0,0.010000,0,20
3208,20,0.00,0.00,0,0.010000,20,0
3209,20,49.00,0.00,0,0.010000,19,0
3210,20,80.00,-20.00,0,0.010000,0,20
3211,20,80.00,-40.00,0,0.010000,2,0
3212,20,80.00,-20.00,0,0.010000,0,20
3213,20,80.00,-50.00,0,0.010000,3,0
3214,2,8.00,89.00,1,0.010000,0,0
3215,20,-109.00,126.00,0,0.010000,11,0
3216,20,80.00,-30.00,0,0.010000,1,0
3217,20,80.00,-115.00,0,0.010000,0,20
3218,20,-2.00,0.00,0,0.010000,19,0
3219,20,49.00,0.00,0,0.010000,19,0
3220,20,80.00,-25.00,0,0.010000,0,20
3221,20,80.00,-20.00,0,0.010000,0,0
3222,20,80.00,-20.00,0,0.010000,0,20
3223,20,80.00,-30.00,0,0.010000,1,0
3224,2,8.00,89.00,1,0.010000,0,0
3225,20,-109.00,126.00,0,0.010000,11,0
3226,20,80.00,-30.00,0,0.010000,1,0
3227,20,80.00,-120.00,0,0.010000,0,20
3228,20,-46.00,39.00,0,0.010000,20,1
3229,20,49.00,0.00,0,0.010000,19,0
3230,20,80.00,-20.00,0,0.010000,0,20
3231,20,80.00,-20.00,0,0.010000,0,0
3232,20,80.00,-20.00,0,0.010000,0,20
3233,20,80.00,-30.00,0,0.010000,1,0
3234,2,8.00,89.00,1,0.010000,0,0
3235,20,-109.00,126.00,0,0.010000,11,0
3236,20,80.00,-30.00,0,0.010000,1,0
3237,20,80.00,-125.00,0,0.010000,1,20
3238,20,0.00,0.00,0,0.010000,20,0
3239,20,49.00,0.00,0,0.010000,19,0
3240,20,80.00,-30.00,0,0.010000,1,20
3241,20,80.00,-20.00,0,0.010000,0,0
3242,20,80.00,-20.00,0,0.010000,0,20
3243,20,80.00,-30.00,0,0.010000,1,0
3244,2,8.00,89.00,1,0.010000,0,0
3245,20,-109.00,126.00,0,0.010000,11,0
3246,20,80.00,-30.00,0,0.010000,1,0
3247,20,80.00,-120.00,0,0.010000,0,20
3248,20,-46.00,39.00,0,0.010000,20,1
3249,20,49.00,0.00,0,0.010000,19,0
3250,20,80.00,-20.00,0,0.010000,0,20
3251,20,80.00,-20.00,0,0.010000,0,0
3252,20,80.00,-20.00,0,0.010000,0,20
3253,20,80.00,-40.00,0,0.010000,2,1
3254,2,8.00,89.00,1,0.010000,0,0
3255,20,-109.00,126.00,0,0.010000,11,0
3256,20,80.00,-30.00,0,0.010000,1,0
3257,20,80.00,-120.00,0,0.010000,0,20
3258,20,0.00,0.00,0,0.010000,20,0
3259,20,49.00,0.00,0,0.010000,19,0
3260,20,80.00,-20.00,0,0.010000,0,20
3261,20,80.00,-20.00,0,0.010000,0,0
3262,20,80.00,-20.00,0,0.010000,0,20
3263,20,80.00,-35.00,0,0.010000,1,1
3264,2,8.00,89.00,1,0.010000,0,0
3265,20,-109.00,126.00,0,0.010000,11,0
3266,20,80.00,-30.00,0,0.010000,1,0
3267,20,62.00,-115.00,0,0.010000,4,15
3268,20,0.00,0.00,0,0.010000,20,0
3269,20,49.00,0.00,0,0.010000,19,0
3270,20,80.00,-20.00,0,0.010000,0,20
3271,20,80.00,-20.00,0,0.010000,0,0
3272,20,80.00,-20.00,0,0.010000,0,20
3273,20,80.00,-30.00,0,0.010000,1,0
3274,2,8.00,89.00,1,0.010000,0,0
3275,20,-79.00,126.00,0,0.010000,11,1
3276,20,80.00,-50.00,0,0.010000,3,0
3277,20,80.00,-120.00,0,0.010000,0,20
3278,20,-46.00,39.00,0,0.010000,20,1
3279,20,49.00,0.00,0,0.010000,19,0
3280,20,80.00,-20.00,0,0.010000,0,20
3281,20,80.00,-40.00,0,0.010000,2,0
3282,20,12.00,27.00,0,0.010000,4,16
3283,20,80.00,-30.00,0,0.010000,1,1
3284,2,8.00,89.00,1,0.010000,0,0
3285,20,-109.00,126.00,0,0.010000,11,0
3286,20,80.00,-30.00,0,0.010000,1,0
3287,20,80.00,-120.00,0,0.010000,0,20
3288,20,0.00,-2.00,0,0.010000,20,0
3289,20,3.00,44.00,0,0.010000,18,1
3290,20,-74.00,111.00,0,0.010000,3,17
3291,20,80.00,-25.00,0,0.010000,0,1
3292,20,80.00,-20.00,0,0.010000,0,20
3293,20,80.00,-30.00,0,0.010000,1,0
3294,2,8.00,89.00,1,0.010000,0,0
3295,20,-109.00,126.00,0,0.010000,11,0
3296,20,80.00,-30.00,0,0.010000,1,0
3297,20,26.00,-115.00,0,0.010000,1,19
3298,20,0.00,0.00,0,0.010000,20,0
3299,20,49.00,0.00,0,0.010000,19,0
3300,20,80.00,-20.00,0,0.010000,0,20
3301,20,80.00,-20.00,0,0.010000,0,0
3302,20,72.00,-18.00,0,0.010000,2,18
3303,20,80.00,-30.00,0,0.010000,1,0
3304,2,8.00,89.00,1,0.010000,0,0
3305,20,-109.00,126.00,0,0.010000,11,0
3306,20,80.00,-30.00,0,0.010000,1,0
3307,20,80.00,-120.00,0,0.010000,0,20
3308,20,0.00,0.00,0,0.010000,20,0
3309,20,49.00,0.00,0,0.010000,19,0
3310,20,80.00,-20.00,0,0.010000,0,20
3311,20,80.00,-30.00,0,0.010000,1,1
3312,20,80.00,-20.00,0,0.010000,0,20
3313,20,80.00,-30.00,0,0.010000,1,0
3314,2,8.00,89.00,1,0.010000,0,0
3315,20,-109.00,126.00,0,0.010000,11,0
3316,20,80.00,-30.00,0,0.010000,1,0
3317,20,80.00,-120.00,0,0.010000,0,20
3318,20,0.00,0.00,0,0.010000,20,0
3319,20,3.00,49.00,0,0.010000,18,1
3320,20,80.00,-20.00,0,0.010000,0,20
3321,20,80.00,-40.00,0,0.010000,2,0
3322,20,80.00,-20.00,0,0.010000,0,20
3323,20,80.00,-30.00,0,0.010000,1,0
3324,2,8.00,89.00,1,0.010000,0,0
3325,20,-109.00,126.00,0,0.010000,11,0
3326,20,80.00,-40.00,0,0.010000,2,1
3327,20,80.00,-120.00,0,0.010000,0,20
3328,20,0.00,0.00,0,0.010000,20,0
3329,20,49.00,0.00,0,0.010000,19,0
3330,20,80.00,-20.00,0,0.010000,0,20
3331,20,80.00,-20.00,0,0.010000,0,1
3332,20,80.00,-20.00,0,0.010000,0,20
3333,20,80.00,-30.00,0,0.010000,1,0
3334,2,8.00,89.00,1,0.010000,0,0
3335,20,-109.00,126.00,0,0.010000,11,0
3336,20,80.00,-30.00,0,0.010000,1,0
3337,20,80.00,-120.00,0,0.010000,0,20
3338,20,0.00,0.00,0,0.010000,20,0
3339,20,49.00,0.00,0,0.010000,19,0
3340,20,80.00,-20.00,0,0.010000,0,20
3341,20,80.00,-20.00,0,0.010000,0,0
3342,20,80.00,-20.00,0,0.010000,0,20
3343,20,80.00,-30.00,0,0.010000,1,0
3344,2,8.00,89.00,1,0.010000,0,0
3345,20,-79.00,126.00,0,0.010000,11,1
3346,20,80.00,-30.00,0,0.010000,1,0
3347,20,80.00,-120.00,0,0.010000,0,20
3348,20,0.00,0.00,0,0.010000,20,0
3349,20,49.00,0.00,0,0.010000,19,0
3350,20,80.00,-30.00,0,0.010000,1,20
3351,20,80.00,-20.00,0,0.010000,0,0
3352,20,80.00,-20.00,0,0.010000,0,20
3353,20,80.00,-30.00,0,0.010000,1,0
3354,2,8.00,89.00,1,0.010000,0,0
3355,20,-109.00,126.00,0,0.010000,11,0
3356,20,80.00,-30.00,0,0.010000,1,0
3357,20,80.00,-120.00,0,0.010000,0,20
3358,20,0.00,0.00,0,0.010000,20,0
3359,20,-12.00,39.00,0,0.010000,19,1
3360,20,80.00,-20.00,0,0.010000,0,20
3361,20,80.00,-20.00,0,0.010000,0,0
3362,20,80.00,-20.00,0,0.010000,0,20
3363,20,80.00,-30.00,0,0.010000,1,0
3364,2,8.00,89.00,1,0.010000,0,0
3365,20,-109.00,126.00,0,0.010000,11,0
3366,20,80.00,-30.00,0,0.010000,1,0
3367,20,80.00,-120.00,0,0.010000,0,20
3368,20,-46.00,39.00,0,0.010000,20,1
3369,20,-12.00,54.00,0,0.010000,19,1
3370,20,80.00,-20.00,0,0.010000,0,20
3371,20,80.00,-30.00,0,0.010000,1,1
3372,20,80.00,-20.00,0,0.010000,0,20
3373,20,80.00,-30.00,0,0.010000,1,0
3374,2,8.00,89.00,1,0.010000,0,0
3375,20,-109.00,126.00,0,0.010000,11,0
3376,20,80.00,-30.00,0,0.010000,1,0
3377,20,80.00,-120.00,0,0.010000,0,20
3378,20,0.00,0.00,0,0.010000,20,0
3379,20,49.00,0.00,0,0.010000,19,0
3380,20,80.00,-20.00,0,0.010000,0,20
3381,20,80.00,-70.00,0,0.010000,4,2
3382,20,80.00,-20.00,0,0.010000,0,20
3383,20,80.00,-30.00,0,0.010000,1,0
3384,2,8.00,89.00,1,0.010000,0,0
3385,20,-109.00,126.00,0,0.010000,11,0
3386,20,80.00,-30.00,0,0.010000,1,0
3387,20,80.00,-120.00,0,0.010000,0,20
3388,20,0.00,0.00,0,0.010000,20,0
3389,20,49.00,0.00,0,0.010000,19,0
3390,20,80.00,-20.00,0,0.010000,0,20
3391,20,80.00,-20.00,0,0.010000,0,0
3392,20,72.00,-20.00,0,0.010000,2,18
3393,20,80.00,-30.00,0,0.010000,1,0
3394,2,8.00,89.00,1,0.010000,0,0
3395,20,-109.00,126.00,0,0.010000,11,0
3396,20,80.00,-30.00,0,0.010000,1,1
3397,20,80.00,-120.00,0,0.010000,0,20
3398,20,0.00,0.00,0,0.010000,20,0
3399,20,49.00,0.00,0,0.010000,19,0
3400,20,80.00,-20.00,0,0.010000,0,20
3401,20,80.00,-20.00,0,0.010000,0,0
3402,20,80.00,-20.00,0,0.010000,0,20
3403,20,80.00,-30.00,0,0.010000,1,0
3404,2,8.00,89.00,1,0.010000,0,0
3405,20,-109.00,126.00,0,0.010000,11,0
3406,20,80.00,-30.00,0,0.010000,1,0
3407,20,80.00,-125.00,0,0.010000,1,20
3408,20,0.00,0.00,0,0.010000,20,0
3409,20,49.00,0.00,0,0.010000,19,0
3410,20,80.00,-20.00,0,0.010000,0,20
3411,20,80.00,-20.00,0,0.010000,0,0
3412,20,80.00,-20.00,0,0.010000,0,20
3413,20,80.00,-30.00,0,0.010000,1,0
3414,2,8.00,89.00,1,0.010000,0,0
3415,20,-109.00,126.00,0,0.010000,11,0
3416,20,80.00,-30.00,0,0.010000,1,0
3417,20,80.00,-120.00,0,0.010000,0,20
3418,20,-46.00,39.00,0,0.010000,20,1
3419,20,-7.00,54.00,0,0.010000,18,1
3420,20,80.00,-20.00,0,0.010000,0,20
3421,20,80.00,-20.00,0,0.010000,0,0
3422,20,80.00,-20.00,0,0.010000,0,20
3423,20,80.00,-30.00,0,0.010000,1,0
3424,2,8.00,89.00,1,0.010000,0,0
3425,20,-109.00,126.00,0,0.010000,11,0
3426,20,80.00,-30.00,0,0.010000,1,0
3427,20,80.00,-115.00,0,0.010000,0,20
3428,20,0.00,0.00,0,0.010000,20,0
3429,20,49.00,-2.00,0,0.010000,19,0
3430,20,80.00,-30.00,0,0.010000,1,20
3431,20,80.00,-20.00,0,0.010000,0,0
3432,20,72.00,-18.00,0,0.010000,2,18
3433,20,80.00,-30.00,0,0.010000,1,1
3434,2,8.00,89.00,1,0.010000,0,0
3435,20,-109.00,126.00,0,0.010000,11,0
3436,20,80.00,-30.00,0,0.010000,1,0
3437,20,80.00,-120.00,0,0.010000,0,20
3438,20,0.00,0.00,0,0.010000,20,0
3439,20,49.00,0.00,0,0.010000,19,0
3440,20,80.00,-20.00,0,0.010000,0,20
3441,20,80.00,-20.00,0,0.010000,0,0
3442,20,62.00,-18.00,0,0.010000,4,16
3443,20,80.00,-30.00,0,0.010000,1,0
3444,2,8.00,89.00,1,0.010000,0,0
3445,20,-109.00,126.00,0,0.010000,11,0
3446,20,80.00,-30.00,0,0.010000,1,0
3447,20,80.00,-120.00,0,0.010000,0,20
3448,20,0.00,0.00,0,0.010000,20,0
3449,20,49.00,0.00,0,0.010000,19,0
3450,20,80.00,-20.00,0,0.010000,0,20
3451,20,80.00,-20.00,0,0.010000,0,0
3452,20,80.00,-20.00,0,0.010000,0,20
3453,20,80.00,-40.00,0,0.010000,2,1
3454,2,8.00,89.00,1,0.010000,0,0
3455,20,-109.00,126.00,0,0.010000,11,0
3456,20,80.00,-30.00,0,0.010000,1,0
3457,20,80.00,-120.00,0,0.010000,0,20
3458,20,0.00,0.00,0,0.010000,20,0
3459,20,49.00,0.00,0,0.010000,19,0
3460,20,26.00,21.00,0,0.010000,2,18
3461,20,80.00,-20.00,0,0.010000,0,0
3462,20,80.00,-20.00,0,0.010000,0,20
3463,20,80.00,-30.00,0,0.010000,1,0
3464,3,12.00,88.00,1,0.010000,0,1
3465,20,-109.00,126.00,0,0.010000,11,0
3466,20,80.00,-30.00,0,0.010000,1,0
3467,20,80.00,-120.00,0,0.010000,0,20
3468,20,0.00,0.00,0,0.010000,20,0
3469,20,49.00,0.00,0,0.010000,19,0
3470,20,80.00,-20.00,0,0.010000,0,20
3471,20,80.00,-20.00,0,0.010000,0,0
3472,20,72.00,-20.00,0,0.010000,2,18
3473,20,80.00,-30.00,0,0.010000,1,0
3474,2,8.00,89.00,1,0.010000,0,0
3475,20,-109.00,126.00,0,0.010000,11,0
3476,20,80.00,-40.00,0,0.010000,2,1
3477,20,80.00,-120.00,0,0.010000,0,20
3478,20,0.00,0.00,0,0.010000,20,0
3479,20,49.00,0.00,0,0.010000,19,0
3480,20,80.00,-20.00,0,0.010000,0,20
3481,20,80.00,-20.00,0,0.010000,0,0
3482,20,80.00,-20.00,0,0.010000,0,20
3483,20,80.00,-30.00,0,0.010000,1,0
3484,2,8.00,89.00,1,0.010000,0,0
3485,20,-109.00,126.00,0,0.010000,11,0
3486,20,80.00,-30.00,0,0.010000,1,0
3487,20,80.00,-120.00,0,0.010000,0,20
3488,20,0.00,0.00,0,0.010000,20,0
3489,20,49.00,0.00,0,0.010000,19,0
3490,20,-29.00,31.00,0,0.010000,12,7
3491,20,80.00,-20.00,0,0.010000,0,0
3492,20,80.00,-25.00,0,0.010000,0,20
3493,20,80.00,-40.00,0,0.010000,2,1
3494,2,8.00,89.00,1,0.010000,0,0
3495,20,-109.00,126.00,0,0.010000,11,0
3496,20,80.00,-30.00,0,0.010000,1,0
3497,20,80.00,-125.00,0,0.010000,1,19
3498,20,0.00,0.00,0,0.010000,20,0
3499,20,49.00,0.00,0,0.010000,19,0
3500,20,80.00,-20.00,0,0.010000,0,20
3501,20,80.00,-20.00,0,0.010000,0,0
3502,20,80.00,-20.00,0,0.010000,0,20
3503,20,80.00,-30.00,0,0.010000,1,0
3504,2,8.00,89.00,1,0.010000,0,0
3505,20,-79.00,126.00,0,0.010000,11,1
3506,20,80.00,-30.00,0,0.010000,1,0
3507,20,72.00,-130.00,0,0.010000,2,18
3508,20,0.00,0.00,0,0.010000,20,0
3509,20,49.00,0.00,0,0.010000,19,0
3510,20,80.00,-20.00,0,0.010000,0,20
3511,20,80.00,-20.00,0,0.010000,0,0
3512,20,80.00,-20.00,0,0.010000,0,20
3513,20,80.00,-40.00,0,0.010000,2,1
3514,2,8.00,89.00,1,0.010000,0,0
3515,20,-69.00,126.00,0,0.010000,10,1
3516,20,80.00,-30.00,0,0.010000,1,0
3517,20,80.00,-120.00,0,0.010000,0,20
3518,20,0.00,0.00,0,0.010000,20,0
3519,20,49.00,0.00,0,0.010000,19,0
3520,20,80.00,-20.00,0,0.010000,0,20
3521,20,80.00,-20.00,0,0.010000,0,0
3522,20,80.00,-30.00,0,0.010000,1,20
3523,20,80.00,-50.00,0,0.010000,3,0
3524,2,8.00,89.00,1,0.010000,0,0
3525,20,-109.00,126.00,0,0.010000,11,0
3526,20,80.00,-30.00,0,0.010000,1,0
3527,20,80.00,-120.00,0,0.010000,0,20
3528,20,0.00,0.00,0,0.010000,20,0
3529,20,49.00,0.00,0,0.010000,19,0
3530,20,80.00,-20.00,0,0.010000,0,20
3531,20,80.00,-30.00,0,0.010000,1,1
3532,20,4.00,29.00,0,0.010000,6,14
3533,20,80.00,-30.00,0,0.010000,1,0
3534,2,8.00,89.00,1,0.010000,0,0
3535,20,-109.00,126.00,0,0.010000,11,0
3536,20,80.00,-30.00,0,0.010000,1,0
3537,20,80.00,-120.00,0,0.010000,0,20
3538,20,0.00,0.00,0,0.010000,20,0
3539,20,49.00,-2.00,0,0.010000,19,0
3540,20,80.00,-20.00,0,0.010000,0,20
3541,20,80.00,-20.00,0,0.010000,0,0
3542,20,72.00,-20.00,0,0.010000,2,18
3543,20,80.00,-50.00,0,0.010000,3,0
3544,2,8.00,89.00,1,0.010000,0,0
3545,20,-74.00,126.00,0,0.010000,10,1
3546,20,80.00,-30.00,0,0.010000,1,0
3547,20,80.00,-120.00,0,0.010000,0,20
3548,20,-46.00,39.00,0,0.010000,20,1
3549,20,49.00,0.00,0,0.010000,19,0
3550,20,-34.00,81.00,0,0.010000,2,17
3551,20,80.00,-20.00,0,0.010000,0,0
3552,20,80.00,-20.00,0,0.010000,0,20
3553,20,80.00,-30.00,0,0.010000,1,0
3554,2,8.00,89.00,1,0.010000,0,0
3555,20,-74.00,126.00,0,0.010000,10,1
3556,20,80.00,-30.00,0,0.010000,1,0
3557,20,80.00,-120.00,0,0.010000,0,20
3558,20,-52.00,0.00,0,0.010000,20,0
3559,20,49.00,0.00,0,0.010000,19,0
3560,20,80.00,-20.00,0,0.010000,0,20
3561,20,80.00,-20.00,0,0.010000,0,0
3562,20,80.00,-20.00,0,0.010000,0,20
3563,20,80.00,-30.00,0,0.010000,1,0
3564,2,8.00,89.00,1,0.010000,0,0
3565,20,-109.00,126.00,0,0.010000,11,0
3566,20,80.00,-30.00,0,0.010000,1,0
3567,20,80.00,-120.00,0,0.010000,0,20
3568,20,0.00,0.00,0,0.010000,20,0
3569,20,49.00,0.00,0,0.010000,19,0
3570,20,80.00,-20.00,0,0.010000,0,20
3571,20,80.00,-40.00,0,0.010000,2,0
3572,20,80.00,-20.00,0,0.010000,0,20
3573,20,80.00,-30.00,0,0.010000,1,0
3574,2,8.00,89.00,1,0.010000,0,0
3575,20,-109.00,126.00,0,0.010000,11,0
3576,20,80.00,-30.00,0,0.010000,1,0
3577,20,80.00,-120.00,0,0.010000,0,20
3578,20,0.00,0.00,0,0.010000,20,0
3579,20,49.00,0.00,0,0.010000,19,0
3580,20,80.00,-20.00,0,0.010000,0,20
3581,20,80.00,-20.00,0,0.010000,0,0
3582,20,80.00,-20.00,0,0.010000,0,20
3583,20,80.00,-30.00,0,0.010000,1,0
3584,2,8.00,89.00,1,0.010000,0,0
3585,20,-79.00,126.00,0,0.010000,11,1
3586,20,80.00,-30.00,0,0.010000,1,0
3587,20,67.00,-115.00,0,0.010000,2,17
3588,20,0.00,0.00,0,0.010000,20,0
3589,20,49.00,0.00,0,0.010000,19,0
3590,20,80.00,-20.00,0,0.010000,0,20
3591,20,80.00,-20.00,0,0.010000,0,0
3592,20,80.00,-20.00,0,0.010000,0,20
3593,20,80.00,-30.00,0,0.010000,1,0
3594,2,8.00,89.00,1,0.010000,0,0
3595,20,-109.00,126.00,0,0.010000,11,0
3596,20,80.00,-40.00,0,0.010000,2,1
3597,20,80.00,-120.00,0,0.010000,0,20
3598,20,0.00,0.00,0,0.010000,20,0
3599,20,49.00,0.00,0,0.010000,19,0
3600,20,80.00,-20.00,0,0.010000,0,20
3601,20,80.00,-20.00,0,0.010000,0,0
3602,20,80.00,-20.00,0,0.010000,0,20
3603,20,80.00,-30.00,0,0.010000,1,0
3604,2,8.00,89.00,1,0.010000,0,0
3605,20,-109.00,126.00,0,0.010000,11,0
3606,20,80.00,-30.00,0,0.010000,1,0
3607,20,80.00,-120.00,0,0.010000,0,20
3608,20,-46.00,49.00,0,0.010000,19,1
3609,20,49.00,0.00,0,0.010000,19,0
3610,20,80.00,-20.00,0,0.010000,0,20
3611,20,80.00,-20.00,0,0.010000,0,0
3612,20,80.00,-20.00,0,0.010000,0,20
3613,20,80.00,-30.00,0,0.010000,1,0
3614,2,8.00,89.00,1,0.010000,0,0
3615,20,-79.00,126.00,0,0.010000,11,1
3616,20,80.00,-30.00,0,0.010000,1,0
3617,20,80.00,-125.00,0,0.010000,1,19
3618,20,0.00,0.00,0,0.010000,20,0
3619,20,49.00,0.00,0,0.010000,19,0
3620,20,80.00,-20.00,0,0.010000,0,20
3621,20,80.00,-25.00,0,0.010000,0,1
3622,20,80.00,-20.00,0,0.010000,0,20
3623,20,80.00,-30.00,0,0.010000,1,0
3624,2,8.00,89.00,1,0.010000,0,0
3625,20,-109.00,126.00,0,0.010000,11,0
3626,20,80.00,-30.00,0,0.010000,1,0
3627,20,80.00,-120.00,0,0.010000,0,20
3628,20,0.00,0.00,0,0.010000,20,0
3629,20,49.00,0.00,0,0.010000,19,0
3630,20,80.00,-20.00,0,0.010000,0,20
3631,20,80.00,-20.00,0,0.010000,0,0
3632,20,80.00,-20.00,0,0.010000,0,20
3633,20,80.00,-30.00,0,0.010000,1,0
3634,2,8.00,89.00,1,0.010000,0,0
3635,20,-69.00,126.00,0,0.010000,10,1
3636,20,80.00,-40.00,0,0.010000,2,1
3637,20,80.00,-120.00,0,0.010000,0,20
3638,20,0.00,0.00,0,0.010000,20,0
3639,20,49.00,0.00,0,0.010000,19,0
3640,20,80.00,-20.00,0,0.010000,0,20
3641,20,80.00,-70.00,0,0.010000,4,2
3642,20,80.00,-20.00,0,0.010000,0,20
3643,20,80.00,-50.00,0,0.010000,3,0
3644,2,8.00,89.00,1,0.010000,0,0
3645,20,-109.00,126.00,0,0.010000,11,0
3646,20,80.00,-30.00,0,0.010000,1,0
3647,20,72.00,-130.00,0,0.010000,2,18
3648,20,0.00,0.00,0,0.010000,20,0
3649,20,49.00,0.00,0,0.010000,19,0
3650,20,80.00,-20.00,0,0.010000,0,20
3651,20,80.00,-20.00,0,0.010000,0,0
3652,20,80.00,-20.00,0,0.010000,0,20
3653,20,80.00,-50.00,0,0.010000,3,0
3654,2,8.00,89.00,1,0.010000,0,0
3655,20,-109.00,126.00,0,0.010000,11,0
3656,20,80.00,-30.00,0,0.010000,1,0
3657,20,80.00,-120.00,0,0.010000,0,20
3658,20,0.00,-2.00,0,0.010000,20,0
3659,20,49.00,0.00,0,0.010000,19,0
3660,20,80.00,-20.00,0,0.010000,0,20
3661,20,80.00,-20.00,0,0.010000,0,0
3662,20,80.00,-20.00,0,0.010000,0,20
3663,20,80.00,-30.00,0,0.010000,1,0
3664,2,8.00,89.00,1,0.010000,0,0
3665,20,-109.00,126.00,0,0.010000,11,0
3666,20,80.00,-30.00,0,0.010000,1,0
3667,20,80.00,-120.00,0,0.010000,0,20
3668,20,-52.00,0.00,0,0.010000,20,0
3669,20,49.00,0.00,0,0.010000,19,0
3670,20,-24.00,81.00,0,0.010000,1,19
3671,20,80.00,-20.00,0,0.010000,0,0
3672,20,80.00,-20.00,0,0.010000,0,20
3673,20,80.00,-30.00,0,0.010000,1,0
3674,2,8.00,89.00,1,0.010000,0,0
3675,20,-109.00,118.00,0,0.010000,11,0
3676,20,80.00,-30.00,0,0.010000,1,0
3677,20,80.00,-120.00,0,0.010000,0,20
3678,20,-61.00,54.00,0,0.010000,20,1
3679,20,27.00,0.00,0,0.010000,19,0
3680,20,80.00,-20.00,0,0.010000,0,20
3681,20,80.00,-20.00,0,0.010000,0,0
3682,20,80.00,-20.00,0,0.010000,0,20
3683,20,80.00,-30.00,0,0.010000,1,0
3684,2,8.00,89.00,1,0.010000,0,0
3685,20,-69.00,126.00,0,0.010000,10,1
3686,20,80.00,-30.00,0,0.010000,1,0
3687,20,80.00,-120.00,0,0.010000,0,20
3688,20,0.00,0.00,0,0.010000,20,0
3689,20,49.00,0.00,0,0.010000,19,0
3690,20,80.00,-20.00,0,0.010000,0,20
3691,20,80.00,-20.00,0,0.010000,0,0
3692,20,80.00,-25.00,0,0.010000,0,20
3693,20,80.00,-30.00,0,0.010000,1,0
3694,2,8.00,89.00,1,0.010000,0,0
3695,20,-109.00,126.00,0,0.010000,11,0
3696,20,80.00,-30.00,0,0.010000,1,0
3697,20,80.00,-120.00,0,0.010000,0,20
3698,20,0.00,0.00,0,0.010000,20,0
3699,20,49.00,0.00,0,0.010000,19,0
3700,20,80.00,-20.00,0,0.010000,0,20
3701,20,80.00,-30.00,0,0.010000,1,1
3702,20,80.00,-20.00,0,0.010000,0,20
3703,20,80.00,-30.00,0,0.010000,1,1
3704,2,8.00,89.00,1,0.010000,0,0
3705,20,-109.00,126.00,0,0.010000,11,0
3706,20,80.00,-30.00,0,0.010000,1,0
3707,20,80.00,-120.00,0,0.010000,0,20
3708,20,0.00,0.00,0,0.010000,20,0
3709,20,49.00,0.00,0,0.010000,19,0
3710,20,80.00,-20.00,0,0.010000,0,20
3711,20,80.00,-60.00,0,0.010000,4,0
3712,20,80.00,-20.00,0,0.010000,0,20
3713,20,80.00,-30.00,0,0.010000,1,0
3714,2,8.00,89.00,1,0.010000,0,0
3715,20,-109.00,126.00,0,0.010000,11,0
3716,20,80.00,-30.00,0,0.010000,1,0
3717,20,80.00,-120.00,0,0.010000,0,20
3718,20,-51.00,0.00,0,0.010000,20,0
3719,20,49.00,0.00,0,0.010000,19,0
3720,20,80.00,-20.00,0,0.010000,0,20
3721,20,80.00,-20.00,0,0.010000,0,0
3722,20,80.00,-20.00,0,0.010000,0,20
3723,20,80.00,-30.00,0,0.010000,1,0
3724,2,8.00,89.00,1,0.010000,0,0
3725,20,-109.00,126.00,0,0.010000,11,0
3726,20,80.00,-35.00,0,0.010000,1,1
3727,20,80.00,-115.00,0,0.010000,0,20
3728,20,0.00,0.00,0,0.010000,20,0
3729,20,49.00,0.00,0,0.010000,19,0
3730,20,80.00,-30.00,0,0.010000,1,20
3731,20,80.00,-20.00,0,0.010000,0,0
3732,20,80.00,-20.00,0,0.010000,0,20
3733,20,80.00,-30.00,0,0.010000,1,0
3734,2,8.00,89.00,1,0.010000,0,0
3735,20,-64.00,116.00,0,0.010000,10,1
3736,20,80.00,-30.00,0,0.010000,1,0
3737,20,80.00,-125.00,0,0.010000,1,20
3738,20,0.00,0.00,0,0.010000,20,0
3739,20,49.00,0.00,0,0.010000,19,0
3740,20,80.00,-20.00,0,0.010000,0,20
3741,20,80.00,-20.00,0,0.010000,0,0
3742,20,80.00,-20.00,0,0.010000,0,20
3743,20,80.00,-30.00,0,0.010000,1,0
3744,2,8.00,89.00,1,0.010000,0,0
3745,20,-109.00,126.00,0,0.010000,11,0
3746,20,80.00,-35.00,0,0.010000,1,1
3747,20,80.00,-120.00,0,0.010000,0,20
3748,20,0.00,0.00,0,0.010000,20,0
3749,20,49.00,0.00,0,0.010000,19,0
3750,20,80.00,-20.00,0,0.010000,0,20
3751,20,80.00,-20.00,0,0.010000,0,0
3752,20,80.00,-20.00,0,0.010000,0,20
3753,20,80.00,-30.00,0,0.010000,1,0
3754,2,8.00,89.00,1,0.010000,0,0
3755,20,-109.00,126.00,0,0.010000,11,0
3756,20,80.00,-50.00,0,0.010000,3,0
3757,20,80.00,-120.00,0,0.010000,0,20
3758,20,0.00,0.00,0,0.010000,20,0
3759,20,49.00,0.00,0,0.010000,19,0
3760,20,80.00,-20.00,0,0.010000,0,20
3761,20,80.00,-20.00,0,0.010000,0,0
3762,20,80.00,-20.00,0,0.010000,0,20
3763,20,80.00,-30.00,0,0.010000,1,0
3764,2,8.00,89.00,1,0.010000,0,0
3765,20,-109.00,126.00,0,0.010000,11,0
3766,20,80.00,-30.00,0,0.010000,1,0
3767,20,80.00,-120.00,0,0.010000,0,20
3768,20,0.00,0.00,0,0.010000,20,0
3769,20,49.00,0.00,0,0.010000,19,0
3770,20,80.00,-20.00,0,0.010000,0,20
3771,20,80.00,-20.00,0,0.010000,0,0
3772,20,80.00,-20.00,0,0.010000,0,20
3773,20,80.00,-30.00,0,0.010000,1,0
3774,2,8.00,89.00,1,0.010000,0,0
3775,20,-109.00,126.00,0,0.010000,11,0
3776,20,80.00,-30.00,0,0.010000,1,0
3777,20,72.00,-115.00,0,0.010000,2,17
3778,20,0.00,0.00,0,0.010000,20,0
3779,20,49.00,0.00,0,0.010000,19,0
3780,20,80.00,-20.00,0,0.010000,0,20
3781,20,80.00,-20.00,0,0.010000,0,0
3782,20,80.00,-20.00,0,0.010000,0,20
3783,20,80.00,-30.00,0,0.010000,1,0
3784,2,8.00,89.00,1,0.010000,0,0
3785,20,-109.00,126.00,0,0.010000,11,0
3786,20,80.00,-30.00,0,0.010000,1,0
3787,20,80.00,-120.00,0,0.010000,0,20
3788,20,0.00,0.00,0,0.010000,20,0
3789,20,49.00,0.00,0,0.010000,19,0
3790,20,80.00,-20.00,0,0.010000,0,20
3791,20,80.00,-30.00,0,0.010000,1,1
3792,20,80.00,-20.00,0,0.010000,0,20
3793,20,80.00,-30.00,0,0.010000,1,0
3794,2,8.00,89.00,1,0.010000,0,0
3795,20,-109.00,126.00,0,0.010000,11,0
3796,20,80.00,-30.00,0,0.010000,1,0
3797,20,80.00,-120.00,0,0.010000,0,20
3798,20,0.00,0.00,0,0.010000,20,0
3799,20,49.00,0.00,0,0.010000,19,0
3800,20,80.00,-20.00,0,0.010000,0,20
3801,20,80.00,-20.00,0,0.010000,0,0
3802,20,80.00,-20.00,0,0.010000,0,20
3803,20,80.00,-30.00,0,0.010000,1,0
3804,2,8.00,89.00,1,0.010000,0,0
3805,20,-109.00,126.00,0,0.010000,11,0
3806,20,80.00,-30.00,0,0.010000,1,1
3807,20,80.00,-120.00,0,0.010000,0,20
3808,20,0.00,0.00,0,0.010000,20,0
3809,20,49.00,0.00,0,0.010000,19,0
3810,20,80.00,-20.00,0,0.010000,0,20
3811,20,80.00,-20.00,0,0.010000,0,0
3812,20,80.00,-20.00,0,0.010000,0,20
3813,20,80.00,-55.00,0,0.010000,3,1
3814,2,8.00,89.00,1,0.010000,0,0
3815,20,-109.00,126.00,0,0.010000,11,0
3816,20,80.00,-30.00,0,0.010000,1,0
3817,20,67.00,-115.00,0,0.010000,2,17
3818,20,0.00,0.00,0,0.010000,20,0
3819,20,49.00,0.00,0,0.010000,19,0
3820,20,80.00,-20.00,0,0.010000,0,20
3821,20,80.00,-20.00,0,0.010000,0,0
3822,20,80.00,-20.00,0,0.010000,0,20
3823,20,80.00,-30.00,0,0.010000,1,0
3824,2,8.00,89.00,1,0.010000,0,0
3825,20,-109.00,126.00,0,0.010000,11,0
3826,20,80.00,-30.00,0,0.010000,1,0
3827,20,80.00,-120.00,0,0.010000,0,20
3828,20,-46.00,39.00,0,0.010000,20,1
3829,20,3.00,44.00,0,0.010000,18,1
3830,20,80.00,-20.00,0,0.010000,0,20
3831,20,80.00,-30.00,0,0.010000,1,1
3832,20,80.00,-20.00,0,0.010000,0,20
3833,20,80.00,-30.00,0,0.010000,1,0
3834,2,8.00,89.00,1,0.010000,0,0
3835,20,-109.00,126.00,0,0.010000,11,0
3836,20,80.00,-30.00,0,0.010000,1,0
3837,20,80.00,-120.00,0,0.010000,0,20
3838,20,0.00,0.00,0,0.010000,20,0
3839,20,49.00,0.00,0,0.010000,19,0
3840,20,80.00,-30.00,0,0.010000,1,20
3841,20,80.00,-20.00,0,0.010000,0,0
3842,20,72.00,-20.00,0,0.010000,2,18
3843,20,80.00,-50.00,0,0.010000,3,1
3844,2,8.00,89.00,1,0.010000,0,0
3845,20,-109.00,126.00,0,0.010000,11,0
3846,20,80.00,-30.00,0,0.010000,1,0
3847,20,80.00,-120.00,0,0.010000,0,20
3848,20,-46.00,49.00,0,0.010000,19,1
3849,20,49.00,0.00,0,0.010000,19,0
3850,20,80.00,-30.00,0,0.010000,1,20
3851,20,80.00,-20.00,0,0.010000,0,0
3852,20,80.00,-30.00,0,0.010000,1,20
3853,20,80.00,-30.00,0,0.010000,1,0
3854,2,8.00,89.00,1,0.010000,0,0
3855,20,-74.00,118.00,0,0.010000,10,1
3856,20,80.00,-30.00,0,0.010000,1,0
3857,20,80.00,-120.00,0,0.010000,0,20
3858,20,0.00,0.00,0,0.010000,20,0
3859,20,49.00,0.00,0,0.010000,19,0
3860,20,80.00,-20.00,0,0.010000,0,20
3861,20,80.00,-20.00,0,0.010000,0,0
3862,20,80.00,-20.00,0,0.010000,0,20
3863,20,80.00,-30.00,0,0.010000,1,0
3864,2,8.00,89.00,1,0.010000,0,0
3865,20,-109.00,126.00,0,0.010000,11,0
3866,20,80.00,-30.00,0,0.010000,1,0
3867,20,80.00,-120.00,0,0.010000,0,20
3868,20,0.00,0.00,0,0.010000,20,0
3869,20,49.00,0.00,0,0.010000,19,0
3870,20,80.00,-20.00,0,0.010000,0,20
3871,20,80.00,-20.00,0,0.010000,0,0
3872,20,80.00,-20.00,0,0.010000,0,20
3873,20,80.00,-30.00,0,0.010000,1,0
3874,2,8.00,89.00,1,0.010000,0,0
3875,20,-109.00,126.00,0,0.010000,11,0
3876,20,80.00,-30.00,0,0.010000,1,0
3877,20,80.00,-120.00,0,0.010000,0,20
3878,20,0.00,0.00,0,0.010000,20,0
3879,20,49.00,0.00,0,0.010000,19,0
3880,20,57.00,-13.00,0,0.010000,3,16
3881,20,80.00,-20.00,0,0.010000,0,0
3882,20,80.00,-20.00,0,0.010000,0,20
3883,20,80.00,-35.00,0,0.010000,1,1
3884,2,8.00,89.00,1,0.010000,0,0
3885,20,-109.00,126.00,0,0.010000,11,0
3886,20,80.00,-30.00,0,0.010000,1,0
3887,20,80.00,-120.00,0,0.010000,0,20
3888,20,0.00,0.00,0,0.010000,20,0
3889,20,49.00,0.00,0,0.010000,19,0
3890,20,80.00,-20.00,0,0.010000,0,20
3891,20,80.00,-20.00,0,0.010000,0,0
3892,20,80.00,-20.00,0,0.010000,0,20
3893,20,80.00,-30.00,0,0.010000,1,0
3894,2,8.00,89.00,1,0.010000,0,0
3895,20,-109.00,126.00,0,0.010000,11,0
3896,20,80.00,-30.00,0,0.010000,1,0
3897,20,80.00,-125.00,0,0.010000,1,19
3898,20,0.00,0.00,0,0.010000,20,0
3899,20,-2.00,39.00,0,0.010000,19,1
3900,20,80.00,-20.00,0,0.010000,0,20
3901,20,80.00,-20.00,0,0.010000,0,0
3902,20,80.00,-20.00,0,0.010000,0,20
3903,20,80.00,-30.00,0,0.010000,1,0
3904,2,8.00,89.00,1,0.010000,0,0
3905,20,-79.00,126.00,0,0.010000,11,1
3906,20,80.00,-30.00,0,0.010000,1,0
3907,20,80.00,-120.00,0,0.010000,0,20
3908,20,0.00,0.00,0,0.010000,20,0
3909,20,49.00,0.00,0,0.010000,19,0
3910,20,-29.00,76.00,0,0.010000,2,17
3911,20,80.00,-20.00,0,0.010000,0,0
3912,20,80.00,-20.00,0,0.010000,0,20
3913,20,80.00,-30.00,0,0.010000,1,0
3914,2,8.00,89.00,1,0.010000,0,0
3915,20,-109.00,126.00,0,0.010000,11,0
3916,20,80.00,-30.00,0,0.010000,1,0
3917,20,80.00,-120.00,0,0.010000,0,20
3918,20,-2.00,0.00,0,0.010000,19,0
3919,20,49.00,0.00,0,0.010000,19,0
3920,20,80.00,-20.00,0,0.010000,0,20
3921,20,80.00,-20.00,0,0.010000,0,0
3922,20,80.00,-20.00,0,0.010000,0,20
3923,20,80.00,-30.00,0,0.010000,1,0
3924,2,8.00,89.00,1,0.010000,0,0
3925,20,-79.00,126.00,0,0.010000,11,1
3926,20,80.00,-30.00,0,0.010000,1,0
3927,20,80.00,-120.00,0,0.010000,0,20
3928,20,0.00,0.00,0,0.010000,20,0
3929,20,49.00,0.00,0,0.010000,19,0
3930,20,80.00,-20.00,0,0.010000,0,20
3931,20,80.00,-20.00,0,0.010000,0,0
3932,20,80.00,-20.00,0,0.010000,0,20
3933,20,80.00,-30.00,0,0.010000,1,0
3934,2,8.00,89.00,1,0.010000,0,0
3935,20,-109.00,126.00,0,0.010000,11,0
3936,20,80.00,-30.00,0,0.010000,1,0
3937,20,80.00,-120.00,0,0.010000,0,20
3938,20,0.00,0.00,0,0.010000,20,0
3939,20,49.00,0.00,0,0.010000,19,0
3940,20,80.00,-20.00,0,0.010000,0,20
3941,20,80.00,-20.00,0,0.010000,0,0
3942,20,80.00,-20.00,0,0.010000,0,20
3943,20,80.00,-30.00,0,0.010000,1,0
3944,2,8.00,89.00,1,0.010000,0,0
3945,20,-109.00,126.00,0,0.010000,11,0
3946,20,80.00,-30.00,0,0.010000,1,0
3947,20,80.00,-120.00,0,0.010000,0,20
3948,20,-2.00,-52.00,0,0.010000,20,0
3949,20,49.00,0.00,0,0.010000,19,0
3950,20,80.00,-20.00,0,0.010000,0,20
3951,20,80.00,-20.00,0,0.010000,0,0
3952,20,80.00,-20.00,0,0.010000,0,20
3953,20,80.00,-30.00,0,0.010000,1,0
3954,2,8.00,89.00,1,0.010000,0,0
3955,20,-109.00,126.00,0,0.010000,11,0
3956,20,80.00,-30.00,0,0.010000,1,0
3957,20,80.00,-120.00,0,0.010000,0,20
3958,20,0.00,0.00,0,0.010000,20,0
3959,20,49.00,0.00,0,0.010000,19,0
3960,20,80.00,-20.00,0,0.010000,0,20
3961,20,80.00,-20.00,0,0.010000,0,0
3962,20,80.00,-20.00,0,0.010000,0,20
3963,20,80.00,-35.00,0,0.010000,1,1
3964,2,8.00,89.00,1,0.010000,0,0
3965,20,-109.00,126.00,0,0.010000,11,0
3966,20,80.00,-30.00,0,0.010000,1,0
3967,20,80.00,-120.00,0,0.010000,0,20
3968,20,0.00,0.00,0,0.010000,20,0
3969,20,49.00,0.00,0,0.010000,19,0
3970,20,80.00,-20.00,0,0.010000,0,20
3971,20,80.00,-20.00,0,0.010000,0,0
3972,20,80.00,-20.00,0,0.010000,0,20
3973,20,80.00,-30.00,0,0.010000,1,0
3974,2,8.00,89.00,1,0.010000,0,0
3975,20,-109.00,126.00,0,0.010000,11,0
3976,20,80.00,-30.00,0,0.010000,1,0
3977,20,80.00,-120.00,0,0.010000,0,20
3978,20,0.00,0.00,0,0.010000,20,0
3979,20,49.00,0.00,0,0.010000,19,0
3980,20,80.00,-20.00,0,0.010000,0,20
3981,20,80.00,-30.00,0,0.010000,1,2
3982,20,80.00,-20.00,0,0.010000,0,20
3983,20,80.00,-30.00,0,0.010000,1,0
3984,3,12.00,78.00,1,0.010000,1,1
3985,20,-74.00,126.00,0,0.010000,10,1
3986,20,80.00,-30.00,0,0.010000,1,0
3987,20,80.00,-120.00,0,0.010000,0,20
3988,20,-2.00,0.00,0,0.010000,19,0
3989,20,49.00,0.00,0,0.010000,19,0
3990,20,80.00,-20.00,0,0.010000,0,20
3991,20,80.00,-30.00,0,0.010000,1,1
3992,20,80.00,-20.00,0,0.010000,0,20
3993,20,80.00,-30.00,0,0.010000,1,0
3994,2,8.00,89.00,1,0.010000,0,0
3995,20,-109.00,126.00,0,0.010000,11,0
3996,20,80.00,-30.00,0,0.010000,1,0
3997,20,80.00,-120.00,0,0.010000,0,20
3998,20,0.00,0.00,0,0.010000,20,0
3999,20,49.00,0.00,0,0.010000,19,0

# Summary
# FirstGoalEpisode,0
# TotalGoalCount,401
# GoalRate_last100,0.10
