Episode,Steps,RewardZ1,RewardZ2,GoalReached,Epsilon,WastedByPenalty,WastedByNoEffect
0,20,-84.00,-94.00,0,0.300000,15,10
1,20,-57.00,-57.00,0,0.299100,18,7
2,0,0.00,0.00,1,0.298203,0,0
3,20,-116.00,-76.00,0,0.297308,18,8
4,20,-75.00,5.00,0,0.296416,17,6
5,20,-62.00,-62.00,0,0.295527,17,7
6,20,-50.00,-20.00,0,0.294640,18,7
7,20,-74.00,-54.00,0,0.293756,18,10
8,2,100.00,100.00,1,0.292875,0,0
9,10,47.00,47.00,1,0.291997,7,7
10,20,-111.00,-111.00,0,0.291121,17,9
11,20,-94.00,-44.00,0,0.290247,16,11
12,20,-145.00,-105.00,0,0.300000,19,9
13,20,-35.00,-205.00,0,0.299100,19,15
14,20,-20.00,-40.00,0,0.298203,14,9
15,20,-114.00,-24.00,0,0.297308,18,5
16,20,5.00,-25.00,0,0.296416,14,8
17,20,-22.00,-92.00,0,0.295527,15,11
18,2,100.00,100.00,1,0.294640,0,0
19,6,76.00,66.00,1,0.293756,4,4
20,20,10.00,-90.00,0,0.292875,16,6
21,20,-57.00,-87.00,0,0.291997,16,11
22,0,0.00,0.00,1,0.291121,0,0
23,1,50.00,50.00,1,0.290247,0,0
24,20,-24.00,-134.00,0,0.289376,17,5
25,20,-60.00,-90.00,0,0.288508,16,9
26,20,-34.00,-74.00,0,0.287643,16,7
27,20,-100.00,-110.00,0,0.300000,15,9
28,2,100.00,100.00,1,0.299100,0,0
29,3,99.00,89.00,1,0.298203,1,1
30,20,-88.00,-28.00,0,0.297308,14,4
31,20,-69.00,-69.00,0,0.296416,17,12
32,20,-75.00,-85.00,0,0.295527,15,10
33,20,-62.00,-102.00,0,0.294640,14,9
34,20,10.00,50.00,0,0.293756,12,6
35,20,-109.00,-89.00,0,0.292875,16,10
36,20,-9.00,31.00,0,0.291997,13,8
37,20,-55.00,-95.00,0,0.291121,14,11
38,3,89.00,99.00,1,0.290247,1,1
39,2,100.00,100.00,1,0.289376,0,0
40,20,-9.00,-9.00,0,0.288508,12,5
41,20,-35.00,-55.00,0,0.287643,13,9
42,0,0.00,0.00,1,0.286780,0,0
43,0,0.00,0.00,1,0.285920,0,0
44,20,61.00,51.00,0,0.285062,11,2
45,20,-79.00,-59.00,0,0.284207,15,13
46,20,-5.00,-45.00,0,0.283354,14,9
47,20,-90.00,-90.00,0,0.282504,15,14
48,2,100.00,100.00,1,0.281656,0,0
49,2,100.00,100.00,1,0.280811,0,0
50,20,-48.00,-48.00,0,0.279969,14,2
51,20,-94.00,-64.00,0,0.279129,16,13
52,20,-79.00,-69.00,0,0.278292,15,12
53,4,49.00,39.00,1,0.277457,2,1
54,20,64.00,74.00,0,0.276624,10,1
55,20,-64.00,-74.00,0,0.275795,14,12
56,20,-35.00,-45.00,0,0.274967,14,14
57,20,-106.00,-96.00,0,0.274142,14,8
58,3,89.00,99.00,1,0.273320,1,1
59,2,100.00,100.00,1,0.272500,0,0
60,20,-36.00,-36.00,0,0.271682,13,2
61,20,-57.00,-67.00,0,0.270867,14,10
62,5,21.00,21.00,1,0.270055,3,4
63,20,-124.00,-94.00,0,0.269245,16,13
64,20,60.00,20.00,0,0.268437,11,2
65,20,-59.00,-59.00,0,0.267632,16,9
66,20,41.00,31.00,0,0.266829,12,7
67,0,0.00,0.00,1,0.266028,0,0
68,2,100.00,100.00,1,0.265230,0,0
69,2,100.00,100.00,1,0.264434,0,0
70,20,-14.00,-4.00,0,0.263641,13,5
71,20,-27.00,-107.00,0,0.262850,16,10
72,20,-62.00,-62.00,0,0.262062,15,10
73,20,-84.00,-74.00,0,0.261275,16,11
74,20,30.00,10.00,0,0.260492,10,6
75,20,-44.00,-94.00,0,0.259710,15,11
76,20,-60.00,-40.00,0,0.258931,16,9
77,20,-94.00,-44.00,0,0.258154,16,12
78,3,89.00,99.00,1,0.257380,1,1
79,2,100.00,100.00,1,0.256608,0,0
80,20,-36.00,-36.00,0,0.255838,13,4
81,20,-62.00,-42.00,0,0.255070,13,12
82,20,-105.00,-105.00,0,0.254305,15,13
83,0,0.00,0.00,1,0.253542,0,0
84,20,41.00,31.00,0,0.252781,10,1
85,20,-74.00,-74.00,0,0.252023,16,11
86,20,-35.00,-45.00,0,0.251267,15,12
87,1,50.00,50.00,1,0.250513,0,0
88,2,100.00,100.00,1,0.249762,0,0
89,2,100.00,100.00,1,0.249012,0,0
90,20,-34.00,-14.00,0,0.248265,12,2
91,20,-62.00,-72.00,0,0.247521,17,11
92,20,-115.00,-135.00,0,0.246778,13,7
93,1,50.00,50.00,1,0.246038,0,0
94,20,10.00,-20.00,0,0.245300,10,3
95,20,-67.00,-47.00,0,0.244564,15,7
96,20,-30.00,-40.00,0,0.243830,14,10
97,20,-103.00,-123.00,0,0.243099,14,11
98,5,99.00,89.00,1,0.242369,2,1
99,2,100.00,100.00,1,0.241642,0,0
100,20,8.00,-12.00,0,0.240917,12,5
101,20,-57.00,-67.00,0,0.240194,16,11
102,20,-62.00,-72.00,0,0.239474,15,13
103,20,-79.00,-69.00,0,0.238755,17,10
104,20,-10.00,-10.00,0,0.238039,11,3
105,20,-44.00,-54.00,0,0.237325,12,11
106,20,-55.00,-35.00,0,0.236613,15,10
107,20,-152.00,-172.00,0,0.235903,18,10
108,5,89.00,99.00,1,0.235196,2,1
109,2,100.00,100.00,1,0.234490,0,0
110,20,-14.00,-4.00,0,0.233786,13,4
111,20,-74.00,-64.00,0,0.233085,16,12
112,1,50.00,50.00,1,0.232386,0,0
113,20,-125.00,-105.00,0,0.231689,16,12
114,20,45.00,-5.00,0,0.230994,12,2
115,20,-30.00,-40.00,0,0.230301,13,12
116,20,1.00,1.00,0,0.229610,12,10
117,20,-69.00,-79.00,0,0.228921,15,12
118,2,100.00,100.00,1,0.228234,0,0
119,2,100.00,100.00,1,0.227549,0,0
120,20,39.00,49.00,0,0.226867,10,1
121,20,-55.00,-55.00,0,0.226186,15,9
122,20,-170.00,-170.00,0,0.225508,15,13
123,20,66.00,76.00,0,0.224831,9,2
124,20,60.00,60.00,0,0.224157,9,0
125,20,-74.00,-44.00,0,0.223484,13,13
126,20,-25.00,-25.00,0,0.222814,16,9
127,4,83.00,83.00,1,0.222145,1,2
128,2,100.00,100.00,1,0.221479,0,0
129,2,100.00,100.00,1,0.220814,0,0
130,20,-31.00,-41.00,0,0.220152,12,2
131,20,-67.00,-47.00,0,0.219492,14,12
132,0,0.00,0.00,1,0.218833,0,0
133,0,0.00,0.00,1,0.218177,0,0
134,20,20.00,10.00,0,0.217522,9,6
135,20,-69.00,-89.00,0,0.216869,17,12
136,20,-35.00,-5.00,0,0.216219,13,9
137,0,0.00,0.00,1,0.215570,0,0
138,2,100.00,100.00,1,0.214923,0,0
139,2,100.00,100.00,1,0.214279,0,0
140,20,44.00,44.00,0,0.213636,9,1
141,20,-128.00,-108.00,0,0.212995,15,10
142,20,-90.00,-60.00,0,0.212356,16,11
143,20,-111.00,-101.00,0,0.211719,17,9
144,20,31.00,41.00,0,0.211084,11,6
145,20,-107.00,-97.00,0,0.210450,14,13
146,20,-9.00,-29.00,0,0.209819,11,9
147,0,0.00,0.00,1,0.209190,0,0
148,4,88.00,88.00,1,0.208562,0,2
149,2,100.00,100.00,1,0.207936,0,0
150,20,-22.00,28.00,0,0.207313,12,4
151,20,-20.00,-70.00,0,0.206691,14,9
152,20,-102.00,-52.00,0,0.206071,16,4
153,0,0.00,0.00,1,0.205452,0,0
154,20,113.00,123.00,0,0.204836,11,1
155,20,-57.00,-57.00,0,0.204222,16,8
156,20,-10.00,-10.00,0,0.203609,14,7
157,20,-65.00,-75.00,0,0.202998,13,14
158,2,100.00,100.00,1,0.202389,0,0
159,3,94.00,94.00,1,0.201782,0,1
160,20,-56.00,-16.00,0,0.201177,13,4
161,20,-94.00,-54.00,0,0.200573,16,12
162,20,-52.00,-72.00,0,0.199971,15,11
163,0,0.00,0.00,1,0.199371,0,0
164,20,105.00,135.00,0,0.198773,9,3
165,20,-99.00,-99.00,0,0.198177,17,12
166,20,67.00,57.00,0,0.197582,11,7
167,1,50.00,50.00,1,0.196990,0,0
168,3,89.00,89.00,1,0.196399,1,1
169,2,100.00,100.00,1,0.195809,0,0
170,20,-83.00,-23.00,0,0.195222,13,6
171,20,-42.00,-62.00,0,0.194636,13,10
172,20,37.00,27.00,0,0.194052,11,2
173,20,-110.00,-120.00,0,0.193470,15,13
174,20,129.00,179.00,0,0.192890,9,2
175,20,-15.00,-65.00,0,0.192311,13,9
176,20,7.00,37.00,0,0.191734,12,5
177,20,-90.00,-100.00,0,0.191159,17,12
178,2,100.00,100.00,1,0.190586,0,0
179,2,100.00,100.00,1,0.190014,0,0
180,20,-83.00,-33.00,0,0.189444,13,8
181,20,-67.00,-57.00,0,0.188876,14,12
182,1,50.00,50.00,1,0.188309,0,0
183,5,28.00,38.00,1,0.187744,3,2
184,20,134.00,164.00,0,0.187181,10,2
185,20,-74.00,-64.00,0,0.186619,14,12
186,20,36.00,26.00,0,0.186059,13,8
187,0,0.00,0.00,1,0.185501,0,0
188,2,100.00,100.00,1,0.184945,0,0
189,2,100.00,100.00,1,0.184390,0,0
190,20,-61.00,29.00,0,0.183837,13,3
191,20,-28.00,-38.00,0,0.183285,15,8
192,20,-118.00,-108.00,0,0.182735,16,10
193,20,-17.00,-17.00,0,0.182187,10,2
194,20,68.00,48.00,0,0.181641,12,3
195,20,-61.00,-61.00,0,0.181096,15,9
196,20,85.00,135.00,0,0.180552,10,0
197,0,0.00,0.00,1,0.180011,0,0
198,2,100.00,100.00,1,0.179471,0,0
199,3,94.00,94.00,1,0.178932,0,1
200,20,-122.00,-32.00,0,0.178395,16,3
201,20,-54.00,-84.00,0,0.177860,16,11
202,20,-170.00,-130.00,0,0.177327,16,15
203,20,-121.00,-101.00,0,0.176795,15,11
204,20,146.00,186.00,0,0.176264,9,0
205,20,-47.00,-27.00,0,0.175735,14,8
206,20,129.00,179.00,0,0.175208,9,2
207,3,89.00,99.00,1,0.174683,1,1
208,2,100.00,100.00,1,0.174159,0,0
209,2,100.00,100.00,1,0.173636,0,0
210,20,-90.00,-10.00,0,0.173115,16,3
211,20,-70.00,-30.00,0,0.172596,16,10
212,20,73.00,73.00,0,0.172078,12,2
213,20,-12.00,-92.00,0,0.171562,17,1
214,20,89.00,119.00,0,0.171047,10,1
215,20,-62.00,-92.00,0,0.170534,15,12
216,20,108.00,108.00,0,0.170022,11,4
217,20,-47.00,-67.00,0,0.169512,14,11
218,2,100.00,100.00,1,0.169004,0,0
219,2,100.00,100.00,1,0.168497,0,0
220,20,18.00,-2.00,0,0.167991,12,3
221,20,-47.00,-77.00,0,0.167487,14,11
222,20,13.00,43.00,0,0.166985,11,6
223,20,-111.00,-91.00,0,0.166484,15,11
224,20,139.00,169.00,0,0.165984,9,2
225,20,-30.00,-50.00,0,0.165487,14,9
226,20,94.00,134.00,0,0.164990,10,1
227,0,0.00,0.00,1,0.164495,0,0
228,2,100.00,100.00,1,0.164002,0,0
229,3,89.00,89.00,1,0.163510,1,1
230,20,-7.00,-117.00,0,0.163019,18,4
231,20,-45.00,-45.00,0,0.162530,13,9
232,20,85.00,135.00,0,0.162042,10,0
233,20,-62.00,-52.00,0,0.161556,15,11
234,20,103.00,133.00,0,0.161072,11,3
235,20,-82.00,-52.00,0,0.160588,15,12
236,20,85.00,135.00,0,0.160107,10,0
237,20,-96.00,-106.00,0,0.159626,16,9
238,2,100.00,100.00,1,0.159147,0,0
239,2,100.00,100.00,1,0.158670,0,0
240,20,-10.00,-80.00,0,0.158194,16,3
241,20,-50.00,-60.00,0,0.157719,14,10
242,2,100.00,100.00,1,0.157246,0,0
243,5,-18.00,-28.00,1,0.156775,3,3
244,20,129.00,179.00,0,0.156304,9,2
245,20,-111.00,-91.00,0,0.155835,15,10
246,20,7.00,27.00,0,0.155368,11,7
247,1,50.00,50.00,1,0.154902,0,0
248,3,99.00,89.00,1,0.154437,1,1
249,3,89.00,99.00,1,0.153974,1,1
250,20,-56.00,-16.00,0,0.153512,13,2
251,20,-50.00,-30.00,0,0.153051,14,10
252,20,-64.00,-94.00,0,0.152592,14,14
253,0,0.00,0.00,1,0.152134,0,0
254,20,129.00,179.00,0,0.151678,9,1
255,20,-62.00,-52.00,0,0.151223,15,10
256,20,3.00,43.00,0,0.150769,11,6
257,4,93.00,83.00,1,0.150317,1,2
258,2,100.00,100.00,1,0.149866,0,0
259,2,100.00,100.00,1,0.149416,0,0
260,20,-16.00,-16.00,0,0.148968,12,5
261,20,-33.00,-43.00,0,0.148521,14,8
262,20,96.00,146.00,0,0.148076,10,0
263,0,0.00,0.00,1,0.147631,0,0
264,20,134.00,174.00,0,0.147188,10,2
265,20,-33.00,-33.00,0,0.146747,14,9
266,20,13.00,43.00,0,0.146307,12,4
267,20,-113.00,-113.00,0,0.145868,16,10
268,2,100.00,100.00,1,0.145430,0,0
269,2,100.00,100.00,1,0.144994,0,0
270,20,-43.00,-173.00,0,0.144559,18,1
271,20,-40.00,-40.00,0,0.144125,14,10
272,20,-64.00,-74.00,0,0.143693,16,12
273,5,72.00,82.00,1,0.143262,2,3
274,20,38.00,78.00,0,0.142832,12,3
275,20,-52.00,-42.00,0,0.142403,14,8
276,20,63.00,83.00,0,0.141976,12,1
277,20,-38.00,-178.00,0,0.141550,17,4
278,3,94.00,94.00,1,0.141126,0,1
279,2,100.00,100.00,1,0.140702,0,0
280,20,-20.00,-220.00,0,0.140280,20,0
281,20,-94.00,-94.00,0,0.139859,15,8
282,20,99.00,119.00,0,0.139440,10,3
283,20,-74.00,-54.00,0,0.139021,14,12
284,20,94.00,134.00,0,0.138604,10,1
285,20,-82.00,-72.00,0,0.138189,15,10
286,20,124.00,184.00,0,0.137774,10,1
287,20,-150.00,-130.00,0,0.137361,16,15
288,2,100.00,100.00,1,0.136949,0,0
289,2,100.00,100.00,1,0.136538,0,0
290,20,-70.00,-70.00,0,0.136128,15,4
291,20,-55.00,-45.00,0,0.135720,15,9
292,20,-69.00,-59.00,0,0.135313,15,11
293,2,100.00,100.00,1,0.134907,0,0
294,20,129.00,169.00,0,0.134502,9,2
295,20,-62.00,-52.00,0,0.134098,15,11
296,20,83.00,133.00,0,0.133696,11,3
297,0,0.00,0.00,1,0.133295,0,0
298,2,100.00,100.00,1,0.132895,0,0
299,2,100.00,100.00,1,0.132496,0,0
300,20,-23.00,-43.00,0,0.132099,14,7
301,20,-60.00,-60.00,0,0.131703,16,9
302,20,-115.00,-145.00,0,0.131308,16,12
303,1,50.00,50.00,1,0.130914,0,0
304,20,96.00,146.00,0,0.130521,10,1
305,20,-33.00,-33.00,0,0.130129,14,9
306,20,84.00,134.00,0,0.129739,11,1
307,20,-28.00,-38.00,0,0.129350,13,6
308,3,99.00,89.00,1,0.128962,1,1
309,2,100.00,100.00,1,0.128575,0,0
310,20,-3.00,-53.00,0,0.128189,14,5
311,20,-62.00,-82.00,0,0.127805,14,8
312,1,50.00,50.00,1,0.127421,0,0
313,1,50.00,50.00,1,0.127039,0,0
314,20,124.00,174.00,0,0.126658,10,1
315,20,-62.00,-52.00,0,0.126278,15,10
316,20,44.00,64.00,0,0.125899,12,2
317,2,39.00,49.00,1,0.125521,1,1
318,2,100.00,100.00,1,0.125145,0,0
319,2,100.00,100.00,1,0.124769,0,0
320,20,-43.00,-23.00,0,0.124395,16,5
321,20,-45.00,-45.00,0,0.124022,13,9
322,0,0.00,0.00,1,0.123650,0,0
323,0,0.00,0.00,1,0.123279,0,0
324,20,94.00,134.00,0,0.122909,10,1
325,20,-33.00,-23.00,0,0.122540,13,9
326,20,74.00,144.00,0,0.122173,11,1
327,20,34.00,94.00,0,0.121806,12,2
328,2,100.00,100.00,1,0.121441,0,0
329,2,100.00,100.00,1,0.121076,0,0
330,20,-21.00,-11.00,0,0.120713,13,4
331,20,-43.00,-23.00,0,0.120351,14,9
332,4,39.00,49.00,1,0.119990,2,1
333,0,0.00,0.00,1,0.119630,0,0
334,20,93.00,103.00,0,0.119271,12,3
335,20,-45.00,-55.00,0,0.118913,15,9
336,20,85.00,135.00,0,0.118556,10,0
337,0,0.00,0.00,1,0.118201,0,0
338,3,94.00,94.00,1,0.117846,0,1
339,2,100.00,100.00,1,0.117493,0,0
340,20,-18.00,-48.00,0,0.117140,15,4
341,20,-45.00,-55.00,0,0.116789,15,8
342,20,40.00,90.00,0,0.116438,10,1
343,0,0.00,0.00,1,0.116089,0,0
344,20,85.00,135.00,0,0.115741,10,0
345,20,-52.00,-52.00,0,0.115394,14,9
346,20,139.00,169.00,0,0.115047,9,2
347,1,50.00,50.00,1,0.114702,0,0
348,2,100.00,100.00,1,0.114358,0,0
349,2,100.00,100.00,1,0.114015,0,0
350,20,-69.00,-109.00,0,0.113673,14,6
351,20,-23.00,-33.00,0,0.113332,14,7
352,0,0.00,0.00,1,0.112992,0,0
353,0,0.00,0.00,1,0.112653,0,0
354,20,124.00,184.00,0,0.112315,10,0
355,20,-8.00,-18.00,0,0.111978,14,8
356,20,106.00,136.00,0,0.111642,10,1
357,0,0.00,0.00,1,0.111307,0,0
358,3,94.00,94.00,1,0.110973,0,1
359,3,89.00,89.00,1,0.110640,1,1
360,20,-50.00,-30.00,0,0.110308,16,7
361,20,-38.00,-28.00,0,0.109978,13,9
362,20,-1.00,19.00,0,0.109648,12,1
363,0,0.00,0.00,1,0.109319,0,0
364,20,110.00,130.00,0,0.108991,10,3
365,20,-50.00,-50.00,0,0.108664,14,9
366,20,104.00,134.00,0,0.108338,10,1
367,0,0.00,0.00,1,0.108013,0,0
368,2,100.00,100.00,1,0.107689,0,0
369,2,100.00,100.00,1,0.107366,0,0
370,20,-28.00,-38.00,0,0.107044,13,7
371,20,-45.00,-45.00,0,0.106722,15,7
372,20,-140.00,-130.00,0,0.106402,14,14
373,20,-125.00,-125.00,0,0.106083,15,13
374,20,68.00,108.00,0,0.105765,10,0
375,20,-8.00,-38.00,0,0.105448,14,6
376,20,129.00,179.00,0,0.105131,9,1
377,20,-135.00,-125.00,0,0.104816,17,14
378,3,94.00,94.00,1,0.104501,0,1
379,2,100.00,100.00,1,0.104188,0,0
380,20,-6.00,-26.00,0,0.103875,14,5
381,20,-1.00,-31.00,0,0.103564,13,7
382,0,0.00,0.00,1,0.103253,0,0
383,20,-71.00,-31.00,0,0.102943,13,9
384,20,129.00,169.00,0,0.102634,9,2
385,20,-74.00,-74.00,0,0.102326,15,13
386,20,124.00,174.00,0,0.102019,10,1
387,20,-99.00,-79.00,0,0.101713,15,14
388,2,100.00,100.00,1,0.101408,0,0
389,2,100.00,100.00,1,0.101104,0,0
390,20,-11.00,-41.00,0,0.100801,13,7
391,20,-6.00,-26.00,0,0.100498,14,7
392,0,0.00,0.00,1,0.100197,0,0
393,0,0.00,0.00,1,0.099896,0,0
394,20,124.00,174.00,0,0.099597,10,1
395,20,-28.00,-38.00,0,0.099298,15,9
396,20,139.00,169.00,0,0.099000,9,1
397,0,0.00,0.00,1,0.098703,0,0
398,2,100.00,100.00,1,0.098407,0,0
399,2,100.00,100.00,1,0.098112,0,0
400,20,-14.00,-34.00,0,0.097817,12,2
401,20,-26.00,-6.00,0,0.097524,12,7
402,0,0.00,0.00,1,0.097231,0,0
403,0,0.00,0.00,1,0.096940,0,0
404,20,129.00,179.00,0,0.096649,9,2
405,20,-38.00,-18.00,0,0.096359,13,8
406,20,96.00,146.00,0,0.096070,10,1
407,0,0.00,0.00,1,0.095781,0,0
408,2,100.00,100.00,1,0.095494,0,0
409,2,100.00,100.00,1,0.095208,0,0
410,20,27.00,37.00,0,0.094922,11,1
411,20,-31.00,-11.00,0,0.094637,13,6
412,20,54.00,94.00,0,0.094353,9,2
413,20,-79.00,-79.00,0,0.094070,15,13
414,20,104.00,134.00,0,0.093788,10,1
415,20,-84.00,-104.00,0,0.093507,15,6
416,20,134.00,174.00,0,0.093226,10,1
417,20,-74.00,-64.00,0,0.092946,16,11
418,2,100.00,100.00,1,0.092668,0,0
419,2,100.00,100.00,1,0.092390,0,0
420,20,-23.00,-73.00,0,0.092112,13,2
421,20,-31.00,-21.00,0,0.091836,13,8
422,20,-81.00,-111.00,0,0.091561,15,9
423,20,-67.00,-57.00,0,0.091286,14,12
424,20,93.00,113.00,0,0.091012,12,2
425,20,-50.00,-50.00,0,0.090739,14,9
426,20,129.00,179.00,0,0.090467,9,2
427,20,-105.00,-125.00,0,0.090195,15,14
428,2,100.00,100.00,1,0.089925,0,0
429,2,100.00,100.00,1,0.089655,0,0
430,20,-2.00,-2.00,0,0.089386,12,5
431,20,1.00,-9.00,0,0.089118,12,6
432,20,85.00,135.00,0,0.088851,10,0
433,1,50.00,50.00,1,0.088584,0,0
434,20,85.00,135.00,0,0.088318,10,0
435,20,-48.00,-28.00,0,0.088053,13,9
436,20,94.00,144.00,0,0.087789,10,1
437,0,0.00,0.00,1,0.087526,0,0
438,2,100.00,100.00,1,0.087263,0,0
439,2,100.00,100.00,1,0.087001,0,0
440,20,23.00,-17.00,0,0.086740,13,3
441,20,-94.00,-94.00,0,0.086480,15,10
442,2,49.00,39.00,1,0.086221,1,1
443,20,-105.00,-115.00,0,0.085962,14,8
444,20,129.00,179.00,0,0.085704,9,1
445,20,-64.00,-64.00,0,0.085447,15,8
446,20,134.00,174.00,0,0.085191,10,2
447,1,50.00,50.00,1,0.084935,0,0
448,2,100.00,100.00,1,0.084680,0,0
449,2,100.00,100.00,1,0.084426,0,0
450,20,-34.00,-24.00,0,0.084173,12,2
451,20,-45.00,-45.00,0,0.083921,13,9
452,0,0.00,0.00,1,0.083669,0,0
453,20,-87.00,-67.00,0,0.083418,15,7
454,20,124.00,184.00,0,0.083168,10,0
455,20,-41.00,-11.00,0,0.082918,13,8
456,20,95.00,125.00,0,0.082669,10,0
457,0,0.00,0.00,1,0.082421,0,0
458,2,100.00,100.00,1,0.082174,0,0
459,2,100.00,100.00,1,0.081927,0,0
460,20,13.00,-7.00,0,0.081682,13,3
461,20,-50.00,-50.00,0,0.081437,16,9
462,0,0.00,0.00,1,0.081192,0,0
463,1,50.00,50.00,1,0.080949,0,0
464,20,134.00,174.00,0,0.080706,10,1
465,20,-25.00,-55.00,0,0.080464,14,8
466,20,94.00,114.00,0,0.080222,11,1
467,20,-115.00,-115.00,0,0.079982,15,12
468,2,100.00,100.00,1,0.079742,0,0
469,2,100.00,100.00,1,0.079503,0,0
470,20,-16.00,-56.00,0,0.079264,13,4
471,20,-28.00,-38.00,0,0.079026,13,9
472,20,-105.00,-155.00,0,0.078789,17,12
473,0,0.00,0.00,1,0.078553,0,0
474,20,106.00,136.00,0,0.078317,10,1
475,20,-40.00,-30.00,0,0.078082,13,7
476,20,85.00,135.00,0,0.077848,10,0
477,20,-64.00,-84.00,0,0.077614,16,11
478,2,100.00,100.00,1,0.077382,0,0
479,3,89.00,89.00,1,0.077149,1,1
480,20,23.00,-7.00,0,0.076918,13,5
481,20,18.00,-12.00,0,0.076687,12,5
482,20,35.00,95.00,0,0.076457,11,1
483,20,-63.00,7.00,0,0.076228,16,4
484,20,134.00,164.00,0,0.075999,10,0
485,20,-11.00,-11.00,0,0.075771,12,6
486,20,99.00,119.00,0,0.075544,10,1
487,1,50.00,50.00,1,0.075317,0,0
488,2,100.00,100.00,1,0.075091,0,0
489,2,100.00,100.00,1,0.074866,0,0
490,20,-8.00,-48.00,0,0.074641,13,5
491,20,-87.00,-57.00,0,0.074417,13,6
492,20,-143.00,-113.00,0,0.074194,15,7
493,20,-113.00,-113.00,0,0.073972,16,12
494,20,124.00,184.00,0,0.073750,10,1
495,20,-74.00,-84.00,0,0.073528,16,14
496,20,124.00,174.00,0,0.073308,10,1
497,20,79.00,129.00,0,0.073088,10,3
498,2,100.00,100.00,1,0.072869,0,0
499,2,100.00,100.00,1,0.072650,0,0
500,20,-77.00,-67.00,0,0.072432,13,6
501,20,-20.00,-80.00,0,0.072215,14,11
502,0,0.00,0.00,1,0.071998,0,0
503,20,-69.00,-99.00,0,0.071782,14,8
504,20,124.00,174.00,0,0.071567,10,1
505,20,-6.00,-16.00,0,0.071352,13,5
506,20,85.00,135.00,0,0.071138,10,0
507,20,-116.00,-106.00,0,0.070925,16,8
508,2,100.00,100.00,1,0.070712,0,0
509,2,100.00,100.00,1,0.070500,0,0
510,20,-58.00,-38.00,0,0.070288,12,5
511,20,-65.00,-25.00,0,0.070077,15,8
512,20,-120.00,-140.00,0,0.069867,16,13
513,0,0.00,0.00,1,0.069658,0,0
514,20,85.00,135.00,0,0.069449,10,0
515,20,-45.00,-15.00,0,0.069240,13,6
516,20,144.00,184.00,0,0.069033,9,0
517,2,100.00,100.00,1,0.068825,0,0
518,2,100.00,100.00,1,0.068619,0,0
519,2,100.00,100.00,1,0.068413,0,0
520,20,-82.00,-62.00,0,0.068208,12,7
521,20,-36.00,-36.00,0,0.068003,11,6
522,20,-113.00,-123.00,0,0.067799,16,11
523,1,50.00,50.00,1,0.067596,0,0
524,20,94.00,134.00,0,0.067393,10,1
525,20,-58.00,-68.00,0,0.067191,12,7
526,20,85.00,135.00,0,0.066989,10,0
527,20,44.00,74.00,0,0.066788,12,2
528,2,100.00,100.00,1,0.066588,0,0
529,2,100.00,100.00,1,0.066388,0,0
530,20,-9.00,-9.00,0,0.066189,12,6
531,20,3.00,13.00,0,0.065990,13,3
532,1,50.00,50.00,1,0.065792,0,0
533,20,-62.00,-52.00,0,0.065595,15,9
534,20,144.00,164.00,0,0.065398,10,0
535,20,-69.00,-69.00,0,0.065202,17,11
536,20,79.00,129.00,0,0.065007,10,3
537,1,50.00,50.00,1,0.064811,0,0
538,2,100.00,100.00,1,0.064617,0,0
539,2,100.00,100.00,1,0.064423,0,0
540,20,-18.00,-58.00,0,0.064230,15,8
541,20,-21.00,-21.00,0,0.064037,13,7
542,20,-79.00,-79.00,0,0.063845,15,13
543,0,0.00,0.00,1,0.063654,0,0
544,20,124.00,184.00,0,0.063463,10,0
545,20,-8.00,2.00,0,0.063272,12,4
546,20,85.00,135.00,0,0.063082,10,0
547,2,39.00,39.00,1,0.062893,1,1
548,2,100.00,100.00,1,0.062705,0,0
549,2,100.00,100.00,1,0.062516,0,0
550,20,-38.00,-18.00,0,0.062329,13,6
551,20,-52.00,-62.00,0,0.062142,15,10
552,20,96.00,146.00,0,0.061955,10,0
553,1,50.00,50.00,1,0.061770,0,0
554,20,85.00,135.00,0,0.061584,10,0
555,20,-6.00,-6.00,0,0.061400,13,6
556,20,134.00,174.00,0,0.061215,10,1
557,20,-130.00,-130.00,0,0.061032,16,13
558,2,100.00,100.00,1,0.060849,0,0
559,2,100.00,100.00,1,0.060666,0,0
560,20,-11.00,-21.00,0,0.060484,13,7
561,20,8.00,-2.00,0,0.060303,10,5
562,20,5.00,55.00,0,0.060122,11,0
563,20,0.00,40.00,0,0.059941,11,1
564,20,54.00,64.00,0,0.059761,12,2
565,20,-99.00,-79.00,0,0.059582,15,9
566,20,124.00,174.00,0,0.059403,10,1
567,0,0.00,0.00,1,0.059225,0,0
568,2,100.00,100.00,1,0.059048,0,0
569,2,100.00,100.00,1,0.058870,0,0
570,20,-43.00,-33.00,0,0.058694,14,8
571,20,-31.00,-11.00,0,0.058518,13,8
572,2,100.00,100.00,1,0.058342,0,0
573,20,-104.00,-104.00,0,0.058167,14,4
574,20,85.00,135.00,0,0.057993,10,0
575,20,-9.00,-9.00,0,0.057819,12,5
576,20,85.00,135.00,0,0.057645,10,0
577,0,0.00,0.00,1,0.057472,0,0
578,2,100.00,100.00,1,0.057300,0,0
579,2,100.00,100.00,1,0.057128,0,0
580,20,-21.00,-21.00,0,0.056957,13,7
581,20,-70.00,-60.00,0,0.056786,13,7
582,1,50.00,50.00,1,0.056615,0,0
583,0,0.00,0.00,1,0.056445,0,0
584,20,124.00,184.00,0,0.056276,10,1
585,20,-82.00,-92.00,0,0.056107,14,7
586,20,99.00,139.00,0,0.055939,9,1
587,0,0.00,0.00,1,0.055771,0,0
588,2,100.00,100.00,1,0.055604,0,0
589,2,100.00,100.00,1,0.055437,0,0
590,20,-31.00,-21.00,0,0.055271,13,7
591,20,18.00,-2.00,0,0.055105,12,4
592,0,0.00,0.00,1,0.054940,0,0
593,1,50.00,50.00,1,0.054775,0,0
594,20,85.00,135.00,0,0.054610,10,0
595,20,4.00,-16.00,0,0.054447,13,6
596,20,124.00,184.00,0,0.054283,10,1
597,20,85.00,135.00,0,0.054120,10,0
598,2,100.00,100.00,1,0.053958,0,0
599,2,100.00,100.00,1,0.053796,0,0
600,20,-8.00,-58.00,0,0.053635,13,8
601,20,-53.00,-53.00,0,0.053474,13,4
602,20,95.00,125.00,0,0.053314,10,0
603,2,100.00,100.00,1,0.053154,0,0
604,20,94.00,144.00,0,0.052994,10,1
605,20,-47.00,-47.00,0,0.052835,12,10
606,20,144.00,184.00,0,0.052677,9,0
607,20,-91.00,-71.00,0,0.052519,15,7
608,2,100.00,100.00,1,0.052361,0,0
609,2,100.00,100.00,1,0.052204,0,0
610,20,-21.00,-11.00,0,0.052047,13,5
611,20,5.00,25.00,0,0.051891,10,4
612,2,100.00,100.00,1,0.051736,0,0
613,3,94.00,94.00,1,0.051580,0,1
614,20,59.00,69.00,0,0.051426,11,2
615,20,-35.00,-25.00,0,0.051271,11,8
616,20,129.00,179.00,0,0.051117,9,1
617,2,44.00,44.00,1,0.050964,0,1
618,2,100.00,100.00,1,0.050811,0,0
619,2,100.00,100.00,1,0.050659,0,0
620,20,-50.00,-50.00,0,0.050507,16,9
621,20,3.00,3.00,0,0.050355,11,5
622,20,-135.00,-125.00,0,0.050204,17,12
623,1,50.00,50.00,1,0.050054,0,0
624,20,85.00,135.00,0,0.049903,10,0
625,20,-56.00,-36.00,0,0.049754,13,5
626,20,124.00,174.00,0,0.049605,10,1
627,20,-100.00,-130.00,0,0.049456,16,9
628,2,100.00,100.00,1,0.049307,0,0
629,2,100.00,100.00,1,0.049159,0,0
630,20,-26.00,-26.00,0,0.049012,12,8
631,20,18.00,-2.00,0,0.048865,12,4
632,2,100.00,100.00,1,0.048718,0,0
633,0,0.00,0.00,1,0.048572,0,0
634,20,85.00,135.00,0,0.048426,10,0
635,20,2.00,-18.00,0,0.048281,13,6
636,20,85.00,135.00,0,0.048136,10,0
637,0,0.00,0.00,1,0.047992,0,0
638,2,100.00,100.00,1,0.047848,0,0
639,2,100.00,100.00,1,0.047704,0,0
640,20,-11.00,-21.00,0,0.047561,13,4
641,20,20.00,10.00,0,0.047419,11,3
642,20,-96.00,-106.00,0,0.047276,14,10
643,2,100.00,100.00,1,0.047134,0,0
644,20,85.00,135.00,0,0.046993,10,0
645,20,-40.00,-30.00,0,0.046852,12,8
646,20,134.00,174.00,0,0.046712,10,1
647,20,-6.00,-26.00,0,0.046571,14,4
648,2,100.00,100.00,1,0.046432,0,0
649,2,100.00,100.00,1,0.046292,0,0
650,20,-33.00,-53.00,0,0.046154,14,11
651,20,3.00,13.00,0,0.046015,13,4
652,0,0.00,0.00,1,0.045877,0,0
653,20,-90.00,-80.00,0,0.045739,12,3
654,20,85.00,135.00,0,0.045602,10,0
655,20,-14.00,-4.00,0,0.045465,13,4
656,20,134.00,174.00,0,0.045329,10,1
657,1,50.00,50.00,1,0.045193,0,0
658,2,100.00,100.00,1,0.045057,0,0
659,2,100.00,100.00,1,0.044922,0,0
660,20,-36.00,-16.00,0,0.044787,14,5
661,20,5.00,35.00,0,0.044653,10,3
662,20,-69.00,-79.00,0,0.044519,15,12
663,20,-69.00,-69.00,0,0.044386,15,14
664,20,134.00,174.00,0,0.044252,10,1
665,20,-34.00,-14.00,0,0.044120,12,7
666,20,85.00,135.00,0,0.043987,10,0
667,1,50.00,50.00,1,0.043855,0,0
668,2,100.00,100.00,1,0.043724,0,0
669,2,100.00,100.00,1,0.043593,0,0
670,20,-11.00,-31.00,0,0.043462,13,7
671,20,-23.00,-43.00,0,0.043331,14,7
672,20,-59.00,-59.00,0,0.043201,13,5
673,0,0.00,0.00,1,0.043072,0,0
674,20,85.00,135.00,0,0.042943,10,0
675,20,-4.00,-4.00,0,0.042814,12,4
676,20,134.00,174.00,0,0.042685,10,1
677,1,50.00,50.00,1,0.042557,0,0
678,2,100.00,100.00,1,0.042430,0,0
679,2,100.00,100.00,1,0.042302,0,0
680,20,-28.00,-48.00,0,0.042175,13,8
681,20,10.00,30.00,0,0.042049,11,3
682,0,0.00,0.00,1,0.041923,0,0
683,20,-115.00,-145.00,0,0.041797,15,13
684,20,134.00,174.00,0,0.041672,10,1
685,20,5.00,-15.00,0,0.041547,13,4
686,20,85.00,135.00,0,0.041422,10,0
687,20,-95.00,-75.00,0,0.041298,16,12
688,2,100.00,100.00,1,0.041174,0,0
689,2,100.00,100.00,1,0.041050,0,0
690,20,-94.00,-74.00,0,0.040927,15,8
691,20,-2.00,-22.00,0,0.040804,11,1
692,0,0.00,0.00,1,0.040682,0,0
693,20,44.00,74.00,0,0.040560,12,1
694,20,85.00,135.00,0,0.040438,10,0
695,20,-59.00,-49.00,0,0.040317,13,4
696,20,144.00,184.00,0,0.040196,9,0
697,1,50.00,50.00,1,0.040075,0,0
698,2,100.00,100.00,1,0.039955,0,0
699,2,100.00,100.00,1,0.039835,0,0
700,20,-4.00,-14.00,0,0.039716,13,6
701,20,-12.00,8.00,0,0.039597,12,5
702,0,0.00,0.00,1,0.039478,0,0
703,20,-64.00,-74.00,0,0.039359,16,12
704,20,85.00,135.00,0,0.039241,10,0
705,20,-13.00,-23.00,0,0.039124,12,6
706,20,129.00,179.00,0,0.039006,9,1
707,2,100.00,100.00,1,0.038889,0,0
708,2,100.00,100.00,1,0.038773,0,0
709,2,100.00,100.00,1,0.038656,0,0
710,20,-28.00,-38.00,0,0.038540,13,8
711,20,20.00,20.00,0,0.038425,11,3
712,20,-75.00,-55.00,0,0.038309,14,6
713,20,-74.00,-74.00,0,0.038194,16,11
714,20,134.00,174.00,0,0.038080,10,1
715,20,-11.00,9.00,0,0.037966,13,4
716,20,95.00,125.00,0,0.037852,10,0
717,20,-45.00,-55.00,0,0.037738,13,10
718,2,100.00,100.00,1,0.037625,0,0
719,2,100.00,100.00,1,0.037512,0,0
720,20,-14.00,6.00,0,0.037400,13,4
721,20,10.00,20.00,0,0.037287,11,4
722,3,94.00,94.00,1,0.037175,0,1
723,1,50.00,50.00,1,0.037064,0,0
724,20,85.00,135.00,0,0.036953,10,0
725,20,-32.00,-32.00,0,0.036842,12,8
726,20,85.00,135.00,0,0.036731,10,0
727,0,0.00,0.00,1,0.036621,0,0
728,2,100.00,100.00,1,0.036511,0,0
729,2,100.00,100.00,1,0.036402,0,0
730,20,-30.00,-50.00,0,0.036293,14,9
731,20,10.00,30.00,0,0.036184,9,4
732,0,0.00,0.00,1,0.036075,0,0
733,2,100.00,100.00,1,0.035967,0,0
734,20,85.00,135.00,0,0.035859,10,0
735,20,4.00,4.00,0,0.035751,12,4
736,20,124.00,174.00,0,0.035644,10,1
737,20,-14.00,6.00,0,0.035537,13,4
738,2,100.00,100.00,1,0.035431,0,0
739,2,100.00,100.00,1,0.035324,0,0
740,20,-11.00,-51.00,0,0.035218,13,6
741,20,-4.00,-44.00,0,0.035113,12,2
742,0,0.00,0.00,1,0.035007,0,0
743,0,0.00,0.00,1,0.034902,0,0
744,20,85.00,135.00,0,0.034798,10,0
745,20,-34.00,-24.00,0,0.034693,12,3
746,20,124.00,174.00,0,0.034589,10,1
747,1,50.00,50.00,1,0.034485,0,0
748,2,100.00,100.00,1,0.034382,0,0
749,2,100.00,100.00,1,0.034279,0,0
750,20,-50.00,-50.00,0,0.034176,14,10
751,20,-26.00,-46.00,0,0.034073,11,3
752,20,-30.00,-40.00,0,0.033971,15,9
753,20,-115.00,-105.00,0,0.033869,14,10
754,20,124.00,184.00,0,0.033768,10,1
755,20,-49.00,-59.00,0,0.033666,11,4
756,20,85.00,135.00,0,0.033565,10,0
757,0,0.00,0.00,1,0.033465,0,0
758,2,100.00,100.00,1,0.033364,0,0
759,3,94.00,94.00,1,0.033264,0,1
760,20,-11.00,-21.00,0,0.033164,13,6
761,20,5.00,25.00,0,0.033065,12,2
762,1,50.00,50.00,1,0.032966,0,0
763,20,-24.00,-24.00,0,0.032867,12,3
764,20,85.00,135.00,0,0.032768,10,0
765,20,-25.00,-35.00,0,0.032670,13,8
766,20,124.00,184.00,0,0.032572,10,1
767,20,-79.00,-69.00,0,0.032474,15,13
768,2,100.00,100.00,1,0.032377,0,0
769,2,100.00,100.00,1,0.032280,0,0
770,20,-6.00,-36.00,0,0.032183,14,5
771,20,42.00,22.00,0,0.032086,10,2
772,1,50.00,50.00,1,0.031990,0,0
773,2,100.00,100.00,1,0.031894,0,0
774,20,85.00,135.00,0,0.031798,10,0
775,20,-40.00,-20.00,0,0.031703,14,7
776,20,85.00,135.00,0,0.031608,10,0
777,20,-115.00,-135.00,0,0.031513,13,7
778,2,100.00,100.00,1,0.031418,0,0
779,2,100.00,100.00,1,0.031324,0,0
780,20,-60.00,-70.00,0,0.031230,13,7
781,20,17.00,37.00,0,0.031137,11,2
782,20,-30.00,-40.00,0,0.031043,14,12
783,20,-25.00,-25.00,0,0.030950,13,10
784,20,144.00,164.00,0,0.030857,10,0
785,20,-8.00,2.00,0,0.030765,12,4
786,20,124.00,184.00,0,0.030672,10,1
787,20,-74.00,-84.00,0,0.030580,16,11
788,2,100.00,100.00,1,0.030489,0,0
789,2,100.00,100.00,1,0.030397,0,0
790,20,-38.00,-38.00,0,0.030306,13,8
791,20,8.00,8.00,0,0.030215,12,4
792,20,-35.00,-35.00,0,0.030124,13,8
793,20,-74.00,-74.00,0,0.030034,16,11
794,20,124.00,174.00,0,0.029944,10,1
795,20,-38.00,-38.00,0,0.029854,13,4
796,20,124.00,184.00,0,0.029764,10,1
797,20,-24.00,-24.00,0,0.029675,12,1
798,2,100.00,100.00,1,0.029586,0,0
799,2,100.00,100.00,1,0.029497,0,0
800,20,-82.00,-72.00,0,0.029409,14,6
801,20,-7.00,-17.00,0,0.029321,10,1
802,20,1.00,-9.00,0,0.029233,12,6
803,20,-65.00,-65.00,0,0.029145,12,7
804,20,85.00,135.00,0,0.029058,10,0
805,20,16.00,16.00,0,0.028970,11,2
806,20,144.00,164.00,0,0.028883,10,0
807,1,50.00,50.00,1,0.028797,0,0
808,2,100.00,100.00,1,0.028710,0,0
809,2,100.00,100.00,1,0.028624,0,0
810,20,-38.00,-48.00,0,0.028538,15,8
811,20,-34.00,-24.00,0,0.028453,12,3
812,20,-22.00,-2.00,0,0.028367,11,1
813,1,50.00,50.00,1,0.028282,0,0
814,20,85.00,135.00,0,0.028198,10,0
815,20,12.00,-8.00,0,0.028113,12,4
816,20,124.00,184.00,0,0.028029,10,1
817,20,5.00,55.00,0,0.027944,11,0
818,3,94.00,94.00,1,0.027861,0,1
819,2,100.00,100.00,1,0.027777,0,0
820,20,6.00,-14.00,0,0.027694,13,5
821,20,3.00,3.00,0,0.027611,11,5
822,20,-35.00,-45.00,0,0.027528,12,7
823,0,0.00,0.00,1,0.027445,0,0
824,20,85.00,135.00,0,0.027363,10,0
825,20,-21.00,19.00,0,0.027281,13,4
826,20,85.00,135.00,0,0.027199,10,0
827,0,0.00,0.00,1,0.027117,0,0
828,2,100.00,100.00,1,0.027036,0,0
829,2,100.00,100.00,1,0.026955,0,0
830,20,-35.00,-55.00,0,0.026874,13,9
831,20,-4.00,-44.00,0,0.026793,12,2
832,20,-69.00,-69.00,0,0.026713,15,12
833,20,-65.00,-65.00,0,0.026633,14,10
834,20,124.00,174.00,0,0.026553,10,2
835,20,28.00,-2.00,0,0.026473,11,3
836,20,85.00,135.00,0,0.026394,10,0
837,0,0.00,0.00,1,0.026315,0,0
838,2,100.00,100.00,1,0.026236,0,0
839,2,100.00,100.00,1,0.026157,0,0
840,20,-70.00,-50.00,0,0.026079,13,5
841,20,-17.00,-7.00,0,0.026000,10,1
842,1,50.00,50.00,1,0.025922,0,0
843,20,94.00,114.00,0,0.025845,11,0
844,20,85.00,135.00,0,0.025767,10,0
845,20,16.00,16.00,0,0.025690,11,2
846,20,85.00,135.00,0,0.025613,10,0
847,20,-87.00,-67.00,0,0.025536,15,7
848,2,100.00,100.00,1,0.025459,0,0
849,2,100.00,100.00,1,0.025383,0,0
850,20,-38.00,-38.00,0,0.025307,13,10
851,20,25.00,15.00,0,0.025231,12,2
852,0,0.00,0.00,1,0.025155,0,0
853,1,50.00,50.00,1,0.025080,0,0
854,20,85.00,135.00,0,0.025004,10,0
855,20,5.00,5.00,0,0.024929,11,5
856,20,124.00,184.00,0,0.024855,10,0
857,1,50.00,50.00,1,0.024780,0,0
858,2,100.00,100.00,1,0.024706,0,0
859,2,100.00,100.00,1,0.024632,0,0
860,20,-9.00,-9.00,0,0.024558,12,5
861,20,-22.00,-2.00,0,0.024484,11,2
862,20,85.00,135.00,0,0.024411,10,0
863,20,-69.00,-59.00,0,0.024337,13,7
864,20,129.00,179.00,0,0.024264,9,1
865,20,-47.00,-47.00,0,0.024192,14,9
866,20,144.00,184.00,0,0.024119,9,0
867,20,-125.00,-115.00,0,0.024047,17,12
868,2,100.00,100.00,1,0.023974,0,0
869,2,100.00,100.00,1,0.023903,0,0
870,20,-11.00,-31.00,0,0.023831,13,7
871,20,-29.00,-19.00,0,0.023759,11,1
872,20,-64.00,-84.00,0,0.023688,16,12
873,0,0.00,0.00,1,0.023617,0,0
874,20,85.00,135.00,0,0.023546,10,0
875,20,12.00,12.00,0,0.023476,11,2
876,20,95.00,125.00,0,0.023405,10,0
877,1,50.00,50.00,1,0.023335,0,0
878,2,100.00,100.00,1,0.023265,0,0
879,2,100.00,100.00,1,0.023195,0,0
880,20,-13.00,-43.00,0,0.023126,14,5
881,20,37.00,17.00,0,0.023056,11,2
882,20,34.00,84.00,0,0.022987,12,2
883,20,-74.00,-74.00,0,0.022918,16,11
884,20,85.00,135.00,0,0.022849,10,0
885,20,28.00,28.00,0,0.022781,10,2
886,20,85.00,135.00,0,0.022712,10,0
887,20,-64.00,-84.00,0,0.022644,16,12
888,2,100.00,100.00,1,0.022576,0,0
889,2,100.00,100.00,1,0.022509,0,0
890,20,1.00,-19.00,0,0.022441,12,6
891,20,39.00,49.00,0,0.022374,10,0
892,20,85.00,135.00,0,0.022307,10,0
893,0,0.00,0.00,1,0.022240,0,0
894,20,85.00,135.00,0,0.022173,10,0
895,20,30.00,10.00,0,0.022106,11,3
896,20,144.00,164.00,0,0.022040,10,0
897,0,0.00,0.00,1,0.021974,0,0
898,2,100.00,100.00,1,0.021908,0,0
899,2,100.00,100.00,1,0.021842,0,0
900,20,-97.00,-67.00,0,0.021777,15,6
901,20,-7.00,-17.00,0,0.021711,10,1
902,20,-15.00,-25.00,0,0.021646,13,9
903,0,0.00,0.00,1,0.021581,0,0
904,20,85.00,135.00,0,0.021517,10,0
905,20,-28.00,-8.00,0,0.021452,13,5
906,20,85.00,135.00,0,0.021388,10,0
907,0,0.00,0.00,1,0.021324,0,0
908,2,100.00,100.00,1,0.021260,0,0
909,2,100.00,100.00,1,0.021196,0,0
910,20,6.00,-24.00,0,0.021132,13,6
911,20,-17.00,-7.00,0,0.021069,10,2
912,0,0.00,0.00,1,0.021006,0,0
913,1,50.00,50.00,1,0.020943,0,0
914,20,129.00,179.00,0,0.020880,9,1
915,20,-38.00,-28.00,0,0.020817,12,3
916,20,85.00,135.00,0,0.020755,10,0
917,1,50.00,50.00,1,0.020692,0,0
918,2,100.00,100.00,1,0.020630,0,0
919,2,100.00,100.00,1,0.020568,0,0
920,20,-74.00,-104.00,0,0.020507,13,8
921,20,27.00,37.00,0,0.020445,11,1
922,20,8.00,-2.00,0,0.020384,12,6
923,20,-95.00,-115.00,0,0.020323,14,10
924,20,124.00,184.00,0,0.020262,10,1
925,20,22.00,32.00,0,0.020201,10,2
926,20,129.00,179.00,0,0.020140,9,1
927,0,0.00,0.00,1,0.020080,0,0
928,2,100.00,100.00,1,0.020020,0,0
929,2,100.00,100.00,1,0.019960,0,0
930,20,-107.00,-57.00,0,0.019900,15,8
931,20,-31.00,-51.00,0,0.019840,12,4
932,0,0.00,0.00,1,0.019781,0,0
933,0,0.00,0.00,1,0.019721,0,0
934,20,134.00,174.00,0,0.019662,10,1
935,20,-33.00,-3.00,0,0.019603,12,6
936,20,85.00,135.00,0,0.019544,10,0
937,20,-70.00,-50.00,0,0.019486,14,9
938,2,100.00,100.00,1,0.019427,0,0
939,2,100.00,100.00,1,0.019369,0,0
940,20,-6.00,-26.00,0,0.019311,12,7
941,20,49.00,39.00,0,0.019253,10,1
942,20,85.00,135.00,0,0.019195,10,0
943,20,-115.00,-135.00,0,0.019138,15,7
944,20,124.00,184.00,0,0.019080,10,0
945,20,-4.00,-24.00,0,0.019023,11,0
946,20,124.00,174.00,0,0.018966,10,1
947,20,-145.00,-115.00,0,0.018909,17,12
948,2,100.00,100.00,1,0.018852,0,0
949,2,100.00,100.00,1,0.018796,0,0
950,20,-14.00,-4.00,0,0.018739,13,5
951,20,32.00,32.00,0,0.018683,10,1
952,1,50.00,50.00,1,0.018627,0,0
953,20,-73.00,-63.00,0,0.018571,12,1
954,20,129.00,179.00,0,0.018515,9,1
955,20,-47.00,-47.00,0,0.018460,12,5
956,20,85.00,135.00,0,0.018404,10,0
957,0,0.00,0.00,1,0.018349,0,0
958,2,100.00,100.00,1,0.018294,0,0
959,2,100.00,100.00,1,0.018239,0,0
960,20,-72.00,-82.00,0,0.018185,14,7
961,20,39.00,49.00,0,0.018130,10,1
962,20,95.00,125.00,0,0.018076,10,0
963,2,100.00,100.00,1,0.018021,0,0
964,20,85.00,135.00,0,0.017967,10,0
965,20,39.00,49.00,0,0.017913,10,1
966,20,124.00,184.00,0,0.017860,10,1
967,0,0.00,0.00,1,0.017806,0,0
968,2,100.00,100.00,1,0.017753,0,0
969,2,100.00,100.00,1,0.017699,0,0
970,20,-53.00,-43.00,0,0.017646,13,4
971,20,-24.00,-24.00,0,0.017593,12,1
972,20,-75.00,-75.00,0,0.017541,13,6
973,1,50.00,50.00,1,0.017488,0,0
974,20,85.00,135.00,0,0.017436,10,0
975,20,-11.00,-21.00,0,0.017383,12,6
976,20,85.00,135.00,0,0.017331,10,0
977,20,-130.00,-130.00,0,0.017279,16,13
978,2,100.00,100.00,1,0.017227,0,0
979,2,100.00,100.00,1,0.017176,0,0
980,20,-6.00,-36.00,0,0.017124,12,7
981,20,0.00,0.00,0,0.017073,10,0
982,0,0.00,0.00,1,0.017021,0,0
983,20,-26.00,-16.00,0,0.016970,14,6
984,20,85.00,135.00,0,0.016920,10,0
985,20,49.00,39.00,0,0.016869,10,1
986,20,85.00,135.00,0,0.016818,10,0
987,20,27.00,27.00,0,0.016768,11,3
988,2,100.00,100.00,1,0.016717,0,0
989,2,100.00,100.00,1,0.016667,0,0
990,20,-26.00,-26.00,0,0.016617,12,8
991,20,-22.00,-2.00,0,0.016567,11,0
992,20,-74.00,-74.00,0,0.016518,16,13
993,1,50.00,50.00,1,0.016468,0,0
994,20,85.00,135.00,0,0.016419,10,0
995,20,43.00,53.00,0,0.016369,10,2
996,20,85.00,135.00,0,0.016320,10,0
997,0,0.00,0.00,1,0.016271,0,0
998,2,100.00,100.00,1,0.016223,0,0
999,2,100.00,100.00,1,0.016174,0,0
1000,20,-9.00,-9.00,0,0.016125,12,5
1001,20,-12.00,-12.00,0,0.016077,11,1
1002,1,50.00,50.00,1,0.016029,0,0
1003,0,0.00,0.00,1,0.015981,0,0
1004,20,85.00,135.00,0,0.015933,10,0
1005,20,-9.00,-29.00,0,0.015885,12,1
1006,20,85.00,135.00,0,0.015837,10,0
1007,0,0.00,0.00,1,0.015790,0,0
1008,2,100.00,100.00,1,0.015742,0,0
1009,2,100.00,100.00,1,0.015695,0,0
1010,20,-75.00,-55.00,0,0.015648,14,6
1011,20,0.00,0.00,0,0.015601,10,0
1012,2,100.00,100.00,1,0.015554,0,0
1013,20,95.00,125.00,0,0.015508,10,0
1014,20,85.00,135.00,0,0.015461,10,0
1015,20,49.00,39.00,0,0.015415,10,1
1016,20,85.00,135.00,0,0.015369,10,0
1017,1,50.00,50.00,1,0.015322,0,0
1018,2,100.00,100.00,1,0.015276,0,0
1019,2,100.00,100.00,1,0.015231,0,0
1020,20,-57.00,-87.00,0,0.015185,13,7
1021,20,20.00,20.00,0,0.015139,11,3
1022,20,32.00,32.00,0,0.015094,10,1
1023,20,-72.00,-82.00,0,0.015049,14,8
1024,20,85.00,135.00,0,0.015004,10,0
1025,20,22.00,32.00,0,0.014959,10,3
1026,20,129.00,179.00,0,0.014914,9,1
1027,20,-87.00,-77.00,0,0.014869,15,6
1028,2,100.00,100.00,1,0.014824,0,0
1029,2,100.00,100.00,1,0.014780,0,0
1030,20,-9.00,-9.00,0,0.014736,12,6
1031,20,20.00,20.00,0,0.014691,11,3
1032,20,-113.00,-133.00,0,0.014647,16,12
1033,0,0.00,0.00,1,0.014603,0,0
1034,20,85.00,135.00,0,0.014559,10,0
1035,20,-41.00,-21.00,0,0.014516,11,2
1036,20,85.00,135.00,0,0.014472,10,0
1037,0,0.00,0.00,1,0.014429,0,0
1038,2,100.00,100.00,1,0.014386,0,0
1039,2,100.00,100.00,1,0.014342,0,0
1040,20,-53.00,-43.00,0,0.014299,13,3
1041,20,0.00,0.00,0,0.014256,10,0
1042,0,0.00,0.00,1,0.014214,0,0
1043,20,35.00,95.00,0,0.014171,11,1
1044,20,124.00,174.00,0,0.014129,10,1
1045,20,-5.00,-5.00,0,0.014086,11,5
1046,20,85.00,135.00,0,0.014044,10,0
1047,1,50.00,50.00,1,0.014002,0,0
1048,2,100.00,100.00,1,0.013960,0,0
1049,2,100.00,100.00,1,0.013918,0,0
1050,20,-65.00,-55.00,0,0.013876,12,6
1051,20,44.00,44.00,0,0.013834,9,1
1052,20,85.00,135.00,0,0.013793,10,0
1053,0,0.00,0.00,1,0.013752,0,0
1054,20,124.00,174.00,0,0.013710,10,1
1055,20,49.00,39.00,0,0.013669,10,1
1056,20,85.00,135.00,0,0.013628,10,0
1057,1,50.00,50.00,1,0.013587,0,0
1058,2,100.00,100.00,1,0.013547,0,0
1059,2,100.00,100.00,1,0.013506,0,0
1060,20,-21.00,-21.00,0,0.013465,13,9
1061,20,32.00,32.00,0,0.013425,10,2
1062,1,50.00,50.00,1,0.013385,0,0
1063,20,16.00,-34.00,0,0.013345,13,4
1064,20,85.00,135.00,0,0.013305,10,0
1065,20,0.00,0.00,0,0.013265,10,0
1066,20,85.00,135.00,0,0.013225,10,0
1067,20,-86.00,-116.00,0,0.013185,14,10
1068,2,100.00,100.00,1,0.013146,0,0
1069,2,100.00,100.00,1,0.013106,0,0
1070,20,-41.00,-11.00,0,0.013067,13,6
1071,20,44.00,44.00,0,0.013028,9,1
1072,20,-84.00,-64.00,0,0.012989,16,12
1073,20,0.00,0.00,0,0.012950,10,0
1074,20,85.00,135.00,0,0.012911,10,0
1075,20,-20.00,-10.00,0,0.012872,13,5
1076,20,85.00,135.00,0,0.012833,10,0
1077,0,0.00,0.00,1,0.012795,0,0
1078,2,100.00,100.00,1,0.012757,0,0
1079,2,100.00,100.00,1,0.012718,0,0
1080,20,-48.00,-58.00,0,0.012680,14,4
1081,20,0.00,0.00,0,0.012642,10,0
1082,20,-103.00,-123.00,0,0.012604,16,10
1083,20,85.00,135.00,0,0.012566,10,0
1084,20,85.00,135.00,0,0.012529,10,0
1085,20,0.00,0.00,0,0.012491,10,0
1086,20,85.00,135.00,0,0.012454,10,0
1087,20,-84.00,-54.00,0,0.012416,14,12
1088,2,100.00,100.00,1,0.012379,0,0
1089,2,100.00,100.00,1,0.012342,0,0
1090,20,-62.00,-82.00,0,0.012305,12,9
1091,20,39.00,39.00,0,0.012268,10,1
1092,1,50.00,50.00,1,0.012231,0,0
1093,0,0.00,0.00,1,0.012194,0,0
1094,20,124.00,174.00,0,0.012158,10,1
1095,20,3.00,3.00,0,0.012121,12,2
1096,20,85.00,135.00,0,0.012085,10,0
1097,0,0.00,0.00,1,0.012049,0,0
1098,2,100.00,100.00,1,0.012013,0,0
1099,2,100.00,100.00,1,0.011977,0,0
1100,20,-75.00,-55.00,0,0.011941,14,4
1101,20,0.00,0.00,0,0.011905,10,0
1102,20,-35.00,-35.00,0,0.011869,12,8
1103,20,-125.00,-125.00,0,0.011833,17,12
1104,20,85.00,135.00,0,0.011798,10,0
1105,20,0.00,0.00,0,0.011763,10,0
1106,20,85.00,135.00,0,0.011727,10,0
1107,20,-17.00,-7.00,0,0.011692,10,2
1108,2,100.00,100.00,1,0.011657,0,0
1109,2,100.00,100.00,1,0.011622,0,0
1110,20,-31.00,-41.00,0,0.011587,12,3
1111,20,39.00,49.00,0,0.011552,10,0
1112,0,0.00,0.00,1,0.011518,0,0
1113,0,0.00,0.00,1,0.011483,0,0
1114,20,85.00,135.00,0,0.011449,10,0
1115,20,39.00,49.00,0,0.011414,10,1
1116,20,85.00,135.00,0,0.011380,10,0
1117,0,0.00,0.00,1,0.011346,0,0
1118,2,100.00,100.00,1,0.011312,0,0
1119,2,100.00,100.00,1,0.011278,0,0
1120,20,-50.00,-80.00,0,0.011244,13,6
1121,20,49.00,39.00,0,0.011210,10,0
1122,20,-153.00,-133.00,0,0.011177,15,9
1123,20,-75.00,-55.00,0,0.011143,13,3
1124,20,85.00,135.00,0,0.011110,10,0
1125,20,44.00,44.00,0,0.011077,9,1
1126,20,85.00,135.00,0,0.011043,10,0
1127,20,-130.00,-130.00,0,0.011010,16,13
1128,2,100.00,100.00,1,0.010977,0,0
1129,2,100.00,100.00,1,0.010944,0,0
1130,20,-48.00,-48.00,0,0.010911,12,5
1131,20,0.00,0.00,0,0.010879,10,0
1132,0,0.00,0.00,1,0.010846,0,0
1133,1,50.00,50.00,1,0.010814,0,0
1134,20,85.00,135.00,0,0.010781,10,0
1135,20,0.00,0.00,0,0.010749,10,0
1136,20,85.00,135.00,0,0.010716,10,0
1137,0,0.00,0.00,1,0.010684,0,0
1138,2,100.00,100.00,1,0.010652,0,0
1139,2,100.00,100.00,1,0.010620,0,0
1140,20,-60.00,-60.00,0,0.010588,13,6
1141,20,0.00,0.00,0,0.010557,10,0
1142,20,-110.00,-130.00,0,0.010525,17,10
1143,0,0.00,0.00,1,0.010493,0,0
1144,20,124.00,174.00,0,0.010462,10,1
1145,20,49.00,39.00,0,0.010431,10,1
1146,20,85.00,135.00,0,0.010399,10,0
1147,20,0.00,0.00,0,0.010368,10,0
1148,2,100.00,100.00,1,0.010337,0,0
1149,2,100.00,100.00,1,0.010306,0,0
1150,20,-4.00,-14.00,0,0.010275,13,3
1151,20,39.00,49.00,0,0.010244,10,1
1152,20,13.00,3.00,0,0.010213,11,5
1153,20,-62.00,-52.00,0,0.010183,15,11
1154,20,85.00,135.00,0,0.010152,10,0
1155,20,-4.00,-24.00,0,0.010122,11,0
1156,20,85.00,135.00,0,0.010091,10,0
1157,20,95.00,125.00,0,0.010061,10,0
1158,2,100.00,100.00,1,0.010031,0,0
1159,2,100.00,100.00,1,0.010001,0,0
1160,20,-7.00,13.00,0,0.010000,11,5
1161,20,0.00,0.00,0,0.010000,10,0
1162,1,50.00,50.00,1,0.010000,0,0
1163,20,-17.00,-7.00,0,0.010000,10,1
1164,20,85.00,135.00,0,0.010000,10,0
1165,20,0.00,0.00,0,0.010000,10,0
1166,20,85.00,135.00,0,0.010000,10,0
1167,20,-11.00,-31.00,0,0.010000,13,6
1168,2,100.00,100.00,1,0.010000,0,0
1169,2,100.00,100.00,1,0.010000,0,0
1170,20,-63.00,-43.00,0,0.010000,13,6
1171,20,0.00,0.00,0,0.010000,10,0
1172,20,23.00,-7.00,0,0.010000,13,2
1173,20,-24.00,-24.00,0,0.010000,12,1
1174,20,85.00,135.00,0,0.010000,10,0
1175,20,39.00,39.00,0,0.010000,10,1
1176,20,134.00,174.00,0,0.010000,10,1
1177,1,50.00,50.00,1,0.010000,0,0
1178,2,100.00,100.00,1,0.010000,0,0
1179,2,100.00,100.00,1,0.010000,0,0
1180,20,1.00,-19.00,0,0.010000,12,6
1181,20,0.00,0.00,0,0.010000,10,0
1182,0,0.00,0.00,1,0.010000,0,0
1183,20,85.00,135.00,0,0.010000,10,0
1184,20,85.00,135.00,0,0.010000,10,0
1185,20,0.00,0.00,0,0.010000,10,0
1186,20,85.00,135.00,0,0.010000,10,0
1187,20,124.00,184.00,0,0.010000,10,1
1188,2,100.00,100.00,1,0.010000,0,0
1189,2,100.00,100.00,1,0.010000,0,0
1190,20,-41.00,-1.00,0,0.010000,13,7
1191,20,0.00,0.00,0,0.010000,10,0
1192,1,50.00,50.00,1,0.010000,0,0
1193,0,0.00,0.00,1,0.010000,0,0
1194,20,144.00,164.00,0,0.010000,10,0
1195,20,33.00,43.00,0,0.010000,10,0
1196,20,85.00,135.00,0,0.010000,10,0
1197,20,-16.00,-36.00,0,0.010000,12,6
1198,2,100.00,100.00,1,0.010000,0,0
1199,2,100.00,100.00,1,0.010000,0,0
1200,20,-9.00,-9.00,0,0.010000,12,5
1201,20,39.00,39.00,0,0.010000,10,1
1202,0,0.00,0.00,1,0.010000,0,0
1203,0,0.00,0.00,1,0.010000,0,0
1204,20,85.00,135.00,0,0.010000,10,0
1205,20,0.00,0.00,0,0.010000,10,0
1206,20,85.00,135.00,0,0.010000,10,0
1207,1,50.00,50.00,1,0.010000,0,0
1208,2,100.00,100.00,1,0.010000,0,0
1209,2,100.00,100.00,1,0.010000,0,0
1210,20,-28.00,-68.00,0,0.010000,14,3
1211,20,0.00,0.00,0,0.010000,10,0
1212,0,0.00,0.00,1,0.010000,0,0
1213,20,-74.00,-84.00,0,0.010000,16,12
1214,20,85.00,135.00,0,0.010000,10,0
1215,20,0.00,0.00,0,0.010000,10,0
1216,20,124.00,174.00,0,0.010000,10,2
1217,20,95.00,125.00,0,0.010000,10,0
1218,2,100.00,100.00,1,0.010000,0,0
1219,2,100.00,100.00,1,0.010000,0,0
1220,20,-16.00,-26.00,0,0.010000,12,8
1221,20,49.00,39.00,0,0.010000,10,1
1222,0,0.00,0.00,1,0.010000,0,0
1223,0,0.00,0.00,1,0.010000,0,0
1224,20,144.00,164.00,0,0.010000,10,0
1225,20,0.00,0.00,0,0.010000,10,0
1226,20,85.00,135.00,0,0.010000,10,0
1227,0,0.00,0.00,1,0.010000,0,0
1228,2,100.00,100.00,1,0.010000,0,0
1229,2,100.00,100.00,1,0.010000,0,0
1230,20,-53.00,-53.00,0,0.010000,13,5
1231,20,0.00,0.00,0,0.010000,10,0
1232,1,50.00,50.00,1,0.010000,0,0
1233,20,85.00,135.00,0,0.010000,10,0
1234,20,85.00,135.00,0,0.010000,10,0
1235,20,0.00,0.00,0,0.010000,10,0
1236,20,85.00,135.00,0,0.010000,10,0
1237,1,50.00,50.00,1,0.010000,0,0
1238,2,100.00,100.00,1,0.010000,0,0
1239,2,100.00,100.00,1,0.010000,0,0
1240,20,28.00,-12.00,0,0.010000,12,2
1241,20,49.00,39.00,0,0.010000,10,0
1242,0,0.00,0.00,1,0.010000,0,0
1243,0,0.00,0.00,1,0.010000,0,0
1244,20,124.00,184.00,0,0.010000,10,1
1245,20,39.00,49.00,0,0.010000,10,1
1246,20,85.00,135.00,0,0.010000,10,0
1247,1,50.00,50.00,1,0.010000,0,0
1248,2,100.00,100.00,1,0.010000,0,0
1249,2,100.00,100.00,1,0.010000,0,0
1250,20,-9.00,-9.00,0,0.010000,12,7
1251,20,0.00,0.00,0,0.010000,10,0
1252,1,50.00,50.00,1,0.010000,0,0
1253,20,-79.00,-69.00,0,0.010000,15,13
1254,20,85.00,135.00,0,0.010000,10,0
1255,20,0.00,0.00,0,0.010000,10,0
1256,20,85.00,135.00,0,0.010000,10,0
1257,0,0.00,0.00,1,0.010000,0,0
1258,2,100.00,100.00,1,0.010000,0,0
1259,2,100.00,100.00,1,0.010000,0,0
1260,20,-12.00,18.00,0,0.010000,12,3
1261,20,0.00,0.00,0,0.010000,10,0
1262,1,50.00,50.00,1,0.010000,0,0
1263,0,0.00,0.00,1,0.010000,0,0
1264,20,85.00,135.00,0,0.010000,10,0
1265,20,39.00,49.00,0,0.010000,10,1
1266,20,85.00,135.00,0,0.010000,10,0
1267,0,0.00,0.00,1,0.010000,0,0
1268,2,100.00,100.00,1,0.010000,0,0
1269,2,100.00,100.00,1,0.010000,0,0
1270,20,-16.00,-26.00,0,0.010000,12,7
1271,20,-22.00,-12.00,0,0.010000,11,1
1272,20,-152.00,-162.00,0,0.010000,16,10
1273,0,0.00,0.00,1,0.010000,0,0
1274,20,85.00,135.00,0,0.010000,10,0
1275,20,0.00,0.00,0,0.010000,10,0
1276,20,85.00,135.00,0,0.010000,10,0
1277,20,-52.00,-72.00,0,0.010000,15,10
1278,2,100.00,100.00,1,0.010000,0,0
1279,2,100.00,100.00,1,0.010000,0,0
1280,20,23.00,-7.00,0,0.010000,13,2
1281,20,0.00,0.00,0,0.010000,10,0
1282,20,-50.00,-40.00,0,0.010000,13,9
1283,20,-50.00,-80.00,0,0.010000,13,8
1284,20,85.00,135.00,0,0.010000,10,0
1285,20,0.00,0.00,0,0.010000,10,0
1286,20,124.00,184.00,0,0.010000,10,1
1287,20,-90.00,-80.00,0,0.010000,13,6
1288,2,100.00,100.00,1,0.010000,0,0
1289,2,100.00,100.00,1,0.010000,0,0
1290,20,-24.00,6.00,0,0.010000,13,5
1291,20,20.00,10.00,0,0.010000,11,4
1292,20,95.00,125.00,0,0.010000,10,0
1293,0,0.00,0.00,1,0.010000,0,0
1294,20,85.00,135.00,0,0.010000,10,0
1295,20,39.00,49.00,0,0.010000,10,1
1296,20,85.00,135.00,0,0.010000,10,0
1297,20,-85.00,-95.00,0,0.010000,13,9
1298,2,100.00,100.00,1,0.010000,0,0
1299,2,100.00,100.00,1,0.010000,0,0
1300,20,-2.00,18.00,0,0.010000,12,4
1301,20,0.00,0.00,0,0.010000,10,0
1302,20,6.00,-24.00,0,0.010000,13,4
1303,20,34.00,74.00,0,0.010000,12,1
1304,20,85.00,135.00,0,0.010000,10,0
1305,20,0.00,0.00,0,0.010000,10,0
1306,20,85.00,135.00,0,0.010000,10,0
1307,1,50.00,50.00,1,0.010000,0,0
1308,2,100.00,100.00,1,0.010000,0,0
1309,2,100.00,100.00,1,0.010000,0,0
1310,20,-29.00,-19.00,0,0.010000,11,2
1311,20,0.00,0.00,0,0.010000,10,0
1312,1,50.00,50.00,1,0.010000,0,0
1313,0,0.00,0.00,1,0.010000,0,0
1314,20,129.00,179.00,0,0.010000,9,1
1315,20,39.00,39.00,0,0.010000,10,1
1316,20,85.00,135.00,0,0.010000,10,0
1317,2,100.00,100.00,1,0.010000,0,0
1318,2,100.00,100.00,1,0.010000,0,0
1319,2,100.00,100.00,1,0.010000,0,0
1320,20,8.00,8.00,0,0.010000,12,4
1321,20,0.00,0.00,0,0.010000,10,0
1322,20,27.00,27.00,0,0.010000,11,3
1323,20,30.00,10.00,0,0.010000,11,3
1324,20,85.00,135.00,0,0.010000,10,0
1325,20,44.00,44.00,0,0.010000,9,1
1326,20,134.00,174.00,0,0.010000,10,1
1327,20,-113.00,-103.00,0,0.010000,16,11
1328,2,100.00,100.00,1,0.010000,0,0
1329,2,100.00,100.00,1,0.010000,0,0
1330,20,13.00,-7.00,0,0.010000,11,4
1331,20,0.00,0.00,0,0.010000,10,0
1332,0,0.00,0.00,1,0.010000,0,0
1333,20,-101.00,-101.00,0,0.010000,15,10
1334,20,85.00,135.00,0,0.010000,10,0
1335,20,49.00,39.00,0,0.010000,10,1
1336,20,85.00,135.00,0,0.010000,10,0
1337,0,0.00,0.00,1,0.010000,0,0
1338,2,100.00,100.00,1,0.010000,0,0
1339,2,100.00,100.00,1,0.010000,0,0
1340,20,-33.00,-33.00,0,0.010000,14,9
1341,20,0.00,0.00,0,0.010000,10,0
1342,20,8.00,-2.00,0,0.010000,12,3
1343,20,-115.00,-105.00,0,0.010000,15,10
1344,20,85.00,135.00,0,0.010000,10,0
1345,20,0.00,0.00,0,0.010000,10,0
1346,20,85.00,135.00,0,0.010000,10,0
1347,20,-52.00,-72.00,0,0.010000,15,11
1348,2,100.00,100.00,1,0.010000,0,0
1349,2,100.00,100.00,1,0.010000,0,0
1350,20,-24.00,6.00,0,0.010000,13,4
1351,20,0.00,0.00,0,0.010000,10,0
1352,1,50.00,50.00,1,0.010000,0,0
1353,1,50.00,50.00,1,0.010000,0,0
1354,20,129.00,179.00,0,0.010000,9,1
1355,20,0.00,0.00,0,0.010000,10,0
1356,20,85.00,135.00,0,0.010000,10,0
1357,20,85.00,135.00,0,0.010000,10,0
1358,2,100.00,100.00,1,0.010000,0,0
1359,2,100.00,100.00,1,0.010000,0,0
1360,20,-13.00,-83.00,0,0.010000,13,3
1361,20,0.00,0.00,0,0.010000,10,0
1362,2,100.00,100.00,1,0.010000,0,0
1363,20,-125.00,-135.00,0,0.010000,17,11
1364,20,85.00,135.00,0,0.010000,10,0
1365,20,0.00,0.00,0,0.010000,10,0
1366,20,85.00,135.00,0,0.010000,10,0
1367,20,124.00,164.00,0,0.010000,10,2
1368,2,100.00,100.00,1,0.010000,0,0
1369,2,100.00,100.00,1,0.010000,0,0
1370,20,3.00,13.00,0,0.010000,11,4
1371,20,0.00,0.00,0,0.010000,10,0
1372,20,-123.00,-113.00,0,0.010000,16,12
1373,2,100.00,100.00,1,0.010000,0,0
1374,20,85.00,135.00,0,0.010000,10,0
1375,20,0.00,0.00,0,0.010000,10,0
1376,20,146.00,186.00,0,0.010000,9,0
1377,20,-75.00,-55.00,0,0.010000,14,8
1378,2,100.00,100.00,1,0.010000,0,0
1379,2,100.00,100.00,1,0.010000,0,0
1380,20,-36.00,-36.00,0,0.010000,11,2
1381,20,0.00,0.00,0,0.010000,10,0
1382,20,-42.00,-72.00,0,0.010000,15,10
1383,1,50.00,50.00,1,0.010000,0,0
1384,20,134.00,174.00,0,0.010000,10,1
1385,20,49.00,39.00,0,0.010000,10,1
1386,20,85.00,135.00,0,0.010000,10,0
1387,20,0.00,0.00,0,0.010000,10,0
1388,2,100.00,100.00,1,0.010000,0,0
1389,2,100.00,100.00,1,0.010000,0,0
1390,20,25.00,5.00,0,0.010000,12,2
1391,20,0.00,0.00,0,0.010000,10,0
1392,0,0.00,0.00,1,0.010000,0,0
1393,20,-85.00,-105.00,0,0.010000,13,8
1394,20,85.00,135.00,0,0.010000,10,0
1395,20,0.00,0.00,0,0.010000,10,0
1396,20,85.00,135.00,0,0.010000,10,0
1397,1,50.00,50.00,1,0.010000,0,0
1398,2,100.00,100.00,1,0.010000,0,0
1399,2,100.00,100.00,1,0.010000,0,0
1400,20,-7.00,13.00,0,0.010000,11,5
1401,20,-17.00,-7.00,0,0.010000,10,1
1402,20,85.00,135.00,0,0.010000,10,0
1403,20,85.00,135.00,0,0.010000,10,0
1404,20,134.00,164.00,0,0.010000,10,0
1405,20,0.00,0.00,0,0.010000,10,0
1406,20,85.00,135.00,0,0.010000,10,0
1407,0,0.00,0.00,1,0.010000,0,0
1408,2,100.00,100.00,1,0.010000,0,0
1409,2,100.00,100.00,1,0.010000,0,0
1410,20,8.00,-2.00,0,0.010000,12,5
1411,20,0.00,0.00,0,0.010000,10,0
1412,20,-72.00,-52.00,0,0.010000,15,11
1413,2,100.00,100.00,1,0.010000,0,0
1414,20,85.00,135.00,0,0.010000,10,0
1415,20,0.00,0.00,0,0.010000,10,0
1416,20,85.00,135.00,0,0.010000,10,0
1417,20,26.00,36.00,0,0.010000,10,0
1418,2,100.00,100.00,1,0.010000,0,0
1419,2,100.00,100.00,1,0.010000,0,0
1420,20,-31.00,-41.00,0,0.010000,12,2
1421,20,0.00,0.00,0,0.010000,10,0
1422,0,0.00,0.00,1,0.010000,0,0
1423,1,50.00,50.00,1,0.010000,0,0
1424,20,85.00,135.00,0,0.010000,10,0
1425,20,39.00,49.00,0,0.010000,10,1
1426,20,85.00,135.00,0,0.010000,10,0
1427,20,-69.00,-69.00,0,0.010000,15,12
1428,2,100.00,100.00,1,0.010000,0,0
1429,2,100.00,100.00,1,0.010000,0,0
1430,20,-41.00,-31.00,0,0.010000,12,5
1431,20,0.00,0.00,0,0.010000,10,0
1432,20,-64.00,-84.00,0,0.010000,16,12
1433,1,50.00,50.00,1,0.010000,0,0
1434,20,144.00,164.00,0,0.010000,10,0
1435,20,0.00,0.00,0,0.010000,10,0
1436,20,124.00,184.00,0,0.010000,10,0
1437,20,5.00,55.00,0,0.010000,11,0
1438,2,100.00,100.00,1,0.010000,0,0
1439,2,100.00,100.00,1,0.010000,0,0
1440,20,8.00,8.00,0,0.010000,12,3
1441,20,39.00,49.00,0,0.010000,10,0
1442,1,50.00,50.00,1,0.010000,0,0
1443,20,-110.00,-80.00,0,0.010000,14,9
1444,20,134.00,174.00,0,0.010000,10,1
1445,20,0.00,0.00,0,0.010000,10,0
1446,20,85.00,135.00,0,0.010000,10,0
1447,0,0.00,0.00,1,0.010000,0,0
1448,2,100.00,100.00,1,0.010000,0,0
1449,2,100.00,100.00,1,0.010000,0,0
1450,20,13.00,3.00,0,0.010000,13,3
1451,20,44.00,44.00,0,0.010000,9,1
1452,0,0.00,0.00,1,0.010000,0,0
1453,0,0.00,0.00,1,0.010000,0,0
1454,20,85.00,135.00,0,0.010000,10,0
1455,20,0.00,0.00,0,0.010000,10,0
1456,20,85.00,135.00,0,0.010000,10,0
1457,0,0.00,0.00,1,0.010000,0,0
1458,2,100.00,100.00,1,0.010000,0,0
1459,2,100.00,100.00,1,0.010000,0,0
1460,20,30.00,10.00,0,0.010000,11,3
1461,20,0.00,0.00,0,0.010000,10,0
1462,20,-55.00,-75.00,0,0.010000,13,6
1463,1,50.00,50.00,1,0.010000,0,0
1464,20,85.00,135.00,0,0.010000,10,0
1465,20,0.00,0.00,0,0.010000,10,0
1466,20,85.00,135.00,0,0.010000,10,0
1467,1,50.00,50.00,1,0.010000,0,0
1468,2,100.00,100.00,1,0.010000,0,0
1469,2,100.00,100.00,1,0.010000,0,0
1470,20,-14.00,-14.00,0,0.010000,11,8
1471,20,-24.00,-24.00,0,0.010000,12,2
1472,2,100.00,100.00,1,0.010000,0,0
1473,0,0.00,0.00,1,0.010000,0,0
1474,20,85.00,135.00,0,0.010000,10,0
1475,20,0.00,0.00,0,0.010000,10,0
1476,20,85.00,135.00,0,0.010000,10,0
1477,20,-45.00,-55.00,0,0.010000,15,9
1478,2,100.00,100.00,1,0.010000,0,0
1479,2,100.00,100.00,1,0.010000,0,0
1480,20,-61.00,-21.00,0,0.010000,12,3
1481,20,0.00,0.00,0,0.010000,10,0
1482,0,0.00,0.00,1,0.010000,0,0
1483,20,-118.00,-108.00,0,0.010000,15,12
1484,20,85.00,135.00,0,0.010000,10,0
1485,20,0.00,0.00,0,0.010000,10,0
1486,20,85.00,135.00,0,0.010000,10,0
1487,2,100.00,100.00,1,0.010000,0,0
1488,2,100.00,100.00,1,0.010000,0,0
1489,2,100.00,100.00,1,0.010000,0,0
1490,20,8.00,-2.00,0,0.010000,12,3
1491,20,0.00,0.00,0,0.010000,10,0
1492,20,-74.00,-74.00,0,0.010000,16,12
1493,20,-23.00,-23.00,0,0.010000,11,1
1494,20,124.00,174.00,0,0.010000,10,1
1495,20,0.00,0.00,0,0.010000,10,0
1496,20,85.00,135.00,0,0.010000,10,0
1497,1,50.00,50.00,1,0.010000,0,0
1498,2,100.00,100.00,1,0.010000,0,0
1499,2,100.00,100.00,1,0.010000,0,0
1500,20,27.00,37.00,0,0.010000,11,1
1501,20,0.00,0.00,0,0.010000,10,0
1502,20,17.00,37.00,0,0.010000,11,1
1503,1,50.00,50.00,1,0.010000,0,0
1504,20,144.00,164.00,0,0.010000,10,0
1505,20,0.00,0.00,0,0.010000,10,0
1506,20,85.00,135.00,0,0.010000,10,0
1507,1,50.00,50.00,1,0.010000,0,0
1508,2,100.00,100.00,1,0.010000,0,0
1509,2,100.00,100.00,1,0.010000,0,0
1510,20,-14.00,-34.00,0,0.010000,12,2
1511,20,0.00,0.00,0,0.010000,10,0
1512,0,0.00,0.00,1,0.010000,0,0
1513,20,-145.00,-155.00,0,0.010000,16,9
1514,20,85.00,135.00,0,0.010000,10,0
1515,20,49.00,39.00,0,0.010000,10,1
1516,20,85.00,135.00,0,0.010000,10,0
1517,20,32.00,32.00,0,0.010000,10,3
1518,2,100.00,100.00,1,0.010000,0,0
1519,2,100.00,100.00,1,0.010000,0,0
1520,20,-41.00,-41.00,0,0.010000,12,4
1521,20,0.00,0.00,0,0.010000,10,0
1522,1,50.00,50.00,1,0.010000,0,0
1523,20,-108.00,-118.00,0,0.010000,15,12
1524,20,85.00,135.00,0,0.010000,10,0
1525,20,0.00,0.00,0,0.010000,10,0
1526,20,85.00,135.00,0,0.010000,10,0
1527,20,-79.00,-69.00,0,0.010000,12,2
1528,2,100.00,100.00,1,0.010000,0,0
1529,2,100.00,100.00,1,0.010000,0,0
1530,20,8.00,8.00,0,0.010000,12,3
1531,20,0.00,0.00,0,0.010000,10,0
1532,1,50.00,50.00,1,0.010000,0,0
1533,20,-15.00,-15.00,0,0.010000,13,10
1534,20,85.00,135.00,0,0.010000,10,0
1535,20,0.00,0.00,0,0.010000,10,0
1536,20,85.00,135.00,0,0.010000,10,0
1537,0,0.00,0.00,1,0.010000,0,0
1538,2,100.00,100.00,1,0.010000,0,0
1539,2,100.00,100.00,1,0.010000,0,0
1540,20,20.00,20.00,0,0.010000,11,4
1541,20,0.00,0.00,0,0.010000,10,0
1542,20,-130.00,-120.00,0,0.010000,14,6
1543,1,50.00,50.00,1,0.010000,0,0
1544,20,85.00,135.00,0,0.010000,10,0
1545,20,45.00,35.00,0,0.010000,10,0
1546,20,85.00,135.00,0,0.010000,10,0
1547,1,50.00,50.00,1,0.010000,0,0
1548,2,100.00,100.00,1,0.010000,0,0
1549,2,100.00,100.00,1,0.010000,0,0
1550,20,-2.00,18.00,0,0.010000,12,4
1551,20,0.00,0.00,0,0.010000,10,0
1552,0,0.00,0.00,1,0.010000,0,0
1553,2,100.00,100.00,1,0.010000,0,0
1554,20,85.00,135.00,0,0.010000,10,0
1555,20,45.00,15.00,0,0.010000,11,2
1556,20,85.00,135.00,0,0.010000,10,0
1557,0,0.00,0.00,1,0.010000,0,0
1558,2,100.00,100.00,1,0.010000,0,0
1559,3,94.00,94.00,1,0.010000,0,1
1560,20,-19.00,-29.00,0,0.010000,11,2
1561,20,0.00,0.00,0,0.010000,10,0
1562,1,50.00,50.00,1,0.010000,0,0
1563,20,-70.00,-70.00,0,0.010000,11,2
1564,20,85.00,135.00,0,0.010000,10,0
1565,20,0.00,0.00,0,0.010000,10,0
1566,20,146.00,186.00,0,0.010000,9,0
1567,20,-5.00,35.00,0,0.010000,12,0
1568,2,100.00,100.00,1,0.010000,0,0
1569,2,100.00,100.00,1,0.010000,0,0
1570,20,-19.00,-29.00,0,0.010000,11,2
1571,20,0.00,0.00,0,0.010000,10,0
1572,20,-5.00,35.00,0,0.010000,12,0
1573,1,50.00,50.00,1,0.010000,0,0
1574,20,85.00,135.00,0,0.010000,10,0
1575,20,0.00,0.00,0,0.010000,10,0
1576,20,85.00,135.00,0,0.010000,10,0
1577,0,0.00,0.00,1,0.010000,0,0
1578,2,100.00,100.00,1,0.010000,0,0
1579,2,100.00,100.00,1,0.010000,0,0
1580,20,20.00,20.00,0,0.010000,11,3
1581,20,0.00,0.00,0,0.010000,10,0
1582,20,15.00,15.00,0,0.010000,10,4
1583,20,-50.00,-40.00,0,0.010000,14,9
1584,20,85.00,135.00,0,0.010000,10,0
1585,20,0.00,0.00,0,0.010000,10,0
1586,20,85.00,135.00,0,0.010000,10,0
1587,0,0.00,0.00,1,0.010000,0,0
1588,2,100.00,100.00,1,0.010000,0,0
1589,2,100.00,100.00,1,0.010000,0,0
1590,20,-14.00,-34.00,0,0.010000,12,1
1591,20,0.00,0.00,0,0.010000,10,0
1592,0,0.00,0.00,1,0.010000,0,0
1593,20,-120.00,-110.00,0,0.010000,15,9
1594,20,85.00,135.00,0,0.010000,10,0
1595,20,0.00,0.00,0,0.010000,10,0
1596,20,134.00,174.00,0,0.010000,10,1
1597,20,95.00,125.00,0,0.010000,10,0
1598,2,100.00,100.00,1,0.010000,0,0
1599,2,100.00,100.00,1,0.010000,0,0
1600,20,25.00,15.00,0,0.010000,12,1
1601,20,0.00,0.00,0,0.010000,10,0
1602,2,100.00,100.00,1,0.010000,0,0
1603,0,0.00,0.00,1,0.010000,0,0
1604,20,85.00,135.00,0,0.010000,10,0
1605,20,39.00,39.00,0,0.010000,10,1
1606,20,85.00,135.00,0,0.010000,10,0
1607,20,-12.00,-12.00,0,0.010000,11,0
1608,2,100.00,100.00,1,0.010000,0,0
1609,2,100.00,100.00,1,0.010000,0,0
1610,20,20.00,20.00,0,0.010000,11,3
1611,20,0.00,0.00,0,0.010000,10,0
1612,20,-56.00,-56.00,0,0.010000,10,1
1613,20,85.00,135.00,0,0.010000,10,0
1614,20,85.00,135.00,0,0.010000,10,0
1615,20,0.00,0.00,0,0.010000,10,0
1616,20,85.00,135.00,0,0.010000,10,0
1617,0,0.00,0.00,1,0.010000,0,0
1618,2,100.00,100.00,1,0.010000,0,0
1619,2,100.00,100.00,1,0.010000,0,0
1620,20,-12.00,8.00,0,0.010000,12,5
1621,20,0.00,0.00,0,0.010000,10,0
1622,20,-40.00,-40.00,0,0.010000,13,6
1623,1,50.00,50.00,1,0.010000,0,0
1624,20,144.00,184.00,0,0.010000,9,0
1625,20,0.00,0.00,0,0.010000,10,0
1626,20,85.00,135.00,0,0.010000,10,0
1627,20,39.00,49.00,0,0.010000,10,0
1628,2,100.00,100.00,1,0.010000,0,0
1629,2,100.00,100.00,1,0.010000,0,0
1630,20,-29.00,-29.00,0,0.010000,11,4
1631,20,0.00,0.00,0,0.010000,10,0
1632,20,-12.00,-22.00,0,0.010000,11,1
1633,2,100.00,100.00,1,0.010000,0,0
1634,20,85.00,135.00,0,0.010000,10,0
1635,20,44.00,44.00,0,0.010000,9,1
1636,20,85.00,135.00,0,0.010000,10,0
1637,20,-70.00,-90.00,0,0.010000,13,6
1638,2,100.00,100.00,1,0.010000,0,0
1639,2,100.00,100.00,1,0.010000,0,0
1640,20,10.00,30.00,0,0.010000,11,4
1641,20,0.00,0.00,0,0.010000,10,0
1642,20,-35.00,-85.00,0,0.010000,14,3
1643,20,-10.00,0.00,0,0.010000,13,7
1644,20,85.00,135.00,0,0.010000,10,0
1645,20,0.00,0.00,0,0.010000,10,0
1646,20,85.00,135.00,0,0.010000,10,0
1647,0,0.00,0.00,1,0.010000,0,0
1648,2,100.00,100.00,1,0.010000,0,0
1649,2,100.00,100.00,1,0.010000,0,0
1650,20,49.00,39.00,0,0.010000,10,1
1651,20,0.00,0.00,0,0.010000,10,0
1652,20,0.00,0.00,0,0.010000,10,0
1653,0,0.00,0.00,1,0.010000,0,0
1654,20,85.00,135.00,0,0.010000,10,0
1655,20,0.00,0.00,0,0.010000,10,0
1656,20,85.00,135.00,0,0.010000,10,0
1657,1,50.00,50.00,1,0.010000,0,0
1658,2,100.00,100.00,1,0.010000,0,0
1659,2,100.00,100.00,1,0.010000,0,0
1660,20,15.00,25.00,0,0.010000,12,1
1661,20,0.00,0.00,0,0.010000,10,0
1662,1,50.00,50.00,1,0.010000,0,0
1663,20,95.00,125.00,0,0.010000,10,0
1664,20,85.00,135.00,0,0.010000,10,0
1665,20,52.00,72.00,0,0.010000,10,1
1666,20,85.00,135.00,0,0.010000,10,0
1667,20,85.00,135.00,0,0.010000,10,0
1668,2,100.00,100.00,1,0.010000,0,0
1669,2,100.00,100.00,1,0.010000,0,0
1670,20,-12.00,-12.00,0,0.010000,11,0
1671,20,0.00,0.00,0,0.010000,10,0
1672,20,-68.00,-68.00,0,0.010000,11,3
1673,0,0.00,0.00,1,0.010000,0,0
1674,20,85.00,135.00,0,0.010000,10,0
1675,20,44.00,44.00,0,0.010000,9,1
1676,20,85.00,135.00,0,0.010000,10,0
1677,20,49.00,39.00,0,0.010000,10,0
1678,2,100.00,100.00,1,0.010000,0,0
1679,2,100.00,100.00,1,0.010000,0,0
1680,20,22.00,42.00,0,0.010000,10,3
1681,20,0.00,0.00,0,0.010000,10,0
1682,0,0.00,0.00,1,0.010000,0,0
1683,0,0.00,0.00,1,0.010000,0,0
1684,20,85.00,135.00,0,0.010000,10,0
1685,20,0.00,0.00,0,0.010000,10,0
1686,20,85.00,135.00,0,0.010000,10,0
1687,0,0.00,0.00,1,0.010000,0,0
1688,2,100.00,100.00,1,0.010000,0,0
1689,2,100.00,100.00,1,0.010000,0,0
1690,20,30.00,10.00,0,0.010000,11,3
1691,20,0.00,0.00,0,0.010000,10,0
1692,20,-145.00,-155.00,0,0.010000,16,8
1693,20,85.00,135.00,0,0.010000,10,0
1694,20,85.00,135.00,0,0.010000,10,0
1695,20,39.00,39.00,0,0.010000,10,1
1696,20,85.00,135.00,0,0.010000,10,0
1697,20,54.00,94.00,0,0.010000,11,0
1698,2,100.00,100.00,1,0.010000,0,0
1699,2,100.00,100.00,1,0.010000,0,0
1700,20,-29.00,-29.00,0,0.010000,11,3
1701,20,49.00,39.00,0,0.010000,10,1
1702,1,50.00,50.00,1,0.010000,0,0
1703,20,0.00,0.00,0,0.010000,10,0
1704,20,85.00,135.00,0,0.010000,10,0
1705,20,0.00,0.00,0,0.010000,10,0
1706,20,85.00,135.00,0,0.010000,10,0
1707,0,0.00,0.00,1,0.010000,0,0
1708,2,100.00,100.00,1,0.010000,0,0
1709,2,100.00,100.00,1,0.010000,0,0
1710,20,-2.00,8.00,0,0.010000,12,4
1711,20,0.00,0.00,0,0.010000,10,0
1712,2,100.00,100.00,1,0.010000,0,0
1713,1,50.00,50.00,1,0.010000,0,0
1714,20,85.00,135.00,0,0.010000,10,0
1715,20,0.00,0.00,0,0.010000,10,0
1716,20,85.00,135.00,0,0.010000,10,0
1717,0,0.00,0.00,1,0.010000,0,0
1718,2,100.00,100.00,1,0.010000,0,0
1719,2,100.00,100.00,1,0.010000,0,0
1720,20,39.00,39.00,0,0.010000,10,1
1721,20,0.00,0.00,0,0.010000,10,0
1722,0,0.00,0.00,1,0.010000,0,0
1723,20,74.00,144.00,0,0.010000,11,0
1724,20,85.00,135.00,0,0.010000,10,0
1725,20,49.00,39.00,0,0.010000,10,1
1726,20,144.00,184.00,0,0.010000,9,0
1727,20,44.00,44.00,0,0.010000,9,1
1728,2,100.00,100.00,1,0.010000,0,0
1729,2,100.00,100.00,1,0.010000,0,0
1730,20,-34.00,-14.00,0,0.010000,10,3
1731,20,0.00,0.00,0,0.010000,10,0
1732,1,50.00,50.00,1,0.010000,0,0
1733,20,-75.00,-75.00,0,0.010000,13,6
1734,20,56.00,86.00,0,0.010000,11,0
1735,20,0.00,0.00,0,0.010000,10,0
1736,20,85.00,135.00,0,0.010000,10,0
1737,20,-70.00,-90.00,0,0.010000,12,2
1738,2,100.00,100.00,1,0.010000,0,0
1739,2,100.00,100.00,1,0.010000,0,0
1740,20,25.00,15.00,0,0.010000,12,3
1741,20,0.00,0.00,0,0.010000,10,0
1742,20,-140.00,-110.00,0,0.010000,14,7
1743,20,-61.00,-51.00,0,0.010000,11,0
1744,20,85.00,135.00,0,0.010000,10,0
1745,20,49.00,39.00,0,0.010000,10,1
1746,20,85.00,135.00,0,0.010000,10,0
1747,20,0.00,0.00,0,0.010000,10,0
1748,2,100.00,100.00,1,0.010000,0,0
1749,2,100.00,100.00,1,0.010000,0,0
1750,20,0.00,0.00,0,0.010000,10,0
1751,20,0.00,0.00,0,0.010000,10,0
1752,20,-60.00,-70.00,0,0.010000,12,5
1753,0,0.00,0.00,1,0.010000,0,0
1754,20,85.00,135.00,0,0.010000,10,0
1755,20,0.00,0.00,0,0.010000,10,0
1756,20,85.00,135.00,0,0.010000,10,0
1757,20,-86.00,-116.00,0,0.010000,16,9
1758,2,100.00,100.00,1,0.010000,0,0
1759,2,100.00,100.00,1,0.010000,0,0
1760,20,0.00,0.00,0,0.010000,10,0
1761,20,0.00,0.00,0,0.010000,10,0
1762,1,50.00,50.00,1,0.010000,0,0
1763,0,0.00,0.00,1,0.010000,0,0
1764,20,85.00,135.00,0,0.010000,10,0
1765,20,0.00,0.00,0,0.010000,10,0
1766,20,85.00,135.00,0,0.010000,10,0
1767,0,0.00,0.00,1,0.010000,0,0
1768,2,100.00,100.00,1,0.010000,0,0
1769,2,100.00,100.00,1,0.010000,0,0
1770,20,39.00,49.00,0,0.010000,10,0
1771,20,0.00,0.00,0,0.010000,10,0
1772,1,50.00,50.00,1,0.010000,0,0
1773,20,-20.00,-30.00,0,0.010000,11,5
1774,20,85.00,135.00,0,0.010000,10,0
1775,20,0.00,0.00,0,0.010000,10,0
1776,20,85.00,135.00,0,0.010000,10,0
1777,20,-5.00,35.00,0,0.010000,12,0
1778,2,100.00,100.00,1,0.010000,0,0
1779,2,100.00,100.00,1,0.010000,0,0
1780,20,-2.00,-22.00,0,0.010000,11,0
1781,20,0.00,0.00,0,0.010000,10,0
1782,20,-40.00,-50.00,0,0.010000,14,8
1783,0,0.00,0.00,1,0.010000,0,0
1784,20,85.00,135.00,0,0.010000,10,0
1785,20,0.00,0.00,0,0.010000,10,0
1786,20,85.00,135.00,0,0.010000,10,0
1787,0,0.00,0.00,1,0.010000,0,0
1788,2,100.00,100.00,1,0.010000,0,0
1789,2,100.00,100.00,1,0.010000,0,0
1790,20,0.00,0.00,0,0.010000,10,0
1791,20,0.00,0.00,0,0.010000,10,0
1792,0,0.00,0.00,1,0.010000,0,0
1793,0,0.00,0.00,1,0.010000,0,0
1794,20,85.00,135.00,0,0.010000,10,0
1795,20,39.00,49.00,0,0.010000,10,1
1796,20,124.00,184.00,0,0.010000,10,1
1797,20,-85.00,-95.00,0,0.010000,13,10
1798,2,100.00,100.00,1,0.010000,0,0
1799,2,100.00,100.00,1,0.010000,0,0
1800,20,0.00,0.00,0,0.010000,10,0
1801,20,0.00,0.00,0,0.010000,10,0
1802,0,0.00,0.00,1,0.010000,0,0
1803,1,50.00,50.00,1,0.010000,0,0
1804,20,144.00,164.00,0,0.010000,10,0
1805,20,0.00,0.00,0,0.010000,10,0
1806,20,85.00,135.00,0,0.010000,10,0
1807,20,-123.00,-113.00,0,0.010000,16,11
1808,2,100.00,100.00,1,0.010000,0,0
1809,2,100.00,100.00,1,0.010000,0,0
1810,20,0.00,0.00,0,0.010000,10,0
1811,20,0.00,0.00,0,0.010000,10,0
1812,0,0.00,0.00,1,0.010000,0,0
1813,0,0.00,0.00,1,0.010000,0,0
1814,20,85.00,135.00,0,0.010000,10,0
1815,20,-22.00,-12.00,0,0.010000,11,2
1816,20,124.00,184.00,0,0.010000,10,0
1817,0,0.00,0.00,1,0.010000,0,0
1818,2,100.00,100.00,1,0.010000,0,0
1819,2,100.00,100.00,1,0.010000,0,0
1820,20,17.00,37.00,0,0.010000,11,1
1821,20,0.00,0.00,0,0.010000,10,0
1822,20,-5.00,35.00,0,0.010000,12,0
1823,0,0.00,0.00,1,0.010000,0,0
1824,20,85.00,135.00,0,0.010000,10,0
1825,20,0.00,0.00,0,0.010000,10,0
1826,20,85.00,135.00,0,0.010000,10,0
1827,1,50.00,50.00,1,0.010000,0,0
1828,2,100.00,100.00,1,0.010000,0,0
1829,2,100.00,100.00,1,0.010000,0,0
1830,20,-7.00,-17.00,0,0.010000,10,1
1831,20,0.00,0.00,0,0.010000,10,0
1832,20,-51.00,-31.00,0,0.010000,12,5
1833,20,8.00,18.00,0,0.010000,11,2
1834,20,85.00,135.00,0,0.010000,10,0
1835,20,39.00,39.00,0,0.010000,10,1
1836,20,85.00,135.00,0,0.010000,10,0
1837,20,0.00,0.00,0,0.010000,10,0
1838,2,100.00,100.00,1,0.010000,0,0
1839,2,100.00,100.00,1,0.010000,0,0
1840,20,30.00,10.00,0,0.010000,11,2
1841,20,0.00,0.00,0,0.010000,10,0
1842,20,-50.00,-50.00,0,0.010000,14,11
1843,20,95.00,125.00,0,0.010000,10,0
1844,20,85.00,135.00,0,0.010000,10,0
1845,20,0.00,0.00,0,0.010000,10,0
1846,20,85.00,135.00,0,0.010000,10,0
1847,20,32.00,32.00,0,0.010000,10,2
1848,2,100.00,100.00,1,0.010000,0,0
1849,2,100.00,100.00,1,0.010000,0,0
1850,20,47.00,17.00,0,0.010000,11,1
1851,20,0.00,0.00,0,0.010000,10,0
1852,1,50.00,50.00,1,0.010000,0,0
1853,1,50.00,50.00,1,0.010000,0,0
1854,20,85.00,135.00,0,0.010000,10,0
1855,20,0.00,0.00,0,0.010000,10,0
1856,20,85.00,135.00,0,0.010000,10,0
1857,1,50.00,50.00,1,0.010000,0,0
1858,2,100.00,100.00,1,0.010000,0,0
1859,2,100.00,100.00,1,0.010000,0,0
1860,20,27.00,37.00,0,0.010000,11,2
1861,20,0.00,0.00,0,0.010000,10,0
1862,0,0.00,0.00,1,0.010000,0,0
1863,20,95.00,125.00,0,0.010000,10,0
1864,20,85.00,135.00,0,0.010000,10,0
1865,20,0.00,0.00,0,0.010000,10,0
1866,20,85.00,135.00,0,0.010000,10,0
1867,20,-52.00,-62.00,0,0.010000,15,10
1868,2,100.00,100.00,1,0.010000,0,0
1869,2,100.00,100.00,1,0.010000,0,0
1870,20,0.00,0.00,0,0.010000,10,0
1871,20,0.00,0.00,0,0.010000,10,0
1872,0,0.00,0.00,1,0.010000,0,0
1873,20,85.00,135.00,0,0.010000,10,0
1874,20,85.00,135.00,0,0.010000,10,0
1875,20,0.00,0.00,0,0.010000,10,0
1876,20,85.00,135.00,0,0.010000,10,0
1877,0,0.00,0.00,1,0.010000,0,0
1878,2,100.00,100.00,1,0.010000,0,0
1879,2,100.00,100.00,1,0.010000,0,0
1880,20,0.00,0.00,0,0.010000,10,0
1881,20,0.00,0.00,0,0.010000,10,0
1882,20,-19.00,-29.00,0,0.010000,11,3
1883,20,-44.00,-54.00,0,0.010000,13,5
1884,20,85.00,135.00,0,0.010000,10,0
1885,20,0.00,0.00,0,0.010000,10,0
1886,20,85.00,135.00,0,0.010000,10,0
1887,20,27.00,27.00,0,0.010000,11,2
1888,2,100.00,100.00,1,0.010000,0,0
1889,2,100.00,100.00,1,0.010000,0,0
1890,20,0.00,0.00,0,0.010000,10,0
1891,20,0.00,0.00,0,0.010000,10,0
1892,2,100.00,100.00,1,0.010000,0,0
1893,0,0.00,0.00,1,0.010000,0,0
1894,20,144.00,184.00,0,0.010000,9,0
1895,20,0.00,0.00,0,0.010000,10,0
1896,20,85.00,135.00,0,0.010000,10,0
1897,20,85.00,135.00,0,0.010000,10,0
1898,2,100.00,100.00,1,0.010000,0,0
1899,2,100.00,100.00,1,0.010000,0,0
1900,20,49.00,39.00,0,0.010000,10,1
1901,20,0.00,0.00,0,0.010000,10,0
1902,20,-55.00,-55.00,0,0.010000,13,10
1903,0,0.00,0.00,1,0.010000,0,0
1904,20,85.00,135.00,0,0.010000,10,0
1905,20,0.00,0.00,0,0.010000,10,0
1906,20,85.00,135.00,0,0.010000,10,0
1907,1,50.00,50.00,1,0.010000,0,0
1908,2,100.00,100.00,1,0.010000,0,0
1909,2,100.00,100.00,1,0.010000,0,0
1910,20,0.00,0.00,0,0.010000,10,0
1911,20,0.00,0.00,0,0.010000,10,0
1912,20,-11.00,-21.00,0,0.010000,12,4
1913,20,0.00,0.00,0,0.010000,10,0
1914,20,85.00,135.00,0,0.010000,10,0
1915,20,0.00,0.00,0,0.010000,10,0
1916,20,85.00,135.00,0,0.010000,10,0
1917,20,-40.00,-60.00,0,0.010000,11,4
1918,2,100.00,100.00,1,0.010000,0,0
1919,2,100.00,100.00,1,0.010000,0,0
1920,20,0.00,0.00,0,0.010000,10,0
1921,20,0.00,0.00,0,0.010000,10,0
1922,20,-29.00,-19.00,0,0.010000,11,3
1923,2,100.00,100.00,1,0.010000,0,0
1924,20,85.00,135.00,0,0.010000,10,0
1925,20,0.00,0.00,0,0.010000,10,0
1926,20,85.00,135.00,0,0.010000,10,0
1927,20,-94.00,-94.00,0,0.010000,15,8
1928,2,100.00,100.00,1,0.010000,0,0
1929,2,100.00,100.00,1,0.010000,0,0
1930,20,0.00,0.00,0,0.010000,10,0
1931,20,0.00,0.00,0,0.010000,10,0
1932,20,40.00,90.00,0,0.010000,10,1
1933,0,0.00,0.00,1,0.010000,0,0
1934,20,85.00,135.00,0,0.010000,10,0
1935,20,0.00,0.00,0,0.010000,10,0
1936,20,85.00,135.00,0,0.010000,10,0
1937,20,49.00,39.00,0,0.010000,10,0
1938,2,100.00,100.00,1,0.010000,0,0
1939,2,100.00,100.00,1,0.010000,0,0
1940,20,0.00,0.00,0,0.010000,10,0
1941,20,0.00,0.00,0,0.010000,10,0
1942,0,0.00,0.00,1,0.010000,0,0
1943,20,-15.00,-25.00,0,0.010000,12,4
1944,20,85.00,135.00,0,0.010000,10,0
1945,20,0.00,0.00,0,0.010000,10,0
1946,20,85.00,135.00,0,0.010000,10,0
1947,0,0.00,0.00,1,0.010000,0,0
1948,2,100.00,100.00,1,0.010000,0,0
1949,2,100.00,100.00,1,0.010000,0,0
1950,20,0.00,0.00,0,0.010000,10,0
1951,20,0.00,0.00,0,0.010000,10,0
1952,20,-18.00,-38.00,0,0.010000,13,8
1953,0,0.00,0.00,1,0.010000,0,0
1954,20,85.00,135.00,0,0.010000,10,0
1955,20,0.00,0.00,0,0.010000,10,0
1956,20,124.00,184.00,0,0.010000,10,0
1957,0,0.00,0.00,1,0.010000,0,0
1958,2,100.00,100.00,1,0.010000,0,0
1959,2,100.00,100.00,1,0.010000,0,0
1960,20,0.00,0.00,0,0.010000,10,0
1961,20,39.00,39.00,0,0.010000,10,1
1962,20,39.00,49.00,0,0.010000,10,1
1963,0,0.00,0.00,1,0.010000,0,0
1964,20,85.00,135.00,0,0.010000,10,0
1965,20,0.00,0.00,0,0.010000,10,0
1966,20,139.00,169.00,0,0.010000,9,1
1967,1,50.00,50.00,1,0.010000,0,0
1968,2,100.00,100.00,1,0.010000,0,0
1969,2,100.00,100.00,1,0.010000,0,0
1970,20,0.00,0.00,0,0.010000,10,0
1971,20,0.00,0.00,0,0.010000,10,0
1972,20,-103.00,-123.00,0,0.010000,16,10
1973,0,0.00,0.00,1,0.010000,0,0
1974,20,85.00,135.00,0,0.010000,10,0
1975,20,0.00,0.00,0,0.010000,10,0
1976,20,85.00,135.00,0,0.010000,10,0
1977,20,85.00,135.00,0,0.010000,10,0
1978,2,100.00,100.00,1,0.010000,0,0
1979,2,100.00,100.00,1,0.010000,0,0
1980,20,-2.00,-22.00,0,0.010000,11,0
1981,20,0.00,0.00,0,0.010000,10,0
1982,20,0.00,0.00,0,0.010000,10,0
1983,20,-33.00,-33.00,0,0.010000,14,7
1984,20,85.00,135.00,0,0.010000,10,0
1985,20,0.00,0.00,0,0.010000,10,0
1986,20,85.00,135.00,0,0.010000,10,0
1987,1,50.00,50.00,1,0.010000,0,0
1988,2,100.00,100.00,1,0.010000,0,0
1989,2,100.00,100.00,1,0.010000,0,0
1990,20,0.00,0.00,0,0.010000,10,0
1991,20,49.00,39.00,0,0.010000,10,1
1992,20,95.00,125.00,0,0.010000,10,0
1993,0,0.00,0.00,1,0.010000,0,0
1994,20,129.00,179.00,0,0.010000,9,1
1995,20,0.00,0.00,0,0.010000,10,0
1996,20,85.00,135.00,0,0.010000,10,0
1997,20,-5.00,35.00,0,0.010000,12,0
1998,2,100.00,100.00,1,0.010000,0,0
1999,2,100.00,100.00,1,0.010000,0,0
2000,20,0.00,0.00,0,0.010000,10,0
2001,20,39.00,39.00,0,0.010000,10,1
2002,20,-5.00,45.00,0,0.010000,12,3
2003,20,-57.00,-57.00,0,0.010000,14,13
2004,20,85.00,135.00,0,0.010000,10,0
2005,20,0.00,0.00,0,0.010000,10,0
2006,20,85.00,135.00,0,0.010000,10,0
2007,20,0.00,0.00,0,0.010000,10,0
2008,2,100.00,100.00,1,0.010000,0,0
2009,2,100.00,100.00,1,0.010000,0,0
2010,20,0.00,0.00,0,0.010000,10,0
2011,20,0.00,0.00,0,0.010000,10,0
2012,20,-5.00,35.00,0,0.010000,12,0
2013,20,-92.00,-72.00,0,0.010000,14,7
2014,20,85.00,135.00,0,0.010000,10,0
2015,20,0.00,0.00,0,0.010000,10,0
2016,20,85.00,135.00,0,0.010000,10,0
2017,0,0.00,0.00,1,0.010000,0,0
2018,2,100.00,100.00,1,0.010000,0,0
2019,2,100.00,100.00,1,0.010000,0,0
2020,20,0.00,0.00,0,0.010000,10,0
2021,20,0.00,0.00,0,0.010000,10,0
2022,1,50.00,50.00,1,0.010000,0,0
2023,0,0.00,0.00,1,0.010000,0,0
2024,20,85.00,135.00,0,0.010000,10,0
2025,20,0.00,0.00,0,0.010000,10,0
2026,20,85.00,135.00,0,0.010000,10,0
2027,20,95.00,125.00,0,0.010000,10,0
2028,2,100.00,100.00,1,0.010000,0,0
2029,2,100.00,100.00,1,0.010000,0,0
2030,20,0.00,0.00,0,0.010000,10,0
2031,20,0.00,0.00,0,0.010000,10,0
2032,0,0.00,0.00,1,0.010000,0,0
2033,20,-89.00,-89.00,0,0.010000,14,8
2034,20,85.00,135.00,0,0.010000,10,0
2035,20,0.00,0.00,0,0.010000,10,0
2036,20,85.00,135.00,0,0.010000,10,0
2037,20,0.00,0.00,0,0.010000,10,0
2038,2,100.00,100.00,1,0.010000,0,0
2039,2,100.00,100.00,1,0.010000,0,0
2040,20,-12.00,-22.00,0,0.010000,11,2
2041,20,0.00,0.00,0,0.010000,10,0
2042,0,0.00,0.00,1,0.010000,0,0
2043,0,0.00,0.00,1,0.010000,0,0
2044,20,85.00,135.00,0,0.010000,10,0
2045,20,0.00,0.00,0,0.010000,10,0
2046,20,85.00,135.00,0,0.010000,10,0
2047,20,85.00,135.00,0,0.010000,10,0
2048,2,100.00,100.00,1,0.010000,0,0
2049,2,100.00,100.00,1,0.010000,0,0
2050,20,0.00,0.00,0,0.010000,10,0
2051,20,-12.00,-12.00,0,0.010000,11,1
2052,1,50.00,50.00,1,0.010000,0,0
2053,20,95.00,125.00,0,0.010000,10,0
2054,20,85.00,135.00,0,0.010000,10,0
2055,20,0.00,0.00,0,0.010000,10,0
2056,20,85.00,135.00,0,0.010000,10,0
2057,20,45.00,85.00,0,0.010000,11,0
2058,2,100.00,100.00,1,0.010000,0,0
2059,2,100.00,100.00,1,0.010000,0,0
2060,20,0.00,0.00,0,0.010000,10,0
2061,20,0.00,0.00,0,0.010000,10,0
2062,0,0.00,0.00,1,0.010000,0,0
2063,1,50.00,50.00,1,0.010000,0,0
2064,20,85.00,135.00,0,0.010000,10,0
2065,20,-14.00,-4.00,0,0.010000,12,4
2066,20,85.00,135.00,0,0.010000,10,0
2067,20,-62.00,-52.00,0,0.010000,17,9
2068,2,100.00,100.00,1,0.010000,0,0
2069,2,100.00,100.00,1,0.010000,0,0
2070,20,0.00,0.00,0,0.010000,10,0
2071,20,0.00,0.00,0,0.010000,10,0
2072,1,50.00,50.00,1,0.010000,0,0
2073,0,0.00,0.00,1,0.010000,0,0
2074,20,85.00,135.00,0,0.010000,10,0
2075,20,39.00,49.00,0,0.010000,10,1
2076,20,85.00,135.00,0,0.010000,10,0
2077,20,74.00,134.00,0,0.010000,11,2
2078,2,100.00,100.00,1,0.010000,0,0
2079,2,100.00,100.00,1,0.010000,0,0
2080,20,0.00,0.00,0,0.010000,10,0
2081,20,-7.00,-17.00,0,0.010000,10,1
2082,1,50.00,50.00,1,0.010000,0,0
2083,0,0.00,0.00,1,0.010000,0,0
2084,20,85.00,135.00,0,0.010000,10,0
2085,20,0.00,0.00,0,0.010000,10,0
2086,20,85.00,135.00,0,0.010000,10,0
2087,20,-28.00,-28.00,0,0.010000,13,9
2088,2,100.00,100.00,1,0.010000,0,0
2089,2,100.00,100.00,1,0.010000,0,0
2090,20,0.00,0.00,0,0.010000,10,0
2091,20,0.00,0.00,0,0.010000,10,0
2092,20,-94.00,-94.00,0,0.010000,15,9
2093,20,-12.00,-12.00,0,0.010000,11,1
2094,20,85.00,135.00,0,0.010000,10,0
2095,20,0.00,0.00,0,0.010000,10,0
2096,20,129.00,179.00,0,0.010000,9,1
2097,20,-50.00,-40.00,0,0.010000,14,11
2098,2,100.00,100.00,1,0.010000,0,0
2099,2,100.00,100.00,1,0.010000,0,0
2100,20,0.00,0.00,0,0.010000,10,0
2101,20,0.00,0.00,0,0.010000,10,0
2102,1,50.00,50.00,1,0.010000,0,0
2103,20,-53.00,-53.00,0,0.010000,12,3
2104,20,85.00,135.00,0,0.010000,10,0
2105,20,44.00,44.00,0,0.010000,9,1
2106,20,85.00,135.00,0,0.010000,10,0
2107,2,49.00,39.00,1,0.010000,1,1
2108,2,100.00,100.00,1,0.010000,0,0
2109,2,100.00,100.00,1,0.010000,0,0
2110,20,0.00,0.00,0,0.010000,10,0
2111,20,0.00,0.00,0,0.010000,10,0
2112,1,50.00,50.00,1,0.010000,0,0
2113,20,-16.00,-26.00,0,0.010000,14,4
2114,20,85.00,135.00,0,0.010000,10,0
2115,20,0.00,0.00,0,0.010000,10,0
2116,20,85.00,135.00,0,0.010000,10,0
2117,0,0.00,0.00,1,0.010000,0,0
2118,2,100.00,100.00,1,0.010000,0,0
2119,2,100.00,100.00,1,0.010000,0,0
2120,20,0.00,0.00,0,0.010000,10,0
2121,20,0.00,0.00,0,0.010000,10,0
2122,2,100.00,100.00,1,0.010000,0,0
2123,1,50.00,50.00,1,0.010000,0,0
2124,20,85.00,135.00,0,0.010000,10,0
2125,20,0.00,0.00,0,0.010000,10,0
2126,20,85.00,135.00,0,0.010000,10,0
2127,20,-128.00,-148.00,0,0.010000,14,10
2128,2,100.00,100.00,1,0.010000,0,0
2129,2,100.00,100.00,1,0.010000,0,0
2130,20,0.00,0.00,0,0.010000,10,0
2131,20,0.00,0.00,0,0.010000,10,0
2132,0,0.00,0.00,1,0.010000,0,0
2133,0,0.00,0.00,1,0.010000,0,0
2134,20,124.00,174.00,0,0.010000,10,1
2135,20,0.00,0.00,0,0.010000,10,0
2136,20,85.00,135.00,0,0.010000,10,0
2137,0,0.00,0.00,1,0.010000,0,0
2138,2,100.00,100.00,1,0.010000,0,0
2139,2,100.00,100.00,1,0.010000,0,0
2140,20,0.00,0.00,0,0.010000,10,0
2141,20,0.00,0.00,0,0.010000,10,0
2142,1,50.00,50.00,1,0.010000,0,0
2143,20,-116.00,-116.00,0,0.010000,13,9
2144,20,85.00,135.00,0,0.010000,10,0
2145,20,0.00,0.00,0,0.010000,10,0
2146,20,85.00,135.00,0,0.010000,10,0
2147,20,-113.00,-123.00,0,0.010000,16,9
2148,2,100.00,100.00,1,0.010000,0,0
2149,2,100.00,100.00,1,0.010000,0,0
2150,20,0.00,0.00,0,0.010000,10,0
2151,20,0.00,0.00,0,0.010000,10,0
2152,20,-51.00,-61.00,0,0.010000,11,0
2153,20,-135.00,-125.00,0,0.010000,17,11
2154,20,85.00,135.00,0,0.010000,10,0
2155,20,0.00,0.00,0,0.010000,10,0
2156,20,129.00,179.00,0,0.010000,9,1
2157,0,0.00,0.00,1,0.010000,0,0
2158,2,100.00,100.00,1,0.010000,0,0
2159,2,100.00,100.00,1,0.010000,0,0
2160,20,0.00,0.00,0,0.010000,10,0
2161,20,0.00,0.00,0,0.010000,10,0
2162,20,-65.00,-85.00,0,0.010000,12,6
2163,20,45.00,75.00,0,0.010000,11,1
2164,20,85.00,135.00,0,0.010000,10,0
2165,20,0.00,0.00,0,0.010000,10,0
2166,20,85.00,135.00,0,0.010000,10,0
2167,0,0.00,0.00,1,0.010000,0,0
2168,2,100.00,100.00,1,0.010000,0,0
2169,2,100.00,100.00,1,0.010000,0,0
2170,20,0.00,0.00,0,0.010000,10,0
2171,20,0.00,0.00,0,0.010000,10,0
2172,0,0.00,0.00,1,0.010000,0,0
2173,20,-43.00,-33.00,0,0.010000,14,8
2174,20,85.00,135.00,0,0.010000,10,0
2175,20,0.00,0.00,0,0.010000,10,0
2176,20,85.00,135.00,0,0.010000,10,0
2177,20,-51.00,-61.00,0,0.010000,11,0
2178,2,100.00,100.00,1,0.010000,0,0
2179,2,100.00,100.00,1,0.010000,0,0
2180,20,44.00,44.00,0,0.010000,9,1
2181,20,0.00,0.00,0,0.010000,10,0
2182,0,0.00,0.00,1,0.010000,0,0
2183,0,0.00,0.00,1,0.010000,0,0
2184,20,124.00,174.00,0,0.010000,10,2
2185,20,0.00,0.00,0,0.010000,10,0
2186,20,85.00,135.00,0,0.010000,10,0
2187,20,0.00,0.00,0,0.010000,10,0
2188,2,100.00,100.00,1,0.010000,0,0
2189,2,100.00,100.00,1,0.010000,0,0
2190,20,0.00,0.00,0,0.010000,10,0
2191,20,0.00,0.00,0,0.010000,10,0
2192,20,0.00,0.00,0,0.010000,10,0
2193,0,0.00,0.00,1,0.010000,0,0
2194,20,85.00,135.00,0,0.010000,10,0
2195,20,0.00,0.00,0,0.010000,10,0
2196,20,85.00,135.00,0,0.010000,10,0
2197,20,36.00,26.00,0,0.010000,10,0
2198,2,100.00,100.00,1,0.010000,0,0
2199,2,100.00,100.00,1,0.010000,0,0
2200,20,0.00,0.00,0,0.010000,10,0
2201,20,39.00,49.00,0,0.010000,10,1
2202,0,0.00,0.00,1,0.010000,0,0
2203,20,-22.00,-12.00,0,0.010000,11,2
2204,20,85.00,135.00,0,0.010000,10,0
2205,20,0.00,0.00,0,0.010000,10,0
2206,20,85.00,135.00,0,0.010000,10,0
2207,20,-50.00,-70.00,0,0.010000,13,6
2208,2,100.00,100.00,1,0.010000,0,0
2209,2,100.00,100.00,1,0.010000,0,0
2210,20,0.00,0.00,0,0.010000,10,0
2211,20,0.00,0.00,0,0.010000,10,0
2212,0,0.00,0.00,1,0.010000,0,0
2213,1,50.00,50.00,1,0.010000,0,0
2214,20,85.00,135.00,0,0.010000,10,0
2215,20,0.00,0.00,0,0.010000,10,0
2216,20,85.00,135.00,0,0.010000,10,0
2217,20,-65.00,-45.00,0,0.010000,12,4
2218,2,100.00,100.00,1,0.010000,0,0
2219,2,100.00,100.00,1,0.010000,0,0
2220,20,0.00,0.00,0,0.010000,10,0
2221,20,0.00,0.00,0,0.010000,10,0
2222,20,-55.00,-55.00,0,0.010000,15,9
2223,1,50.00,50.00,1,0.010000,0,0
2224,20,85.00,135.00,0,0.010000,10,0
2225,20,0.00,0.00,0,0.010000,10,0
2226,20,85.00,135.00,0,0.010000,10,0
2227,1,50.00,50.00,1,0.010000,0,0
2228,2,100.00,100.00,1,0.010000,0,0
2229,2,100.00,100.00,1,0.010000,0,0
2230,20,0.00,0.00,0,0.010000,10,0
2231,20,0.00,0.00,0,0.010000,10,0
2232,0,0.00,0.00,1,0.010000,0,0
2233,0,0.00,0.00,1,0.010000,0,0
2234,20,85.00,135.00,0,0.010000,10,0
2235,20,0.00,0.00,0,0.010000,10,0
2236,20,134.00,174.00,0,0.010000,10,1
2237,20,-5.00,35.00,0,0.010000,12,1
2238,2,100.00,100.00,1,0.010000,0,0
2239,2,100.00,100.00,1,0.010000,0,0
2240,20,0.00,0.00,0,0.010000,10,0
2241,20,0.00,0.00,0,0.010000,10,0
2242,1,50.00,50.00,1,0.010000,0,0
2243,20,39.00,49.00,0,0.010000,10,1
2244,20,85.00,135.00,0,0.010000,10,0
2245,20,0.00,0.00,0,0.010000,10,0
2246,20,85.00,135.00,0,0.010000,10,0
2247,0,0.00,0.00,1,0.010000,0,0
2248,2,100.00,100.00,1,0.010000,0,0
2249,2,100.00,100.00,1,0.010000,0,0
2250,20,37.00,27.00,0,0.010000,11,1
2251,20,0.00,0.00,0,0.010000,10,0
2252,20,45.00,85.00,0,0.010000,11,0
2253,0,0.00,0.00,1,0.010000,0,0
2254,20,85.00,135.00,0,0.010000,10,0
2255,20,18.00,8.00,0,0.010000,11,1
2256,20,85.00,135.00,0,0.010000,10,0
2257,20,-115.00,-85.00,0,0.010000,14,10
2258,2,100.00,100.00,1,0.010000,0,0
2259,2,100.00,100.00,1,0.010000,0,0
2260,20,-2.00,-22.00,0,0.010000,11,0
2261,20,44.00,44.00,0,0.010000,9,1
2262,0,0.00,0.00,1,0.010000,0,0
2263,20,-55.00,-75.00,0,0.010000,14,4
2264,20,85.00,135.00,0,0.010000,10,0
2265,20,0.00,0.00,0,0.010000,10,0
2266,20,85.00,135.00,0,0.010000,10,0
2267,20,-5.00,35.00,0,0.010000,12,0
2268,2,100.00,100.00,1,0.010000,0,0
2269,2,100.00,100.00,1,0.010000,0,0
2270,20,0.00,0.00,0,0.010000,10,0
2271,20,0.00,0.00,0,0.010000,10,0
2272,0,0.00,0.00,1,0.010000,0,0
2273,0,0.00,0.00,1,0.010000,0,0
2274,20,85.00,135.00,0,0.010000,10,0
2275,20,0.00,0.00,0,0.010000,10,0
2276,20,144.00,184.00,0,0.010000,9,0
2277,20,45.00,85.00,0,0.010000,11,0
2278,2,100.00,100.00,1,0.010000,0,0
2279,2,100.00,100.00,1,0.010000,0,0
2280,20,0.00,0.00,0,0.010000,10,0
2281,20,0.00,0.00,0,0.010000,10,0
2282,0,0.00,0.00,1,0.010000,0,0
2283,20,0.00,0.00,0,0.010000,10,0
2284,20,124.00,174.00,0,0.010000,10,1
2285,20,0.00,0.00,0,0.010000,10,0
2286,20,95.00,125.00,0,0.010000,10,0
2287,20,-12.00,-12.00,0,0.010000,11,2
2288,2,100.00,100.00,1,0.010000,0,0
2289,2,100.00,100.00,1,0.010000,0,0
2290,20,49.00,39.00,0,0.010000,10,1
2291,20,0.00,0.00,0,0.010000,10,0
2292,0,0.00,0.00,1,0.010000,0,0
2293,1,50.00,50.00,1,0.010000,0,0
2294,20,85.00,135.00,0,0.010000,10,0
2295,20,39.00,39.00,0,0.010000,10,1
2296,20,144.00,164.00,0,0.010000,10,0
2297,1,50.00,50.00,1,0.010000,0,0
2298,2,100.00,100.00,1,0.010000,0,0
2299,2,100.00,100.00,1,0.010000,0,0
2300,20,0.00,0.00,0,0.010000,10,0
2301,20,0.00,0.00,0,0.010000,10,0
2302,20,-17.00,-7.00,0,0.010000,10,1
2303,20,0.00,0.00,0,0.010000,10,0
2304,20,124.00,174.00,0,0.010000,10,1
2305,20,0.00,0.00,0,0.010000,10,0
2306,20,85.00,135.00,0,0.010000,10,0
2307,0,0.00,0.00,1,0.010000,0,0
2308,2,100.00,100.00,1,0.010000,0,0
2309,2,100.00,100.00,1,0.010000,0,0
2310,20,0.00,0.00,0,0.010000,10,0
2311,20,0.00,0.00,0,0.010000,10,0
2312,20,-29.00,-69.00,0,0.010000,14,5
2313,0,0.00,0.00,1,0.010000,0,0
2314,20,85.00,135.00,0,0.010000,10,0
2315,20,0.00,0.00,0,0.010000,10,0
2316,20,85.00,135.00,0,0.010000,10,0
2317,20,-72.00,-72.00,0,0.010000,12,9
2318,2,100.00,100.00,1,0.010000,0,0
2319,2,100.00,100.00,1,0.010000,0,0
2320,20,0.00,0.00,0,0.010000,10,0
2321,20,-2.00,-22.00,0,0.010000,11,0
2322,20,-45.00,-45.00,0,0.010000,12,8
2323,20,85.00,135.00,0,0.010000,10,0
2324,20,85.00,135.00,0,0.010000,10,0
2325,20,0.00,0.00,0,0.010000,10,0
2326,20,85.00,135.00,0,0.010000,10,0
2327,0,0.00,0.00,1,0.010000,0,0
2328,2,100.00,100.00,1,0.010000,0,0
2329,2,100.00,100.00,1,0.010000,0,0
2330,20,0.00,0.00,0,0.010000,10,0
2331,20,0.00,0.00,0,0.010000,10,0
2332,0,0.00,0.00,1,0.010000,0,0
2333,20,-12.00,-12.00,0,0.010000,11,1
2334,20,85.00,135.00,0,0.010000,10,0
2335,20,0.00,0.00,0,0.010000,10,0
2336,20,85.00,135.00,0,0.010000,10,0
2337,20,95.00,125.00,0,0.010000,10,0
2338,2,100.00,100.00,1,0.010000,0,0
2339,2,100.00,100.00,1,0.010000,0,0
2340,20,0.00,0.00,0,0.010000,10,0
2341,20,0.00,0.00,0,0.010000,10,0
2342,1,50.00,50.00,1,0.010000,0,0
2343,0,0.00,0.00,1,0.010000,0,0
2344,20,124.00,184.00,0,0.010000,10,1
2345,20,0.00,0.00,0,0.010000,10,0
2346,20,85.00,135.00,0,0.010000,10,0
2347,20,-16.00,-26.00,0,0.010000,14,6
2348,2,100.00,100.00,1,0.010000,0,0
2349,2,100.00,100.00,1,0.010000,0,0
2350,20,49.00,39.00,0,0.010000,10,1
2351,20,0.00,0.00,0,0.010000,10,0
2352,0,0.00,0.00,1,0.010000,0,0
2353,20,-60.00,-70.00,0,0.010000,13,8
2354,20,129.00,179.00,0,0.010000,9,1
2355,20,0.00,0.00,0,0.010000,10,0
2356,20,85.00,135.00,0,0.010000,10,0
2357,0,0.00,0.00,1,0.010000,0,0
2358,2,100.00,100.00,1,0.010000,0,0
2359,2,100.00,100.00,1,0.010000,0,0
2360,20,49.00,39.00,0,0.010000,10,0
2361,20,0.00,0.00,0,0.010000,10,0
2362,20,-89.00,-89.00,0,0.010000,14,10
2363,0,0.00,0.00,1,0.010000,0,0
2364,20,85.00,135.00,0,0.010000,10,0
2365,20,0.00,0.00,0,0.010000,10,0
2366,20,85.00,135.00,0,0.010000,10,0
2367,0,0.00,0.00,1,0.010000,0,0
2368,2,100.00,100.00,1,0.010000,0,0
2369,2,100.00,100.00,1,0.010000,0,0
2370,20,0.00,0.00,0,0.010000,10,0
2371,20,0.00,0.00,0,0.010000,10,0
2372,0,0.00,0.00,1,0.010000,0,0
2373,20,5.00,55.00,0,0.010000,11,0
2374,20,85.00,135.00,0,0.010000,10,0
2375,20,0.00,0.00,0,0.010000,10,0
2376,20,85.00,135.00,0,0.010000,10,0
2377,20,-19.00,1.00,0,0.010000,12,5
2378,2,100.00,100.00,1,0.010000,0,0
2379,2,100.00,100.00,1,0.010000,0,0
2380,20,0.00,0.00,0,0.010000,10,0
2381,20,0.00,0.00,0,0.010000,10,0
2382,0,0.00,0.00,1,0.010000,0,0
2383,1,50.00,50.00,1,0.010000,0,0
2384,20,85.00,135.00,0,0.010000,10,0
2385,20,0.00,0.00,0,0.010000,10,0
2386,20,85.00,135.00,0,0.010000,10,0
2387,20,-11.00,-21.00,0,0.010000,13,6
2388,2,100.00,100.00,1,0.010000,0,0
2389,2,100.00,100.00,1,0.010000,0,0
2390,20,0.00,0.00,0,0.010000,10,0
2391,20,0.00,0.00,0,0.010000,10,0
2392,1,50.00,50.00,1,0.010000,0,0
2393,0,0.00,0.00,1,0.010000,0,0
2394,20,85.00,135.00,0,0.010000,10,0
2395,20,0.00,0.00,0,0.010000,10,0
2396,20,85.00,135.00,0,0.010000,10,0
2397,0,0.00,0.00,1,0.010000,0,0
2398,2,100.00,100.00,1,0.010000,0,0
2399,2,100.00,100.00,1,0.010000,0,0
2400,20,0.00,0.00,0,0.010000,10,0
2401,20,0.00,0.00,0,0.010000,10,0
2402,20,-51.00,-61.00,0,0.010000,11,1
2403,20,-5.00,35.00,0,0.010000,12,0
2404,20,85.00,135.00,0,0.010000,10,0
2405,20,0.00,0.00,0,0.010000,10,0
2406,20,85.00,135.00,0,0.010000,10,0
2407,2,100.00,100.00,1,0.010000,0,0
2408,2,100.00,100.00,1,0.010000,0,0
2409,2,100.00,100.00,1,0.010000,0,0
2410,20,0.00,0.00,0,0.010000,10,0
2411,20,0.00,0.00,0,0.010000,10,0
2412,20,-29.00,-29.00,0,0.010000,11,2
2413,0,0.00,0.00,1,0.010000,0,0
2414,20,85.00,135.00,0,0.010000,10,0
2415,20,0.00,0.00,0,0.010000,10,0
2416,20,85.00,135.00,0,0.010000,10,0
2417,20,6.00,-24.00,0,0.010000,13,5
2418,2,100.00,100.00,1,0.010000,0,0
2419,2,100.00,100.00,1,0.010000,0,0
2420,20,0.00,0.00,0,0.010000,10,0
2421,20,0.00,0.00,0,0.010000,10,0
2422,20,95.00,125.00,0,0.010000,10,0
2423,20,49.00,39.00,0,0.010000,10,1
2424,20,85.00,135.00,0,0.010000,10,0
2425,20,0.00,0.00,0,0.010000,10,0
2426,20,85.00,135.00,0,0.010000,10,0
2427,20,85.00,135.00,0,0.010000,10,0
2428,2,100.00,100.00,1,0.010000,0,0
2429,2,100.00,100.00,1,0.010000,0,0
2430,20,39.00,39.00,0,0.010000,10,1
2431,20,0.00,0.00,0,0.010000,10,0
2432,0,0.00,0.00,1,0.010000,0,0
2433,0,0.00,0.00,1,0.010000,0,0
2434,20,85.00,135.00,0,0.010000,10,0
2435,20,0.00,0.00,0,0.010000,10,0
2436,20,124.00,184.00,0,0.010000,10,0
2437,20,-110.00,-90.00,0,0.010000,15,7
2438,2,100.00,100.00,1,0.010000,0,0
2439,2,100.00,100.00,1,0.010000,0,0
2440,20,0.00,0.00,0,0.010000,10,0
2441,20,44.00,44.00,0,0.010000,9,1
2442,20,0.00,0.00,0,0.010000,10,0
2443,0,0.00,0.00,1,0.010000,0,0
2444,20,85.00,135.00,0,0.010000,10,0
2445,20,0.00,0.00,0,0.010000,10,0
2446,20,85.00,135.00,0,0.010000,10,0
2447,20,-21.00,-21.00,0,0.010000,13,7
2448,2,100.00,100.00,1,0.010000,0,0
2449,2,100.00,100.00,1,0.010000,0,0
2450,20,0.00,0.00,0,0.010000,10,0
2451,20,0.00,0.00,0,0.010000,10,0
2452,0,0.00,0.00,1,0.010000,0,0
2453,2,100.00,100.00,1,0.010000,0,0
2454,20,85.00,135.00,0,0.010000,10,0
2455,20,0.00,0.00,0,0.010000,10,0
2456,20,124.00,174.00,0,0.010000,10,1
2457,20,85.00,135.00,0,0.010000,10,0
2458,2,100.00,100.00,1,0.010000,0,0
2459,2,100.00,100.00,1,0.010000,0,0
2460,20,0.00,0.00,0,0.010000,10,0
2461,20,0.00,0.00,0,0.010000,10,0
2462,1,50.00,50.00,1,0.010000,0,0
2463,1,50.00,50.00,1,0.010000,0,0
2464,20,85.00,135.00,0,0.010000,10,0
2465,20,0.00,0.00,0,0.010000,10,0
2466,20,85.00,135.00,0,0.010000,10,0
2467,20,-55.00,-45.00,0,0.010000,15,8
2468,2,100.00,100.00,1,0.010000,0,0
2469,2,100.00,100.00,1,0.010000,0,0
2470,20,0.00,0.00,0,0.010000,10,0
2471,20,0.00,0.00,0,0.010000,10,0
2472,0,0.00,0.00,1,0.010000,0,0
2473,20,5.00,55.00,0,0.010000,11,0
2474,20,85.00,135.00,0,0.010000,10,0
2475,20,0.00,0.00,0,0.010000,10,0
2476,20,85.00,135.00,0,0.010000,10,0
2477,20,49.00,39.00,0,0.010000,10,0
2478,2,100.00,100.00,1,0.010000,0,0
2479,2,100.00,100.00,1,0.010000,0,0
2480,20,0.00,0.00,0,0.010000,10,0
2481,20,0.00,0.00,0,0.010000,10,0
2482,20,42.00,22.00,0,0.010000,10,2
2483,20,0.00,-10.00,0,0.010000,12,8
2484,20,85.00,135.00,0,0.010000,10,0
2485,20,39.00,39.00,0,0.010000,10,1
2486,20,85.00,135.00,0,0.010000,10,0
2487,20,5.00,55.00,0,0.010000,11,0
2488,2,100.00,100.00,1,0.010000,0,0
2489,2,100.00,100.00,1,0.010000,0,0
2490,20,0.00,0.00,0,0.010000,10,0
2491,20,0.00,0.00,0,0.010000,10,0
2492,20,1.00,-19.00,0,0.010000,12,7
2493,20,22.00,42.00,0,0.010000,10,2
2494,20,124.00,174.00,0,0.010000,10,1
2495,20,0.00,0.00,0,0.010000,10,0
2496,20,85.00,135.00,0,0.010000,10,0
2497,0,0.00,0.00,1,0.010000,0,0
2498,2,100.00,100.00,1,0.010000,0,0
2499,2,100.00,100.00,1,0.010000,0,0
2500,20,0.00,0.00,0,0.010000,10,0
2501,20,0.00,0.00,0,0.010000,10,0
2502,1,50.00,50.00,1,0.010000,0,0
2503,20,0.00,0.00,0,0.010000,10,0
2504,20,85.00,135.00,0,0.010000,10,0
2505,20,0.00,0.00,0,0.010000,10,0
2506,20,144.00,184.00,0,0.010000,9,0
2507,2,100.00,100.00,1,0.010000,0,0
2508,2,100.00,100.00,1,0.010000,0,0
2509,2,100.00,100.00,1,0.010000,0,0
2510,20,0.00,0.00,0,0.010000,10,0
2511,20,-12.00,-12.00,0,0.010000,11,0
2512,1,50.00,50.00,1,0.010000,0,0
2513,0,0.00,0.00,1,0.010000,0,0
2514,20,85.00,135.00,0,0.010000,10,0
2515,20,44.00,44.00,0,0.010000,9,1
2516,20,85.00,135.00,0,0.010000,10,0
2517,1,50.00,50.00,1,0.010000,0,0
2518,2,100.00,100.00,1,0.010000,0,0
2519,2,100.00,100.00,1,0.010000,0,0
2520,20,-9.00,-9.00,0,0.010000,12,6
2521,20,44.00,44.00,0,0.010000,9,1
2522,20,5.00,55.00,0,0.010000,11,0
2523,20,-70.00,-60.00,0,0.010000,13,6
2524,20,85.00,135.00,0,0.010000,10,0
2525,20,0.00,0.00,0,0.010000,10,0
2526,20,124.00,174.00,0,0.010000,10,1
2527,20,-48.00,-48.00,0,0.010000,12,5
2528,2,100.00,100.00,1,0.010000,0,0
2529,2,100.00,100.00,1,0.010000,0,0
2530,20,0.00,0.00,0,0.010000,10,0
2531,20,0.00,0.00,0,0.010000,10,0
2532,1,50.00,50.00,1,0.010000,0,0
2533,20,-16.00,-26.00,0,0.010000,14,5
2534,20,85.00,135.00,0,0.010000,10,0
2535,20,0.00,0.00,0,0.010000,10,0
2536,20,85.00,135.00,0,0.010000,10,0
2537,0,0.00,0.00,1,0.010000,0,0
2538,2,100.00,100.00,1,0.010000,0,0
2539,2,100.00,100.00,1,0.010000,0,0
2540,20,0.00,0.00,0,0.010000,10,0
2541,20,44.00,44.00,0,0.010000,9,1
2542,20,85.00,135.00,0,0.010000,10,0
2543,2,100.00,100.00,1,0.010000,0,0
2544,20,85.00,135.00,0,0.010000,10,0
2545,20,0.00,0.00,0,0.010000,10,0
2546,20,85.00,135.00,0,0.010000,10,0
2547,20,-75.00,-65.00,0,0.010000,13,4
2548,2,100.00,100.00,1,0.010000,0,0
2549,2,100.00,100.00,1,0.010000,0,0
2550,20,-22.00,-2.00,0,0.010000,11,0
2551,20,0.00,0.00,0,0.010000,10,0
2552,1,50.00,50.00,1,0.010000,0,0
2553,20,85.00,135.00,0,0.010000,10,0
2554,20,85.00,135.00,0,0.010000,10,0
2555,20,0.00,0.00,0,0.010000,10,0
2556,20,85.00,135.00,0,0.010000,10,0
2557,20,-40.00,-40.00,0,0.010000,14,9
2558,2,100.00,100.00,1,0.010000,0,0
2559,2,100.00,100.00,1,0.010000,0,0
2560,20,0.00,0.00,0,0.010000,10,0
2561,20,-22.00,-22.00,0,0.010000,11,2
2562,20,-125.00,-135.00,0,0.010000,13,9
2563,1,50.00,50.00,1,0.010000,0,0
2564,20,85.00,135.00,0,0.010000,10,0
2565,20,0.00,0.00,0,0.010000,10,0
2566,20,85.00,135.00,0,0.010000,10,0
2567,0,0.00,0.00,1,0.010000,0,0
2568,2,100.00,100.00,1,0.010000,0,0
2569,2,100.00,100.00,1,0.010000,0,0
2570,20,0.00,0.00,0,0.010000,10,0
2571,20,0.00,0.00,0,0.010000,10,0
2572,1,50.00,50.00,1,0.010000,0,0
2573,2,100.00,100.00,1,0.010000,0,0
2574,20,85.00,135.00,0,0.010000,10,0
2575,20,0.00,0.00,0,0.010000,10,0
2576,20,85.00,135.00,0,0.010000,10,0
2577,20,85.00,135.00,0,0.010000,10,0
2578,2,100.00,100.00,1,0.010000,0,0
2579,2,100.00,100.00,1,0.010000,0,0
2580,20,0.00,0.00,0,0.010000,10,0
2581,20,0.00,0.00,0,0.010000,10,0
2582,20,124.00,184.00,0,0.010000,10,1
2583,20,-77.00,-77.00,0,0.010000,13,10
2584,20,85.00,135.00,0,0.010000,10,0
2585,20,0.00,0.00,0,0.010000,10,0
2586,20,85.00,135.00,0,0.010000,10,0
2587,20,95.00,125.00,0,0.010000,10,0
2588,2,100.00,100.00,1,0.010000,0,0
2589,2,100.00,100.00,1,0.010000,0,0
2590,20,0.00,0.00,0,0.010000,10,0
2591,20,0.00,0.00,0,0.010000,10,0
2592,1,50.00,50.00,1,0.010000,0,0
2593,1,50.00,50.00,1,0.010000,0,0
2594,20,85.00,135.00,0,0.010000,10,0
2595,20,0.00,0.00,0,0.010000,10,0
2596,20,85.00,135.00,0,0.010000,10,0
2597,20,-75.00,-65.00,0,0.010000,13,4
2598,2,100.00,100.00,1,0.010000,0,0
2599,2,100.00,100.00,1,0.010000,0,0
2600,20,0.00,0.00,0,0.010000,10,0
2601,20,0.00,0.00,0,0.010000,10,0
2602,1,50.00,50.00,1,0.010000,0,0
2603,0,0.00,0.00,1,0.010000,0,0
2604,20,85.00,135.00,0,0.010000,10,0
2605,20,0.00,0.00,0,0.010000,10,0
2606,20,85.00,135.00,0,0.010000,10,0
2607,20,20.00,10.00,0,0.010000,11,2
2608,2,100.00,100.00,1,0.010000,0,0
2609,2,100.00,100.00,1,0.010000,0,0
2610,20,0.00,0.00,0,0.010000,10,0
2611,20,0.00,0.00,0,0.010000,10,0
2612,20,-11.00,9.00,0,0.010000,11,2
2613,1,50.00,50.00,1,0.010000,0,0
2614,20,85.00,135.00,0,0.010000,10,0
2615,20,0.00,0.00,0,0.010000,10,0
2616,20,85.00,135.00,0,0.010000,10,0
2617,20,0.00,0.00,0,0.010000,10,0
2618,2,100.00,100.00,1,0.010000,0,0
2619,2,100.00,100.00,1,0.010000,0,0
2620,20,0.00,0.00,0,0.010000,10,0
2621,20,0.00,0.00,0,0.010000,10,0
2622,20,-25.00,-25.00,0,0.010000,13,9
2623,1,50.00,50.00,1,0.010000,0,0
2624,20,85.00,135.00,0,0.010000,10,0
2625,20,0.00,0.00,0,0.010000,10,0
2626,20,85.00,135.00,0,0.010000,10,0
2627,2,100.00,100.00,1,0.010000,0,0
2628,2,100.00,100.00,1,0.010000,0,0
2629,2,100.00,100.00,1,0.010000,0,0
2630,20,39.00,49.00,0,0.010000,10,0
2631,20,0.00,0.00,0,0.010000,10,0
2632,3,99.00,89.00,1,0.010000,1,1
2633,1,50.00,50.00,1,0.010000,0,0
2634,20,85.00,135.00,0,0.010000,10,0
2635,20,39.00,49.00,0,0.010000,10,1
2636,20,85.00,135.00,0,0.010000,10,0
2637,20,85.00,135.00,0,0.010000,10,0
2638,2,100.00,100.00,1,0.010000,0,0
2639,2,100.00,100.00,1,0.010000,0,0
2640,20,0.00,0.00,0,0.010000,10,0
2641,20,0.00,0.00,0,0.010000,10,0
2642,20,-55.00,-65.00,0,0.010000,11,0
2643,1,50.00,50.00,1,0.010000,0,0
2644,20,85.00,135.00,0,0.010000,10,0
2645,20,0.00,0.00,0,0.010000,10,0
2646,20,85.00,135.00,0,0.010000,10,0
2647,2,100.00,100.00,1,0.010000,0,0
2648,2,100.00,100.00,1,0.010000,0,0
2649,2,100.00,100.00,1,0.010000,0,0
2650,20,0.00,0.00,0,0.010000,10,0
2651,20,0.00,0.00,0,0.010000,10,0
2652,20,37.00,27.00,0,0.010000,11,0
2653,0,0.00,0.00,1,0.010000,0,0
2654,20,85.00,135.00,0,0.010000,10,0
2655,20,0.00,0.00,0,0.010000,10,0
2656,20,124.00,184.00,0,0.010000,10,1
2657,0,0.00,0.00,1,0.010000,0,0
2658,2,100.00,100.00,1,0.010000,0,0
2659,2,100.00,100.00,1,0.010000,0,0
2660,20,0.00,0.00,0,0.010000,10,0
2661,20,0.00,0.00,0,0.010000,10,0
2662,1,50.00,50.00,1,0.010000,0,0
2663,20,32.00,22.00,0,0.010000,10,3
2664,20,85.00,135.00,0,0.010000,10,0
2665,20,0.00,0.00,0,0.010000,10,0
2666,20,85.00,135.00,0,0.010000,10,0
2667,20,-84.00,-84.00,0,0.010000,15,8
2668,2,100.00,100.00,1,0.010000,0,0
2669,2,100.00,100.00,1,0.010000,0,0
2670,20,0.00,0.00,0,0.010000,10,0
2671,20,0.00,0.00,0,0.010000,10,0
2672,20,1.00,-9.00,0,0.010000,12,6
2673,2,100.00,100.00,1,0.010000,0,0
2674,20,85.00,135.00,0,0.010000,10,0
2675,20,0.00,0.00,0,0.010000,10,0
2676,20,129.00,179.00,0,0.010000,9,2
2677,0,0.00,0.00,1,0.010000,0,0
2678,2,100.00,100.00,1,0.010000,0,0
2679,2,100.00,100.00,1,0.010000,0,0
2680,20,0.00,0.00,0,0.010000,10,0
2681,20,39.00,49.00,0,0.010000,10,1
2682,20,0.00,0.00,0,0.010000,10,0
2683,0,0.00,0.00,1,0.010000,0,0
2684,20,85.00,135.00,0,0.010000,10,0
2685,20,0.00,0.00,0,0.010000,10,0
2686,20,85.00,135.00,0,0.010000,10,0
2687,0,0.00,0.00,1,0.010000,0,0
2688,2,100.00,100.00,1,0.010000,0,0
2689,3,89.00,99.00,1,0.010000,1,1
2690,20,0.00,0.00,0,0.010000,10,0
2691,20,39.00,39.00,0,0.010000,10,1
2692,20,39.00,49.00,0,0.010000,10,0
2693,2,100.00,100.00,1,0.010000,0,0
2694,20,85.00,135.00,0,0.010000,10,0
2695,20,0.00,0.00,0,0.010000,10,0
2696,20,85.00,135.00,0,0.010000,10,0
2697,0,0.00,0.00,1,0.010000,0,0
2698,2,100.00,100.00,1,0.010000,0,0
2699,2,100.00,100.00,1,0.010000,0,0
2700,20,0.00,0.00,0,0.010000,10,0
2701,20,0.00,0.00,0,0.010000,10,0
2702,20,-12.00,-12.00,0,0.010000,11,2
2703,20,-21.00,-31.00,0,0.010000,13,8
2704,20,85.00,135.00,0,0.010000,10,0
2705,20,0.00,0.00,0,0.010000,10,0
2706,20,85.00,135.00,0,0.010000,10,0
2707,20,0.00,0.00,0,0.010000,10,0
2708,2,100.00,100.00,1,0.010000,0,0
2709,2,100.00,100.00,1,0.010000,0,0
2710,20,39.00,49.00,0,0.010000,10,1
2711,20,0.00,0.00,0,0.010000,10,0
2712,0,0.00,0.00,1,0.010000,0,0
2713,0,0.00,0.00,1,0.010000,0,0
2714,20,85.00,135.00,0,0.010000,10,0
2715,20,0.00,0.00,0,0.010000,10,0
2716,20,85.00,135.00,0,0.010000,10,0
2717,20,-55.00,-25.00,0,0.010000,13,9
2718,2,100.00,100.00,1,0.010000,0,0
2719,2,100.00,100.00,1,0.010000,0,0
2720,20,0.00,0.00,0,0.010000,10,0
2721,20,0.00,0.00,0,0.010000,10,0
2722,1,50.00,50.00,1,0.010000,0,0
2723,20,32.00,32.00,0,0.010000,10,2
2724,20,85.00,135.00,0,0.010000,10,0
2725,20,0.00,0.00,0,0.010000,10,0
2726,20,85.00,135.00,0,0.010000,10,0
2727,20,-2.00,18.00,0,0.010000,12,3
2728,2,100.00,100.00,1,0.010000,0,0
2729,2,100.00,100.00,1,0.010000,0,0
2730,20,0.00,0.00,0,0.010000,10,0
2731,20,0.00,0.00,0,0.010000,10,0
2732,20,-63.00,-63.00,0,0.010000,13,6
2733,0,0.00,0.00,1,0.010000,0,0
2734,20,85.00,135.00,0,0.010000,10,0
2735,20,0.00,0.00,0,0.010000,10,0
2736,20,85.00,135.00,0,0.010000,10,0
2737,1,50.00,50.00,1,0.010000,0,0
2738,2,100.00,100.00,1,0.010000,0,0
2739,2,100.00,100.00,1,0.010000,0,0
2740,20,0.00,0.00,0,0.010000,10,0
2741,20,0.00,0.00,0,0.010000,10,0
2742,0,0.00,0.00,1,0.010000,0,0
2743,20,-58.00,-38.00,0,0.010000,11,5
2744,20,129.00,179.00,0,0.010000,9,1
2745,20,0.00,0.00,0,0.010000,10,0
2746,20,85.00,135.00,0,0.010000,10,0
2747,0,0.00,0.00,1,0.010000,0,0
2748,2,100.00,100.00,1,0.010000,0,0
2749,2,100.00,100.00,1,0.010000,0,0
2750,20,0.00,0.00,0,0.010000,10,0
2751,20,0.00,0.00,0,0.010000,10,0
2752,20,-26.00,-26.00,0,0.010000,14,7
2753,20,-12.00,-2.00,0,0.010000,12,4
2754,20,85.00,135.00,0,0.010000,10,0
2755,20,0.00,0.00,0,0.010000,10,0
2756,20,124.00,174.00,0,0.010000,10,1
2757,1,50.00,50.00,1,0.010000,0,0
2758,2,100.00,100.00,1,0.010000,0,0
2759,2,100.00,100.00,1,0.010000,0,0
2760,20,0.00,0.00,0,0.010000,10,0
2761,20,0.00,0.00,0,0.010000,10,0
2762,20,-82.00,-72.00,0,0.010000,14,7
2763,1,50.00,50.00,1,0.010000,0,0
2764,20,85.00,135.00,0,0.010000,10,0
2765,20,0.00,0.00,0,0.010000,10,0
2766,20,85.00,135.00,0,0.010000,10,0
2767,1,50.00,50.00,1,0.010000,0,0
2768,2,100.00,100.00,1,0.010000,0,0
2769,2,100.00,100.00,1,0.010000,0,0
2770,20,0.00,0.00,0,0.010000,10,0
2771,20,0.00,0.00,0,0.010000,10,0
2772,20,10.00,30.00,0,0.010000,11,3
2773,20,0.00,0.00,0,0.010000,10,0
2774,20,85.00,135.00,0,0.010000,10,0
2775,20,0.00,0.00,0,0.010000,10,0
2776,20,85.00,135.00,0,0.010000,10,0
2777,20,38.00,28.00,0,0.010000,10,0
2778,2,100.00,100.00,1,0.010000,0,0
2779,2,100.00,100.00,1,0.010000,0,0
2780,20,0.00,0.00,0,0.010000,10,0
2781,20,0.00,0.00,0,0.010000,10,0
2782,0,0.00,0.00,1,0.010000,0,0
2783,20,49.00,39.00,0,0.010000,10,0
2784,20,85.00,135.00,0,0.010000,10,0
2785,20,39.00,49.00,0,0.010000,10,1
2786,20,124.00,184.00,0,0.010000,10,1
2787,1,50.00,50.00,1,0.010000,0,0
2788,2,100.00,100.00,1,0.010000,0,0
2789,2,100.00,100.00,1,0.010000,0,0
2790,20,0.00,0.00,0,0.010000,10,0
2791,20,39.00,49.00,0,0.010000,10,0
2792,0,0.00,0.00,1,0.010000,0,0
2793,0,0.00,0.00,1,0.010000,0,0
2794,20,85.00,135.00,0,0.010000,10,0
2795,20,0.00,0.00,0,0.010000,10,0
2796,20,85.00,135.00,0,0.010000,10,0
2797,0,0.00,0.00,1,0.010000,0,0
2798,2,100.00,100.00,1,0.010000,0,0
2799,2,100.00,100.00,1,0.010000,0,0
2800,20,0.00,0.00,0,0.010000,10,0
2801,20,0.00,0.00,0,0.010000,10,0
2802,20,26.00,16.00,0,0.010000,10,0
2803,20,85.00,135.00,0,0.010000,10,0
2804,20,85.00,135.00,0,0.010000,10,0
2805,20,0.00,0.00,0,0.010000,10,0
2806,20,144.00,164.00,0,0.010000,10,0
2807,20,-95.00,-105.00,0,0.010000,14,9
2808,2,100.00,100.00,1,0.010000,0,0
2809,2,100.00,100.00,1,0.010000,0,0
2810,20,0.00,0.00,0,0.010000,10,0
2811,20,0.00,0.00,0,0.010000,10,0
2812,0,0.00,0.00,1,0.010000,0,0
2813,20,5.00,55.00,0,0.010000,11,0
2814,20,85.00,135.00,0,0.010000,10,0
2815,20,0.00,0.00,0,0.010000,10,0
2816,20,85.00,135.00,0,0.010000,10,0
2817,0,0.00,0.00,1,0.010000,0,0
2818,2,100.00,100.00,1,0.010000,0,0
2819,2,100.00,100.00,1,0.010000,0,0
2820,20,0.00,0.00,0,0.010000,10,0
2821,20,44.00,44.00,0,0.010000,9,1
2822,20,32.00,32.00,0,0.010000,10,3
2823,20,-80.00,-90.00,0,0.010000,12,4
2824,20,68.00,108.00,0,0.010000,10,0
2825,20,0.00,0.00,0,0.010000,10,0
2826,20,85.00,135.00,0,0.010000,10,0
2827,20,-61.00,-61.00,0,0.010000,11,1
2828,2,100.00,100.00,1,0.010000,0,0
2829,2,100.00,100.00,1,0.010000,0,0
2830,20,0.00,0.00,0,0.010000,10,0
2831,20,0.00,0.00,0,0.010000,10,0
2832,1,50.00,50.00,1,0.010000,0,0
2833,1,50.00,50.00,1,0.010000,0,0
2834,20,85.00,135.00,0,0.010000,10,0
2835,20,44.00,44.00,0,0.010000,9,1
2836,20,134.00,174.00,0,0.010000,10,1
2837,0,0.00,0.00,1,0.010000,0,0
2838,2,100.00,100.00,1,0.010000,0,0
2839,2,100.00,100.00,1,0.010000,0,0
2840,20,-12.00,-12.00,0,0.010000,11,2
2841,20,0.00,0.00,0,0.010000,10,0
2842,1,50.00,50.00,1,0.010000,0,0
2843,1,50.00,50.00,1,0.010000,0,0
2844,20,85.00,135.00,0,0.010000,10,0
2845,20,0.00,0.00,0,0.010000,10,0
2846,20,85.00,135.00,0,0.010000,10,0
2847,20,-30.00,-60.00,0,0.010000,14,9
2848,2,100.00,100.00,1,0.010000,0,0
2849,2,100.00,100.00,1,0.010000,0,0
2850,20,0.00,0.00,0,0.010000,10,0
2851,20,0.00,0.00,0,0.010000,10,0
2852,0,0.00,0.00,1,0.010000,0,0
2853,1,50.00,50.00,1,0.010000,0,0
2854,20,85.00,135.00,0,0.010000,10,0
2855,20,0.00,0.00,0,0.010000,10,0
2856,20,85.00,135.00,0,0.010000,10,0
2857,0,0.00,0.00,1,0.010000,0,0
2858,2,100.00,100.00,1,0.010000,0,0
2859,2,100.00,100.00,1,0.010000,0,0
2860,20,8.00,8.00,0,0.010000,12,4
2861,20,0.00,0.00,0,0.010000,10,0
2862,0,0.00,0.00,1,0.010000,0,0
2863,20,-72.00,-72.00,0,0.010000,14,6
2864,20,124.00,174.00,0,0.010000,10,1
2865,20,0.00,0.00,0,0.010000,10,0
2866,20,85.00,135.00,0,0.010000,10,0
2867,0,0.00,0.00,1,0.010000,0,0
2868,2,100.00,100.00,1,0.010000,0,0
2869,2,100.00,100.00,1,0.010000,0,0
2870,20,0.00,0.00,0,0.010000,10,0
2871,20,0.00,0.00,0,0.010000,10,0
2872,20,-24.00,-34.00,0,0.010000,12,3
2873,20,0.00,0.00,0,0.010000,10,0
2874,20,85.00,135.00,0,0.010000,10,0
2875,20,0.00,0.00,0,0.010000,10,0
2876,20,85.00,135.00,0,0.010000,10,0
2877,20,-79.00,-79.00,0,0.010000,13,7
2878,2,100.00,100.00,1,0.010000,0,0
2879,2,100.00,100.00,1,0.010000,0,0
2880,20,0.00,0.00,0,0.010000,10,0
2881,20,44.00,44.00,0,0.010000,9,1
2882,0,0.00,0.00,1,0.010000,0,0
2883,0,0.00,0.00,1,0.010000,0,0
2884,20,85.00,135.00,0,0.010000,10,0
2885,20,0.00,0.00,0,0.010000,10,0
2886,20,85.00,135.00,0,0.010000,10,0
2887,2,100.00,100.00,1,0.010000,0,0
2888,2,100.00,100.00,1,0.010000,0,0
2889,2,100.00,100.00,1,0.010000,0,0
2890,20,0.00,0.00,0,0.010000,10,0
2891,20,0.00,0.00,0,0.010000,10,0
2892,1,50.00,50.00,1,0.010000,0,0
2893,20,-5.00,-35.00,0,0.010000,13,8
2894,20,85.00,135.00,0,0.010000,10,0
2895,20,49.00,39.00,0,0.010000,10,1
2896,20,85.00,135.00,0,0.010000,10,0
2897,20,0.00,0.00,0,0.010000,10,0
2898,2,100.00,100.00,1,0.010000,0,0
2899,2,100.00,100.00,1,0.010000,0,0
2900,20,0.00,0.00,0,0.010000,10,0
2901,20,0.00,0.00,0,0.010000,10,0
2902,2,100.00,100.00,1,0.010000,0,0
2903,0,0.00,0.00,1,0.010000,0,0
2904,20,144.00,184.00,0,0.010000,9,0
2905,20,0.00,0.00,0,0.010000,10,0
2906,20,85.00,135.00,0,0.010000,10,0
2907,20,95.00,125.00,0,0.010000,10,0
2908,2,100.00,100.00,1,0.010000,0,0
2909,2,100.00,100.00,1,0.010000,0,0
2910,20,0.00,0.00,0,0.010000,10,0
2911,20,0.00,0.00,0,0.010000,10,0
2912,20,-53.00,-53.00,0,0.010000,13,5
2913,20,-65.00,-65.00,0,0.010000,13,6
2914,20,85.00,135.00,0,0.010000,10,0
2915,20,-17.00,-17.00,0,0.010000,10,2
2916,20,85.00,135.00,0,0.010000,10,0
2917,20,85.00,135.00,0,0.010000,10,0
2918,2,100.00,100.00,1,0.010000,0,0
2919,2,100.00,100.00,1,0.010000,0,0
2920,20,0.00,0.00,0,0.010000,10,0
2921,20,0.00,0.00,0,0.010000,10,0
2922,1,50.00,50.00,1,0.010000,0,0
2923,1,50.00,50.00,1,0.010000,0,0
2924,20,85.00,135.00,0,0.010000,10,0
2925,20,0.00,0.00,0,0.010000,10,0
2926,20,85.00,135.00,0,0.010000,10,0
2927,0,0.00,0.00,1,0.010000,0,0
2928,2,100.00,100.00,1,0.010000,0,0
2929,2,100.00,100.00,1,0.010000,0,0
2930,20,0.00,0.00,0,0.010000,10,0
2931,20,0.00,0.00,0,0.010000,10,0
2932,0,0.00,0.00,1,0.010000,0,0
2933,20,85.00,135.00,0,0.010000,10,0
2934,20,85.00,135.00,0,0.010000,10,0
2935,20,0.00,0.00,0,0.010000,10,0
2936,20,85.00,135.00,0,0.010000,10,0
2937,20,-92.00,-92.00,0,0.010000,13,3
2938,2,100.00,100.00,1,0.010000,0,0
2939,2,100.00,100.00,1,0.010000,0,0
2940,20,39.00,49.00,0,0.010000,10,1
2941,20,0.00,0.00,0,0.010000,10,0
2942,0,0.00,0.00,1,0.010000,0,0
2943,1,50.00,50.00,1,0.010000,0,0
2944,20,85.00,135.00,0,0.010000,10,0
2945,20,49.00,39.00,0,0.010000,10,1
2946,20,85.00,135.00,0,0.010000,10,0
2947,20,-45.00,-85.00,0,0.010000,14,6
2948,2,100.00,100.00,1,0.010000,0,0
2949,2,100.00,100.00,1,0.010000,0,0
2950,20,0.00,0.00,0,0.010000,10,0
2951,20,0.00,0.00,0,0.010000,10,0
2952,20,45.00,85.00,0,0.010000,11,1
2953,20,-31.00,-51.00,0,0.010000,12,5
2954,20,85.00,135.00,0,0.010000,10,0
2955,20,0.00,0.00,0,0.010000,10,0
2956,20,85.00,135.00,0,0.010000,10,0
2957,0,0.00,0.00,1,0.010000,0,0
2958,2,100.00,100.00,1,0.010000,0,0
2959,2,100.00,100.00,1,0.010000,0,0
2960,20,39.00,49.00,0,0.010000,10,1
2961,20,0.00,0.00,0,0.010000,10,0
2962,20,-100.00,-60.00,0,0.010000,13,6
2963,20,-31.00,-21.00,0,0.010000,13,7
2964,20,85.00,135.00,0,0.010000,10,0
2965,20,39.00,19.00,0,0.010000,11,4
2966,20,124.00,174.00,0,0.010000,10,1
2967,20,-79.00,-119.00,0,0.010000,15,5
2968,2,100.00,100.00,1,0.010000,0,0
2969,2,100.00,100.00,1,0.010000,0,0
2970,20,0.00,0.00,0,0.010000,10,0
2971,20,49.00,39.00,0,0.010000,10,0
2972,0,0.00,0.00,1,0.010000,0,0
2973,1,50.00,50.00,1,0.010000,0,0
2974,20,85.00,135.00,0,0.010000,10,0
2975,20,44.00,44.00,0,0.010000,9,1
2976,20,85.00,135.00,0,0.010000,10,0
2977,20,39.00,49.00,0,0.010000,10,0
2978,2,100.00,100.00,1,0.010000,0,0
2979,2,100.00,100.00,1,0.010000,0,0
2980,20,0.00,0.00,0,0.010000,10,0
2981,20,0.00,0.00,0,0.010000,10,0
2982,1,50.00,50.00,1,0.010000,0,0
2983,20,-31.00,-41.00,0,0.010000,12,3
2984,20,85.00,135.00,0,0.010000,10,0
2985,20,0.00,0.00,0,0.010000,10,0
2986,20,85.00,135.00,0,0.010000,10,0
2987,0,0.00,0.00,1,0.010000,0,0
2988,2,100.00,100.00,1,0.010000,0,0
2989,2,100.00,100.00,1,0.010000,0,0
2990,20,0.00,0.00,0,0.010000,10,0
2991,20,0.00,0.00,0,0.010000,10,0
2992,20,-5.00,35.00,0,0.010000,12,0
2993,20,0.00,0.00,0,0.010000,10,0
2994,20,85.00,135.00,0,0.010000,10,0
2995,20,0.00,0.00,0,0.010000,10,0
2996,20,85.00,135.00,0,0.010000,10,0
2997,1,50.00,50.00,1,0.010000,0,0
2998,2,100.00,100.00,1,0.010000,0,0
2999,2,100.00,100.00,1,0.010000,0,0
3000,20,0.00,0.00,0,0.010000,10,0
3001,20,44.00,44.00,0,0.010000,9,1
3002,20,-40.00,-40.00,0,0.010000,14,8
3003,20,-14.00,6.00,0,0.010000,11,7
3004,20,85.00,135.00,0,0.010000,10,0
3005,20,0.00,0.00,0,0.010000,10,0
3006,20,85.00,135.00,0,0.010000,10,0
3007,1,50.00,50.00,1,0.010000,0,0
3008,2,100.00,100.00,1,0.010000,0,0
3009,2,100.00,100.00,1,0.010000,0,0
3010,20,0.00,0.00,0,0.010000,10,0
3011,20,0.00,0.00,0,0.010000,10,0
3012,1,50.00,50.00,1,0.010000,0,0
3013,20,95.00,125.00,0,0.010000,10,0
3014,20,85.00,135.00,0,0.010000,10,0
3015,20,0.00,0.00,0,0.010000,10,0
3016,20,85.00,135.00,0,0.010000,10,0
3017,0,0.00,0.00,1,0.010000,0,0
3018,2,100.00,100.00,1,0.010000,0,0
3019,2,100.00,100.00,1,0.010000,0,0
3020,20,0.00,0.00,0,0.010000,10,0
3021,20,44.00,44.00,0,0.010000,9,1
3022,0,0.00,0.00,1,0.010000,0,0
3023,2,100.00,100.00,1,0.010000,0,0
3024,20,85.00,135.00,0,0.010000,10,0
3025,20,44.00,44.00,0,0.010000,9,1
3026,20,85.00,135.00,0,0.010000,10,0
3027,0,0.00,0.00,1,0.010000,0,0
3028,2,100.00,100.00,1,0.010000,0,0
3029,2,100.00,100.00,1,0.010000,0,0
3030,20,0.00,0.00,0,0.010000,10,0
3031,20,0.00,0.00,0,0.010000,10,0
3032,20,95.00,125.00,0,0.010000,10,0
3033,0,0.00,0.00,1,0.010000,0,0
3034,20,85.00,135.00,0,0.010000,10,0
3035,20,0.00,0.00,0,0.010000,10,0
3036,20,129.00,179.00,0,0.010000,9,1
3037,0,0.00,0.00,1,0.010000,0,0
3038,2,100.00,100.00,1,0.010000,0,0
3039,2,100.00,100.00,1,0.010000,0,0
3040,20,0.00,0.00,0,0.010000,10,0
3041,20,0.00,0.00,0,0.010000,10,0
3042,1,50.00,50.00,1,0.010000,0,0
3043,0,0.00,0.00,1,0.010000,0,0
3044,20,124.00,174.00,0,0.010000,10,1
3045,20,0.00,0.00,0,0.010000,10,0
3046,20,85.00,135.00,0,0.010000,10,0
3047,20,-7.00,-17.00,0,0.010000,10,2
3048,2,100.00,100.00,1,0.010000,0,0
3049,2,100.00,100.00,1,0.010000,0,0
3050,20,0.00,0.00,0,0.010000,10,0
3051,20,39.00,39.00,0,0.010000,10,1
3052,20,-65.00,-55.00,0,0.010000,11,0
3053,20,-120.00,-120.00,0,0.010000,12,6
3054,20,85.00,135.00,0,0.010000,10,0
3055,20,0.00,0.00,0,0.010000,10,0
3056,20,85.00,135.00,0,0.010000,10,0
3057,1,50.00,50.00,1,0.010000,0,0
3058,2,100.00,100.00,1,0.010000,0,0
3059,2,100.00,100.00,1,0.010000,0,0
3060,20,0.00,0.00,0,0.010000,10,0
3061,20,44.00,44.00,0,0.010000,9,1
3062,20,95.00,125.00,0,0.010000,10,0
3063,0,0.00,0.00,1,0.010000,0,0
3064,20,85.00,135.00,0,0.010000,10,0
3065,20,0.00,0.00,0,0.010000,10,0
3066,20,85.00,135.00,0,0.010000,10,0
3067,1,50.00,50.00,1,0.010000,0,0
3068,2,100.00,100.00,1,0.010000,0,0
3069,2,100.00,100.00,1,0.010000,0,0
3070,20,0.00,0.00,0,0.010000,10,0
3071,20,0.00,0.00,0,0.010000,10,0
3072,20,66.00,106.00,0,0.010000,10,0
3073,20,-70.00,-50.00,0,0.010000,13,5
3074,20,85.00,135.00,0,0.010000,10,0
3075,20,0.00,0.00,0,0.010000,10,0
3076,20,85.00,135.00,0,0.010000,10,0
3077,20,85.00,135.00,0,0.010000,10,0
3078,2,100.00,100.00,1,0.010000,0,0
3079,2,100.00,100.00,1,0.010000,0,0
3080,20,0.00,0.00,0,0.010000,10,0
3081,20,0.00,0.00,0,0.010000,10,0
3082,0,0.00,0.00,1,0.010000,0,0
3083,0,0.00,0.00,1,0.010000,0,0
3084,20,85.00,135.00,0,0.010000,10,0
3085,20,0.00,0.00,0,0.010000,10,0
3086,20,85.00,135.00,0,0.010000,10,0
3087,20,-12.00,-12.00,0,0.010000,11,1
3088,2,100.00,100.00,1,0.010000,0,0
3089,2,100.00,100.00,1,0.010000,0,0
3090,20,0.00,0.00,0,0.010000,10,0
3091,20,0.00,0.00,0,0.010000,10,0
3092,20,95.00,125.00,0,0.010000,10,0
3093,0,0.00,0.00,1,0.010000,0,0
3094,20,85.00,135.00,0,0.010000,10,0
3095,20,44.00,44.00,0,0.010000,9,1
3096,20,85.00,135.00,0,0.010000,10,0
3097,20,0.00,0.00,0,0.010000,10,0
3098,2,100.00,100.00,1,0.010000,0,0
3099,2,100.00,100.00,1,0.010000,0,0
3100,20,44.00,44.00,0,0.010000,9,1
3101,20,-17.00,-7.00,0,0.010000,10,1
3102,1,50.00,50.00,1,0.010000,0,0
3103,20,95.00,125.00,0,0.010000,10,0
3104,20,85.00,135.00,0,0.010000,10,0
3105,20,0.00,0.00,0,0.010000,10,0
3106,20,124.00,174.00,0,0.010000,10,1
3107,0,0.00,0.00,1,0.010000,0,0
3108,3,89.00,99.00,1,0.010000,1,1
3109,2,100.00,100.00,1,0.010000,0,0
3110,20,0.00,0.00,0,0.010000,10,0
3111,20,0.00,0.00,0,0.010000,10,0
3112,1,50.00,50.00,1,0.010000,0,0
3113,20,-17.00,-7.00,0,0.010000,10,2
3114,20,85.00,135.00,0,0.010000,10,0
3115,20,0.00,0.00,0,0.010000,10,0
3116,20,85.00,135.00,0,0.010000,10,0
3117,0,0.00,0.00,1,0.010000,0,0
3118,2,100.00,100.00,1,0.010000,0,0
3119,2,100.00,100.00,1,0.010000,0,0
3120,20,0.00,0.00,0,0.010000,10,0
3121,20,0.00,0.00,0,0.010000,10,0
3122,20,0.00,0.00,0,0.010000,10,0
3123,1,50.00,50.00,1,0.010000,0,0
3124,20,85.00,135.00,0,0.010000,10,0
3125,20,0.00,0.00,0,0.010000,10,0
3126,20,85.00,135.00,0,0.010000,10,0
3127,2,100.00,100.00,1,0.010000,0,0
3128,2,100.00,100.00,1,0.010000,0,0
3129,2,100.00,100.00,1,0.010000,0,0
3130,20,0.00,0.00,0,0.010000,10,0
3131,20,0.00,0.00,0,0.010000,10,0
3132,20,8.00,8.00,0,0.010000,12,5
3133,20,6.00,-4.00,0,0.010000,12,5
3134,20,85.00,135.00,0,0.010000,10,0
3135,20,0.00,0.00,0,0.010000,10,0
3136,20,85.00,135.00,0,0.010000,10,0
3137,20,-82.00,-102.00,0,0.010000,13,3
3138,2,100.00,100.00,1,0.010000,0,0
3139,2,100.00,100.00,1,0.010000,0,0
3140,20,0.00,0.00,0,0.010000,10,0
3141,20,0.00,0.00,0,0.010000,10,0
3142,0,0.00,0.00,1,0.010000,0,0
3143,0,0.00,0.00,1,0.010000,0,0
3144,20,85.00,135.00,0,0.010000,10,0
3145,20,0.00,0.00,0,0.010000,10,0
3146,20,85.00,135.00,0,0.010000,10,0
3147,0,0.00,0.00,1,0.010000,0,0
3148,2,100.00,100.00,1,0.010000,0,0
3149,2,100.00,100.00,1,0.010000,0,0
3150,20,0.00,0.00,0,0.010000,10,0
3151,20,0.00,0.00,0,0.010000,10,0
3152,20,95.00,125.00,0,0.010000,10,0
3153,20,-34.00,-34.00,0,0.010000,12,1
3154,20,85.00,135.00,0,0.010000,10,0
3155,20,0.00,0.00,0,0.010000,10,0
3156,20,85.00,135.00,0,0.010000,10,0
3157,20,20.00,10.00,0,0.010000,11,4
3158,2,100.00,100.00,1,0.010000,0,0
3159,2,100.00,100.00,1,0.010000,0,0
3160,20,0.00,0.00,0,0.010000,10,0
3161,20,0.00,0.00,0,0.010000,10,0
3162,20,0.00,0.00,0,0.010000,10,0
3163,20,85.00,135.00,0,0.010000,10,0
3164,20,85.00,135.00,0,0.010000,10,0
3165,20,0.00,0.00,0,0.010000,10,0
3166,20,85.00,135.00,0,0.010000,10,0
3167,20,-58.00,-48.00,0,0.010000,12,5
3168,2,100.00,100.00,1,0.010000,0,0
3169,2,100.00,100.00,1,0.010000,0,0
3170,20,0.00,0.00,0,0.010000,10,0
3171,20,0.00,0.00,0,0.010000,10,0
3172,20,85.00,135.00,0,0.010000,10,0
3173,0,0.00,0.00,1,0.010000,0,0
3174,20,85.00,135.00,0,0.010000,10,0
3175,20,0.00,0.00,0,0.010000,10,0
3176,20,85.00,135.00,0,0.010000,10,0
3177,20,85.00,135.00,0,0.010000,10,0
3178,2,100.00,100.00,1,0.010000,0,0
3179,2,100.00,100.00,1,0.010000,0,0
3180,20,0.00,0.00,0,0.010000,10,0
3181,20,0.00,0.00,0,0.010000,10,0
3182,2,100.00,100.00,1,0.010000,0,0
3183,20,0.00,0.00,0,0.010000,10,0
3184,20,85.00,135.00,0,0.010000,10,0
3185,20,0.00,0.00,0,0.010000,10,0
3186,20,85.00,135.00,0,0.010000,10,0
3187,1,50.00,50.00,1,0.010000,0,0
3188,2,100.00,100.00,1,0.010000,0,0
3189,2,100.00,100.00,1,0.010000,0,0
3190,20,0.00,0.00,0,0.010000,10,0
3191,20,0.00,0.00,0,0.010000,10,0
3192,0,0.00,0.00,1,0.010000,0,0
3193,5,-18.00,-28.00,1,0.010000,3,3
3194,20,85.00,135.00,0,0.010000,10,0
3195,20,0.00,0.00,0,0.010000,10,0
3196,20,85.00,135.00,0,0.010000,10,0
3197,0,0.00,0.00,1,0.010000,0,0
3198,2,100.00,100.00,1,0.010000,0,0
3199,2,100.00,100.00,1,0.010000,0,0
3200,20,49.00,39.00,0,0.010000,10,1
3201,20,-7.00,-17.00,0,0.010000,10,2
3202,20,5.00,35.00,0,0.010000,12,3
3203,20,-5.00,35.00,0,0.010000,12,0
3204,20,124.00,174.00,0,0.010000,10,1
3205,20,0.00,0.00,0,0.010000,10,0
3206,20,85.00,135.00,0,0.010000,10,0
3207,0,0.00,0.00,1,0.010000,0,0
3208,2,100.00,100.00,1,0.010000,0,0
3209,2,100.00,100.00,1,0.010000,0,0
3210,20,0.00,0.00,0,0.010000,10,0
3211,20,0.00,0.00,0,0.010000,10,0
3212,20,11.00,1.00,0,0.010000,11,5
3213,20,0.00,0.00,0,0.010000,10,0
3214,20,85.00,135.00,0,0.010000,10,0
3215,20,0.00,0.00,0,0.010000,10,0
3216,20,85.00,135.00,0,0.010000,10,0
3217,0,0.00,0.00,1,0.010000,0,0
3218,2,100.00,100.00,1,0.010000,0,0
3219,2,100.00,100.00,1,0.010000,0,0
3220,20,49.00,39.00,0,0.010000,10,1
3221,20,0.00,0.00,0,0.010000,10,0
3222,0,0.00,0.00,1,0.010000,0,0
3223,0,0.00,0.00,1,0.010000,0,0
3224,20,144.00,184.00,0,0.010000,9,0
3225,20,-12.00,-12.00,0,0.010000,11,2
3226,20,85.00,135.00,0,0.010000,10,0
3227,0,0.00,0.00,1,0.010000,0,0
3228,2,100.00,100.00,1,0.010000,0,0
3229,2,100.00,100.00,1,0.010000,0,0
3230,20,0.00,0.00,0,0.010000,10,0
3231,20,0.00,0.00,0,0.010000,10,0
3232,0,0.00,0.00,1,0.010000,0,0
3233,20,-55.00,-45.00,0,0.010000,12,3
3234,20,85.00,135.00,0,0.010000,10,0
3235,20,0.00,0.00,0,0.010000,10,0
3236,20,85.00,135.00,0,0.010000,10,0
3237,0,0.00,0.00,1,0.010000,0,0
3238,2,100.00,100.00,1,0.010000,0,0
3239,2,100.00,100.00,1,0.010000,0,0
3240,20,0.00,0.00,0,0.010000,10,0
3241,20,0.00,0.00,0,0.010000,10,0
3242,20,-2.00,8.00,0,0.010000,12,5
3243,0,0.00,0.00,1,0.010000,0,0
3244,20,85.00,135.00,0,0.010000,10,0
3245,20,0.00,0.00,0,0.010000,10,0
3246,20,85.00,135.00,0,0.010000,10,0
3247,20,27.00,37.00,0,0.010000,11,1
3248,2,100.00,100.00,1,0.010000,0,0
3249,2,100.00,100.00,1,0.010000,0,0
3250,20,0.00,0.00,0,0.010000,10,0
3251,20,0.00,0.00,0,0.010000,10,0
3252,20,-21.00,-21.00,0,0.010000,13,6
3253,0,0.00,0.00,1,0.010000,0,0
3254,20,85.00,135.00,0,0.010000,10,0
3255,20,0.00,0.00,0,0.010000,10,0
3256,20,85.00,135.00,0,0.010000,10,0
3257,20,-9.00,-19.00,0,0.010000,12,6
3258,2,100.00,100.00,1,0.010000,0,0
3259,2,100.00,100.00,1,0.010000,0,0
3260,20,44.00,44.00,0,0.010000,9,1
3261,20,-2.00,-22.00,0,0.010000,11,1
3262,2,100.00,100.00,1,0.010000,0,0
3263,20,30.00,10.00,0,0.010000,11,3
3264,20,85.00,135.00,0,0.010000,10,0
3265,20,0.00,0.00,0,0.010000,10,0
3266,20,85.00,135.00,0,0.010000,10,0
3267,20,-90.00,-100.00,0,0.010000,12,4
3268,2,100.00,100.00,1,0.010000,0,0
3269,2,100.00,100.00,1,0.010000,0,0
3270,20,39.00,49.00,0,0.010000,10,1
3271,20,0.00,0.00,0,0.010000,10,0
3272,0,0.00,0.00,1,0.010000,0,0
3273,20,-62.00,-92.00,0,0.010000,14,6
3274,20,85.00,135.00,0,0.010000,10,0
3275,20,0.00,0.00,0,0.010000,10,0
3276,20,85.00,135.00,0,0.010000,10,0
3277,0,0.00,0.00,1,0.010000,0,0
3278,2,100.00,100.00,1,0.010000,0,0
3279,2,100.00,100.00,1,0.010000,0,0
3280,20,0.00,0.00,0,0.010000,10,0
3281,20,39.00,49.00,0,0.010000,10,0
3282,20,-46.00,-46.00,0,0.010000,11,3
3283,0,0.00,0.00,1,0.010000,0,0
3284,20,85.00,135.00,0,0.010000,10,0
3285,20,-39.00,-59.00,0,0.010000,13,3
3286,20,85.00,135.00,0,0.010000,10,0
3287,20,-54.00,-54.00,0,0.010000,14,4
3288,2,100.00,100.00,1,0.010000,0,0
3289,2,100.00,100.00,1,0.010000,0,0
3290,20,0.00,0.00,0,0.010000,10,0
3291,20,-22.00,-2.00,0,0.010000,11,0
3292,20,85.00,135.00,0,0.010000,10,0
3293,20,-5.00,45.00,0,0.010000,12,1
3294,20,129.00,179.00,0,0.010000,9,1
3295,20,0.00,0.00,0,0.010000,10,0
3296,20,85.00,135.00,0,0.010000,10,0
3297,2,100.00,100.00,1,0.010000,0,0
3298,2,100.00,100.00,1,0.010000,0,0
3299,2,100.00,100.00,1,0.010000,0,0
3300,20,0.00,0.00,0,0.010000,10,0
3301,20,0.00,0.00,0,0.010000,10,0
3302,0,0.00,0.00,1,0.010000,0,0
3303,2,100.00,100.00,1,0.010000,0,0
3304,20,85.00,135.00,0,0.010000,10,0
3305,20,0.00,0.00,0,0.010000,10,0
3306,20,85.00,135.00,0,0.010000,10,0
3307,1,50.00,50.00,1,0.010000,0,0
3308,2,100.00,100.00,1,0.010000,0,0
3309,2,100.00,100.00,1,0.010000,0,0
3310,20,0.00,0.00,0,0.010000,10,0
3311,20,0.00,0.00,0,0.010000,10,0
3312,20,-90.00,-80.00,0,0.010000,12,4
3313,0,0.00,0.00,1,0.010000,0,0
3314,20,85.00,135.00,0,0.010000,10,0
3315,20,0.00,0.00,0,0.010000,10,0
3316,20,85.00,135.00,0,0.010000,10,0
3317,20,34.00,24.00,0,0.010000,10,0
3318,2,100.00,100.00,1,0.010000,0,0
3319,2,100.00,100.00,1,0.010000,0,0
3320,20,0.00,0.00,0,0.010000,10,0
3321,20,39.00,39.00,0,0.010000,10,1
3322,0,0.00,0.00,1,0.010000,0,0
3323,20,49.00,39.00,0,0.010000,10,0
3324,20,85.00,135.00,0,0.010000,10,0
3325,20,0.00,0.00,0,0.010000,10,0
3326,20,85.00,135.00,0,0.010000,10,0
3327,20,85.00,135.00,0,0.010000,10,0
3328,2,100.00,100.00,1,0.010000,0,0
3329,2,100.00,100.00,1,0.010000,0,0
3330,20,0.00,0.00,0,0.010000,10,0
3331,20,39.00,49.00,0,0.010000,10,0
3332,1,50.00,50.00,1,0.010000,0,0
3333,20,-4.00,-4.00,0,0.010000,10,0
3334,20,85.00,135.00,0,0.010000,10,0
3335,20,0.00,0.00,0,0.010000,10,0
3336,20,85.00,135.00,0,0.010000,10,0
3337,0,0.00,0.00,1,0.010000,0,0
3338,2,100.00,100.00,1,0.010000,0,0
3339,2,100.00,100.00,1,0.010000,0,0
3340,20,0.00,0.00,0,0.010000,10,0
3341,20,0.00,0.00,0,0.010000,10,0
3342,20,-50.00,-70.00,0,0.010000,13,7
3343,20,95.00,125.00,0,0.010000,10,0
3344,20,85.00,135.00,0,0.010000,10,0
3345,20,0.00,0.00,0,0.010000,10,0
3346,20,85.00,135.00,0,0.010000,10,0
3347,20,-81.00,-91.00,0,0.010000,13,3
3348,2,100.00,100.00,1,0.010000,0,0
3349,2,100.00,100.00,1,0.010000,0,0
3350,20,0.00,0.00,0,0.010000,10,0
3351,20,0.00,0.00,0,0.010000,10,0
3352,0,0.00,0.00,1,0.010000,0,0
3353,20,-45.00,-55.00,0,0.010000,15,9
3354,20,85.00,135.00,0,0.010000,10,0
3355,20,0.00,0.00,0,0.010000,10,0
3356,20,85.00,135.00,0,0.010000,10,0
3357,0,0.00,0.00,1,0.010000,0,0
3358,2,100.00,100.00,1,0.010000,0,0
3359,2,100.00,100.00,1,0.010000,0,0
3360,20,44.00,44.00,0,0.010000,9,1
3361,20,-12.00,-12.00,0,0.010000,9,2
3362,2,44.00,44.00,1,0.010000,0,1
3363,0,0.00,0.00,1,0.010000,0,0
3364,20,85.00,135.00,0,0.010000,10,0
3365,20,0.00,0.00,0,0.010000,10,0
3366,20,124.00,174.00,0,0.010000,10,1
3367,20,1.00,-9.00,0,0.010000,12,7
3368,2,100.00,100.00,1,0.010000,0,0
3369,2,100.00,100.00,1,0.010000,0,0
3370,20,0.00,0.00,0,0.010000,10,0
3371,20,0.00,0.00,0,0.010000,10,0
3372,4,100.00,100.00,1,0.010000,1,0
3373,20,27.00,37.00,0,0.010000,11,0
3374,20,85.00,135.00,0,0.010000,10,0
3375,20,0.00,0.00,0,0.010000,10,0
3376,20,85.00,135.00,0,0.010000,10,0
3377,0,0.00,0.00,1,0.010000,0,0
3378,2,100.00,100.00,1,0.010000,0,0
3379,2,100.00,100.00,1,0.010000,0,0
3380,20,0.00,0.00,0,0.010000,10,0
3381,20,0.00,0.00,0,0.010000,10,0
3382,20,-5.00,35.00,0,0.010000,12,0
3383,0,0.00,0.00,1,0.010000,0,0
3384,20,85.00,135.00,0,0.010000,10,0
3385,20,0.00,0.00,0,0.010000,10,0
3386,20,85.00,135.00,0,0.010000,10,0
3387,20,-2.00,8.00,0,0.010000,12,4
3388,2,100.00,100.00,1,0.010000,0,0
3389,2,100.00,100.00,1,0.010000,0,0
3390,20,49.00,39.00,0,0.010000,10,1
3391,20,0.00,0.00,0,0.010000,10,0
3392,1,50.00,50.00,1,0.010000,0,0
3393,0,0.00,0.00,1,0.010000,0,0
3394,20,144.00,184.00,0,0.010000,9,0
3395,20,39.00,49.00,0,0.010000,10,0
3396,20,85.00,135.00,0,0.010000,10,0
3397,0,0.00,0.00,1,0.010000,0,0
3398,2,100.00,100.00,1,0.010000,0,0
3399,2,100.00,100.00,1,0.010000,0,0
3400,20,0.00,0.00,0,0.010000,10,0
3401,20,0.00,0.00,0,0.010000,10,0
3402,20,10.00,30.00,0,0.010000,11,4
3403,1,50.00,50.00,1,0.010000,0,0
3404,20,85.00,135.00,0,0.010000,10,0
3405,20,54.00,74.00,0,0.010000,10,1
3406,20,85.00,135.00,0,0.010000,10,0
3407,20,85.00,135.00,0,0.010000,10,0
3408,2,100.00,100.00,1,0.010000,0,0
3409,2,100.00,100.00,1,0.010000,0,0
3410,20,0.00,0.00,0,0.010000,10,0
3411,20,49.00,39.00,0,0.010000,10,1
3412,1,50.00,50.00,1,0.010000,0,0
3413,0,0.00,0.00,1,0.010000,0,0
3414,20,85.00,135.00,0,0.010000,10,0
3415,20,0.00,0.00,0,0.010000,10,0
3416,20,85.00,135.00,0,0.010000,10,0
3417,0,0.00,0.00,1,0.010000,0,0
3418,2,100.00,100.00,1,0.010000,0,0
3419,2,100.00,100.00,1,0.010000,0,0
3420,20,0.00,0.00,0,0.010000,10,0
3421,20,0.00,0.00,0,0.010000,10,0
3422,0,0.00,0.00,1,0.010000,0,0
3423,20,85.00,135.00,0,0.010000,10,0
3424,20,85.00,135.00,0,0.010000,10,0
3425,20,39.00,49.00,0,0.010000,10,1
3426,20,85.00,135.00,0,0.010000,10,0
3427,0,0.00,0.00,1,0.010000,0,0
3428,2,100.00,100.00,1,0.010000,0,0
3429,2,100.00,100.00,1,0.010000,0,0
3430,20,0.00,0.00,0,0.010000,10,0
3431,20,0.00,0.00,0,0.010000,10,0
3432,0,0.00,0.00,1,0.010000,0,0
3433,1,50.00,50.00,1,0.010000,0,0
3434,20,124.00,184.00,0,0.010000,10,0
3435,20,0.00,0.00,0,0.010000,10,0
3436,20,85.00,135.00,0,0.010000,10,0
3437,0,0.00,0.00,1,0.010000,0,0
3438,2,100.00,100.00,1,0.010000,0,0
3439,2,100.00,100.00,1,0.010000,0,0
3440,20,0.00,0.00,0,0.010000,10,0
3441,20,0.00,0.00,0,0.010000,10,0
3442,2,100.00,100.00,1,0.010000,0,0
3443,0,0.00,0.00,1,0.010000,0,0
3444,20,85.00,135.00,0,0.010000,10,0
3445,20,0.00,0.00,0,0.010000,10,0
3446,20,85.00,135.00,0,0.010000,10,0
3447,0,0.00,0.00,1,0.010000,0,0
3448,2,100.00,100.00,1,0.010000,0,0
3449,2,100.00,100.00,1,0.010000,0,0
3450,20,39.00,49.00,0,0.010000,10,1
3451,20,0.00,0.00,0,0.010000,10,0
3452,2,100.00,100.00,1,0.010000,0,0

# Summary
# FirstGoalEpisode,8
# TotalGoalCount,916
# GoalRate_last100,0.42
