Episode,Steps,RewardZ1,RewardZ2,GoalReached,Epsilon,WastedByPenalty,WastedByNoEffect
0,20,-47.00,-67.00,0,0.300000,16,12
1,20,-63.00,-153.00,0,0.299100,18,4
2,20,-96.00,-96.00,0,0.298203,18,8
3,20,-94.00,-34.00,0,0.297308,16,10
4,20,-39.00,-39.00,0,0.296416,16,5
5,20,-39.00,-39.00,0,0.295527,16,4
6,20,-55.00,-55.00,0,0.294640,16,10
7,0,0.00,0.00,1,0.293756,0,0
8,15,14.00,44.00,1,0.292875,11,8
9,7,80.00,60.00,1,0.291997,4,4
10,20,-92.00,-22.00,0,0.291121,17,8
11,20,-49.00,-89.00,0,0.300000,19,6
12,20,-82.00,-32.00,0,0.299100,17,9
13,2,39.00,49.00,1,0.298203,1,0
14,20,-63.00,47.00,0,0.297308,15,5
15,20,-124.00,-24.00,0,0.296416,18,12
16,20,-45.00,25.00,0,0.295527,15,10
17,20,-190.00,-90.00,0,0.294640,16,4
18,4,78.00,98.00,1,0.293756,2,1
19,3,94.00,94.00,1,0.292875,0,1
20,20,-112.00,-22.00,0,0.291997,17,10
21,20,-116.00,-86.00,0,0.300000,16,9
22,20,-150.00,-120.00,0,0.299100,13,14
23,20,-88.00,-98.00,0,0.298203,14,8
24,20,-63.00,17.00,0,0.297308,13,11
25,20,-104.00,-114.00,0,0.296416,16,9
26,20,-15.00,-15.00,0,0.295527,12,9
27,20,-64.00,-74.00,0,0.294640,15,10
28,20,-22.00,-12.00,0,0.293756,11,2
29,2,100.00,100.00,1,0.292875,0,0
30,20,-154.00,16.00,0,0.291997,18,3
31,20,-50.00,-40.00,0,0.291121,14,8
32,20,-72.00,-72.00,0,0.290247,15,11
33,0,0.00,0.00,1,0.289376,0,0
34,20,-113.00,-83.00,0,0.288508,15,12
35,20,-38.00,-48.00,0,0.287643,13,13
36,20,-25.00,-45.00,0,0.286780,15,10
37,0,0.00,0.00,1,0.285920,0,0
38,3,89.00,99.00,1,0.285062,1,1
39,3,89.00,99.00,1,0.284207,1,1
40,20,-144.00,6.00,0,0.283354,18,3
41,20,-103.00,-123.00,0,0.282504,16,10
42,5,72.00,82.00,1,0.281656,2,3
43,20,-75.00,-85.00,0,0.280811,15,10
44,20,-78.00,-48.00,0,0.279969,14,8
45,20,-79.00,-69.00,0,0.279129,15,13
46,20,-89.00,-59.00,0,0.278292,17,15
47,20,-77.00,-77.00,0,0.277457,13,9
48,4,100.00,100.00,1,0.276624,1,0
49,2,100.00,100.00,1,0.275795,0,0
50,20,-55.00,-35.00,0,0.274967,15,8
51,20,-62.00,-62.00,0,0.274142,15,11
52,0,0.00,0.00,1,0.273320,0,0
53,0,0.00,0.00,1,0.272500,0,0
54,20,-138.00,-188.00,0,0.271682,18,6
55,20,-74.00,-64.00,0,0.270867,14,12
56,20,-10.00,-60.00,0,0.270055,14,12
57,20,-77.00,-67.00,0,0.269245,16,11
58,2,100.00,100.00,1,0.268437,0,0
59,2,100.00,100.00,1,0.267632,0,0
60,20,-84.00,-64.00,0,0.266829,16,8
61,20,-62.00,-52.00,0,0.266028,17,7
62,20,-145.00,-135.00,0,0.265230,13,4
63,20,-79.00,-129.00,0,0.264434,16,9
64,20,-81.00,-61.00,0,0.263641,14,8
65,20,-72.00,-62.00,0,0.262850,15,11
66,20,-84.00,-74.00,0,0.262062,15,10
67,20,-123.00,-123.00,0,0.261275,14,14
68,13,89.00,99.00,1,0.260492,6,1
69,3,89.00,99.00,1,0.259710,1,1
70,20,-116.00,-86.00,0,0.258931,12,12
71,20,-74.00,-74.00,0,0.258154,14,15
72,1,50.00,50.00,1,0.257380,0,0
73,1,50.00,50.00,1,0.256608,0,0
74,20,-9.00,-9.00,0,0.255838,11,6
75,20,-59.00,-89.00,0,0.255070,15,12
76,20,-9.00,1.00,0,0.254305,14,9
77,20,-77.00,-47.00,0,0.253542,14,10
78,4,100.00,100.00,1,0.252781,1,0
79,4,88.00,78.00,1,0.252023,2,2
80,20,-74.00,-74.00,0,0.251267,16,12
81,20,-45.00,-35.00,0,0.250513,15,7
82,20,-84.00,-64.00,0,0.249762,14,9
83,2,44.00,44.00,1,0.249012,0,1
84,20,-59.00,-99.00,0,0.248265,15,12
85,20,-72.00,-52.00,0,0.247521,15,11
86,20,-23.00,-3.00,0,0.246778,13,6
87,13,99.00,89.00,1,0.246038,6,1
88,5,94.00,94.00,1,0.245300,1,1
89,3,99.00,89.00,1,0.244564,1,1
90,20,-94.00,-44.00,0,0.243830,16,11
91,20,-72.00,-52.00,0,0.243099,15,10
92,0,0.00,0.00,1,0.242369,0,0
93,7,50.00,50.00,1,0.241642,3,0
94,20,-57.00,-47.00,0,0.240917,13,10
95,20,-55.00,-25.00,0,0.240194,13,14
96,20,-4.00,6.00,0,0.239474,13,10
97,20,-129.00,-89.00,0,0.238755,14,11
98,20,78.00,78.00,1,0.238039,10,2
99,2,100.00,100.00,1,0.237325,0,0
100,20,-69.00,-69.00,0,0.236613,17,11
101,20,-60.00,-50.00,0,0.235903,14,11
102,20,-123.00,-113.00,0,0.235196,18,10
103,0,0.00,0.00,1,0.234490,0,0
104,20,-42.00,-62.00,0,0.233786,15,11
105,20,-52.00,-62.00,0,0.233085,15,9
106,20,49.00,59.00,0,0.232386,12,6
107,20,-43.00,-53.00,0,0.231689,12,8
108,7,89.00,89.00,1,0.230994,3,1
109,3,99.00,89.00,1,0.230301,1,1
110,20,-79.00,-79.00,0,0.229610,15,13
111,20,-54.00,-84.00,0,0.228921,16,12
112,20,-67.00,-47.00,0,0.228234,14,11
113,0,0.00,0.00,1,0.227549,0,0
114,20,-99.00,-69.00,0,0.226867,15,10
115,20,-38.00,-38.00,0,0.226186,15,9
116,20,103.00,133.00,0,0.225508,11,3
117,1,50.00,50.00,1,0.224831,0,0
118,3,94.00,94.00,1,0.224157,0,1
119,2,100.00,100.00,1,0.223484,0,0
120,20,-69.00,-79.00,0,0.222814,15,13
121,20,-89.00,-69.00,0,0.222145,17,14
122,0,0.00,0.00,1,0.221479,0,0
123,0,0.00,0.00,1,0.220814,0,0
124,20,-89.00,-79.00,0,0.220152,13,12
125,20,-79.00,-69.00,0,0.219492,16,10
126,20,124.00,184.00,0,0.218833,10,1
127,0,0.00,0.00,1,0.218177,0,0
128,4,100.00,100.00,1,0.217522,1,0
129,2,100.00,100.00,1,0.216869,0,0
130,20,-42.00,-82.00,0,0.216219,15,11
131,20,-57.00,-57.00,0,0.215570,14,12
132,1,50.00,50.00,1,0.214923,0,0
133,2,44.00,44.00,1,0.214279,0,1
134,20,-47.00,-47.00,0,0.213636,15,8
135,20,-39.00,-69.00,0,0.212995,15,9
136,20,39.00,69.00,0,0.212356,11,4
137,20,-59.00,-79.00,0,0.211719,17,11
138,3,89.00,99.00,1,0.211084,1,1
139,2,100.00,100.00,1,0.210450,0,0
140,20,-62.00,-52.00,0,0.209819,15,9
141,20,-64.00,-74.00,0,0.209190,16,10
142,20,-84.00,-74.00,0,0.208562,16,13
143,20,-74.00,-74.00,0,0.207936,16,10
144,20,-47.00,-67.00,0,0.207313,14,11
145,20,-89.00,-59.00,0,0.206691,14,13
146,20,-23.00,-13.00,0,0.206071,12,8
147,0,0.00,0.00,1,0.205452,0,0
148,2,100.00,100.00,1,0.204836,0,0
149,3,89.00,89.00,1,0.204222,1,1
150,20,-50.00,-30.00,0,0.203609,14,9
151,20,-79.00,-79.00,0,0.202998,13,14
152,4,27.00,27.00,1,0.202389,3,3
153,0,0.00,0.00,1,0.201782,0,0
154,20,-49.00,-79.00,0,0.201177,16,14
155,20,-79.00,-69.00,0,0.200573,15,13
156,20,78.00,118.00,0,0.199971,11,4
157,0,0.00,0.00,1,0.199371,0,0
158,2,100.00,100.00,1,0.198773,0,0
159,3,89.00,89.00,1,0.198177,1,1
160,20,-40.00,-50.00,0,0.197582,14,9
161,20,-74.00,-54.00,0,0.196990,18,9
162,0,0.00,0.00,1,0.196399,0,0
163,1,50.00,50.00,1,0.195809,0,0
164,20,-52.00,-42.00,0,0.195222,13,10
165,20,-50.00,-40.00,0,0.194636,14,14
166,20,62.00,62.00,0,0.194052,11,8
167,1,50.00,50.00,1,0.193470,0,0
168,2,100.00,100.00,1,0.192890,0,0
169,2,100.00,100.00,1,0.192311,0,0
170,20,-55.00,-45.00,0,0.191734,15,10
171,20,-89.00,-79.00,0,0.191159,15,12
172,20,-87.00,-57.00,0,0.190586,13,6
173,0,0.00,0.00,1,0.190014,0,0
174,20,-25.00,-35.00,0,0.189444,13,10
175,20,-79.00,-69.00,0,0.188876,15,9
176,20,134.00,174.00,0,0.188309,10,2
177,20,-130.00,-140.00,0,0.187744,16,17
178,2,100.00,100.00,1,0.187181,0,0
179,2,100.00,100.00,1,0.186619,0,0
180,20,-67.00,-47.00,0,0.186059,16,10
181,20,-74.00,-64.00,0,0.185501,16,11
182,0,0.00,0.00,1,0.184945,0,0
183,20,-64.00,-84.00,0,0.184390,16,12
184,20,-47.00,-67.00,0,0.183837,14,9
185,20,-94.00,-104.00,0,0.183285,16,9
186,20,98.00,118.00,0,0.182735,11,4
187,0,0.00,0.00,1,0.182187,0,0
188,2,100.00,100.00,1,0.181641,0,0
189,2,100.00,100.00,1,0.181096,0,0
190,20,-74.00,-84.00,0,0.180552,16,11
191,20,-62.00,-72.00,0,0.180011,15,11
192,20,-42.00,-12.00,0,0.179471,13,5
193,4,83.00,93.00,1,0.178932,1,2
194,20,-82.00,-52.00,0,0.178395,15,12
195,20,-25.00,-35.00,0,0.177860,13,12
196,20,93.00,123.00,0,0.177327,10,6
197,20,-120.00,-120.00,0,0.176795,15,13
198,2,100.00,100.00,1,0.176264,0,0
199,2,100.00,100.00,1,0.175735,0,0
200,20,-40.00,-40.00,0,0.175208,14,10
201,20,-64.00,-74.00,0,0.174683,14,13
202,1,50.00,50.00,1,0.174159,0,0
203,20,-95.00,-85.00,0,0.173636,13,10
204,20,-28.00,-38.00,0,0.173115,15,6
205,20,-94.00,-84.00,0,0.172596,16,13
206,20,85.00,135.00,0,0.172078,10,0
207,20,-105.00,-135.00,0,0.171562,15,12
208,2,100.00,100.00,1,0.171047,0,0
209,2,100.00,100.00,1,0.170534,0,0
210,20,-72.00,-52.00,0,0.170022,15,10
211,20,-35.00,-55.00,0,0.169512,15,10
212,20,-103.00,-133.00,0,0.169004,16,12
213,5,-18.00,-28.00,1,0.168497,3,3
214,20,-45.00,-35.00,0,0.167991,14,10
215,20,-59.00,-39.00,0,0.167487,14,9
216,20,85.00,135.00,0,0.166985,10,0
217,20,-95.00,-85.00,0,0.166484,15,13
218,4,98.00,78.00,1,0.165984,2,2
219,2,100.00,100.00,1,0.165487,0,0
220,20,-57.00,-57.00,0,0.164990,14,11
221,20,-62.00,-52.00,0,0.164495,15,9
222,20,-111.00,-101.00,0,0.164002,15,10
223,0,0.00,0.00,1,0.163510,0,0
224,20,-113.00,-113.00,0,0.163019,15,8
225,20,-54.00,-54.00,0,0.162530,14,8
226,20,48.00,68.00,0,0.162042,11,3
227,20,-120.00,-130.00,0,0.161556,16,12
228,2,100.00,100.00,1,0.161072,0,0
229,2,100.00,100.00,1,0.160588,0,0
230,20,-40.00,-50.00,0,0.160107,16,7
231,20,-31.00,-11.00,0,0.159626,13,7
232,0,0.00,0.00,1,0.159147,0,0
233,0,0.00,0.00,1,0.158670,0,0
234,20,-67.00,-47.00,0,0.158194,14,11
235,20,-99.00,-99.00,0,0.157719,14,13
236,20,66.00,106.00,0,0.157246,10,0
237,0,0.00,0.00,1,0.156775,0,0
238,2,100.00,100.00,1,0.156304,0,0
239,2,100.00,100.00,1,0.155835,0,0
240,20,-53.00,-23.00,0,0.155368,14,8
241,20,-18.00,-38.00,0,0.154902,13,9
242,6,-34.00,-14.00,1,0.154437,3,4
243,20,-75.00,-75.00,0,0.153974,12,10
244,20,-57.00,-57.00,0,0.153512,16,11
245,20,-74.00,-64.00,0,0.153051,16,10
246,20,134.00,174.00,0,0.152592,10,1
247,0,0.00,0.00,1,0.152134,0,0
248,2,100.00,100.00,1,0.151678,0,0
249,3,89.00,89.00,1,0.151223,1,1
250,20,-25.00,-65.00,0,0.150769,15,9
251,20,-64.00,-84.00,0,0.150317,16,12
252,20,-5.00,45.00,0,0.149866,12,1
253,20,-54.00,-84.00,0,0.149416,15,10
254,20,-57.00,-37.00,0,0.148968,14,8
255,20,-69.00,-79.00,0,0.148521,17,11
256,20,124.00,164.00,0,0.148076,10,2
257,20,-43.00,-13.00,0,0.147631,14,7
258,2,100.00,100.00,1,0.147188,0,0
259,2,100.00,100.00,1,0.146747,0,0
260,20,-116.00,-106.00,0,0.146307,14,12
261,20,-62.00,-72.00,0,0.145868,15,11
262,1,50.00,50.00,1,0.145430,0,0
263,3,89.00,89.00,1,0.144994,1,1
264,20,-67.00,-117.00,0,0.144559,15,11
265,20,-79.00,-99.00,0,0.144125,15,14
266,20,74.00,144.00,0,0.143693,11,3
267,1,50.00,50.00,1,0.143262,0,0
268,2,100.00,100.00,1,0.142832,0,0
269,3,89.00,99.00,1,0.142403,1,1
270,20,-50.00,-40.00,0,0.141976,14,9
271,20,-57.00,-67.00,0,0.141550,14,10
272,20,-80.00,-60.00,0,0.141126,14,12
273,0,0.00,0.00,1,0.140702,0,0
274,20,-35.00,-5.00,0,0.140280,11,6
275,20,-69.00,-79.00,0,0.139859,15,12
276,20,34.00,84.00,0,0.139440,12,4
277,0,0.00,0.00,1,0.139021,0,0
278,2,100.00,100.00,1,0.138604,0,0
279,2,100.00,100.00,1,0.138189,0,0
280,20,-60.00,-20.00,0,0.137774,14,7
281,20,-38.00,-18.00,0,0.137361,13,8
282,2,100.00,100.00,1,0.136949,0,0
283,0,0.00,0.00,1,0.136538,0,0
284,20,-62.00,-52.00,0,0.136128,14,11
285,20,-57.00,-57.00,0,0.135720,15,8
286,20,93.00,133.00,0,0.135313,9,4
287,0,0.00,0.00,1,0.134907,0,0
288,3,94.00,94.00,1,0.134502,0,1
289,2,100.00,100.00,1,0.134098,0,0
290,20,-55.00,-55.00,0,0.133696,15,9
291,20,-35.00,-55.00,0,0.133295,15,9
292,0,0.00,0.00,1,0.132895,0,0
293,20,89.00,129.00,0,0.132496,10,2
294,20,-20.00,-40.00,0,0.132099,14,6
295,20,-64.00,-64.00,0,0.131703,16,12
296,20,129.00,169.00,0,0.131308,9,2
297,0,0.00,0.00,1,0.130914,0,0
298,2,100.00,100.00,1,0.130521,0,0
299,3,89.00,89.00,1,0.130129,1,1
300,20,-30.00,-50.00,0,0.129739,14,11
301,20,-43.00,-23.00,0,0.129350,14,7
302,0,0.00,0.00,1,0.128962,0,0
303,20,34.00,84.00,0,0.128575,10,3
304,20,-52.00,-52.00,0,0.128189,14,10
305,20,-84.00,-74.00,0,0.127805,16,13
306,20,64.00,104.00,0,0.127421,10,0
307,20,-79.00,-59.00,0,0.127039,15,11
308,3,99.00,89.00,1,0.126658,1,1
309,5,99.00,89.00,1,0.126278,2,1
310,20,-65.00,-35.00,0,0.125899,15,8
311,20,-48.00,-38.00,0,0.125521,15,11
312,0,0.00,0.00,1,0.125145,0,0
313,20,-2.00,18.00,0,0.124769,13,6
314,20,-37.00,-47.00,0,0.124395,14,8
315,20,-26.00,-6.00,0,0.124022,12,6
316,20,26.00,6.00,0,0.123650,12,8
317,20,-98.00,-68.00,0,0.123279,14,8
318,2,100.00,100.00,1,0.122909,0,0
319,3,89.00,99.00,1,0.122540,1,1
320,20,-53.00,-3.00,0,0.122173,12,8
321,20,-35.00,-55.00,0,0.121806,15,8
322,20,-69.00,-79.00,0,0.121441,15,14
323,1,50.00,50.00,1,0.121076,0,0
324,20,-62.00,-42.00,0,0.120713,14,8
325,20,-47.00,-67.00,0,0.120351,15,10
326,20,-2.00,18.00,0,0.119990,13,4
327,20,-1.00,-31.00,0,0.119630,13,6
328,2,100.00,100.00,1,0.119271,0,0
329,2,100.00,100.00,1,0.118913,0,0
330,20,-101.00,-121.00,0,0.118556,15,12
331,20,-45.00,-45.00,0,0.118201,13,8
332,20,-105.00,-115.00,0,0.117846,14,12
333,0,0.00,0.00,1,0.117493,0,0
334,20,3.00,-17.00,0,0.117140,11,6
335,20,-40.00,-50.00,0,0.116789,14,9
336,20,144.00,184.00,0,0.116438,9,0
337,2,100.00,100.00,1,0.116089,0,0
338,2,100.00,100.00,1,0.115741,0,0
339,2,100.00,100.00,1,0.115394,0,0
340,20,-62.00,-62.00,0,0.115047,17,10
341,20,-33.00,-33.00,0,0.114702,14,6
342,20,-84.00,-54.00,0,0.114358,16,12
343,0,0.00,0.00,1,0.114015,0,0
344,20,-80.00,-60.00,0,0.113673,13,7
345,20,-25.00,-35.00,0,0.113332,13,7
346,20,64.00,104.00,0,0.112992,10,0
347,20,-62.00,-62.00,0,0.112653,15,11
348,2,100.00,100.00,1,0.112315,0,0
349,3,94.00,94.00,1,0.111978,0,1
350,20,-55.00,-45.00,0,0.111642,13,8
351,20,-45.00,-45.00,0,0.111307,15,9
352,0,0.00,0.00,1,0.110973,0,0
353,20,-52.00,-62.00,0,0.110640,15,10
354,20,-37.00,-67.00,0,0.110308,16,11
355,20,-54.00,-54.00,0,0.109978,14,10
356,20,129.00,179.00,0,0.109648,9,1
357,2,100.00,100.00,1,0.109319,0,0
358,2,100.00,100.00,1,0.108991,0,0
359,2,100.00,100.00,1,0.108664,0,0
360,20,-23.00,-33.00,0,0.108338,14,9
361,20,-67.00,-47.00,0,0.108013,16,8
362,20,-92.00,-52.00,0,0.107689,14,4
363,0,0.00,0.00,1,0.107366,0,0
364,20,-39.00,-9.00,0,0.107044,12,6
365,20,-48.00,-28.00,0,0.106722,15,8
366,20,134.00,164.00,0,0.106402,10,2
367,0,0.00,0.00,1,0.106083,0,0
368,3,89.00,89.00,1,0.105765,1,1
369,2,100.00,100.00,1,0.105448,0,0
370,20,-28.00,-28.00,0,0.105131,15,6
371,20,-11.00,-31.00,0,0.104816,13,8
372,0,0.00,0.00,1,0.104501,0,0
373,20,-28.00,-48.00,0,0.104188,13,9
374,20,10.00,-10.00,0,0.103875,12,8
375,20,-52.00,-42.00,0,0.103564,13,9
376,20,89.00,119.00,0,0.103253,10,1
377,0,0.00,0.00,1,0.102943,0,0
378,2,100.00,100.00,1,0.102634,0,0
379,2,100.00,100.00,1,0.102326,0,0
380,20,-60.00,-50.00,0,0.102019,14,11
381,20,-45.00,-35.00,0,0.101713,15,8
382,20,94.00,124.00,0,0.101408,11,3
383,20,-93.00,-103.00,0,0.101104,15,7
384,20,-22.00,-32.00,0,0.100801,12,8
385,20,5.00,-25.00,0,0.100498,12,6
386,20,129.00,179.00,0,0.100197,9,1
387,20,-49.00,1.00,0,0.099896,14,9
388,2,100.00,100.00,1,0.099597,0,0
389,2,100.00,100.00,1,0.099298,0,0
390,20,-23.00,-33.00,0,0.099000,14,7
391,20,-55.00,-35.00,0,0.098703,13,10
392,2,100.00,100.00,1,0.098407,0,0
393,0,0.00,0.00,1,0.098112,0,0
394,20,11.00,-9.00,0,0.097817,10,3
395,20,-64.00,-44.00,0,0.097524,12,11
396,20,134.00,164.00,0,0.097231,10,2
397,20,-49.00,-89.00,0,0.096940,15,12
398,2,100.00,100.00,1,0.096649,0,0
399,2,100.00,100.00,1,0.096359,0,0
400,20,-28.00,-28.00,0,0.096070,13,7
401,20,-33.00,-43.00,0,0.095781,14,7
402,1,50.00,50.00,1,0.095494,0,0
403,0,0.00,0.00,1,0.095208,0,0
404,20,-40.00,-50.00,0,0.094922,14,10
405,20,-82.00,-72.00,0,0.094637,14,6
406,20,124.00,184.00,0,0.094353,10,1
407,20,-120.00,-120.00,0,0.094070,17,12
408,2,100.00,100.00,1,0.093788,0,0
409,2,100.00,100.00,1,0.093507,0,0
410,20,-77.00,-57.00,0,0.093226,16,10
411,20,-96.00,-96.00,0,0.092946,16,10
412,20,4.00,44.00,0,0.092668,12,1
413,2,100.00,100.00,1,0.092390,0,0
414,20,25.00,25.00,0,0.092112,11,6
415,20,-59.00,-79.00,0,0.091836,13,9
416,20,85.00,135.00,0,0.091561,10,0
417,20,-113.00,-123.00,0,0.091286,16,11
418,3,89.00,89.00,1,0.091012,1,1
419,2,100.00,100.00,1,0.090739,0,0
420,20,-79.00,-99.00,0,0.090467,14,10
421,20,-48.00,-28.00,0,0.090195,13,9
422,20,-9.00,-9.00,0,0.089925,12,6
423,20,-130.00,-140.00,0,0.089655,16,14
424,20,-119.00,-129.00,0,0.089386,14,6
425,20,-45.00,-55.00,0,0.089118,15,6
426,20,94.00,124.00,0,0.088851,9,3
427,1,50.00,50.00,1,0.088584,0,0
428,2,100.00,100.00,1,0.088318,0,0
429,2,100.00,100.00,1,0.088053,0,0
430,20,-14.00,6.00,0,0.087789,13,3
431,20,-26.00,-16.00,0,0.087526,12,7
432,20,-50.00,-40.00,0,0.087263,16,12
433,20,-52.00,-72.00,0,0.087001,15,12
434,20,-62.00,-22.00,0,0.086740,13,8
435,20,-55.00,-65.00,0,0.086480,13,7
436,20,85.00,135.00,0,0.086221,10,0
437,1,50.00,50.00,1,0.085962,0,0
438,2,100.00,100.00,1,0.085704,0,0
439,2,100.00,100.00,1,0.085447,0,0
440,20,-55.00,-35.00,0,0.085191,15,8
441,20,6.00,-14.00,0,0.084935,13,6
442,0,0.00,0.00,1,0.084680,0,0
443,0,0.00,0.00,1,0.084426,0,0
444,20,-50.00,-50.00,0,0.084173,13,7
445,20,-55.00,-45.00,0,0.083921,12,7
446,20,99.00,119.00,0,0.083669,10,1
447,20,-65.00,-75.00,0,0.083418,14,6
448,2,100.00,100.00,1,0.083168,0,0
449,2,100.00,100.00,1,0.082918,0,0
450,20,-55.00,-35.00,0,0.082669,13,10
451,20,-31.00,-11.00,0,0.082421,13,6
452,20,-85.00,-75.00,0,0.082174,12,6
453,0,0.00,0.00,1,0.081927,0,0
454,20,0.00,-20.00,0,0.081682,13,6
455,20,-50.00,-50.00,0,0.081437,14,10
456,20,54.00,84.00,0,0.081192,11,0
457,20,-36.00,-6.00,0,0.080949,14,4
458,2,100.00,100.00,1,0.080706,0,0
459,2,100.00,100.00,1,0.080464,0,0
460,20,-21.00,-21.00,0,0.080222,13,7
461,20,-77.00,-87.00,0,0.079982,13,8
462,0,0.00,0.00,1,0.079742,0,0
463,20,-35.00,-45.00,0,0.079503,11,6
464,20,-62.00,-52.00,0,0.079264,17,9
465,20,-52.00,-42.00,0,0.079026,14,9
466,20,129.00,179.00,0,0.078789,9,1
467,20,-148.00,-148.00,0,0.078553,14,10
468,2,100.00,100.00,1,0.078317,0,0
469,3,94.00,94.00,1,0.078082,0,1
470,20,-77.00,-77.00,0,0.077848,13,10
471,20,-13.00,-43.00,0,0.077614,14,7
472,20,-10.00,0.00,0,0.077382,10,5
473,20,-105.00,-75.00,0,0.077149,16,12
474,20,-17.00,-7.00,0,0.076918,12,8
475,20,-95.00,-65.00,0,0.076687,13,9
476,20,49.00,99.00,0,0.076457,10,2
477,1,50.00,50.00,1,0.076228,0,0
478,2,100.00,100.00,1,0.075999,0,0
479,2,100.00,100.00,1,0.075771,0,0
480,20,-11.00,-31.00,0,0.075544,15,5
481,20,-53.00,-23.00,0,0.075317,14,7
482,2,100.00,100.00,1,0.075091,0,0
483,0,0.00,0.00,1,0.074866,0,0
484,20,-23.00,-43.00,0,0.074641,14,7
485,20,0.00,-30.00,0,0.074417,11,6
486,20,99.00,139.00,0,0.074194,9,1
487,0,0.00,0.00,1,0.073972,0,0
488,2,100.00,100.00,1,0.073750,0,0
489,2,100.00,100.00,1,0.073528,0,0
490,20,-28.00,-38.00,0,0.073308,13,7
491,20,-11.00,-31.00,0,0.073088,13,8
492,20,-90.00,-100.00,0,0.072869,14,7
493,20,-21.00,-11.00,0,0.072650,13,6
494,20,-116.00,-86.00,0,0.072432,14,10
495,20,-35.00,-25.00,0,0.072215,15,8
496,20,146.00,186.00,0,0.071998,9,0
497,1,50.00,50.00,1,0.071782,0,0
498,2,100.00,100.00,1,0.071567,0,0
499,2,100.00,100.00,1,0.071352,0,0
500,20,-31.00,-11.00,0,0.071138,13,8
501,20,-38.00,-38.00,0,0.070925,13,10
502,0,0.00,0.00,1,0.070712,0,0
503,0,0.00,0.00,1,0.070500,0,0
504,20,-22.00,-42.00,0,0.070288,14,8
505,20,-44.00,-34.00,0,0.070077,13,9
506,20,85.00,135.00,0,0.069867,10,0
507,0,0.00,0.00,1,0.069658,0,0
508,3,99.00,89.00,1,0.069449,1,1
509,2,100.00,100.00,1,0.069240,0,0
510,20,9.00,-41.00,0,0.069033,13,6
511,20,13.00,3.00,0,0.068825,13,4
512,20,-65.00,-105.00,0,0.068619,14,14
513,1,50.00,50.00,1,0.068413,0,0
514,20,-5.00,-5.00,0,0.068208,11,5
515,20,-60.00,-50.00,0,0.068003,13,5
516,20,124.00,174.00,0,0.067799,10,1
517,2,100.00,100.00,1,0.067596,0,0
518,2,100.00,100.00,1,0.067393,0,0
519,2,100.00,100.00,1,0.067191,0,0
520,20,-21.00,-21.00,0,0.066989,13,7
521,20,-9.00,1.00,0,0.066788,12,5
522,0,0.00,0.00,1,0.066588,0,0
523,20,-85.00,-85.00,0,0.066388,16,11
524,20,-77.00,-77.00,0,0.066189,14,7
525,20,-60.00,-80.00,0,0.065990,13,9
526,20,124.00,164.00,0,0.065792,10,2
527,20,-95.00,-75.00,0,0.065595,14,8
528,2,100.00,100.00,1,0.065398,0,0
529,2,100.00,100.00,1,0.065202,0,0
530,20,-36.00,-16.00,0,0.065007,14,7
531,20,-6.00,-36.00,0,0.064811,14,7
532,0,0.00,0.00,1,0.064617,0,0
533,20,6.00,56.00,0,0.064423,12,2
534,20,-16.00,-36.00,0,0.064230,14,6
535,20,-40.00,-30.00,0,0.064037,15,6
536,20,124.00,184.00,0,0.063845,10,1
537,20,-84.00,-54.00,0,0.063654,16,13
538,2,100.00,100.00,1,0.063463,0,0
539,2,100.00,100.00,1,0.063272,0,0
540,20,-21.00,-21.00,0,0.063082,13,7
541,20,-58.00,-28.00,0,0.062893,13,9
542,20,-89.00,-69.00,0,0.062705,15,14
543,20,-59.00,-79.00,0,0.062516,15,11
544,20,-59.00,-39.00,0,0.062329,12,5
545,20,-55.00,-35.00,0,0.062142,14,8
546,20,85.00,135.00,0,0.061955,10,0
547,1,50.00,50.00,1,0.061770,0,0
548,2,100.00,100.00,1,0.061584,0,0
549,2,100.00,100.00,1,0.061400,0,0
550,20,-19.00,11.00,0,0.061215,12,4
551,20,-9.00,1.00,0,0.061032,14,4
552,20,95.00,125.00,0,0.060849,10,0
553,20,-15.00,-15.00,0,0.060666,11,3
554,20,-20.00,-30.00,0,0.060484,12,8
555,20,3.00,-7.00,0,0.060303,11,6
556,20,64.00,104.00,0,0.060122,10,0
557,20,-72.00,-62.00,0,0.059941,15,11
558,2,100.00,100.00,1,0.059761,0,0
559,2,100.00,100.00,1,0.059582,0,0
560,20,18.00,-2.00,0,0.059403,12,3
561,20,6.00,-14.00,0,0.059225,11,5
562,20,-50.00,-40.00,0,0.059048,14,9
563,20,-41.00,-11.00,0,0.058870,15,7
564,20,-45.00,-45.00,0,0.058694,15,9
565,20,-35.00,-55.00,0,0.058518,14,7
566,20,85.00,135.00,0,0.058342,10,0
567,20,-115.00,-135.00,0,0.058167,17,12
568,2,100.00,100.00,1,0.057993,0,0
569,2,100.00,100.00,1,0.057819,0,0
570,20,-4.00,-14.00,0,0.057645,13,6
571,20,-33.00,-43.00,0,0.057472,12,10
572,20,-5.00,-35.00,0,0.057300,12,6
573,20,-31.00,-21.00,0,0.057128,13,7
574,20,-27.00,-7.00,0,0.056957,13,6
575,20,-42.00,-22.00,0,0.056786,13,8
576,20,124.00,174.00,0,0.056615,10,1
577,4,88.00,78.00,1,0.056445,2,2
578,2,100.00,100.00,1,0.056276,0,0
579,2,100.00,100.00,1,0.056107,0,0
580,20,6.00,-14.00,0,0.055939,13,6
581,20,-72.00,-82.00,0,0.055771,14,8
582,20,-157.00,-167.00,0,0.055604,15,12
583,20,-75.00,-85.00,0,0.055437,16,10
584,20,-14.00,-14.00,0,0.055271,12,4
585,20,-79.00,-89.00,0,0.055105,14,7
586,20,85.00,135.00,0,0.054940,10,0
587,0,0.00,0.00,1,0.054775,0,0
588,2,100.00,100.00,1,0.054610,0,0
589,2,100.00,100.00,1,0.054447,0,0
590,20,-72.00,-72.00,0,0.054283,14,8
591,20,3.00,3.00,0,0.054120,13,4
592,2,44.00,44.00,1,0.053958,0,1
593,0,0.00,0.00,1,0.053796,0,0
594,20,-25.00,-15.00,0,0.053635,13,6
595,20,10.00,0.00,0,0.053474,11,4
596,20,134.00,164.00,0,0.053314,10,0
597,20,-130.00,-130.00,0,0.053154,15,12
598,2,100.00,100.00,1,0.052994,0,0
599,2,100.00,100.00,1,0.052835,0,0
600,20,-19.00,-19.00,0,0.052677,12,6
601,20,-36.00,-36.00,0,0.052519,11,4
602,0,0.00,0.00,1,0.052361,0,0
603,0,0.00,0.00,1,0.052204,0,0
604,20,-89.00,-59.00,0,0.052047,12,9
605,20,-65.00,-55.00,0,0.051891,13,7
606,20,144.00,184.00,0,0.051736,9,0
607,2,100.00,100.00,1,0.051580,0,0
608,2,100.00,100.00,1,0.051426,0,0
609,2,100.00,100.00,1,0.051271,0,0
610,20,-21.00,-21.00,0,0.051117,13,7
611,20,-9.00,1.00,0,0.050964,12,6
612,1,50.00,50.00,1,0.050811,0,0
613,20,-21.00,-21.00,0,0.050659,13,6
614,20,-4.00,-14.00,0,0.050507,13,5
615,20,-11.00,-11.00,0,0.050355,14,8
616,20,85.00,135.00,0,0.050204,10,0
617,20,-67.00,-47.00,0,0.050054,14,11
618,2,100.00,100.00,1,0.049903,0,0
619,2,100.00,100.00,1,0.049754,0,0
620,20,-14.00,-4.00,0,0.049605,13,4
621,20,-14.00,-14.00,0,0.049456,13,5
622,0,0.00,0.00,1,0.049307,0,0
623,20,-84.00,-84.00,0,0.049159,15,8
624,20,-49.00,-69.00,0,0.049012,13,7
625,20,-37.00,-57.00,0,0.048865,12,5
626,20,44.00,104.00,0,0.048718,11,0
627,0,0.00,0.00,1,0.048572,0,0
628,2,100.00,100.00,1,0.048426,0,0
629,2,100.00,100.00,1,0.048281,0,0
630,20,-19.00,1.00,0,0.048136,12,6
631,20,15.00,25.00,0,0.047992,10,3
632,20,-133.00,-113.00,0,0.047848,16,12
633,20,-75.00,-95.00,0,0.047704,16,12
634,20,-80.00,-70.00,0,0.047561,15,7
635,20,-15.00,5.00,0,0.047419,13,4
636,20,124.00,174.00,0,0.047276,10,1
637,20,-125.00,-145.00,0,0.047134,17,13
638,2,100.00,100.00,1,0.046993,0,0
639,2,100.00,100.00,1,0.046852,0,0
640,20,-21.00,-11.00,0,0.046712,13,8
641,20,-43.00,-53.00,0,0.046571,13,4
642,20,-5.00,5.00,0,0.046432,10,3
643,1,50.00,50.00,1,0.046292,0,0
644,20,25.00,-5.00,0,0.046154,12,4
645,20,-25.00,-25.00,0,0.046015,12,11
646,20,144.00,164.00,0,0.045877,10,2
647,0,0.00,0.00,1,0.045739,0,0
648,2,100.00,100.00,1,0.045602,0,0
649,2,100.00,100.00,1,0.045465,0,0
650,20,-36.00,-36.00,0,0.045329,13,2
651,20,-31.00,-11.00,0,0.045193,13,7
652,0,0.00,0.00,1,0.045057,0,0
653,0,0.00,0.00,1,0.044922,0,0
654,20,30.00,40.00,0,0.044787,9,4
655,20,-6.00,-6.00,0,0.044653,13,4
656,20,124.00,174.00,0,0.044519,10,1
657,20,-116.00,-116.00,0,0.044386,13,7
658,2,100.00,100.00,1,0.044252,0,0
659,2,100.00,100.00,1,0.044120,0,0
660,20,-12.00,8.00,0,0.043987,12,4
661,20,-4.00,-24.00,0,0.043855,13,8
662,20,-130.00,-110.00,0,0.043724,17,11
663,20,-85.00,-75.00,0,0.043593,13,14
664,20,-65.00,-65.00,0,0.043462,14,11
665,20,18.00,8.00,0,0.043331,10,2
666,20,85.00,135.00,0,0.043201,10,0
667,20,-71.00,-71.00,0,0.043072,14,7
668,2,100.00,100.00,1,0.042943,0,0
669,2,100.00,100.00,1,0.042814,0,0
670,20,-11.00,-31.00,0,0.042685,13,7
671,20,8.00,8.00,0,0.042557,12,3
672,20,5.00,5.00,0,0.042430,10,3
673,0,0.00,0.00,1,0.042302,0,0
674,20,10.00,30.00,0,0.042175,10,4
675,20,-13.00,-3.00,0,0.042049,12,9
676,20,144.00,184.00,0,0.041923,9,0
677,1,50.00,50.00,1,0.041797,0,0
678,2,100.00,100.00,1,0.041672,0,0
679,2,100.00,100.00,1,0.041547,0,0
680,20,-9.00,1.00,0,0.041422,12,6
681,20,8.00,8.00,0,0.041298,12,3
682,2,100.00,100.00,1,0.041174,0,0
683,20,-80.00,-70.00,0,0.041050,16,10
684,20,25.00,25.00,0,0.040927,11,4
685,20,6.00,6.00,0,0.040804,11,4
686,20,124.00,184.00,0,0.040682,10,1
687,1,50.00,50.00,1,0.040560,0,0
688,2,100.00,100.00,1,0.040438,0,0
689,2,100.00,100.00,1,0.040317,0,0
690,20,13.00,-7.00,0,0.040196,13,3
691,20,-67.00,-87.00,0,0.040075,13,8
692,2,100.00,100.00,1,0.039955,0,0
693,20,-64.00,-84.00,0,0.039835,16,10
694,20,35.00,45.00,0,0.039716,10,4
695,20,8.00,28.00,0,0.039597,12,6
696,20,85.00,135.00,0,0.039478,10,0
697,20,-12.00,18.00,0,0.039359,12,2
698,2,100.00,100.00,1,0.039241,0,0
699,2,100.00,100.00,1,0.039124,0,0
700,20,-45.00,-45.00,0,0.039006,13,11
701,20,-41.00,-31.00,0,0.038889,12,4
702,0,0.00,0.00,1,0.038773,0,0
703,0,0.00,0.00,1,0.038656,0,0
704,20,51.00,21.00,0,0.038540,13,6
705,20,-4.00,-44.00,0,0.038425,13,6
706,20,144.00,184.00,0,0.038309,9,0
707,1,50.00,50.00,1,0.038194,0,0
708,2,100.00,100.00,1,0.038080,0,0
709,3,89.00,99.00,1,0.037966,1,1
710,20,-24.00,-24.00,0,0.037852,12,2
711,20,3.00,13.00,0,0.037738,11,4
712,20,-28.00,-38.00,0,0.037625,15,7
713,20,85.00,135.00,0,0.037512,10,0
714,20,25.00,35.00,0,0.037400,10,3
715,20,-50.00,-20.00,0,0.037287,13,9
716,20,85.00,135.00,0,0.037175,10,0
717,20,-9.00,1.00,0,0.037064,14,5
718,2,100.00,100.00,1,0.036953,0,0
719,2,100.00,100.00,1,0.036842,0,0
720,20,-46.00,-26.00,0,0.036731,11,4
721,20,-9.00,-19.00,0,0.036621,14,5
722,0,0.00,0.00,1,0.036511,0,0
723,0,0.00,0.00,1,0.036402,0,0
724,20,5.00,5.00,0,0.036293,10,3
725,20,16.00,-4.00,0,0.036184,11,4
726,20,124.00,184.00,0,0.036075,10,1
727,20,59.00,69.00,0,0.035967,11,1
728,3,94.00,94.00,1,0.035859,0,1
729,2,100.00,100.00,1,0.035751,0,0
730,20,6.00,-14.00,0,0.035644,13,5
731,20,3.00,3.00,0,0.035537,11,4
732,20,-7.00,23.00,0,0.035431,11,4
733,1,50.00,50.00,1,0.035324,0,0
734,20,-34.00,-24.00,0,0.035218,12,4
735,20,10.00,30.00,0,0.035113,10,2
736,20,134.00,164.00,0,0.035007,10,0
737,0,0.00,0.00,1,0.034902,0,0
738,2,100.00,100.00,1,0.034798,0,0
739,2,100.00,100.00,1,0.034693,0,0
740,20,-43.00,-53.00,0,0.034589,13,4
741,20,8.00,8.00,0,0.034485,12,4
742,20,-15.00,-15.00,0,0.034382,11,4
743,20,-131.00,-121.00,0,0.034279,14,7
744,20,45.00,55.00,0,0.034176,9,2
745,20,-45.00,-55.00,0,0.034073,14,9
746,20,85.00,135.00,0,0.033971,10,0
747,0,0.00,0.00,1,0.033869,0,0
748,2,100.00,100.00,1,0.033768,0,0
749,2,100.00,100.00,1,0.033666,0,0
750,20,-51.00,-31.00,0,0.033565,12,4
751,20,15.00,15.00,0,0.033465,12,3
752,2,100.00,100.00,1,0.033364,0,0
753,20,-1.00,-31.00,0,0.033264,13,8
754,20,-25.00,-35.00,0,0.033164,12,5
755,20,-47.00,-47.00,0,0.033065,12,5
756,20,134.00,174.00,0,0.032966,10,1
757,20,-80.00,-40.00,0,0.032867,13,7
758,2,100.00,100.00,1,0.032768,0,0
759,2,100.00,100.00,1,0.032670,0,0
760,20,-29.00,-19.00,0,0.032572,11,2
761,20,20.00,20.00,0,0.032474,11,3
762,20,-31.00,-41.00,0,0.032377,12,2
763,20,85.00,135.00,0,0.032280,10,0
764,20,-10.00,0.00,0,0.032183,13,6
765,20,20.00,0.00,0,0.032086,11,4
766,20,85.00,135.00,0,0.031990,10,0
767,0,0.00,0.00,1,0.031894,0,0
768,2,100.00,100.00,1,0.031798,0,0
769,2,100.00,100.00,1,0.031703,0,0
770,20,-29.00,-19.00,0,0.031608,11,2
771,20,-26.00,-46.00,0,0.031513,11,4
772,20,-18.00,-38.00,0,0.031418,13,6
773,20,-36.00,-16.00,0,0.031324,14,6
774,20,35.00,35.00,0,0.031230,10,4
775,20,-8.00,-8.00,0,0.031137,11,6
776,20,85.00,135.00,0,0.031043,10,0
777,20,-4.00,-4.00,0,0.030950,12,5
778,2,100.00,100.00,1,0.030857,0,0
779,2,100.00,100.00,1,0.030765,0,0
780,20,-61.00,-21.00,0,0.030672,12,4
781,20,-70.00,-50.00,0,0.030580,13,6
782,0,0.00,0.00,1,0.030489,0,0
783,20,-100.00,-100.00,0,0.030397,15,9
784,20,30.00,40.00,0,0.030306,11,3
785,20,-11.00,-21.00,0,0.030215,13,7
786,20,85.00,135.00,0,0.030124,10,0
787,1,50.00,50.00,1,0.030034,0,0
788,2,100.00,100.00,1,0.029944,0,0
789,2,100.00,100.00,1,0.029854,0,0
790,20,-77.00,-77.00,0,0.029764,15,6
791,20,8.00,-12.00,0,0.029675,12,5
792,0,0.00,0.00,1,0.029586,0,0
793,0,0.00,0.00,1,0.029497,0,0
794,20,5.00,5.00,0,0.029409,10,3
795,20,-24.00,-24.00,0,0.029321,13,4
796,20,124.00,174.00,0,0.029233,10,2
797,0,0.00,0.00,1,0.029145,0,0
798,2,100.00,100.00,1,0.029058,0,0
799,2,100.00,100.00,1,0.028970,0,0
800,20,-29.00,-29.00,0,0.028883,11,4
801,20,-51.00,-31.00,0,0.028797,12,4
802,20,5.00,5.00,0,0.028710,10,3
803,20,-159.00,-189.00,0,0.028624,16,12
804,20,26.00,46.00,0,0.028538,10,6
805,20,-73.00,-73.00,0,0.028453,14,7
806,20,85.00,135.00,0,0.028367,10,0
807,1,50.00,50.00,1,0.028282,0,0
808,2,100.00,100.00,1,0.028198,0,0
809,2,100.00,100.00,1,0.028113,0,0
810,20,-41.00,-41.00,0,0.028029,12,4
811,20,6.00,-24.00,0,0.027944,13,5
812,20,-9.00,-29.00,0,0.027861,12,3
813,0,0.00,0.00,1,0.027777,0,0
814,20,5.00,5.00,0,0.027694,10,3
815,20,-27.00,-17.00,0,0.027611,12,6
816,20,144.00,184.00,0,0.027528,9,0
817,20,3.00,13.00,0,0.027445,11,4
818,2,100.00,100.00,1,0.027363,0,0
819,2,100.00,100.00,1,0.027281,0,0
820,20,32.00,32.00,0,0.027199,10,3
821,20,10.00,30.00,0,0.027117,11,3
822,20,85.00,135.00,0,0.027036,10,0
823,1,50.00,50.00,1,0.026955,0,0
824,20,51.00,61.00,0,0.026874,11,2
825,20,-3.00,-23.00,0,0.026793,12,6
826,20,85.00,135.00,0,0.026713,10,0
827,0,0.00,0.00,1,0.026633,0,0
828,2,100.00,100.00,1,0.026553,0,0
829,2,100.00,100.00,1,0.026473,0,0
830,20,30.00,10.00,0,0.026394,11,3
831,20,13.00,3.00,0,0.026315,11,5
832,20,15.00,25.00,0,0.026236,12,1
833,20,-90.00,-80.00,0,0.026157,14,14
834,20,56.00,26.00,0,0.026079,12,4
835,20,-71.00,-31.00,0,0.026000,13,5
836,20,129.00,179.00,0,0.025922,9,1
837,0,0.00,0.00,1,0.025845,0,0
838,2,100.00,100.00,1,0.025767,0,0
839,2,100.00,100.00,1,0.025690,0,0
840,20,10.00,20.00,0,0.025613,11,5
841,20,-51.00,-21.00,0,0.025536,12,2
842,20,-74.00,-64.00,0,0.025459,16,11
843,0,0.00,0.00,1,0.025383,0,0
844,20,45.00,45.00,0,0.025307,9,2
845,20,-51.00,-51.00,0,0.025231,13,7
846,20,85.00,135.00,0,0.025155,10,0
847,1,50.00,50.00,1,0.025080,0,0
848,2,100.00,100.00,1,0.025004,0,0
849,2,100.00,100.00,1,0.024929,0,0
850,20,-85.00,-45.00,0,0.024855,14,6
851,20,37.00,27.00,0,0.024780,11,1
852,0,0.00,0.00,1,0.024706,0,0
853,0,0.00,0.00,1,0.024632,0,0
854,20,16.00,16.00,0,0.024558,11,3
855,20,-53.00,-43.00,0,0.024484,13,4
856,20,85.00,135.00,0,0.024411,10,0
857,20,-48.00,-58.00,0,0.024337,12,6
858,2,100.00,100.00,1,0.024264,0,0
859,2,100.00,100.00,1,0.024192,0,0
860,20,37.00,17.00,0,0.024119,11,1
861,20,-4.00,-14.00,0,0.024047,13,6
862,20,-140.00,-130.00,0,0.023974,14,8
863,20,-25.00,-35.00,0,0.023903,10,1
864,20,10.00,30.00,0,0.023831,10,4
865,20,-48.00,-68.00,0,0.023759,14,7
866,20,85.00,135.00,0,0.023688,10,0
867,2,100.00,100.00,1,0.023617,0,0
868,2,100.00,100.00,1,0.023546,0,0
869,2,100.00,100.00,1,0.023476,0,0
870,20,27.00,37.00,0,0.023405,11,1
871,20,32.00,22.00,0,0.023335,10,2
872,2,100.00,100.00,1,0.023265,0,0
873,20,45.00,85.00,0,0.023195,11,0
874,20,61.00,61.00,0,0.023126,11,2
875,20,-40.00,-40.00,0,0.023056,13,8
876,20,85.00,135.00,0,0.022987,10,0
877,20,85.00,135.00,0,0.022918,10,0
878,2,100.00,100.00,1,0.022849,0,0
879,2,100.00,100.00,1,0.022781,0,0
880,20,10.00,30.00,0,0.022712,11,3
881,20,-12.00,-12.00,0,0.022644,11,0
882,20,-10.00,0.00,0,0.022576,10,3
883,1,50.00,50.00,1,0.022509,0,0
884,20,15.00,15.00,0,0.022441,9,1
885,20,6.00,6.00,0,0.022374,11,4
886,20,85.00,135.00,0,0.022307,10,0
887,2,100.00,100.00,1,0.022240,0,0
888,2,100.00,100.00,1,0.022173,0,0
889,2,100.00,100.00,1,0.022106,0,0
890,20,-31.00,-41.00,0,0.022040,12,2
891,20,-7.00,23.00,0,0.021974,11,4
892,1,50.00,50.00,1,0.021908,0,0
893,0,0.00,0.00,1,0.021842,0,0
894,20,11.00,21.00,0,0.021777,12,3
895,20,18.00,-2.00,0,0.021711,12,3
896,20,85.00,135.00,0,0.021646,10,0
897,20,-60.00,-50.00,0,0.021581,13,4
898,2,100.00,100.00,1,0.021517,0,0
899,2,100.00,100.00,1,0.021452,0,0
900,20,0.00,0.00,0,0.021388,10,0
901,20,25.00,5.00,0,0.021324,12,4
902,1,50.00,50.00,1,0.021260,0,0
903,20,84.00,124.00,0,0.021196,11,0
904,20,21.00,1.00,0,0.021132,12,3
905,20,-14.00,6.00,0,0.021069,11,4
906,20,85.00,135.00,0,0.021006,10,0
907,1,50.00,50.00,1,0.020943,0,0
908,2,100.00,100.00,1,0.020880,0,0
909,2,100.00,100.00,1,0.020817,0,0
910,20,13.00,3.00,0,0.020755,11,5
911,20,-29.00,-19.00,0,0.020692,11,2
912,1,50.00,50.00,1,0.020630,0,0
913,1,50.00,50.00,1,0.020568,0,0
914,20,35.00,35.00,0,0.020507,10,1
915,20,8.00,-12.00,0,0.020445,12,5
916,20,85.00,135.00,0,0.020384,10,0
917,20,34.00,94.00,0,0.020323,12,0
918,2,100.00,100.00,1,0.020262,0,0
919,2,100.00,100.00,1,0.020201,0,0
920,20,-24.00,-34.00,0,0.020140,12,2
921,20,-36.00,-36.00,0,0.020080,11,4
922,20,-79.00,-69.00,0,0.020020,15,13
923,1,50.00,50.00,1,0.019960,0,0
924,20,30.00,30.00,0,0.019900,11,3
925,20,6.00,6.00,0,0.019840,11,4
926,20,85.00,135.00,0,0.019781,10,0
927,20,-64.00,-84.00,0,0.019721,16,11
928,2,100.00,100.00,1,0.019662,0,0
929,2,100.00,100.00,1,0.019603,0,0
930,20,-17.00,-7.00,0,0.019544,10,2
931,20,-36.00,-36.00,0,0.019486,13,2
932,0,0.00,0.00,1,0.019427,0,0
933,0,0.00,0.00,1,0.019369,0,0
934,20,45.00,45.00,0,0.019311,9,1
935,20,-11.00,-11.00,0,0.019253,11,1
936,20,124.00,184.00,0,0.019195,10,1
937,2,100.00,100.00,1,0.019138,0,0
938,2,100.00,100.00,1,0.019080,0,0
939,2,100.00,100.00,1,0.019023,0,0
940,20,44.00,44.00,0,0.018966,9,1
941,20,49.00,39.00,0,0.018909,10,1
942,20,-125.00,-125.00,0,0.018852,17,12
943,20,-125.00,-135.00,0,0.018796,17,12
944,20,35.00,35.00,0,0.018739,10,3
945,20,-33.00,-33.00,0,0.018683,14,7
946,20,85.00,135.00,0,0.018627,10,0
947,20,-29.00,-29.00,0,0.018571,11,3
948,2,100.00,100.00,1,0.018515,0,0
949,2,100.00,100.00,1,0.018460,0,0
950,20,44.00,44.00,0,0.018404,9,1
951,20,-19.00,-29.00,0,0.018349,11,2
952,0,0.00,0.00,1,0.018294,0,0
953,20,-95.00,-95.00,0,0.018239,12,3
954,20,20.00,30.00,0,0.018185,10,3
955,20,-9.00,-9.00,0,0.018130,12,6
956,20,85.00,135.00,0,0.018076,10,0
957,20,40.00,50.00,0,0.018021,10,2
958,2,100.00,100.00,1,0.017967,0,0
959,2,100.00,100.00,1,0.017913,0,0
960,20,-9.00,-9.00,0,0.017860,12,5
961,20,-7.00,23.00,0,0.017806,11,4
962,1,50.00,50.00,1,0.017753,0,0
963,2,44.00,44.00,1,0.017699,0,1
964,20,31.00,21.00,0,0.017646,11,1
965,20,23.00,33.00,0,0.017593,11,2
966,20,85.00,135.00,0,0.017541,10,0
967,20,-52.00,-62.00,0,0.017488,15,10
968,2,100.00,100.00,1,0.017436,0,0
969,2,100.00,100.00,1,0.017383,0,0
970,20,-12.00,-22.00,0,0.017331,11,2
971,20,39.00,39.00,0,0.017279,10,1
972,1,50.00,50.00,1,0.017227,0,0
973,20,-140.00,-130.00,0,0.017176,16,13
974,20,51.00,51.00,0,0.017124,10,4
975,20,-42.00,-52.00,0,0.017073,13,5
976,20,85.00,135.00,0,0.017021,10,0
977,0,0.00,0.00,1,0.016970,0,0
978,2,100.00,100.00,1,0.016920,0,0
979,2,100.00,100.00,1,0.016869,0,0
980,20,-41.00,-31.00,0,0.016818,12,4
981,20,35.00,5.00,0,0.016768,12,2
982,2,100.00,100.00,1,0.016717,0,0
983,0,0.00,0.00,1,0.016667,0,0
984,20,71.00,71.00,0,0.016617,10,0
985,20,-39.00,-39.00,0,0.016567,12,5
986,20,146.00,186.00,0,0.016518,9,0
987,0,0.00,0.00,1,0.016468,0,0
988,2,100.00,100.00,1,0.016419,0,0
989,2,100.00,100.00,1,0.016369,0,0
990,20,39.00,49.00,0,0.016320,10,1
991,20,49.00,39.00,0,0.016271,10,1
992,20,-5.00,5.00,0,0.016223,10,3
993,20,84.00,124.00,0,0.016174,11,0
994,20,21.00,11.00,0,0.016125,12,1
995,20,-43.00,-43.00,0,0.016077,14,9
996,20,85.00,135.00,0,0.016029,10,0
997,2,100.00,100.00,1,0.015981,0,0
998,2,100.00,100.00,1,0.015933,0,0
999,2,100.00,100.00,1,0.015885,0,0
1000,20,0.00,0.00,0,0.015837,10,0
1001,20,15.00,15.00,0,0.015790,12,3
1002,20,-92.00,-102.00,0,0.015742,12,2
1003,0,0.00,0.00,1,0.015695,0,0
1004,20,31.00,21.00,0,0.015648,11,1
1005,20,-15.00,-5.00,0,0.015601,12,6
1006,20,85.00,135.00,0,0.015554,10,0
1007,20,-24.00,-24.00,0,0.015508,12,1
1008,2,100.00,100.00,1,0.015461,0,0
1009,2,100.00,100.00,1,0.015415,0,0
1010,20,0.00,0.00,0,0.015369,10,0
1011,20,25.00,15.00,0,0.015322,10,4
1012,0,0.00,0.00,1,0.015276,0,0
1013,1,50.00,50.00,1,0.015231,0,0
1014,20,26.00,26.00,0,0.015185,10,1
1015,20,-39.00,-39.00,0,0.015139,12,5
1016,20,85.00,135.00,0,0.015094,10,0
1017,20,-36.00,-36.00,0,0.015049,11,4
1018,2,100.00,100.00,1,0.015004,0,0
1019,2,100.00,100.00,1,0.014959,0,0
1020,20,10.00,20.00,0,0.014914,11,3
1021,20,0.00,0.00,0,0.014869,10,0
1022,20,84.00,124.00,0,0.014824,11,1
1023,1,50.00,50.00,1,0.014780,0,0
1024,20,2.00,2.00,0,0.014736,12,0
1025,20,-48.00,-58.00,0,0.014691,13,5
1026,20,85.00,135.00,0,0.014647,10,0
1027,0,0.00,0.00,1,0.014603,0,0
1028,2,100.00,100.00,1,0.014559,0,0
1029,2,100.00,100.00,1,0.014516,0,0
1030,20,39.00,49.00,0,0.014472,10,1
1031,20,0.00,0.00,0,0.014429,10,0
1032,2,100.00,100.00,1,0.014386,0,0
1033,1,50.00,50.00,1,0.014342,0,0
1034,20,21.00,31.00,0,0.014299,11,1
1035,20,37.00,27.00,0,0.014256,11,1
1036,20,144.00,164.00,0,0.014214,10,0
1037,20,-37.00,-77.00,0,0.014171,16,9
1038,2,100.00,100.00,1,0.014129,0,0
1039,2,100.00,100.00,1,0.014086,0,0
1040,20,49.00,39.00,0,0.014044,10,1
1041,20,22.00,42.00,0,0.014002,10,1
1042,0,0.00,0.00,1,0.013960,0,0
1043,0,0.00,0.00,1,0.013918,0,0
1044,20,72.00,62.00,0,0.013876,12,1
1045,20,10.00,30.00,0,0.013834,11,3
1046,20,85.00,135.00,0,0.013793,10,0
1047,20,-35.00,-25.00,0,0.013752,10,2
1048,2,100.00,100.00,1,0.013710,0,0
1049,2,100.00,100.00,1,0.013669,0,0
1050,20,0.00,0.00,0,0.013628,10,0
1051,20,37.00,17.00,0,0.013587,11,1
1052,0,0.00,0.00,1,0.013547,0,0
1053,20,0.00,40.00,0,0.013506,11,2
1054,20,93.00,93.00,0,0.013465,12,0
1055,20,31.00,41.00,0,0.013425,10,0
1056,20,85.00,135.00,0,0.013385,10,0
1057,0,0.00,0.00,1,0.013345,0,0
1058,2,100.00,100.00,1,0.013305,0,0
1059,2,100.00,100.00,1,0.013265,0,0
1060,20,0.00,0.00,0,0.013225,10,0
1061,20,0.00,0.00,0,0.013185,10,0
1062,20,-7.00,-47.00,0,0.013146,12,7
1063,0,0.00,0.00,1,0.013106,0,0
1064,20,93.00,93.00,0,0.013067,12,0
1065,20,0.00,0.00,0,0.013028,10,0
1066,20,85.00,135.00,0,0.012989,10,0
1067,20,-9.00,-19.00,0,0.012950,12,6
1068,2,100.00,100.00,1,0.012911,0,0
1069,2,100.00,100.00,1,0.012872,0,0
1070,20,3.00,13.00,0,0.012833,13,3
1071,20,-12.00,-12.00,0,0.012795,11,2
1072,20,-89.00,-79.00,0,0.012757,15,14
1073,20,4.00,4.00,0,0.012718,13,0
1074,20,13.00,13.00,0,0.012680,13,0
1075,20,-28.00,2.00,0,0.012642,13,6
1076,20,85.00,135.00,0,0.012604,10,0
1077,1,50.00,50.00,1,0.012566,0,0
1078,2,100.00,100.00,1,0.012529,0,0
1079,2,100.00,100.00,1,0.012491,0,0
1080,20,0.00,0.00,0,0.012454,10,0
1081,20,0.00,0.00,0,0.012416,10,0
1082,2,100.00,100.00,1,0.012379,0,0
1083,0,0.00,0.00,1,0.012342,0,0
1084,20,93.00,93.00,0,0.012305,12,0
1085,20,39.00,49.00,0,0.012268,10,0
1086,20,85.00,135.00,0,0.012231,10,0
1087,1,50.00,50.00,1,0.012194,0,0
1088,2,100.00,100.00,1,0.012158,0,0
1089,2,100.00,100.00,1,0.012121,0,0
1090,20,49.00,39.00,0,0.012085,10,1
1091,20,0.00,0.00,0,0.012049,10,0
1092,0,0.00,0.00,1,0.012013,0,0
1093,0,0.00,0.00,1,0.011977,0,0
1094,20,93.00,93.00,0,0.011941,12,0
1095,20,42.00,22.00,0,0.011905,10,1
1096,20,85.00,135.00,0,0.011869,10,0
1097,0,0.00,0.00,1,0.011833,0,0
1098,2,100.00,100.00,1,0.011798,0,0
1099,2,100.00,100.00,1,0.011763,0,0
1100,20,0.00,0.00,0,0.011727,10,0
1101,20,44.00,44.00,0,0.011692,9,1
1102,20,15.00,25.00,0,0.011657,12,3
1103,0,0.00,0.00,1,0.011622,0,0
1104,20,57.00,47.00,0,0.011587,12,1
1105,20,-17.00,-7.00,0,0.011552,10,2
1106,20,85.00,135.00,0,0.011518,10,0
1107,0,0.00,0.00,1,0.011483,0,0
1108,2,100.00,100.00,1,0.011449,0,0
1109,2,100.00,100.00,1,0.011414,0,0
1110,20,-24.00,-24.00,0,0.011380,12,2
1111,20,-24.00,-24.00,0,0.011346,12,2
1112,20,85.00,135.00,0,0.011312,10,0
1113,20,47.00,17.00,0,0.011278,11,1
1114,20,13.00,-7.00,0,0.011244,14,0
1115,20,-25.00,-35.00,0,0.011210,13,6
1116,20,85.00,135.00,0,0.011177,10,0
1117,20,-70.00,-80.00,0,0.011143,14,11
1118,2,100.00,100.00,1,0.011110,0,0
1119,2,100.00,100.00,1,0.011077,0,0
1120,20,0.00,0.00,0,0.011043,10,0
1121,20,-19.00,1.00,0,0.011010,12,6
1122,20,39.00,49.00,0,0.010977,10,0
1123,1,50.00,50.00,1,0.010944,0,0
1124,20,93.00,93.00,0,0.010911,12,0
1125,20,31.00,41.00,0,0.010879,10,0
1126,20,85.00,135.00,0,0.010846,10,0
1127,0,0.00,0.00,1,0.010814,0,0
1128,2,100.00,100.00,1,0.010781,0,0
1129,2,100.00,100.00,1,0.010749,0,0
1130,20,49.00,39.00,0,0.010716,10,1
1131,20,0.00,0.00,0,0.010684,10,0
1132,20,-35.00,-45.00,0,0.010652,11,4
1133,20,-125.00,-115.00,0,0.010620,16,10
1134,20,93.00,93.00,0,0.010588,12,0
1135,20,0.00,0.00,0,0.010557,10,0
1136,20,66.00,86.00,0,0.010525,11,0
1137,20,-73.00,-73.00,0,0.010493,12,2
1138,2,100.00,100.00,1,0.010462,0,0
1139,2,100.00,100.00,1,0.010431,0,0
1140,20,0.00,0.00,0,0.010399,10,0
1141,20,0.00,0.00,0,0.010368,10,0
1142,20,-114.00,-104.00,0,0.010337,13,4
1143,20,54.00,84.00,0,0.010306,11,0
1144,20,93.00,93.00,0,0.010275,12,0
1145,20,37.00,27.00,0,0.010244,11,2
1146,20,85.00,135.00,0,0.010213,10,0
1147,20,-85.00,-75.00,0,0.010183,15,13
1148,2,100.00,100.00,1,0.010152,0,0
1149,2,100.00,100.00,1,0.010122,0,0
1150,20,0.00,0.00,0,0.010091,10,0
1151,20,0.00,0.00,0,0.010061,10,0
1152,1,50.00,50.00,1,0.010031,0,0
1153,1,50.00,50.00,1,0.010001,0,0
1154,20,3.00,3.00,0,0.010000,14,2
1155,20,-15.00,5.00,0,0.010000,11,2
1156,20,85.00,135.00,0,0.010000,10,0
1157,20,-69.00,-59.00,0,0.010000,15,11
1158,2,100.00,100.00,1,0.010000,0,0
1159,2,100.00,100.00,1,0.010000,0,0
1160,20,-22.00,-2.00,0,0.010000,11,0
1161,20,0.00,0.00,0,0.010000,10,0
1162,0,0.00,0.00,1,0.010000,0,0
1163,0,0.00,0.00,1,0.010000,0,0
1164,20,93.00,93.00,0,0.010000,12,0
1165,20,49.00,39.00,0,0.010000,10,1
1166,20,146.00,186.00,0,0.010000,9,0
1167,1,50.00,50.00,1,0.010000,0,0
1168,2,100.00,100.00,1,0.010000,0,0
1169,2,100.00,100.00,1,0.010000,0,0
1170,20,0.00,0.00,0,0.010000,10,0
1171,20,0.00,0.00,0,0.010000,10,0
1172,0,0.00,0.00,1,0.010000,0,0
1173,20,-57.00,-57.00,0,0.010000,16,9
1174,20,93.00,93.00,0,0.010000,12,0
1175,20,-17.00,-7.00,0,0.010000,10,2
1176,20,85.00,135.00,0,0.010000,10,0
1177,0,0.00,0.00,1,0.010000,0,0
1178,2,100.00,100.00,1,0.010000,0,0
1179,2,100.00,100.00,1,0.010000,0,0
1180,20,0.00,0.00,0,0.010000,10,0
1181,20,-2.00,-22.00,0,0.010000,11,0
1182,20,-57.00,-67.00,0,0.010000,16,11
1183,20,-98.00,-98.00,0,0.010000,15,7
1184,20,93.00,93.00,0,0.010000,12,0
1185,20,0.00,0.00,0,0.010000,10,0
1186,20,85.00,135.00,0,0.010000,10,0
1187,20,-95.00,-95.00,0,0.010000,12,5
1188,2,100.00,100.00,1,0.010000,0,0
1189,2,100.00,100.00,1,0.010000,0,0
1190,20,0.00,0.00,0,0.010000,10,0
1191,20,0.00,0.00,0,0.010000,10,0
1192,20,-69.00,-89.00,0,0.010000,15,13
1193,1,50.00,50.00,1,0.010000,0,0
1194,20,93.00,93.00,0,0.010000,12,0
1195,20,17.00,7.00,0,0.010000,12,2
1196,20,85.00,135.00,0,0.010000,10,0
1197,20,-52.00,-62.00,0,0.010000,15,11
1198,2,100.00,100.00,1,0.010000,0,0
1199,2,100.00,100.00,1,0.010000,0,0
1200,20,0.00,0.00,0,0.010000,10,0
1201,20,0.00,0.00,0,0.010000,10,0
1202,2,100.00,100.00,1,0.010000,0,0
1203,20,-74.00,-74.00,0,0.010000,16,13
1204,20,93.00,93.00,0,0.010000,12,0
1205,20,39.00,39.00,0,0.010000,10,1
1206,20,85.00,135.00,0,0.010000,10,0
1207,0,0.00,0.00,1,0.010000,0,0
1208,2,100.00,100.00,1,0.010000,0,0
1209,2,100.00,100.00,1,0.010000,0,0
1210,20,0.00,0.00,0,0.010000,10,0
1211,20,44.00,44.00,0,0.010000,9,1
1212,0,0.00,0.00,1,0.010000,0,0
1213,0,0.00,0.00,1,0.010000,0,0
1214,20,93.00,93.00,0,0.010000,12,0
1215,20,0.00,0.00,0,0.010000,10,0
1216,20,85.00,135.00,0,0.010000,10,0
1217,20,-145.00,-115.00,0,0.010000,17,12
1218,2,100.00,100.00,1,0.010000,0,0
1219,2,100.00,100.00,1,0.010000,0,0
1220,20,0.00,0.00,0,0.010000,10,0
1221,20,0.00,0.00,0,0.010000,10,0
1222,20,93.00,93.00,0,0.010000,12,0
1223,20,0.00,0.00,0,0.010000,10,0
1224,20,93.00,93.00,0,0.010000,12,0
1225,20,0.00,0.00,0,0.010000,10,0
1226,20,85.00,135.00,0,0.010000,10,0
1227,1,50.00,50.00,1,0.010000,0,0
1228,2,100.00,100.00,1,0.010000,0,0
1229,2,100.00,100.00,1,0.010000,0,0
1230,20,0.00,0.00,0,0.010000,10,0
1231,20,0.00,0.00,0,0.010000,10,0
1232,0,0.00,0.00,1,0.010000,0,0
1233,0,0.00,0.00,1,0.010000,0,0
1234,20,93.00,93.00,0,0.010000,12,0
1235,20,0.00,0.00,0,0.010000,10,0
1236,20,85.00,135.00,0,0.010000,10,0
1237,20,3.00,-7.00,0,0.010000,14,0
1238,2,100.00,100.00,1,0.010000,0,0
1239,2,100.00,100.00,1,0.010000,0,0
1240,20,0.00,0.00,0,0.010000,10,0
1241,20,0.00,0.00,0,0.010000,10,0
1242,0,0.00,0.00,1,0.010000,0,0
1243,20,-80.00,-80.00,0,0.010000,12,3
1244,20,13.00,-7.00,0,0.010000,14,0
1245,20,-9.00,-19.00,0,0.010000,12,6
1246,20,124.00,184.00,0,0.010000,10,1
1247,0,0.00,0.00,1,0.010000,0,0
1248,2,100.00,100.00,1,0.010000,0,0
1249,2,100.00,100.00,1,0.010000,0,0
1250,20,0.00,0.00,0,0.010000,10,0
1251,20,0.00,0.00,0,0.010000,10,0
1252,2,100.00,100.00,1,0.010000,0,0
1253,20,43.00,43.00,0,0.010000,13,0
1254,20,93.00,93.00,0,0.010000,12,0
1255,20,6.00,6.00,0,0.010000,12,4
1256,20,85.00,135.00,0,0.010000,10,0
1257,20,-115.00,-125.00,0,0.010000,15,12
1258,4,100.00,100.00,1,0.010000,1,0
1259,2,100.00,100.00,1,0.010000,0,0
1260,20,0.00,0.00,0,0.010000,10,0
1261,20,0.00,0.00,0,0.010000,10,0
1262,0,0.00,0.00,1,0.010000,0,0
1263,20,-47.00,-57.00,0,0.010000,14,10
1264,20,93.00,93.00,0,0.010000,12,0
1265,20,0.00,0.00,0,0.010000,10,0
1266,20,85.00,135.00,0,0.010000,10,0
1267,1,50.00,50.00,1,0.010000,0,0
1268,2,100.00,100.00,1,0.010000,0,0
1269,3,94.00,94.00,1,0.010000,0,1
1270,20,0.00,0.00,0,0.010000,10,0
1271,20,44.00,44.00,0,0.010000,9,1
1272,1,50.00,50.00,1,0.010000,0,0
1273,0,0.00,0.00,1,0.010000,0,0
1274,20,93.00,93.00,0,0.010000,12,0
1275,20,44.00,44.00,0,0.010000,9,1
1276,20,85.00,135.00,0,0.010000,10,0
1277,20,43.00,43.00,0,0.010000,13,0
1278,2,100.00,100.00,1,0.010000,0,0
1279,2,100.00,100.00,1,0.010000,0,0
1280,20,0.00,0.00,0,0.010000,10,0
1281,20,-12.00,-12.00,0,0.010000,11,0
1282,20,-69.00,-69.00,0,0.010000,15,12
1283,0,0.00,0.00,1,0.010000,0,0
1284,20,93.00,93.00,0,0.010000,12,0
1285,20,39.00,49.00,0,0.010000,10,1
1286,20,85.00,135.00,0,0.010000,10,0
1287,20,-123.00,-113.00,0,0.010000,16,12
1288,2,100.00,100.00,1,0.010000,0,0
1289,2,100.00,100.00,1,0.010000,0,0
1290,20,0.00,0.00,0,0.010000,10,0
1291,20,0.00,0.00,0,0.010000,10,0
1292,1,50.00,50.00,1,0.010000,0,0
1293,20,-75.00,-65.00,0,0.010000,15,11
1294,20,93.00,93.00,0,0.010000,12,0
1295,20,0.00,0.00,0,0.010000,10,0
1296,20,85.00,135.00,0,0.010000,10,0
1297,20,-79.00,-59.00,0,0.010000,15,10
1298,2,100.00,100.00,1,0.010000,0,0
1299,2,100.00,100.00,1,0.010000,0,0
1300,20,0.00,0.00,0,0.010000,10,0
1301,20,49.00,39.00,0,0.010000,10,1
1302,20,-113.00,-123.00,0,0.010000,16,11
1303,20,-5.00,35.00,0,0.010000,12,0
1304,20,93.00,93.00,0,0.010000,12,0
1305,20,0.00,0.00,0,0.010000,10,0
1306,20,134.00,174.00,0,0.010000,10,1
1307,0,0.00,0.00,1,0.010000,0,0
1308,2,100.00,100.00,1,0.010000,0,0
1309,2,100.00,100.00,1,0.010000,0,0
1310,20,0.00,0.00,0,0.010000,10,0
1311,20,0.00,0.00,0,0.010000,10,0
1312,2,100.00,100.00,1,0.010000,0,0
1313,20,-65.00,-75.00,0,0.010000,15,13
1314,20,93.00,93.00,0,0.010000,12,0
1315,20,0.00,0.00,0,0.010000,10,0
1316,20,85.00,135.00,0,0.010000,10,0
1317,0,0.00,0.00,1,0.010000,0,0
1318,2,100.00,100.00,1,0.010000,0,0
1319,2,100.00,100.00,1,0.010000,0,0
1320,20,0.00,0.00,0,0.010000,10,0
1321,20,0.00,0.00,0,0.010000,10,0
1322,20,-91.00,-111.00,0,0.010000,15,9
1323,20,-57.00,-67.00,0,0.010000,16,10
1324,20,43.00,43.00,0,0.010000,13,1
1325,20,0.00,0.00,0,0.010000,10,0
1326,20,85.00,135.00,0,0.010000,10,0
1327,0,0.00,0.00,1,0.010000,0,0
1328,2,100.00,100.00,1,0.010000,0,0
1329,2,100.00,100.00,1,0.010000,0,0
1330,20,0.00,0.00,0,0.010000,10,0
1331,20,0.00,0.00,0,0.010000,10,0
1332,1,50.00,50.00,1,0.010000,0,0
1333,20,0.00,0.00,0,0.010000,10,0
1334,20,53.00,43.00,0,0.010000,13,1
1335,20,17.00,37.00,0,0.010000,11,2
1336,20,94.00,114.00,0,0.010000,11,1
1337,2,100.00,100.00,1,0.010000,0,0
1338,2,100.00,100.00,1,0.010000,0,0
1339,2,100.00,100.00,1,0.010000,0,0
1340,20,0.00,0.00,0,0.010000,10,0
1341,20,0.00,0.00,0,0.010000,10,0
1342,0,0.00,0.00,1,0.010000,0,0
1343,20,-25.00,-35.00,0,0.010000,10,2
1344,20,93.00,93.00,0,0.010000,12,0
1345,20,0.00,0.00,0,0.010000,10,0
1346,20,85.00,135.00,0,0.010000,10,0
1347,20,-103.00,-103.00,0,0.010000,14,8
1348,2,100.00,100.00,1,0.010000,0,0
1349,2,100.00,100.00,1,0.010000,0,0
1350,20,-9.00,-39.00,0,0.010000,11,2
1351,20,39.00,39.00,0,0.010000,10,1
1352,0,0.00,0.00,1,0.010000,0,0
1353,20,-90.00,-70.00,0,0.010000,16,10
1354,20,93.00,93.00,0,0.010000,12,0
1355,20,0.00,0.00,0,0.010000,10,0
1356,20,134.00,174.00,0,0.010000,10,1
1357,20,-123.00,-113.00,0,0.010000,16,12
1358,2,100.00,100.00,1,0.010000,0,0
1359,2,100.00,100.00,1,0.010000,0,0
1360,20,0.00,0.00,0,0.010000,10,0
1361,20,0.00,0.00,0,0.010000,10,0
1362,0,0.00,0.00,1,0.010000,0,0
1363,20,-70.00,-60.00,0,0.010000,13,9
1364,20,93.00,93.00,0,0.010000,12,0
1365,20,-14.00,-34.00,0,0.010000,12,2
1366,20,85.00,135.00,0,0.010000,10,0
1367,20,45.00,85.00,0,0.010000,11,0
1368,2,100.00,100.00,1,0.010000,0,0
1369,2,100.00,100.00,1,0.010000,0,0
1370,20,0.00,0.00,0,0.010000,10,0
1371,20,0.00,0.00,0,0.010000,10,0
1372,1,50.00,50.00,1,0.010000,0,0
1373,0,0.00,0.00,1,0.010000,0,0
1374,20,93.00,93.00,0,0.010000,12,0
1375,20,0.00,0.00,0,0.010000,10,0
1376,20,85.00,135.00,0,0.010000,10,0
1377,0,0.00,0.00,1,0.010000,0,0
1378,2,100.00,100.00,1,0.010000,0,0
1379,2,100.00,100.00,1,0.010000,0,0
1380,20,0.00,0.00,0,0.010000,10,0
1381,20,0.00,0.00,0,0.010000,10,0
1382,20,-72.00,-72.00,0,0.010000,13,5
1383,1,50.00,50.00,1,0.010000,0,0
1384,20,93.00,93.00,0,0.010000,12,0
1385,20,0.00,0.00,0,0.010000,10,0
1386,20,85.00,135.00,0,0.010000,10,0
1387,20,-64.00,-74.00,0,0.010000,14,13
1388,2,100.00,100.00,1,0.010000,0,0
1389,2,100.00,100.00,1,0.010000,0,0
1390,20,0.00,0.00,0,0.010000,10,0
1391,20,49.00,39.00,0,0.010000,10,1
1392,20,-90.00,-100.00,0,0.010000,14,10
1393,0,0.00,0.00,1,0.010000,0,0
1394,20,93.00,93.00,0,0.010000,12,0
1395,20,0.00,0.00,0,0.010000,10,0
1396,20,85.00,135.00,0,0.010000,10,0
1397,2,100.00,100.00,1,0.010000,0,0
1398,2,100.00,100.00,1,0.010000,0,0
1399,2,100.00,100.00,1,0.010000,0,0
1400,20,0.00,0.00,0,0.010000,10,0
1401,20,0.00,0.00,0,0.010000,10,0
1402,1,50.00,50.00,1,0.010000,0,0
1403,20,-7.00,23.00,0,0.010000,11,5
1404,20,93.00,93.00,0,0.010000,12,0
1405,20,0.00,0.00,0,0.010000,10,0
1406,20,85.00,135.00,0,0.010000,10,0
1407,20,-105.00,-115.00,0,0.010000,16,10
1408,2,100.00,100.00,1,0.010000,0,0
1409,2,100.00,100.00,1,0.010000,0,0
1410,20,-29.00,-29.00,0,0.010000,11,2
1411,20,0.00,0.00,0,0.010000,10,0
1412,20,-74.00,-74.00,0,0.010000,16,12
1413,20,43.00,43.00,0,0.010000,13,1
1414,20,93.00,93.00,0,0.010000,12,0
1415,20,39.00,39.00,0,0.010000,10,1
1416,20,85.00,135.00,0,0.010000,10,0
1417,20,-108.00,-118.00,0,0.010000,15,12
1418,2,100.00,100.00,1,0.010000,0,0
1419,2,100.00,100.00,1,0.010000,0,0
1420,20,0.00,0.00,0,0.010000,10,0
1421,20,0.00,0.00,0,0.010000,10,0
1422,0,0.00,0.00,1,0.010000,0,0
1423,20,-12.00,28.00,0,0.010000,12,3
1424,20,93.00,93.00,0,0.010000,12,0
1425,20,0.00,0.00,0,0.010000,10,0
1426,20,85.00,135.00,0,0.010000,10,0
1427,0,0.00,0.00,1,0.010000,0,0
1428,2,100.00,100.00,1,0.010000,0,0
1429,2,100.00,100.00,1,0.010000,0,0
1430,20,0.00,0.00,0,0.010000,10,0
1431,20,44.00,44.00,0,0.010000,9,1
1432,1,50.00,50.00,1,0.010000,0,0
1433,20,-80.00,-80.00,0,0.010000,12,4
1434,20,93.00,93.00,0,0.010000,12,0
1435,20,0.00,0.00,0,0.010000,10,0
1436,20,85.00,135.00,0,0.010000,10,0
1437,20,-12.00,-12.00,0,0.010000,11,1
1438,2,100.00,100.00,1,0.010000,0,0
1439,2,100.00,100.00,1,0.010000,0,0
1440,20,0.00,0.00,0,0.010000,10,0
1441,20,49.00,39.00,0,0.010000,10,1
1442,2,100.00,100.00,1,0.010000,0,0
1443,1,50.00,50.00,1,0.010000,0,0
1444,20,43.00,43.00,0,0.010000,13,1
1445,20,20.00,10.00,0,0.010000,10,1
1446,20,85.00,135.00,0,0.010000,10,0
1447,20,43.00,43.00,0,0.010000,13,0
1448,2,100.00,100.00,1,0.010000,0,0
1449,2,100.00,100.00,1,0.010000,0,0
1450,20,49.00,39.00,0,0.010000,10,1
1451,20,0.00,0.00,0,0.010000,10,0
1452,0,0.00,0.00,1,0.010000,0,0
1453,20,0.00,0.00,0,0.010000,10,0
1454,20,43.00,43.00,0,0.010000,13,1
1455,20,0.00,10.00,0,0.010000,9,3
1456,20,85.00,135.00,0,0.010000,10,0
1457,20,10.00,10.00,0,0.010000,10,1
1458,2,100.00,100.00,1,0.010000,0,0
1459,2,100.00,100.00,1,0.010000,0,0
1460,20,0.00,0.00,0,0.010000,10,0
1461,20,0.00,0.00,0,0.010000,10,0
1462,20,-113.00,-103.00,0,0.010000,15,11
1463,0,0.00,0.00,1,0.010000,0,0
1464,20,93.00,93.00,0,0.010000,12,0
1465,20,-25.00,-15.00,0,0.010000,12,3
1466,20,124.00,184.00,0,0.010000,10,1
1467,0,0.00,0.00,1,0.010000,0,0
1468,2,100.00,100.00,1,0.010000,0,0
1469,2,100.00,100.00,1,0.010000,0,0
1470,20,0.00,0.00,0,0.010000,10,0
1471,20,39.00,49.00,0,0.010000,10,1
1472,0,0.00,0.00,1,0.010000,0,0
1473,1,50.00,50.00,1,0.010000,0,0
1474,20,93.00,93.00,0,0.010000,12,0
1475,20,45.00,55.00,0,0.010000,9,2
1476,20,85.00,135.00,0,0.010000,10,0
1477,0,0.00,0.00,1,0.010000,0,0
1478,2,100.00,100.00,1,0.010000,0,0
1479,2,100.00,100.00,1,0.010000,0,0
1480,20,0.00,0.00,0,0.010000,10,0
1481,20,0.00,0.00,0,0.010000,10,0
1482,1,50.00,50.00,1,0.010000,0,0
1483,20,3.00,-7.00,0,0.010000,14,1
1484,20,93.00,93.00,0,0.010000,12,0
1485,20,20.00,10.00,0,0.010000,10,1
1486,20,85.00,135.00,0,0.010000,10,0
1487,1,50.00,50.00,1,0.010000,0,0
1488,2,100.00,100.00,1,0.010000,0,0
1489,2,100.00,100.00,1,0.010000,0,0
1490,20,0.00,0.00,0,0.010000,10,0
1491,20,0.00,0.00,0,0.010000,10,0
1492,20,45.00,55.00,0,0.010000,9,2
1493,20,0.00,0.00,0,0.010000,10,0
1494,20,93.00,93.00,0,0.010000,12,0
1495,20,60.00,60.00,0,0.010000,9,0
1496,20,85.00,135.00,0,0.010000,10,0
1497,1,50.00,50.00,1,0.010000,0,0
1498,2,100.00,100.00,1,0.010000,0,0
1499,2,100.00,100.00,1,0.010000,0,0
1500,20,0.00,0.00,0,0.010000,10,0
1501,20,0.00,0.00,0,0.010000,10,0
1502,20,3.00,3.00,0,0.010000,14,0
1503,20,-160.00,-150.00,0,0.010000,16,9
1504,20,93.00,93.00,0,0.010000,12,0
1505,20,-35.00,-45.00,0,0.010000,13,7
1506,20,85.00,135.00,0,0.010000,10,0
1507,2,100.00,100.00,1,0.010000,0,0
1508,2,100.00,100.00,1,0.010000,0,0
1509,2,100.00,100.00,1,0.010000,0,0
1510,20,0.00,0.00,0,0.010000,10,0
1511,20,0.00,0.00,0,0.010000,10,0
1512,20,-62.00,-62.00,0,0.010000,15,11
1513,1,50.00,50.00,1,0.010000,0,0
1514,20,93.00,93.00,0,0.010000,12,0
1515,20,-5.00,5.00,0,0.010000,10,3
1516,20,85.00,135.00,0,0.010000,10,0
1517,0,0.00,0.00,1,0.010000,0,0
1518,2,100.00,100.00,1,0.010000,0,0
1519,2,100.00,100.00,1,0.010000,0,0
1520,20,0.00,0.00,0,0.010000,10,0
1521,20,0.00,0.00,0,0.010000,10,0
1522,20,3.00,-7.00,0,0.010000,14,0
1523,20,0.00,0.00,0,0.010000,10,0
1524,20,93.00,93.00,0,0.010000,12,0
1525,20,60.00,60.00,0,0.010000,9,0
1526,20,85.00,135.00,0,0.010000,10,0
1527,20,-123.00,-113.00,0,0.010000,16,11
1528,2,100.00,100.00,1,0.010000,0,0
1529,2,100.00,100.00,1,0.010000,0,0
1530,20,0.00,0.00,0,0.010000,10,0
1531,20,0.00,0.00,0,0.010000,10,0
1532,20,-53.00,-53.00,0,0.010000,13,5
1533,1,50.00,50.00,1,0.010000,0,0
1534,20,93.00,93.00,0,0.010000,12,0
1535,20,20.00,10.00,0,0.010000,10,1
1536,20,124.00,184.00,0,0.010000,10,1
1537,20,43.00,43.00,0,0.010000,13,0
1538,2,100.00,100.00,1,0.010000,0,0
1539,2,100.00,100.00,1,0.010000,0,0
1540,20,0.00,0.00,0,0.010000,10,0
1541,20,0.00,0.00,0,0.010000,10,0
1542,20,0.00,0.00,0,0.010000,10,0
1543,20,-90.00,-90.00,0,0.010000,11,3
1544,20,43.00,43.00,0,0.010000,13,1
1545,20,-5.00,-15.00,0,0.010000,11,3
1546,20,85.00,135.00,0,0.010000,10,0
1547,0,0.00,0.00,1,0.010000,0,0
1548,2,100.00,100.00,1,0.010000,0,0
1549,2,100.00,100.00,1,0.010000,0,0
1550,20,0.00,0.00,0,0.010000,10,0
1551,20,0.00,0.00,0,0.010000,10,0
1552,0,0.00,0.00,1,0.010000,0,0
1553,0,0.00,0.00,1,0.010000,0,0
1554,20,93.00,93.00,0,0.010000,12,0
1555,20,50.00,50.00,0,0.010000,10,2
1556,20,85.00,135.00,0,0.010000,10,0
1557,1,50.00,50.00,1,0.010000,0,0
1558,2,100.00,100.00,1,0.010000,0,0
1559,2,100.00,100.00,1,0.010000,0,0
1560,20,-22.00,-2.00,0,0.010000,11,0
1561,20,0.00,0.00,0,0.010000,10,0
1562,2,100.00,100.00,1,0.010000,0,0
1563,1,50.00,50.00,1,0.010000,0,0
1564,20,93.00,93.00,0,0.010000,12,0
1565,20,45.00,55.00,0,0.010000,9,2
1566,20,85.00,135.00,0,0.010000,10,0
1567,20,-50.00,-40.00,0,0.010000,14,9
1568,2,100.00,100.00,1,0.010000,0,0
1569,2,100.00,100.00,1,0.010000,0,0
1570,20,0.00,0.00,0,0.010000,10,0
1571,20,49.00,39.00,0,0.010000,10,1
1572,1,50.00,50.00,1,0.010000,0,0
1573,1,50.00,50.00,1,0.010000,0,0
1574,20,93.00,93.00,0,0.010000,12,0
1575,20,10.00,20.00,0,0.010000,10,1
1576,20,85.00,135.00,0,0.010000,10,0
1577,20,-60.00,-60.00,0,0.010000,13,12
1578,2,100.00,100.00,1,0.010000,0,0
1579,2,100.00,100.00,1,0.010000,0,0
1580,20,0.00,0.00,0,0.010000,10,0
1581,20,0.00,0.00,0,0.010000,10,0
1582,0,0.00,0.00,1,0.010000,0,0
1583,20,-19.00,-9.00,0,0.010000,12,2
1584,20,93.00,93.00,0,0.010000,12,0
1585,20,50.00,40.00,0,0.010000,10,2
1586,20,85.00,135.00,0,0.010000,10,0
1587,0,0.00,0.00,1,0.010000,0,0
1588,2,100.00,100.00,1,0.010000,0,0
1589,2,100.00,100.00,1,0.010000,0,0
1590,20,49.00,39.00,0,0.010000,10,1
1591,20,0.00,0.00,0,0.010000,10,0
1592,20,-72.00,-52.00,0,0.010000,15,10
1593,0,0.00,0.00,1,0.010000,0,0
1594,20,93.00,93.00,0,0.010000,12,0
1595,20,15.00,15.00,0,0.010000,9,1
1596,20,85.00,135.00,0,0.010000,10,0
1597,1,50.00,50.00,1,0.010000,0,0
1598,2,100.00,100.00,1,0.010000,0,0
1599,2,100.00,100.00,1,0.010000,0,0
1600,20,0.00,0.00,0,0.010000,10,0
1601,20,0.00,0.00,0,0.010000,10,0
1602,20,-37.00,-77.00,0,0.010000,16,8
1603,20,-57.00,-57.00,0,0.010000,14,11
1604,20,93.00,93.00,0,0.010000,12,0
1605,20,21.00,21.00,0,0.010000,11,1
1606,20,85.00,135.00,0,0.010000,10,0
1607,0,0.00,0.00,1,0.010000,0,0
1608,2,100.00,100.00,1,0.010000,0,0
1609,2,100.00,100.00,1,0.010000,0,0
1610,20,49.00,39.00,0,0.010000,10,1
1611,20,0.00,0.00,0,0.010000,10,0
1612,1,50.00,50.00,1,0.010000,0,0
1613,0,0.00,0.00,1,0.010000,0,0
1614,20,93.00,93.00,0,0.010000,12,0
1615,20,60.00,60.00,0,0.010000,9,0
1616,20,85.00,135.00,0,0.010000,10,0
1617,0,0.00,0.00,1,0.010000,0,0
1618,2,100.00,100.00,1,0.010000,0,0
1619,2,100.00,100.00,1,0.010000,0,0
1620,20,0.00,0.00,0,0.010000,10,0
1621,20,0.00,0.00,0,0.010000,10,0
1622,20,-29.00,-29.00,0,0.010000,10,0
1623,20,-69.00,-79.00,0,0.010000,17,12
1624,20,93.00,93.00,0,0.010000,12,0
1625,20,20.00,10.00,0,0.010000,10,1
1626,20,134.00,174.00,0,0.010000,10,1
1627,20,-47.00,-67.00,0,0.010000,14,13
1628,2,100.00,100.00,1,0.010000,0,0
1629,2,100.00,100.00,1,0.010000,0,0
1630,20,0.00,0.00,0,0.010000,10,0
1631,20,0.00,0.00,0,0.010000,10,0
1632,20,-118.00,-128.00,0,0.010000,15,7
1633,0,0.00,0.00,1,0.010000,0,0
1634,20,93.00,93.00,0,0.010000,12,0
1635,20,45.00,55.00,0,0.010000,9,2
1636,20,85.00,135.00,0,0.010000,10,0
1637,2,100.00,100.00,1,0.010000,0,0
1638,2,100.00,100.00,1,0.010000,0,0
1639,2,100.00,100.00,1,0.010000,0,0
1640,20,0.00,0.00,0,0.010000,10,0
1641,20,0.00,0.00,0,0.010000,10,0
1642,20,-62.00,-62.00,0,0.010000,15,12
1643,20,-64.00,-74.00,0,0.010000,15,11
1644,20,93.00,93.00,0,0.010000,12,0
1645,20,60.00,60.00,0,0.010000,9,0
1646,20,85.00,135.00,0,0.010000,10,0
1647,0,0.00,0.00,1,0.010000,0,0
1648,2,100.00,100.00,1,0.010000,0,0
1649,2,100.00,100.00,1,0.010000,0,0
1650,20,0.00,0.00,0,0.010000,10,0
1651,20,0.00,0.00,0,0.010000,10,0
1652,0,0.00,0.00,1,0.010000,0,0
1653,20,-118.00,-118.00,0,0.010000,17,10
1654,20,93.00,93.00,0,0.010000,12,0
1655,20,60.00,60.00,0,0.010000,9,0
1656,20,85.00,135.00,0,0.010000,10,0
1657,0,0.00,0.00,1,0.010000,0,0
1658,2,100.00,100.00,1,0.010000,0,0
1659,2,100.00,100.00,1,0.010000,0,0
1660,20,-22.00,-2.00,0,0.010000,11,0
1661,20,0.00,0.00,0,0.010000,10,0
1662,1,50.00,50.00,1,0.010000,0,0
1663,20,3.00,-7.00,0,0.010000,14,0
1664,20,93.00,93.00,0,0.010000,12,0
1665,20,10.00,20.00,0,0.010000,11,6
1666,20,85.00,135.00,0,0.010000,10,0
1667,20,11.00,1.00,0,0.010000,10,1
1668,2,100.00,100.00,1,0.010000,0,0
1669,2,100.00,100.00,1,0.010000,0,0
1670,20,0.00,0.00,0,0.010000,10,0
1671,20,0.00,0.00,0,0.010000,10,0
1672,20,-84.00,-84.00,0,0.010000,15,7
1673,0,0.00,0.00,1,0.010000,0,0
1674,20,53.00,43.00,0,0.010000,13,1
1675,20,10.00,20.00,0,0.010000,10,1
1676,20,85.00,135.00,0,0.010000,10,0
1677,0,0.00,0.00,1,0.010000,0,0
1678,2,100.00,100.00,1,0.010000,0,0
1679,2,100.00,100.00,1,0.010000,0,0
1680,20,0.00,0.00,0,0.010000,10,0
1681,20,0.00,0.00,0,0.010000,10,0
1682,20,-106.00,-96.00,0,0.010000,14,11
1683,20,3.00,-7.00,0,0.010000,14,0
1684,20,93.00,93.00,0,0.010000,12,0
1685,20,15.00,15.00,0,0.010000,9,1
1686,20,85.00,135.00,0,0.010000,10,0
1687,20,-113.00,-123.00,0,0.010000,16,11
1688,2,100.00,100.00,1,0.010000,0,0
1689,2,100.00,100.00,1,0.010000,0,0
1690,20,0.00,0.00,0,0.010000,10,0
1691,20,39.00,39.00,0,0.010000,10,1
1692,0,0.00,0.00,1,0.010000,0,0
1693,20,85.00,135.00,0,0.010000,10,0
1694,20,93.00,93.00,0,0.010000,12,0
1695,20,10.00,10.00,0,0.010000,10,1
1696,20,85.00,135.00,0,0.010000,10,0
1697,0,0.00,0.00,1,0.010000,0,0
1698,2,100.00,100.00,1,0.010000,0,0
1699,2,100.00,100.00,1,0.010000,0,0
1700,20,0.00,0.00,0,0.010000,10,0
1701,20,0.00,0.00,0,0.010000,10,0
1702,20,-16.00,-26.00,0,0.010000,14,4
1703,1,50.00,50.00,1,0.010000,0,0
1704,20,93.00,93.00,0,0.010000,12,0
1705,20,60.00,60.00,0,0.010000,9,0
1706,20,134.00,174.00,0,0.010000,10,0
1707,20,-145.00,-135.00,0,0.010000,17,13
1708,2,100.00,100.00,1,0.010000,0,0
1709,2,100.00,100.00,1,0.010000,0,0
1710,20,0.00,0.00,0,0.010000,10,0
1711,20,0.00,0.00,0,0.010000,10,0
1712,1,50.00,50.00,1,0.010000,0,0
1713,20,-35.00,-45.00,0,0.010000,13,10
1714,20,93.00,93.00,0,0.010000,12,0
1715,20,10.00,20.00,0,0.010000,10,1
1716,20,124.00,174.00,0,0.010000,10,1
1717,20,-52.00,-22.00,0,0.010000,13,10
1718,2,100.00,100.00,1,0.010000,0,0
1719,2,100.00,100.00,1,0.010000,0,0
1720,20,0.00,0.00,0,0.010000,10,0
1721,20,0.00,0.00,0,0.010000,10,0
1722,20,-30.00,-50.00,0,0.010000,13,6
1723,0,0.00,0.00,1,0.010000,0,0
1724,20,93.00,93.00,0,0.010000,12,0
1725,20,60.00,60.00,0,0.010000,9,0
1726,20,85.00,135.00,0,0.010000,10,0
1727,20,-91.00,-111.00,0,0.010000,15,12
1728,2,100.00,100.00,1,0.010000,0,0
1729,2,100.00,100.00,1,0.010000,0,0
1730,20,0.00,0.00,0,0.010000,10,0
1731,20,0.00,0.00,0,0.010000,10,0
1732,20,85.00,135.00,0,0.010000,10,0
1733,20,-45.00,-55.00,0,0.010000,15,6
1734,20,93.00,93.00,0,0.010000,12,0
1735,20,20.00,10.00,0,0.010000,10,1
1736,20,85.00,135.00,0,0.010000,10,0
1737,20,-36.00,-46.00,0,0.010000,13,3
1738,2,100.00,100.00,1,0.010000,0,0
1739,2,100.00,100.00,1,0.010000,0,0
1740,20,0.00,0.00,0,0.010000,10,0
1741,20,0.00,0.00,0,0.010000,10,0
1742,20,45.00,55.00,0,0.010000,9,2
1743,1,50.00,50.00,1,0.010000,0,0
1744,20,93.00,93.00,0,0.010000,12,0
1745,20,0.00,-30.00,0,0.010000,13,8
1746,20,124.00,184.00,0,0.010000,10,1
1747,1,50.00,50.00,1,0.010000,0,0
1748,2,100.00,100.00,1,0.010000,0,0
1749,2,100.00,100.00,1,0.010000,0,0
1750,20,0.00,0.00,0,0.010000,10,0
1751,20,0.00,0.00,0,0.010000,10,0
1752,1,50.00,50.00,1,0.010000,0,0
1753,2,100.00,100.00,1,0.010000,0,0
1754,20,93.00,93.00,0,0.010000,12,0
1755,20,15.00,15.00,0,0.010000,9,1
1756,20,85.00,135.00,0,0.010000,10,0
1757,20,-135.00,-105.00,0,0.010000,16,10
1758,2,100.00,100.00,1,0.010000,0,0
1759,2,100.00,100.00,1,0.010000,0,0
1760,20,0.00,0.00,0,0.010000,10,0
1761,20,0.00,0.00,0,0.010000,10,0
1762,20,-89.00,-89.00,0,0.010000,14,10
1763,0,0.00,0.00,1,0.010000,0,0
1764,20,93.00,93.00,0,0.010000,12,0
1765,20,60.00,60.00,0,0.010000,9,0
1766,20,85.00,135.00,0,0.010000,10,0
1767,20,-144.00,-144.00,0,0.010000,14,10
1768,2,100.00,100.00,1,0.010000,0,0
1769,2,100.00,100.00,1,0.010000,0,0
1770,20,49.00,39.00,0,0.010000,10,1
1771,20,0.00,0.00,0,0.010000,10,0
1772,20,85.00,135.00,0,0.010000,10,0
1773,0,0.00,0.00,1,0.010000,0,0
1774,20,93.00,93.00,0,0.010000,12,0
1775,20,60.00,60.00,0,0.010000,9,0
1776,20,85.00,135.00,0,0.010000,10,0
1777,20,-40.00,-50.00,0,0.010000,13,7
1778,2,100.00,100.00,1,0.010000,0,0
1779,2,100.00,100.00,1,0.010000,0,0
1780,20,0.00,0.00,0,0.010000,10,0
1781,20,49.00,39.00,0,0.010000,10,1
1782,1,50.00,50.00,1,0.010000,0,0
1783,20,-67.00,-57.00,0,0.010000,16,10
1784,20,93.00,93.00,0,0.010000,12,0
1785,20,60.00,60.00,0,0.010000,9,0
1786,20,134.00,174.00,0,0.010000,10,1
1787,1,50.00,50.00,1,0.010000,0,0
1788,2,100.00,100.00,1,0.010000,0,0
1789,2,100.00,100.00,1,0.010000,0,0
1790,20,-2.00,-22.00,0,0.010000,11,0
1791,20,0.00,0.00,0,0.010000,10,0
1792,20,-20.00,-20.00,0,0.010000,10,0
1793,20,3.00,3.00,0,0.010000,14,0
1794,20,93.00,93.00,0,0.010000,12,0
1795,20,60.00,60.00,0,0.010000,9,0
1796,20,85.00,135.00,0,0.010000,10,0
1797,20,20.00,10.00,0,0.010000,10,1
1798,2,100.00,100.00,1,0.010000,0,0
1799,2,100.00,100.00,1,0.010000,0,0
1800,20,0.00,0.00,0,0.010000,10,0
1801,20,0.00,0.00,0,0.010000,10,0
1802,20,-33.00,-33.00,0,0.010000,14,9
1803,0,0.00,0.00,1,0.010000,0,0
1804,20,93.00,93.00,0,0.010000,12,0
1805,20,60.00,60.00,0,0.010000,9,0
1806,20,85.00,135.00,0,0.010000,10,0
1807,20,-40.00,-70.00,0,0.010000,14,8
1808,2,100.00,100.00,1,0.010000,0,0
1809,2,100.00,100.00,1,0.010000,0,0
1810,20,0.00,0.00,0,0.010000,10,0
1811,20,0.00,0.00,0,0.010000,10,0
1812,0,0.00,0.00,1,0.010000,0,0
1813,0,0.00,0.00,1,0.010000,0,0
1814,20,93.00,93.00,0,0.010000,12,0
1815,20,10.00,20.00,0,0.010000,10,1
1816,20,85.00,135.00,0,0.010000,10,0
1817,20,44.00,44.00,0,0.010000,9,1
1818,2,100.00,100.00,1,0.010000,0,0
1819,2,100.00,100.00,1,0.010000,0,0
1820,20,0.00,0.00,0,0.010000,10,0
1821,20,44.00,44.00,0,0.010000,9,1
1822,0,0.00,0.00,1,0.010000,0,0
1823,20,-9.00,21.00,0,0.010000,11,3
1824,20,93.00,93.00,0,0.010000,12,0
1825,20,60.00,60.00,0,0.010000,9,0
1826,20,85.00,135.00,0,0.010000,10,0
1827,20,-52.00,-62.00,0,0.010000,15,9
1828,2,100.00,100.00,1,0.010000,0,0
1829,2,100.00,100.00,1,0.010000,0,0
1830,20,0.00,0.00,0,0.010000,10,0
1831,20,0.00,0.00,0,0.010000,10,0
1832,20,-20.00,-20.00,0,0.010000,10,0
1833,0,0.00,0.00,1,0.010000,0,0
1834,20,93.00,93.00,0,0.010000,12,0
1835,20,60.00,60.00,0,0.010000,9,0
1836,20,85.00,135.00,0,0.010000,10,0
1837,20,74.00,144.00,0,0.010000,11,0
1838,2,100.00,100.00,1,0.010000,0,0
1839,2,100.00,100.00,1,0.010000,0,0
1840,20,0.00,0.00,0,0.010000,10,0
1841,20,0.00,0.00,0,0.010000,10,0
1842,0,0.00,0.00,1,0.010000,0,0
1843,20,-57.00,-57.00,0,0.010000,14,12
1844,20,13.00,-7.00,0,0.010000,14,0
1845,20,60.00,60.00,0,0.010000,9,0
1846,20,85.00,135.00,0,0.010000,10,0
1847,20,-28.00,-38.00,0,0.010000,13,9
1848,2,100.00,100.00,1,0.010000,0,0
1849,2,100.00,100.00,1,0.010000,0,0
1850,20,0.00,0.00,0,0.010000,10,0
1851,20,44.00,44.00,0,0.010000,9,1
1852,0,0.00,0.00,1,0.010000,0,0
1853,20,32.00,32.00,0,0.010000,10,2
1854,20,93.00,93.00,0,0.010000,12,0
1855,20,60.00,60.00,0,0.010000,9,0
1856,20,85.00,135.00,0,0.010000,10,0
1857,0,0.00,0.00,1,0.010000,0,0
1858,2,100.00,100.00,1,0.010000,0,0
1859,2,100.00,100.00,1,0.010000,0,0
1860,20,44.00,44.00,0,0.010000,9,1
1861,20,0.00,0.00,0,0.010000,10,0
1862,20,4.00,4.00,0,0.010000,13,0
1863,1,50.00,50.00,1,0.010000,0,0
1864,20,93.00,93.00,0,0.010000,12,0
1865,20,60.00,60.00,0,0.010000,9,0
1866,20,85.00,135.00,0,0.010000,10,0
1867,20,3.00,3.00,0,0.010000,14,0
1868,2,100.00,100.00,1,0.010000,0,0
1869,2,100.00,100.00,1,0.010000,0,0
1870,20,0.00,0.00,0,0.010000,10,0
1871,20,0.00,0.00,0,0.010000,10,0
1872,20,-69.00,-39.00,0,0.010000,15,7
1873,0,0.00,0.00,1,0.010000,0,0
1874,20,93.00,93.00,0,0.010000,12,0
1875,20,60.00,60.00,0,0.010000,9,0
1876,20,85.00,135.00,0,0.010000,10,0
1877,1,50.00,50.00,1,0.010000,0,0
1878,2,100.00,100.00,1,0.010000,0,0
1879,3,89.00,89.00,1,0.010000,1,1
1880,20,0.00,0.00,0,0.010000,10,0
1881,20,0.00,0.00,0,0.010000,10,0
1882,0,0.00,0.00,1,0.010000,0,0
1883,20,0.00,0.00,0,0.010000,10,0
1884,20,93.00,93.00,0,0.010000,12,0
1885,20,60.00,60.00,0,0.010000,9,0
1886,20,85.00,135.00,0,0.010000,10,0
1887,20,45.00,85.00,0,0.010000,11,0
1888,2,100.00,100.00,1,0.010000,0,0
1889,2,100.00,100.00,1,0.010000,0,0
1890,20,0.00,0.00,0,0.010000,10,0
1891,20,0.00,0.00,0,0.010000,10,0
1892,0,0.00,0.00,1,0.010000,0,0
1893,20,-28.00,-48.00,0,0.010000,13,7
1894,20,93.00,93.00,0,0.010000,12,0
1895,20,60.00,60.00,0,0.010000,9,0
1896,20,85.00,135.00,0,0.010000,10,0
1897,0,0.00,0.00,1,0.010000,0,0
1898,2,100.00,100.00,1,0.010000,0,0
1899,2,100.00,100.00,1,0.010000,0,0
1900,20,0.00,0.00,0,0.010000,10,0
1901,20,-14.00,6.00,0,0.010000,13,5
1902,1,50.00,50.00,1,0.010000,0,0
1903,0,0.00,0.00,1,0.010000,0,0
1904,20,93.00,93.00,0,0.010000,12,0
1905,20,60.00,60.00,0,0.010000,9,0
1906,20,85.00,135.00,0,0.010000,10,0
1907,20,43.00,43.00,0,0.010000,13,1
1908,2,100.00,100.00,1,0.010000,0,0
1909,2,100.00,100.00,1,0.010000,0,0
1910,20,0.00,0.00,0,0.010000,10,0
1911,20,0.00,0.00,0,0.010000,10,0
1912,1,50.00,50.00,1,0.010000,0,0
1913,20,-100.00,-80.00,0,0.010000,12,11
1914,20,93.00,93.00,0,0.010000,12,0
1915,20,60.00,60.00,0,0.010000,9,0
1916,20,85.00,135.00,0,0.010000,10,0
1917,20,89.00,119.00,0,0.010000,10,1
1918,2,100.00,100.00,1,0.010000,0,0
1919,2,100.00,100.00,1,0.010000,0,0
1920,20,0.00,0.00,0,0.010000,10,0
1921,20,0.00,0.00,0,0.010000,10,0
1922,0,0.00,0.00,1,0.010000,0,0
1923,0,0.00,0.00,1,0.010000,0,0
1924,20,93.00,93.00,0,0.010000,12,0
1925,20,60.00,60.00,0,0.010000,9,0
1926,20,144.00,184.00,0,0.010000,9,0
1927,0,0.00,0.00,1,0.010000,0,0
1928,2,100.00,100.00,1,0.010000,0,0
1929,2,100.00,100.00,1,0.010000,0,0
1930,20,0.00,0.00,0,0.010000,10,0
1931,20,0.00,0.00,0,0.010000,10,0
1932,20,3.00,3.00,0,0.010000,14,0
1933,20,0.00,0.00,0,0.010000,10,0
1934,20,93.00,93.00,0,0.010000,12,0
1935,20,20.00,10.00,0,0.010000,10,1
1936,20,85.00,135.00,0,0.010000,10,0
1937,1,50.00,50.00,1,0.010000,0,0
1938,2,100.00,100.00,1,0.010000,0,0
1939,2,100.00,100.00,1,0.010000,0,0
1940,20,0.00,0.00,0,0.010000,10,0
1941,20,0.00,0.00,0,0.010000,10,0
1942,20,-29.00,-29.00,0,0.010000,10,0
1943,0,0.00,0.00,1,0.010000,0,0
1944,20,13.00,-7.00,0,0.010000,14,0
1945,20,10.00,10.00,0,0.010000,10,1
1946,20,134.00,174.00,0,0.010000,10,1
1947,20,-20.00,-20.00,0,0.010000,10,0
1948,2,100.00,100.00,1,0.010000,0,0
1949,2,100.00,100.00,1,0.010000,0,0
1950,20,0.00,0.00,0,0.010000,10,0
1951,20,0.00,0.00,0,0.010000,10,0
1952,0,0.00,0.00,1,0.010000,0,0
1953,0,0.00,0.00,1,0.010000,0,0
1954,20,43.00,43.00,0,0.010000,13,1
1955,20,60.00,60.00,0,0.010000,9,0
1956,20,85.00,135.00,0,0.010000,10,0
1957,20,-16.00,-26.00,0,0.010000,14,5
1958,2,100.00,100.00,1,0.010000,0,0
1959,2,100.00,100.00,1,0.010000,0,0
1960,20,0.00,0.00,0,0.010000,10,0
1961,20,0.00,0.00,0,0.010000,10,0
1962,1,50.00,50.00,1,0.010000,0,0
1963,20,-22.00,-2.00,0,0.010000,11,1
1964,20,93.00,93.00,0,0.010000,12,0
1965,20,10.00,20.00,0,0.010000,10,1
1966,20,85.00,135.00,0,0.010000,10,0
1967,20,-35.00,-35.00,0,0.010000,10,2
1968,2,100.00,100.00,1,0.010000,0,0
1969,2,100.00,100.00,1,0.010000,0,0
1970,20,0.00,0.00,0,0.010000,10,0
1971,20,0.00,0.00,0,0.010000,10,0
1972,20,85.00,135.00,0,0.010000,10,0
1973,0,0.00,0.00,1,0.010000,0,0
1974,20,93.00,93.00,0,0.010000,12,0
1975,20,60.00,60.00,0,0.010000,9,0
1976,20,85.00,135.00,0,0.010000,10,0
1977,0,0.00,0.00,1,0.010000,0,0
1978,3,94.00,94.00,1,0.010000,0,1
1979,2,100.00,100.00,1,0.010000,0,0
1980,20,0.00,0.00,0,0.010000,10,0
1981,20,0.00,0.00,0,0.010000,10,0
1982,20,95.00,125.00,0,0.010000,10,0
1983,1,50.00,50.00,1,0.010000,0,0
1984,20,43.00,53.00,0,0.010000,13,1
1985,20,10.00,20.00,0,0.010000,10,1
1986,20,85.00,135.00,0,0.010000,10,0
1987,20,60.00,60.00,0,0.010000,9,0
1988,2,100.00,100.00,1,0.010000,0,0
1989,2,100.00,100.00,1,0.010000,0,0
1990,20,0.00,0.00,0,0.010000,10,0
1991,20,0.00,0.00,0,0.010000,10,0
1992,0,0.00,0.00,1,0.010000,0,0
1993,20,0.00,0.00,0,0.010000,10,0
1994,20,93.00,93.00,0,0.010000,12,0
1995,20,60.00,60.00,0,0.010000,9,0
1996,20,85.00,135.00,0,0.010000,10,0
1997,1,50.00,50.00,1,0.010000,0,0
1998,2,100.00,100.00,1,0.010000,0,0
1999,2,100.00,100.00,1,0.010000,0,0
2000,20,0.00,0.00,0,0.010000,10,0
2001,20,0.00,0.00,0,0.010000,10,0
2002,0,0.00,0.00,1,0.010000,0,0
2003,20,-33.00,-43.00,0,0.010000,14,9
2004,20,93.00,93.00,0,0.010000,12,0
2005,20,60.00,60.00,0,0.010000,9,0
2006,20,129.00,179.00,0,0.010000,9,1
2007,20,-40.00,-50.00,0,0.010000,14,8
2008,2,100.00,100.00,1,0.010000,0,0
2009,2,100.00,100.00,1,0.010000,0,0
2010,20,0.00,0.00,0,0.010000,10,0
2011,20,0.00,0.00,0,0.010000,10,0
2012,20,39.00,39.00,0,0.010000,10,1
2013,20,-19.00,-29.00,0,0.010000,11,2
2014,20,93.00,93.00,0,0.010000,12,0
2015,20,60.00,60.00,0,0.010000,9,0
2016,20,85.00,135.00,0,0.010000,10,0
2017,0,0.00,0.00,1,0.010000,0,0
2018,2,100.00,100.00,1,0.010000,0,0
2019,2,100.00,100.00,1,0.010000,0,0
2020,20,0.00,0.00,0,0.010000,10,0
2021,20,0.00,0.00,0,0.010000,10,0
2022,0,0.00,0.00,1,0.010000,0,0
2023,0,0.00,0.00,1,0.010000,0,0
2024,20,93.00,93.00,0,0.010000,12,0
2025,20,60.00,60.00,0,0.010000,9,0
2026,20,85.00,135.00,0,0.010000,10,0
2027,1,50.00,50.00,1,0.010000,0,0
2028,2,100.00,100.00,1,0.010000,0,0
2029,2,100.00,100.00,1,0.010000,0,0
2030,20,0.00,0.00,0,0.010000,10,0
2031,20,44.00,44.00,0,0.010000,9,1
2032,20,43.00,43.00,0,0.010000,13,0
2033,20,43.00,43.00,0,0.010000,13,0
2034,20,93.00,93.00,0,0.010000,12,0
2035,20,60.00,60.00,0,0.010000,9,0
2036,20,85.00,135.00,0,0.010000,10,0
2037,20,-70.00,-70.00,0,0.010000,11,0
2038,2,100.00,100.00,1,0.010000,0,0
2039,2,100.00,100.00,1,0.010000,0,0
2040,20,0.00,0.00,0,0.010000,10,0
2041,20,0.00,0.00,0,0.010000,10,0
2042,20,3.00,3.00,0,0.010000,14,1
2043,20,4.00,4.00,0,0.010000,13,0
2044,20,53.00,43.00,0,0.010000,13,1
2045,20,81.00,91.00,0,0.010000,9,0
2046,20,124.00,174.00,0,0.010000,10,1
2047,1,50.00,50.00,1,0.010000,0,0
2048,2,100.00,100.00,1,0.010000,0,0
2049,2,100.00,100.00,1,0.010000,0,0
2050,20,0.00,0.00,0,0.010000,10,0
2051,20,0.00,0.00,0,0.010000,10,0
2052,0,0.00,0.00,1,0.010000,0,0
2053,20,-33.00,-33.00,0,0.010000,14,7
2054,20,43.00,43.00,0,0.010000,13,1
2055,20,10.00,20.00,0,0.010000,10,1
2056,20,85.00,135.00,0,0.010000,10,0
2057,0,0.00,0.00,1,0.010000,0,0
2058,2,100.00,100.00,1,0.010000,0,0
2059,2,100.00,100.00,1,0.010000,0,0
2060,20,0.00,0.00,0,0.010000,10,0
2061,20,0.00,0.00,0,0.010000,10,0
2062,1,50.00,50.00,1,0.010000,0,0
2063,20,43.00,43.00,0,0.010000,13,0
2064,20,93.00,93.00,0,0.010000,12,0
2065,20,60.00,60.00,0,0.010000,9,0
2066,20,85.00,135.00,0,0.010000,10,0
2067,0,0.00,0.00,1,0.010000,0,0
2068,2,100.00,100.00,1,0.010000,0,0
2069,2,100.00,100.00,1,0.010000,0,0
2070,20,0.00,0.00,0,0.010000,10,0
2071,20,0.00,0.00,0,0.010000,10,0
2072,0,0.00,0.00,1,0.010000,0,0
2073,20,-46.00,-36.00,0,0.010000,13,3
2074,20,93.00,93.00,0,0.010000,12,0
2075,20,60.00,60.00,0,0.010000,9,0
2076,20,85.00,135.00,0,0.010000,10,0
2077,0,0.00,0.00,1,0.010000,0,0
2078,2,100.00,100.00,1,0.010000,0,0
2079,2,100.00,100.00,1,0.010000,0,0
2080,20,0.00,0.00,0,0.010000,10,0
2081,20,0.00,0.00,0,0.010000,10,0
2082,0,0.00,0.00,1,0.010000,0,0
2083,1,50.00,50.00,1,0.010000,0,0
2084,20,3.00,3.00,0,0.010000,14,2
2085,20,60.00,60.00,0,0.010000,9,0
2086,20,85.00,135.00,0,0.010000,10,0
2087,0,0.00,0.00,1,0.010000,0,0
2088,2,100.00,100.00,1,0.010000,0,0
2089,2,100.00,100.00,1,0.010000,0,0
2090,20,0.00,0.00,0,0.010000,10,0
2091,20,0.00,0.00,0,0.010000,10,0
2092,20,85.00,135.00,0,0.010000,10,0
2093,1,50.00,50.00,1,0.010000,0,0
2094,20,93.00,93.00,0,0.010000,12,0
2095,20,60.00,60.00,0,0.010000,9,0
2096,20,85.00,135.00,0,0.010000,10,0
2097,20,-40.00,-50.00,0,0.010000,14,10
2098,2,100.00,100.00,1,0.010000,0,0
2099,2,100.00,100.00,1,0.010000,0,0
2100,20,0.00,0.00,0,0.010000,10,0
2101,20,0.00,0.00,0,0.010000,10,0
2102,2,100.00,100.00,1,0.010000,0,0
2103,2,100.00,100.00,1,0.010000,0,0
2104,20,93.00,93.00,0,0.010000,12,0
2105,20,60.00,60.00,0,0.010000,9,0
2106,20,129.00,179.00,0,0.010000,9,1
2107,20,-74.00,-74.00,0,0.010000,16,13
2108,2,100.00,100.00,1,0.010000,0,0
2109,2,100.00,100.00,1,0.010000,0,0
2110,20,22.00,42.00,0,0.010000,10,2
2111,20,0.00,0.00,0,0.010000,10,0
2112,2,100.00,100.00,1,0.010000,0,0
2113,2,100.00,100.00,1,0.010000,0,0
2114,20,93.00,93.00,0,0.010000,12,0
2115,20,60.00,60.00,0,0.010000,9,0
2116,20,85.00,135.00,0,0.010000,10,0
2117,0,0.00,0.00,1,0.010000,0,0
2118,2,100.00,100.00,1,0.010000,0,0
2119,2,100.00,100.00,1,0.010000,0,0
2120,20,-24.00,-24.00,0,0.010000,12,2
2121,20,39.00,49.00,0,0.010000,10,1
2122,20,-58.00,-48.00,0,0.010000,16,6
2123,0,0.00,0.00,1,0.010000,0,0
2124,20,93.00,93.00,0,0.010000,12,0
2125,20,60.00,60.00,0,0.010000,9,0
2126,20,85.00,135.00,0,0.010000,10,0
2127,1,50.00,50.00,1,0.010000,0,0
2128,2,100.00,100.00,1,0.010000,0,0
2129,2,100.00,100.00,1,0.010000,0,0
2130,20,0.00,0.00,0,0.010000,10,0
2131,20,0.00,0.00,0,0.010000,10,0
2132,20,0.00,0.00,0,0.010000,10,0
2133,0,0.00,0.00,1,0.010000,0,0
2134,20,13.00,-7.00,0,0.010000,14,0
2135,20,60.00,60.00,0,0.010000,9,0
2136,20,129.00,179.00,0,0.010000,9,1
2137,20,43.00,43.00,0,0.010000,13,1
2138,2,100.00,100.00,1,0.010000,0,0
2139,2,100.00,100.00,1,0.010000,0,0
2140,20,0.00,0.00,0,0.010000,10,0
2141,20,0.00,0.00,0,0.010000,10,0
2142,20,-28.00,-28.00,0,0.010000,13,7
2143,0,0.00,0.00,1,0.010000,0,0
2144,20,93.00,93.00,0,0.010000,12,0
2145,20,60.00,60.00,0,0.010000,9,0
2146,20,85.00,135.00,0,0.010000,10,0
2147,0,0.00,0.00,1,0.010000,0,0
2148,2,100.00,100.00,1,0.010000,0,0
2149,2,100.00,100.00,1,0.010000,0,0
2150,20,0.00,0.00,0,0.010000,10,0
2151,20,0.00,0.00,0,0.010000,10,0
2152,0,0.00,0.00,1,0.010000,0,0
2153,0,0.00,0.00,1,0.010000,0,0
2154,20,93.00,93.00,0,0.010000,12,0
2155,20,60.00,60.00,0,0.010000,9,0
2156,20,85.00,135.00,0,0.010000,10,0
2157,0,0.00,0.00,1,0.010000,0,0
2158,2,100.00,100.00,1,0.010000,0,0
2159,2,100.00,100.00,1,0.010000,0,0
2160,20,-9.00,-39.00,0,0.010000,11,2
2161,20,32.00,32.00,0,0.010000,10,1
2162,1,50.00,50.00,1,0.010000,0,0
2163,0,0.00,0.00,1,0.010000,0,0
2164,20,93.00,93.00,0,0.010000,12,0
2165,20,60.00,60.00,0,0.010000,9,0
2166,20,85.00,135.00,0,0.010000,10,0
2167,20,-69.00,-99.00,0,0.010000,14,7
2168,2,100.00,100.00,1,0.010000,0,0
2169,2,100.00,100.00,1,0.010000,0,0
2170,20,0.00,0.00,0,0.010000,10,0
2171,20,0.00,0.00,0,0.010000,10,0
2172,0,0.00,0.00,1,0.010000,0,0
2173,20,-24.00,-34.00,0,0.010000,12,1
2174,20,93.00,93.00,0,0.010000,12,0
2175,20,60.00,60.00,0,0.010000,9,0
2176,20,85.00,135.00,0,0.010000,10,0
2177,20,-20.00,-20.00,0,0.010000,10,0
2178,2,100.00,100.00,1,0.010000,0,0
2179,2,100.00,100.00,1,0.010000,0,0
2180,20,0.00,0.00,0,0.010000,10,0
2181,20,0.00,0.00,0,0.010000,10,0
2182,20,-61.00,-51.00,0,0.010000,11,0
2183,0,0.00,0.00,1,0.010000,0,0
2184,20,93.00,93.00,0,0.010000,12,0
2185,20,60.00,60.00,0,0.010000,9,0
2186,20,85.00,135.00,0,0.010000,10,0
2187,20,-101.00,-111.00,0,0.010000,15,10
2188,2,100.00,100.00,1,0.010000,0,0
2189,2,100.00,100.00,1,0.010000,0,0
2190,20,0.00,0.00,0,0.010000,10,0
2191,20,0.00,0.00,0,0.010000,10,0
2192,20,0.00,0.00,0,0.010000,10,0
2193,20,-29.00,-29.00,0,0.010000,10,0
2194,20,93.00,93.00,0,0.010000,12,0
2195,20,60.00,60.00,0,0.010000,9,0
2196,20,85.00,135.00,0,0.010000,10,0
2197,20,44.00,44.00,0,0.010000,9,1
2198,2,100.00,100.00,1,0.010000,0,0
2199,2,100.00,100.00,1,0.010000,0,0
2200,20,44.00,44.00,0,0.010000,9,1
2201,20,39.00,49.00,0,0.010000,10,1
2202,20,-128.00,-148.00,0,0.010000,16,7
2203,0,0.00,0.00,1,0.010000,0,0
2204,20,13.00,13.00,0,0.010000,13,0
2205,20,60.00,60.00,0,0.010000,9,0
2206,20,85.00,135.00,0,0.010000,10,0
2207,1,50.00,50.00,1,0.010000,0,0
2208,2,100.00,100.00,1,0.010000,0,0
2209,2,100.00,100.00,1,0.010000,0,0
2210,20,39.00,39.00,0,0.010000,10,1
2211,20,0.00,0.00,0,0.010000,10,0
2212,1,50.00,50.00,1,0.010000,0,0
2213,0,0.00,0.00,1,0.010000,0,0
2214,20,93.00,93.00,0,0.010000,12,0
2215,20,20.00,10.00,0,0.010000,10,1
2216,20,85.00,135.00,0,0.010000,10,0
2217,0,0.00,0.00,1,0.010000,0,0
2218,2,100.00,100.00,1,0.010000,0,0
2219,2,100.00,100.00,1,0.010000,0,0
2220,20,0.00,0.00,0,0.010000,10,0
2221,20,0.00,0.00,0,0.010000,10,0
2222,0,0.00,0.00,1,0.010000,0,0
2223,20,11.00,1.00,0,0.010000,10,0
2224,20,93.00,93.00,0,0.010000,12,0
2225,20,60.00,60.00,0,0.010000,9,0
2226,20,85.00,135.00,0,0.010000,10,0
2227,20,93.00,93.00,0,0.010000,12,0
2228,2,100.00,100.00,1,0.010000,0,0
2229,2,100.00,100.00,1,0.010000,0,0
2230,20,0.00,0.00,0,0.010000,10,0
2231,20,0.00,0.00,0,0.010000,10,0
2232,0,0.00,0.00,1,0.010000,0,0
2233,20,-109.00,-79.00,0,0.010000,14,10
2234,20,93.00,93.00,0,0.010000,12,0
2235,20,91.00,81.00,0,0.010000,9,0
2236,20,129.00,179.00,0,0.010000,9,1
2237,1,50.00,50.00,1,0.010000,0,0
2238,2,100.00,100.00,1,0.010000,0,0
2239,2,100.00,100.00,1,0.010000,0,0
2240,20,0.00,0.00,0,0.010000,10,0
2241,20,0.00,0.00,0,0.010000,10,0
2242,1,50.00,50.00,1,0.010000,0,0
2243,20,49.00,39.00,0,0.010000,10,0
2244,20,93.00,93.00,0,0.010000,12,0
2245,20,60.00,60.00,0,0.010000,9,0
2246,20,85.00,135.00,0,0.010000,10,0
2247,20,-20.00,-20.00,0,0.010000,10,0
2248,2,100.00,100.00,1,0.010000,0,0
2249,2,100.00,100.00,1,0.010000,0,0
2250,20,0.00,0.00,0,0.010000,10,0
2251,20,0.00,0.00,0,0.010000,10,0
2252,2,100.00,100.00,1,0.010000,0,0
2253,20,-31.00,-11.00,0,0.010000,13,7
2254,20,93.00,93.00,0,0.010000,12,0
2255,20,60.00,60.00,0,0.010000,9,0
2256,20,85.00,135.00,0,0.010000,10,0
2257,20,-35.00,-55.00,0,0.010000,13,9
2258,2,100.00,100.00,1,0.010000,0,0
2259,2,100.00,100.00,1,0.010000,0,0
2260,20,0.00,0.00,0,0.010000,10,0
2261,20,0.00,0.00,0,0.010000,10,0
2262,20,45.00,85.00,0,0.010000,11,0
2263,20,43.00,53.00,0,0.010000,13,1
2264,20,93.00,93.00,0,0.010000,12,0
2265,20,15.00,15.00,0,0.010000,9,1
2266,20,85.00,135.00,0,0.010000,10,0
2267,20,-5.00,35.00,0,0.010000,12,0
2268,2,100.00,100.00,1,0.010000,0,0
2269,2,100.00,100.00,1,0.010000,0,0
2270,20,0.00,0.00,0,0.010000,10,0
2271,20,0.00,0.00,0,0.010000,10,0
2272,0,0.00,0.00,1,0.010000,0,0
2273,20,44.00,74.00,0,0.010000,12,0
2274,20,93.00,93.00,0,0.010000,12,0
2275,20,60.00,60.00,0,0.010000,9,0
2276,20,85.00,135.00,0,0.010000,10,0
2277,0,0.00,0.00,1,0.010000,0,0
2278,2,100.00,100.00,1,0.010000,0,0
2279,2,100.00,100.00,1,0.010000,0,0
2280,20,0.00,0.00,0,0.010000,10,0
2281,20,0.00,0.00,0,0.010000,10,0
2282,2,100.00,100.00,1,0.010000,0,0
2283,20,94.00,144.00,0,0.010000,10,0
2284,20,93.00,93.00,0,0.010000,12,0
2285,20,60.00,60.00,0,0.010000,9,0
2286,20,85.00,135.00,0,0.010000,10,0
2287,0,0.00,0.00,1,0.010000,0,0
2288,2,100.00,100.00,1,0.010000,0,0
2289,2,100.00,100.00,1,0.010000,0,0
2290,20,0.00,0.00,0,0.010000,10,0
2291,20,0.00,0.00,0,0.010000,10,0
2292,20,-25.00,-55.00,0,0.010000,15,8
2293,1,50.00,50.00,1,0.010000,0,0
2294,20,93.00,93.00,0,0.010000,12,0
2295,20,60.00,60.00,0,0.010000,9,0
2296,20,85.00,135.00,0,0.010000,10,0
2297,0,0.00,0.00,1,0.010000,0,0
2298,2,100.00,100.00,1,0.010000,0,0
2299,2,100.00,100.00,1,0.010000,0,0
2300,20,0.00,0.00,0,0.010000,10,0
2301,20,0.00,0.00,0,0.010000,10,0
2302,20,-112.00,-82.00,0,0.010000,13,5
2303,0,0.00,0.00,1,0.010000,0,0
2304,20,48.00,48.00,0,0.010000,12,1
2305,20,15.00,15.00,0,0.010000,9,1
2306,20,85.00,135.00,0,0.010000,10,0
2307,20,27.00,27.00,0,0.010000,11,2
2308,2,100.00,100.00,1,0.010000,0,0
2309,2,100.00,100.00,1,0.010000,0,0
2310,20,0.00,0.00,0,0.010000,10,0
2311,20,0.00,0.00,0,0.010000,10,0
2312,20,60.00,60.00,0,0.010000,9,0
2313,0,0.00,0.00,1,0.010000,0,0
2314,20,93.00,93.00,0,0.010000,12,0
2315,20,60.00,60.00,0,0.010000,9,0
2316,20,85.00,135.00,0,0.010000,10,0
2317,20,95.00,125.00,0,0.010000,10,0
2318,2,100.00,100.00,1,0.010000,0,0
2319,2,100.00,100.00,1,0.010000,0,0
2320,20,0.00,0.00,0,0.010000,10,0
2321,20,39.00,49.00,0,0.010000,10,1
2322,20,54.00,64.00,0,0.010000,12,0
2323,0,0.00,0.00,1,0.010000,0,0
2324,20,93.00,93.00,0,0.010000,12,0
2325,20,10.00,10.00,0,0.010000,10,1
2326,20,85.00,135.00,0,0.010000,10,0
2327,20,-100.00,-90.00,0,0.010000,14,8
2328,2,100.00,100.00,1,0.010000,0,0
2329,2,100.00,100.00,1,0.010000,0,0
2330,20,27.00,37.00,0,0.010000,11,1
2331,20,0.00,0.00,0,0.010000,10,0
2332,0,0.00,0.00,1,0.010000,0,0
2333,20,-133.00,-133.00,0,0.010000,14,9
2334,20,93.00,93.00,0,0.010000,12,0
2335,20,60.00,60.00,0,0.010000,9,0
2336,20,85.00,135.00,0,0.010000,10,0
2337,20,-63.00,-73.00,0,0.010000,12,7
2338,2,100.00,100.00,1,0.010000,0,0
2339,2,100.00,100.00,1,0.010000,0,0
2340,20,0.00,0.00,0,0.010000,10,0
2341,20,0.00,0.00,0,0.010000,10,0
2342,20,-121.00,-101.00,0,0.010000,15,11
2343,0,0.00,0.00,1,0.010000,0,0
2344,20,93.00,93.00,0,0.010000,12,0
2345,20,60.00,60.00,0,0.010000,9,0
2346,20,85.00,135.00,0,0.010000,10,0
2347,1,50.00,50.00,1,0.010000,0,0
2348,2,100.00,100.00,1,0.010000,0,0
2349,2,100.00,100.00,1,0.010000,0,0
2350,20,0.00,0.00,0,0.010000,10,0
2351,20,0.00,0.00,0,0.010000,10,0
2352,20,-86.00,-106.00,0,0.010000,14,9
2353,0,0.00,0.00,1,0.010000,0,0
2354,20,93.00,93.00,0,0.010000,12,0
2355,20,60.00,60.00,0,0.010000,9,0
2356,20,85.00,135.00,0,0.010000,10,0
2357,20,43.00,43.00,0,0.010000,13,0
2358,2,100.00,100.00,1,0.010000,0,0
2359,2,100.00,100.00,1,0.010000,0,0
2360,20,0.00,0.00,0,0.010000,10,0
2361,20,0.00,0.00,0,0.010000,10,0
2362,2,100.00,100.00,1,0.010000,0,0
2363,2,100.00,100.00,1,0.010000,0,0
2364,20,93.00,93.00,0,0.010000,12,0
2365,20,60.00,60.00,0,0.010000,9,0
2366,20,124.00,184.00,0,0.010000,10,0
2367,0,0.00,0.00,1,0.010000,0,0
2368,2,100.00,100.00,1,0.010000,0,0
2369,2,100.00,100.00,1,0.010000,0,0
2370,20,0.00,0.00,0,0.010000,10,0
2371,20,0.00,0.00,0,0.010000,10,0
2372,0,0.00,0.00,1,0.010000,0,0
2373,20,-73.00,-63.00,0,0.010000,15,11
2374,20,93.00,93.00,0,0.010000,12,0
2375,20,60.00,60.00,0,0.010000,9,0
2376,20,85.00,135.00,0,0.010000,10,0
2377,20,-30.00,-50.00,0,0.010000,14,10
2378,2,100.00,100.00,1,0.010000,0,0
2379,2,100.00,100.00,1,0.010000,0,0
2380,20,0.00,0.00,0,0.010000,10,0
2381,20,0.00,0.00,0,0.010000,10,0
2382,0,0.00,0.00,1,0.010000,0,0
2383,20,0.00,0.00,0,0.010000,10,0
2384,20,93.00,93.00,0,0.010000,12,0
2385,20,60.00,60.00,0,0.010000,9,0
2386,20,85.00,135.00,0,0.010000,10,0
2387,2,100.00,100.00,1,0.010000,0,0
2388,2,100.00,100.00,1,0.010000,0,0
2389,2,100.00,100.00,1,0.010000,0,0
2390,20,0.00,0.00,0,0.010000,10,0
2391,20,0.00,0.00,0,0.010000,10,0
2392,0,0.00,0.00,1,0.010000,0,0
2393,20,-20.00,-20.00,0,0.010000,10,0
2394,20,93.00,93.00,0,0.010000,12,0
2395,20,60.00,60.00,0,0.010000,9,0
2396,20,129.00,179.00,0,0.010000,9,1
2397,20,-55.00,-35.00,0,0.010000,15,8
2398,2,100.00,100.00,1,0.010000,0,0
2399,2,100.00,100.00,1,0.010000,0,0
2400,20,-22.00,-2.00,0,0.010000,11,0
2401,20,0.00,0.00,0,0.010000,10,0
2402,1,50.00,50.00,1,0.010000,0,0
2403,20,84.00,124.00,0,0.010000,11,0
2404,20,93.00,93.00,0,0.010000,12,0
2405,20,60.00,60.00,0,0.010000,9,0
2406,20,85.00,135.00,0,0.010000,10,0
2407,0,0.00,0.00,1,0.010000,0,0
2408,2,100.00,100.00,1,0.010000,0,0
2409,2,100.00,100.00,1,0.010000,0,0
2410,20,49.00,39.00,0,0.010000,10,1
2411,20,0.00,0.00,0,0.010000,10,0
2412,0,0.00,0.00,1,0.010000,0,0
2413,20,-33.00,-43.00,0,0.010000,14,10
2414,20,93.00,93.00,0,0.010000,12,0
2415,20,60.00,60.00,0,0.010000,9,0
2416,20,85.00,135.00,0,0.010000,10,0
2417,1,50.00,50.00,1,0.010000,0,0
2418,2,100.00,100.00,1,0.010000,0,0
2419,2,100.00,100.00,1,0.010000,0,0
2420,20,0.00,0.00,0,0.010000,10,0
2421,20,0.00,0.00,0,0.010000,10,0
2422,20,1.00,-9.00,0,0.010000,11,1
2423,0,0.00,0.00,1,0.010000,0,0
2424,20,93.00,93.00,0,0.010000,12,0
2425,20,15.00,15.00,0,0.010000,9,1
2426,20,85.00,135.00,0,0.010000,10,0
2427,1,50.00,50.00,1,0.010000,0,0
2428,2,100.00,100.00,1,0.010000,0,0
2429,2,100.00,100.00,1,0.010000,0,0
2430,20,0.00,0.00,0,0.010000,10,0
2431,20,39.00,49.00,0,0.010000,10,1
2432,2,100.00,100.00,1,0.010000,0,0
2433,20,-31.00,-21.00,0,0.010000,13,8
2434,20,93.00,93.00,0,0.010000,12,0
2435,20,81.00,91.00,0,0.010000,9,0
2436,20,85.00,135.00,0,0.010000,10,0
2437,3,99.00,89.00,1,0.010000,1,1
2438,2,100.00,100.00,1,0.010000,0,0
2439,2,100.00,100.00,1,0.010000,0,0
2440,20,39.00,39.00,0,0.010000,10,1
2441,20,0.00,0.00,0,0.010000,10,0
2442,20,0.00,0.00,0,0.010000,10,0
2443,20,-29.00,-19.00,0,0.010000,11,2
2444,20,93.00,93.00,0,0.010000,12,0
2445,20,60.00,60.00,0,0.010000,9,0
2446,20,134.00,174.00,0,0.010000,10,1
2447,20,-16.00,-26.00,0,0.010000,14,4
2448,2,100.00,100.00,1,0.010000,0,0
2449,2,100.00,100.00,1,0.010000,0,0
2450,20,0.00,0.00,0,0.010000,10,0
2451,20,0.00,0.00,0,0.010000,10,0
2452,1,50.00,50.00,1,0.010000,0,0
2453,2,100.00,100.00,1,0.010000,0,0
2454,20,93.00,93.00,0,0.010000,12,0
2455,20,60.00,60.00,0,0.010000,9,0
2456,20,85.00,135.00,0,0.010000,10,0
2457,0,0.00,0.00,1,0.010000,0,0
2458,2,100.00,100.00,1,0.010000,0,0
2459,2,100.00,100.00,1,0.010000,0,0
2460,20,0.00,0.00,0,0.010000,10,0
2461,20,0.00,0.00,0,0.010000,10,0
2462,20,43.00,43.00,0,0.010000,13,0
2463,20,-12.00,18.00,0,0.010000,12,4
2464,20,93.00,93.00,0,0.010000,12,0
2465,20,60.00,60.00,0,0.010000,9,0
2466,20,85.00,135.00,0,0.010000,10,0
2467,20,-72.00,-82.00,0,0.010000,14,8
2468,2,100.00,100.00,1,0.010000,0,0
2469,2,100.00,100.00,1,0.010000,0,0
2470,20,0.00,0.00,0,0.010000,10,0
2471,20,0.00,0.00,0,0.010000,10,0
2472,1,50.00,50.00,1,0.010000,0,0
2473,20,-39.00,-39.00,0,0.010000,11,0
2474,20,93.00,93.00,0,0.010000,12,0
2475,20,15.00,15.00,0,0.010000,9,1
2476,20,85.00,135.00,0,0.010000,10,0
2477,1,50.00,50.00,1,0.010000,0,0
2478,2,100.00,100.00,1,0.010000,0,0
2479,2,100.00,100.00,1,0.010000,0,0
2480,20,0.00,0.00,0,0.010000,10,0
2481,20,0.00,0.00,0,0.010000,10,0
2482,20,0.00,0.00,0,0.010000,10,0
2483,20,-128.00,-148.00,0,0.010000,14,9
2484,20,93.00,93.00,0,0.010000,12,0
2485,20,60.00,60.00,0,0.010000,9,0
2486,20,85.00,135.00,0,0.010000,10,0
2487,1,50.00,50.00,1,0.010000,0,0
2488,2,100.00,100.00,1,0.010000,0,0
2489,2,100.00,100.00,1,0.010000,0,0
2490,20,17.00,47.00,0,0.010000,11,1
2491,20,0.00,0.00,0,0.010000,10,0
2492,1,50.00,50.00,1,0.010000,0,0
2493,0,0.00,0.00,1,0.010000,0,0
2494,20,62.00,42.00,0,0.010000,13,0
2495,20,60.00,60.00,0,0.010000,9,0
2496,20,85.00,135.00,0,0.010000,10,0
2497,20,-20.00,-20.00,0,0.010000,10,0
2498,2,100.00,100.00,1,0.010000,0,0
2499,2,100.00,100.00,1,0.010000,0,0
2500,20,0.00,0.00,0,0.010000,10,0
2501,20,0.00,0.00,0,0.010000,10,0
2502,1,50.00,50.00,1,0.010000,0,0
2503,20,-12.00,-12.00,0,0.010000,11,1
2504,20,93.00,93.00,0,0.010000,12,0
2505,20,60.00,60.00,0,0.010000,9,0
2506,20,85.00,135.00,0,0.010000,10,0
2507,0,0.00,0.00,1,0.010000,0,0
2508,2,100.00,100.00,1,0.010000,0,0
2509,2,100.00,100.00,1,0.010000,0,0
2510,20,0.00,0.00,0,0.010000,10,0
2511,20,-12.00,-12.00,0,0.010000,11,0
2512,0,0.00,0.00,1,0.010000,0,0
2513,1,50.00,50.00,1,0.010000,0,0
2514,20,93.00,93.00,0,0.010000,12,0
2515,20,60.00,60.00,0,0.010000,9,0
2516,20,85.00,135.00,0,0.010000,10,0
2517,20,1.00,11.00,0,0.010000,10,1
2518,2,100.00,100.00,1,0.010000,0,0
2519,2,100.00,100.00,1,0.010000,0,0
2520,20,0.00,0.00,0,0.010000,10,0
2521,20,0.00,0.00,0,0.010000,10,0
2522,0,0.00,0.00,1,0.010000,0,0
2523,20,-85.00,-85.00,0,0.010000,14,4
2524,20,93.00,93.00,0,0.010000,12,0
2525,20,20.00,10.00,0,0.010000,10,1
2526,20,85.00,135.00,0,0.010000,10,0
2527,20,-39.00,-39.00,0,0.010000,11,0
2528,2,100.00,100.00,1,0.010000,0,0
2529,2,100.00,100.00,1,0.010000,0,0
2530,20,39.00,49.00,0,0.010000,10,1
2531,20,0.00,0.00,0,0.010000,10,0
2532,0,0.00,0.00,1,0.010000,0,0
2533,20,-60.00,-50.00,0,0.010000,13,7
2534,20,53.00,43.00,0,0.010000,13,1
2535,20,60.00,60.00,0,0.010000,9,0
2536,20,85.00,135.00,0,0.010000,10,0
2537,20,-20.00,-20.00,0,0.010000,10,0
2538,2,100.00,100.00,1,0.010000,0,0
2539,2,100.00,100.00,1,0.010000,0,0
2540,20,0.00,0.00,0,0.010000,10,0
2541,20,0.00,0.00,0,0.010000,10,0
2542,20,-43.00,-43.00,0,0.010000,13,7
2543,1,50.00,50.00,1,0.010000,0,0
2544,20,93.00,93.00,0,0.010000,12,0
2545,20,20.00,10.00,0,0.010000,10,1
2546,20,85.00,135.00,0,0.010000,10,0
2547,20,-91.00,-101.00,0,0.010000,15,8
2548,2,100.00,100.00,1,0.010000,0,0
2549,2,100.00,100.00,1,0.010000,0,0
2550,20,0.00,0.00,0,0.010000,10,0
2551,20,0.00,0.00,0,0.010000,10,0
2552,20,93.00,93.00,0,0.010000,12,0
2553,20,0.00,0.00,0,0.010000,10,0
2554,20,43.00,53.00,0,0.010000,13,1
2555,20,60.00,60.00,0,0.010000,9,0
2556,20,85.00,135.00,0,0.010000,10,0
2557,0,0.00,0.00,1,0.010000,0,0
2558,2,100.00,100.00,1,0.010000,0,0
2559,2,100.00,100.00,1,0.010000,0,0
2560,20,0.00,0.00,0,0.010000,10,0
2561,20,0.00,0.00,0,0.010000,10,0
2562,20,-28.00,-28.00,0,0.010000,15,6
2563,20,-20.00,-20.00,0,0.010000,10,0
2564,20,93.00,93.00,0,0.010000,12,0
2565,20,60.00,60.00,0,0.010000,9,0
2566,20,144.00,164.00,0,0.010000,10,0
2567,1,50.00,50.00,1,0.010000,0,0
2568,2,100.00,100.00,1,0.010000,0,0
2569,2,100.00,100.00,1,0.010000,0,0
2570,20,0.00,0.00,0,0.010000,10,0
2571,20,0.00,0.00,0,0.010000,10,0
2572,1,50.00,50.00,1,0.010000,0,0
2573,0,0.00,0.00,1,0.010000,0,0
2574,20,93.00,93.00,0,0.010000,12,0
2575,20,60.00,60.00,0,0.010000,9,0
2576,20,85.00,135.00,0,0.010000,10,0
2577,20,-51.00,-61.00,0,0.010000,11,0
2578,2,100.00,100.00,1,0.010000,0,0
2579,2,100.00,100.00,1,0.010000,0,0
2580,20,0.00,0.00,0,0.010000,10,0
2581,20,0.00,0.00,0,0.010000,10,0
2582,0,0.00,0.00,1,0.010000,0,0
2583,20,39.00,49.00,0,0.010000,10,0
2584,20,93.00,93.00,0,0.010000,12,0
2585,20,60.00,60.00,0,0.010000,9,0
2586,20,85.00,135.00,0,0.010000,10,0
2587,20,-21.00,-21.00,0,0.010000,13,7
2588,2,100.00,100.00,1,0.010000,0,0
2589,2,100.00,100.00,1,0.010000,0,0
2590,20,0.00,0.00,0,0.010000,10,0
2591,20,49.00,39.00,0,0.010000,10,1
2592,20,-4.00,-4.00,0,0.010000,10,1
2593,0,0.00,0.00,1,0.010000,0,0
2594,20,93.00,93.00,0,0.010000,12,0
2595,20,60.00,60.00,0,0.010000,9,0
2596,20,124.00,184.00,0,0.010000,10,1
2597,0,0.00,0.00,1,0.010000,0,0
2598,2,100.00,100.00,1,0.010000,0,0
2599,2,100.00,100.00,1,0.010000,0,0
2600,20,0.00,0.00,0,0.010000,10,0
2601,20,0.00,0.00,0,0.010000,10,0
2602,20,-20.00,-20.00,0,0.010000,10,0
2603,0,0.00,0.00,1,0.010000,0,0
2604,20,93.00,93.00,0,0.010000,12,0
2605,20,20.00,10.00,0,0.010000,10,1
2606,20,85.00,135.00,0,0.010000,10,0
2607,20,45.00,85.00,0,0.010000,11,1
2608,2,100.00,100.00,1,0.010000,0,0
2609,2,100.00,100.00,1,0.010000,0,0
2610,20,0.00,0.00,0,0.010000,10,0
2611,20,39.00,39.00,0,0.010000,10,1
2612,20,0.00,0.00,0,0.010000,10,0
2613,20,-29.00,-29.00,0,0.010000,10,0
2614,20,93.00,93.00,0,0.010000,12,0
2615,20,60.00,60.00,0,0.010000,9,0
2616,20,85.00,135.00,0,0.010000,10,0
2617,20,85.00,135.00,0,0.010000,10,0
2618,2,100.00,100.00,1,0.010000,0,0
2619,2,100.00,100.00,1,0.010000,0,0
2620,20,0.00,0.00,0,0.010000,10,0
2621,20,0.00,0.00,0,0.010000,10,0
2622,20,-16.00,-16.00,0,0.010000,12,7
2623,0,0.00,0.00,1,0.010000,0,0
2624,20,93.00,93.00,0,0.010000,12,0
2625,20,10.00,10.00,0,0.010000,10,1
2626,20,85.00,135.00,0,0.010000,10,0
2627,20,-62.00,-62.00,0,0.010000,15,11
2628,2,100.00,100.00,1,0.010000,0,0
2629,2,100.00,100.00,1,0.010000,0,0
2630,20,44.00,44.00,0,0.010000,9,1
2631,20,0.00,0.00,0,0.010000,10,0
2632,1,50.00,50.00,1,0.010000,0,0
2633,1,50.00,50.00,1,0.010000,0,0
2634,20,93.00,93.00,0,0.010000,12,0
2635,20,10.00,20.00,0,0.010000,10,1
2636,20,85.00,135.00,0,0.010000,10,0
2637,0,0.00,0.00,1,0.010000,0,0
2638,2,100.00,100.00,1,0.010000,0,0
2639,2,100.00,100.00,1,0.010000,0,0
2640,20,0.00,0.00,0,0.010000,10,0
2641,20,0.00,0.00,0,0.010000,10,0
2642,20,-97.00,-67.00,0,0.010000,13,9
2643,1,50.00,50.00,1,0.010000,0,0
2644,20,93.00,93.00,0,0.010000,12,0
2645,20,81.00,91.00,0,0.010000,9,0
2646,20,85.00,135.00,0,0.010000,10,0
2647,20,85.00,135.00,0,0.010000,10,0
2648,2,100.00,100.00,1,0.010000,0,0
2649,2,100.00,100.00,1,0.010000,0,0
2650,20,0.00,0.00,0,0.010000,10,0
2651,20,0.00,0.00,0,0.010000,10,0
2652,0,0.00,0.00,1,0.010000,0,0
2653,20,-20.00,-20.00,0,0.010000,10,0
2654,20,93.00,93.00,0,0.010000,12,0
2655,20,60.00,60.00,0,0.010000,9,0
2656,20,85.00,135.00,0,0.010000,10,0
2657,0,0.00,0.00,1,0.010000,0,0
2658,2,100.00,100.00,1,0.010000,0,0
2659,2,100.00,100.00,1,0.010000,0,0
2660,20,0.00,0.00,0,0.010000,10,0
2661,20,0.00,0.00,0,0.010000,10,0
2662,1,50.00,50.00,1,0.010000,0,0
2663,0,0.00,0.00,1,0.010000,0,0
2664,20,43.00,53.00,0,0.010000,13,1
2665,20,60.00,60.00,0,0.010000,9,0
2666,20,85.00,135.00,0,0.010000,10,0
2667,1,50.00,50.00,1,0.010000,0,0
2668,2,100.00,100.00,1,0.010000,0,0
2669,2,100.00,100.00,1,0.010000,0,0
2670,20,0.00,0.00,0,0.010000,10,0
2671,20,0.00,0.00,0,0.010000,10,0
2672,0,0.00,0.00,1,0.010000,0,0
2673,0,0.00,0.00,1,0.010000,0,0
2674,20,48.00,48.00,0,0.010000,12,1
2675,20,60.00,60.00,0,0.010000,9,0
2676,20,85.00,135.00,0,0.010000,10,0
2677,0,0.00,0.00,1,0.010000,0,0
2678,2,100.00,100.00,1,0.010000,0,0
2679,2,100.00,100.00,1,0.010000,0,0
2680,20,0.00,0.00,0,0.010000,10,0
2681,20,10.00,30.00,0,0.010000,11,3
2682,20,44.00,64.00,0,0.010000,12,0
2683,20,4.00,4.00,0,0.010000,13,0
2684,20,93.00,93.00,0,0.010000,12,0
2685,20,60.00,60.00,0,0.010000,9,0
2686,20,85.00,135.00,0,0.010000,10,0
2687,20,-22.00,-2.00,0,0.010000,11,0
2688,2,100.00,100.00,1,0.010000,0,0
2689,2,100.00,100.00,1,0.010000,0,0
2690,20,0.00,0.00,0,0.010000,10,0
2691,20,0.00,0.00,0,0.010000,10,0
2692,0,0.00,0.00,1,0.010000,0,0
2693,20,18.00,-2.00,0,0.010000,12,3
2694,20,48.00,48.00,0,0.010000,12,1
2695,20,60.00,60.00,0,0.010000,9,0
2696,20,85.00,135.00,0,0.010000,10,0
2697,0,0.00,0.00,1,0.010000,0,0
2698,2,100.00,100.00,1,0.010000,0,0
2699,2,100.00,100.00,1,0.010000,0,0
2700,20,0.00,0.00,0,0.010000,10,0
2701,20,0.00,0.00,0,0.010000,10,0
2702,20,-69.00,-109.00,0,0.010000,14,9
2703,20,0.00,0.00,0,0.010000,10,0
2704,20,93.00,93.00,0,0.010000,12,0
2705,20,60.00,60.00,0,0.010000,9,0
2706,20,85.00,135.00,0,0.010000,10,0
2707,1,50.00,50.00,1,0.010000,0,0
2708,2,100.00,100.00,1,0.010000,0,0
2709,2,100.00,100.00,1,0.010000,0,0
2710,20,0.00,0.00,0,0.010000,10,0
2711,20,0.00,0.00,0,0.010000,10,0
2712,20,-104.00,-74.00,0,0.010000,15,8
2713,0,0.00,0.00,1,0.010000,0,0
2714,20,93.00,93.00,0,0.010000,12,0
2715,20,20.00,10.00,0,0.010000,10,1
2716,20,85.00,135.00,0,0.010000,10,0
2717,1,50.00,50.00,1,0.010000,0,0
2718,2,100.00,100.00,1,0.010000,0,0
2719,2,100.00,100.00,1,0.010000,0,0
2720,20,0.00,0.00,0,0.010000,10,0
2721,20,0.00,0.00,0,0.010000,10,0
2722,2,100.00,100.00,1,0.010000,0,0
2723,1,50.00,50.00,1,0.010000,0,0
2724,20,93.00,93.00,0,0.010000,12,0
2725,20,60.00,60.00,0,0.010000,9,0
2726,20,85.00,135.00,0,0.010000,10,0
2727,0,0.00,0.00,1,0.010000,0,0
2728,2,100.00,100.00,1,0.010000,0,0
2729,2,100.00,100.00,1,0.010000,0,0
2730,20,0.00,0.00,0,0.010000,10,0
2731,20,0.00,0.00,0,0.010000,10,0
2732,0,0.00,0.00,1,0.010000,0,0
2733,1,50.00,50.00,1,0.010000,0,0
2734,20,93.00,93.00,0,0.010000,12,0
2735,20,60.00,60.00,0,0.010000,9,0
2736,20,85.00,135.00,0,0.010000,10,0
2737,20,25.00,15.00,0,0.010000,10,2
2738,3,99.00,89.00,1,0.010000,1,1
2739,2,100.00,100.00,1,0.010000,0,0
2740,20,44.00,44.00,0,0.010000,9,1
2741,20,0.00,0.00,0,0.010000,10,0
2742,2,100.00,100.00,1,0.010000,0,0
2743,0,0.00,0.00,1,0.010000,0,0
2744,20,93.00,93.00,0,0.010000,12,0
2745,20,71.00,71.00,0,0.010000,10,0
2746,20,85.00,135.00,0,0.010000,10,0
2747,0,0.00,0.00,1,0.010000,0,0
2748,2,100.00,100.00,1,0.010000,0,0
2749,2,100.00,100.00,1,0.010000,0,0
2750,20,0.00,0.00,0,0.010000,10,0
2751,20,0.00,0.00,0,0.010000,10,0
2752,20,13.00,-7.00,0,0.010000,11,6
2753,0,0.00,0.00,1,0.010000,0,0
2754,20,93.00,93.00,0,0.010000,12,0
2755,20,60.00,60.00,0,0.010000,9,0
2756,20,85.00,135.00,0,0.010000,10,0
2757,20,-101.00,-101.00,0,0.010000,15,10
2758,2,100.00,100.00,1,0.010000,0,0
2759,2,100.00,100.00,1,0.010000,0,0
2760,20,0.00,0.00,0,0.010000,10,0
2761,20,0.00,0.00,0,0.010000,10,0
2762,20,-60.00,-80.00,0,0.010000,13,8
2763,0,0.00,0.00,1,0.010000,0,0
2764,20,93.00,93.00,0,0.010000,12,0
2765,20,60.00,60.00,0,0.010000,9,0
2766,20,85.00,135.00,0,0.010000,10,0
2767,0,0.00,0.00,1,0.010000,0,0
2768,2,100.00,100.00,1,0.010000,0,0
2769,2,100.00,100.00,1,0.010000,0,0
2770,20,0.00,0.00,0,0.010000,10,0
2771,20,0.00,0.00,0,0.010000,10,0
2772,1,50.00,50.00,1,0.010000,0,0
2773,20,-29.00,-19.00,0,0.010000,11,3
2774,20,93.00,93.00,0,0.010000,12,0
2775,20,60.00,60.00,0,0.010000,9,0
2776,20,85.00,135.00,0,0.010000,10,0
2777,20,-48.00,-18.00,0,0.010000,15,7
2778,2,100.00,100.00,1,0.010000,0,0
2779,2,100.00,100.00,1,0.010000,0,0
2780,20,0.00,0.00,0,0.010000,10,0
2781,20,39.00,39.00,0,0.010000,10,1
2782,20,39.00,49.00,0,0.010000,10,0
2783,20,-20.00,-20.00,0,0.010000,10,0
2784,20,93.00,93.00,0,0.010000,12,0
2785,20,60.00,60.00,0,0.010000,9,0
2786,20,85.00,135.00,0,0.010000,10,0
2787,20,-31.00,-41.00,0,0.010000,12,2
2788,2,100.00,100.00,1,0.010000,0,0
2789,2,100.00,100.00,1,0.010000,0,0
2790,20,0.00,0.00,0,0.010000,10,0
2791,20,0.00,0.00,0,0.010000,10,0
2792,20,43.00,53.00,0,0.010000,13,1
2793,20,-80.00,-90.00,0,0.010000,14,10
2794,20,93.00,93.00,0,0.010000,12,0
2795,20,91.00,81.00,0,0.010000,9,0
2796,20,85.00,135.00,0,0.010000,10,0
2797,20,0.00,0.00,0,0.010000,10,0
2798,2,100.00,100.00,1,0.010000,0,0
2799,2,100.00,100.00,1,0.010000,0,0
2800,20,0.00,0.00,0,0.010000,10,0
2801,20,0.00,0.00,0,0.010000,10,0
2802,20,8.00,8.00,0,0.010000,12,4
2803,0,0.00,0.00,1,0.010000,0,0
2804,20,93.00,93.00,0,0.010000,12,0
2805,20,60.00,60.00,0,0.010000,9,0
2806,20,85.00,135.00,0,0.010000,10,0
2807,20,37.00,27.00,0,0.010000,11,0
2808,2,100.00,100.00,1,0.010000,0,0
2809,2,100.00,100.00,1,0.010000,0,0
2810,20,0.00,0.00,0,0.010000,10,0
2811,20,0.00,0.00,0,0.010000,10,0
2812,1,50.00,50.00,1,0.010000,0,0
2813,20,0.00,0.00,0,0.010000,10,0
2814,20,53.00,43.00,0,0.010000,13,1
2815,20,60.00,60.00,0,0.010000,9,0
2816,20,85.00,135.00,0,0.010000,10,0
2817,0,0.00,0.00,1,0.010000,0,0
2818,2,100.00,100.00,1,0.010000,0,0
2819,2,100.00,100.00,1,0.010000,0,0
2820,20,0.00,0.00,0,0.010000,10,0
2821,20,0.00,0.00,0,0.010000,10,0
2822,20,-82.00,-72.00,0,0.010000,14,8
2823,20,-20.00,-20.00,0,0.010000,10,0
2824,20,93.00,93.00,0,0.010000,12,0
2825,20,60.00,60.00,0,0.010000,9,0
2826,20,85.00,135.00,0,0.010000,10,0
2827,1,50.00,50.00,1,0.010000,0,0
2828,2,100.00,100.00,1,0.010000,0,0
2829,2,100.00,100.00,1,0.010000,0,0
2830,20,0.00,0.00,0,0.010000,10,0
2831,20,0.00,0.00,0,0.010000,10,0
2832,0,0.00,0.00,1,0.010000,0,0
2833,20,-2.00,-22.00,0,0.010000,11,0
2834,20,48.00,48.00,0,0.010000,12,1
2835,20,20.00,10.00,0,0.010000,10,1
2836,20,85.00,135.00,0,0.010000,10,0
2837,20,0.00,0.00,0,0.010000,10,0
2838,2,100.00,100.00,1,0.010000,0,0
2839,2,100.00,100.00,1,0.010000,0,0
2840,20,0.00,0.00,0,0.010000,10,0
2841,20,0.00,0.00,0,0.010000,10,0
2842,0,0.00,0.00,1,0.010000,0,0
2843,0,0.00,0.00,1,0.010000,0,0
2844,20,93.00,93.00,0,0.010000,12,0
2845,20,60.00,60.00,0,0.010000,9,0
2846,20,85.00,135.00,0,0.010000,10,0
2847,1,50.00,50.00,1,0.010000,0,0
2848,2,100.00,100.00,1,0.010000,0,0
2849,2,100.00,100.00,1,0.010000,0,0
2850,20,-34.00,-24.00,0,0.010000,12,2
2851,20,0.00,0.00,0,0.010000,10,0
2852,20,43.00,43.00,0,0.010000,13,0
2853,20,85.00,135.00,0,0.010000,10,0
2854,20,93.00,93.00,0,0.010000,12,0
2855,20,60.00,60.00,0,0.010000,9,0
2856,20,124.00,184.00,0,0.010000,10,1
2857,20,-49.00,-29.00,0,0.010000,11,1
2858,2,100.00,100.00,1,0.010000,0,0
2859,2,100.00,100.00,1,0.010000,0,0
2860,20,0.00,0.00,0,0.010000,10,0
2861,20,0.00,0.00,0,0.010000,10,0
2862,20,93.00,93.00,0,0.010000,12,0
2863,1,50.00,50.00,1,0.010000,0,0
2864,20,62.00,42.00,0,0.010000,13,0
2865,20,60.00,60.00,0,0.010000,9,0
2866,20,85.00,135.00,0,0.010000,10,0
2867,0,0.00,0.00,1,0.010000,0,0
2868,2,100.00,100.00,1,0.010000,0,0
2869,2,100.00,100.00,1,0.010000,0,0
2870,20,0.00,0.00,0,0.010000,10,0
2871,20,49.00,39.00,0,0.010000,10,1
2872,20,93.00,93.00,0,0.010000,12,0
2873,1,50.00,50.00,1,0.010000,0,0
2874,20,48.00,48.00,0,0.010000,12,1
2875,20,60.00,60.00,0,0.010000,9,0
2876,20,85.00,135.00,0,0.010000,10,0
2877,0,0.00,0.00,1,0.010000,0,0
2878,2,100.00,100.00,1,0.010000,0,0
2879,2,100.00,100.00,1,0.010000,0,0
2880,20,0.00,0.00,0,0.010000,10,0
2881,20,0.00,0.00,0,0.010000,10,0
2882,2,100.00,100.00,1,0.010000,0,0
2883,20,95.00,125.00,0,0.010000,10,0
2884,20,13.00,-7.00,0,0.010000,14,0
2885,20,60.00,60.00,0,0.010000,9,0
2886,20,85.00,135.00,0,0.010000,10,0
2887,0,0.00,0.00,1,0.010000,0,0
2888,2,100.00,100.00,1,0.010000,0,0
2889,2,100.00,100.00,1,0.010000,0,0
2890,20,0.00,0.00,0,0.010000,10,0
2891,20,0.00,0.00,0,0.010000,10,0
2892,0,0.00,0.00,1,0.010000,0,0
2893,20,0.00,0.00,0,0.010000,10,0
2894,20,93.00,93.00,0,0.010000,12,0
2895,20,10.00,10.00,0,0.010000,10,1
2896,20,146.00,186.00,0,0.010000,9,0
2897,0,0.00,0.00,1,0.010000,0,0
2898,2,100.00,100.00,1,0.010000,0,0
2899,2,100.00,100.00,1,0.010000,0,0
2900,20,0.00,0.00,0,0.010000,10,0
2901,20,0.00,0.00,0,0.010000,10,0
2902,20,-39.00,-39.00,0,0.010000,11,0
2903,0,0.00,0.00,1,0.010000,0,0
2904,20,93.00,93.00,0,0.010000,12,0
2905,20,60.00,60.00,0,0.010000,9,0
2906,20,85.00,135.00,0,0.010000,10,0
2907,0,0.00,0.00,1,0.010000,0,0
2908,2,100.00,100.00,1,0.010000,0,0
2909,2,100.00,100.00,1,0.010000,0,0
2910,20,44.00,44.00,0,0.010000,9,1
2911,20,0.00,0.00,0,0.010000,10,0
2912,0,0.00,0.00,1,0.010000,0,0
2913,0,0.00,0.00,1,0.010000,0,0
2914,20,93.00,93.00,0,0.010000,12,0
2915,20,60.00,60.00,0,0.010000,9,0
2916,20,129.00,179.00,0,0.010000,9,1
2917,20,93.00,93.00,0,0.010000,12,0
2918,2,100.00,100.00,1,0.010000,0,0
2919,2,100.00,100.00,1,0.010000,0,0
2920,20,20.00,20.00,0,0.010000,11,3
2921,20,0.00,0.00,0,0.010000,10,0
2922,20,0.00,0.00,0,0.010000,10,0
2923,2,100.00,100.00,1,0.010000,0,0
2924,20,48.00,48.00,0,0.010000,12,1
2925,20,60.00,60.00,0,0.010000,9,0
2926,20,85.00,135.00,0,0.010000,10,0
2927,1,50.00,50.00,1,0.010000,0,0
2928,2,100.00,100.00,1,0.010000,0,0
2929,2,100.00,100.00,1,0.010000,0,0
2930,20,0.00,0.00,0,0.010000,10,0
2931,20,0.00,0.00,0,0.010000,10,0
2932,1,50.00,50.00,1,0.010000,0,0
2933,20,-29.00,-29.00,0,0.010000,10,0
2934,20,43.00,43.00,0,0.010000,13,1
2935,20,60.00,60.00,0,0.010000,9,0
2936,20,85.00,135.00,0,0.010000,10,0
2937,1,50.00,50.00,1,0.010000,0,0
2938,2,100.00,100.00,1,0.010000,0,0
2939,2,100.00,100.00,1,0.010000,0,0
2940,20,0.00,0.00,0,0.010000,10,0
2941,20,0.00,0.00,0,0.010000,10,0
2942,0,0.00,0.00,1,0.010000,0,0
2943,0,0.00,0.00,1,0.010000,0,0
2944,20,93.00,93.00,0,0.010000,12,0
2945,20,60.00,60.00,0,0.010000,9,0
2946,20,85.00,135.00,0,0.010000,10,0
2947,0,0.00,0.00,1,0.010000,0,0
2948,2,100.00,100.00,1,0.010000,0,0
2949,2,100.00,100.00,1,0.010000,0,0
2950,20,0.00,0.00,0,0.010000,10,0
2951,20,0.00,0.00,0,0.010000,10,0
2952,20,-82.00,-102.00,0,0.010000,13,7
2953,20,-20.00,-20.00,0,0.010000,10,0
2954,20,93.00,93.00,0,0.010000,12,0
2955,20,60.00,60.00,0,0.010000,9,0
2956,20,85.00,135.00,0,0.010000,10,0
2957,1,50.00,50.00,1,0.010000,0,0
2958,2,100.00,100.00,1,0.010000,0,0
2959,2,100.00,100.00,1,0.010000,0,0
2960,20,0.00,0.00,0,0.010000,10,0
2961,20,0.00,0.00,0,0.010000,10,0
2962,20,-46.00,-36.00,0,0.010000,14,0
2963,0,0.00,0.00,1,0.010000,0,0
2964,20,93.00,93.00,0,0.010000,12,0
2965,20,60.00,60.00,0,0.010000,9,0
2966,20,124.00,174.00,0,0.010000,10,1
2967,20,-39.00,-39.00,0,0.010000,11,0
2968,2,100.00,100.00,1,0.010000,0,0
2969,2,100.00,100.00,1,0.010000,0,0
2970,20,0.00,0.00,0,0.010000,10,0
2971,20,0.00,0.00,0,0.010000,10,0
2972,0,0.00,0.00,1,0.010000,0,0
2973,2,100.00,100.00,1,0.010000,0,0
2974,20,93.00,93.00,0,0.010000,12,0
2975,20,60.00,60.00,0,0.010000,9,0
2976,20,85.00,135.00,0,0.010000,10,0
2977,20,-20.00,-20.00,0,0.010000,10,0
2978,2,100.00,100.00,1,0.010000,0,0
2979,2,100.00,100.00,1,0.010000,0,0
2980,20,0.00,0.00,0,0.010000,10,0
2981,20,0.00,0.00,0,0.010000,10,0
2982,0,0.00,0.00,1,0.010000,0,0
2983,0,0.00,0.00,1,0.010000,0,0
2984,20,93.00,93.00,0,0.010000,12,0
2985,20,60.00,60.00,0,0.010000,9,0
2986,20,85.00,135.00,0,0.010000,10,0
2987,0,0.00,0.00,1,0.010000,0,0
2988,2,100.00,100.00,1,0.010000,0,0
2989,2,100.00,100.00,1,0.010000,0,0
2990,20,0.00,0.00,0,0.010000,10,0
2991,20,0.00,0.00,0,0.010000,10,0
2992,20,-41.00,-41.00,0,0.010000,12,4
2993,20,-4.00,-24.00,0,0.010000,13,4
2994,20,93.00,93.00,0,0.010000,12,0
2995,20,60.00,60.00,0,0.010000,9,0
2996,20,85.00,135.00,0,0.010000,10,0
2997,20,0.00,0.00,0,0.010000,10,0
2998,2,100.00,100.00,1,0.010000,0,0
2999,2,100.00,100.00,1,0.010000,0,0
3000,20,0.00,0.00,0,0.010000,10,0
3001,20,49.00,39.00,0,0.010000,10,1
3002,0,0.00,0.00,1,0.010000,0,0
3003,20,-9.00,1.00,0,0.010000,12,6
3004,20,93.00,93.00,0,0.010000,12,0
3005,20,60.00,60.00,0,0.010000,9,0
3006,20,85.00,135.00,0,0.010000,10,0
3007,20,-35.00,-25.00,0,0.010000,12,5
3008,2,100.00,100.00,1,0.010000,0,0
3009,2,100.00,100.00,1,0.010000,0,0
3010,20,0.00,0.00,0,0.010000,10,0
3011,20,0.00,0.00,0,0.010000,10,0
3012,20,-80.00,-90.00,0,0.010000,14,8
3013,1,50.00,50.00,1,0.010000,0,0
3014,20,93.00,93.00,0,0.010000,12,0
3015,20,60.00,60.00,0,0.010000,9,0
3016,20,144.00,184.00,0,0.010000,9,0
3017,0,0.00,0.00,1,0.010000,0,0
3018,2,100.00,100.00,1,0.010000,0,0
3019,2,100.00,100.00,1,0.010000,0,0
3020,20,0.00,0.00,0,0.010000,10,0
3021,20,0.00,0.00,0,0.010000,10,0
3022,20,93.00,93.00,0,0.010000,12,0
3023,0,0.00,0.00,1,0.010000,0,0
3024,20,93.00,93.00,0,0.010000,12,0
3025,20,60.00,60.00,0,0.010000,9,0
3026,20,85.00,135.00,0,0.010000,10,0
3027,0,0.00,0.00,1,0.010000,0,0
3028,2,100.00,100.00,1,0.010000,0,0
3029,2,100.00,100.00,1,0.010000,0,0
3030,20,0.00,0.00,0,0.010000,10,0
3031,20,0.00,0.00,0,0.010000,10,0
3032,0,0.00,0.00,1,0.010000,0,0
3033,1,50.00,50.00,1,0.010000,0,0
3034,20,93.00,93.00,0,0.010000,12,0
3035,20,60.00,60.00,0,0.010000,9,0
3036,20,85.00,135.00,0,0.010000,10,0
3037,20,-36.00,-46.00,0,0.010000,14,1
3038,2,100.00,100.00,1,0.010000,0,0
3039,2,100.00,100.00,1,0.010000,0,0
3040,20,0.00,0.00,0,0.010000,10,0
3041,20,0.00,0.00,0,0.010000,10,0
3042,20,-12.00,-12.00,0,0.010000,11,1
3043,20,49.00,39.00,0,0.010000,10,1
3044,20,93.00,93.00,0,0.010000,12,0
3045,20,10.00,20.00,0,0.010000,10,1
3046,20,85.00,135.00,0,0.010000,10,0
3047,0,0.00,0.00,1,0.010000,0,0
3048,2,100.00,100.00,1,0.010000,0,0
3049,2,100.00,100.00,1,0.010000,0,0
3050,20,0.00,0.00,0,0.010000,10,0
3051,20,0.00,0.00,0,0.010000,10,0
3052,20,3.00,-7.00,0,0.010000,14,0
3053,20,8.00,8.00,0,0.010000,12,4
3054,20,8.00,-2.00,0,0.010000,13,2
3055,20,60.00,60.00,0,0.010000,9,0
3056,20,85.00,135.00,0,0.010000,10,0
3057,0,0.00,0.00,1,0.010000,0,0
3058,2,100.00,100.00,1,0.010000,0,0
3059,2,100.00,100.00,1,0.010000,0,0
3060,20,-12.00,-12.00,0,0.010000,11,0
3061,20,0.00,0.00,0,0.010000,10,0
3062,0,0.00,0.00,1,0.010000,0,0
3063,1,50.00,50.00,1,0.010000,0,0
3064,20,93.00,93.00,0,0.010000,12,0
3065,20,60.00,60.00,0,0.010000,9,0
3066,20,85.00,135.00,0,0.010000,10,0
3067,20,-47.00,-47.00,0,0.010000,14,8
3068,2,100.00,100.00,1,0.010000,0,0
3069,2,100.00,100.00,1,0.010000,0,0
3070,20,0.00,0.00,0,0.010000,10,0
3071,20,-12.00,-12.00,0,0.010000,11,0
3072,20,93.00,93.00,0,0.010000,12,0
3073,20,40.00,90.00,0,0.010000,10,1
3074,20,93.00,93.00,0,0.010000,12,0
3075,20,60.00,60.00,0,0.010000,9,0
3076,20,129.00,179.00,0,0.010000,9,1
3077,1,50.00,50.00,1,0.010000,0,0
3078,2,100.00,100.00,1,0.010000,0,0
3079,2,100.00,100.00,1,0.010000,0,0
3080,20,0.00,0.00,0,0.010000,10,0
3081,20,39.00,39.00,0,0.010000,10,1
3082,20,39.00,49.00,0,0.010000,10,0
3083,0,0.00,0.00,1,0.010000,0,0
3084,20,93.00,93.00,0,0.010000,12,0
3085,20,60.00,60.00,0,0.010000,9,0
3086,20,134.00,164.00,0,0.010000,10,0
3087,20,94.00,114.00,0,0.010000,11,1
3088,2,100.00,100.00,1,0.010000,0,0
3089,2,100.00,100.00,1,0.010000,0,0
3090,20,0.00,0.00,0,0.010000,10,0
3091,20,0.00,0.00,0,0.010000,10,0
3092,2,39.00,39.00,1,0.010000,1,1
3093,2,100.00,100.00,1,0.010000,0,0
3094,20,93.00,93.00,0,0.010000,12,0
3095,20,60.00,60.00,0,0.010000,9,0
3096,20,85.00,135.00,0,0.010000,10,0
3097,0,0.00,0.00,1,0.010000,0,0
3098,2,100.00,100.00,1,0.010000,0,0
3099,2,100.00,100.00,1,0.010000,0,0
3100,20,0.00,0.00,0,0.010000,10,0
3101,20,39.00,49.00,0,0.010000,10,1
3102,0,0.00,0.00,1,0.010000,0,0
3103,20,-78.00,-68.00,0,0.010000,13,7
3104,20,93.00,93.00,0,0.010000,12,0
3105,20,60.00,60.00,0,0.010000,9,0
3106,20,85.00,135.00,0,0.010000,10,0
3107,0,0.00,0.00,1,0.010000,0,0
3108,2,100.00,100.00,1,0.010000,0,0
3109,2,100.00,100.00,1,0.010000,0,0
3110,20,0.00,0.00,0,0.010000,10,0
3111,20,0.00,0.00,0,0.010000,10,0
3112,1,50.00,50.00,1,0.010000,0,0
3113,0,0.00,0.00,1,0.010000,0,0
3114,20,93.00,93.00,0,0.010000,12,0
3115,20,60.00,60.00,0,0.010000,9,0
3116,20,85.00,135.00,0,0.010000,10,0
3117,1,50.00,50.00,1,0.010000,0,0
3118,2,100.00,100.00,1,0.010000,0,0
3119,2,100.00,100.00,1,0.010000,0,0
3120,20,0.00,0.00,0,0.010000,10,0
3121,20,0.00,0.00,0,0.010000,10,0
3122,1,50.00,50.00,1,0.010000,0,0
3123,0,0.00,0.00,1,0.010000,0,0
3124,20,93.00,93.00,0,0.010000,12,0
3125,20,60.00,60.00,0,0.010000,9,0
3126,20,124.00,174.00,0,0.010000,10,1
3127,20,1.00,11.00,0,0.010000,10,0
3128,2,100.00,100.00,1,0.010000,0,0
3129,2,100.00,100.00,1,0.010000,0,0
3130,20,0.00,0.00,0,0.010000,10,0
3131,20,0.00,0.00,0,0.010000,10,0
3132,20,11.00,-19.00,0,0.010000,12,6
3133,0,0.00,0.00,1,0.010000,0,0
3134,20,42.00,52.00,0,0.010000,14,1
3135,20,60.00,60.00,0,0.010000,9,0
3136,20,85.00,135.00,0,0.010000,10,0
3137,0,0.00,0.00,1,0.010000,0,0
3138,2,100.00,100.00,1,0.010000,0,0
3139,2,100.00,100.00,1,0.010000,0,0
3140,20,0.00,0.00,0,0.010000,10,0
3141,20,39.00,49.00,0,0.010000,10,1
3142,0,0.00,0.00,1,0.010000,0,0
3143,0,0.00,0.00,1,0.010000,0,0
3144,20,93.00,93.00,0,0.010000,12,0
3145,20,60.00,60.00,0,0.010000,9,0
3146,20,85.00,135.00,0,0.010000,10,0
3147,1,50.00,50.00,1,0.010000,0,0
3148,2,100.00,100.00,1,0.010000,0,0
3149,2,100.00,100.00,1,0.010000,0,0
3150,20,0.00,0.00,0,0.010000,10,0
3151,20,0.00,0.00,0,0.010000,10,0
3152,0,0.00,0.00,1,0.010000,0,0
3153,20,-81.00,-71.00,0,0.010000,13,8
3154,20,93.00,93.00,0,0.010000,12,0
3155,20,81.00,91.00,0,0.010000,9,0
3156,20,85.00,135.00,0,0.010000,10,0
3157,1,50.00,50.00,1,0.010000,0,0
3158,2,100.00,100.00,1,0.010000,0,0
3159,2,100.00,100.00,1,0.010000,0,0
3160,20,0.00,0.00,0,0.010000,10,0
3161,20,0.00,0.00,0,0.010000,10,0
3162,1,50.00,50.00,1,0.010000,0,0
3163,20,1.00,-9.00,0,0.010000,12,3
3164,20,93.00,93.00,0,0.010000,12,0
3165,20,60.00,60.00,0,0.010000,9,0
3166,20,85.00,135.00,0,0.010000,10,0
3167,20,45.00,85.00,0,0.010000,11,0
3168,2,100.00,100.00,1,0.010000,0,0
3169,3,89.00,99.00,1,0.010000,1,1
3170,20,0.00,0.00,0,0.010000,10,0
3171,20,0.00,0.00,0,0.010000,10,0
3172,20,-83.00,-83.00,0,0.010000,14,5
3173,20,11.00,1.00,0,0.010000,10,0
3174,20,93.00,93.00,0,0.010000,12,0
3175,20,60.00,60.00,0,0.010000,9,0
3176,20,124.00,174.00,0,0.010000,10,1
3177,0,0.00,0.00,1,0.010000,0,0
3178,2,100.00,100.00,1,0.010000,0,0
3179,2,100.00,100.00,1,0.010000,0,0
3180,20,0.00,0.00,0,0.010000,10,0
3181,20,0.00,0.00,0,0.010000,10,0
3182,0,0.00,0.00,1,0.010000,0,0
3183,0,0.00,0.00,1,0.010000,0,0
3184,20,93.00,93.00,0,0.010000,12,0
3185,20,60.00,60.00,0,0.010000,9,0
3186,20,85.00,135.00,0,0.010000,10,0
3187,20,-9.00,-9.00,0,0.010000,12,7
3188,2,100.00,100.00,1,0.010000,0,0
3189,2,100.00,100.00,1,0.010000,0,0
3190,20,0.00,0.00,0,0.010000,10,0
3191,20,0.00,0.00,0,0.010000,10,0
3192,0,0.00,0.00,1,0.010000,0,0
3193,1,50.00,50.00,1,0.010000,0,0
3194,20,93.00,93.00,0,0.010000,12,0
3195,20,60.00,60.00,0,0.010000,9,0
3196,20,85.00,135.00,0,0.010000,10,0
3197,0,0.00,0.00,1,0.010000,0,0
3198,2,100.00,100.00,1,0.010000,0,0
3199,2,100.00,100.00,1,0.010000,0,0
3200,20,0.00,0.00,0,0.010000,10,0
3201,20,0.00,0.00,0,0.010000,10,0
3202,20,-36.00,-46.00,0,0.010000,14,0
3203,20,-20.00,-20.00,0,0.010000,10,0
3204,20,43.00,53.00,0,0.010000,13,1
3205,20,60.00,60.00,0,0.010000,9,0
3206,20,129.00,179.00,0,0.010000,9,1
3207,0,0.00,0.00,1,0.010000,0,0
3208,2,100.00,100.00,1,0.010000,0,0
3209,2,100.00,100.00,1,0.010000,0,0
3210,20,0.00,0.00,0,0.010000,10,0
3211,20,0.00,0.00,0,0.010000,10,0
3212,1,50.00,50.00,1,0.010000,0,0
3213,0,0.00,0.00,1,0.010000,0,0
3214,20,93.00,93.00,0,0.010000,12,0
3215,20,60.00,60.00,0,0.010000,9,0
3216,20,85.00,135.00,0,0.010000,10,0
3217,20,-56.00,-66.00,0,0.010000,12,6
3218,2,100.00,100.00,1,0.010000,0,0
3219,2,100.00,100.00,1,0.010000,0,0
3220,20,0.00,0.00,0,0.010000,10,0
3221,20,0.00,0.00,0,0.010000,10,0
3222,0,0.00,0.00,1,0.010000,0,0
3223,1,50.00,50.00,1,0.010000,0,0
3224,20,93.00,93.00,0,0.010000,12,0
3225,20,60.00,60.00,0,0.010000,9,0
3226,20,85.00,135.00,0,0.010000,10,0
3227,0,0.00,0.00,1,0.010000,0,0
3228,2,100.00,100.00,1,0.010000,0,0
3229,2,100.00,100.00,1,0.010000,0,0
3230,20,0.00,0.00,0,0.010000,10,0
3231,20,0.00,0.00,0,0.010000,10,0
3232,0,0.00,0.00,1,0.010000,0,0
3233,1,50.00,50.00,1,0.010000,0,0
3234,20,53.00,43.00,0,0.010000,13,1
3235,20,60.00,60.00,0,0.010000,9,0
3236,20,124.00,184.00,0,0.010000,10,1
3237,0,0.00,0.00,1,0.010000,0,0
3238,2,100.00,100.00,1,0.010000,0,0
3239,2,100.00,100.00,1,0.010000,0,0
3240,20,0.00,0.00,0,0.010000,10,0
3241,20,-12.00,-12.00,0,0.010000,11,0
3242,20,93.00,93.00,0,0.010000,12,0
3243,20,3.00,-7.00,0,0.010000,14,0
3244,20,93.00,93.00,0,0.010000,12,0
3245,20,60.00,60.00,0,0.010000,9,0
3246,20,85.00,135.00,0,0.010000,10,0
3247,0,0.00,0.00,1,0.010000,0,0
3248,2,100.00,100.00,1,0.010000,0,0
3249,2,100.00,100.00,1,0.010000,0,0
3250,20,39.00,49.00,0,0.010000,10,1
3251,20,0.00,0.00,0,0.010000,10,0
3252,1,50.00,50.00,1,0.010000,0,0
3253,20,49.00,39.00,0,0.010000,10,0
3254,20,48.00,48.00,0,0.010000,12,1
3255,20,60.00,60.00,0,0.010000,9,0
3256,20,85.00,135.00,0,0.010000,10,0
3257,20,-89.00,-89.00,0,0.010000,14,10
3258,2,100.00,100.00,1,0.010000,0,0
3259,2,100.00,100.00,1,0.010000,0,0
3260,20,39.00,39.00,0,0.010000,10,1
3261,20,0.00,0.00,0,0.010000,10,0
3262,20,3.00,-7.00,0,0.010000,14,0
3263,2,100.00,100.00,1,0.010000,0,0
3264,20,93.00,93.00,0,0.010000,12,0
3265,20,60.00,60.00,0,0.010000,9,0
3266,20,134.00,174.00,0,0.010000,10,1
3267,1,50.00,50.00,1,0.010000,0,0
3268,2,100.00,100.00,1,0.010000,0,0
3269,2,100.00,100.00,1,0.010000,0,0
3270,20,0.00,0.00,0,0.010000,10,0
3271,20,0.00,0.00,0,0.010000,10,0
3272,20,-20.00,-20.00,0,0.010000,10,0
3273,0,0.00,0.00,1,0.010000,0,0
3274,20,8.00,-2.00,0,0.010000,13,2
3275,20,60.00,60.00,0,0.010000,9,0
3276,20,134.00,164.00,0,0.010000,10,0
3277,20,85.00,135.00,0,0.010000,10,0
3278,2,100.00,100.00,1,0.010000,0,0
3279,2,100.00,100.00,1,0.010000,0,0
3280,20,27.00,37.00,0,0.010000,11,1
3281,20,0.00,0.00,0,0.010000,10,0
3282,1,50.00,50.00,1,0.010000,0,0
3283,20,95.00,125.00,0,0.010000,10,0
3284,20,93.00,93.00,0,0.010000,12,0
3285,20,60.00,60.00,0,0.010000,9,0
3286,20,124.00,174.00,0,0.010000,10,1
3287,1,50.00,50.00,1,0.010000,0,0
3288,2,100.00,100.00,1,0.010000,0,0
3289,2,100.00,100.00,1,0.010000,0,0
3290,20,0.00,0.00,0,0.010000,10,0
3291,20,39.00,39.00,0,0.010000,10,1
3292,20,85.00,135.00,0,0.010000,10,0
3293,2,100.00,100.00,1,0.010000,0,0
3294,20,93.00,93.00,0,0.010000,12,0
3295,20,60.00,60.00,0,0.010000,9,0
3296,20,85.00,135.00,0,0.010000,10,0
3297,20,0.00,0.00,0,0.010000,10,0
3298,2,100.00,100.00,1,0.010000,0,0
3299,2,100.00,100.00,1,0.010000,0,0
3300,20,0.00,0.00,0,0.010000,10,0
3301,20,0.00,0.00,0,0.010000,10,0
3302,20,-88.00,-108.00,0,0.010000,15,9
3303,20,-9.00,-19.00,0,0.010000,12,6
3304,20,93.00,93.00,0,0.010000,12,0
3305,20,55.00,45.00,0,0.010000,9,2
3306,20,54.00,94.00,0,0.010000,9,2
3307,0,0.00,0.00,1,0.010000,0,0
3308,2,100.00,100.00,1,0.010000,0,0
3309,2,100.00,100.00,1,0.010000,0,0
3310,20,39.00,39.00,0,0.010000,10,1
3311,20,0.00,0.00,0,0.010000,10,0
3312,2,100.00,100.00,1,0.010000,0,0
3313,20,-19.00,11.00,0,0.010000,12,6
3314,20,93.00,93.00,0,0.010000,12,0
3315,20,60.00,60.00,0,0.010000,9,0
3316,20,85.00,135.00,0,0.010000,10,0
3317,0,0.00,0.00,1,0.010000,0,0
3318,2,100.00,100.00,1,0.010000,0,0
3319,2,100.00,100.00,1,0.010000,0,0
3320,20,0.00,0.00,0,0.010000,10,0
3321,20,0.00,0.00,0,0.010000,10,0
3322,20,3.00,-7.00,0,0.010000,14,0
3323,0,0.00,0.00,1,0.010000,0,0
3324,20,13.00,13.00,0,0.010000,13,0
3325,20,60.00,60.00,0,0.010000,9,0
3326,20,85.00,135.00,0,0.010000,10,0
3327,20,-24.00,-24.00,0,0.010000,12,1
3328,2,100.00,100.00,1,0.010000,0,0
3329,2,100.00,100.00,1,0.010000,0,0
3330,20,0.00,0.00,0,0.010000,10,0
3331,20,0.00,0.00,0,0.010000,10,0
3332,0,0.00,0.00,1,0.010000,0,0
3333,0,0.00,0.00,1,0.010000,0,0
3334,20,93.00,93.00,0,0.010000,12,0
3335,20,10.00,20.00,0,0.010000,10,1
3336,20,85.00,135.00,0,0.010000,10,0
3337,20,-6.00,-26.00,0,0.010000,14,6
3338,2,100.00,100.00,1,0.010000,0,0
3339,2,100.00,100.00,1,0.010000,0,0
3340,20,0.00,0.00,0,0.010000,10,0
3341,20,0.00,0.00,0,0.010000,10,0
3342,20,-20.00,-20.00,0,0.010000,10,0
3343,1,50.00,50.00,1,0.010000,0,0
3344,20,53.00,43.00,0,0.010000,13,1
3345,20,60.00,60.00,0,0.010000,9,0
3346,20,85.00,135.00,0,0.010000,10,0
3347,20,-53.00,-63.00,0,0.010000,13,5
3348,2,100.00,100.00,1,0.010000,0,0
3349,2,100.00,100.00,1,0.010000,0,0
3350,20,0.00,0.00,0,0.010000,10,0
3351,20,0.00,0.00,0,0.010000,10,0
3352,20,-81.00,-41.00,0,0.010000,13,4
3353,20,60.00,60.00,0,0.010000,9,0
3354,20,93.00,93.00,0,0.010000,12,0
3355,20,20.00,10.00,0,0.010000,10,1
3356,20,85.00,135.00,0,0.010000,10,0
3357,20,-38.00,-58.00,0,0.010000,11,4
3358,2,100.00,100.00,1,0.010000,0,0
3359,2,100.00,100.00,1,0.010000,0,0
3360,20,0.00,0.00,0,0.010000,10,0
3361,20,0.00,0.00,0,0.010000,10,0
3362,20,43.00,43.00,0,0.010000,13,0
3363,0,0.00,0.00,1,0.010000,0,0
3364,20,93.00,93.00,0,0.010000,12,0
3365,20,60.00,60.00,0,0.010000,9,0
3366,20,85.00,135.00,0,0.010000,10,0
3367,0,0.00,0.00,1,0.010000,0,0
3368,2,100.00,100.00,1,0.010000,0,0
3369,2,100.00,100.00,1,0.010000,0,0
3370,20,0.00,0.00,0,0.010000,10,0
3371,20,0.00,0.00,0,0.010000,10,0
3372,0,0.00,0.00,1,0.010000,0,0
3373,0,0.00,0.00,1,0.010000,0,0
3374,20,93.00,93.00,0,0.010000,12,0
3375,20,60.00,60.00,0,0.010000,9,0
3376,20,85.00,135.00,0,0.010000,10,0
3377,0,0.00,0.00,1,0.010000,0,0
3378,2,100.00,100.00,1,0.010000,0,0
3379,2,100.00,100.00,1,0.010000,0,0
3380,20,-17.00,-7.00,0,0.010000,10,2
3381,20,0.00,0.00,0,0.010000,10,0
3382,0,0.00,0.00,1,0.010000,0,0
3383,20,-39.00,-39.00,0,0.010000,11,0
3384,20,93.00,93.00,0,0.010000,12,0
3385,20,60.00,60.00,0,0.010000,9,0
3386,20,85.00,135.00,0,0.010000,10,0
3387,20,10.00,20.00,0,0.010000,10,1
3388,2,100.00,100.00,1,0.010000,0,0
3389,2,100.00,100.00,1,0.010000,0,0
3390,20,-2.00,-2.00,0,0.010000,12,5
3391,20,0.00,0.00,0,0.010000,10,0
3392,0,0.00,0.00,1,0.010000,0,0
3393,20,-82.00,-92.00,0,0.010000,14,11
3394,20,48.00,48.00,0,0.010000,12,1
3395,20,60.00,60.00,0,0.010000,9,0
3396,20,85.00,135.00,0,0.010000,10,0
3397,0,0.00,0.00,1,0.010000,0,0
3398,2,100.00,100.00,1,0.010000,0,0
3399,2,100.00,100.00,1,0.010000,0,0
3400,20,0.00,0.00,0,0.010000,10,0
3401,20,0.00,0.00,0,0.010000,10,0
3402,20,93.00,93.00,0,0.010000,12,0
3403,20,-22.00,-12.00,0,0.010000,11,1
3404,20,93.00,93.00,0,0.010000,12,0
3405,20,15.00,15.00,0,0.010000,9,1
3406,20,85.00,135.00,0,0.010000,10,0
3407,1,50.00,50.00,1,0.010000,0,0
3408,2,100.00,100.00,1,0.010000,0,0
3409,2,100.00,100.00,1,0.010000,0,0
3410,20,0.00,0.00,0,0.010000,10,0
3411,20,0.00,0.00,0,0.010000,10,0
3412,20,3.00,-7.00,0,0.010000,14,0
3413,0,0.00,0.00,1,0.010000,0,0
3414,20,93.00,93.00,0,0.010000,12,0
3415,20,60.00,60.00,0,0.010000,9,0
3416,20,85.00,135.00,0,0.010000,10,0
3417,0,0.00,0.00,1,0.010000,0,0
3418,2,100.00,100.00,1,0.010000,0,0
3419,2,100.00,100.00,1,0.010000,0,0
3420,20,0.00,0.00,0,0.010000,10,0
3421,20,0.00,0.00,0,0.010000,10,0
3422,0,0.00,0.00,1,0.010000,0,0
3423,20,-29.00,-19.00,0,0.010000,11,3
3424,20,93.00,93.00,0,0.010000,12,0
3425,20,60.00,60.00,0,0.010000,9,0
3426,20,85.00,135.00,0,0.010000,10,0
3427,20,20.00,10.00,0,0.010000,10,1
3428,2,100.00,100.00,1,0.010000,0,0
3429,2,100.00,100.00,1,0.010000,0,0
3430,20,0.00,0.00,0,0.010000,10,0
3431,20,0.00,0.00,0,0.010000,10,0
3432,2,100.00,100.00,1,0.010000,0,0
3433,20,-46.00,-36.00,0,0.010000,11,4
3434,20,93.00,93.00,0,0.010000,12,0
3435,20,10.00,10.00,0,0.010000,10,1
3436,20,146.00,186.00,0,0.010000,9,0
3437,20,-94.00,-64.00,0,0.010000,14,7
3438,2,100.00,100.00,1,0.010000,0,0
3439,2,100.00,100.00,1,0.010000,0,0
3440,20,0.00,0.00,0,0.010000,10,0
3441,20,-2.00,-22.00,0,0.010000,11,0
3442,0,0.00,0.00,1,0.010000,0,0
3443,0,0.00,0.00,1,0.010000,0,0
3444,20,93.00,93.00,0,0.010000,12,0
3445,20,60.00,60.00,0,0.010000,9,0
3446,20,85.00,135.00,0,0.010000,10,0
3447,1,50.00,50.00,1,0.010000,0,0
3448,2,100.00,100.00,1,0.010000,0,0
3449,2,100.00,100.00,1,0.010000,0,0
3450,20,0.00,0.00,0,0.010000,10,0
3451,20,0.00,0.00,0,0.010000,10,0
3452,20,39.00,49.00,0,0.010000,10,0
3453,20,60.00,60.00,0,0.010000,9,0
3454,20,93.00,93.00,0,0.010000,12,0
3455,20,60.00,60.00,0,0.010000,9,0
3456,20,124.00,184.00,0,0.010000,10,1
3457,1,50.00,50.00,1,0.010000,0,0
3458,2,100.00,100.00,1,0.010000,0,0
3459,2,100.00,100.00,1,0.010000,0,0
3460,20,0.00,0.00,0,0.010000,10,0
3461,20,0.00,0.00,0,0.010000,10,0
3462,20,-5.00,35.00,0,0.010000,12,0
3463,20,95.00,125.00,0,0.010000,10,0
3464,20,93.00,93.00,0,0.010000,12,0
3465,20,60.00,60.00,0,0.010000,9,0
3466,20,85.00,135.00,0,0.010000,10,0
3467,20,39.00,49.00,0,0.010000,10,0
3468,2,100.00,100.00,1,0.010000,0,0
3469,2,100.00,100.00,1,0.010000,0,0
3470,20,0.00,0.00,0,0.010000,10,0
3471,20,39.00,39.00,0,0.010000,10,1
3472,20,-40.00,-50.00,0,0.010000,13,7
3473,20,-43.00,-53.00,0,0.010000,13,3
3474,20,93.00,93.00,0,0.010000,12,0
3475,20,60.00,60.00,0,0.010000,9,0
3476,20,85.00,135.00,0,0.010000,10,0
3477,0,0.00,0.00,1,0.010000,0,0
3478,2,100.00,100.00,1,0.010000,0,0
3479,2,100.00,100.00,1,0.010000,0,0
3480,20,0.00,0.00,0,0.010000,10,0
3481,20,0.00,0.00,0,0.010000,10,0
3482,0,0.00,0.00,1,0.010000,0,0
3483,0,0.00,0.00,1,0.010000,0,0
3484,20,93.00,93.00,0,0.010000,12,0
3485,20,60.00,60.00,0,0.010000,9,0
3486,20,134.00,174.00,0,0.010000,10,1
3487,0,0.00,0.00,1,0.010000,0,0
3488,2,100.00,100.00,1,0.010000,0,0
3489,2,100.00,100.00,1,0.010000,0,0
3490,20,0.00,0.00,0,0.010000,10,0
3491,20,0.00,0.00,0,0.010000,10,0
3492,1,50.00,50.00,1,0.010000,0,0
3493,0,0.00,0.00,1,0.010000,0,0
3494,20,93.00,93.00,0,0.010000,12,0
3495,20,60.00,60.00,0,0.010000,9,0
3496,20,129.00,179.00,0,0.010000,9,2
3497,1,50.00,50.00,1,0.010000,0,0
3498,2,100.00,100.00,1,0.010000,0,0
3499,2,100.00,100.00,1,0.010000,0,0
3500,20,0.00,0.00,0,0.010000,10,0
3501,20,0.00,0.00,0,0.010000,10,0
3502,20,8.00,8.00,0,0.010000,12,3
3503,20,3.00,-7.00,0,0.010000,14,0
3504,20,43.00,53.00,0,0.010000,13,1
3505,20,15.00,15.00,0,0.010000,9,1
3506,20,85.00,135.00,0,0.010000,10,0
3507,20,85.00,135.00,0,0.010000,10,0
3508,2,100.00,100.00,1,0.010000,0,0
3509,2,100.00,100.00,1,0.010000,0,0
3510,20,39.00,49.00,0,0.010000,10,0
3511,20,0.00,0.00,0,0.010000,10,0
3512,20,-41.00,-41.00,0,0.010000,12,4
3513,1,50.00,50.00,1,0.010000,0,0
3514,20,93.00,93.00,0,0.010000,12,0
3515,20,60.00,60.00,0,0.010000,9,0
3516,20,124.00,174.00,0,0.010000,10,1
3517,0,0.00,0.00,1,0.010000,0,0
3518,2,100.00,100.00,1,0.010000,0,0
3519,2,100.00,100.00,1,0.010000,0,0
3520,20,0.00,0.00,0,0.010000,10,0
3521,20,0.00,0.00,0,0.010000,10,0
3522,1,50.00,50.00,1,0.010000,0,0
3523,20,27.00,37.00,0,0.010000,11,0
3524,20,93.00,93.00,0,0.010000,12,0
3525,20,60.00,60.00,0,0.010000,9,0
3526,20,85.00,135.00,0,0.010000,10,0
3527,20,39.00,49.00,0,0.010000,10,0
3528,2,100.00,100.00,1,0.010000,0,0
3529,2,100.00,100.00,1,0.010000,0,0
3530,20,0.00,0.00,0,0.010000,10,0
3531,20,0.00,0.00,0,0.010000,10,0
3532,20,-23.00,-33.00,0,0.010000,13,3
3533,1,50.00,50.00,1,0.010000,0,0
3534,20,93.00,93.00,0,0.010000,12,0
3535,20,60.00,60.00,0,0.010000,9,0
3536,20,85.00,135.00,0,0.010000,10,0
3537,0,0.00,0.00,1,0.010000,0,0
3538,2,100.00,100.00,1,0.010000,0,0
3539,3,89.00,99.00,1,0.010000,1,1
3540,20,0.00,0.00,0,0.010000,10,0
3541,20,0.00,0.00,0,0.010000,10,0
3542,20,10.00,10.00,0,0.010000,10,1
3543,20,-99.00,-119.00,0,0.010000,13,7
3544,20,93.00,93.00,0,0.010000,12,0
3545,20,15.00,15.00,0,0.010000,9,1
3546,20,85.00,135.00,0,0.010000,10,0
3547,0,0.00,0.00,1,0.010000,0,0
3548,2,100.00,100.00,1,0.010000,0,0
3549,2,100.00,100.00,1,0.010000,0,0
3550,20,0.00,0.00,0,0.010000,10,0
3551,20,0.00,0.00,0,0.010000,10,0
3552,0,0.00,0.00,1,0.010000,0,0
3553,20,0.00,0.00,0,0.010000,10,0
3554,20,93.00,93.00,0,0.010000,12,0
3555,20,15.00,15.00,0,0.010000,9,1
3556,20,85.00,135.00,0,0.010000,10,0
3557,20,0.00,0.00,0,0.010000,10,0
3558,2,100.00,100.00,1,0.010000,0,0
3559,2,100.00,100.00,1,0.010000,0,0
3560,20,0.00,0.00,0,0.010000,10,0
3561,20,0.00,0.00,0,0.010000,10,0
3562,1,50.00,50.00,1,0.010000,0,0
3563,2,100.00,100.00,1,0.010000,0,0
3564,20,93.00,93.00,0,0.010000,12,0
3565,20,10.00,10.00,0,0.010000,10,1
3566,20,85.00,135.00,0,0.010000,10,0
3567,20,0.00,0.00,0,0.010000,10,0
3568,2,100.00,100.00,1,0.010000,0,0
3569,2,100.00,100.00,1,0.010000,0,0
3570,20,0.00,0.00,0,0.010000,10,0
3571,20,0.00,0.00,0,0.010000,10,0
3572,0,0.00,0.00,1,0.010000,0,0
3573,0,0.00,0.00,1,0.010000,0,0
3574,20,48.00,48.00,0,0.010000,12,1
3575,20,60.00,60.00,0,0.010000,9,0
3576,20,85.00,135.00,0,0.010000,10,0
3577,1,50.00,50.00,1,0.010000,0,0
3578,2,100.00,100.00,1,0.010000,0,0
3579,2,100.00,100.00,1,0.010000,0,0
3580,20,0.00,0.00,0,0.010000,10,0
3581,20,0.00,0.00,0,0.010000,10,0
3582,0,0.00,0.00,1,0.010000,0,0
3583,20,93.00,93.00,0,0.010000,12,0
3584,20,93.00,93.00,0,0.010000,12,0
3585,20,60.00,60.00,0,0.010000,9,0
3586,20,144.00,184.00,0,0.010000,9,0
3587,20,-43.00,-23.00,0,0.010000,14,7
3588,2,100.00,100.00,1,0.010000,0,0
3589,2,100.00,100.00,1,0.010000,0,0
3590,20,0.00,0.00,0,0.010000,10,0
3591,20,-22.00,-2.00,0,0.010000,11,0
3592,0,0.00,0.00,1,0.010000,0,0
3593,20,85.00,135.00,0,0.010000,10,0
3594,20,93.00,93.00,0,0.010000,12,0
3595,20,60.00,60.00,0,0.010000,9,0
3596,20,85.00,135.00,0,0.010000,10,0
3597,20,-77.00,-87.00,0,0.010000,15,0
3598,2,100.00,100.00,1,0.010000,0,0
3599,2,100.00,100.00,1,0.010000,0,0
3600,20,0.00,0.00,0,0.010000,10,0
3601,20,0.00,0.00,0,0.010000,10,0
3602,1,50.00,50.00,1,0.010000,0,0
3603,20,-4.00,-14.00,0,0.010000,13,6
3604,20,93.00,93.00,0,0.010000,12,0
3605,20,60.00,60.00,0,0.010000,9,0
3606,20,85.00,135.00,0,0.010000,10,0
3607,20,44.00,44.00,0,0.010000,9,1
3608,2,100.00,100.00,1,0.010000,0,0
3609,2,100.00,100.00,1,0.010000,0,0
3610,20,0.00,0.00,0,0.010000,10,0
3611,20,0.00,0.00,0,0.010000,10,0
3612,20,3.00,-7.00,0,0.010000,14,0
3613,20,-20.00,-20.00,0,0.010000,10,0
3614,20,93.00,93.00,0,0.010000,12,0
3615,20,60.00,60.00,0,0.010000,9,0
3616,20,85.00,135.00,0,0.010000,10,0
3617,2,100.00,100.00,1,0.010000,0,0
3618,2,100.00,100.00,1,0.010000,0,0
3619,2,100.00,100.00,1,0.010000,0,0
3620,20,0.00,0.00,0,0.010000,10,0
3621,20,0.00,0.00,0,0.010000,10,0
3622,20,43.00,43.00,0,0.010000,13,0
3623,20,95.00,125.00,0,0.010000,10,0
3624,20,93.00,93.00,0,0.010000,12,0
3625,20,60.00,60.00,0,0.010000,9,0
3626,20,124.00,184.00,0,0.010000,10,1
3627,20,-82.00,-112.00,0,0.010000,13,4
3628,2,100.00,100.00,1,0.010000,0,0
3629,2,100.00,100.00,1,0.010000,0,0
3630,20,39.00,49.00,0,0.010000,10,0
3631,20,0.00,0.00,0,0.010000,10,0
3632,0,0.00,0.00,1,0.010000,0,0
3633,20,0.00,0.00,0,0.010000,10,0
3634,20,93.00,93.00,0,0.010000,12,0
3635,20,60.00,60.00,0,0.010000,9,0
3636,20,85.00,135.00,0,0.010000,10,0
3637,0,0.00,0.00,1,0.010000,0,0
3638,2,100.00,100.00,1,0.010000,0,0
3639,2,100.00,100.00,1,0.010000,0,0
3640,20,0.00,0.00,0,0.010000,10,0
3641,20,0.00,0.00,0,0.010000,10,0
3642,0,0.00,0.00,1,0.010000,0,0
3643,20,3.00,3.00,0,0.010000,14,0
3644,20,93.00,93.00,0,0.010000,12,0
3645,20,60.00,60.00,0,0.010000,9,0
3646,20,85.00,135.00,0,0.010000,10,0
3647,1,50.00,50.00,1,0.010000,0,0
3648,2,100.00,100.00,1,0.010000,0,0
3649,2,100.00,100.00,1,0.010000,0,0
3650,20,0.00,0.00,0,0.010000,10,0
3651,20,0.00,0.00,0,0.010000,10,0
3652,2,100.00,100.00,1,0.010000,0,0
3653,0,0.00,0.00,1,0.010000,0,0
3654,20,93.00,93.00,0,0.010000,12,0
3655,20,60.00,60.00,0,0.010000,9,0
3656,20,85.00,135.00,0,0.010000,10,0
3657,20,95.00,125.00,0,0.010000,10,0
3658,2,100.00,100.00,1,0.010000,0,0
3659,2,100.00,100.00,1,0.010000,0,0
3660,20,0.00,0.00,0,0.010000,10,0
3661,20,0.00,0.00,0,0.010000,10,0
3662,0,0.00,0.00,1,0.010000,0,0
3663,0,0.00,0.00,1,0.010000,0,0
3664,20,93.00,93.00,0,0.010000,12,0
3665,20,60.00,60.00,0,0.010000,9,0
3666,20,85.00,135.00,0,0.010000,10,0
3667,20,-53.00,-43.00,0,0.010000,13,3
3668,2,100.00,100.00,1,0.010000,0,0
3669,2,100.00,100.00,1,0.010000,0,0
3670,20,0.00,0.00,0,0.010000,10,0
3671,20,0.00,0.00,0,0.010000,10,0
3672,0,0.00,0.00,1,0.010000,0,0
3673,20,-86.00,-76.00,0,0.010000,14,9
3674,20,93.00,93.00,0,0.010000,12,0
3675,20,60.00,60.00,0,0.010000,9,0
3676,20,85.00,135.00,0,0.010000,10,0
3677,2,100.00,100.00,1,0.010000,0,0
3678,2,100.00,100.00,1,0.010000,0,0
3679,2,100.00,100.00,1,0.010000,0,0
3680,20,0.00,0.00,0,0.010000,10,0
3681,20,0.00,0.00,0,0.010000,10,0
3682,0,0.00,0.00,1,0.010000,0,0
3683,20,43.00,43.00,0,0.010000,13,0
3684,20,93.00,93.00,0,0.010000,12,0
3685,20,50.00,40.00,0,0.010000,10,2
3686,20,85.00,135.00,0,0.010000,10,0
3687,0,0.00,0.00,1,0.010000,0,0
3688,2,100.00,100.00,1,0.010000,0,0
3689,2,100.00,100.00,1,0.010000,0,0
3690,20,0.00,0.00,0,0.010000,10,0
3691,20,-12.00,-12.00,0,0.010000,11,0
3692,20,-53.00,-53.00,0,0.010000,13,4
3693,0,0.00,0.00,1,0.010000,0,0
3694,20,93.00,93.00,0,0.010000,12,0
3695,20,60.00,60.00,0,0.010000,9,0
3696,20,85.00,135.00,0,0.010000,10,0
3697,1,50.00,50.00,1,0.010000,0,0
3698,2,100.00,100.00,1,0.010000,0,0
3699,2,100.00,100.00,1,0.010000,0,0
3700,20,0.00,0.00,0,0.010000,10,0
3701,20,0.00,0.00,0,0.010000,10,0
3702,0,0.00,0.00,1,0.010000,0,0
3703,20,-21.00,-21.00,0,0.010000,13,9
3704,20,93.00,93.00,0,0.010000,12,0
3705,20,60.00,60.00,0,0.010000,9,0
3706,20,129.00,179.00,0,0.010000,9,1
3707,0,0.00,0.00,1,0.010000,0,0
3708,2,100.00,100.00,1,0.010000,0,0
3709,2,100.00,100.00,1,0.010000,0,0
3710,20,0.00,0.00,0,0.010000,10,0
3711,20,44.00,44.00,0,0.010000,9,1
3712,20,0.00,0.00,0,0.010000,10,0
3713,0,0.00,0.00,1,0.010000,0,0
3714,20,93.00,93.00,0,0.010000,12,0
3715,20,50.00,50.00,0,0.010000,10,2
3716,20,85.00,135.00,0,0.010000,10,0
3717,0,0.00,0.00,1,0.010000,0,0
3718,2,100.00,100.00,1,0.010000,0,0
3719,2,100.00,100.00,1,0.010000,0,0
3720,20,0.00,0.00,0,0.010000,10,0
3721,20,0.00,0.00,0,0.010000,10,0
3722,20,-1.00,-21.00,0,0.010000,12,6
3723,0,0.00,0.00,1,0.010000,0,0
3724,20,93.00,93.00,0,0.010000,12,0
3725,20,60.00,60.00,0,0.010000,9,0
3726,20,85.00,135.00,0,0.010000,10,0
3727,20,15.00,15.00,0,0.010000,13,0
3728,2,100.00,100.00,1,0.010000,0,0
3729,2,100.00,100.00,1,0.010000,0,0
3730,20,-17.00,-17.00,0,0.010000,10,2
3731,20,0.00,0.00,0,0.010000,10,0
3732,20,18.00,-2.00,0,0.010000,12,4
3733,20,-12.00,18.00,0,0.010000,12,5
3734,20,93.00,93.00,0,0.010000,12,0
3735,20,20.00,10.00,0,0.010000,10,1
3736,20,85.00,135.00,0,0.010000,10,0
3737,20,-29.00,-19.00,0,0.010000,11,3
3738,2,100.00,100.00,1,0.010000,0,0
3739,2,100.00,100.00,1,0.010000,0,0
3740,20,0.00,0.00,0,0.010000,10,0
3741,20,0.00,0.00,0,0.010000,10,0
3742,0,0.00,0.00,1,0.010000,0,0
3743,20,0.00,0.00,0,0.010000,10,0
3744,20,48.00,48.00,0,0.010000,12,1
3745,20,60.00,60.00,0,0.010000,9,0
3746,20,85.00,135.00,0,0.010000,10,0
3747,0,0.00,0.00,1,0.010000,0,0
3748,2,100.00,100.00,1,0.010000,0,0
3749,2,100.00,100.00,1,0.010000,0,0
3750,20,0.00,0.00,0,0.010000,10,0
3751,20,20.00,20.00,0,0.010000,11,3
3752,20,-34.00,-14.00,0,0.010000,12,2
3753,0,0.00,0.00,1,0.010000,0,0
3754,20,93.00,93.00,0,0.010000,12,0
3755,20,60.00,60.00,0,0.010000,9,0
3756,20,85.00,135.00,0,0.010000,10,0
3757,20,11.00,1.00,0,0.010000,10,0
3758,2,100.00,100.00,1,0.010000,0,0
3759,2,100.00,100.00,1,0.010000,0,0
3760,20,0.00,0.00,0,0.010000,10,0
3761,20,0.00,0.00,0,0.010000,10,0
3762,20,95.00,125.00,0,0.010000,10,0
3763,0,0.00,0.00,1,0.010000,0,0
3764,20,93.00,93.00,0,0.010000,12,0
3765,20,60.00,60.00,0,0.010000,9,0
3766,20,85.00,135.00,0,0.010000,10,0
3767,0,0.00,0.00,1,0.010000,0,0
3768,2,100.00,100.00,1,0.010000,0,0
3769,2,100.00,100.00,1,0.010000,0,0
3770,20,39.00,39.00,0,0.010000,10,1
3771,20,0.00,0.00,0,0.010000,10,0
3772,20,-80.00,-80.00,0,0.010000,12,2
3773,20,-19.00,-29.00,0,0.010000,11,2
3774,20,93.00,93.00,0,0.010000,12,0
3775,20,60.00,60.00,0,0.010000,9,0
3776,20,124.00,174.00,0,0.010000,10,1
3777,0,0.00,0.00,1,0.010000,0,0
3778,2,100.00,100.00,1,0.010000,0,0
3779,2,100.00,100.00,1,0.010000,0,0
3780,20,0.00,0.00,0,0.010000,10,0
3781,20,0.00,0.00,0,0.010000,10,0
3782,2,100.00,100.00,1,0.010000,0,0
3783,1,50.00,50.00,1,0.010000,0,0
3784,20,13.00,-7.00,0,0.010000,14,0
3785,20,60.00,60.00,0,0.010000,9,0
3786,20,85.00,135.00,0,0.010000,10,0
3787,0,0.00,0.00,1,0.010000,0,0
3788,2,100.00,100.00,1,0.010000,0,0
3789,2,100.00,100.00,1,0.010000,0,0
3790,20,0.00,0.00,0,0.010000,10,0
3791,20,0.00,0.00,0,0.010000,10,0
3792,0,0.00,0.00,1,0.010000,0,0
3793,20,-99.00,-119.00,0,0.010000,13,6
3794,20,93.00,93.00,0,0.010000,12,0
3795,20,60.00,60.00,0,0.010000,9,0
3796,20,134.00,164.00,0,0.010000,10,0
3797,0,0.00,0.00,1,0.010000,0,0
3798,2,100.00,100.00,1,0.010000,0,0
3799,2,100.00,100.00,1,0.010000,0,0
3800,20,0.00,0.00,0,0.010000,10,0
3801,20,0.00,0.00,0,0.010000,10,0
3802,20,11.00,1.00,0,0.010000,10,0
3803,1,50.00,50.00,1,0.010000,0,0
3804,20,93.00,93.00,0,0.010000,12,0
3805,20,60.00,60.00,0,0.010000,9,0
3806,20,85.00,135.00,0,0.010000,10,0
3807,20,-4.00,-14.00,0,0.010000,13,5
3808,2,100.00,100.00,1,0.010000,0,0
3809,2,100.00,100.00,1,0.010000,0,0
3810,20,0.00,0.00,0,0.010000,10,0
3811,20,0.00,0.00,0,0.010000,10,0
3812,20,-5.00,35.00,0,0.010000,12,0
3813,20,-60.00,-70.00,0,0.010000,13,5
3814,20,93.00,93.00,0,0.010000,12,0
3815,20,60.00,60.00,0,0.010000,9,0
3816,20,134.00,174.00,0,0.010000,10,1
3817,0,0.00,0.00,1,0.010000,0,0
3818,2,100.00,100.00,1,0.010000,0,0
3819,3,99.00,89.00,1,0.010000,1,1
3820,20,0.00,0.00,0,0.010000,10,0
3821,20,39.00,49.00,0,0.010000,10,1
3822,0,0.00,0.00,1,0.010000,0,0
3823,0,0.00,0.00,1,0.010000,0,0
3824,20,93.00,93.00,0,0.010000,12,0
3825,20,60.00,60.00,0,0.010000,9,0
3826,20,85.00,135.00,0,0.010000,10,0
3827,0,0.00,0.00,1,0.010000,0,0
3828,2,100.00,100.00,1,0.010000,0,0
3829,2,100.00,100.00,1,0.010000,0,0
3830,20,0.00,0.00,0,0.010000,10,0
3831,20,0.00,0.00,0,0.010000,10,0
3832,1,50.00,50.00,1,0.010000,0,0
3833,20,39.00,49.00,0,0.010000,10,0
3834,20,93.00,93.00,0,0.010000,12,0
3835,20,60.00,60.00,0,0.010000,9,0
3836,20,85.00,135.00,0,0.010000,10,0
3837,4,100.00,100.00,1,0.010000,1,0
3838,2,100.00,100.00,1,0.010000,0,0
3839,2,100.00,100.00,1,0.010000,0,0
3840,20,0.00,0.00,0,0.010000,10,0
3841,20,0.00,0.00,0,0.010000,10,0
3842,20,-41.00,-31.00,0,0.010000,12,4
3843,20,23.00,-7.00,0,0.010000,11,4
3844,20,93.00,93.00,0,0.010000,12,0
3845,20,60.00,60.00,0,0.010000,9,0
3846,20,85.00,135.00,0,0.010000,10,0
3847,20,0.00,0.00,0,0.010000,10,0
3848,2,100.00,100.00,1,0.010000,0,0
3849,2,100.00,100.00,1,0.010000,0,0
3850,20,0.00,0.00,0,0.010000,10,0
3851,20,0.00,0.00,0,0.010000,10,0
3852,20,45.00,85.00,0,0.010000,11,0
3853,0,0.00,0.00,1,0.010000,0,0
3854,20,93.00,93.00,0,0.010000,12,0
3855,20,60.00,60.00,0,0.010000,9,0
3856,20,85.00,135.00,0,0.010000,10,0
3857,0,0.00,0.00,1,0.010000,0,0
3858,2,100.00,100.00,1,0.010000,0,0
3859,2,100.00,100.00,1,0.010000,0,0
3860,20,0.00,0.00,0,0.010000,10,0
3861,20,0.00,0.00,0,0.010000,10,0
3862,20,49.00,39.00,0,0.010000,10,0
3863,20,0.00,0.00,0,0.010000,10,0
3864,20,93.00,93.00,0,0.010000,12,0
3865,20,60.00,60.00,0,0.010000,9,0
3866,20,85.00,135.00,0,0.010000,10,0
3867,0,0.00,0.00,1,0.010000,0,0
3868,2,100.00,100.00,1,0.010000,0,0
3869,2,100.00,100.00,1,0.010000,0,0
3870,20,0.00,0.00,0,0.010000,10,0
3871,20,0.00,0.00,0,0.010000,10,0
3872,0,0.00,0.00,1,0.010000,0,0
3873,1,50.00,50.00,1,0.010000,0,0
3874,20,93.00,93.00,0,0.010000,12,0
3875,20,21.00,21.00,0,0.010000,11,1
3876,20,124.00,174.00,0,0.010000,10,1
3877,1,50.00,50.00,1,0.010000,0,0
3878,2,100.00,100.00,1,0.010000,0,0
3879,2,100.00,100.00,1,0.010000,0,0
3880,20,0.00,0.00,0,0.010000,10,0
3881,20,0.00,0.00,0,0.010000,10,0
3882,20,85.00,135.00,0,0.010000,10,0
3883,20,11.00,1.00,0,0.010000,10,0
3884,20,43.00,53.00,0,0.010000,13,1
3885,20,60.00,60.00,0,0.010000,9,0
3886,20,85.00,135.00,0,0.010000,10,0
3887,20,15.00,25.00,0,0.010000,10,3
3888,2,100.00,100.00,1,0.010000,0,0
3889,2,100.00,100.00,1,0.010000,0,0
3890,20,0.00,0.00,0,0.010000,10,0
3891,20,0.00,0.00,0,0.010000,10,0
3892,0,0.00,0.00,1,0.010000,0,0
3893,1,50.00,50.00,1,0.010000,0,0
3894,20,93.00,93.00,0,0.010000,12,0
3895,20,60.00,60.00,0,0.010000,9,0
3896,20,85.00,135.00,0,0.010000,10,0
3897,20,85.00,135.00,0,0.010000,10,0
3898,2,100.00,100.00,1,0.010000,0,0
3899,2,100.00,100.00,1,0.010000,0,0
3900,20,0.00,0.00,0,0.010000,10,0
3901,20,0.00,0.00,0,0.010000,10,0
3902,0,0.00,0.00,1,0.010000,0,0
3903,20,-7.00,13.00,0,0.010000,13,3
3904,20,93.00,93.00,0,0.010000,12,0
3905,20,60.00,60.00,0,0.010000,9,0
3906,20,85.00,135.00,0,0.010000,10,0
3907,20,-56.00,-16.00,0,0.010000,13,7
3908,2,100.00,100.00,1,0.010000,0,0
3909,2,100.00,100.00,1,0.010000,0,0
3910,20,0.00,0.00,0,0.010000,10,0
3911,20,0.00,0.00,0,0.010000,10,0
3912,20,0.00,0.00,0,0.010000,10,0
3913,20,-63.00,-83.00,0,0.010000,12,1
3914,20,93.00,93.00,0,0.010000,12,0
3915,20,60.00,60.00,0,0.010000,9,0
3916,20,85.00,135.00,0,0.010000,10,0
3917,1,50.00,50.00,1,0.010000,0,0
3918,2,100.00,100.00,1,0.010000,0,0
3919,2,100.00,100.00,1,0.010000,0,0
3920,20,0.00,0.00,0,0.010000,10,0
3921,20,0.00,0.00,0,0.010000,10,0
3922,20,93.00,93.00,0,0.010000,12,0
3923,20,-29.00,-29.00,0,0.010000,10,0
3924,20,93.00,93.00,0,0.010000,12,0
3925,20,60.00,60.00,0,0.010000,9,0
3926,20,85.00,135.00,0,0.010000,10,0
3927,0,0.00,0.00,1,0.010000,0,0
3928,2,100.00,100.00,1,0.010000,0,0
3929,2,100.00,100.00,1,0.010000,0,0
3930,20,0.00,0.00,0,0.010000,10,0
3931,20,0.00,0.00,0,0.010000,10,0
3932,20,45.00,75.00,0,0.010000,11,1
3933,20,-60.00,-70.00,0,0.010000,12,5
3934,20,93.00,93.00,0,0.010000,12,0
3935,20,60.00,60.00,0,0.010000,9,0
3936,20,124.00,184.00,0,0.010000,10,1
3937,20,-90.00,-80.00,0,0.010000,14,8
3938,2,100.00,100.00,1,0.010000,0,0
3939,2,100.00,100.00,1,0.010000,0,0
3940,20,49.00,39.00,0,0.010000,10,1
3941,20,0.00,0.00,0,0.010000,10,0
3942,20,-31.00,-41.00,0,0.010000,12,3
3943,2,100.00,100.00,1,0.010000,0,0
3944,20,93.00,93.00,0,0.010000,12,0
3945,20,60.00,60.00,0,0.010000,9,0
3946,20,85.00,135.00,0,0.010000,10,0
3947,20,-20.00,-20.00,0,0.010000,10,0
3948,2,100.00,100.00,1,0.010000,0,0
3949,2,100.00,100.00,1,0.010000,0,0
3950,20,0.00,0.00,0,0.010000,10,0
3951,20,0.00,0.00,0,0.010000,10,0
3952,1,50.00,50.00,1,0.010000,0,0
3953,20,12.00,-8.00,0,0.010000,12,4
3954,20,93.00,93.00,0,0.010000,12,0
3955,20,60.00,60.00,0,0.010000,9,0
3956,20,124.00,174.00,0,0.010000,10,1
3957,20,39.00,49.00,0,0.010000,10,0
3958,2,100.00,100.00,1,0.010000,0,0
3959,2,100.00,100.00,1,0.010000,0,0
3960,20,0.00,0.00,0,0.010000,10,0
3961,20,0.00,0.00,0,0.010000,10,0
3962,20,0.00,0.00,0,0.010000,10,0
3963,20,62.00,42.00,0,0.010000,13,0
3964,20,93.00,93.00,0,0.010000,12,0
3965,20,60.00,60.00,0,0.010000,9,0
3966,20,85.00,135.00,0,0.010000,10,0
3967,0,0.00,0.00,1,0.010000,0,0
3968,2,100.00,100.00,1,0.010000,0,0
3969,2,100.00,100.00,1,0.010000,0,0
3970,20,0.00,0.00,0,0.010000,10,0
3971,20,0.00,0.00,0,0.010000,10,0
3972,2,100.00,100.00,1,0.010000,0,0
3973,0,0.00,0.00,1,0.010000,0,0
3974,20,93.00,93.00,0,0.010000,12,0
3975,20,10.00,10.00,0,0.010000,10,1
3976,20,124.00,184.00,0,0.010000,10,1
3977,20,-51.00,-61.00,0,0.010000,11,0
3978,2,100.00,100.00,1,0.010000,0,0
3979,2,100.00,100.00,1,0.010000,0,0
3980,20,0.00,0.00,0,0.010000,10,0
3981,20,0.00,0.00,0,0.010000,10,0
3982,0,0.00,0.00,1,0.010000,0,0
3983,0,0.00,0.00,1,0.010000,0,0
3984,20,93.00,93.00,0,0.010000,12,0
3985,20,60.00,60.00,0,0.010000,9,0
3986,20,85.00,135.00,0,0.010000,10,0
3987,1,50.00,50.00,1,0.010000,0,0
3988,2,100.00,100.00,1,0.010000,0,0
3989,2,100.00,100.00,1,0.010000,0,0
3990,20,0.00,0.00,0,0.010000,10,0
3991,20,0.00,0.00,0,0.010000,10,0
3992,1,50.00,50.00,1,0.010000,0,0
3993,2,100.00,100.00,1,0.010000,0,0
3994,20,93.00,93.00,0,0.010000,12,0
3995,20,60.00,60.00,0,0.010000,9,0
3996,20,124.00,184.00,0,0.010000,10,1
3997,0,0.00,0.00,1,0.010000,0,0
3998,2,100.00,100.00,1,0.010000,0,0
3999,2,100.00,100.00,1,0.010000,0,0

# Summary
# FirstGoalEpisode,8
# TotalGoalCount,1045
# GoalRate_last100,0.34
