Episode,Steps,RewardZ1,RewardZ2,GoalReached,Epsilon,WastedByPenalty,WastedByNoEffect
0,20,-78.00,-178.00,0,0.300000,17,4
1,20,-45.00,-205.00,0,0.299100,19,3
2,7,70.00,24.00,1,0.298203,4,1
3,7,150.00,43.00,1,0.297308,3,0
4,20,-5.00,-69.00,0,0.296416,13,4
5,20,-58.00,-158.00,0,0.300000,16,3
6,20,-39.00,54.00,0,0.299100,13,0
7,20,-90.00,-180.00,0,0.298203,20,4
8,2,100.00,100.00,1,0.297308,0,0
9,20,-180.00,-110.00,0,0.296416,20,3
10,20,0.00,0.00,0,0.295527,10,0
11,20,-160.00,-140.00,0,0.300000,18,5
12,20,-115.00,-135.00,0,0.299100,9,12
13,19,-16.00,29.00,1,0.298203,10,5
14,20,-129.00,-89.00,0,0.297308,17,5
15,20,-165.00,-175.00,0,0.296416,19,3
16,20,-200.00,50.00,0,0.295527,19,1
17,2,89.00,49.00,1,0.294640,0,0
18,2,100.00,100.00,1,0.293756,0,0
19,20,-210.00,-110.00,0,0.292875,20,1
20,20,-36.00,-36.00,0,0.291997,9,5
21,20,-205.00,-215.00,0,0.291121,19,4
22,20,-65.00,-165.00,0,0.290247,18,4
23,20,80.00,-110.00,0,0.289376,0,20
24,20,-69.00,1.00,0,0.288508,16,2
25,20,-170.00,-200.00,0,0.287643,20,1
26,20,-175.00,21.00,0,0.286780,17,5
27,20,-200.00,-190.00,0,0.285920,20,3
28,2,100.00,100.00,1,0.285062,0,0
29,20,-200.00,-180.00,0,0.284207,18,3
30,20,-77.00,-87.00,0,0.283354,9,11
31,20,-210.00,-180.00,0,0.282504,18,4
32,20,-160.00,-160.00,0,0.281656,19,4
33,20,96.00,-195.00,0,0.280811,18,1
34,20,-129.00,-19.00,0,0.279969,19,3
35,20,-180.00,-190.00,0,0.279129,20,1
36,20,-205.00,16.00,0,0.278292,18,4
37,20,32.00,-175.00,0,0.277457,18,3
38,2,100.00,100.00,1,0.276624,0,0
39,20,-195.00,-165.00,0,0.275795,19,2
40,20,-22.00,-2.00,0,0.274967,11,0
41,20,-165.00,-165.00,0,0.274142,9,11
42,20,-195.00,-145.00,0,0.273320,19,1
43,20,-195.00,-165.00,0,0.272500,15,8
44,20,-87.00,3.00,0,0.271682,15,5
45,20,-160.00,-170.00,0,0.270867,20,2
46,20,-140.00,-18.00,0,0.270055,15,6
47,20,-115.00,10.00,0,0.269245,11,5
48,2,100.00,100.00,1,0.268437,0,0
49,20,-145.00,-185.00,0,0.267632,19,5
50,20,17.00,47.00,0,0.266829,11,3
51,20,-145.00,-155.00,0,0.266028,7,14
52,20,-160.00,-130.00,0,0.265230,18,4
53,20,-16.00,164.00,0,0.264434,5,9
54,20,-124.00,-4.00,0,0.263641,18,2
55,20,-175.00,-115.00,0,0.262850,17,5
56,20,-140.00,51.00,0,0.262062,16,3
57,1,50.00,4.00,1,0.261275,0,0
58,2,100.00,100.00,1,0.260492,0,0
59,20,-210.00,-130.00,0,0.259710,20,3
60,20,39.00,49.00,0,0.258931,10,0
61,20,-200.00,-160.00,0,0.258154,16,4
62,20,-190.00,-190.00,0,0.257380,18,5
63,20,48.00,-87.00,0,0.256608,8,12
64,20,-104.00,-64.00,0,0.255838,15,7
65,20,-90.00,-170.00,0,0.255070,20,3
66,20,-130.00,-18.00,0,0.254305,14,4
67,20,-170.00,-200.00,0,0.253542,18,4
68,2,100.00,100.00,1,0.252781,0,0
69,20,-155.00,-125.00,0,0.252023,19,2
70,20,-31.00,-41.00,0,0.251267,12,4
71,20,-160.00,-140.00,0,0.250513,14,9
72,20,-45.00,141.00,0,0.249762,5,13
73,0,0.00,0.00,1,0.249012,0,0
74,20,-129.00,1.00,0,0.248265,19,1
75,20,-130.00,-150.00,0,0.247521,20,2
76,20,-135.00,27.00,0,0.246778,15,5
77,20,-185.00,-125.00,0,0.246038,17,6
78,5,99.00,89.00,1,0.245300,2,1
79,20,-135.00,-155.00,0,0.244564,19,3
80,20,-29.00,-19.00,0,0.243830,11,2
81,20,-180.00,-170.00,0,0.243099,16,5
82,20,-72.00,18.00,0,0.242369,8,8
83,20,-134.00,6.00,0,0.241642,18,5
84,20,66.00,66.00,0,0.240917,10,1
85,20,-125.00,-165.00,0,0.240194,19,3
86,20,-120.00,-6.00,0,0.239474,14,4
87,1,50.00,50.00,1,0.238755,0,0
88,2,100.00,100.00,1,0.238039,0,0
89,20,-165.00,-155.00,0,0.237325,19,4
90,20,-12.00,-12.00,0,0.236613,11,1
91,20,-160.00,-180.00,0,0.235903,16,5
92,20,-115.00,-25.00,0,0.235196,14,2
93,2,39.00,39.00,1,0.234490,1,1
94,20,17.00,47.00,0,0.233786,11,1
95,20,-120.00,-220.00,0,0.233085,20,1
96,20,-120.00,-7.00,0,0.232386,14,2
97,20,-70.00,-70.00,0,0.231689,13,2
98,2,100.00,100.00,1,0.230994,0,0
99,20,-110.00,-170.00,0,0.230301,18,3
100,20,39.00,49.00,0,0.229610,10,1
101,20,-155.00,-145.00,0,0.228921,9,13
102,20,-120.00,13.00,0,0.228234,14,5
103,20,-100.00,30.00,0,0.227549,13,3
104,20,3.00,-7.00,0,0.226867,10,2
105,20,-140.00,-180.00,0,0.226186,20,0
106,20,-125.00,49.00,0,0.225508,14,3
107,0,0.00,0.00,1,0.224831,0,0
108,2,100.00,100.00,1,0.224157,0,0
109,20,-160.00,-170.00,0,0.223484,20,2
110,20,-7.00,-17.00,0,0.222814,10,2
111,20,-170.00,-170.00,0,0.222145,12,13
112,2,89.00,49.00,1,0.221479,0,0
113,20,-150.00,-180.00,0,0.220814,20,4
114,20,81.00,71.00,0,0.220152,11,3
115,20,-140.00,-170.00,0,0.219492,20,3
116,20,-125.00,-4.00,0,0.218833,14,2
117,20,-160.00,-150.00,0,0.218177,10,14
118,3,89.00,99.00,1,0.217522,1,1
119,20,-135.00,-175.00,0,0.216869,19,4
120,20,32.00,22.00,0,0.216219,10,2
121,20,-155.00,-155.00,0,0.215570,7,14
122,0,0.00,0.00,1,0.214923,0,0
123,20,-1.00,-31.00,0,0.214279,14,3
124,20,0.00,10.00,0,0.213636,10,2
125,20,-105.00,-165.00,0,0.212995,19,2
126,20,-125.00,-35.00,0,0.212356,14,6
127,20,12.00,72.00,0,0.211719,12,0
128,3,94.00,94.00,1,0.211084,0,1
129,20,-130.00,-140.00,0,0.210450,20,4
130,20,37.00,27.00,0,0.209819,11,2
131,20,-155.00,-155.00,0,0.209190,7,14
132,20,-215.00,-205.00,0,0.208562,19,1
133,20,-190.00,-210.00,0,0.207936,18,2
134,20,-17.00,23.00,0,0.207313,14,4
135,20,-110.00,-170.00,0,0.206691,20,4
136,20,-100.00,42.00,0,0.206071,15,1
137,20,-70.00,-18.00,0,0.205452,12,5
138,2,100.00,100.00,1,0.204836,0,0
139,20,-135.00,-135.00,0,0.204222,19,4
140,20,-56.00,-36.00,0,0.203609,11,4
141,20,-155.00,-155.00,0,0.202998,9,12
142,20,56.00,86.00,0,0.202389,11,2
143,20,74.00,134.00,0,0.201782,11,1
144,20,93.00,113.00,0,0.201177,10,5
145,20,-130.00,-160.00,0,0.200573,18,3
146,20,-115.00,68.00,0,0.199971,15,3
147,20,-215.00,-185.00,0,0.199371,19,2
148,2,100.00,100.00,1,0.198773,0,0
149,20,-130.00,-150.00,0,0.198177,20,1
150,20,0.00,0.00,0,0.197582,10,0
151,20,-150.00,-150.00,0,0.196990,6,14
152,20,-85.00,-15.00,0,0.196399,14,4
153,1,50.00,50.00,1,0.195809,0,0
154,20,-28.00,-28.00,0,0.195222,14,2
155,20,-155.00,-135.00,0,0.194636,19,1
156,20,-95.00,37.00,0,0.194052,12,3
157,7,20.00,-13.00,1,0.193470,2,3
158,3,89.00,89.00,1,0.192890,1,1
159,20,-105.00,-175.00,0,0.192311,19,2
160,20,-12.00,-12.00,0,0.191734,11,2
161,20,-130.00,-160.00,0,0.191159,8,13
162,20,-90.00,2.00,0,0.190586,12,3
163,20,-130.00,-150.00,0,0.190014,20,0
164,20,44.00,74.00,0,0.189444,12,2
165,20,-125.00,-175.00,0,0.188876,19,3
166,20,-130.00,3.00,0,0.188309,16,3
167,16,41.00,16.00,1,0.187744,2,12
168,3,89.00,89.00,1,0.187181,1,1
169,20,-130.00,-130.00,0,0.186619,16,6
170,20,-34.00,-24.00,0,0.186059,12,2
171,20,-145.00,-145.00,0,0.185501,9,11
172,20,-170.00,-130.00,0,0.184945,20,3
173,2,100.00,100.00,1,0.184390,0,0
174,20,67.00,77.00,0,0.183837,11,4
175,20,-150.00,-130.00,0,0.183285,20,3
176,20,-125.00,19.00,0,0.182735,13,7
177,20,-200.00,-200.00,0,0.182187,18,3
178,2,100.00,100.00,1,0.181641,0,0
179,20,-105.00,-165.00,0,0.181096,15,6
180,20,39.00,39.00,0,0.180552,10,1
181,20,-140.00,-130.00,0,0.180011,6,17
182,20,-72.00,154.00,0,0.179471,5,14
183,20,-180.00,-120.00,0,0.178932,20,3
184,20,134.00,164.00,0,0.178395,10,2
185,20,-160.00,-140.00,0,0.177860,20,2
186,20,-70.00,0.00,0,0.177327,12,2
187,1,50.00,50.00,1,0.176795,0,0
188,2,100.00,100.00,1,0.176264,0,0
189,20,-125.00,-165.00,0,0.175735,15,6
190,20,27.00,27.00,0,0.175208,11,2
191,20,-135.00,-135.00,0,0.174683,5,17
192,0,0.00,0.00,1,0.174159,0,0
193,1,50.00,50.00,1,0.173636,0,0
194,20,146.00,186.00,0,0.173115,9,0
195,20,-165.00,-115.00,0,0.172596,19,2
196,20,-60.00,20.00,0,0.172078,12,0
197,20,8.00,48.00,0,0.171562,11,2
198,2,100.00,100.00,1,0.171047,0,0
199,20,-125.00,-135.00,0,0.170534,17,4
200,20,-22.00,-12.00,0,0.170022,11,2
201,20,-165.00,-135.00,0,0.169512,9,12
202,20,126.00,-69.00,0,0.169004,2,19
203,20,126.00,-69.00,0,0.168497,1,19
204,20,103.00,143.00,0,0.167991,10,1
205,20,-155.00,-145.00,0,0.167487,17,4
206,20,-85.00,57.00,0,0.166985,12,1
207,20,94.00,144.00,0,0.166484,10,0
208,2,100.00,100.00,1,0.165984,0,0
209,20,-160.00,-110.00,0,0.165487,16,5
210,20,20.00,20.00,0,0.164990,7,5
211,20,-165.00,-155.00,0,0.164495,11,10
212,15,90.00,20.00,1,0.164002,5,9
213,20,-37.00,-17.00,0,0.163510,12,5
214,20,88.00,108.00,0,0.163019,11,4
215,20,-170.00,-120.00,0,0.162530,20,2
216,20,-80.00,32.00,0,0.162042,12,3
217,20,-185.00,-185.00,0,0.161556,15,8
218,2,100.00,100.00,1,0.161072,0,0
219,20,-130.00,-150.00,0,0.160588,16,6
220,20,25.00,5.00,0,0.160107,10,3
221,20,-175.00,-125.00,0,0.159626,11,10
222,20,149.00,-57.00,0,0.159147,3,15
223,20,-155.00,-125.00,0,0.158670,17,4
224,20,54.00,84.00,0,0.158194,11,2
225,20,-140.00,-140.00,0,0.157719,16,4
226,20,-70.00,10.00,0,0.157246,11,2
227,20,-65.00,18.00,0,0.156775,12,3
228,2,100.00,100.00,1,0.156304,0,0
229,20,-150.00,-140.00,0,0.155835,14,10
230,20,15.00,25.00,0,0.155368,8,5
231,20,-185.00,-135.00,0,0.154902,13,9
232,0,0.00,0.00,1,0.154437,0,0
233,20,-175.00,-185.00,0,0.153974,17,5
234,20,134.00,164.00,0,0.153512,10,1
235,20,-130.00,-140.00,0,0.153051,16,4
236,20,-110.00,32.00,0,0.152592,14,3
237,20,-25.00,15.00,0,0.152134,9,1
238,2,100.00,100.00,1,0.151678,0,0
239,20,-120.00,-150.00,0,0.151223,14,7
240,20,23.00,-7.00,0,0.150769,9,7
241,20,-175.00,-125.00,0,0.150317,11,10
242,20,-1.00,-135.00,0,0.149866,13,5
243,0,0.00,0.00,1,0.149416,0,0
244,20,88.00,128.00,0,0.148968,11,1
245,20,-155.00,-135.00,0,0.148521,15,6
246,20,-95.00,8.00,0,0.148076,14,3
247,20,-160.00,-160.00,0,0.147631,12,10
248,2,100.00,100.00,1,0.147188,0,0
249,20,-130.00,-130.00,0,0.146747,16,5
250,20,-44.00,-24.00,0,0.146307,12,3
251,20,-165.00,-115.00,0,0.145868,15,7
252,1,50.00,50.00,1,0.145430,0,0
253,20,-210.00,-210.00,0,0.144994,20,1
254,20,85.00,135.00,0,0.144559,10,0
255,20,-130.00,-140.00,0,0.144125,14,7
256,20,-90.00,-10.00,0,0.143693,15,2
257,20,-175.00,-185.00,0,0.143262,15,8
258,2,100.00,100.00,1,0.142832,0,0
259,20,-150.00,-130.00,0,0.142403,14,8
260,20,-17.00,23.00,0,0.141976,11,5
261,20,-180.00,-120.00,0,0.141550,14,8
262,1,50.00,50.00,1,0.141126,0,0
263,20,-160.00,-140.00,0,0.140702,12,10
264,20,43.00,33.00,0,0.140280,10,2
265,20,-120.00,-130.00,0,0.139859,16,8
266,20,-75.00,7.00,0,0.139440,12,2
267,20,-60.00,20.00,0,0.139021,12,1
268,2,100.00,100.00,1,0.138604,0,0
269,20,-110.00,-160.00,0,0.138189,16,4
270,20,-14.00,-34.00,0,0.137774,10,3
271,20,-170.00,-120.00,0,0.137361,14,7
272,20,-210.00,-190.00,0,0.136949,20,4
273,20,42.00,-69.00,0,0.136538,4,17
274,20,93.00,143.00,0,0.136128,11,1
275,20,-125.00,-145.00,0,0.135720,15,6
276,20,-70.00,2.00,0,0.135313,12,2
277,20,-220.00,-220.00,0,0.134907,20,0
278,2,100.00,100.00,1,0.134502,0,0
279,20,-160.00,-120.00,0,0.134098,14,7
280,20,-9.00,-39.00,0,0.133696,11,1
281,20,-190.00,-100.00,0,0.133295,14,6
282,1,50.00,50.00,1,0.132895,0,0
283,20,-185.00,-105.00,0,0.132496,13,7
284,20,83.00,143.00,0,0.132099,11,2
285,20,-120.00,-140.00,0,0.131703,14,8
286,20,-90.00,40.00,0,0.131308,13,1
287,20,-110.00,-150.00,0,0.130914,16,6
288,2,100.00,100.00,1,0.130521,0,0
289,20,-145.00,-125.00,0,0.130129,13,7
290,20,-11.00,-61.00,0,0.129739,12,3
291,20,-160.00,-130.00,0,0.129350,14,9
292,20,-75.00,5.00,0,0.128962,12,3
293,20,34.00,-120.00,0,0.128575,14,4
294,20,139.00,169.00,0,0.128189,9,2
295,20,-140.00,-140.00,0,0.127805,16,5
296,20,-110.00,-26.00,0,0.127421,15,1
297,0,0.00,0.00,1,0.127039,0,0
298,2,100.00,100.00,1,0.126658,0,0
299,20,-155.00,-125.00,0,0.126278,15,8
300,20,27.00,37.00,0,0.125899,11,0
301,20,-195.00,-95.00,0,0.125521,15,6
302,20,34.00,84.00,0,0.125145,12,1
303,20,-57.00,29.00,0,0.124769,6,13
304,20,93.00,133.00,0,0.124395,11,1
305,20,-150.00,-140.00,0,0.124022,14,7
306,20,-110.00,-49.00,0,0.123650,14,4
307,4,54.00,87.00,1,0.123279,1,0
308,3,94.00,94.00,1,0.122909,0,1
309,20,-135.00,-135.00,0,0.122540,15,6
310,20,-9.00,-39.00,0,0.122173,11,1
311,20,-180.00,-110.00,0,0.121806,14,8
312,20,-145.00,-125.00,0,0.121441,15,6
313,20,49.00,-105.00,0,0.121076,14,2
314,20,56.00,86.00,0,0.120713,11,2
315,20,-120.00,-130.00,0,0.120351,14,7
316,20,-50.00,50.00,0,0.119990,11,1
317,20,-220.00,-220.00,0,0.119630,20,0
318,2,100.00,100.00,1,0.119271,0,0
319,20,-130.00,-150.00,0,0.118913,14,7
320,20,32.00,32.00,0,0.118556,10,1
321,20,-185.00,-125.00,0,0.118201,15,6
322,0,0.00,0.00,1,0.117846,0,0
323,0,0.00,0.00,1,0.117493,0,0
324,20,103.00,133.00,0,0.117140,11,2
325,20,-125.00,-155.00,0,0.116789,17,6
326,20,-60.00,10.00,0,0.116438,12,0
327,20,-195.00,-175.00,0,0.116089,19,7
328,2,100.00,100.00,1,0.115741,0,0
329,20,-130.00,-140.00,0,0.115394,14,6
330,20,25.00,15.00,0,0.115047,12,0
331,20,-140.00,-150.00,0,0.114702,14,10
332,20,-62.00,134.00,0,0.114358,4,15
333,20,144.00,164.00,0,0.114015,10,0
334,20,134.00,174.00,0,0.113673,10,1
335,20,-160.00,-130.00,0,0.113332,14,6
336,20,-70.00,40.00,0,0.112992,11,3
337,2,39.00,89.00,1,0.112653,1,0
338,2,100.00,100.00,1,0.112315,0,0
339,20,-150.00,-120.00,0,0.111978,16,5
340,20,47.00,17.00,0,0.111642,11,0
341,20,-180.00,-90.00,0,0.111307,12,10
342,20,-60.00,-20.00,0,0.110973,12,0
343,20,-31.00,-1.00,0,0.110640,12,2
344,20,124.00,174.00,0,0.110308,10,1
345,20,-130.00,-150.00,0,0.109978,14,6
346,20,-60.00,10.00,0,0.109648,13,0
347,20,-125.00,-145.00,0,0.109319,15,6
348,2,100.00,100.00,1,0.108991,0,0
349,20,-140.00,-120.00,0,0.108664,14,6
350,20,-29.00,-29.00,0,0.108338,11,2
351,20,-160.00,-120.00,0,0.108013,10,11
352,20,-75.00,18.00,0,0.107689,12,3
353,20,-52.00,118.00,0,0.107366,1,17
354,20,129.00,179.00,0,0.107044,9,2
355,20,-135.00,-125.00,0,0.106722,13,8
356,20,-40.00,40.00,0,0.106402,11,1
357,20,-145.00,-125.00,0,0.106083,15,5
358,3,89.00,89.00,1,0.105765,1,1
359,20,-120.00,-160.00,0,0.105448,14,8
360,20,47.00,17.00,0,0.105131,11,0
361,20,-165.00,-105.00,0,0.104816,9,12
362,20,49.00,39.00,0,0.104501,10,0
363,1,50.00,4.00,1,0.104188,0,0
364,20,124.00,184.00,0,0.103875,10,1
365,20,-135.00,-135.00,0,0.103564,15,6
366,20,-50.00,50.00,0,0.103253,11,1
367,20,-1.00,49.00,0,0.102943,11,3
368,3,89.00,99.00,1,0.102634,1,1
369,20,-135.00,-125.00,0,0.102326,15,6
370,20,-36.00,-46.00,0,0.102019,13,3
371,20,-180.00,-100.00,0,0.101713,12,10
372,20,-8.00,-100.00,0,0.101408,13,4
373,20,-169.00,26.00,0,0.101104,3,19
374,20,134.00,164.00,0,0.100801,10,2
375,20,-115.00,-135.00,0,0.100498,15,6
376,20,-80.00,-10.00,0,0.100197,14,2
377,0,0.00,0.00,1,0.099896,0,0
378,2,100.00,100.00,1,0.099597,0,0
379,20,-140.00,-130.00,0,0.099298,14,6
380,20,47.00,17.00,0,0.099000,11,2
381,20,-170.00,-110.00,0,0.098703,10,11
382,20,145.00,-50.00,0,0.098407,4,14
383,20,126.00,-64.00,0,0.098112,1,19
384,20,124.00,184.00,0,0.097817,10,1
385,20,-150.00,-140.00,0,0.097524,14,8
386,20,-75.00,5.00,0,0.097231,12,2
387,13,29.00,-10.00,1,0.096940,3,8
388,3,89.00,89.00,1,0.096649,1,1
389,20,-135.00,-125.00,0,0.096359,15,5
390,20,-7.00,-17.00,0,0.096070,10,1
391,20,-165.00,-125.00,0,0.095781,11,12
392,5,76.00,16.00,1,0.095494,3,0
393,0,0.00,0.00,1,0.095208,0,0
394,20,99.00,139.00,0,0.094922,9,1
395,20,-140.00,-140.00,0,0.094637,16,5
396,20,-40.00,20.00,0,0.094353,11,0
397,20,-28.00,102.00,0,0.094070,3,13
398,2,100.00,100.00,1,0.093788,0,0
399,20,-145.00,-135.00,0,0.093507,15,6
400,20,-14.00,-34.00,0,0.093226,12,1
401,20,-165.00,-105.00,0,0.092946,11,13
402,20,-125.00,-145.00,0,0.092668,15,6
403,2,54.00,89.00,1,0.092390,0,0
404,20,139.00,169.00,0,0.092112,9,1
405,20,-105.00,-145.00,0,0.091836,13,9
406,20,-80.00,-17.00,0,0.091561,14,0
407,20,-69.00,80.00,1,0.091286,1,19
408,3,94.00,94.00,1,0.091012,0,1
409,20,-130.00,-150.00,0,0.090739,14,7
410,20,18.00,-2.00,0,0.090467,10,3
411,20,-170.00,-110.00,0,0.090195,12,10
412,2,100.00,100.00,1,0.089925,0,0
413,0,0.00,0.00,1,0.089655,0,0
414,20,85.00,135.00,0,0.089386,10,0
415,20,-155.00,-135.00,0,0.089118,15,5
416,20,-40.00,-19.00,0,0.088851,12,0
417,20,-26.00,-46.00,0,0.088584,9,5
418,2,100.00,100.00,1,0.088318,0,0
419,20,-135.00,-125.00,0,0.088053,15,6
420,20,31.00,-39.00,0,0.087789,12,2
421,20,-180.00,-130.00,0,0.087526,14,10
422,20,-185.00,-175.00,0,0.087263,15,5
423,20,-180.00,-160.00,0,0.087001,16,5
424,20,134.00,174.00,0,0.086740,10,1
425,20,-115.00,-145.00,0,0.086480,15,7
426,20,-65.00,-55.00,0,0.086221,12,3
427,20,44.00,94.00,0,0.085962,11,2
428,2,100.00,100.00,1,0.085704,0,0
429,20,-140.00,-130.00,0,0.085447,14,6
430,20,18.00,-2.00,0,0.085191,10,3
431,20,-165.00,-105.00,0,0.084935,9,13
432,20,64.00,104.00,0,0.084680,10,0
433,20,-200.00,-200.00,0,0.084426,18,2
434,20,54.00,94.00,0,0.084173,11,2
435,20,-155.00,-145.00,0,0.083921,15,6
436,20,-45.00,45.00,0,0.083669,11,1
437,2,89.00,54.00,1,0.083418,0,0
438,2,100.00,100.00,1,0.083168,0,0
439,20,-145.00,-125.00,0,0.082918,15,6
440,20,-26.00,-46.00,0,0.082669,9,4
441,20,-170.00,-100.00,0,0.082421,10,13
442,20,-185.00,-195.00,0,0.082174,15,5
443,2,89.00,49.00,1,0.081927,0,0
444,20,144.00,164.00,0,0.081682,10,0
445,20,-130.00,-120.00,0,0.081437,14,6
446,20,-45.00,55.00,0,0.081192,10,1
447,20,-60.00,60.00,0,0.080949,12,0
448,2,100.00,100.00,1,0.080706,0,0
449,20,-120.00,-140.00,0,0.080464,14,8
450,20,49.00,39.00,0,0.080222,10,0
451,20,-170.00,-100.00,0,0.079982,10,13
452,20,95.00,125.00,0,0.079742,10,0
453,1,4.00,50.00,1,0.079503,0,0
454,20,144.00,184.00,0,0.079264,9,0
455,20,-160.00,-130.00,0,0.079026,16,5
456,20,-80.00,30.00,0,0.078789,12,3
457,20,30.00,-115.00,0,0.078553,14,1
458,2,100.00,100.00,1,0.078317,0,0
459,20,-150.00,-150.00,0,0.078082,16,5
460,20,-21.00,-51.00,0,0.077848,10,4
461,20,-165.00,-105.00,0,0.077614,9,15
462,0,0.00,0.00,1,0.077382,0,0
463,0,0.00,0.00,1,0.077149,0,0
464,20,144.00,184.00,0,0.076918,9,0
465,20,-105.00,-155.00,0,0.076687,13,7
466,20,-40.00,10.00,0,0.076457,11,0
467,20,129.00,179.00,0,0.076228,9,2
468,3,89.00,89.00,1,0.075999,1,1
469,20,-120.00,-130.00,0,0.075771,14,7
470,20,-21.00,-51.00,0,0.075544,10,3
471,20,-145.00,-105.00,0,0.075317,5,18
472,20,-145.00,-125.00,0,0.075091,15,7
473,20,145.00,-45.00,0,0.074866,3,14
474,20,85.00,135.00,0,0.074641,10,0
475,20,-145.00,-135.00,0,0.074417,15,6
476,20,-45.00,5.00,0,0.074194,11,2
477,20,-135.00,-145.00,0,0.073972,13,7
478,2,100.00,100.00,1,0.073750,0,0
479,20,-115.00,-135.00,0,0.073528,15,5
480,20,18.00,-12.00,0,0.073308,10,4
481,20,-130.00,-160.00,0,0.073088,8,12
482,20,-130.00,-170.00,0,0.072869,10,10
483,0,0.00,0.00,1,0.072650,0,0
484,20,79.00,139.00,0,0.072432,10,3
485,20,-145.00,-115.00,0,0.072215,15,5
486,20,-60.00,-10.00,0,0.071998,13,2
487,20,-205.00,-215.00,0,0.071782,19,1
488,2,100.00,100.00,1,0.071567,0,0
489,20,-140.00,-130.00,0,0.071352,14,7
490,20,30.00,10.00,0,0.071138,9,3
491,20,-130.00,-170.00,0,0.070925,10,11
492,20,-50.00,10.00,0,0.070712,12,2
493,1,50.00,50.00,1,0.070500,0,0
494,20,134.00,174.00,0,0.070288,10,1
495,20,-125.00,-145.00,0,0.070077,13,7
496,20,-50.00,0.00,0,0.069867,10,2
497,20,-165.00,-135.00,0,0.069658,9,11
498,2,100.00,100.00,1,0.069449,0,0
499,20,-145.00,-155.00,0,0.069240,15,5
500,20,-29.00,-19.00,0,0.069033,11,2
501,20,-120.00,-180.00,0,0.068825,14,6
502,20,64.00,-96.00,0,0.068619,2,16
503,20,118.00,-52.00,0,0.068413,1,17
504,20,85.00,135.00,0,0.068208,10,0
505,20,-135.00,-135.00,0,0.068003,15,5
506,20,-95.00,-3.00,0,0.067799,14,2
507,20,-130.00,-140.00,0,0.067596,14,6
508,2,100.00,100.00,1,0.067393,0,0
509,20,-130.00,-120.00,0,0.067191,14,6
510,20,10.00,30.00,0,0.066989,11,3
511,20,-130.00,-180.00,0,0.066788,12,9
512,20,2.00,-110.00,0,0.066588,13,2
513,3,43.00,89.00,1,0.066388,1,0
514,20,124.00,184.00,0,0.066189,10,1
515,20,-145.00,-145.00,0,0.065990,15,9
516,20,-55.00,5.00,0,0.065792,11,2
517,20,-130.00,-120.00,0,0.065595,14,6
518,2,100.00,100.00,1,0.065398,0,0
519,20,-145.00,-105.00,0,0.065202,15,7
520,20,23.00,-7.00,0,0.065007,9,4
521,20,-110.00,-180.00,0,0.064811,12,8
522,0,0.00,0.00,1,0.064617,0,0
523,20,-150.00,-160.00,0,0.064423,8,13
524,20,85.00,135.00,0,0.064230,10,0
525,20,-120.00,-150.00,0,0.064037,16,4
526,20,-60.00,40.00,0,0.063845,13,1
527,20,-130.00,-160.00,0,0.063654,12,9
528,2,100.00,100.00,1,0.063463,0,0
529,20,-130.00,-150.00,0,0.063272,14,7
530,20,23.00,-7.00,0,0.063082,9,4
531,20,-115.00,-175.00,0,0.062893,13,8
532,20,-30.00,20.00,0,0.062705,10,1
533,20,-61.00,-51.00,0,0.062516,11,1
534,20,124.00,174.00,0,0.062329,10,1
535,20,-165.00,-135.00,0,0.062142,15,5
536,20,-75.00,-5.00,0,0.061955,12,2
537,1,50.00,50.00,1,0.061770,0,0
538,2,100.00,100.00,1,0.061584,0,0
539,20,-140.00,-130.00,0,0.061400,16,4
540,20,23.00,-7.00,0,0.061215,9,4
541,20,-110.00,-190.00,0,0.061032,14,7
542,20,-120.00,-170.00,0,0.060849,12,8
543,20,-59.00,172.00,0,0.060666,0,18
544,20,144.00,164.00,0,0.060484,10,0
545,20,-125.00,-125.00,0,0.060303,13,8
546,20,-40.00,20.00,0,0.060122,11,0
547,20,0.00,0.00,0,0.059941,10,0
548,2,100.00,100.00,1,0.059761,0,0
549,20,-140.00,-140.00,0,0.059582,14,7
550,20,37.00,27.00,0,0.059403,11,1
551,20,-105.00,-185.00,0,0.059225,13,7
552,1,50.00,50.00,1,0.059048,0,0
553,1,50.00,50.00,1,0.058870,0,0
554,20,124.00,174.00,0,0.058694,10,1
555,20,-130.00,-140.00,0,0.058518,14,6
556,20,-85.00,-15.00,0,0.058342,14,4
557,20,-57.00,144.00,0,0.058167,3,15
558,2,100.00,100.00,1,0.057993,0,0
559,20,-140.00,-120.00,0,0.057819,14,7
560,20,-38.00,-58.00,0,0.057645,10,5
561,20,-115.00,-185.00,0,0.057472,13,8
562,3,78.00,38.00,1,0.057300,1,0
563,20,-130.00,-120.00,0,0.057128,16,4
564,20,134.00,174.00,0,0.056957,10,1
565,20,-140.00,-150.00,0,0.056786,14,6
566,20,-60.00,40.00,0,0.056615,13,1
567,0,0.00,0.00,1,0.056445,0,0
568,2,100.00,100.00,1,0.056276,0,0
569,20,-140.00,-140.00,0,0.056107,16,6
570,20,10.00,10.00,0,0.055939,11,3
571,20,-110.00,-180.00,0,0.055771,12,8
572,20,149.00,-57.00,0,0.055604,3,15
573,20,-57.00,153.00,0,0.055437,3,16
574,20,139.00,169.00,0,0.055271,9,2
575,20,-140.00,-140.00,0,0.055105,14,6
576,20,-60.00,10.00,0,0.054940,12,0
577,20,-145.00,-165.00,0,0.054775,9,11
578,2,100.00,100.00,1,0.054610,0,0
579,20,-125.00,-145.00,0,0.054447,15,5
580,20,-21.00,-51.00,0,0.054283,10,3
581,20,-100.00,-190.00,0,0.054120,14,6
582,2,89.00,54.00,1,0.053958,0,0
583,20,-65.00,-5.00,0,0.053796,12,3
584,20,129.00,179.00,0,0.053635,9,1
585,20,-130.00,-150.00,0,0.053474,16,6
586,20,-40.00,50.00,0,0.053314,11,1
587,2,100.00,100.00,1,0.053154,0,0
588,2,100.00,100.00,1,0.052994,0,0
589,20,-130.00,-130.00,0,0.052835,14,6
590,20,-21.00,-51.00,0,0.052677,10,3
591,20,-100.00,-180.00,0,0.052519,14,7
592,20,-5.00,45.00,0,0.052361,12,2
593,20,-150.00,-130.00,0,0.052204,14,7
594,20,124.00,174.00,0,0.052047,10,1
595,20,-140.00,-120.00,0,0.051891,14,7
596,20,-85.00,45.00,0,0.051736,13,1
597,20,126.00,-64.00,0,0.051580,0,19
598,2,100.00,100.00,1,0.051426,0,0
599,20,-130.00,-130.00,0,0.051271,14,6
600,20,13.00,-7.00,0,0.051117,9,5
601,20,-115.00,-155.00,0,0.050964,13,8
602,20,-60.00,50.00,0,0.050811,12,2
603,20,-130.00,-150.00,0,0.050659,14,7
604,20,85.00,135.00,0,0.050507,10,0
605,20,-130.00,-130.00,0,0.050355,16,5
606,20,-40.00,40.00,0,0.050204,11,1
607,2,49.00,39.00,1,0.050054,1,1
608,2,100.00,100.00,1,0.049903,0,0
609,20,-140.00,-130.00,0,0.049754,16,4
610,20,-9.00,-39.00,0,0.049605,11,1
611,20,-100.00,-190.00,0,0.049456,14,6
612,20,-30.00,60.00,0,0.049307,10,0
613,20,20.00,20.00,0,0.049159,9,3
614,20,85.00,135.00,0,0.049012,10,0
615,20,-135.00,-135.00,0,0.048865,13,7
616,20,-40.00,20.00,0,0.048718,11,0
617,20,-145.00,-155.00,0,0.048572,7,13
618,2,100.00,100.00,1,0.048426,0,0
619,20,-120.00,-140.00,0,0.048281,14,7
620,20,35.00,5.00,0,0.048136,10,2
621,20,-115.00,-185.00,0,0.047992,13,8
622,20,-52.00,118.00,0,0.047848,1,17
623,20,-40.00,20.00,0,0.047704,11,1
624,20,85.00,135.00,0,0.047561,10,0
625,20,-140.00,-130.00,0,0.047419,16,5
626,20,-70.00,0.00,0,0.047276,12,2
627,20,-59.00,157.00,0,0.047134,1,17
628,2,100.00,100.00,1,0.046993,0,0
629,20,-140.00,-140.00,0,0.046852,14,6
630,20,-26.00,-46.00,0,0.046712,9,4
631,20,-115.00,-185.00,0,0.046571,13,8
632,20,85.00,135.00,0,0.046432,10,0
633,20,-64.00,157.00,0,0.046292,1,17
634,20,146.00,186.00,0,0.046154,9,0
635,20,-140.00,-140.00,0,0.046015,14,7
636,20,-40.00,20.00,0,0.045877,11,0
637,1,50.00,50.00,1,0.045739,0,0
638,2,100.00,100.00,1,0.045602,0,0
639,20,-125.00,-145.00,0,0.045465,15,6
640,20,-22.00,-2.00,0,0.045329,11,1
641,20,-115.00,-175.00,0,0.045193,15,9
642,1,50.00,50.00,1,0.045057,0,0
643,20,-50.00,20.00,0,0.044922,12,0
644,20,85.00,135.00,0,0.044787,10,0
645,20,-135.00,-145.00,0,0.044653,15,5
646,20,-40.00,10.00,0,0.044519,11,0
647,4,-7.00,88.00,1,0.044386,2,0
648,2,100.00,100.00,1,0.044252,0,0
649,20,-145.00,-125.00,0,0.044120,15,5
650,20,40.00,0.00,0,0.043987,11,2
651,20,-140.00,-140.00,0,0.043855,12,9
652,20,-52.00,49.00,0,0.043724,3,15
653,3,78.00,38.00,1,0.043593,1,0
654,20,85.00,135.00,0,0.043462,10,0
655,20,-145.00,-105.00,0,0.043331,13,7
656,20,-60.00,-10.00,0,0.043201,14,2
657,20,-130.00,-130.00,0,0.043072,14,7
658,2,100.00,100.00,1,0.042943,0,0
659,20,-135.00,-125.00,0,0.042814,15,7
660,20,30.00,10.00,0,0.042685,9,3
661,20,-125.00,-155.00,0,0.042557,13,9
662,20,0.00,0.00,0,0.042430,10,0
663,20,-155.00,-155.00,0,0.042302,9,12
664,20,129.00,179.00,0,0.042175,9,1
665,20,-115.00,-155.00,0,0.042049,15,5
666,20,-50.00,60.00,0,0.041923,11,1
667,20,-30.00,60.00,0,0.041797,10,0
668,2,100.00,100.00,1,0.041672,0,0
669,20,-140.00,-130.00,0,0.041547,14,7
670,20,-31.00,-51.00,0,0.041422,10,4
671,20,-100.00,-180.00,0,0.041298,12,9
672,0,0.00,0.00,1,0.041174,0,0
673,20,79.00,139.00,0,0.041050,10,2
674,20,79.00,129.00,0,0.040927,10,3
675,20,-140.00,-120.00,0,0.040804,14,6
676,20,-60.00,20.00,0,0.040682,12,0
677,20,-145.00,-155.00,0,0.040560,7,13
678,2,100.00,100.00,1,0.040438,0,0
679,20,-130.00,-140.00,0,0.040317,14,6
680,20,-26.00,-56.00,0,0.040196,11,3
681,20,-85.00,-175.00,0,0.040075,13,8
682,2,89.00,54.00,1,0.039955,0,0
683,20,-64.00,126.00,0,0.039835,0,19
684,20,85.00,135.00,0,0.039716,10,0
685,20,-140.00,-150.00,0,0.039597,16,4
686,20,-40.00,10.00,0,0.039478,12,0
687,2,39.00,89.00,1,0.039359,1,0
688,2,100.00,100.00,1,0.039241,0,0
689,20,-145.00,-125.00,0,0.039124,15,5
690,20,18.00,-2.00,0,0.039006,8,5
691,20,-140.00,-140.00,0,0.038889,14,9
692,20,-20.00,-20.00,0,0.038773,10,0
693,20,49.00,39.00,0,0.038656,10,0
694,20,85.00,135.00,0,0.038540,10,0
695,20,-125.00,-125.00,0,0.038425,13,8
696,20,-55.00,-5.00,0,0.038309,11,2
697,20,13.00,-90.00,0,0.038194,12,3
698,2,100.00,100.00,1,0.038080,0,0
699,20,-130.00,-130.00,0,0.037966,14,6
700,20,42.00,22.00,0,0.037852,10,1
701,20,-105.00,-175.00,0,0.037738,15,6
702,20,-150.00,-120.00,0,0.037625,10,11
703,20,-47.00,164.00,0,0.037512,1,16
704,20,85.00,135.00,0,0.037400,10,0
705,20,-140.00,-130.00,0,0.037287,14,6
706,20,-40.00,20.00,0,0.037175,11,0
707,20,-28.00,-70.00,0,0.037064,11,2
708,2,100.00,100.00,1,0.036953,0,0
709,20,-135.00,-145.00,0,0.036842,15,5
710,20,30.00,10.00,0,0.036731,9,3
711,20,-110.00,-160.00,0,0.036621,12,9
712,20,8.00,-85.00,0,0.036511,12,1
713,20,-145.00,-155.00,0,0.036402,7,13
714,20,85.00,135.00,0,0.036293,10,0
715,20,-145.00,-135.00,0,0.036184,15,5
716,20,-65.00,45.00,0,0.036075,12,1
717,20,164.00,-57.00,0,0.035967,2,16
718,2,100.00,100.00,1,0.035859,0,0
719,20,-140.00,-130.00,0,0.035751,14,6
720,20,35.00,5.00,0,0.035644,10,2
721,20,-125.00,-155.00,0,0.035537,13,10
722,20,-69.00,57.00,0,0.035431,3,17
723,20,13.00,43.00,0,0.035324,12,0
724,20,144.00,184.00,0,0.035218,9,0
725,20,-130.00,-130.00,0,0.035113,14,7
726,20,-40.00,50.00,0,0.035007,11,1
727,20,-125.00,-125.00,0,0.034902,13,11
728,2,100.00,100.00,1,0.034798,0,0
729,20,-120.00,-140.00,0,0.034693,14,6
730,20,30.00,10.00,0,0.034589,9,3
731,20,-90.00,-180.00,0,0.034485,12,9
732,2,89.00,49.00,1,0.034382,0,0
733,0,0.00,0.00,1,0.034279,0,0
734,20,85.00,135.00,0,0.034176,10,0
735,20,-120.00,-140.00,0,0.034073,14,7
736,20,-50.00,50.00,0,0.033971,11,1
737,20,95.00,125.00,0,0.033869,10,0
738,2,100.00,100.00,1,0.033768,0,0
739,20,-140.00,-130.00,0,0.033666,14,6
740,20,-14.00,-34.00,0,0.033565,10,2
741,20,-125.00,-155.00,0,0.033465,13,8
742,20,-160.00,-150.00,0,0.033364,8,12
743,1,50.00,50.00,1,0.033264,0,0
744,20,93.00,133.00,0,0.033164,11,1
745,20,-140.00,-140.00,0,0.033065,14,6
746,20,-40.00,20.00,0,0.032966,11,0
747,20,-63.00,-85.00,0,0.032867,13,1
748,2,100.00,100.00,1,0.032768,0,0
749,20,-135.00,-125.00,0,0.032670,15,5
750,20,-26.00,-46.00,0,0.032572,9,4
751,20,-130.00,-130.00,0,0.032474,14,11
752,20,157.00,-74.00,0,0.032377,2,17
753,20,-130.00,-140.00,0,0.032280,14,7
754,20,85.00,135.00,0,0.032183,10,0
755,20,-140.00,-130.00,0,0.032086,16,4
756,20,-40.00,10.00,0,0.031990,12,0
757,0,0.00,0.00,1,0.031894,0,0
758,2,100.00,100.00,1,0.031798,0,0
759,20,-140.00,-130.00,0,0.031703,16,5
760,20,-24.00,-24.00,0,0.031608,10,3
761,20,-125.00,-145.00,0,0.031513,11,11
762,20,-140.00,-130.00,0,0.031418,16,6
763,20,-50.00,0.00,0,0.031324,13,1
764,20,124.00,184.00,0,0.031230,10,1
765,20,-125.00,-125.00,0,0.031137,13,7
766,20,-40.00,20.00,0,0.031043,11,0
767,2,100.00,100.00,1,0.030950,0,0
768,2,100.00,100.00,1,0.030857,0,0
769,20,-120.00,-150.00,0,0.030765,12,8
770,20,25.00,15.00,0,0.030672,10,3
771,20,-110.00,-150.00,0,0.030580,10,10
772,20,108.00,148.00,0,0.030489,9,1
773,20,28.00,-75.00,0,0.030397,12,1
774,20,85.00,135.00,0,0.030306,10,0
775,20,-140.00,-130.00,0,0.030215,14,6
776,20,-40.00,10.00,0,0.030124,11,0
777,20,85.00,135.00,0,0.030034,10,0
778,2,100.00,100.00,1,0.029944,0,0
779,20,-145.00,-135.00,0,0.029854,15,5
780,20,13.00,3.00,0,0.029764,11,5
781,20,-120.00,-180.00,0,0.029675,14,9
782,20,-69.00,111.00,0,0.029586,1,18
783,20,-130.00,-130.00,0,0.029497,14,7
784,20,129.00,179.00,0,0.029409,9,1
785,20,-130.00,-140.00,0,0.029321,14,6
786,20,-40.00,20.00,0,0.029233,11,0
787,20,52.00,-80.00,0,0.029145,11,2
788,2,100.00,100.00,1,0.029058,0,0
789,20,-140.00,-120.00,0,0.028970,16,4
790,20,25.00,15.00,0,0.028883,10,3
791,20,-120.00,-140.00,0,0.028797,14,9
792,20,85.00,135.00,0,0.028710,10,0
793,20,85.00,135.00,0,0.028624,10,0
794,20,85.00,135.00,0,0.028538,10,0
795,20,-145.00,-135.00,0,0.028453,15,5
796,20,-60.00,40.00,0,0.028367,13,1
797,20,-64.00,157.00,0,0.028282,1,17
798,2,100.00,100.00,1,0.028198,0,0
799,20,-125.00,-125.00,0,0.028113,13,7
800,20,20.00,20.00,0,0.028029,9,4
801,20,-130.00,-140.00,0,0.027944,12,10
802,20,-108.00,72.00,0,0.027861,1,18
803,20,102.00,-28.00,0,0.027777,3,13
804,20,54.00,84.00,0,0.027694,11,0
805,20,-120.00,-130.00,0,0.027611,14,6
806,20,-40.00,20.00,0,0.027528,11,0
807,20,95.00,125.00,0,0.027445,10,1
808,2,100.00,100.00,1,0.027363,0,0
809,20,-130.00,-160.00,0,0.027281,14,7
810,20,22.00,42.00,0,0.027199,10,2
811,20,-110.00,-170.00,0,0.027117,12,11
812,20,85.00,135.00,0,0.027036,10,0
813,2,89.00,54.00,1,0.026955,0,0
814,20,85.00,135.00,0,0.026874,10,0
815,20,-140.00,-140.00,0,0.026793,14,6
816,20,-50.00,50.00,0,0.026713,11,1
817,20,-150.00,-110.00,0,0.026633,14,6
818,2,100.00,100.00,1,0.026553,0,0
819,20,-120.00,-130.00,0,0.026473,16,4
820,20,-22.00,-2.00,0,0.026394,11,1
821,20,-120.00,-150.00,0,0.026315,14,9
822,20,-125.00,-135.00,0,0.026236,15,5
823,20,-155.00,-145.00,0,0.026157,7,13
824,20,124.00,174.00,0,0.026079,10,1
825,20,-130.00,-150.00,0,0.026000,14,7
826,20,-40.00,20.00,0,0.025922,11,0
827,20,-170.00,-170.00,0,0.025845,12,8
828,2,100.00,100.00,1,0.025767,0,0
829,20,-140.00,-130.00,0,0.025690,14,6
830,20,-12.00,-12.00,0,0.025613,11,1
831,20,-120.00,-150.00,0,0.025536,12,10
832,2,54.00,89.00,1,0.025459,0,0
833,20,-64.00,126.00,0,0.025383,0,19
834,20,85.00,135.00,0,0.025307,10,0
835,20,-120.00,-140.00,0,0.025231,14,6
836,20,-40.00,10.00,0,0.025155,12,0
837,0,0.00,0.00,1,0.025080,0,0
838,2,100.00,100.00,1,0.025004,0,0
839,20,-135.00,-135.00,0,0.024929,15,6
840,20,-22.00,-2.00,0,0.024855,11,1
841,20,-115.00,-155.00,0,0.024780,13,9
842,20,-145.00,-155.00,0,0.024706,7,13
843,0,0.00,0.00,1,0.024632,0,0
844,20,85.00,135.00,0,0.024558,10,0
845,20,-140.00,-130.00,0,0.024484,14,6
846,20,-40.00,20.00,0,0.024411,11,0
847,20,85.00,135.00,0,0.024337,10,0
848,2,100.00,100.00,1,0.024264,0,0
849,20,-130.00,-150.00,0,0.024192,14,6
850,20,39.00,49.00,0,0.024119,10,0
851,20,-130.00,-140.00,0,0.024047,14,10
852,20,47.00,-65.00,0,0.023974,12,2
853,20,-145.00,-155.00,0,0.023903,7,13
854,20,85.00,135.00,0,0.023831,10,0
855,20,-130.00,-110.00,0,0.023759,14,7
856,20,-60.00,20.00,0,0.023688,12,0
857,1,50.00,50.00,1,0.023617,0,0
858,2,100.00,100.00,1,0.023546,0,0
859,20,-145.00,-115.00,0,0.023476,13,7
860,20,-12.00,28.00,0,0.023405,10,4
861,20,-125.00,-145.00,0,0.023335,13,11
862,20,17.00,-75.00,0,0.023265,12,1
863,20,-22.00,-85.00,0,0.023195,13,2
864,20,85.00,135.00,0,0.023126,10,0
865,20,-140.00,-150.00,0,0.023056,14,6
866,20,-40.00,10.00,0,0.022987,11,0
867,20,-50.00,20.00,0,0.022918,12,0
868,2,100.00,100.00,1,0.022849,0,0
869,20,-120.00,-130.00,0,0.022781,14,6
870,20,5.00,35.00,0,0.022712,10,2
871,20,-130.00,-160.00,0,0.022644,12,8
872,0,0.00,0.00,1,0.022576,0,0
873,20,-125.00,-155.00,0,0.022509,15,5
874,20,85.00,135.00,0,0.022441,10,0
875,20,-140.00,-120.00,0,0.022374,16,5
876,20,-50.00,40.00,0,0.022307,12,1
877,20,-130.00,-130.00,0,0.022240,14,6
878,3,99.00,89.00,1,0.022173,1,1
879,20,-135.00,-125.00,0,0.022106,13,7
880,20,-12.00,28.00,0,0.022040,10,4
881,20,-115.00,-155.00,0,0.021974,13,9
882,20,-7.00,23.00,0,0.021908,11,2
883,20,-155.00,-145.00,0,0.021842,9,12
884,20,85.00,135.00,0,0.021777,10,0
885,20,-145.00,-145.00,0,0.021711,15,6
886,20,-40.00,20.00,0,0.021646,11,0
887,0,0.00,0.00,1,0.021581,0,0
888,2,100.00,100.00,1,0.021517,0,0
889,20,-145.00,-125.00,0,0.021452,15,5
890,20,-51.00,-21.00,0,0.021388,10,3
891,20,-120.00,-150.00,0,0.021324,14,10
892,20,95.00,125.00,0,0.021260,10,0
893,20,-59.00,172.00,0,0.021196,0,18
894,20,85.00,135.00,0,0.021132,10,0
895,20,-145.00,-115.00,0,0.021069,15,5
896,20,-50.00,60.00,0,0.021006,11,1
897,20,17.00,-75.00,0,0.020943,12,1
898,2,100.00,100.00,1,0.020880,0,0
899,20,-120.00,-130.00,0,0.020817,14,6
900,20,-17.00,33.00,0,0.020755,11,2
901,20,-105.00,-155.00,0,0.020692,11,11
902,20,172.00,-69.00,0,0.020630,1,18
903,20,172.00,-69.00,0,0.020568,1,18
904,20,124.00,184.00,0,0.020507,10,1
905,20,-110.00,-140.00,0,0.020445,12,9
906,20,-40.00,20.00,0,0.020384,11,0
907,20,-20.00,-20.00,0,0.020323,10,0
908,2,100.00,100.00,1,0.020262,0,0
909,20,-135.00,-145.00,0,0.020201,15,5
910,20,-17.00,33.00,0,0.020140,11,4
911,20,-145.00,-135.00,0,0.020080,15,11
912,0,0.00,0.00,1,0.020020,0,0
913,2,89.00,49.00,1,0.019960,0,0
914,20,85.00,135.00,0,0.019900,10,0
915,20,-135.00,-135.00,0,0.019840,15,5
916,20,-40.00,10.00,0,0.019781,11,0
917,20,-130.00,-150.00,0,0.019721,12,10
918,2,100.00,100.00,1,0.019662,0,0
919,20,-145.00,-135.00,0,0.019603,15,5
920,20,-78.00,-18.00,0,0.019544,12,3
921,20,-130.00,-150.00,0,0.019486,14,8
922,2,100.00,100.00,1,0.019427,0,0
923,2,54.00,100.00,1,0.019369,0,0
924,20,85.00,135.00,0,0.019311,10,0
925,20,-130.00,-130.00,0,0.019253,16,5
926,20,-45.00,45.00,0,0.019195,11,1
927,20,-145.00,-155.00,0,0.019138,7,13
928,2,100.00,100.00,1,0.019080,0,0
929,20,-125.00,-125.00,0,0.019023,13,7
930,20,-78.00,-28.00,0,0.018966,12,5
931,20,-135.00,-125.00,0,0.018909,13,11
932,1,50.00,50.00,1,0.018852,0,0
933,20,26.00,-55.00,0,0.018796,11,1
934,20,85.00,135.00,0,0.018739,10,0
935,20,-135.00,-125.00,0,0.018683,13,7
936,20,-50.00,50.00,0,0.018627,11,1
937,20,-155.00,-135.00,0,0.018571,11,9
938,2,100.00,100.00,1,0.018515,0,0
939,20,-140.00,-110.00,0,0.018460,16,6
940,20,-22.00,38.00,0,0.018404,12,3
941,20,-160.00,-150.00,0,0.018349,12,8
942,20,-73.00,-23.00,0,0.018294,11,5
943,20,-145.00,-145.00,0,0.018239,15,5
944,20,85.00,135.00,0,0.018185,10,0
945,20,-120.00,-130.00,0,0.018130,14,6
946,20,-45.00,55.00,0,0.018076,10,1
947,20,47.00,-65.00,0,0.018021,11,1
948,2,100.00,100.00,1,0.017967,0,0
949,20,-125.00,-145.00,0,0.017913,13,7
950,20,-56.00,-16.00,0,0.017860,11,3
951,20,-145.00,-135.00,0,0.017806,9,11
952,2,100.00,100.00,1,0.017753,0,0
953,20,-140.00,-150.00,0,0.017699,12,14
954,20,124.00,184.00,0,0.017646,10,1
955,20,-130.00,-140.00,0,0.017593,14,6
956,20,-70.00,51.00,0,0.017541,12,0
957,20,-40.00,26.00,0,0.017488,6,11
958,2,100.00,100.00,1,0.017436,0,0
959,20,-135.00,-125.00,0,0.017383,15,5
960,20,-22.00,38.00,0,0.017331,12,3
961,20,-160.00,-130.00,0,0.017279,12,8
962,20,-215.00,-205.00,0,0.017227,19,1
963,20,85.00,135.00,0,0.017176,10,0
964,20,85.00,135.00,0,0.017124,10,0
965,20,-145.00,-115.00,0,0.017073,15,5
966,20,-40.00,40.00,0,0.017021,12,1
967,20,-140.00,-140.00,0,0.016970,12,14
968,2,100.00,100.00,1,0.016920,0,0
969,20,-140.00,-140.00,0,0.016869,14,6
970,20,-78.00,-28.00,0,0.016818,12,5
971,20,-155.00,-145.00,0,0.016768,13,7
972,0,0.00,0.00,1,0.016717,0,0
973,2,39.00,89.00,1,0.016667,1,0
974,20,85.00,135.00,0,0.016617,10,0
975,20,-140.00,-140.00,0,0.016567,14,7
976,20,-40.00,10.00,0,0.016518,11,0
977,20,-155.00,-125.00,0,0.016468,13,7
978,2,100.00,100.00,1,0.016419,0,0
979,20,-120.00,-130.00,0,0.016369,14,6
980,20,-56.00,-16.00,0,0.016320,11,3
981,20,-160.00,-130.00,0,0.016271,12,8
982,20,-12.00,-12.00,0,0.016223,11,1
983,20,-125.00,-145.00,0,0.016174,15,5
984,20,85.00,135.00,0,0.016125,10,0
985,20,-125.00,-125.00,0,0.016077,13,7
986,20,-40.00,20.00,0,0.016029,11,0
987,20,-140.00,-130.00,0,0.015981,14,6
988,2,100.00,100.00,1,0.015933,0,0
989,20,-140.00,-120.00,0,0.015885,14,6
990,20,15.00,15.00,0,0.015837,12,2
991,20,-150.00,-130.00,0,0.015790,16,4
992,20,-150.00,-150.00,0,0.015742,6,14
993,20,-190.00,-100.00,0,0.015695,14,6
994,20,85.00,135.00,0,0.015648,10,0
995,20,-120.00,-140.00,0,0.015601,14,6
996,20,-40.00,20.00,0,0.015554,11,0
997,0,0.00,0.00,1,0.015508,0,0
998,2,100.00,100.00,1,0.015461,0,0
999,20,-135.00,-135.00,0,0.015415,15,5
1000,20,10.00,30.00,0,0.015369,11,2
1001,20,-160.00,-120.00,0,0.015322,14,6
1002,0,0.00,0.00,1,0.015276,0,0
1003,20,-140.00,-130.00,0,0.015231,12,16
1004,20,85.00,135.00,0,0.015185,10,0
1005,20,-140.00,-130.00,0,0.015139,14,6
1006,20,-40.00,20.00,0,0.015094,11,0
1007,20,-20.00,-20.00,0,0.015049,10,0
1008,2,100.00,100.00,1,0.015004,0,0
1009,20,-140.00,-150.00,0,0.014959,14,7
1010,20,15.00,25.00,0,0.014914,10,4
1011,20,-165.00,-125.00,0,0.014869,11,9
1012,20,-69.00,161.00,0,0.014824,1,18
1013,20,-108.00,57.00,0,0.014780,3,16
1014,20,85.00,135.00,0,0.014736,10,0
1015,20,-140.00,-130.00,0,0.014691,14,6
1016,20,-40.00,20.00,0,0.014647,11,0
1017,0,0.00,0.00,1,0.014603,0,0
1018,2,100.00,100.00,1,0.014559,0,0
1019,20,-130.00,-120.00,0,0.014516,14,6
1020,20,3.00,3.00,0,0.014472,11,4
1021,20,-155.00,-125.00,0,0.014429,15,5
1022,2,54.00,89.00,1,0.014386,0,0
1023,0,0.00,0.00,1,0.014342,0,0
1024,20,124.00,184.00,0,0.014299,10,1
1025,20,-125.00,-125.00,0,0.014256,15,5
1026,20,-40.00,10.00,0,0.014214,12,0
1027,20,-69.00,172.00,0,0.014171,1,18
1028,2,100.00,100.00,1,0.014129,0,0
1029,20,-135.00,-115.00,0,0.014086,13,7
1030,20,-9.00,1.00,0,0.014044,12,4
1031,20,-180.00,-110.00,0,0.014002,14,6
1032,20,-130.00,-140.00,0,0.013960,14,6
1033,0,0.00,0.00,1,0.013918,0,0
1034,20,85.00,135.00,0,0.013876,10,0
1035,20,-145.00,-125.00,0,0.013834,15,5
1036,20,-40.00,20.00,0,0.013793,11,0
1037,20,110.00,-40.00,0,0.013752,2,15
1038,2,100.00,100.00,1,0.013710,0,0
1039,20,-130.00,-150.00,0,0.013669,16,5
1040,20,37.00,27.00,0,0.013628,11,1
1041,20,-150.00,-140.00,0,0.013587,14,6
1042,20,-120.00,-140.00,0,0.013547,14,6
1043,2,54.00,89.00,1,0.013506,0,0
1044,20,129.00,179.00,0,0.013465,9,1
1045,20,-120.00,-140.00,0,0.013425,14,6
1046,20,-40.00,40.00,0,0.013385,11,1
1047,20,10.00,20.00,0,0.013345,11,3
1048,2,100.00,100.00,1,0.013305,0,0
1049,20,-155.00,-125.00,0,0.013265,13,8
1050,20,-41.00,9.00,0,0.013225,11,5
1051,20,-185.00,-105.00,0,0.013185,15,5
1052,2,89.00,39.00,1,0.013146,1,0
1053,20,126.00,-64.00,0,0.013106,0,19
1054,20,85.00,135.00,0,0.013067,10,0
1055,20,-140.00,-130.00,0,0.013028,14,6
1056,20,-40.00,20.00,0,0.012989,11,0
1057,20,126.00,-74.00,0,0.012950,2,19
1058,2,100.00,100.00,1,0.012911,0,0
1059,20,-120.00,-130.00,0,0.012872,16,4
1060,20,3.00,13.00,0,0.012833,11,2
1061,20,-165.00,-115.00,0,0.012795,15,5
1062,0,0.00,0.00,1,0.012757,0,0
1063,20,-130.00,-120.00,0,0.012718,14,6
1064,20,85.00,135.00,0,0.012680,10,0
1065,20,-115.00,-145.00,0,0.012642,15,5
1066,20,-40.00,20.00,0,0.012604,11,0
1067,20,-30.00,-20.00,0,0.012566,11,0
1068,2,100.00,100.00,1,0.012529,0,0
1069,20,-135.00,-145.00,0,0.012491,13,7
1070,20,-2.00,18.00,0,0.012454,10,3
1071,20,-160.00,-120.00,0,0.012416,14,6
1072,20,-54.00,172.00,0,0.012379,0,18
1073,20,-160.00,-110.00,0,0.012342,14,6
1074,20,85.00,135.00,0,0.012305,10,0
1075,20,-140.00,-130.00,0,0.012268,14,6
1076,20,-40.00,20.00,0,0.012231,11,0
1077,20,28.00,-75.00,0,0.012194,12,1
1078,2,100.00,100.00,1,0.012158,0,0
1079,20,-125.00,-145.00,0,0.012121,15,6
1080,20,20.00,20.00,0,0.012085,11,2
1081,20,-170.00,-110.00,0,0.012049,16,4
1082,1,50.00,50.00,1,0.012013,0,0
1083,0,0.00,0.00,1,0.011977,0,0
1084,20,85.00,135.00,0,0.011941,10,0
1085,20,-130.00,-130.00,0,0.011905,14,6
1086,20,-40.00,50.00,0,0.011869,11,1
1087,20,-46.00,-26.00,0,0.011833,11,2
1088,2,100.00,100.00,1,0.011798,0,0
1089,20,-145.00,-115.00,0,0.011763,15,5
1090,20,-92.00,-62.00,0,0.011727,14,4
1091,20,-170.00,-120.00,0,0.011692,16,4
1092,20,-170.00,-130.00,0,0.011657,10,10
1093,20,-125.00,-125.00,0,0.011622,13,7
1094,20,85.00,135.00,0,0.011587,10,0
1095,20,-130.00,-120.00,0,0.011552,14,6
1096,20,-40.00,10.00,0,0.011518,12,0
1097,20,5.00,55.00,0,0.011483,11,0
1098,2,100.00,100.00,1,0.011449,0,0
1099,20,-145.00,-155.00,0,0.011414,15,7
1100,20,-2.00,18.00,0,0.011380,10,3
1101,20,-165.00,-125.00,0,0.011346,15,5
1102,20,-155.00,-115.00,0,0.011312,15,5
1103,20,-64.00,157.00,0,0.011278,1,17
1104,20,85.00,135.00,0,0.011244,10,0
1105,20,-130.00,-130.00,0,0.011210,14,6
1106,20,-40.00,20.00,0,0.011177,11,0
1107,20,20.00,20.00,0,0.011143,11,1
1108,2,100.00,100.00,1,0.011110,0,0
1109,20,-120.00,-120.00,0,0.011077,14,6
1110,20,-68.00,-28.00,0,0.011043,12,2
1111,20,-180.00,-120.00,0,0.011010,14,6
1112,20,80.00,-120.00,0,0.010977,0,20
1113,20,-135.00,-135.00,0,0.010944,13,7
1114,20,85.00,135.00,0,0.010911,10,0
1115,20,-140.00,-120.00,0,0.010879,14,6
1116,20,-60.00,20.00,0,0.010846,12,0
1117,2,89.00,54.00,1,0.010814,0,0
1118,2,100.00,100.00,1,0.010781,0,0
1119,20,-145.00,-125.00,0,0.010749,15,5
1120,20,-53.00,-43.00,0,0.010716,13,2
1121,20,-150.00,-120.00,0,0.010684,16,6
1122,1,50.00,50.00,1,0.010652,0,0
1123,20,-150.00,-120.00,0,0.010620,16,4
1124,20,85.00,135.00,0,0.010588,10,0
1125,20,-130.00,-140.00,0,0.010557,14,6
1126,20,-40.00,10.00,0,0.010525,11,0
1127,20,6.00,-65.00,0,0.010493,11,1
1128,2,100.00,100.00,1,0.010462,0,0
1129,20,-125.00,-135.00,0,0.010431,15,5
1130,20,-7.00,23.00,0,0.010399,11,2
1131,20,-165.00,-125.00,0,0.010368,15,5
1132,20,-115.00,-135.00,0,0.010337,15,5
1133,20,5.00,55.00,0,0.010306,11,0
1134,20,129.00,179.00,0,0.010275,9,1
1135,20,-125.00,-125.00,0,0.010244,13,7
1136,20,-40.00,20.00,0,0.010213,11,0
1137,1,50.00,50.00,1,0.010183,0,0
1138,2,100.00,100.00,1,0.010152,0,0
1139,20,-125.00,-135.00,0,0.010122,13,8
1140,20,-9.00,1.00,0,0.010091,12,3
1141,20,-155.00,-115.00,0,0.010061,17,3
1142,20,157.00,-74.00,0,0.010031,2,17
1143,2,54.00,89.00,1,0.010001,0,0
1144,20,124.00,184.00,0,0.010000,10,1
1145,20,-135.00,-145.00,0,0.010000,15,5
1146,20,-40.00,20.00,0,0.010000,11,0
1147,20,-140.00,-120.00,0,0.010000,14,6
1148,2,100.00,100.00,1,0.010000,0,0
1149,20,-145.00,-125.00,0,0.010000,15,5
1150,20,-7.00,23.00,0,0.010000,11,2
1151,20,-165.00,-125.00,0,0.010000,15,5
1152,20,-150.00,-150.00,0,0.010000,6,14
1153,20,-155.00,-115.00,0,0.010000,17,3
1154,20,85.00,135.00,0,0.010000,10,0
1155,20,-140.00,-130.00,0,0.010000,14,6
1156,20,-60.00,20.00,0,0.010000,12,0
1157,0,0.00,0.00,1,0.010000,0,0
1158,2,100.00,100.00,1,0.010000,0,0
1159,20,-130.00,-140.00,0,0.010000,14,6
1160,20,-53.00,-53.00,0,0.010000,13,2
1161,20,-165.00,-125.00,0,0.010000,15,5
1162,20,-120.00,-130.00,0,0.010000,14,6
1163,20,-60.00,60.00,0,0.010000,12,1
1164,20,85.00,135.00,0,0.010000,10,0
1165,20,-135.00,-125.00,0,0.010000,15,5
1166,20,-40.00,20.00,0,0.010000,11,0
1167,20,-150.00,-150.00,0,0.010000,8,12
1168,2,100.00,100.00,1,0.010000,0,0
1169,20,-120.00,-140.00,0,0.010000,14,6
1170,20,-68.00,-28.00,0,0.010000,12,2
1171,20,-150.00,-120.00,0,0.010000,16,4
1172,20,157.00,-74.00,0,0.010000,2,17
1173,0,0.00,0.00,1,0.010000,0,0
1174,20,85.00,135.00,0,0.010000,10,0
1175,20,-130.00,-140.00,0,0.010000,14,6
1176,20,-40.00,20.00,0,0.010000,11,0
1177,20,-60.00,60.00,0,0.010000,12,0
1178,2,100.00,100.00,1,0.010000,0,0
1179,20,-140.00,-130.00,0,0.010000,14,7
1180,20,-16.00,-16.00,0,0.010000,12,5
1181,20,-165.00,-125.00,0,0.010000,15,5
1182,20,-30.00,10.00,0,0.010000,11,1
1183,0,0.00,0.00,1,0.010000,0,0
1184,20,85.00,135.00,0,0.010000,10,0
1185,20,-145.00,-125.00,0,0.010000,15,5
1186,20,-40.00,20.00,0,0.010000,11,0
1187,20,80.00,-120.00,0,0.010000,0,20
1188,2,100.00,100.00,1,0.010000,0,0
1189,20,-140.00,-120.00,0,0.010000,14,6
1190,20,-46.00,-26.00,0,0.010000,11,2
1191,20,-140.00,-130.00,0,0.010000,16,4
1192,4,-7.00,88.00,1,0.010000,2,0
1193,20,-20.00,-20.00,0,0.010000,10,0
1194,20,85.00,135.00,0,0.010000,10,0
1195,20,-135.00,-115.00,0,0.010000,13,8
1196,20,-40.00,20.00,0,0.010000,11,0
1197,20,-105.00,-155.00,0,0.010000,13,8
1198,2,100.00,100.00,1,0.010000,0,0
1199,20,-135.00,-135.00,0,0.010000,15,5
1200,20,-19.00,1.00,0,0.010000,14,1
1201,20,-165.00,-115.00,0,0.010000,15,5
1202,20,-50.00,20.00,0,0.010000,12,0
1203,20,-145.00,-125.00,0,0.010000,17,3
1204,20,129.00,179.00,0,0.010000,9,1
1205,20,-135.00,-125.00,0,0.010000,17,4
1206,20,-40.00,20.00,0,0.010000,11,0
1207,20,-52.00,49.00,0,0.010000,3,15
1208,2,100.00,100.00,1,0.010000,0,0
1209,20,-110.00,-140.00,0,0.010000,14,6
1210,20,3.00,13.00,0,0.010000,11,2
1211,20,-145.00,-125.00,0,0.010000,15,5
1212,0,0.00,0.00,1,0.010000,0,0
1213,20,-108.00,72.00,0,0.010000,1,18
1214,20,85.00,135.00,0,0.010000,10,0
1215,20,-135.00,-135.00,0,0.010000,13,7
1216,20,-50.00,40.00,0,0.010000,12,1
1217,20,15.00,-35.00,0,0.010000,10,1
1218,2,100.00,100.00,1,0.010000,0,0
1219,20,-140.00,-130.00,0,0.010000,14,7
1220,20,-46.00,-26.00,0,0.010000,11,2
1221,20,-145.00,-125.00,0,0.010000,17,3
1222,2,100.00,100.00,1,0.010000,0,0
1223,2,89.00,54.00,1,0.010000,0,0
1224,20,85.00,135.00,0,0.010000,10,0
1225,20,-135.00,-135.00,0,0.010000,15,6
1226,20,-45.00,55.00,0,0.010000,10,1
1227,20,-115.00,-135.00,0,0.010000,15,5
1228,2,100.00,100.00,1,0.010000,0,0
1229,20,-145.00,-125.00,0,0.010000,15,5
1230,20,-75.00,-45.00,0,0.010000,14,2
1231,20,-105.00,-155.00,0,0.010000,15,5
1232,20,-64.00,126.00,0,0.010000,0,19
1233,20,-64.00,157.00,0,0.010000,1,17
1234,20,85.00,135.00,0,0.010000,10,0
1235,20,-135.00,-125.00,0,0.010000,15,6
1236,20,-40.00,20.00,0,0.010000,11,0
1237,3,43.00,89.00,1,0.010000,1,0
1238,2,100.00,100.00,1,0.010000,0,0
1239,20,-115.00,-145.00,0,0.010000,13,8
1240,20,-41.00,-31.00,0,0.010000,10,3
1241,20,-130.00,-150.00,0,0.010000,16,6
1242,1,50.00,4.00,1,0.010000,0,0
1243,4,-7.00,88.00,1,0.010000,2,0
1244,20,85.00,135.00,0,0.010000,10,0
1245,20,-115.00,-135.00,0,0.010000,13,8
1246,20,-40.00,20.00,0,0.010000,11,0
1247,20,95.00,125.00,0,0.010000,10,0
1248,2,100.00,100.00,1,0.010000,0,0
1249,20,-140.00,-110.00,0,0.010000,14,6
1250,20,-24.00,-34.00,0,0.010000,12,1
1251,20,-115.00,-145.00,0,0.010000,15,7
1252,20,172.00,-69.00,0,0.010000,1,18
1253,1,50.00,50.00,1,0.010000,0,0
1254,20,85.00,135.00,0,0.010000,10,0
1255,20,-140.00,-140.00,0,0.010000,14,6
1256,20,-50.00,60.00,0,0.010000,11,1
1257,20,-120.00,-140.00,0,0.010000,16,5
1258,2,100.00,100.00,1,0.010000,0,0
1259,20,-140.00,-150.00,0,0.010000,16,5
1260,20,20.00,20.00,0,0.010000,11,2
1261,20,-105.00,-155.00,0,0.010000,17,5
1262,0,0.00,0.00,1,0.010000,0,0
1263,20,85.00,135.00,0,0.010000,10,0
1264,20,144.00,164.00,0,0.010000,10,0
1265,20,-135.00,-125.00,0,0.010000,13,8
1266,20,-45.00,55.00,0,0.010000,10,1
1267,2,39.00,89.00,1,0.010000,1,0
1268,2,100.00,100.00,1,0.010000,0,0
1269,20,-130.00,-120.00,0,0.010000,14,6
1270,20,20.00,20.00,0,0.010000,11,3
1271,20,-130.00,-140.00,0,0.010000,14,9
1272,20,-30.00,60.00,0,0.010000,10,0
1273,20,126.00,-64.00,0,0.010000,0,19
1274,20,85.00,135.00,0,0.010000,10,0
1275,20,-120.00,-130.00,0,0.010000,14,7
1276,20,-40.00,20.00,0,0.010000,11,0
1277,20,-64.00,126.00,0,0.010000,0,19
1278,2,100.00,100.00,1,0.010000,0,0
1279,20,-125.00,-125.00,0,0.010000,15,5
1280,20,-44.00,-4.00,0,0.010000,12,2
1281,20,-135.00,-115.00,0,0.010000,15,7
1282,20,-130.00,-140.00,0,0.010000,16,5
1283,0,0.00,0.00,1,0.010000,0,0
1284,20,85.00,135.00,0,0.010000,10,0
1285,20,-125.00,-125.00,0,0.010000,13,8
1286,20,-40.00,10.00,0,0.010000,11,0
1287,20,-36.00,-36.00,0,0.010000,11,2
1288,2,100.00,100.00,1,0.010000,0,0
1289,20,-140.00,-140.00,0,0.010000,12,8
1290,20,3.00,13.00,0,0.010000,9,6
1291,20,-130.00,-140.00,0,0.010000,12,9
1292,1,50.00,50.00,1,0.010000,0,0
1293,0,0.00,0.00,1,0.010000,0,0
1294,20,85.00,135.00,0,0.010000,10,0
1295,20,-135.00,-125.00,0,0.010000,15,5
1296,20,-40.00,20.00,0,0.010000,11,0
1297,20,-220.00,-220.00,0,0.010000,20,0
1298,2,100.00,100.00,1,0.010000,0,0
1299,20,-120.00,-130.00,0,0.010000,14,6
1300,20,-19.00,-29.00,0,0.010000,11,1
1301,20,-130.00,-150.00,0,0.010000,16,7
1302,20,-69.00,161.00,0,0.010000,1,18
1303,20,28.00,-75.00,0,0.010000,12,1
1304,20,85.00,135.00,0,0.010000,10,0
1305,20,-90.00,-160.00,0,0.010000,14,8
1306,20,-40.00,20.00,0,0.010000,11,0
1307,3,4.00,48.00,1,0.010000,1,0
1308,2,100.00,100.00,1,0.010000,0,0
1309,20,-140.00,-130.00,0,0.010000,14,7
1310,20,-26.00,-46.00,0,0.010000,11,4
1311,20,-155.00,-125.00,0,0.010000,13,11
1312,20,95.00,125.00,0,0.010000,10,0
1313,20,-50.00,60.00,0,0.010000,11,1
1314,20,85.00,135.00,0,0.010000,10,0
1315,20,-155.00,-125.00,0,0.010000,13,7
1316,20,-40.00,20.00,0,0.010000,11,0
1317,20,-69.00,172.00,0,0.010000,1,18
1318,2,100.00,100.00,1,0.010000,0,0
1319,20,-150.00,-130.00,0,0.010000,16,6
1320,20,10.00,30.00,0,0.010000,11,1
1321,20,-115.00,-155.00,0,0.010000,13,9
1322,20,-135.00,-125.00,0,0.010000,11,11
1323,20,164.00,-57.00,0,0.010000,2,16
1324,20,85.00,135.00,0,0.010000,10,0
1325,20,-125.00,-135.00,0,0.010000,15,6
1326,20,-40.00,20.00,0,0.010000,11,0
1327,20,-175.00,-115.00,0,0.010000,11,9
1328,2,100.00,100.00,1,0.010000,0,0
1329,20,-120.00,-130.00,0,0.010000,14,6
1330,20,3.00,13.00,0,0.010000,11,4
1331,20,-125.00,-135.00,0,0.010000,17,8
1332,20,-30.00,60.00,0,0.010000,10,0
1333,20,-165.00,-125.00,0,0.010000,11,9
1334,20,85.00,135.00,0,0.010000,10,0
1335,20,-115.00,-135.00,0,0.010000,15,7
1336,20,-40.00,20.00,0,0.010000,11,0
1337,2,100.00,100.00,1,0.010000,0,0
1338,2,100.00,100.00,1,0.010000,0,0
1339,20,-115.00,-145.00,0,0.010000,13,7
1340,20,-39.00,-19.00,0,0.010000,11,3
1341,20,-125.00,-145.00,0,0.010000,13,10
1342,20,-52.00,49.00,0,0.010000,3,15
1343,20,-130.00,-140.00,0,0.010000,14,8
1344,20,85.00,135.00,0,0.010000,10,0
1345,20,-120.00,-130.00,0,0.010000,14,6
1346,20,-40.00,20.00,0,0.010000,11,0
1347,20,-105.00,-155.00,0,0.010000,11,11
1348,2,100.00,100.00,1,0.010000,0,0
1349,20,-155.00,-125.00,0,0.010000,15,6
1350,20,-29.00,-19.00,0,0.010000,11,2
1351,20,-135.00,-155.00,0,0.010000,13,8
1352,20,-150.00,-150.00,0,0.010000,6,14
1353,20,-150.00,-140.00,0,0.010000,6,14
1354,20,85.00,135.00,0,0.010000,10,0
1355,20,-130.00,-130.00,0,0.010000,14,7
1356,20,-40.00,20.00,0,0.010000,11,0
1357,2,89.00,39.00,1,0.010000,1,0
1358,2,100.00,100.00,1,0.010000,0,0
1359,20,-120.00,-130.00,0,0.010000,14,6
1360,20,23.00,-7.00,0,0.010000,11,3
1361,20,-135.00,-115.00,0,0.010000,15,9
1362,20,-140.00,-140.00,0,0.010000,16,4
1363,0,0.00,0.00,1,0.010000,0,0
1364,20,85.00,135.00,0,0.010000,10,0
1365,20,-125.00,-145.00,0,0.010000,15,5
1366,20,-40.00,20.00,0,0.010000,11,0
1367,20,-130.00,-120.00,0,0.010000,12,8
1368,2,100.00,100.00,1,0.010000,0,0
1369,20,-135.00,-125.00,0,0.010000,15,6
1370,20,-41.00,-31.00,0,0.010000,12,2
1371,20,-140.00,-150.00,0,0.010000,14,10
1372,20,-120.00,-140.00,0,0.010000,14,7
1373,20,-145.00,-145.00,0,0.010000,5,15
1374,20,85.00,135.00,0,0.010000,10,0
1375,20,-125.00,-135.00,0,0.010000,13,8
1376,20,-40.00,20.00,0,0.010000,11,0
1377,20,-120.00,-140.00,0,0.010000,10,10
1378,2,100.00,100.00,1,0.010000,0,0
1379,20,-130.00,-140.00,0,0.010000,14,6
1380,20,-31.00,-41.00,0,0.010000,12,3
1381,20,-135.00,-125.00,0,0.010000,15,9
1382,20,126.00,-64.00,0,0.010000,0,19
1383,20,126.00,-64.00,0,0.010000,0,19
1384,20,85.00,135.00,0,0.010000,10,0
1385,20,-135.00,-125.00,0,0.010000,15,5
1386,20,-40.00,20.00,0,0.010000,11,0
1387,20,45.00,-65.00,0,0.010000,11,1
1388,2,100.00,100.00,1,0.010000,0,0
1389,20,-125.00,-125.00,0,0.010000,15,6
1390,20,-24.00,-24.00,0,0.010000,10,2
1391,20,-145.00,-115.00,0,0.010000,15,11
1392,20,-50.00,20.00,0,0.010000,12,0
1393,20,-155.00,-155.00,0,0.010000,9,11
1394,20,85.00,135.00,0,0.010000,10,0
1395,20,-125.00,-145.00,0,0.010000,15,6
1396,20,-40.00,20.00,0,0.010000,11,0
1397,20,-26.00,-46.00,0,0.010000,11,4
1398,2,100.00,100.00,1,0.010000,0,0
1399,20,-115.00,-155.00,0,0.010000,15,8
1400,20,15.00,25.00,0,0.010000,12,1
1401,20,-110.00,-150.00,0,0.010000,14,9
1402,20,-30.00,60.00,0,0.010000,10,0
1403,20,-180.00,-110.00,0,0.010000,12,8
1404,20,85.00,135.00,0,0.010000,10,0
1405,20,-120.00,-130.00,0,0.010000,14,7
1406,20,-40.00,50.00,0,0.010000,11,1
1407,0,0.00,0.00,1,0.010000,0,0
1408,2,100.00,100.00,1,0.010000,0,0
1409,20,-135.00,-135.00,0,0.010000,15,5
1410,20,23.00,-7.00,0,0.010000,11,3
1411,20,-160.00,-120.00,0,0.010000,14,11
1412,20,-69.00,172.00,0,0.010000,1,18
1413,0,0.00,0.00,1,0.010000,0,0
1414,20,85.00,135.00,0,0.010000,10,0
1415,20,-135.00,-125.00,0,0.010000,15,6
1416,20,-40.00,20.00,0,0.010000,11,0
1417,20,41.00,-80.00,0,0.010000,13,0
1418,2,100.00,100.00,1,0.010000,0,0
1419,20,-125.00,-135.00,0,0.010000,13,8
1420,20,-29.00,-19.00,0,0.010000,11,2
1421,20,-135.00,-135.00,0,0.010000,15,8
1422,20,-110.00,-130.00,0,0.010000,14,7
1423,20,-150.00,-140.00,0,0.010000,6,14
1424,20,134.00,174.00,0,0.010000,10,1
1425,20,-140.00,-140.00,0,0.010000,14,6
1426,20,-50.00,60.00,0,0.010000,11,1
1427,20,-140.00,-150.00,0,0.010000,6,14
1428,2,100.00,100.00,1,0.010000,0,0
1429,20,-125.00,-135.00,0,0.010000,15,5
1430,20,10.00,30.00,0,0.010000,11,2
1431,20,-105.00,-145.00,0,0.010000,13,10
1432,20,-30.00,60.00,0,0.010000,10,0
1433,1,50.00,50.00,1,0.010000,0,0
1434,20,85.00,135.00,0,0.010000,10,0
1435,20,-130.00,-120.00,0,0.010000,14,7
1436,20,-40.00,20.00,0,0.010000,11,0
1437,20,55.00,-75.00,0,0.010000,12,1
1438,2,100.00,100.00,1,0.010000,0,0
1439,20,-125.00,-125.00,0,0.010000,15,7
1440,20,-31.00,-41.00,0,0.010000,12,2
1441,20,-140.00,-130.00,0,0.010000,16,8
1442,20,13.00,3.00,0,0.010000,13,4
1443,2,89.00,39.00,1,0.010000,1,0
1444,20,85.00,135.00,0,0.010000,10,0
1445,20,-125.00,-135.00,0,0.010000,15,8
1446,20,-40.00,20.00,0,0.010000,11,0
1447,20,-135.00,-155.00,0,0.010000,13,9
1448,2,100.00,100.00,1,0.010000,0,0
1449,20,-115.00,-135.00,0,0.010000,13,7
1450,20,15.00,25.00,0,0.010000,10,2
1451,20,-130.00,-130.00,0,0.010000,14,9
1452,0,0.00,0.00,1,0.010000,0,0
1453,1,50.00,50.00,1,0.010000,0,0
1454,20,85.00,135.00,0,0.010000,10,0
1455,20,-130.00,-120.00,0,0.010000,12,9
1456,20,-40.00,20.00,0,0.010000,11,0
1457,20,-57.00,164.00,0,0.010000,2,16
1458,2,100.00,100.00,1,0.010000,0,0
1459,20,-140.00,-140.00,0,0.010000,14,7
1460,20,25.00,15.00,0,0.010000,10,3
1461,20,-105.00,-155.00,0,0.010000,13,12
1462,0,0.00,0.00,1,0.010000,0,0
1463,20,-150.00,-150.00,0,0.010000,8,12
1464,20,144.00,184.00,0,0.010000,9,0
1465,20,-130.00,-130.00,0,0.010000,16,4
1466,20,-60.00,20.00,0,0.010000,12,0
1467,20,-20.00,-20.00,0,0.010000,10,0
1468,2,100.00,100.00,1,0.010000,0,0
1469,20,-140.00,-130.00,0,0.010000,16,5
1470,20,10.00,20.00,0,0.010000,11,3
1471,20,-145.00,-105.00,0,0.010000,15,9
1472,20,-110.00,-140.00,0,0.010000,14,6
1473,0,0.00,0.00,1,0.010000,0,0
1474,20,85.00,135.00,0,0.010000,10,0
1475,20,-130.00,-120.00,0,0.010000,16,7
1476,20,-40.00,20.00,0,0.010000,11,0
1477,20,-135.00,-125.00,0,0.010000,13,12
1478,2,100.00,100.00,1,0.010000,0,0
1479,20,-125.00,-135.00,0,0.010000,13,8
1480,20,30.00,10.00,0,0.010000,11,3
1481,20,-130.00,-140.00,0,0.010000,12,9
1482,20,-59.00,172.00,0,0.010000,0,18
1483,20,-135.00,-135.00,0,0.010000,13,8
1484,20,85.00,135.00,0,0.010000,10,0
1485,20,-120.00,-130.00,0,0.010000,14,8
1486,20,-40.00,20.00,0,0.010000,11,0
1487,0,0.00,0.00,1,0.010000,0,0
1488,2,100.00,100.00,1,0.010000,0,0
1489,20,-130.00,-120.00,0,0.010000,14,7
1490,20,-48.00,-58.00,0,0.010000,12,5
1491,20,-115.00,-155.00,0,0.010000,15,8
1492,20,-30.00,60.00,0,0.010000,10,0
1493,20,-64.00,126.00,0,0.010000,0,19
1494,20,85.00,135.00,0,0.010000,10,0
1495,20,-120.00,-140.00,0,0.010000,16,6
1496,20,-40.00,20.00,0,0.010000,11,0
1497,20,-90.00,-70.00,0,0.010000,12,2
1498,2,100.00,100.00,1,0.010000,0,0
1499,20,-125.00,-135.00,0,0.010000,15,5
1500,20,-19.00,-29.00,0,0.010000,11,2
1501,20,-125.00,-145.00,0,0.010000,13,10
1502,2,54.00,100.00,1,0.010000,0,0
1503,20,-29.00,-19.00,0,0.010000,11,2
1504,20,85.00,135.00,0,0.010000,10,0
1505,20,-135.00,-115.00,0,0.010000,13,7
1506,20,-50.00,60.00,0,0.010000,11,1
1507,20,-130.00,-150.00,0,0.010000,14,8
1508,2,100.00,100.00,1,0.010000,0,0
1509,20,-130.00,-120.00,0,0.010000,14,7
1510,20,25.00,15.00,0,0.010000,12,2
1511,20,-140.00,-120.00,0,0.010000,16,10
1512,20,-150.00,-120.00,0,0.010000,16,6
1513,20,126.00,-64.00,0,0.010000,0,19
1514,20,85.00,135.00,0,0.010000,10,0
1515,20,-135.00,-135.00,0,0.010000,15,7
1516,20,-40.00,20.00,0,0.010000,11,0
1517,0,0.00,0.00,1,0.010000,0,0
1518,2,100.00,100.00,1,0.010000,0,0
1519,20,-115.00,-135.00,0,0.010000,13,7
1520,20,13.00,3.00,0,0.010000,11,4
1521,20,-105.00,-155.00,0,0.010000,11,11
1522,20,-105.00,-155.00,0,0.010000,15,7
1523,20,-145.00,-125.00,0,0.010000,15,7
1524,20,85.00,135.00,0,0.010000,10,0
1525,20,-125.00,-125.00,0,0.010000,13,7
1526,20,-40.00,20.00,0,0.010000,11,0
1527,0,0.00,0.00,1,0.010000,0,0
1528,2,100.00,100.00,1,0.010000,0,0
1529,20,-115.00,-145.00,0,0.010000,13,8
1530,20,-24.00,-34.00,0,0.010000,12,3
1531,20,-135.00,-155.00,0,0.010000,13,8
1532,20,-135.00,-125.00,0,0.010000,15,5
1533,20,-125.00,-135.00,0,0.010000,15,5
1534,20,85.00,135.00,0,0.010000,10,0
1535,20,-135.00,-135.00,0,0.010000,15,7
1536,20,-40.00,20.00,0,0.010000,11,0
1537,20,-40.00,20.00,0,0.010000,11,0
1538,2,100.00,100.00,1,0.010000,0,0
1539,20,-125.00,-135.00,0,0.010000,15,7
1540,20,3.00,13.00,0,0.010000,9,4
1541,20,-130.00,-130.00,0,0.010000,14,11
1542,20,-130.00,-140.00,0,0.010000,14,9
1543,1,4.00,50.00,1,0.010000,0,0
1544,20,85.00,135.00,0,0.010000,10,0
1545,20,-120.00,-130.00,0,0.010000,14,6
1546,20,-40.00,20.00,0,0.010000,11,0
1547,20,-64.00,126.00,0,0.010000,0,19
1548,2,100.00,100.00,1,0.010000,0,0
1549,20,-125.00,-145.00,0,0.010000,15,6
1550,20,27.00,37.00,0,0.010000,11,1
1551,20,-140.00,-120.00,0,0.010000,16,9
1552,20,11.00,-60.00,0,0.010000,12,0
1553,20,126.00,-64.00,0,0.010000,0,19
1554,20,85.00,135.00,0,0.010000,10,0
1555,20,-135.00,-115.00,0,0.010000,15,7
1556,20,-50.00,60.00,0,0.010000,11,1
1557,0,0.00,0.00,1,0.010000,0,0
1558,2,100.00,100.00,1,0.010000,0,0
1559,20,-120.00,-140.00,0,0.010000,12,8
1560,20,17.00,47.00,0,0.010000,11,2
1561,20,-125.00,-135.00,0,0.010000,13,10
1562,2,89.00,54.00,1,0.010000,0,0
1563,20,-65.00,-95.00,0,0.010000,11,3
1564,20,85.00,135.00,0,0.010000,10,0
1565,20,-130.00,-130.00,0,0.010000,14,6
1566,20,-40.00,20.00,0,0.010000,11,0
1567,20,-180.00,-120.00,0,0.010000,12,8
1568,2,100.00,100.00,1,0.010000,0,0
1569,20,-130.00,-120.00,0,0.010000,16,5
1570,20,-2.00,-22.00,0,0.010000,11,1
1571,20,-140.00,-130.00,0,0.010000,10,11
1572,20,-50.00,20.00,0,0.010000,12,0
1573,0,0.00,0.00,1,0.010000,0,0
1574,20,85.00,135.00,0,0.010000,10,0
1575,20,-130.00,-150.00,0,0.010000,14,7
1576,20,-50.00,60.00,0,0.010000,11,1
1577,20,-40.00,20.00,0,0.010000,11,0
1578,2,100.00,100.00,1,0.010000,0,0
1579,20,-125.00,-135.00,0,0.010000,13,8
1580,20,-2.00,18.00,0,0.010000,12,3
1581,20,-100.00,-170.00,0,0.010000,14,10
1582,20,-165.00,-125.00,0,0.010000,11,10
1583,20,-64.00,126.00,0,0.010000,0,19
1584,20,85.00,135.00,0,0.010000,10,0
1585,20,-135.00,-115.00,0,0.010000,15,7
1586,20,-40.00,20.00,0,0.010000,11,0
1587,0,0.00,0.00,1,0.010000,0,0
1588,2,100.00,100.00,1,0.010000,0,0
1589,20,-130.00,-130.00,0,0.010000,14,8
1590,20,10.00,30.00,0,0.010000,11,2
1591,20,-135.00,-115.00,0,0.010000,15,9
1592,1,50.00,50.00,1,0.010000,0,0
1593,20,30.00,10.00,0,0.010000,11,4
1594,20,85.00,135.00,0,0.010000,10,0
1595,20,-125.00,-135.00,0,0.010000,15,7
1596,20,-40.00,20.00,0,0.010000,11,0
1597,20,-59.00,172.00,0,0.010000,0,18
1598,2,100.00,100.00,1,0.010000,0,0
1599,20,-130.00,-120.00,0,0.010000,14,6
1600,20,40.00,0.00,0,0.010000,11,2
1601,20,-125.00,-145.00,0,0.010000,15,10
1602,1,4.00,50.00,1,0.010000,0,0
1603,20,-145.00,-145.00,0,0.010000,7,13
1604,20,85.00,135.00,0,0.010000,10,0
1605,20,-120.00,-140.00,0,0.010000,14,7
1606,20,-70.00,60.00,0,0.010000,12,1
1607,20,-69.00,161.00,0,0.010000,1,18
1608,2,100.00,100.00,1,0.010000,0,0
1609,20,-135.00,-145.00,0,0.010000,15,6
1610,20,15.00,5.00,0,0.010000,12,3
1611,20,-150.00,-130.00,0,0.010000,14,11
1612,20,77.00,-115.00,0,0.010000,14,1
1613,20,-7.00,-17.00,0,0.010000,10,1
1614,20,85.00,135.00,0,0.010000,10,0
1615,20,-135.00,-115.00,0,0.010000,13,8
1616,20,-40.00,20.00,0,0.010000,11,0
1617,1,50.00,50.00,1,0.010000,0,0
1618,2,100.00,100.00,1,0.010000,0,0
1619,20,-105.00,-145.00,0,0.010000,15,6
1620,20,-39.00,-9.00,0,0.010000,11,3
1621,20,-95.00,-175.00,0,0.010000,15,7
1622,20,135.00,-220.00,0,0.010000,20,0
1623,20,126.00,-64.00,0,0.010000,0,19
1624,20,85.00,135.00,0,0.010000,10,0
1625,20,-130.00,-120.00,0,0.010000,14,9
1626,20,-40.00,20.00,0,0.010000,11,0
1627,20,10.00,30.00,0,0.010000,11,3
1628,2,100.00,100.00,1,0.010000,0,0
1629,20,-140.00,-110.00,0,0.010000,14,6
1630,20,32.00,32.00,0,0.010000,10,1
1631,20,-160.00,-110.00,0,0.010000,14,9
1632,20,95.00,125.00,0,0.010000,10,0
1633,20,27.00,-175.00,0,0.010000,17,1
1634,20,144.00,164.00,0,0.010000,10,0
1635,20,-130.00,-130.00,0,0.010000,16,6
1636,20,-60.00,20.00,0,0.010000,12,0
1637,2,100.00,100.00,1,0.010000,0,0
1638,2,100.00,100.00,1,0.010000,0,0
1639,20,-125.00,-125.00,0,0.010000,13,8
1640,20,25.00,15.00,0,0.010000,12,2
1641,20,-120.00,-140.00,0,0.010000,12,11
1642,1,50.00,50.00,1,0.010000,0,0
1643,20,85.00,135.00,0,0.010000,10,0
1644,20,85.00,135.00,0,0.010000,10,0
1645,20,-130.00,-130.00,0,0.010000,14,6
1646,20,-40.00,20.00,0,0.010000,11,0
1647,20,-64.00,157.00,0,0.010000,1,17
1648,2,100.00,100.00,1,0.010000,0,0
1649,20,-120.00,-140.00,0,0.010000,14,6
1650,20,42.00,22.00,0,0.010000,10,2
1651,20,-120.00,-130.00,0,0.010000,14,9
1652,20,-125.00,-135.00,0,0.010000,15,7
1653,20,-12.00,-12.00,0,0.010000,11,1
1654,20,85.00,135.00,0,0.010000,10,0
1655,20,-125.00,-125.00,0,0.010000,15,7
1656,20,-40.00,20.00,0,0.010000,11,0
1657,20,-135.00,-145.00,0,0.010000,15,6
1658,2,100.00,100.00,1,0.010000,0,0
1659,20,-130.00,-140.00,0,0.010000,14,6
1660,20,27.00,37.00,0,0.010000,11,0
1661,20,-145.00,-115.00,0,0.010000,13,11
1662,4,-7.00,88.00,1,0.010000,2,0
1663,20,5.00,55.00,0,0.010000,11,0
1664,20,129.00,179.00,0,0.010000,9,1
1665,20,-135.00,-135.00,0,0.010000,15,7
1666,20,-40.00,20.00,0,0.010000,11,0
1667,20,-31.00,-41.00,0,0.010000,10,5
1668,2,100.00,100.00,1,0.010000,0,0
1669,20,-130.00,-130.00,0,0.010000,16,6
1670,20,-2.00,-22.00,0,0.010000,11,0
1671,20,-115.00,-145.00,0,0.010000,13,9
1672,20,-59.00,126.00,0,0.010000,0,19
1673,20,73.00,-180.00,0,0.010000,18,0
1674,20,85.00,135.00,0,0.010000,10,0
1675,20,-135.00,-125.00,0,0.010000,13,8
1676,20,-40.00,20.00,0,0.010000,11,0
1677,20,161.00,-69.00,0,0.010000,1,18
1678,2,100.00,100.00,1,0.010000,0,0
1679,20,-130.00,-130.00,0,0.010000,14,9
1680,20,-24.00,-24.00,0,0.010000,12,1
1681,20,-140.00,-160.00,0,0.010000,14,9
1682,20,-105.00,-145.00,0,0.010000,15,6
1683,20,-125.00,-125.00,0,0.010000,15,6
1684,20,85.00,135.00,0,0.010000,10,0
1685,20,-135.00,-125.00,0,0.010000,13,9
1686,20,-40.00,20.00,0,0.010000,11,0
1687,3,78.00,38.00,1,0.010000,1,0
1688,2,100.00,100.00,1,0.010000,0,0
1689,20,-115.00,-135.00,0,0.010000,13,7
1690,20,3.00,3.00,0,0.010000,11,5
1691,20,-100.00,-150.00,0,0.010000,14,10
1692,20,-40.00,60.00,0,0.010000,11,0
1693,20,-125.00,-125.00,0,0.010000,15,7
1694,20,85.00,135.00,0,0.010000,10,0
1695,20,-135.00,-125.00,0,0.010000,15,5
1696,20,-40.00,20.00,0,0.010000,11,0
1697,20,-64.00,126.00,0,0.010000,0,19
1698,2,100.00,100.00,1,0.010000,0,0
1699,20,-125.00,-125.00,0,0.010000,13,7
1700,20,49.00,39.00,0,0.010000,10,0
1701,20,-145.00,-115.00,0,0.010000,15,8
1702,20,-64.00,57.00,0,0.010000,2,17
1703,20,-130.00,-120.00,0,0.010000,16,8
1704,20,85.00,135.00,0,0.010000,10,0
1705,20,-135.00,-135.00,0,0.010000,15,7
1706,20,-40.00,20.00,0,0.010000,11,0
1707,20,-40.00,20.00,0,0.010000,11,0
1708,2,100.00,100.00,1,0.010000,0,0
1709,20,-145.00,-135.00,0,0.010000,15,5
1710,20,27.00,37.00,0,0.010000,11,2
1711,20,-115.00,-145.00,0,0.010000,13,11
1712,20,-50.00,20.00,0,0.010000,12,1
1713,20,-135.00,-125.00,0,0.010000,15,8
1714,20,85.00,135.00,0,0.010000,10,0
1715,20,-130.00,-120.00,0,0.010000,12,8
1716,20,-40.00,20.00,0,0.010000,11,0
1717,20,49.00,99.00,0,0.010000,10,1
1718,2,100.00,100.00,1,0.010000,0,0
1719,20,-130.00,-120.00,0,0.010000,14,6
1720,20,42.00,22.00,0,0.010000,10,2
1721,20,-125.00,-145.00,0,0.010000,15,9
1722,20,-145.00,-155.00,0,0.010000,7,13
1723,20,161.00,-69.00,0,0.010000,1,18
1724,20,85.00,135.00,0,0.010000,10,0
1725,20,-125.00,-125.00,0,0.010000,15,5
1726,20,-40.00,20.00,0,0.010000,11,0
1727,20,-130.00,-130.00,0,0.010000,14,9
1728,2,100.00,100.00,1,0.010000,0,0
1729,20,-135.00,-125.00,0,0.010000,15,7
1730,20,-34.00,-24.00,0,0.010000,12,2
1731,20,-120.00,-130.00,0,0.010000,14,9
1732,20,-57.00,103.00,0,0.010000,2,16
1733,20,15.00,15.00,0,0.010000,10,3
1734,20,85.00,135.00,0,0.010000,10,0
1735,20,-135.00,-115.00,0,0.010000,13,7
1736,20,-40.00,20.00,0,0.010000,11,0
1737,0,0.00,0.00,1,0.010000,0,0
1738,2,100.00,100.00,1,0.010000,0,0
1739,20,-130.00,-130.00,0,0.010000,14,9
1740,20,49.00,39.00,0,0.010000,10,0
1741,20,-145.00,-135.00,0,0.010000,13,8
1742,20,-155.00,-145.00,0,0.010000,7,13
1743,20,-180.00,-110.00,0,0.010000,12,8
1744,20,85.00,135.00,0,0.010000,10,0
1745,20,-105.00,-155.00,0,0.010000,15,9
1746,20,-40.00,20.00,0,0.010000,11,0
1747,20,-145.00,-135.00,0,0.010000,5,15
1748,2,100.00,100.00,1,0.010000,0,0
1749,20,-100.00,-140.00,0,0.010000,14,7
1750,20,39.00,49.00,0,0.010000,10,1
1751,20,-135.00,-135.00,0,0.010000,13,12
1752,1,4.00,50.00,1,0.010000,0,0
1753,20,95.00,125.00,0,0.010000,10,0
1754,20,85.00,135.00,0,0.010000,10,0
1755,20,-150.00,-130.00,0,0.010000,16,4
1756,20,-80.00,20.00,0,0.010000,13,0
1757,20,-175.00,-115.00,0,0.010000,13,7
1758,2,100.00,100.00,1,0.010000,0,0
1759,20,-125.00,-125.00,0,0.010000,15,7
1760,20,-31.00,-41.00,0,0.010000,12,2
1761,20,-125.00,-135.00,0,0.010000,15,9
1762,1,4.00,50.00,1,0.010000,0,0
1763,0,0.00,0.00,1,0.010000,0,0
1764,20,85.00,135.00,0,0.010000,10,0
1765,20,-115.00,-125.00,0,0.010000,13,7
1766,20,-40.00,20.00,0,0.010000,11,0
1767,20,-140.00,-120.00,0,0.010000,14,7
1768,2,100.00,100.00,1,0.010000,0,0
1769,20,-135.00,-145.00,0,0.010000,15,5
1770,20,15.00,25.00,0,0.010000,12,3
1771,20,-120.00,-130.00,0,0.010000,14,10
1772,20,-145.00,-145.00,0,0.010000,7,13
1773,20,108.00,-175.00,0,0.010000,17,1
1774,20,85.00,135.00,0,0.010000,10,0
1775,20,-120.00,-150.00,0,0.010000,16,7
1776,20,-40.00,20.00,0,0.010000,11,0
1777,2,89.00,39.00,1,0.010000,1,0
1778,2,100.00,100.00,1,0.010000,0,0
1779,20,-155.00,-105.00,0,0.010000,15,8
1780,20,49.00,39.00,0,0.010000,10,0
1781,20,-120.00,-140.00,0,0.010000,14,8
1782,0,0.00,0.00,1,0.010000,0,0
1783,20,42.00,22.00,0,0.010000,10,2
1784,20,85.00,135.00,0,0.010000,10,0
1785,20,-140.00,-120.00,0,0.010000,14,7
1786,20,-60.00,20.00,0,0.010000,12,0
1787,20,-64.00,157.00,0,0.010000,1,17
1788,2,100.00,100.00,1,0.010000,0,0
1789,20,-135.00,-125.00,0,0.010000,15,8
1790,20,-7.00,-17.00,0,0.010000,10,2
1791,20,-150.00,-120.00,0,0.010000,14,9
1792,20,-120.00,80.00,0,0.010000,0,20
1793,20,-125.00,-125.00,0,0.010000,15,7
1794,20,85.00,135.00,0,0.010000,10,0
1795,20,-125.00,-135.00,0,0.010000,13,10
1796,20,-40.00,20.00,0,0.010000,11,0
1797,20,-40.00,26.00,0,0.010000,6,11
1798,2,100.00,100.00,1,0.010000,0,0
1799,20,-130.00,-130.00,0,0.010000,14,7
1800,20,-22.00,-2.00,0,0.010000,11,1
1801,20,-125.00,-145.00,0,0.010000,13,10
1802,20,-130.00,-140.00,0,0.010000,10,11
1803,20,-185.00,-95.00,0,0.010000,13,7
1804,20,85.00,135.00,0,0.010000,10,0
1805,20,-135.00,-115.00,0,0.010000,15,6
1806,20,-40.00,20.00,0,0.010000,11,0
1807,20,-180.00,-110.00,0,0.010000,12,8
1808,2,100.00,100.00,1,0.010000,0,0
1809,20,-120.00,-130.00,0,0.010000,14,7
1810,20,49.00,39.00,0,0.010000,10,0
1811,20,-120.00,-150.00,0,0.010000,14,10
1812,20,-69.00,111.00,0,0.010000,1,18
1813,0,0.00,0.00,1,0.010000,0,0
1814,20,85.00,135.00,0,0.010000,10,0
1815,20,-115.00,-145.00,0,0.010000,15,7
1816,20,-40.00,20.00,0,0.010000,11,0
1817,1,50.00,50.00,1,0.010000,0,0
1818,2,100.00,100.00,1,0.010000,0,0
1819,20,-130.00,-120.00,0,0.010000,14,9
1820,20,0.00,0.00,0,0.010000,10,0
1821,20,-125.00,-125.00,0,0.010000,17,8
1822,1,50.00,50.00,1,0.010000,0,0
1823,20,5.00,55.00,0,0.010000,11,0
1824,20,85.00,135.00,0,0.010000,10,0
1825,20,-135.00,-115.00,0,0.010000,13,7
1826,20,-40.00,20.00,0,0.010000,11,0
1827,0,0.00,0.00,1,0.010000,0,0
1828,2,100.00,100.00,1,0.010000,0,0
1829,20,-130.00,-120.00,0,0.010000,14,6
1830,20,32.00,32.00,0,0.010000,10,2
1831,20,-110.00,-160.00,0,0.010000,12,10
1832,0,0.00,0.00,1,0.010000,0,0
1833,2,54.00,100.00,1,0.010000,0,0
1834,20,85.00,135.00,0,0.010000,10,0
1835,20,-110.00,-140.00,0,0.010000,16,6
1836,20,-40.00,20.00,0,0.010000,11,0
1837,20,95.00,125.00,0,0.010000,10,0
1838,2,100.00,100.00,1,0.010000,0,0
1839,20,-105.00,-155.00,0,0.010000,13,8
1840,20,-22.00,-2.00,0,0.010000,11,0
1841,20,-135.00,-115.00,0,0.010000,15,9
1842,20,64.00,104.00,0,0.010000,10,0
1843,20,-140.00,-130.00,0,0.010000,16,9
1844,20,85.00,135.00,0,0.010000,10,0
1845,20,-135.00,-135.00,0,0.010000,13,9
1846,20,-40.00,20.00,0,0.010000,11,0
1847,2,89.00,54.00,1,0.010000,0,0
1848,2,100.00,100.00,1,0.010000,0,0
1849,20,-135.00,-125.00,0,0.010000,15,7
1850,20,0.00,0.00,0,0.010000,10,0
1851,20,-120.00,-150.00,0,0.010000,12,10
1852,20,95.00,125.00,0,0.010000,10,0
1853,20,-30.00,-20.00,0,0.010000,11,0
1854,20,85.00,135.00,0,0.010000,10,0
1855,20,-125.00,-135.00,0,0.010000,13,7
1856,20,-40.00,20.00,0,0.010000,11,0
1857,20,32.00,-110.00,0,0.010000,14,0
1858,2,100.00,100.00,1,0.010000,0,0
1859,20,-135.00,-145.00,0,0.010000,15,5
1860,20,27.00,37.00,0,0.010000,11,1
1861,20,-135.00,-145.00,0,0.010000,13,8
1862,2,39.00,89.00,1,0.010000,1,0
1863,20,-64.00,126.00,0,0.010000,0,19
1864,20,85.00,135.00,0,0.010000,10,0
1865,20,-130.00,-120.00,0,0.010000,16,6
1866,20,-40.00,20.00,0,0.010000,11,0
1867,20,95.00,125.00,0,0.010000,10,0
1868,2,100.00,100.00,1,0.010000,0,0
1869,20,-140.00,-110.00,0,0.010000,14,7
1870,20,49.00,39.00,0,0.010000,10,1
1871,20,-125.00,-135.00,0,0.010000,13,12
1872,20,126.00,-69.00,0,0.010000,1,19
1873,20,-19.00,-29.00,0,0.010000,11,2
1874,20,85.00,135.00,0,0.010000,10,0
1875,20,-120.00,-130.00,0,0.010000,14,9
1876,20,-40.00,20.00,0,0.010000,11,0
1877,0,0.00,0.00,1,0.010000,0,0
1878,2,100.00,100.00,1,0.010000,0,0
1879,20,-130.00,-130.00,0,0.010000,14,6
1880,20,-29.00,-29.00,0,0.010000,11,3
1881,20,-110.00,-150.00,0,0.010000,12,10
1882,20,-69.00,161.00,0,0.010000,1,18
1883,20,-64.00,157.00,0,0.010000,1,17
1884,20,85.00,135.00,0,0.010000,10,0
1885,20,-140.00,-120.00,0,0.010000,14,7
1886,20,-40.00,20.00,0,0.010000,11,0
1887,20,-120.00,-130.00,0,0.010000,14,8
1888,2,100.00,100.00,1,0.010000,0,0
1889,20,-125.00,-125.00,0,0.010000,15,6
1890,20,-7.00,-17.00,0,0.010000,10,1
1891,20,-140.00,-110.00,0,0.010000,16,10
1892,20,-115.00,-165.00,0,0.010000,13,7
1893,20,-115.00,-145.00,0,0.010000,13,7
1894,20,85.00,135.00,0,0.010000,10,0
1895,20,-135.00,-125.00,0,0.010000,15,5
1896,20,-40.00,20.00,0,0.010000,11,0
1897,20,126.00,-64.00,0,0.010000,0,19
1898,2,100.00,100.00,1,0.010000,0,0
1899,20,-145.00,-125.00,0,0.010000,17,5
1900,20,0.00,0.00,0,0.010000,10,0
1901,20,-130.00,-140.00,0,0.010000,12,9
1902,20,-140.00,-150.00,0,0.010000,6,14
1903,20,-160.00,-140.00,0,0.010000,10,10
1904,20,85.00,135.00,0,0.010000,10,0
1905,20,-130.00,-130.00,0,0.010000,14,9
1906,20,-40.00,20.00,0,0.010000,11,0
1907,20,-64.00,126.00,0,0.010000,0,19
1908,2,100.00,100.00,1,0.010000,0,0
1909,20,-120.00,-130.00,0,0.010000,14,9
1910,20,0.00,0.00,0,0.010000,10,0
1911,20,-135.00,-135.00,0,0.010000,13,10
1912,1,50.00,50.00,1,0.010000,0,0
1913,20,-130.00,-120.00,0,0.010000,16,10
1914,20,85.00,135.00,0,0.010000,10,0
1915,20,-110.00,-140.00,0,0.010000,14,7
1916,20,-40.00,20.00,0,0.010000,11,0
1917,20,-135.00,-125.00,0,0.010000,13,8
1918,2,100.00,100.00,1,0.010000,0,0
1919,20,-120.00,-130.00,0,0.010000,14,7
1920,20,0.00,0.00,0,0.010000,10,0
1921,20,-110.00,-160.00,0,0.010000,12,10
1922,20,-125.00,-135.00,0,0.010000,15,7
1923,20,-69.00,161.00,0,0.010000,1,18
1924,20,85.00,135.00,0,0.010000,10,0
1925,20,-140.00,-120.00,0,0.010000,16,4
1926,20,-40.00,20.00,0,0.010000,11,0
1927,20,-145.00,-115.00,0,0.010000,15,8
1928,2,100.00,100.00,1,0.010000,0,0
1929,20,-135.00,-125.00,0,0.010000,15,8
1930,20,37.00,27.00,0,0.010000,11,0
1931,20,-115.00,-145.00,0,0.010000,11,13
1932,2,100.00,100.00,1,0.010000,0,0
1933,20,-140.00,-110.00,0,0.010000,14,10
1934,20,85.00,135.00,0,0.010000,10,0
1935,20,-115.00,-145.00,0,0.010000,15,7
1936,20,-40.00,20.00,0,0.010000,11,0
1937,20,-135.00,-115.00,0,0.010000,15,8
1938,2,100.00,100.00,1,0.010000,0,0
1939,20,-135.00,-115.00,0,0.010000,15,7
1940,20,0.00,0.00,0,0.010000,10,0
1941,20,-120.00,-150.00,0,0.010000,12,10
1942,20,10.00,-60.00,0,0.010000,12,0
1943,20,-50.00,20.00,0,0.010000,12,0
1944,20,85.00,135.00,0,0.010000,10,0
1945,20,-125.00,-125.00,0,0.010000,13,8
1946,20,-40.00,20.00,0,0.010000,11,0
1947,20,5.00,55.00,0,0.010000,11,0
1948,2,100.00,100.00,1,0.010000,0,0
1949,20,-125.00,-115.00,0,0.010000,13,8
1950,20,-17.00,-7.00,0,0.010000,10,1
1951,20,-120.00,-150.00,0,0.010000,14,8
1952,20,95.00,125.00,0,0.010000,10,0
1953,20,85.00,135.00,0,0.010000,10,0
1954,20,85.00,135.00,0,0.010000,10,0
1955,20,-125.00,-135.00,0,0.010000,15,8
1956,20,-40.00,20.00,0,0.010000,11,0
1957,3,43.00,89.00,1,0.010000,1,0
1958,2,100.00,100.00,1,0.010000,0,0
1959,20,-140.00,-130.00,0,0.010000,14,7
1960,20,0.00,0.00,0,0.010000,10,0
1961,20,-135.00,-125.00,0,0.010000,15,11
1962,20,-130.00,-130.00,0,0.010000,14,7
1963,20,-57.00,103.00,0,0.010000,2,16
1964,20,85.00,135.00,0,0.010000,10,0
1965,20,-140.00,-110.00,0,0.010000,14,8
1966,20,-40.00,20.00,0,0.010000,11,0
1967,20,86.00,-115.00,0,0.010000,14,1
1968,2,100.00,100.00,1,0.010000,0,0
1969,20,-120.00,-120.00,0,0.010000,14,7
1970,20,-12.00,-12.00,0,0.010000,11,2
1971,20,-105.00,-145.00,0,0.010000,13,9
1972,20,164.00,-57.00,0,0.010000,2,16
1973,20,85.00,135.00,0,0.010000,10,0
1974,20,85.00,135.00,0,0.010000,10,0
1975,20,-130.00,-130.00,0,0.010000,16,5
1976,20,-40.00,20.00,0,0.010000,11,0
1977,20,-180.00,-100.00,0,0.010000,12,9
1978,2,100.00,100.00,1,0.010000,0,0
1979,20,-135.00,-115.00,0,0.010000,15,9
1980,20,0.00,0.00,0,0.010000,10,0
1981,20,-110.00,-150.00,0,0.010000,12,10
1982,20,55.00,75.00,0,0.010000,11,1
1983,20,-20.00,-20.00,0,0.010000,10,0
1984,20,85.00,135.00,0,0.010000,10,0
1985,20,-130.00,-130.00,0,0.010000,14,8
1986,20,-40.00,20.00,0,0.010000,11,0
1987,1,50.00,50.00,1,0.010000,0,0
1988,2,100.00,100.00,1,0.010000,0,0
1989,20,-135.00,-135.00,0,0.010000,15,7
1990,20,49.00,39.00,0,0.010000,10,0
1991,20,-130.00,-120.00,0,0.010000,14,11
1992,20,-59.00,172.00,0,0.010000,0,18
1993,1,50.00,50.00,1,0.010000,0,0
1994,20,85.00,135.00,0,0.010000,10,0
1995,20,-130.00,-130.00,0,0.010000,14,6
1996,20,-40.00,20.00,0,0.010000,11,0
1997,2,54.00,100.00,1,0.010000,0,0
1998,2,100.00,100.00,1,0.010000,0,0
1999,20,-150.00,-120.00,0,0.010000,16,7
2000,20,49.00,39.00,0,0.010000,10,1
2001,20,-155.00,-105.00,0,0.010000,13,9
2002,20,95.00,125.00,0,0.010000,10,0
2003,2,100.00,100.00,1,0.010000,0,0
2004,20,124.00,184.00,0,0.010000,10,1
2005,20,-135.00,-115.00,0,0.010000,13,7
2006,20,-40.00,20.00,0,0.010000,11,0
2007,2,39.00,89.00,1,0.010000,1,0
2008,2,100.00,100.00,1,0.010000,0,0
2009,20,-135.00,-115.00,0,0.010000,15,7
2010,20,0.00,0.00,0,0.010000,10,0
2011,20,-155.00,-125.00,0,0.010000,11,11
2012,20,-140.00,-120.00,0,0.010000,14,10
2013,20,-46.00,-46.00,0,0.010000,13,5
2014,20,85.00,135.00,0,0.010000,10,0
2015,20,-125.00,-135.00,0,0.010000,15,9
2016,20,-40.00,20.00,0,0.010000,11,0
2017,2,89.00,39.00,1,0.010000,1,0
2018,3,99.00,89.00,1,0.010000,1,1
2019,20,-140.00,-120.00,0,0.010000,16,8
2020,20,47.00,17.00,0,0.010000,11,1
2021,20,-160.00,-90.00,0,0.010000,12,9
2022,20,51.00,-80.00,0,0.010000,13,0
2023,0,0.00,0.00,1,0.010000,0,0
2024,20,85.00,135.00,0,0.010000,10,0
2025,20,-120.00,-130.00,0,0.010000,16,5
2026,20,-40.00,20.00,0,0.010000,11,0
2027,20,-165.00,-125.00,0,0.010000,11,11
2028,2,100.00,100.00,1,0.010000,0,0
2029,20,-130.00,-120.00,0,0.010000,14,8
2030,20,0.00,0.00,0,0.010000,10,0
2031,20,-160.00,-90.00,0,0.010000,12,11
2032,0,0.00,0.00,1,0.010000,0,0
2033,20,-170.00,-140.00,0,0.010000,10,10
2034,20,85.00,135.00,0,0.010000,10,0
2035,20,-120.00,-130.00,0,0.010000,12,9
2036,20,-40.00,20.00,0,0.010000,11,0
2037,0,0.00,0.00,1,0.010000,0,0
2038,2,100.00,100.00,1,0.010000,0,0
2039,20,-125.00,-135.00,0,0.010000,15,9
2040,20,0.00,0.00,0,0.010000,10,0
2041,20,-175.00,-75.00,0,0.010000,13,9
2042,20,-64.00,126.00,0,0.010000,0,19
2043,0,0.00,0.00,1,0.010000,0,0
2044,20,85.00,135.00,0,0.010000,10,0
2045,20,-120.00,-140.00,0,0.010000,14,6
2046,20,-40.00,20.00,0,0.010000,11,0
2047,20,-30.00,-20.00,0,0.010000,11,0
2048,2,100.00,100.00,1,0.010000,0,0
2049,20,-140.00,-110.00,0,0.010000,14,8
2050,20,0.00,0.00,0,0.010000,10,0
2051,20,-170.00,-80.00,0,0.010000,12,8
2052,20,-125.00,-135.00,0,0.010000,15,9
2053,20,126.00,-64.00,0,0.010000,0,19
2054,20,85.00,135.00,0,0.010000,10,0
2055,20,-140.00,-110.00,0,0.010000,14,7
2056,20,-40.00,20.00,0,0.010000,11,0
2057,20,5.00,55.00,0,0.010000,11,0
2058,2,100.00,100.00,1,0.010000,0,0
2059,20,-130.00,-110.00,0,0.010000,14,9
2060,20,0.00,0.00,0,0.010000,10,0
2061,20,-160.00,-90.00,0,0.010000,14,7
2062,20,-40.00,20.00,0,0.010000,11,0
2063,20,-59.00,172.00,0,0.010000,0,18
2064,20,124.00,184.00,0,0.010000,10,1
2065,20,-125.00,-135.00,0,0.010000,15,6
2066,20,-40.00,20.00,0,0.010000,11,0
2067,20,-155.00,-115.00,0,0.010000,13,12
2068,2,100.00,100.00,1,0.010000,0,0
2069,20,-145.00,-115.00,0,0.010000,15,7
2070,20,39.00,49.00,0,0.010000,10,0
2071,20,-185.00,-75.00,0,0.010000,13,7
2072,2,100.00,100.00,1,0.010000,0,0
2073,2,89.00,49.00,1,0.010000,0,0
2074,20,85.00,135.00,0,0.010000,10,0
2075,20,-125.00,-125.00,0,0.010000,15,7
2076,20,-40.00,20.00,0,0.010000,11,0
2077,20,42.00,22.00,0,0.010000,10,2
2078,2,100.00,100.00,1,0.010000,0,0
2079,20,-135.00,-115.00,0,0.010000,15,9
2080,20,0.00,0.00,0,0.010000,10,0
2081,20,-190.00,-60.00,0,0.010000,14,7
2082,3,78.00,38.00,1,0.010000,1,0
2083,20,-160.00,-140.00,0,0.010000,12,11
2084,20,85.00,135.00,0,0.010000,10,0
2085,20,-120.00,-140.00,0,0.010000,14,6
2086,20,-40.00,20.00,0,0.010000,11,0
2087,20,-68.00,-68.00,0,0.010000,11,2
2088,2,100.00,100.00,1,0.010000,0,0
2089,20,-130.00,-130.00,0,0.010000,16,6
2090,20,0.00,0.00,0,0.010000,10,0
2091,20,-180.00,-70.00,0,0.010000,14,6
2092,20,-170.00,-80.00,0,0.010000,14,8
2093,20,-90.00,-70.00,0,0.010000,12,2
2094,20,129.00,179.00,0,0.010000,9,1
2095,20,-150.00,-120.00,0,0.010000,16,8
2096,20,-40.00,20.00,0,0.010000,11,0
2097,20,-170.00,-120.00,0,0.010000,10,10
2098,2,100.00,100.00,1,0.010000,0,0
2099,20,-140.00,-120.00,0,0.010000,14,8
2100,20,39.00,49.00,0,0.010000,10,1
2101,20,-180.00,-70.00,0,0.010000,14,6
2102,2,54.00,100.00,1,0.010000,0,0
2103,1,50.00,50.00,1,0.010000,0,0
2104,20,85.00,135.00,0,0.010000,10,0
2105,20,-125.00,-125.00,0,0.010000,13,9
2106,20,-40.00,20.00,0,0.010000,11,0
2107,1,50.00,50.00,1,0.010000,0,0
2108,2,100.00,100.00,1,0.010000,0,0
2109,20,-140.00,-110.00,0,0.010000,14,9
2110,20,49.00,39.00,0,0.010000,10,0
2111,20,-115.00,-145.00,0,0.010000,13,9
2112,3,78.00,38.00,1,0.010000,1,0
2113,1,50.00,50.00,1,0.010000,0,0
2114,20,85.00,135.00,0,0.010000,10,0
2115,20,-120.00,-130.00,0,0.010000,14,6
2116,20,-50.00,60.00,0,0.010000,11,1
2117,20,-69.00,57.00,0,0.010000,3,17
2118,2,100.00,100.00,1,0.010000,0,0
2119,20,-145.00,-115.00,0,0.010000,15,8
2120,20,0.00,0.00,0,0.010000,10,0
2121,20,-140.00,-130.00,0,0.010000,14,9
2122,20,0.00,-50.00,0,0.010000,12,0
2123,20,-130.00,-130.00,0,0.010000,14,10
2124,20,85.00,135.00,0,0.010000,10,0
2125,20,-135.00,-115.00,0,0.010000,15,7
2126,20,-40.00,20.00,0,0.010000,11,0
2127,20,-40.00,60.00,0,0.010000,11,0
2128,2,100.00,100.00,1,0.010000,0,0
2129,20,-135.00,-135.00,0,0.010000,15,7
2130,20,0.00,0.00,0,0.010000,10,0
2131,20,-135.00,-115.00,0,0.010000,15,9
2132,20,-155.00,-125.00,0,0.010000,11,11
2133,20,-30.00,60.00,0,0.010000,10,0
2134,20,85.00,135.00,0,0.010000,10,0
2135,20,-120.00,-130.00,0,0.010000,12,9
2136,20,-40.00,20.00,0,0.010000,11,0
2137,20,-135.00,-125.00,0,0.010000,15,5
2138,2,100.00,100.00,1,0.010000,0,0
2139,20,-130.00,-120.00,0,0.010000,14,8
2140,20,0.00,0.00,0,0.010000,10,0
2141,20,-145.00,-115.00,0,0.010000,13,9
2142,20,-145.00,-105.00,0,0.010000,15,11
2143,0,0.00,0.00,1,0.010000,0,0
2144,20,85.00,135.00,0,0.010000,10,0
2145,20,-120.00,-130.00,0,0.010000,16,5
2146,20,-40.00,20.00,0,0.010000,11,0
2147,20,-140.00,-110.00,0,0.010000,14,8
2148,2,100.00,100.00,1,0.010000,0,0
2149,20,-135.00,-115.00,0,0.010000,17,5
2150,20,0.00,0.00,0,0.010000,10,0
2151,20,-130.00,-130.00,0,0.010000,14,7
2152,0,0.00,0.00,1,0.010000,0,0
2153,1,50.00,50.00,1,0.010000,0,0
2154,20,85.00,135.00,0,0.010000,10,0
2155,20,-110.00,-150.00,0,0.010000,14,6
2156,20,-40.00,20.00,0,0.010000,11,0
2157,20,-170.00,-120.00,0,0.010000,14,10
2158,2,100.00,100.00,1,0.010000,0,0
2159,20,-140.00,-110.00,0,0.010000,14,10
2160,20,0.00,0.00,0,0.010000,10,0
2161,20,-135.00,-115.00,0,0.010000,15,8
2162,20,-135.00,-135.00,0,0.010000,9,11
2163,20,-64.00,126.00,0,0.010000,0,19
2164,20,85.00,135.00,0,0.010000,10,0
2165,20,-140.00,-130.00,0,0.010000,14,9
2166,20,-40.00,20.00,0,0.010000,11,0
2167,20,172.00,-69.00,0,0.010000,1,18
2168,2,100.00,100.00,1,0.010000,0,0
2169,20,-135.00,-115.00,0,0.010000,13,8
2170,20,0.00,0.00,0,0.010000,10,0
2171,20,-125.00,-125.00,0,0.010000,15,11
2172,20,-115.00,-125.00,0,0.010000,11,9
2173,20,-64.00,126.00,0,0.010000,0,19
2174,20,85.00,135.00,0,0.010000,10,0
2175,20,-125.00,-125.00,0,0.010000,15,6
2176,20,-40.00,20.00,0,0.010000,11,0
2177,20,85.00,135.00,0,0.010000,10,0
2178,2,100.00,100.00,1,0.010000,0,0
2179,20,-135.00,-125.00,0,0.010000,15,9
2180,20,49.00,39.00,0,0.010000,10,1
2181,20,-155.00,-115.00,0,0.010000,15,7
2182,1,50.00,50.00,1,0.010000,0,0
2183,1,50.00,50.00,1,0.010000,0,0
2184,20,85.00,135.00,0,0.010000,10,0
2185,20,-135.00,-135.00,0,0.010000,15,6
2186,20,-80.00,51.00,0,0.010000,13,0
2187,0,0.00,0.00,1,0.010000,0,0
2188,2,100.00,100.00,1,0.010000,0,0
2189,20,-125.00,-125.00,0,0.010000,15,7
2190,20,0.00,0.00,0,0.010000,10,0
2191,20,-135.00,-125.00,0,0.010000,13,9
2192,20,-150.00,-110.00,0,0.010000,16,8
2193,20,32.00,32.00,0,0.010000,10,3
2194,20,85.00,135.00,0,0.010000,10,0
2195,20,-120.00,-130.00,0,0.010000,12,8
2196,20,-40.00,20.00,0,0.010000,11,0
2197,20,-40.00,60.00,0,0.010000,11,0
2198,2,100.00,100.00,1,0.010000,0,0
2199,20,-145.00,-105.00,0,0.010000,15,8
2200,20,39.00,39.00,0,0.010000,10,1
2201,20,-110.00,-140.00,0,0.010000,14,11
2202,20,-125.00,-115.00,0,0.010000,13,7
2203,20,5.00,55.00,0,0.010000,11,0
2204,20,124.00,174.00,0,0.010000,10,1
2205,20,-125.00,-125.00,0,0.010000,15,7
2206,20,-40.00,20.00,0,0.010000,11,0
2207,20,-140.00,-120.00,0,0.010000,16,9
2208,2,100.00,100.00,1,0.010000,0,0
2209,20,-110.00,-140.00,0,0.010000,14,10
2210,20,0.00,0.00,0,0.010000,10,0
2211,20,-125.00,-125.00,0,0.010000,13,9
2212,20,-140.00,-160.00,0,0.010000,10,10
2213,20,-130.00,-120.00,0,0.010000,16,9
2214,20,85.00,135.00,0,0.010000,10,0
2215,20,-135.00,-125.00,0,0.010000,13,9
2216,20,-40.00,20.00,0,0.010000,11,0
2217,20,-115.00,-135.00,0,0.010000,15,7
2218,2,100.00,100.00,1,0.010000,0,0
2219,20,-135.00,-115.00,0,0.010000,15,7
2220,20,0.00,0.00,0,0.010000,10,0
2221,20,-155.00,-125.00,0,0.010000,15,6
2222,1,50.00,50.00,1,0.010000,0,0
2223,20,-175.00,-125.00,0,0.010000,11,9
2224,20,85.00,135.00,0,0.010000,10,0
2225,20,-140.00,-130.00,0,0.010000,14,6
2226,20,-40.00,20.00,0,0.010000,11,0
2227,20,-175.00,-115.00,0,0.010000,11,9
2228,2,100.00,100.00,1,0.010000,0,0
2229,20,-145.00,-115.00,0,0.010000,15,7
2230,20,49.00,39.00,0,0.010000,10,1
2231,20,-125.00,-125.00,0,0.010000,13,8
2232,20,-135.00,-115.00,0,0.010000,15,8
2233,3,43.00,89.00,1,0.010000,1,0
2234,20,85.00,135.00,0,0.010000,10,0
2235,20,-120.00,-130.00,0,0.010000,14,7
2236,20,-50.00,50.00,0,0.010000,11,1
2237,20,172.00,-69.00,0,0.010000,1,18
2238,2,100.00,100.00,1,0.010000,0,0
2239,20,-140.00,-120.00,0,0.010000,14,9
2240,20,0.00,0.00,0,0.010000,10,0
2241,20,-145.00,-115.00,0,0.010000,13,10
2242,2,89.00,54.00,1,0.010000,0,0
2243,20,-125.00,-135.00,0,0.010000,17,7
2244,20,85.00,135.00,0,0.010000,10,0
2245,20,-130.00,-120.00,0,0.010000,14,6
2246,20,-40.00,20.00,0,0.010000,11,0
2247,20,-110.00,-180.00,0,0.010000,12,9
2248,2,100.00,100.00,1,0.010000,0,0
2249,20,-110.00,-140.00,0,0.010000,14,7
2250,20,49.00,39.00,0,0.010000,10,1
2251,20,-125.00,-145.00,0,0.010000,13,8
2252,20,-130.00,-170.00,0,0.010000,10,10
2253,1,50.00,50.00,1,0.010000,0,0
2254,20,85.00,135.00,0,0.010000,10,0
2255,20,-130.00,-130.00,0,0.010000,14,8
2256,20,-40.00,20.00,0,0.010000,11,0
2257,20,-110.00,-180.00,0,0.010000,14,6
2258,2,100.00,100.00,1,0.010000,0,0
2259,20,-140.00,-120.00,0,0.010000,16,9
2260,20,0.00,0.00,0,0.010000,10,0
2261,20,-125.00,-115.00,0,0.010000,11,9
2262,0,0.00,0.00,1,0.010000,0,0
2263,20,-115.00,-175.00,0,0.010000,11,9
2264,20,85.00,135.00,0,0.010000,10,0
2265,20,-140.00,-120.00,0,0.010000,14,7
2266,20,-40.00,20.00,0,0.010000,11,0
2267,20,-175.00,-115.00,0,0.010000,11,9
2268,2,100.00,100.00,1,0.010000,0,0
2269,20,-145.00,-105.00,0,0.010000,15,8
2270,20,0.00,0.00,0,0.010000,10,0
2271,20,-140.00,-110.00,0,0.010000,16,9
2272,20,5.00,55.00,0,0.010000,11,0
2273,20,85.00,135.00,0,0.010000,10,0
2274,20,85.00,135.00,0,0.010000,10,0
2275,20,-115.00,-135.00,0,0.010000,13,7
2276,20,-50.00,60.00,0,0.010000,11,1
2277,20,49.00,39.00,0,0.010000,10,1
2278,2,100.00,100.00,1,0.010000,0,0
2279,20,-145.00,-115.00,0,0.010000,15,7
2280,20,0.00,0.00,0,0.010000,10,0
2281,20,-155.00,-125.00,0,0.010000,11,11
2282,1,50.00,50.00,1,0.010000,0,0
2283,20,-105.00,-175.00,0,0.010000,13,7
2284,20,124.00,184.00,0,0.010000,10,1
2285,20,-120.00,-130.00,0,0.010000,14,9
2286,20,-40.00,20.00,0,0.010000,11,0
2287,20,81.00,-100.00,0,0.010000,12,2
2288,2,100.00,100.00,1,0.010000,0,0
2289,20,-130.00,-120.00,0,0.010000,14,9
2290,20,0.00,0.00,0,0.010000,10,0
2291,20,-130.00,-120.00,0,0.010000,16,7
2292,20,-130.00,-120.00,0,0.010000,14,9
2293,20,157.00,-74.00,0,0.010000,2,17
2294,20,85.00,135.00,0,0.010000,10,0
2295,20,-130.00,-120.00,0,0.010000,16,5
2296,20,-40.00,20.00,0,0.010000,11,0
2297,20,95.00,125.00,0,0.010000,10,0
2298,2,100.00,100.00,1,0.010000,0,0
2299,20,-135.00,-105.00,0,0.010000,15,8
2300,20,0.00,0.00,0,0.010000,10,0
2301,20,-120.00,-130.00,0,0.010000,12,10
2302,20,95.00,125.00,0,0.010000,10,0
2303,0,0.00,0.00,1,0.010000,0,0
2304,20,85.00,135.00,0,0.010000,10,0
2305,20,-120.00,-120.00,0,0.010000,14,7
2306,20,-40.00,20.00,0,0.010000,11,0
2307,0,0.00,0.00,1,0.010000,0,0
2308,2,100.00,100.00,1,0.010000,0,0
2309,20,-135.00,-135.00,0,0.010000,15,7
2310,20,39.00,39.00,0,0.010000,10,1
2311,20,-150.00,-120.00,0,0.010000,12,9
2312,20,-125.00,-135.00,0,0.010000,13,7
2313,20,-145.00,-105.00,0,0.010000,15,9
2314,20,85.00,135.00,0,0.010000,10,0
2315,20,-115.00,-135.00,0,0.010000,13,9
2316,20,-45.00,55.00,0,0.010000,10,1
2317,0,0.00,0.00,1,0.010000,0,0
2318,2,100.00,100.00,1,0.010000,0,0
2319,20,-130.00,-130.00,0,0.010000,14,8
2320,20,0.00,0.00,0,0.010000,10,0
2321,20,-140.00,-120.00,0,0.010000,16,9
2322,20,-69.00,172.00,0,0.010000,1,18
2323,20,-145.00,-155.00,0,0.010000,7,13
2324,20,85.00,135.00,0,0.010000,10,0
2325,20,-145.00,-105.00,0,0.010000,15,9
2326,20,-60.00,20.00,0,0.010000,12,0
2327,20,44.00,44.00,0,0.010000,9,1
2328,2,100.00,100.00,1,0.010000,0,0
2329,20,-130.00,-110.00,0,0.010000,14,9
2330,20,0.00,0.00,0,0.010000,10,0
2331,20,-125.00,-135.00,0,0.010000,13,9
2332,20,-30.00,-9.00,0,0.010000,11,0
2333,20,-50.00,60.00,0,0.010000,11,0
2334,20,85.00,135.00,0,0.010000,10,0
2335,20,-125.00,-135.00,0,0.010000,15,5
2336,20,-40.00,20.00,0,0.010000,11,0
2337,2,54.00,89.00,1,0.010000,0,0
2338,2,100.00,100.00,1,0.010000,0,0
2339,20,-160.00,-110.00,0,0.010000,16,7
2340,20,0.00,0.00,0,0.010000,10,0
2341,20,-135.00,-115.00,0,0.010000,15,8
2342,4,-7.00,88.00,1,0.010000,2,0
2343,20,-135.00,-125.00,0,0.010000,15,8
2344,20,85.00,135.00,0,0.010000,10,0
2345,20,-115.00,-145.00,0,0.010000,15,5
2346,20,-40.00,20.00,0,0.010000,11,0
2347,20,-20.00,-20.00,0,0.010000,10,0
2348,2,100.00,100.00,1,0.010000,0,0
2349,20,-130.00,-120.00,0,0.010000,14,9
2350,20,39.00,49.00,0,0.010000,10,1
2351,20,-145.00,-105.00,0,0.010000,13,9
2352,20,-100.00,-190.00,0,0.010000,14,6
2353,1,50.00,50.00,1,0.010000,0,0
2354,20,124.00,174.00,0,0.010000,10,1
2355,20,-125.00,-125.00,0,0.010000,13,9
2356,20,-40.00,20.00,0,0.010000,11,0
2357,0,0.00,0.00,1,0.010000,0,0
2358,2,100.00,100.00,1,0.010000,0,0
2359,20,-130.00,-130.00,0,0.010000,16,7
2360,20,0.00,0.00,0,0.010000,10,0
2361,20,-105.00,-145.00,0,0.010000,13,9
2362,20,-125.00,-115.00,0,0.010000,15,10
2363,20,-130.00,-120.00,0,0.010000,14,8
2364,20,85.00,135.00,0,0.010000,10,0
2365,20,-130.00,-120.00,0,0.010000,16,6
2366,20,-40.00,20.00,0,0.010000,11,0
2367,20,-145.00,-125.00,0,0.010000,15,8
2368,2,100.00,100.00,1,0.010000,0,0
2369,20,-130.00,-120.00,0,0.010000,14,7
2370,20,0.00,0.00,0,0.010000,10,0
2371,20,-155.00,-105.00,0,0.010000,15,10
2372,1,50.00,50.00,1,0.010000,0,0
2373,20,95.00,125.00,0,0.010000,10,0
2374,20,85.00,135.00,0,0.010000,10,0
2375,20,-125.00,-125.00,0,0.010000,13,9
2376,20,-40.00,20.00,0,0.010000,11,0
2377,20,-125.00,-115.00,0,0.010000,13,7
2378,2,100.00,100.00,1,0.010000,0,0
2379,20,-145.00,-95.00,0,0.010000,15,9
2380,20,0.00,0.00,0,0.010000,10,0
2381,20,-120.00,-130.00,0,0.010000,12,10
2382,20,-115.00,-135.00,0,0.010000,13,9
2383,20,126.00,-69.00,0,0.010000,1,19
2384,20,85.00,135.00,0,0.010000,10,0
2385,20,-125.00,-135.00,0,0.010000,15,5
2386,20,-40.00,20.00,0,0.010000,11,0
2387,0,0.00,0.00,1,0.010000,0,0
2388,2,100.00,100.00,1,0.010000,0,0
2389,20,-120.00,-130.00,0,0.010000,16,7
2390,20,0.00,0.00,0,0.010000,10,0
2391,20,-145.00,-105.00,0,0.010000,15,7
2392,20,-135.00,-125.00,0,0.010000,15,8
2393,1,50.00,50.00,1,0.010000,0,0
2394,20,85.00,135.00,0,0.010000,10,0
2395,20,-125.00,-125.00,0,0.010000,15,7
2396,20,-40.00,20.00,0,0.010000,11,0
2397,20,-110.00,-140.00,0,0.010000,14,11
2398,2,100.00,100.00,1,0.010000,0,0
2399,20,-150.00,-110.00,0,0.010000,14,9
2400,20,39.00,49.00,0,0.010000,10,1
2401,20,-130.00,-140.00,0,0.010000,10,12
2402,1,50.00,50.00,1,0.010000,0,0
2403,20,85.00,135.00,0,0.010000,10,0
2404,20,85.00,135.00,0,0.010000,10,0
2405,20,-150.00,-120.00,0,0.010000,14,7
2406,20,-40.00,20.00,0,0.010000,11,0
2407,20,157.00,-74.00,0,0.010000,2,17
2408,2,100.00,100.00,1,0.010000,0,0
2409,20,-135.00,-105.00,0,0.010000,15,8
2410,20,-24.00,-24.00,0,0.010000,12,1
2411,20,-130.00,-120.00,0,0.010000,12,9
2412,20,-64.00,126.00,0,0.010000,0,19
2413,20,126.00,-64.00,0,0.010000,0,19
2414,20,85.00,135.00,0,0.010000,10,0
2415,20,-125.00,-115.00,0,0.010000,15,6
2416,20,-40.00,20.00,0,0.010000,11,0
2417,20,85.00,135.00,0,0.010000,10,0
2418,2,100.00,100.00,1,0.010000,0,0
2419,20,-135.00,-115.00,0,0.010000,15,8
2420,20,0.00,0.00,0,0.010000,10,0
2421,20,-115.00,-135.00,0,0.010000,13,9
2422,0,0.00,0.00,1,0.010000,0,0
2423,0,0.00,0.00,1,0.010000,0,0
2424,20,85.00,135.00,0,0.010000,10,0
2425,20,-125.00,-125.00,0,0.010000,13,9
2426,20,-45.00,55.00,0,0.010000,10,1
2427,0,0.00,0.00,1,0.010000,0,0
2428,2,100.00,100.00,1,0.010000,0,0
2429,20,-130.00,-130.00,0,0.010000,14,9
2430,20,0.00,0.00,0,0.010000,10,0
2431,20,-155.00,-125.00,0,0.010000,15,8
2432,0,0.00,0.00,1,0.010000,0,0
2433,20,-155.00,-125.00,0,0.010000,11,10
2434,20,85.00,135.00,0,0.010000,10,0
2435,20,-120.00,-120.00,0,0.010000,14,6
2436,20,-40.00,20.00,0,0.010000,11,0
2437,20,-170.00,-100.00,0,0.010000,12,8
2438,2,100.00,100.00,1,0.010000,0,0
2439,20,-140.00,-120.00,0,0.010000,16,5
2440,20,0.00,0.00,0,0.010000,10,0
2441,20,-120.00,-140.00,0,0.010000,14,7
2442,1,50.00,50.00,1,0.010000,0,0
2443,2,54.00,100.00,1,0.010000,0,0
2444,20,85.00,135.00,0,0.010000,10,0
2445,20,-140.00,-150.00,0,0.010000,16,4
2446,20,-40.00,50.00,0,0.010000,11,1
2447,20,-30.00,-20.00,0,0.010000,11,0
2448,2,100.00,100.00,1,0.010000,0,0
2449,20,-115.00,-135.00,0,0.010000,15,9
2450,20,0.00,0.00,0,0.010000,10,0
2451,20,-115.00,-135.00,0,0.010000,13,10
2452,20,20.00,-40.00,0,0.010000,11,0
2453,20,172.00,-69.00,0,0.010000,1,18
2454,20,85.00,135.00,0,0.010000,10,0
2455,20,-120.00,-120.00,0,0.010000,14,6
2456,20,-60.00,20.00,0,0.010000,12,0
2457,1,50.00,50.00,1,0.010000,0,0
2458,2,100.00,100.00,1,0.010000,0,0
2459,20,-130.00,-110.00,0,0.010000,14,9
2460,20,0.00,0.00,0,0.010000,10,0
2461,20,-160.00,-100.00,0,0.010000,16,9
2462,20,11.00,-90.00,0,0.010000,13,0
2463,20,95.00,125.00,0,0.010000,10,0
2464,20,144.00,164.00,0,0.010000,10,0
2465,20,-135.00,-115.00,0,0.010000,13,9
2466,20,-40.00,20.00,0,0.010000,11,0
2467,20,-140.00,-120.00,0,0.010000,12,10
2468,2,100.00,100.00,1,0.010000,0,0
2469,20,-140.00,-110.00,0,0.010000,14,7
2470,20,0.00,0.00,0,0.010000,10,0
2471,20,-105.00,-145.00,0,0.010000,13,7
2472,20,-105.00,-145.00,0,0.010000,13,7
2473,20,-68.00,-68.00,0,0.010000,11,2
2474,20,85.00,135.00,0,0.010000,10,0
2475,20,-130.00,-120.00,0,0.010000,16,6
2476,20,-40.00,20.00,0,0.010000,11,0
2477,20,-135.00,-115.00,0,0.010000,15,12
2478,2,100.00,100.00,1,0.010000,0,0
2479,20,-150.00,-120.00,0,0.010000,16,7
2480,20,0.00,0.00,0,0.010000,10,0
2481,20,-135.00,-115.00,0,0.010000,13,8
2482,20,-120.00,-130.00,0,0.010000,14,9
2483,20,-52.00,49.00,0,0.010000,3,15
2484,20,85.00,135.00,0,0.010000,10,0
2485,20,-125.00,-135.00,0,0.010000,15,9
2486,20,-40.00,20.00,0,0.010000,11,0
2487,20,27.00,27.00,0,0.010000,11,3
2488,2,100.00,100.00,1,0.010000,0,0
2489,20,-125.00,-135.00,0,0.010000,15,8
2490,20,0.00,0.00,0,0.010000,10,0
2491,20,-145.00,-115.00,0,0.010000,13,9
2492,20,-24.00,-24.00,0,0.010000,10,2
2493,0,0.00,0.00,1,0.010000,0,0
2494,20,85.00,135.00,0,0.010000,10,0
2495,20,-120.00,-120.00,0,0.010000,14,7
2496,20,-40.00,20.00,0,0.010000,11,0
2497,20,-155.00,-135.00,0,0.010000,9,11
2498,2,100.00,100.00,1,0.010000,0,0
2499,20,-140.00,-100.00,0,0.010000,14,9
2500,20,0.00,0.00,0,0.010000,10,0
2501,20,-140.00,-110.00,0,0.010000,14,9
2502,20,-64.00,161.00,0,0.010000,1,18
2503,0,0.00,0.00,1,0.010000,0,0
2504,20,85.00,135.00,0,0.010000,10,0
2505,20,-135.00,-135.00,0,0.010000,15,7
2506,20,-40.00,20.00,0,0.010000,11,0
2507,20,-20.00,-20.00,0,0.010000,10,0
2508,2,100.00,100.00,1,0.010000,0,0
2509,20,-135.00,-115.00,0,0.010000,15,8
2510,20,0.00,0.00,0,0.010000,10,0
2511,20,-135.00,-125.00,0,0.010000,11,10
2512,20,-64.00,57.00,0,0.010000,2,17
2513,20,126.00,-64.00,0,0.010000,0,19
2514,20,85.00,135.00,0,0.010000,10,0
2515,20,-125.00,-115.00,0,0.010000,13,7
2516,20,-40.00,20.00,0,0.010000,11,0
2517,20,-120.00,-120.00,0,0.010000,14,8
2518,2,100.00,100.00,1,0.010000,0,0
2519,20,-125.00,-135.00,0,0.010000,15,8
2520,20,0.00,0.00,0,0.010000,10,0
2521,20,-125.00,-125.00,0,0.010000,17,8
2522,2,100.00,100.00,1,0.010000,0,0
2523,20,-115.00,-175.00,0,0.010000,11,9
2524,20,85.00,135.00,0,0.010000,10,0
2525,20,-125.00,-125.00,0,0.010000,15,9
2526,20,-40.00,20.00,0,0.010000,11,0
2527,20,-190.00,-90.00,0,0.010000,14,6
2528,2,100.00,100.00,1,0.010000,0,0
2529,20,-130.00,-120.00,0,0.010000,14,9
2530,20,0.00,0.00,0,0.010000,10,0
2531,20,-115.00,-145.00,0,0.010000,13,8
2532,20,172.00,-69.00,0,0.010000,1,18
2533,20,-50.00,20.00,0,0.010000,12,0
2534,20,144.00,184.00,0,0.010000,9,0
2535,20,-140.00,-130.00,0,0.010000,14,6
2536,20,-40.00,20.00,0,0.010000,11,0
2537,0,0.00,0.00,1,0.010000,0,0
2538,2,100.00,100.00,1,0.010000,0,0
2539,20,-135.00,-115.00,0,0.010000,15,6
2540,20,39.00,49.00,0,0.010000,10,1
2541,20,-145.00,-105.00,0,0.010000,13,9
2542,0,0.00,0.00,1,0.010000,0,0
2543,20,-180.00,-100.00,0,0.010000,12,8
2544,20,85.00,135.00,0,0.010000,10,0
2545,20,-115.00,-125.00,0,0.010000,13,7
2546,20,-80.00,51.00,0,0.010000,13,0
2547,20,-125.00,-115.00,0,0.010000,11,9
2548,2,100.00,100.00,1,0.010000,0,0
2549,20,-135.00,-105.00,0,0.010000,15,9
2550,20,0.00,0.00,0,0.010000,10,0
2551,20,-160.00,-100.00,0,0.010000,12,10
2552,20,15.00,-45.00,0,0.010000,11,1
2553,1,50.00,50.00,1,0.010000,0,0
2554,20,85.00,135.00,0,0.010000,10,0
2555,20,-135.00,-115.00,0,0.010000,15,7
2556,20,-60.00,20.00,0,0.010000,12,0
2557,20,-170.00,-100.00,0,0.010000,12,8
2558,2,100.00,100.00,1,0.010000,0,0
2559,20,-145.00,-115.00,0,0.010000,13,9
2560,20,0.00,0.00,0,0.010000,10,0
2561,20,-120.00,-140.00,0,0.010000,16,10
2562,20,-120.00,-170.00,0,0.010000,12,8
2563,20,95.00,125.00,0,0.010000,10,0
2564,20,64.00,84.00,0,0.010000,11,0
2565,20,-130.00,-130.00,0,0.010000,12,8
2566,20,-40.00,20.00,0,0.010000,11,0
2567,20,-105.00,-175.00,0,0.010000,13,8
2568,2,100.00,100.00,1,0.010000,0,0
2569,20,-130.00,-120.00,0,0.010000,14,10
2570,20,0.00,0.00,0,0.010000,10,0
2571,20,-125.00,-125.00,0,0.010000,13,9
2572,20,-69.00,172.00,0,0.010000,1,18
2573,0,0.00,0.00,1,0.010000,0,0
2574,20,85.00,135.00,0,0.010000,10,0
2575,20,-135.00,-145.00,0,0.010000,17,6
2576,20,-40.00,20.00,0,0.010000,11,0
2577,20,-135.00,-125.00,0,0.010000,17,5
2578,2,100.00,100.00,1,0.010000,0,0
2579,20,-130.00,-130.00,0,0.010000,14,10
2580,20,0.00,0.00,0,0.010000,10,0
2581,20,-140.00,-110.00,0,0.010000,12,9
2582,20,-185.00,-105.00,0,0.010000,13,7
2583,20,-40.00,20.00,0,0.010000,11,0
2584,20,85.00,135.00,0,0.010000,10,0
2585,20,-120.00,-120.00,0,0.010000,14,6
2586,20,-40.00,20.00,0,0.010000,11,0
2587,1,50.00,50.00,1,0.010000,0,0
2588,2,100.00,100.00,1,0.010000,0,0
2589,20,-140.00,-100.00,0,0.010000,14,9
2590,20,0.00,0.00,0,0.010000,10,0
2591,20,-145.00,-105.00,0,0.010000,13,9
2592,0,0.00,0.00,1,0.010000,0,0
2593,20,20.00,-50.00,0,0.010000,12,0
2594,20,85.00,135.00,0,0.010000,10,0
2595,20,-120.00,-130.00,0,0.010000,14,6
2596,20,-40.00,20.00,0,0.010000,11,0
2597,1,50.00,50.00,1,0.010000,0,0
2598,2,100.00,100.00,1,0.010000,0,0
2599,20,-130.00,-120.00,0,0.010000,16,5
2600,20,0.00,0.00,0,0.010000,10,0
2601,20,-145.00,-105.00,0,0.010000,11,9
2602,20,51.00,-100.00,0,0.010000,14,0
2603,2,100.00,100.00,1,0.010000,0,0
2604,20,85.00,135.00,0,0.010000,10,0
2605,20,-125.00,-125.00,0,0.010000,13,9
2606,20,-45.00,55.00,0,0.010000,10,1
2607,2,54.00,89.00,1,0.010000,0,0
2608,2,100.00,100.00,1,0.010000,0,0
2609,20,-150.00,-120.00,0,0.010000,14,9
2610,20,0.00,0.00,0,0.010000,10,0
2611,20,-140.00,-110.00,0,0.010000,10,10
2612,20,-135.00,-135.00,0,0.010000,11,12
2613,20,-135.00,-145.00,0,0.010000,13,10
2614,20,85.00,135.00,0,0.010000,10,0
2615,20,-130.00,-120.00,0,0.010000,14,7
2616,20,-80.00,51.00,0,0.010000,13,0
2617,2,100.00,100.00,1,0.010000,0,0
2618,2,100.00,100.00,1,0.010000,0,0
2619,20,-135.00,-115.00,0,0.010000,15,8
2620,20,0.00,0.00,0,0.010000,10,0
2621,20,-150.00,-90.00,0,0.010000,12,8
2622,20,134.00,174.00,0,0.010000,10,1
2623,20,-69.00,161.00,0,0.010000,1,18
2624,20,85.00,135.00,0,0.010000,10,0
2625,20,-120.00,-130.00,0,0.010000,16,6
2626,20,-40.00,20.00,0,0.010000,11,0
2627,20,-115.00,-125.00,0,0.010000,13,7
2628,2,100.00,100.00,1,0.010000,0,0
2629,20,-130.00,-110.00,0,0.010000,16,9
2630,20,39.00,39.00,0,0.010000,10,1
2631,20,-150.00,-110.00,0,0.010000,14,7
2632,3,43.00,89.00,1,0.010000,1,0
2633,20,-125.00,-125.00,0,0.010000,13,8
2634,20,85.00,135.00,0,0.010000,10,0
2635,20,-140.00,-110.00,0,0.010000,14,7
2636,20,-40.00,20.00,0,0.010000,11,0
2637,20,-115.00,-125.00,0,0.010000,15,8
2638,2,100.00,100.00,1,0.010000,0,0
2639,20,-125.00,-125.00,0,0.010000,15,9
2640,20,-2.00,-22.00,0,0.010000,11,0
2641,20,-135.00,-125.00,0,0.010000,15,10
2642,20,5.00,55.00,0,0.010000,11,0
2643,20,-108.00,3.00,0,0.010000,3,16
2644,20,85.00,135.00,0,0.010000,10,0
2645,20,-120.00,-130.00,0,0.010000,14,6
2646,20,-40.00,20.00,0,0.010000,11,0
2647,20,-130.00,-130.00,0,0.010000,16,7
2648,2,100.00,100.00,1,0.010000,0,0
2649,20,-130.00,-120.00,0,0.010000,14,7
2650,20,39.00,39.00,0,0.010000,10,1
2651,20,-160.00,-80.00,0,0.010000,14,6
2652,2,89.00,39.00,1,0.010000,1,0
2653,2,89.00,54.00,1,0.010000,0,0
2654,20,85.00,135.00,0,0.010000,10,0
2655,20,-125.00,-125.00,0,0.010000,13,8
2656,20,-40.00,20.00,0,0.010000,11,0
2657,20,-110.00,-150.00,0,0.010000,14,10
2658,2,100.00,100.00,1,0.010000,0,0
2659,20,-130.00,-150.00,0,0.010000,16,11
2660,20,0.00,0.00,0,0.010000,10,0
2661,20,-155.00,-95.00,0,0.010000,13,8
2662,2,100.00,100.00,1,0.010000,0,0
2663,0,0.00,0.00,1,0.010000,0,0
2664,20,124.00,174.00,0,0.010000,10,1
2665,20,-140.00,-120.00,0,0.010000,14,8
2666,20,-40.00,20.00,0,0.010000,11,0
2667,20,-140.00,-100.00,0,0.010000,14,8
2668,2,100.00,100.00,1,0.010000,0,0
2669,20,-135.00,-105.00,0,0.010000,15,9
2670,20,39.00,39.00,0,0.010000,10,1
2671,20,-160.00,-80.00,0,0.010000,14,6
2672,2,89.00,54.00,1,0.010000,0,0
2673,20,-7.00,-17.00,0,0.010000,10,1
2674,20,85.00,135.00,0,0.010000,10,0
2675,20,-125.00,-125.00,0,0.010000,15,7
2676,20,-40.00,20.00,0,0.010000,11,0
2677,20,85.00,135.00,0,0.010000,10,0
2678,2,100.00,100.00,1,0.010000,0,0
2679,20,-135.00,-125.00,0,0.010000,13,8
2680,20,0.00,0.00,0,0.010000,10,0
2681,20,-150.00,-100.00,0,0.010000,16,8
2682,20,-165.00,-115.00,0,0.010000,11,9
2683,0,0.00,0.00,1,0.010000,0,0
2684,20,85.00,135.00,0,0.010000,10,0
2685,20,-125.00,-125.00,0,0.010000,15,5
2686,20,-40.00,20.00,0,0.010000,11,0
2687,20,-69.00,161.00,0,0.010000,1,18
2688,2,100.00,100.00,1,0.010000,0,0
2689,20,-145.00,-105.00,0,0.010000,15,8
2690,20,27.00,27.00,0,0.010000,11,2
2691,20,-165.00,-75.00,0,0.010000,15,5
2692,20,-160.00,-120.00,0,0.010000,14,7
2693,20,-150.00,-110.00,0,0.010000,16,4
2694,20,124.00,184.00,0,0.010000,10,1
2695,20,-120.00,-120.00,0,0.010000,14,6
2696,20,-50.00,60.00,0,0.010000,11,1
2697,1,4.00,50.00,1,0.010000,0,0
2698,2,100.00,100.00,1,0.010000,0,0
2699,20,-130.00,-130.00,0,0.010000,16,6
2700,20,0.00,0.00,0,0.010000,10,0
2701,20,-160.00,-80.00,0,0.010000,14,6
2702,20,50.00,-50.00,0,0.010000,10,2
2703,3,78.00,38.00,1,0.010000,1,0
2704,20,85.00,135.00,0,0.010000,10,0
2705,20,-110.00,-130.00,0,0.010000,12,8
2706,20,-40.00,20.00,0,0.010000,11,0
2707,0,0.00,0.00,1,0.010000,0,0
2708,2,100.00,100.00,1,0.010000,0,0
2709,20,-150.00,-100.00,0,0.010000,14,10
2710,20,0.00,0.00,0,0.010000,10,0
2711,20,-160.00,-90.00,0,0.010000,14,7
2712,20,-140.00,-110.00,0,0.010000,16,6
2713,20,172.00,-69.00,0,0.010000,1,18
2714,20,85.00,135.00,0,0.010000,10,0
2715,20,-115.00,-135.00,0,0.010000,15,8
2716,20,-40.00,20.00,0,0.010000,11,0
2717,20,-155.00,-95.00,0,0.010000,15,9
2718,2,100.00,100.00,1,0.010000,0,0
2719,20,-120.00,-120.00,0,0.010000,14,8
2720,20,0.00,0.00,0,0.010000,10,0
2721,20,-155.00,-95.00,0,0.010000,15,7
2722,20,44.00,94.00,0,0.010000,11,0
2723,20,-20.00,-20.00,0,0.010000,10,0
2724,20,95.00,125.00,0,0.010000,10,0
2725,20,-135.00,-115.00,0,0.010000,15,7
2726,20,-40.00,20.00,0,0.010000,11,0
2727,20,5.00,55.00,0,0.010000,11,0
2728,2,100.00,100.00,1,0.010000,0,0
2729,20,-125.00,-125.00,0,0.010000,15,9
2730,20,0.00,0.00,0,0.010000,10,0
2731,20,-160.00,-90.00,0,0.010000,16,5
2732,3,43.00,89.00,1,0.010000,1,0
2733,20,-20.00,-20.00,0,0.010000,10,0
2734,20,85.00,135.00,0,0.010000,10,0
2735,20,-130.00,-130.00,0,0.010000,16,6
2736,20,-40.00,20.00,0,0.010000,11,0
2737,20,-63.00,-73.00,0,0.010000,12,2
2738,2,100.00,100.00,1,0.010000,0,0
2739,20,-145.00,-125.00,0,0.010000,15,7
2740,20,49.00,39.00,0,0.010000,10,1
2741,20,-155.00,-95.00,0,0.010000,15,5
2742,20,-175.00,-105.00,0,0.010000,13,7
2743,20,-64.00,126.00,0,0.010000,0,19
2744,20,85.00,135.00,0,0.010000,10,0
2745,20,-125.00,-135.00,0,0.010000,15,9
2746,20,-40.00,20.00,0,0.010000,11,0
2747,20,5.00,55.00,0,0.010000,11,0
2748,2,100.00,100.00,1,0.010000,0,0
2749,20,-145.00,-95.00,0,0.010000,15,8
2750,20,0.00,0.00,0,0.010000,10,0
2751,20,-150.00,-90.00,0,0.010000,16,4
2752,0,0.00,0.00,1,0.010000,0,0
2753,20,-120.00,-120.00,0,0.010000,14,6
2754,20,85.00,135.00,0,0.010000,10,0
2755,20,-135.00,-115.00,0,0.010000,13,9
2756,20,-40.00,20.00,0,0.010000,11,0
2757,20,95.00,125.00,0,0.010000,10,0
2758,2,100.00,100.00,1,0.010000,0,0
2759,20,-130.00,-120.00,0,0.010000,16,6
2760,20,0.00,0.00,0,0.010000,10,0
2761,20,-160.00,-90.00,0,0.010000,16,5
2762,20,-50.00,20.00,0,0.010000,12,1
2763,4,-7.00,88.00,1,0.010000,2,0
2764,20,85.00,135.00,0,0.010000,10,0
2765,20,-125.00,-125.00,0,0.010000,13,7
2766,20,-40.00,20.00,0,0.010000,11,0
2767,0,0.00,0.00,1,0.010000,0,0
2768,2,100.00,100.00,1,0.010000,0,0
2769,20,-135.00,-115.00,0,0.010000,13,9
2770,20,49.00,39.00,0,0.010000,10,0
2771,20,-150.00,-90.00,0,0.010000,16,4
2772,20,-135.00,-105.00,0,0.010000,17,3
2773,20,51.00,-80.00,0,0.010000,13,0
2774,20,85.00,135.00,0,0.010000,10,0
2775,20,-120.00,-140.00,0,0.010000,14,11
2776,20,-40.00,20.00,0,0.010000,11,0
2777,20,-145.00,-105.00,0,0.010000,15,8
2778,2,100.00,100.00,1,0.010000,0,0
2779,20,-115.00,-135.00,0,0.010000,15,7
2780,20,0.00,0.00,0,0.010000,10,0
2781,20,-130.00,-120.00,0,0.010000,16,9
2782,20,-145.00,-95.00,0,0.010000,17,3
2783,20,44.00,94.00,0,0.010000,11,0
2784,20,85.00,135.00,0,0.010000,10,0
2785,20,-140.00,-120.00,0,0.010000,16,4
2786,20,-50.00,60.00,0,0.010000,11,1
2787,20,-64.00,57.00,0,0.010000,2,17
2788,2,100.00,100.00,1,0.010000,0,0
2789,20,-140.00,-120.00,0,0.010000,14,9
2790,20,39.00,49.00,0,0.010000,10,1
2791,20,-135.00,-105.00,0,0.010000,17,3
2792,20,5.00,55.00,0,0.010000,11,0
2793,20,-140.00,-100.00,0,0.010000,14,11
2794,20,85.00,135.00,0,0.010000,10,0
2795,20,-125.00,-125.00,0,0.010000,13,8
2796,20,-40.00,20.00,0,0.010000,11,0
2797,2,100.00,100.00,1,0.010000,0,0
2798,2,100.00,100.00,1,0.010000,0,0
2799,20,-120.00,-130.00,0,0.010000,14,8
2800,20,0.00,0.00,0,0.010000,10,0
2801,20,-135.00,-125.00,0,0.010000,15,8
2802,20,172.00,-69.00,0,0.010000,1,18
2803,20,-30.00,60.00,0,0.010000,10,0
2804,20,85.00,135.00,0,0.010000,10,0
2805,20,-135.00,-115.00,0,0.010000,15,5
2806,20,-40.00,20.00,0,0.010000,11,0
2807,20,-64.00,157.00,0,0.010000,1,17
2808,2,100.00,100.00,1,0.010000,0,0
2809,20,-135.00,-105.00,0,0.010000,15,9
2810,20,0.00,0.00,0,0.010000,10,0
2811,20,-135.00,-105.00,0,0.010000,17,3
2812,20,161.00,-69.00,0,0.010000,1,18
2813,20,-180.00,-110.00,0,0.010000,12,8
2814,20,129.00,179.00,0,0.010000,9,1
2815,20,-110.00,-130.00,0,0.010000,12,8
2816,20,-40.00,20.00,0,0.010000,11,0
2817,20,-115.00,-135.00,0,0.010000,15,7
2818,2,100.00,100.00,1,0.010000,0,0
2819,20,-140.00,-110.00,0,0.010000,16,7
2820,20,0.00,0.00,0,0.010000,10,0
2821,20,-145.00,-95.00,0,0.010000,17,3
2822,20,-64.00,126.00,0,0.010000,0,19
2823,20,-140.00,-120.00,0,0.010000,16,9
2824,20,85.00,135.00,0,0.010000,10,0
2825,20,-140.00,-120.00,0,0.010000,16,9
2826,20,-40.00,20.00,0,0.010000,11,0
2827,20,0.00,0.00,0,0.010000,10,0
2828,2,100.00,100.00,1,0.010000,0,0
2829,20,-130.00,-120.00,0,0.010000,14,8
2830,20,0.00,0.00,0,0.010000,10,0
2831,20,-135.00,-105.00,0,0.010000,17,3
2832,20,-135.00,-115.00,0,0.010000,15,7
2833,20,-64.00,126.00,0,0.010000,0,19
2834,20,85.00,135.00,0,0.010000,10,0
2835,20,-140.00,-120.00,0,0.010000,14,7
2836,20,-60.00,20.00,0,0.010000,12,0
2837,20,-140.00,-160.00,0,0.010000,14,10
2838,2,100.00,100.00,1,0.010000,0,0
2839,20,-125.00,-125.00,0,0.010000,15,10
2840,20,0.00,0.00,0,0.010000,10,0
2841,20,-145.00,-95.00,0,0.010000,17,3
2842,20,172.00,-69.00,0,0.010000,1,18
2843,2,89.00,54.00,1,0.010000,0,0
2844,20,85.00,135.00,0,0.010000,10,0
2845,20,-120.00,-120.00,0,0.010000,14,6
2846,20,-40.00,20.00,0,0.010000,11,0
2847,20,-140.00,-110.00,0,0.010000,14,9
2848,2,100.00,100.00,1,0.010000,0,0
2849,20,-145.00,-95.00,0,0.010000,15,9
2850,20,0.00,0.00,0,0.010000,10,0
2851,20,-150.00,-100.00,0,0.010000,16,6
2852,20,-185.00,-85.00,0,0.010000,13,7
2853,20,-59.00,126.00,0,0.010000,0,19
2854,20,85.00,135.00,0,0.010000,10,0
2855,20,-120.00,-140.00,0,0.010000,14,6
2856,20,-40.00,20.00,0,0.010000,11,0
2857,20,172.00,-74.00,0,0.010000,2,18
2858,2,100.00,100.00,1,0.010000,0,0
2859,20,-130.00,-120.00,0,0.010000,14,8
2860,20,0.00,0.00,0,0.010000,10,0
2861,20,-135.00,-105.00,0,0.010000,17,3
2862,2,54.00,89.00,1,0.010000,0,0
2863,20,85.00,135.00,0,0.010000,10,0
2864,20,85.00,135.00,0,0.010000,10,0
2865,20,-130.00,-130.00,0,0.010000,14,8
2866,20,-40.00,20.00,0,0.010000,11,0
2867,20,-135.00,-135.00,0,0.010000,13,10
2868,2,100.00,100.00,1,0.010000,0,0
2869,20,-140.00,-120.00,0,0.010000,16,7
2870,20,0.00,0.00,0,0.010000,10,0
2871,20,-135.00,-105.00,0,0.010000,17,3
2872,20,-130.00,-120.00,0,0.010000,14,11
2873,3,43.00,89.00,1,0.010000,1,0
2874,20,85.00,135.00,0,0.010000,10,0
2875,20,-130.00,-120.00,0,0.010000,14,6
2876,20,-40.00,20.00,0,0.010000,11,0
2877,0,0.00,0.00,1,0.010000,0,0
2878,2,100.00,100.00,1,0.010000,0,0
2879,20,-130.00,-130.00,0,0.010000,14,9
2880,20,0.00,0.00,0,0.010000,10,0
2881,20,-135.00,-105.00,0,0.010000,17,3
2882,2,39.00,89.00,1,0.010000,1,0
2883,20,-7.00,-17.00,0,0.010000,10,1
2884,20,124.00,184.00,0,0.010000,10,0
2885,20,-130.00,-130.00,0,0.010000,14,9
2886,20,-40.00,20.00,0,0.010000,11,0
2887,1,50.00,50.00,1,0.010000,0,0
2888,2,100.00,100.00,1,0.010000,0,0
2889,20,-120.00,-130.00,0,0.010000,16,8
2890,20,0.00,0.00,0,0.010000,10,0
2891,20,-120.00,-120.00,0,0.010000,18,2
2892,20,-30.00,-20.00,0,0.010000,11,0
2893,0,0.00,0.00,1,0.010000,0,0
2894,20,85.00,135.00,0,0.010000,10,0
2895,20,-125.00,-115.00,0,0.010000,13,7
2896,20,-40.00,50.00,0,0.010000,11,1
2897,1,50.00,50.00,1,0.010000,0,0
2898,2,100.00,100.00,1,0.010000,0,0
2899,20,-145.00,-95.00,0,0.010000,15,8
2900,20,0.00,0.00,0,0.010000,10,0
2901,20,-125.00,-115.00,0,0.010000,15,5
2902,20,45.00,85.00,0,0.010000,11,1
2903,20,126.00,-64.00,0,0.010000,0,19
2904,20,124.00,184.00,0,0.010000,10,0
2905,20,-120.00,-130.00,0,0.010000,14,6
2906,20,-40.00,20.00,0,0.010000,11,0
2907,0,0.00,0.00,1,0.010000,0,0
2908,2,100.00,100.00,1,0.010000,0,0
2909,20,-125.00,-125.00,0,0.010000,13,9
2910,20,0.00,0.00,0,0.010000,10,0
2911,20,-140.00,-110.00,0,0.010000,16,9
2912,20,0.00,0.00,0,0.010000,10,0
2913,20,-135.00,-155.00,0,0.010000,11,11
2914,20,85.00,135.00,0,0.010000,10,0
2915,20,-120.00,-130.00,0,0.010000,14,7
2916,20,-50.00,50.00,0,0.010000,11,1
2917,20,-40.00,20.00,0,0.010000,11,0
2918,2,100.00,100.00,1,0.010000,0,0
2919,20,-130.00,-110.00,0,0.010000,14,9
2920,20,39.00,49.00,0,0.010000,10,0
2921,20,-145.00,-105.00,0,0.010000,15,6
2922,20,-90.00,-70.00,0,0.010000,12,3
2923,1,50.00,50.00,1,0.010000,0,0
2924,20,85.00,135.00,0,0.010000,10,0
2925,20,-120.00,-140.00,0,0.010000,14,7
2926,20,-40.00,20.00,0,0.010000,11,0
2927,20,-7.00,-17.00,0,0.010000,10,1
2928,2,100.00,100.00,1,0.010000,0,0
2929,20,-130.00,-130.00,0,0.010000,16,7
2930,20,0.00,0.00,0,0.010000,10,0
2931,20,-140.00,-100.00,0,0.010000,14,6
2932,20,-155.00,-135.00,0,0.010000,13,10
2933,20,-59.00,172.00,0,0.010000,0,18
2934,20,85.00,135.00,0,0.010000,10,0
2935,20,-130.00,-120.00,0,0.010000,16,6
2936,20,-40.00,20.00,0,0.010000,11,0
2937,1,50.00,50.00,1,0.010000,0,0
2938,2,100.00,100.00,1,0.010000,0,0
2939,20,-140.00,-120.00,0,0.010000,14,7
2940,20,0.00,0.00,0,0.010000,10,0
2941,20,-145.00,-115.00,0,0.010000,13,7
2942,20,5.00,55.00,0,0.010000,11,0
2943,20,85.00,135.00,0,0.010000,10,0
2944,20,85.00,135.00,0,0.010000,10,0
2945,20,-135.00,-115.00,0,0.010000,15,8
2946,20,-40.00,20.00,0,0.010000,11,0
2947,3,78.00,38.00,1,0.010000,1,0
2948,2,100.00,100.00,1,0.010000,0,0
2949,20,-130.00,-120.00,0,0.010000,16,8
2950,20,0.00,0.00,0,0.010000,10,0
2951,20,-120.00,-130.00,0,0.010000,14,9
2952,20,85.00,135.00,0,0.010000,10,0
2953,1,50.00,50.00,1,0.010000,0,0
2954,20,85.00,135.00,0,0.010000,10,0
2955,20,-115.00,-125.00,0,0.010000,13,7
2956,20,-60.00,20.00,0,0.010000,12,0
2957,20,-59.00,172.00,0,0.010000,0,18
2958,2,100.00,100.00,1,0.010000,0,0
2959,20,-130.00,-110.00,0,0.010000,14,9
2960,20,0.00,0.00,0,0.010000,10,0
2961,20,-145.00,-105.00,0,0.010000,13,8
2962,20,-30.00,-20.00,0,0.010000,11,0
2963,20,-150.00,-110.00,0,0.010000,14,6
2964,20,144.00,164.00,0,0.010000,10,0
2965,20,-125.00,-115.00,0,0.010000,13,7
2966,20,-40.00,20.00,0,0.010000,11,0
2967,20,45.00,75.00,0,0.010000,11,1
2968,2,100.00,100.00,1,0.010000,0,0
2969,20,-145.00,-105.00,0,0.010000,15,7
2970,20,0.00,0.00,0,0.010000,10,0
2971,20,-145.00,-115.00,0,0.010000,13,7
2972,20,-125.00,-155.00,0,0.010000,13,10
2973,20,-180.00,-110.00,0,0.010000,14,6
2974,20,85.00,135.00,0,0.010000,10,0
2975,20,-130.00,-120.00,0,0.010000,14,8
2976,20,-40.00,20.00,0,0.010000,11,0
2977,3,78.00,38.00,1,0.010000,1,0
2978,2,100.00,100.00,1,0.010000,0,0
2979,20,-140.00,-110.00,0,0.010000,14,8
2980,20,0.00,0.00,0,0.010000,10,0
2981,20,-125.00,-125.00,0,0.010000,13,8
2982,20,-40.00,60.00,0,0.010000,11,0
2983,20,161.00,-69.00,0,0.010000,1,18
2984,20,85.00,135.00,0,0.010000,10,0
2985,20,-120.00,-130.00,0,0.010000,14,8
2986,20,-40.00,20.00,0,0.010000,11,0
2987,20,-120.00,-120.00,0,0.010000,14,9
2988,2,100.00,100.00,1,0.010000,0,0
2989,20,-135.00,-115.00,0,0.010000,15,8
2990,20,0.00,0.00,0,0.010000,10,0
2991,20,-150.00,-110.00,0,0.010000,14,7
2992,20,-160.00,-140.00,0,0.010000,10,10
2993,20,-69.00,172.00,0,0.010000,1,18
2994,20,85.00,135.00,0,0.010000,10,0
2995,20,-125.00,-135.00,0,0.010000,15,5
2996,20,-45.00,55.00,0,0.010000,10,1
2997,20,161.00,-69.00,0,0.010000,1,18
2998,2,100.00,100.00,1,0.010000,0,0
2999,20,-140.00,-120.00,0,0.010000,16,9
3000,20,0.00,0.00,0,0.010000,10,0
3001,20,-125.00,-115.00,0,0.010000,13,7
3002,1,50.00,50.00,1,0.010000,0,0
3003,20,-160.00,-120.00,0,0.010000,10,10
3004,20,85.00,135.00,0,0.010000,10,0
3005,20,-120.00,-120.00,0,0.010000,14,6
3006,20,-40.00,20.00,0,0.010000,11,0
3007,1,50.00,4.00,1,0.010000,0,0
3008,2,100.00,100.00,1,0.010000,0,0
3009,20,-145.00,-95.00,0,0.010000,13,10
3010,20,0.00,0.00,0,0.010000,10,0
3011,20,-140.00,-110.00,0,0.010000,14,9
3012,20,126.00,-64.00,0,0.010000,0,19
3013,1,50.00,50.00,1,0.010000,0,0
3014,20,85.00,135.00,0,0.010000,10,0
3015,20,-130.00,-120.00,0,0.010000,14,8
3016,20,-50.00,60.00,0,0.010000,11,1
3017,20,-125.00,-135.00,0,0.010000,15,10
3018,2,100.00,100.00,1,0.010000,0,0
3019,20,-125.00,-125.00,0,0.010000,15,7
3020,20,0.00,0.00,0,0.010000,10,0
3021,20,-130.00,-120.00,0,0.010000,14,10
3022,1,50.00,50.00,1,0.010000,0,0
3023,0,0.00,0.00,1,0.010000,0,0
3024,20,85.00,135.00,0,0.010000,10,0
3025,20,-125.00,-125.00,0,0.010000,13,8
3026,20,-50.00,50.00,0,0.010000,11,1
3027,20,-24.00,-34.00,0,0.010000,12,3
3028,2,100.00,100.00,1,0.010000,0,0
3029,20,-130.00,-110.00,0,0.010000,14,8
3030,20,0.00,0.00,0,0.010000,10,0
3031,20,-140.00,-100.00,0,0.010000,14,6
3032,2,100.00,100.00,1,0.010000,0,0
3033,20,-69.00,161.00,0,0.010000,1,18
3034,20,85.00,135.00,0,0.010000,10,0
3035,20,-120.00,-120.00,0,0.010000,14,6
3036,20,-40.00,20.00,0,0.010000,11,0
3037,20,-115.00,-135.00,0,0.010000,15,7
3038,2,100.00,100.00,1,0.010000,0,0
3039,20,-145.00,-115.00,0,0.010000,13,9
3040,20,0.00,0.00,0,0.010000,10,0
3041,20,-135.00,-115.00,0,0.010000,13,7
3042,20,-140.00,-130.00,0,0.010000,12,11
3043,2,100.00,100.00,1,0.010000,0,0
3044,20,85.00,135.00,0,0.010000,10,0
3045,20,-135.00,-135.00,0,0.010000,15,7
3046,20,-40.00,20.00,0,0.010000,11,0
3047,20,-140.00,-150.00,0,0.010000,12,11
3048,2,100.00,100.00,1,0.010000,0,0
3049,20,-140.00,-110.00,0,0.010000,16,7
3050,20,0.00,0.00,0,0.010000,10,0
3051,20,-130.00,-110.00,0,0.010000,14,6
3052,20,-108.00,57.00,0,0.010000,3,16
3053,20,-69.00,172.00,0,0.010000,1,18
3054,20,85.00,135.00,0,0.010000,10,0
3055,20,-130.00,-120.00,0,0.010000,14,7
3056,20,-40.00,20.00,0,0.010000,11,0
3057,0,0.00,0.00,1,0.010000,0,0
3058,2,100.00,100.00,1,0.010000,0,0
3059,20,-130.00,-110.00,0,0.010000,14,9
3060,20,0.00,0.00,0,0.010000,10,0
3061,20,-130.00,-120.00,0,0.010000,14,9
3062,0,0.00,0.00,1,0.010000,0,0
3063,20,-69.00,161.00,0,0.010000,1,18
3064,20,85.00,135.00,0,0.010000,10,0
3065,20,-135.00,-125.00,0,0.010000,15,6
3066,20,-40.00,20.00,0,0.010000,11,0
3067,20,-145.00,-115.00,0,0.010000,15,7
3068,2,100.00,100.00,1,0.010000,0,0
3069,20,-125.00,-115.00,0,0.010000,15,7
3070,20,0.00,0.00,0,0.010000,10,0
3071,20,-140.00,-110.00,0,0.010000,12,9
3072,2,89.00,39.00,1,0.010000,1,0
3073,0,0.00,0.00,1,0.010000,0,0
3074,20,85.00,135.00,0,0.010000,10,0
3075,20,-110.00,-130.00,0,0.010000,14,6
3076,20,-40.00,20.00,0,0.010000,11,0
3077,20,-64.00,126.00,0,0.010000,0,19
3078,2,100.00,100.00,1,0.010000,0,0
3079,20,-130.00,-120.00,0,0.010000,14,9
3080,20,-17.00,-17.00,0,0.010000,10,2
3081,20,-135.00,-125.00,0,0.010000,15,8
3082,20,-145.00,-95.00,0,0.010000,13,7
3083,20,157.00,-74.00,0,0.010000,2,17
3084,20,85.00,135.00,0,0.010000,10,0
3085,20,-140.00,-120.00,0,0.010000,14,8
3086,20,-40.00,20.00,0,0.010000,11,0
3087,2,100.00,100.00,1,0.010000,0,0
3088,2,100.00,100.00,1,0.010000,0,0
3089,20,-125.00,-125.00,0,0.010000,15,9
3090,20,0.00,0.00,0,0.010000,10,0
3091,20,-130.00,-120.00,0,0.010000,12,8
3092,0,0.00,0.00,1,0.010000,0,0
3093,1,50.00,50.00,1,0.010000,0,0
3094,20,85.00,135.00,0,0.010000,10,0
3095,20,-115.00,-135.00,0,0.010000,13,8
3096,20,-40.00,10.00,0,0.010000,11,0
3097,1,50.00,50.00,1,0.010000,0,0
3098,2,100.00,100.00,1,0.010000,0,0
3099,20,-145.00,-105.00,0,0.010000,13,10
3100,20,0.00,0.00,0,0.010000,10,0
3101,20,-140.00,-100.00,0,0.010000,14,6
3102,20,-145.00,-105.00,0,0.010000,13,8
3103,0,0.00,0.00,1,0.010000,0,0
3104,20,85.00,135.00,0,0.010000,10,0
3105,20,-125.00,-125.00,0,0.010000,15,7
3106,20,-60.00,20.00,0,0.010000,12,0
3107,0,0.00,0.00,1,0.010000,0,0
3108,2,100.00,100.00,1,0.010000,0,0
3109,20,-135.00,-105.00,0,0.010000,15,8
3110,20,0.00,0.00,0,0.010000,10,0
3111,20,-140.00,-130.00,0,0.010000,14,7
3112,1,50.00,50.00,1,0.010000,0,0
3113,20,-130.00,-130.00,0,0.010000,16,9
3114,20,85.00,135.00,0,0.010000,10,0
3115,20,-135.00,-115.00,0,0.010000,13,8
3116,20,-40.00,20.00,0,0.010000,11,0
3117,20,-145.00,-135.00,0,0.010000,15,9
3118,2,100.00,100.00,1,0.010000,0,0
3119,20,-125.00,-125.00,0,0.010000,15,8
3120,20,0.00,0.00,0,0.010000,10,0
3121,20,-125.00,-115.00,0,0.010000,13,7
3122,2,39.00,89.00,1,0.010000,1,0
3123,20,39.00,49.00,0,0.010000,10,0
3124,20,85.00,135.00,0,0.010000,10,0
3125,20,-130.00,-130.00,0,0.010000,14,9
3126,20,-40.00,20.00,0,0.010000,11,0
3127,20,-108.00,72.00,0,0.010000,1,18
3128,2,100.00,100.00,1,0.010000,0,0
3129,20,-125.00,-115.00,0,0.010000,15,8
3130,20,0.00,0.00,0,0.010000,10,0
3131,20,-155.00,-95.00,0,0.010000,13,8
3132,20,85.00,135.00,0,0.010000,10,0
3133,20,-115.00,-125.00,0,0.010000,15,12
3134,20,85.00,135.00,0,0.010000,10,0
3135,20,-125.00,-115.00,0,0.010000,15,5
3136,20,-40.00,20.00,0,0.010000,11,0
3137,20,-150.00,-120.00,0,0.010000,14,7
3138,2,100.00,100.00,1,0.010000,0,0
3139,20,-140.00,-110.00,0,0.010000,16,8
3140,20,0.00,0.00,0,0.010000,10,0
3141,20,-135.00,-105.00,0,0.010000,13,7
3142,1,50.00,50.00,1,0.010000,0,0
3143,20,-20.00,-30.00,0,0.010000,11,0
3144,20,85.00,135.00,0,0.010000,10,0
3145,20,-120.00,-130.00,0,0.010000,14,8
3146,20,-40.00,20.00,0,0.010000,11,0
3147,20,95.00,125.00,0,0.010000,10,0
3148,2,100.00,100.00,1,0.010000,0,0
3149,20,-115.00,-135.00,0,0.010000,15,8
3150,20,49.00,39.00,0,0.010000,10,0
3151,20,-135.00,-105.00,0,0.010000,13,7
3152,20,95.00,125.00,0,0.010000,10,0
3153,20,-100.00,-50.00,0,0.010000,12,0
3154,20,85.00,135.00,0,0.010000,10,0
3155,20,-115.00,-125.00,0,0.010000,13,7
3156,20,-40.00,20.00,0,0.010000,11,0
3157,20,-7.00,-17.00,0,0.010000,10,2
3158,2,100.00,100.00,1,0.010000,0,0
3159,20,-140.00,-100.00,0,0.010000,14,9
3160,20,0.00,0.00,0,0.010000,10,0
3161,20,-120.00,-130.00,0,0.010000,14,10
3162,0,0.00,0.00,1,0.010000,0,0
3163,20,-40.00,60.00,0,0.010000,11,0
3164,20,85.00,135.00,0,0.010000,10,0
3165,20,-125.00,-125.00,0,0.010000,15,7
3166,20,-40.00,20.00,0,0.010000,11,0
3167,20,80.00,-115.00,0,0.010000,0,20
3168,2,100.00,100.00,1,0.010000,0,0
3169,20,-140.00,-110.00,0,0.010000,14,8
3170,20,0.00,0.00,0,0.010000,10,0
3171,20,-150.00,-100.00,0,0.010000,16,6
3172,20,-135.00,-145.00,0,0.010000,11,11
3173,20,-40.00,20.00,0,0.010000,11,0
3174,20,85.00,135.00,0,0.010000,10,0
3175,20,-130.00,-140.00,0,0.010000,16,9
3176,20,-40.00,20.00,0,0.010000,11,0
3177,20,157.00,-64.00,0,0.010000,1,17
3178,2,100.00,100.00,1,0.010000,0,0
3179,20,-125.00,-115.00,0,0.010000,15,8
3180,20,0.00,0.00,0,0.010000,10,0
3181,20,-135.00,-115.00,0,0.010000,15,10
3182,0,0.00,0.00,1,0.010000,0,0
3183,20,-155.00,-155.00,0,0.010000,9,12
3184,20,124.00,184.00,0,0.010000,10,1
3185,20,-110.00,-130.00,0,0.010000,14,7
3186,20,-60.00,22.00,0,0.010000,12,0
3187,20,-40.00,60.00,0,0.010000,11,0
3188,2,100.00,100.00,1,0.010000,0,0
3189,20,-125.00,-135.00,0,0.010000,15,9
3190,20,0.00,0.00,0,0.010000,10,0
3191,20,-125.00,-115.00,0,0.010000,11,9
3192,20,85.00,135.00,0,0.010000,10,0
3193,20,85.00,135.00,0,0.010000,10,0
3194,20,94.00,134.00,0,0.010000,10,1
3195,20,-120.00,-130.00,0,0.010000,12,8
3196,20,-40.00,20.00,0,0.010000,11,0
3197,20,126.00,-64.00,0,0.010000,0,19
3198,2,100.00,100.00,1,0.010000,0,0
3199,20,-145.00,-105.00,0,0.010000,15,8
3200,20,0.00,0.00,0,0.010000,10,0
3201,20,-130.00,-110.00,0,0.010000,14,6
3202,0,0.00,0.00,1,0.010000,0,0
3203,20,-140.00,-110.00,0,0.010000,14,9
3204,20,134.00,164.00,0,0.010000,10,0
3205,20,-130.00,-130.00,0,0.010000,14,6
3206,20,-40.00,20.00,0,0.010000,11,0
3207,0,0.00,0.00,1,0.010000,0,0
3208,2,100.00,100.00,1,0.010000,0,0
3209,20,-135.00,-115.00,0,0.010000,15,8
3210,20,0.00,0.00,0,0.010000,10,0
3211,20,-130.00,-120.00,0,0.010000,14,7
3212,2,54.00,89.00,1,0.010000,0,0
3213,1,50.00,50.00,1,0.010000,0,0
3214,20,85.00,135.00,0,0.010000,10,0
3215,20,-120.00,-120.00,0,0.010000,14,6
3216,20,-40.00,20.00,0,0.010000,11,0
3217,20,-140.00,-100.00,0,0.010000,14,6
3218,2,100.00,100.00,1,0.010000,0,0
3219,20,-130.00,-110.00,0,0.010000,14,9
3220,20,0.00,0.00,0,0.010000,10,0
3221,20,-125.00,-125.00,0,0.010000,11,10
3222,20,-165.00,-115.00,0,0.010000,11,9
3223,20,-190.00,-90.00,0,0.010000,14,6
3224,20,124.00,184.00,0,0.010000,10,1
3225,20,-135.00,-115.00,0,0.010000,15,6
3226,20,-40.00,20.00,0,0.010000,11,0
3227,20,85.00,135.00,0,0.010000,10,0
3228,2,100.00,100.00,1,0.010000,0,0
3229,20,-125.00,-125.00,0,0.010000,15,8
3230,20,0.00,0.00,0,0.010000,10,0
3231,20,-135.00,-115.00,0,0.010000,15,8
3232,20,-150.00,-140.00,0,0.010000,10,11
3233,20,-40.00,60.00,0,0.010000,11,0
3234,20,85.00,135.00,0,0.010000,10,0
3235,20,-130.00,-130.00,0,0.010000,14,8
3236,20,-45.00,55.00,0,0.010000,10,1
3237,20,-140.00,-100.00,0,0.010000,16,10
3238,2,100.00,100.00,1,0.010000,0,0
3239,20,-135.00,-105.00,0,0.010000,15,8
3240,20,0.00,0.00,0,0.010000,10,0
3241,20,-135.00,-105.00,0,0.010000,13,7
3242,0,0.00,0.00,1,0.010000,0,0
3243,1,50.00,50.00,1,0.010000,0,0
3244,20,85.00,135.00,0,0.010000,10,0
3245,20,-130.00,-120.00,0,0.010000,14,6
3246,20,-40.00,20.00,0,0.010000,11,0
3247,20,-165.00,-115.00,0,0.010000,13,8
3248,2,100.00,100.00,1,0.010000,0,0
3249,20,-145.00,-105.00,0,0.010000,13,10
3250,20,27.00,37.00,0,0.010000,11,1
3251,20,-140.00,-100.00,0,0.010000,12,8
3252,20,-64.00,126.00,0,0.010000,0,19
3253,20,95.00,125.00,0,0.010000,10,0
3254,20,85.00,135.00,0,0.010000,10,0
3255,20,-120.00,-120.00,0,0.010000,14,6
3256,20,-40.00,20.00,0,0.010000,11,0
3257,20,-135.00,-115.00,0,0.010000,15,7
3258,2,100.00,100.00,1,0.010000,0,0
3259,20,-125.00,-125.00,0,0.010000,15,7
3260,20,0.00,0.00,0,0.010000,10,0
3261,20,-125.00,-135.00,0,0.010000,15,9
3262,20,-69.00,161.00,0,0.010000,1,18
3263,1,50.00,50.00,1,0.010000,0,0
3264,20,85.00,135.00,0,0.010000,10,0
3265,20,-120.00,-130.00,0,0.010000,14,8
3266,20,-45.00,55.00,0,0.010000,10,1
3267,20,-145.00,-145.00,0,0.010000,15,9
3268,2,100.00,100.00,1,0.010000,0,0
3269,20,-140.00,-100.00,0,0.010000,14,9
3270,20,-2.00,-22.00,0,0.010000,11,0
3271,20,-135.00,-105.00,0,0.010000,13,7
3272,20,6.00,-65.00,0,0.010000,11,1
3273,20,5.00,55.00,0,0.010000,11,0
3274,20,85.00,135.00,0,0.010000,10,0
3275,20,-120.00,-130.00,0,0.010000,14,9
3276,20,-60.00,20.00,0,0.010000,12,0
3277,1,50.00,50.00,1,0.010000,0,0
3278,2,100.00,100.00,1,0.010000,0,0
3279,20,-125.00,-125.00,0,0.010000,15,8
3280,20,0.00,0.00,0,0.010000,10,0
3281,20,-135.00,-115.00,0,0.010000,13,8
3282,20,-40.00,20.00,0,0.010000,11,0
3283,20,-140.00,-110.00,0,0.010000,14,8
3284,20,85.00,135.00,0,0.010000,10,0
3285,20,-120.00,-130.00,0,0.010000,14,8
3286,20,-40.00,20.00,0,0.010000,11,0
3287,20,-115.00,-125.00,0,0.010000,15,8
3288,2,100.00,100.00,1,0.010000,0,0
3289,20,-135.00,-105.00,0,0.010000,15,9
3290,20,0.00,0.00,0,0.010000,10,0
3291,20,-125.00,-115.00,0,0.010000,13,7
3292,0,0.00,0.00,1,0.010000,0,0
3293,20,-64.00,157.00,0,0.010000,1,17
3294,20,129.00,179.00,0,0.010000,9,1
3295,20,-105.00,-145.00,0,0.010000,15,8
3296,20,-40.00,20.00,0,0.010000,11,0
3297,20,-140.00,-110.00,0,0.010000,12,9
3298,2,100.00,100.00,1,0.010000,0,0
3299,20,-145.00,-105.00,0,0.010000,13,8
3300,20,-22.00,-2.00,0,0.010000,11,1
3301,20,-155.00,-115.00,0,0.010000,15,9
3302,1,50.00,50.00,1,0.010000,0,0
3303,1,50.00,50.00,1,0.010000,0,0
3304,20,85.00,135.00,0,0.010000,10,0
3305,20,-125.00,-125.00,0,0.010000,13,9
3306,20,-40.00,20.00,0,0.010000,11,0
3307,0,0.00,0.00,1,0.010000,0,0
3308,2,100.00,100.00,1,0.010000,0,0
3309,20,-125.00,-115.00,0,0.010000,15,7
3310,20,0.00,0.00,0,0.010000,10,0
3311,20,-135.00,-115.00,0,0.010000,15,6
3312,0,0.00,0.00,1,0.010000,0,0
3313,20,-64.00,126.00,0,0.010000,0,19
3314,20,85.00,135.00,0,0.010000,10,0
3315,20,-125.00,-125.00,0,0.010000,15,7
3316,20,-40.00,20.00,0,0.010000,11,0
3317,2,54.00,89.00,1,0.010000,0,0
3318,2,100.00,100.00,1,0.010000,0,0
3319,20,-140.00,-120.00,0,0.010000,14,10
3320,20,0.00,0.00,0,0.010000,10,0
3321,20,-140.00,-130.00,0,0.010000,12,9
3322,3,78.00,38.00,1,0.010000,1,0
3323,2,89.00,54.00,1,0.010000,0,0
3324,20,85.00,135.00,0,0.010000,10,0
3325,20,-140.00,-120.00,0,0.010000,16,5
3326,20,-40.00,20.00,0,0.010000,11,0
3327,20,-130.00,-130.00,0,0.010000,16,9
3328,2,100.00,100.00,1,0.010000,0,0
3329,20,-140.00,-100.00,0,0.010000,14,9
3330,20,0.00,0.00,0,0.010000,10,0
3331,20,-130.00,-110.00,0,0.010000,14,6
3332,20,72.00,-108.00,0,0.010000,1,18
3333,1,50.00,50.00,1,0.010000,0,0
3334,20,85.00,135.00,0,0.010000,10,0
3335,20,-110.00,-130.00,0,0.010000,14,7
3336,20,-40.00,20.00,0,0.010000,11,0
3337,20,-130.00,-120.00,0,0.010000,14,7
3338,2,100.00,100.00,1,0.010000,0,0
3339,20,-135.00,-125.00,0,0.010000,15,7
3340,20,0.00,0.00,0,0.010000,10,0
3341,20,-130.00,-110.00,0,0.010000,12,8
3342,20,44.00,94.00,0,0.010000,11,0
3343,0,0.00,0.00,1,0.010000,0,0
3344,20,85.00,135.00,0,0.010000,10,0
3345,20,-115.00,-135.00,0,0.010000,13,9
3346,20,-40.00,20.00,0,0.010000,11,0
3347,20,-120.00,80.00,0,0.010000,0,20
3348,2,100.00,100.00,1,0.010000,0,0
3349,20,-125.00,-115.00,0,0.010000,15,8
3350,20,0.00,0.00,0,0.010000,10,0
3351,20,-150.00,-90.00,0,0.010000,14,6
3352,0,0.00,0.00,1,0.010000,0,0
3353,2,100.00,100.00,1,0.010000,0,0
3354,20,134.00,174.00,0,0.010000,10,1
3355,20,-125.00,-125.00,0,0.010000,15,8
3356,20,-50.00,60.00,0,0.010000,11,1
3357,20,-59.00,172.00,0,0.010000,0,18
3358,2,100.00,100.00,1,0.010000,0,0
3359,20,-120.00,-130.00,0,0.010000,14,8
3360,20,0.00,0.00,0,0.010000,10,0
3361,20,-130.00,-110.00,0,0.010000,12,8
3362,20,27.00,37.00,0,0.010000,9,2
3363,20,-69.00,172.00,0,0.010000,1,18
3364,20,129.00,179.00,0,0.010000,9,1
3365,20,-110.00,-130.00,0,0.010000,14,7
3366,20,-40.00,20.00,0,0.010000,11,0
3367,0,0.00,0.00,1,0.010000,0,0
3368,2,100.00,100.00,1,0.010000,0,0
3369,20,-145.00,-95.00,0,0.010000,15,8
3370,20,-12.00,-12.00,0,0.010000,11,1
3371,20,-135.00,-115.00,0,0.010000,15,10
3372,0,0.00,0.00,1,0.010000,0,0
3373,20,-125.00,-125.00,0,0.010000,13,9
3374,20,85.00,135.00,0,0.010000,10,0
3375,20,-110.00,-150.00,0,0.010000,16,7
3376,20,-40.00,20.00,0,0.010000,11,0
3377,20,126.00,-64.00,0,0.010000,0,19
3378,2,100.00,100.00,1,0.010000,0,0
3379,20,-140.00,-110.00,0,0.010000,14,9
3380,20,0.00,0.00,0,0.010000,10,0
3381,20,-145.00,-105.00,0,0.010000,13,7
3382,2,89.00,39.00,1,0.010000,1,0
3383,20,-175.00,-95.00,0,0.010000,11,9
3384,20,85.00,135.00,0,0.010000,10,0
3385,20,-135.00,-125.00,0,0.010000,15,8
3386,20,-60.00,20.00,0,0.010000,12,0
3387,20,-135.00,-115.00,0,0.010000,15,9
3388,2,100.00,100.00,1,0.010000,0,0
3389,20,-115.00,-135.00,0,0.010000,15,7
3390,20,0.00,0.00,0,0.010000,10,0
3391,20,-130.00,-110.00,0,0.010000,12,8
3392,20,-135.00,-105.00,0,0.010000,15,5
3393,20,-175.00,-105.00,0,0.010000,11,9
3394,20,85.00,135.00,0,0.010000,10,0
3395,20,-110.00,-130.00,0,0.010000,14,7
3396,20,-40.00,20.00,0,0.010000,11,0
3397,20,-135.00,-105.00,0,0.010000,15,8
3398,2,100.00,100.00,1,0.010000,0,0
3399,20,-130.00,-120.00,0,0.010000,14,9
3400,20,49.00,39.00,0,0.010000,10,0
3401,20,-155.00,-105.00,0,0.010000,13,9
3402,20,-7.00,-17.00,0,0.010000,10,1
3403,20,-130.00,-110.00,0,0.010000,14,9
3404,20,85.00,135.00,0,0.010000,10,0
3405,20,-130.00,-120.00,0,0.010000,14,8
3406,20,-80.00,51.00,0,0.010000,13,0
3407,20,95.00,125.00,0,0.010000,10,0
3408,2,100.00,100.00,1,0.010000,0,0
3409,20,-150.00,-110.00,0,0.010000,14,8
3410,20,0.00,0.00,0,0.010000,10,0
3411,20,-125.00,-115.00,0,0.010000,13,7
3412,20,-125.00,-125.00,0,0.010000,15,8
3413,20,-61.00,-51.00,0,0.010000,11,0
3414,20,85.00,135.00,0,0.010000,10,0
3415,20,-120.00,-120.00,0,0.010000,14,8
3416,20,-40.00,20.00,0,0.010000,11,0
3417,20,-2.00,-22.00,0,0.010000,11,1
3418,2,100.00,100.00,1,0.010000,0,0
3419,20,-125.00,-125.00,0,0.010000,15,7
3420,20,0.00,0.00,0,0.010000,10,0
3421,20,-135.00,-105.00,0,0.010000,13,7
3422,20,-160.00,-140.00,0,0.010000,10,10
3423,20,-50.00,20.00,0,0.010000,12,0
3424,20,85.00,135.00,0,0.010000,10,0
3425,20,-120.00,-130.00,0,0.010000,14,8
3426,20,-40.00,20.00,0,0.010000,11,0
3427,20,126.00,-64.00,0,0.010000,0,19
3428,2,100.00,100.00,1,0.010000,0,0
3429,20,-145.00,-105.00,0,0.010000,15,9
3430,20,0.00,0.00,0,0.010000,10,0
3431,20,-125.00,-115.00,0,0.010000,11,9
3432,2,100.00,100.00,1,0.010000,0,0
3433,1,50.00,50.00,1,0.010000,0,0
3434,20,85.00,135.00,0,0.010000,10,0
3435,20,-120.00,-130.00,0,0.010000,14,8
3436,20,-40.00,20.00,0,0.010000,11,0
3437,20,0.00,0.00,0,0.010000,10,0
3438,2,100.00,100.00,1,0.010000,0,0
3439,20,-130.00,-110.00,0,0.010000,14,9
3440,20,0.00,0.00,0,0.010000,10,0
3441,20,-155.00,-95.00,0,0.010000,15,5
3442,20,-61.00,-51.00,0,0.010000,11,0
3443,20,-105.00,-135.00,0,0.010000,15,7
3444,20,85.00,135.00,0,0.010000,10,0
3445,20,-110.00,-130.00,0,0.010000,14,7
3446,20,-40.00,20.00,0,0.010000,11,0
3447,20,-69.00,161.00,0,0.010000,1,18
3448,2,100.00,100.00,1,0.010000,0,0
3449,20,-120.00,-130.00,0,0.010000,14,8
3450,20,0.00,0.00,0,0.010000,10,0
3451,20,-115.00,-135.00,0,0.010000,15,8
3452,20,126.00,-64.00,0,0.010000,0,19
3453,0,0.00,0.00,1,0.010000,0,0
3454,20,124.00,174.00,0,0.010000,10,1
3455,20,-120.00,-130.00,0,0.010000,14,9
3456,20,-40.00,20.00,0,0.010000,11,0
3457,20,-57.00,153.00,0,0.010000,2,16
3458,2,100.00,100.00,1,0.010000,0,0
3459,20,-145.00,-95.00,0,0.010000,15,8
3460,20,0.00,0.00,0,0.010000,10,0
3461,20,-135.00,-105.00,0,0.010000,13,7
3462,2,54.00,89.00,1,0.010000,0,0
3463,20,-120.00,-120.00,0,0.010000,14,8
3464,20,85.00,135.00,0,0.010000,10,0
3465,20,-120.00,-120.00,0,0.010000,14,8
3466,20,-50.00,20.00,0,0.010000,11,0
3467,0,0.00,0.00,1,0.010000,0,0
3468,2,100.00,100.00,1,0.010000,0,0
3469,20,-120.00,-120.00,0,0.010000,14,9
3470,20,0.00,0.00,0,0.010000,10,0
3471,20,-140.00,-110.00,0,0.010000,12,10
3472,20,-160.00,-120.00,0,0.010000,10,10
3473,0,0.00,0.00,1,0.010000,0,0
3474,20,85.00,135.00,0,0.010000,10,0
3475,20,-110.00,-140.00,0,0.010000,14,8
3476,20,-40.00,20.00,0,0.010000,11,0
3477,20,-22.00,-2.00,0,0.010000,11,1
3478,2,100.00,100.00,1,0.010000,0,0
3479,20,-145.00,-105.00,0,0.010000,15,7
3480,20,0.00,0.00,0,0.010000,10,0
3481,20,-130.00,-120.00,0,0.010000,16,8
3482,20,85.00,135.00,0,0.010000,10,0
3483,20,0.00,0.00,0,0.010000,10,0
3484,20,144.00,184.00,0,0.010000,9,0
3485,20,-110.00,-140.00,0,0.010000,14,9
3486,20,-40.00,20.00,0,0.010000,11,0
3487,1,50.00,50.00,1,0.010000,0,0
3488,2,100.00,100.00,1,0.010000,0,0
3489,20,-125.00,-115.00,0,0.010000,15,11
3490,20,0.00,0.00,0,0.010000,10,0
3491,20,-140.00,-100.00,0,0.010000,12,8
3492,2,54.00,89.00,1,0.010000,0,0
3493,20,-140.00,-140.00,0,0.010000,12,11
3494,20,85.00,135.00,0,0.010000,10,0
3495,20,-125.00,-125.00,0,0.010000,15,7
3496,20,-40.00,20.00,0,0.010000,11,0
3497,1,4.00,50.00,1,0.010000,0,0
3498,2,100.00,100.00,1,0.010000,0,0
3499,20,-110.00,-140.00,0,0.010000,14,8
3500,20,0.00,0.00,0,0.010000,10,0
3501,20,-115.00,-125.00,0,0.010000,13,7
3502,20,-20.00,-20.00,0,0.010000,10,0
3503,0,0.00,0.00,1,0.010000,0,0
3504,20,134.00,164.00,0,0.010000,10,0
3505,20,-110.00,-130.00,0,0.010000,14,9
3506,20,-50.00,60.00,0,0.010000,11,1
3507,3,43.00,89.00,1,0.010000,1,0
3508,2,100.00,100.00,1,0.010000,0,0
3509,20,-130.00,-130.00,0,0.010000,16,9
3510,20,0.00,0.00,0,0.010000,10,0
3511,20,-145.00,-95.00,0,0.010000,13,7
3512,20,-64.00,57.00,0,0.010000,2,17
3513,20,-30.00,60.00,0,0.010000,10,0
3514,20,85.00,135.00,0,0.010000,10,0
3515,20,-125.00,-135.00,0,0.010000,15,5
3516,20,-40.00,20.00,0,0.010000,11,0
3517,20,-130.00,-110.00,0,0.010000,14,7
3518,2,100.00,100.00,1,0.010000,0,0
3519,20,-145.00,-95.00,0,0.010000,15,9
3520,20,49.00,39.00,0,0.010000,10,1
3521,20,-125.00,-115.00,0,0.010000,13,7
3522,20,-155.00,-145.00,0,0.010000,7,13
3523,20,-64.00,126.00,0,0.010000,0,19
3524,20,85.00,135.00,0,0.010000,10,0
3525,20,-120.00,-130.00,0,0.010000,14,9
3526,20,-40.00,20.00,0,0.010000,11,0
3527,20,-145.00,-135.00,0,0.010000,13,11
3528,2,100.00,100.00,1,0.010000,0,0
3529,20,-120.00,-130.00,0,0.010000,14,8
3530,20,0.00,0.00,0,0.010000,10,0
3531,20,-125.00,-125.00,0,0.010000,13,8
3532,2,100.00,100.00,1,0.010000,0,0
3533,20,-64.00,126.00,0,0.010000,0,19
3534,20,85.00,135.00,0,0.010000,10,0
3535,20,-120.00,-120.00,0,0.010000,14,7
3536,20,-40.00,50.00,0,0.010000,11,1
3537,20,149.00,-62.00,0,0.010000,3,15
3538,2,100.00,100.00,1,0.010000,0,0
3539,20,-130.00,-110.00,0,0.010000,16,9
3540,20,0.00,0.00,0,0.010000,10,0
3541,20,-140.00,-110.00,0,0.010000,14,10
3542,1,50.00,50.00,1,0.010000,0,0
3543,0,0.00,0.00,1,0.010000,0,0
3544,20,85.00,135.00,0,0.010000,10,0
3545,20,-110.00,-130.00,0,0.010000,14,8
3546,20,-40.00,20.00,0,0.010000,11,0
3547,2,54.00,100.00,1,0.010000,0,0
3548,2,100.00,100.00,1,0.010000,0,0
3549,20,-125.00,-115.00,0,0.010000,15,9
3550,20,0.00,0.00,0,0.010000,10,0
3551,20,-140.00,-110.00,0,0.010000,14,6
3552,4,-7.00,88.00,1,0.010000,2,0
3553,20,126.00,-64.00,0,0.010000,0,19
3554,20,85.00,135.00,0,0.010000,10,0
3555,20,-125.00,-135.00,0,0.010000,15,8
3556,20,-40.00,20.00,0,0.010000,11,0
3557,20,-130.00,-140.00,0,0.010000,10,11
3558,2,100.00,100.00,1,0.010000,0,0
3559,20,-130.00,-120.00,0,0.010000,14,8
3560,20,0.00,0.00,0,0.010000,10,0
3561,20,-150.00,-110.00,0,0.010000,14,6
3562,0,0.00,0.00,1,0.010000,0,0
3563,3,43.00,89.00,1,0.010000,1,0
3564,20,85.00,135.00,0,0.010000,10,0
3565,20,-110.00,-140.00,0,0.010000,14,8
3566,20,-40.00,20.00,0,0.010000,11,0
3567,20,-14.00,-34.00,0,0.010000,12,3
3568,2,100.00,100.00,1,0.010000,0,0
3569,20,-135.00,-105.00,0,0.010000,15,9
3570,20,49.00,39.00,0,0.010000,10,0
3571,20,-135.00,-105.00,0,0.010000,13,7
3572,20,22.00,-60.00,0,0.010000,12,0
3573,0,0.00,0.00,1,0.010000,0,0
3574,20,129.00,179.00,0,0.010000,9,1
3575,20,-125.00,-115.00,0,0.010000,13,8
3576,20,-40.00,20.00,0,0.010000,11,0
3577,2,89.00,54.00,1,0.010000,0,0
3578,2,100.00,100.00,1,0.010000,0,0
3579,20,-115.00,-135.00,0,0.010000,15,9
3580,20,0.00,0.00,0,0.010000,10,0
3581,20,-115.00,-135.00,0,0.010000,13,10
3582,20,20.00,-90.00,0,0.010000,14,0
3583,20,60.00,-40.00,0,0.010000,11,0
3584,20,85.00,135.00,0,0.010000,10,0
3585,20,-125.00,-125.00,0,0.010000,15,7
3586,20,-40.00,20.00,0,0.010000,11,0
3587,20,21.00,-40.00,0,0.010000,11,1
3588,2,100.00,100.00,1,0.010000,0,0
3589,20,-120.00,-120.00,0,0.010000,14,9
3590,20,0.00,0.00,0,0.010000,10,0
3591,20,-135.00,-105.00,0,0.010000,13,7
3592,20,-120.00,80.00,0,0.010000,0,20
3593,20,-110.00,-130.00,0,0.010000,14,7
3594,20,85.00,135.00,0,0.010000,10,0
3595,20,-115.00,-135.00,0,0.010000,13,8
3596,20,-40.00,20.00,0,0.010000,11,0
3597,0,0.00,0.00,1,0.010000,0,0
3598,2,100.00,100.00,1,0.010000,0,0
3599,20,-135.00,-125.00,0,0.010000,15,9
3600,20,0.00,0.00,0,0.010000,10,0
3601,20,-130.00,-120.00,0,0.010000,14,7
3602,20,-145.00,-155.00,0,0.010000,13,10
3603,3,43.00,89.00,1,0.010000,1,0
3604,20,129.00,179.00,0,0.010000,9,1
3605,20,-120.00,-120.00,0,0.010000,14,7
3606,20,-40.00,20.00,0,0.010000,11,0
3607,20,-145.00,-125.00,0,0.010000,13,10
3608,2,100.00,100.00,1,0.010000,0,0
3609,20,-130.00,-110.00,0,0.010000,16,9
3610,20,0.00,0.00,0,0.010000,10,0
3611,20,-135.00,-105.00,0,0.010000,13,7
3612,1,50.00,50.00,1,0.010000,0,0
3613,20,-130.00,-150.00,0,0.010000,12,12
3614,20,85.00,135.00,0,0.010000,10,0
3615,20,-130.00,-130.00,0,0.010000,16,8
3616,20,-40.00,20.00,0,0.010000,11,0
3617,20,-110.00,-140.00,0,0.010000,14,7
3618,2,100.00,100.00,1,0.010000,0,0
3619,20,-125.00,-125.00,0,0.010000,15,8
3620,20,0.00,0.00,0,0.010000,10,0
3621,20,-135.00,-105.00,0,0.010000,13,7
3622,20,45.00,-45.00,0,0.010000,11,1
3623,20,-135.00,-115.00,0,0.010000,15,9
3624,20,85.00,135.00,0,0.010000,10,0
3625,20,-115.00,-125.00,0,0.010000,13,9
3626,20,-40.00,20.00,0,0.010000,11,0
3627,20,118.00,-52.00,0,0.010000,1,17
3628,2,100.00,100.00,1,0.010000,0,0
3629,20,-115.00,-125.00,0,0.010000,15,9
3630,20,0.00,0.00,0,0.010000,10,0
3631,20,-140.00,-100.00,0,0.010000,12,8
3632,20,49.00,39.00,0,0.010000,10,1
3633,20,-69.00,111.00,0,0.010000,1,18
3634,20,129.00,179.00,0,0.010000,9,1
3635,20,-110.00,-130.00,0,0.010000,14,7
3636,20,-40.00,20.00,0,0.010000,11,0
3637,20,-175.00,-95.00,0,0.010000,11,9
3638,2,100.00,100.00,1,0.010000,0,0
3639,20,-120.00,-130.00,0,0.010000,14,8
3640,20,0.00,0.00,0,0.010000,10,0
3641,20,-130.00,-110.00,0,0.010000,14,7
3642,20,-40.00,60.00,0,0.010000,11,0
3643,20,20.00,-40.00,0,0.010000,11,0
3644,20,85.00,135.00,0,0.010000,10,0
3645,20,-140.00,-130.00,0,0.010000,16,8
3646,20,-40.00,20.00,0,0.010000,11,0
3647,0,0.00,0.00,1,0.010000,0,0
3648,2,100.00,100.00,1,0.010000,0,0
3649,20,-130.00,-110.00,0,0.010000,14,10
3650,20,0.00,0.00,0,0.010000,10,0
3651,20,-140.00,-110.00,0,0.010000,14,10
3652,20,-140.00,-140.00,0,0.010000,10,11
3653,0,0.00,0.00,1,0.010000,0,0
3654,20,124.00,174.00,0,0.010000,10,1
3655,20,-110.00,-130.00,0,0.010000,14,8
3656,20,-40.00,20.00,0,0.010000,11,0
3657,20,44.00,44.00,0,0.010000,9,1
3658,2,100.00,100.00,1,0.010000,0,0
3659,20,-130.00,-120.00,0,0.010000,16,10
3660,20,0.00,0.00,0,0.010000,10,0
3661,20,-140.00,-120.00,0,0.010000,16,12
3662,20,-125.00,-135.00,0,0.010000,15,7
3663,20,85.00,135.00,0,0.010000,10,0
3664,20,85.00,135.00,0,0.010000,10,0
3665,20,-120.00,-130.00,0,0.010000,14,8
3666,20,-40.00,20.00,0,0.010000,11,0
3667,20,-130.00,-120.00,0,0.010000,14,7
3668,2,100.00,100.00,1,0.010000,0,0
3669,20,-140.00,-110.00,0,0.010000,14,9
3670,20,0.00,0.00,0,0.010000,10,0
3671,20,-140.00,-110.00,0,0.010000,12,9
3672,20,-165.00,-115.00,0,0.010000,11,9
3673,0,0.00,0.00,1,0.010000,0,0
3674,20,85.00,135.00,0,0.010000,10,0
3675,20,-125.00,-125.00,0,0.010000,15,8
3676,20,-40.00,20.00,0,0.010000,11,0
3677,20,-135.00,-115.00,0,0.010000,15,8
3678,2,100.00,100.00,1,0.010000,0,0
3679,20,-115.00,-125.00,0,0.010000,15,9
3680,20,0.00,0.00,0,0.010000,10,0
3681,20,-120.00,-120.00,0,0.010000,14,6
3682,20,126.00,-64.00,0,0.010000,0,19
3683,2,54.00,100.00,1,0.010000,0,0
3684,20,85.00,135.00,0,0.010000,10,0
3685,20,-110.00,-140.00,0,0.010000,14,9
3686,20,-60.00,20.00,0,0.010000,12,0
3687,20,-64.00,157.00,0,0.010000,1,17
3688,2,100.00,100.00,1,0.010000,0,0
3689,20,-120.00,-140.00,0,0.010000,14,9
3690,20,0.00,0.00,0,0.010000,10,0
3691,20,-135.00,-105.00,0,0.010000,13,7
3692,0,0.00,0.00,1,0.010000,0,0
3693,20,-140.00,-150.00,0,0.010000,12,9
3694,20,85.00,135.00,0,0.010000,10,0
3695,20,-125.00,-125.00,0,0.010000,15,9
3696,20,-40.00,20.00,0,0.010000,11,0
3697,0,0.00,0.00,1,0.010000,0,0
3698,2,100.00,100.00,1,0.010000,0,0
3699,20,-130.00,-110.00,0,0.010000,14,10
3700,20,49.00,39.00,0,0.010000,10,0
3701,20,-145.00,-95.00,0,0.010000,13,7
3702,20,-130.00,-130.00,0,0.010000,14,12
3703,1,50.00,4.00,1,0.010000,0,0
3704,20,85.00,135.00,0,0.010000,10,0
3705,20,-110.00,-130.00,0,0.010000,14,8
3706,20,-40.00,20.00,0,0.010000,11,0
3707,20,-64.00,157.00,0,0.010000,1,17
3708,2,100.00,100.00,1,0.010000,0,0
3709,20,-140.00,-100.00,0,0.010000,16,9
3710,20,0.00,0.00,0,0.010000,10,0
3711,20,-115.00,-125.00,0,0.010000,13,7
3712,2,89.00,39.00,1,0.010000,1,0
3713,2,49.00,39.00,1,0.010000,1,1
3714,20,85.00,135.00,0,0.010000,10,0
3715,20,-110.00,-130.00,0,0.010000,14,7
3716,20,-40.00,20.00,0,0.010000,11,0
3717,20,85.00,135.00,0,0.010000,10,0
3718,2,100.00,100.00,1,0.010000,0,0
3719,20,-110.00,-130.00,0,0.010000,14,9
3720,20,39.00,39.00,0,0.010000,10,1
3721,20,-135.00,-105.00,0,0.010000,13,7
3722,20,126.00,-64.00,0,0.010000,0,19
3723,20,-120.00,-140.00,0,0.010000,14,6
3724,20,144.00,184.00,0,0.010000,9,0
3725,20,-125.00,-125.00,0,0.010000,15,6
3726,20,-50.00,50.00,0,0.010000,11,1
3727,20,44.00,44.00,0,0.010000,9,1
3728,2,100.00,100.00,1,0.010000,0,0
3729,20,-140.00,-120.00,0,0.010000,16,8
3730,20,0.00,0.00,0,0.010000,10,0
3731,20,-135.00,-115.00,0,0.010000,15,9
3732,20,-115.00,-125.00,0,0.010000,13,9
3733,1,50.00,50.00,1,0.010000,0,0
3734,20,85.00,135.00,0,0.010000,10,0
3735,20,-110.00,-130.00,0,0.010000,14,8
3736,20,-40.00,20.00,0,0.010000,11,0
3737,20,-69.00,126.00,0,0.010000,1,19
3738,2,100.00,100.00,1,0.010000,0,0
3739,20,-135.00,-105.00,0,0.010000,15,9
3740,20,0.00,0.00,0,0.010000,10,0
3741,20,-120.00,-120.00,0,0.010000,14,6
3742,2,39.00,89.00,1,0.010000,1,0
3743,0,0.00,0.00,1,0.010000,0,0
3744,20,85.00,135.00,0,0.010000,10,0
3745,20,-135.00,-115.00,0,0.010000,15,7
3746,20,-40.00,20.00,0,0.010000,11,0
3747,20,15.00,-45.00,0,0.010000,11,1
3748,2,100.00,100.00,1,0.010000,0,0
3749,20,-135.00,-125.00,0,0.010000,15,10
3750,20,39.00,49.00,0,0.010000,10,1
3751,20,-135.00,-105.00,0,0.010000,13,7
3752,20,-69.00,161.00,0,0.010000,1,18
3753,20,157.00,-74.00,0,0.010000,2,17
3754,20,85.00,135.00,0,0.010000,10,0
3755,20,-105.00,-145.00,0,0.010000,15,8
3756,20,-40.00,20.00,0,0.010000,11,0
3757,20,-115.00,-165.00,0,0.010000,9,11
3758,2,100.00,100.00,1,0.010000,0,0
3759,20,-140.00,-100.00,0,0.010000,14,10
3760,20,0.00,0.00,0,0.010000,10,0
3761,20,-140.00,-110.00,0,0.010000,14,10
3762,20,-125.00,-125.00,0,0.010000,15,8
3763,2,100.00,100.00,1,0.010000,0,0
3764,20,146.00,186.00,0,0.010000,9,0
3765,20,-115.00,-125.00,0,0.010000,13,9
3766,20,-80.00,51.00,0,0.010000,13,0
3767,2,39.00,89.00,1,0.010000,1,0
3768,2,100.00,100.00,1,0.010000,0,0
3769,20,-125.00,-125.00,0,0.010000,15,9
3770,20,0.00,0.00,0,0.010000,10,0
3771,20,-130.00,-110.00,0,0.010000,12,8
3772,20,-140.00,-140.00,0,0.010000,6,14
3773,0,0.00,0.00,1,0.010000,0,0
3774,20,85.00,135.00,0,0.010000,10,0
3775,20,-110.00,-140.00,0,0.010000,14,7
3776,20,-40.00,20.00,0,0.010000,11,0
3777,1,50.00,4.00,1,0.010000,0,0
3778,2,100.00,100.00,1,0.010000,0,0
3779,20,-110.00,-130.00,0,0.010000,14,9
3780,20,0.00,0.00,0,0.010000,10,0
3781,20,-140.00,-110.00,0,0.010000,16,7
3782,1,50.00,50.00,1,0.010000,0,0
3783,0,0.00,0.00,1,0.010000,0,0
3784,20,85.00,135.00,0,0.010000,10,0
3785,20,-120.00,-120.00,0,0.010000,14,7
3786,20,-40.00,20.00,0,0.010000,11,0
3787,0,0.00,0.00,1,0.010000,0,0
3788,2,100.00,100.00,1,0.010000,0,0
3789,20,-140.00,-100.00,0,0.010000,16,9
3790,20,39.00,39.00,0,0.010000,10,1
3791,20,-125.00,-115.00,0,0.010000,13,7
3792,20,-120.00,-120.00,0,0.010000,16,7
3793,20,172.00,-74.00,0,0.010000,2,18
3794,20,85.00,135.00,0,0.010000,10,0
3795,20,-120.00,-130.00,0,0.010000,14,7
3796,20,-40.00,20.00,0,0.010000,11,0
3797,20,-115.00,-125.00,0,0.010000,13,8
3798,2,100.00,100.00,1,0.010000,0,0
3799,20,-120.00,-130.00,0,0.010000,14,8
3800,20,0.00,0.00,0,0.010000,10,0
3801,20,-140.00,-110.00,0,0.010000,14,10
3802,0,0.00,0.00,1,0.010000,0,0
3803,20,80.00,-120.00,0,0.010000,0,20
3804,20,85.00,135.00,0,0.010000,10,0
3805,20,-105.00,-145.00,0,0.010000,15,7
3806,20,-55.00,5.00,0,0.010000,11,2
3807,20,-52.00,34.00,0,0.010000,5,13
3808,2,100.00,100.00,1,0.010000,0,0
3809,20,-130.00,-120.00,0,0.010000,14,9
3810,20,44.00,44.00,0,0.010000,9,1
3811,20,-120.00,-120.00,0,0.010000,12,8
3812,20,20.00,-50.00,0,0.010000,12,0
3813,0,0.00,0.00,1,0.010000,0,0
3814,20,124.00,174.00,0,0.010000,10,1
3815,20,-100.00,-140.00,0,0.010000,14,8
3816,20,-40.00,20.00,0,0.010000,11,0
3817,20,-135.00,-115.00,0,0.010000,15,7
3818,2,100.00,100.00,1,0.010000,0,0
3819,20,-135.00,-115.00,0,0.010000,15,9
3820,20,0.00,0.00,0,0.010000,10,0
3821,20,-140.00,-100.00,0,0.010000,14,6
3822,20,-115.00,-125.00,0,0.010000,15,7
3823,20,161.00,-69.00,0,0.010000,1,18
3824,20,85.00,135.00,0,0.010000,10,0
3825,20,-110.00,-140.00,0,0.010000,14,8
3826,20,-40.00,20.00,0,0.010000,11,0
3827,1,50.00,50.00,1,0.010000,0,0
3828,2,100.00,100.00,1,0.010000,0,0
3829,20,-125.00,-115.00,0,0.010000,15,9
3830,20,0.00,0.00,0,0.010000,10,0
3831,20,-140.00,-100.00,0,0.010000,12,8
3832,20,-145.00,-135.00,0,0.010000,11,11
3833,20,-135.00,-115.00,0,0.010000,15,8
3834,20,85.00,135.00,0,0.010000,10,0
3835,20,-115.00,-135.00,0,0.010000,13,10
3836,20,-40.00,20.00,0,0.010000,11,0
3837,20,20.00,-40.00,0,0.010000,11,0
3838,2,100.00,100.00,1,0.010000,0,0
3839,20,-120.00,-120.00,0,0.010000,14,9
3840,20,44.00,44.00,0,0.010000,9,1
3841,20,-130.00,-110.00,0,0.010000,14,6
3842,20,0.00,0.00,0,0.010000,10,0
3843,0,0.00,0.00,1,0.010000,0,0
3844,20,85.00,135.00,0,0.010000,10,0
3845,20,-130.00,-110.00,0,0.010000,14,7
3846,20,-40.00,20.00,0,0.010000,11,0
3847,2,89.00,39.00,1,0.010000,1,0
3848,2,100.00,100.00,1,0.010000,0,0
3849,20,-130.00,-110.00,0,0.010000,16,9
3850,20,0.00,0.00,0,0.010000,10,0
3851,20,-130.00,-110.00,0,0.010000,12,8
3852,20,-100.00,-140.00,0,0.010000,14,8
3853,20,-120.00,80.00,0,0.010000,0,20
3854,20,144.00,184.00,0,0.010000,9,0
3855,20,-130.00,-130.00,0,0.010000,14,9
3856,20,-40.00,20.00,0,0.010000,11,0
3857,20,-125.00,-115.00,0,0.010000,15,8
3858,2,100.00,100.00,1,0.010000,0,0
3859,20,-130.00,-120.00,0,0.010000,14,10
3860,20,0.00,0.00,0,0.010000,10,0
3861,20,-135.00,-105.00,0,0.010000,13,7
3862,20,-135.00,-105.00,0,0.010000,15,10
3863,20,5.00,55.00,0,0.010000,11,0
3864,20,85.00,135.00,0,0.010000,10,0
3865,20,-120.00,-120.00,0,0.010000,14,7
3866,20,-40.00,20.00,0,0.010000,11,0
3867,4,-7.00,88.00,1,0.010000,2,0
3868,2,100.00,100.00,1,0.010000,0,0
3869,20,-125.00,-115.00,0,0.010000,15,10
3870,20,39.00,39.00,0,0.010000,10,1
3871,20,-140.00,-100.00,0,0.010000,12,8
3872,20,126.00,-64.00,0,0.010000,0,19
3873,20,-2.00,-22.00,0,0.010000,11,0
3874,20,129.00,179.00,0,0.010000,9,1
3875,20,-120.00,-130.00,0,0.010000,14,9
3876,20,-40.00,20.00,0,0.010000,11,0
3877,20,-69.00,161.00,0,0.010000,1,18
3878,2,100.00,100.00,1,0.010000,0,0
3879,20,-135.00,-105.00,0,0.010000,15,9
3880,20,0.00,0.00,0,0.010000,10,0
3881,20,-130.00,-110.00,0,0.010000,14,6
3882,0,0.00,0.00,1,0.010000,0,0
3883,20,35.00,85.00,0,0.010000,11,1
3884,20,134.00,174.00,0,0.010000,10,1
3885,20,-110.00,-130.00,0,0.010000,14,7
3886,20,-40.00,20.00,0,0.010000,11,0
3887,20,-120.00,-120.00,0,0.010000,14,8
3888,2,100.00,100.00,1,0.010000,0,0
3889,20,-135.00,-115.00,0,0.010000,13,9
3890,20,0.00,0.00,0,0.010000,10,0
3891,20,-130.00,-120.00,0,0.010000,12,10
3892,20,-125.00,-125.00,0,0.010000,15,7
3893,2,100.00,100.00,1,0.010000,0,0
3894,20,144.00,184.00,0,0.010000,9,0
3895,20,-105.00,-155.00,0,0.010000,15,7
3896,20,-40.00,20.00,0,0.010000,11,0
3897,20,-30.00,60.00,0,0.010000,10,0
3898,2,100.00,100.00,1,0.010000,0,0
3899,20,-125.00,-115.00,0,0.010000,15,10
3900,20,0.00,0.00,0,0.010000,10,0
3901,20,-140.00,-110.00,0,0.010000,16,7
3902,20,-69.00,161.00,0,0.010000,1,18
3903,20,-135.00,-105.00,0,0.010000,13,8
3904,20,85.00,135.00,0,0.010000,10,0
3905,20,-120.00,-120.00,0,0.010000,14,8
3906,20,-40.00,20.00,0,0.010000,11,0
3907,20,-64.00,172.00,0,0.010000,1,18
3908,2,100.00,100.00,1,0.010000,0,0
3909,20,-125.00,-115.00,0,0.010000,15,9
3910,20,0.00,0.00,0,0.010000,10,0
3911,20,-135.00,-125.00,0,0.010000,15,10
3912,20,-30.00,-60.00,0,0.010000,13,0
3913,20,-69.00,111.00,0,0.010000,1,18
3914,20,85.00,135.00,0,0.010000,10,0
3915,20,-110.00,-130.00,0,0.010000,14,8
3916,20,-40.00,20.00,0,0.010000,11,0
3917,20,-135.00,-105.00,0,0.010000,13,7
3918,2,100.00,100.00,1,0.010000,0,0
3919,20,-110.00,-140.00,0,0.010000,16,9
3920,20,-22.00,-12.00,0,0.010000,11,1
3921,20,-135.00,-105.00,0,0.010000,11,9
3922,20,-120.00,80.00,0,0.010000,0,20
3923,0,0.00,0.00,1,0.010000,0,0
3924,20,85.00,135.00,0,0.010000,10,0
3925,20,-125.00,-125.00,0,0.010000,13,8
3926,20,-40.00,20.00,0,0.010000,11,0
3927,2,89.00,54.00,1,0.010000,0,0
3928,2,100.00,100.00,1,0.010000,0,0
3929,20,-135.00,-105.00,0,0.010000,15,9
3930,20,-12.00,-12.00,0,0.010000,11,0
3931,20,-130.00,-110.00,0,0.010000,14,6
3932,20,-69.00,111.00,0,0.010000,1,18
3933,20,-17.00,-7.00,0,0.010000,10,1
3934,20,85.00,135.00,0,0.010000,10,0
3935,20,-110.00,-130.00,0,0.010000,14,7
3936,20,-40.00,20.00,0,0.010000,11,0
3937,20,-69.00,172.00,0,0.010000,1,18
3938,2,100.00,100.00,1,0.010000,0,0
3939,20,-125.00,-125.00,0,0.010000,15,10
3940,20,0.00,0.00,0,0.010000,10,0
3941,20,-135.00,-105.00,0,0.010000,13,7
3942,0,0.00,0.00,1,0.010000,0,0
3943,20,-64.00,126.00,0,0.010000,0,19
3944,20,85.00,135.00,0,0.010000,10,0
3945,20,-110.00,-130.00,0,0.010000,14,7
3946,20,-40.00,20.00,0,0.010000,11,0
3947,20,0.00,0.00,0,0.010000,10,0
3948,2,100.00,100.00,1,0.010000,0,0
3949,20,-125.00,-125.00,0,0.010000,13,9
3950,20,0.00,0.00,0,0.010000,10,0
3951,20,-135.00,-115.00,0,0.010000,13,7
3952,20,0.00,0.00,0,0.010000,10,0
3953,20,20.00,-70.00,0,0.010000,13,0
3954,20,85.00,135.00,0,0.010000,10,0
3955,20,-130.00,-120.00,0,0.010000,16,7
3956,20,-40.00,20.00,0,0.010000,11,0
3957,20,-69.00,172.00,0,0.010000,1,18
3958,2,100.00,100.00,1,0.010000,0,0
3959,20,-140.00,-100.00,0,0.010000,16,8
3960,20,0.00,0.00,0,0.010000,10,0
3961,20,-135.00,-105.00,0,0.010000,13,7
3962,1,50.00,50.00,1,0.010000,0,0
3963,20,-9.00,-30.00,0,0.010000,11,0
3964,20,85.00,135.00,0,0.010000,10,0
3965,20,-115.00,-125.00,0,0.010000,13,9
3966,20,-40.00,20.00,0,0.010000,11,0
3967,20,-120.00,-170.00,0,0.010000,12,8
3968,2,100.00,100.00,1,0.010000,0,0
3969,20,-120.00,-120.00,0,0.010000,14,10
3970,20,0.00,0.00,0,0.010000,10,0
3971,20,-135.00,-105.00,0,0.010000,13,7
3972,20,-30.00,-9.00,0,0.010000,11,0
3973,2,54.00,89.00,1,0.010000,0,0
3974,20,85.00,135.00,0,0.010000,10,0
3975,20,-125.00,-125.00,0,0.010000,15,7
3976,20,-40.00,20.00,0,0.010000,11,0
3977,1,50.00,50.00,1,0.010000,0,0
3978,2,100.00,100.00,1,0.010000,0,0
3979,20,-125.00,-115.00,0,0.010000,15,9
3980,20,44.00,44.00,0,0.010000,9,1
3981,20,-120.00,-120.00,0,0.010000,12,8
3982,2,54.00,89.00,1,0.010000,0,0
3983,3,78.00,38.00,1,0.010000,1,0
3984,20,134.00,174.00,0,0.010000,10,1
3985,20,-110.00,-130.00,0,0.010000,14,7
3986,20,-40.00,20.00,0,0.010000,11,0
3987,20,-60.00,50.00,0,0.010000,12,1
3988,2,100.00,100.00,1,0.010000,0,0
3989,20,-130.00,-120.00,0,0.010000,14,8
3990,20,0.00,0.00,0,0.010000,10,0
3991,20,-140.00,-100.00,0,0.010000,14,6
3992,20,-30.00,60.00,0,0.010000,10,0
3993,20,0.00,0.00,0,0.010000,10,0
3994,20,85.00,135.00,0,0.010000,10,0
3995,20,-115.00,-135.00,0,0.010000,13,9
3996,20,-40.00,20.00,0,0.010000,11,0
3997,0,0.00,0.00,1,0.010000,0,0
3998,2,100.00,100.00,1,0.010000,0,0
3999,20,-135.00,-115.00,0,0.010000,15,8

# Summary
# FirstGoalEpisode,2
# TotalGoalCount,620
# GoalRate_last100,0.19
