Episode,Steps,RewardZ1,RewardZ2,GoalReached,Epsilon,WastedByPenalty,WastedByNoEffect
0,0,0.00,0.00,0,0.300000,0,0
1,3,12.00,33.00,1,0.299100,1,1
2,3,-22.00,-3.00,1,0.300000,2,1
3,20,-75.00,80.00,0,0.299100,3,8
4,20,-200.00,-46.00,0,0.298203,18,4
5,20,126.00,-114.00,0,0.297308,9,4
6,20,-200.00,80.00,0,0.296416,18,3
7,4,87.00,16.00,1,0.295527,0,2
8,20,-11.00,-97.00,0,0.294640,11,7
9,20,24.00,-31.00,0,0.293756,8,9
10,20,-3.00,-8.00,0,0.292875,14,6
11,20,-200.00,80.00,0,0.291997,18,3
12,20,-8.00,-13.00,0,0.291121,15,8
13,20,-80.00,80.00,0,0.290247,6,0
14,20,-210.00,-100.00,0,0.289376,20,1
15,20,118.00,-94.00,0,0.288508,11,3
16,20,-180.00,80.00,0,0.287643,15,5
17,2,89.00,8.00,1,0.286780,0,0
18,20,126.00,-174.00,0,0.285920,3,19
19,20,53.00,-26.00,0,0.285062,15,5
20,20,62.00,-78.00,0,0.284207,19,1
21,20,-210.00,80.00,0,0.283354,18,5
22,20,33.00,-58.00,0,0.282504,19,1
23,20,-60.00,80.00,0,0.281656,4,3
24,20,-185.00,-42.00,0,0.280811,15,10
25,20,116.00,-74.00,0,0.279969,9,3
26,20,-195.00,80.00,0,0.279129,17,2
27,2,89.00,8.00,1,0.278292,0,0
28,20,-180.00,-35.00,0,0.277457,19,4
29,20,-15.00,1.00,0,0.276624,19,1
30,20,11.00,-19.00,0,0.275795,18,2
31,20,-195.00,80.00,0,0.274967,17,3
32,20,39.00,-46.00,0,0.274142,20,1
33,20,-110.00,80.00,0,0.273320,9,2
34,20,-175.00,-37.00,0,0.272500,16,4
35,20,126.00,-79.00,0,0.271682,11,1
36,20,-205.00,80.00,0,0.270867,18,2
37,3,88.00,12.00,1,0.270055,0,1
38,20,47.00,-46.00,0,0.269245,19,1
39,20,-21.00,50.00,0,0.268437,18,4
40,20,33.00,-67.00,0,0.267632,18,5
41,20,-200.00,80.00,0,0.266829,17,5
42,20,135.00,-195.00,0,0.266028,14,5
43,20,-90.00,80.00,0,0.265230,7,3
44,20,-210.00,-30.00,0,0.264434,20,1
45,20,95.00,-72.00,0,0.263641,11,3
46,20,-185.00,80.00,0,0.262850,16,6
47,2,89.00,8.00,1,0.262062,0,0
48,20,60.00,-60.00,0,0.261275,16,5
49,20,-7.00,40.00,0,0.260492,18,2
50,20,21.00,-44.00,0,0.259710,16,5
51,20,-200.00,80.00,0,0.258931,18,2
52,20,100.00,-110.00,0,0.258154,18,3
53,20,-80.00,80.00,0,0.257380,6,2
54,20,-210.00,-12.00,0,0.256608,20,0
55,20,118.00,-99.00,0,0.255838,12,3
56,20,-195.00,80.00,0,0.255070,17,3
57,2,89.00,8.00,1,0.254305,0,0
58,20,-23.00,-28.00,0,0.253542,15,6
59,20,-12.00,-34.00,0,0.252781,18,2
60,20,0.00,0.00,0,0.252023,20,0
61,20,-195.00,80.00,0,0.251267,17,1
62,20,40.00,-75.00,0,0.250513,20,5
63,20,-90.00,80.00,0,0.249762,7,1
64,20,-165.00,-21.00,0,0.249012,18,2
65,20,126.00,-69.00,0,0.248265,10,1
66,20,-210.00,80.00,0,0.247521,19,3
67,2,89.00,8.00,1,0.246778,0,0
68,20,-29.00,-21.00,0,0.246038,18,2
69,20,39.00,3.00,0,0.245300,19,1
70,20,-7.00,-2.00,0,0.244564,19,2
71,20,-165.00,80.00,0,0.243830,12,7
72,20,1.00,-29.00,0,0.243099,20,2
73,20,-115.00,80.00,0,0.242369,9,6
74,20,-190.00,67.00,0,0.241642,16,7
75,20,126.00,-109.00,0,0.240917,11,0
76,20,-210.00,80.00,0,0.240194,19,2
77,2,89.00,8.00,1,0.239474,0,0
78,20,8.00,-12.00,0,0.238755,19,2
79,20,-34.00,-6.00,0,0.238039,17,3
80,20,-4.00,6.00,0,0.237325,17,2
81,20,-140.00,80.00,0,0.236613,5,15
82,20,138.00,-167.00,0,0.235903,18,3
83,20,-40.00,80.00,0,0.235196,2,0
84,20,-180.00,39.00,0,0.234490,17,3
85,20,110.00,-92.00,0,0.233786,12,3
86,20,-190.00,80.00,0,0.233085,17,0
87,6,75.00,24.00,1,0.232386,2,2
88,20,6.00,-65.00,0,0.231689,19,3
89,20,24.00,-48.00,0,0.230994,17,3
90,20,-6.00,-26.00,0,0.230301,19,4
91,20,-160.00,80.00,0,0.229610,11,8
92,20,-7.00,3.00,0,0.228921,19,2
93,20,-90.00,80.00,0,0.228234,7,4
94,20,-180.00,37.00,0,0.227549,18,1
95,20,118.00,-112.00,0,0.226867,11,2
96,20,-210.00,80.00,0,0.226186,19,3
97,3,88.00,12.00,1,0.225508,0,1
98,20,-28.00,8.00,0,0.224831,18,2
99,20,-18.00,60.00,0,0.224157,16,4
100,20,73.00,-92.00,0,0.223484,17,3
101,20,-160.00,80.00,0,0.222814,9,13
102,20,79.00,-122.00,0,0.222145,20,1
103,20,-75.00,80.00,0,0.221479,5,3
104,20,-120.00,-17.00,0,0.220814,13,1
105,20,95.00,-82.00,0,0.220152,13,3
106,20,-180.00,80.00,0,0.219492,15,4
107,2,89.00,8.00,1,0.218833,0,0
108,20,-8.00,-9.00,0,0.218177,17,4
109,20,-55.00,59.00,0,0.217522,15,6
110,20,40.00,-60.00,0,0.216869,18,3
111,20,-180.00,80.00,0,0.216219,15,5
112,20,-12.00,8.00,0,0.215570,19,2
113,20,-60.00,80.00,0,0.214923,4,2
114,20,-95.00,14.00,0,0.214279,7,4
115,20,6.00,-60.00,0,0.213636,18,2
116,20,-200.00,80.00,0,0.212995,18,1
117,2,89.00,8.00,1,0.212356,0,0
118,20,-11.00,4.00,0,0.211719,16,2
119,20,-36.00,32.00,0,0.211084,16,3
120,20,41.00,-59.00,0,0.210450,15,4
121,20,-180.00,80.00,0,0.209819,13,9
122,20,39.00,-60.00,0,0.209190,16,5
123,20,-65.00,80.00,0,0.208562,4,1
124,20,-50.00,80.00,0,0.207936,2,3
125,20,-17.00,8.00,0,0.207313,19,2
126,20,-210.00,80.00,0,0.206691,19,1
127,2,89.00,8.00,1,0.206071,0,0
128,20,-16.00,6.00,0,0.205452,17,2
129,20,23.00,11.00,0,0.204836,17,3
130,20,37.00,-53.00,0,0.204222,19,3
131,20,-145.00,80.00,0,0.203609,7,13
132,20,24.00,-36.00,0,0.202998,16,4
133,20,-40.00,80.00,0,0.202389,2,1
134,20,-95.00,34.00,0,0.201782,9,2
135,20,60.00,-57.00,0,0.201177,16,3
136,20,-200.00,80.00,0,0.200573,18,3
137,2,89.00,8.00,1,0.199971,0,0
138,20,-23.00,-87.00,0,0.199371,16,4
139,20,-15.00,38.00,0,0.198773,14,6
140,20,63.00,-62.00,0,0.198177,15,1
141,20,-175.00,80.00,0,0.197582,14,5
142,20,90.00,-117.00,0,0.196990,18,3
143,20,-60.00,80.00,0,0.196399,4,1
144,20,-45.00,80.00,0,0.195809,2,2
145,20,60.00,-60.00,0,0.195222,17,3
146,20,-185.00,80.00,0,0.194636,16,3
147,2,89.00,8.00,1,0.194052,0,0
148,20,-38.00,16.00,0,0.193470,18,4
149,20,-3.00,58.00,0,0.192890,16,4
150,20,-6.00,4.00,0,0.192311,14,4
151,20,-125.00,80.00,0,0.191734,4,15
152,20,1.00,-45.00,0,0.191159,17,3
153,20,-65.00,80.00,0,0.190586,4,1
154,20,-60.00,80.00,0,0.190014,4,1
155,20,11.00,-4.00,0,0.189444,17,2
156,20,-200.00,80.00,0,0.188876,18,2
157,2,89.00,8.00,1,0.188309,0,0
158,20,16.00,-37.00,0,0.187744,16,7
159,20,21.00,6.00,0,0.187181,17,3
160,20,-25.00,-20.00,0,0.186619,16,6
161,20,-155.00,80.00,0,0.186059,8,13
162,20,-24.00,11.00,0,0.185501,18,4
163,20,-70.00,80.00,0,0.184945,5,3
164,20,-65.00,80.00,0,0.184390,4,2
165,20,86.00,-99.00,0,0.183837,16,0
166,20,-200.00,80.00,0,0.183285,18,2
167,1,50.00,4.00,1,0.182735,0,0
168,20,23.00,-38.00,0,0.182187,18,3
169,20,31.00,-6.00,0,0.181641,16,5
170,20,-43.00,27.00,0,0.181096,13,8
171,20,-205.00,80.00,0,0.180552,17,7
172,20,8.00,-12.00,0,0.180011,19,2
173,20,-110.00,80.00,0,0.179471,9,1
174,20,-40.00,80.00,0,0.178932,2,1
175,20,68.00,-64.00,0,0.178395,15,1
176,20,-160.00,80.00,0,0.177860,14,5
177,2,89.00,8.00,1,0.177327,0,0
178,20,-23.00,-90.00,0,0.176795,17,4
179,20,-43.00,63.00,0,0.176264,17,4
180,20,-65.00,35.00,0,0.175735,14,8
181,20,-160.00,80.00,0,0.175208,10,10
182,20,6.00,-14.00,0,0.174683,18,4
183,20,-80.00,80.00,0,0.174159,6,4
184,20,-60.00,72.00,0,0.173636,4,2
185,20,10.00,-5.00,0,0.173115,14,4
186,20,-155.00,80.00,0,0.172596,12,4
187,2,89.00,8.00,1,0.172078,0,0
188,20,38.00,-53.00,0,0.171562,18,3
189,20,45.00,-8.00,0,0.171047,13,7
190,20,28.00,-32.00,0,0.170534,13,5
191,20,-130.00,80.00,0,0.170022,4,15
192,20,-7.00,8.00,0,0.169512,18,2
193,20,-75.00,80.00,0,0.169004,5,6
194,20,-60.00,80.00,0,0.168497,4,3
195,20,61.00,-68.00,0,0.167991,13,3
196,20,-135.00,80.00,0,0.167487,10,5
197,2,89.00,8.00,1,0.166985,0,0
198,20,-17.00,-40.00,0,0.166484,17,3
199,20,-16.00,57.00,0,0.165984,17,2
200,20,-18.00,2.00,0,0.165487,14,8
201,20,-145.00,80.00,0,0.164990,6,16
202,20,49.00,-46.00,0,0.164495,19,1
203,20,-60.00,80.00,0,0.164002,4,0
204,20,-35.00,80.00,0,0.163510,1,2
205,20,56.00,-84.00,0,0.163019,14,4
206,20,-135.00,80.00,0,0.162530,10,6
207,2,89.00,8.00,1,0.162042,0,0
208,20,27.00,-53.00,0,0.161556,18,3
209,20,-16.00,55.00,0,0.161072,16,2
210,20,36.00,-54.00,0,0.160588,14,5
211,20,-135.00,80.00,0,0.160107,3,17
212,20,36.00,-65.00,0,0.159626,18,2
213,20,-40.00,80.00,0,0.159147,2,0
214,20,-90.00,72.00,0,0.158670,6,4
215,20,23.00,-12.00,0,0.158194,11,6
216,20,-110.00,80.00,0,0.157719,9,3
217,2,89.00,8.00,1,0.157246,0,0
218,20,-16.00,-14.00,0,0.156775,18,2
219,20,-16.00,57.00,0,0.156304,17,2
220,20,-13.00,-13.00,0,0.155835,15,6
221,20,-145.00,80.00,0,0.155368,5,15
222,20,71.00,-98.00,0,0.154902,20,1
223,20,-110.00,80.00,0,0.154437,9,1
224,20,-70.00,14.00,0,0.153974,6,0
225,20,13.00,-2.00,0,0.153512,12,6
226,20,-90.00,80.00,0,0.153051,7,1
227,2,89.00,8.00,1,0.152592,0,0
228,20,18.00,-58.00,0,0.152134,19,3
229,20,-15.00,38.00,0,0.151678,15,6
230,20,31.00,-54.00,0,0.151223,14,7
231,20,-175.00,80.00,0,0.150769,12,8
232,20,36.00,-50.00,0,0.150317,18,2
233,20,-180.00,80.00,0,0.149866,16,3
234,20,-60.00,80.00,0,0.149416,4,4
235,20,67.00,-53.00,0,0.148968,12,5
236,20,-40.00,80.00,0,0.148521,2,1
237,2,89.00,8.00,1,0.148076,0,0
238,20,36.00,-50.00,0,0.147631,16,5
239,20,33.00,27.00,0,0.147188,14,5
240,20,8.00,-22.00,0,0.146747,14,7
241,20,-145.00,80.00,0,0.146307,5,17
242,20,33.00,-64.00,0,0.145868,19,1
243,20,-210.00,80.00,0,0.145430,19,1
244,20,-45.00,80.00,0,0.144994,2,3
245,20,74.00,-91.00,0,0.144559,14,2
246,20,-75.00,80.00,0,0.144125,5,1
247,2,89.00,8.00,1,0.143693,0,0
248,20,27.00,-48.00,0,0.143262,17,3
249,20,-8.00,45.00,0,0.142832,15,4
250,20,-28.00,7.00,0,0.142403,15,6
251,20,-140.00,80.00,0,0.141976,6,12
252,20,-19.00,6.00,0,0.141550,18,4
253,20,-120.00,80.00,0,0.141126,10,0
254,20,-30.00,80.00,0,0.140702,1,0
255,20,82.00,-63.00,0,0.140280,13,3
256,20,-45.00,80.00,0,0.139859,2,3
257,2,89.00,8.00,1,0.139440,0,0
258,20,-36.00,-59.00,0,0.139021,17,5
259,20,43.00,-26.00,0,0.138604,16,5
260,20,26.00,-44.00,0,0.138189,13,5
261,20,-165.00,80.00,0,0.137774,9,12
262,20,57.00,-54.00,0,0.137361,17,1
263,20,-70.00,80.00,0,0.136949,5,1
264,20,-50.00,57.00,0,0.136538,4,0
265,20,67.00,-103.00,0,0.136128,13,6
266,20,-60.00,80.00,0,0.135720,4,0
267,2,89.00,8.00,1,0.135313,0,0
268,20,-8.00,-9.00,0,0.134907,17,4
269,20,48.00,19.00,0,0.134502,15,3
270,20,46.00,-64.00,0,0.134098,11,9
271,20,-135.00,80.00,0,0.133696,3,17
272,20,92.00,-112.00,0,0.133295,19,2
273,20,-60.00,80.00,0,0.132895,4,0
274,20,-65.00,80.00,0,0.132496,4,2
275,20,18.00,-7.00,0,0.132099,13,4
276,20,-40.00,80.00,0,0.131703,2,0
277,2,89.00,8.00,1,0.131308,0,0
278,20,-3.00,-6.00,0,0.130914,14,6
279,20,-6.00,45.00,0,0.130521,16,2
280,20,51.00,-74.00,0,0.130129,13,7
281,20,-145.00,80.00,0,0.129739,7,12
282,20,28.00,-79.00,0,0.129350,20,1
283,20,-85.00,80.00,0,0.128962,6,3
284,20,-40.00,80.00,0,0.128575,2,1
285,20,-17.00,-4.00,0,0.128189,13,4
286,20,-80.00,80.00,0,0.127805,5,2
287,2,89.00,8.00,1,0.127421,0,0
288,20,-8.00,-4.00,0,0.127039,16,4
289,20,28.00,-13.00,0,0.126658,16,1
290,20,46.00,-59.00,0,0.126278,11,9
291,20,-205.00,80.00,0,0.125899,18,2
292,20,89.00,-109.00,0,0.125521,20,0
293,20,-60.00,80.00,0,0.125145,4,0
294,20,-30.00,80.00,0,0.124769,1,0
295,20,84.00,-56.00,0,0.124395,14,1
296,20,-35.00,80.00,0,0.124022,1,3
297,2,89.00,8.00,1,0.123650,0,0
298,20,-6.00,-4.00,0,0.123279,16,4
299,20,-58.00,45.00,0,0.122909,17,2
300,20,64.00,-76.00,0,0.122540,11,7
301,20,-135.00,80.00,0,0.122173,3,18
302,20,16.00,-29.00,0,0.121806,17,4
303,20,-40.00,80.00,0,0.121441,2,0
304,20,-55.00,80.00,0,0.121076,3,2
305,20,59.00,-86.00,0,0.120713,14,4
306,20,-40.00,80.00,0,0.120351,2,0
307,2,89.00,8.00,1,0.119990,0,0
308,20,48.00,-57.00,0,0.119630,14,5
309,20,73.00,-41.00,0,0.119271,16,3
310,20,56.00,-59.00,0,0.118913,11,7
311,20,-130.00,80.00,0,0.118556,2,18
312,20,106.00,-156.00,0,0.118201,18,3
313,20,-75.00,80.00,0,0.117846,5,2
314,20,-40.00,80.00,0,0.117493,2,2
315,20,28.00,-12.00,0,0.117140,13,4
316,20,-20.00,80.00,0,0.116789,0,0
317,2,89.00,8.00,1,0.116438,0,0
318,20,4.00,19.00,0,0.116089,15,4
319,20,-40.00,53.00,0,0.115741,16,4
320,20,34.00,-56.00,0,0.115394,11,9
321,20,-135.00,80.00,0,0.115047,3,18
322,20,105.00,-115.00,0,0.114702,17,3
323,20,-45.00,80.00,0,0.114358,2,1
324,20,-35.00,80.00,0,0.114015,1,1
325,20,20.00,-2.00,0,0.113673,13,2
326,20,-60.00,80.00,0,0.113332,4,3
327,2,49.00,8.00,1,0.112992,0,0
328,20,6.00,-64.00,0,0.112653,16,5
329,20,-6.00,47.00,0,0.112315,17,2
330,20,38.00,-52.00,0,0.111978,13,7
331,20,-145.00,80.00,0,0.111642,6,13
332,20,95.00,-110.00,0,0.111307,17,3
333,20,-45.00,80.00,0,0.110973,2,1
334,20,-60.00,80.00,0,0.110640,4,1
335,20,30.00,-9.00,0,0.110308,12,2
336,20,-30.00,80.00,0,0.109978,0,2
337,2,89.00,8.00,1,0.109648,0,0
338,20,-6.00,-4.00,0,0.109319,16,4
339,20,48.00,-4.00,0,0.108991,16,3
340,20,46.00,-64.00,0,0.108664,12,9
341,20,-130.00,80.00,0,0.108338,2,19
342,20,125.00,-156.00,0,0.108013,19,2
343,20,-70.00,80.00,0,0.107689,5,3
344,20,-30.00,80.00,0,0.107366,1,0
345,20,28.00,-2.00,0,0.107044,13,2
346,20,-40.00,80.00,0,0.106722,2,1
347,2,89.00,8.00,1,0.106402,0,0
348,20,-8.00,-4.00,0,0.106083,16,4
349,20,75.00,-41.00,0,0.105765,16,3
350,20,15.00,-45.00,0,0.105448,13,6
351,20,-130.00,80.00,0,0.105131,3,17
352,20,5.00,-30.00,0,0.104816,12,8
353,20,-50.00,80.00,0,0.104501,3,1
354,20,-35.00,80.00,0,0.104188,1,3
355,20,74.00,-91.00,0,0.103875,14,2
356,20,-20.00,80.00,0,0.103564,0,0
357,2,89.00,8.00,1,0.103253,0,0
358,20,17.00,-60.00,0,0.102943,17,3
359,20,38.00,-1.00,0,0.102634,15,5
360,20,51.00,-79.00,0,0.102326,14,9
361,20,-155.00,80.00,0,0.102019,9,11
362,20,-86.00,49.00,0,0.101713,5,16
363,20,-45.00,80.00,0,0.101408,2,1
364,20,-85.00,72.00,0,0.101104,6,3
365,20,12.00,-22.00,0,0.100801,13,2
366,20,-50.00,80.00,0,0.100498,3,2
367,1,50.00,4.00,1,0.100197,0,0
368,20,110.00,-37.00,0,0.099896,4,15
369,20,118.00,-28.00,0,0.099597,3,17
370,20,31.00,-59.00,0,0.099298,14,5
371,20,-175.00,80.00,0,0.099000,13,6
372,20,-7.00,-22.00,0,0.098703,10,10
373,20,-85.00,80.00,0,0.098407,6,1
374,20,-75.00,80.00,0,0.098112,5,2
375,20,38.00,-12.00,0,0.097817,13,2
376,20,-40.00,80.00,0,0.097524,2,4
377,2,89.00,8.00,1,0.097231,0,0
378,20,48.00,-62.00,0,0.096940,5,15
379,20,50.00,-16.00,0,0.096649,6,13
380,20,-8.00,-13.00,0,0.096359,14,8
381,20,-155.00,80.00,0,0.096070,7,13
382,20,9.00,-42.00,0,0.095781,15,5
383,20,-40.00,80.00,0,0.095494,2,0
384,20,-30.00,80.00,0,0.095208,1,0
385,20,67.00,-68.00,0,0.094922,12,7
386,20,-65.00,80.00,0,0.094637,4,1
387,2,89.00,8.00,1,0.094353,0,0
388,20,101.00,-69.00,0,0.094070,3,19
389,20,110.00,-16.00,0,0.093788,4,15
390,20,28.00,-52.00,0,0.093507,15,5
391,20,-130.00,80.00,0,0.093226,2,18
392,20,3.00,-37.00,0,0.092946,11,10
393,20,-60.00,80.00,0,0.092668,4,2
394,20,-40.00,80.00,0,0.092390,2,1
395,20,18.00,-2.00,0,0.092112,12,4
396,20,-30.00,80.00,0,0.091836,1,1
397,2,89.00,8.00,1,0.091561,0,0
398,20,126.00,-69.00,0,0.091286,1,19
399,20,27.00,-24.00,0,0.091012,10,9
400,20,0.00,-20.00,0,0.090739,14,2
401,20,-125.00,80.00,0,0.090467,1,19
402,20,49.00,-76.00,0,0.090195,11,9
403,20,-50.00,80.00,0,0.089925,3,1
404,20,-60.00,57.00,0,0.089655,5,1
405,20,92.00,-68.00,0,0.089386,12,3
406,20,-40.00,80.00,0,0.089118,2,0
407,2,89.00,8.00,1,0.088851,0,0
408,20,126.00,-84.00,0,0.088584,2,19
409,20,110.00,-16.00,0,0.088318,4,15
410,20,-17.00,-12.00,0,0.088053,14,3
411,20,-135.00,80.00,0,0.087789,3,18
412,20,-7.00,-17.00,0,0.087526,10,10
413,20,-40.00,80.00,0,0.087263,2,0
414,20,-60.00,57.00,0,0.087001,5,1
415,20,28.00,-12.00,0,0.086740,12,4
416,20,-25.00,80.00,0,0.086480,0,1
417,2,89.00,8.00,1,0.086221,0,0
418,20,126.00,-69.00,0,0.085962,1,19
419,20,110.00,-26.00,0,0.085704,5,15
420,20,15.00,-35.00,0,0.085447,15,0
421,20,-125.00,80.00,0,0.085191,1,19
422,20,44.00,-76.00,0,0.084935,12,9
423,20,-85.00,80.00,0,0.084680,6,3
424,20,-30.00,80.00,0,0.084426,1,1
425,20,13.00,-4.00,0,0.084173,12,4
426,20,-40.00,80.00,0,0.083921,2,0
427,2,89.00,8.00,1,0.083669,0,0
428,20,58.00,-67.00,0,0.083418,5,15
429,20,118.00,-53.00,0,0.083168,5,17
430,20,5.00,-25.00,0,0.082918,15,0
431,20,-125.00,80.00,0,0.082669,2,20
432,20,59.00,-91.00,0,0.082421,12,9
433,20,-40.00,80.00,0,0.082174,2,0
434,20,-35.00,80.00,0,0.081927,1,2
435,20,28.00,-12.00,0,0.081682,12,4
436,20,-20.00,80.00,0,0.081437,0,0
437,2,89.00,8.00,1,0.081192,0,0
438,20,118.00,-67.00,0,0.080949,3,17
439,20,110.00,-31.00,0,0.080706,5,15
440,20,15.00,-35.00,0,0.080464,15,0
441,20,-140.00,80.00,0,0.080222,5,14
442,20,105.00,-147.00,0,0.079982,20,0
443,20,-80.00,80.00,0,0.079742,6,0
444,20,-70.00,80.00,0,0.079503,5,2
445,20,84.00,-116.00,0,0.079264,14,4
446,20,-20.00,80.00,0,0.079026,0,0
447,2,89.00,8.00,1,0.078789,0,0
448,20,58.00,-77.00,0,0.078553,6,15
449,20,118.00,-28.00,0,0.078317,3,17
450,20,15.00,-35.00,0,0.078082,15,0
451,20,-125.00,80.00,0,0.077848,1,19
452,20,53.00,-92.00,0,0.077614,15,6
453,20,-50.00,80.00,0,0.077382,3,0
454,20,-30.00,80.00,0,0.077149,1,1
455,20,74.00,-108.00,0,0.076918,13,4
456,20,-25.00,80.00,0,0.076687,0,1
457,2,89.00,8.00,1,0.076457,0,0
458,20,103.00,-89.00,0,0.076228,4,17
459,20,118.00,-38.00,0,0.075999,4,17
460,20,9.00,-11.00,0,0.075771,16,0
461,20,-120.00,80.00,0,0.075544,0,20
462,20,15.00,-40.00,0,0.075317,12,8
463,20,-40.00,80.00,0,0.075091,2,0
464,20,-30.00,80.00,0,0.074866,1,0
465,20,92.00,-68.00,0,0.074641,12,3
466,20,-20.00,80.00,0,0.074417,0,0
467,2,89.00,8.00,1,0.074194,0,0
468,20,50.00,-72.00,0,0.073972,6,13
469,20,110.00,-18.00,0,0.073750,3,15
470,20,59.00,-66.00,0,0.073528,13,0
471,20,-125.00,80.00,0,0.073308,1,19
472,20,61.00,-84.00,0,0.073088,13,7
473,20,-40.00,80.00,0,0.072869,2,0
474,20,-35.00,80.00,0,0.072650,1,1
475,20,82.00,-103.00,0,0.072432,12,4
476,20,-20.00,80.00,0,0.072215,0,0
477,2,89.00,8.00,1,0.071998,0,0
478,20,126.00,-69.00,0,0.071782,1,19
479,20,-4.00,-66.00,0,0.071567,8,12
480,20,3.00,-27.00,0,0.071352,13,3
481,20,-120.00,80.00,0,0.071138,0,20
482,20,61.00,-84.00,0,0.070925,13,7
483,20,-50.00,80.00,0,0.070712,3,1
484,20,-30.00,80.00,0,0.070500,1,0
485,20,74.00,-56.00,0,0.070288,13,3
486,20,-20.00,80.00,0,0.070077,0,1
487,2,89.00,8.00,1,0.069867,0,0
488,20,118.00,-69.00,0,0.069658,2,17
489,20,118.00,-28.00,0,0.069449,3,17
490,20,41.00,-59.00,0,0.069240,14,3
491,20,-125.00,80.00,0,0.069033,2,18
492,20,66.00,-94.00,0,0.068825,14,7
493,20,-50.00,80.00,0,0.068619,3,2
494,20,-55.00,80.00,0,0.068413,3,4
495,20,82.00,-103.00,0,0.068208,12,4
496,20,-50.00,80.00,0,0.068003,3,1
497,2,89.00,8.00,1,0.067799,0,0
498,20,118.00,-67.00,0,0.067596,3,17
499,20,118.00,-18.00,0,0.067393,2,17
500,20,40.00,-55.00,0,0.067191,17,3
501,20,-130.00,80.00,0,0.066989,2,18
502,20,109.00,-101.00,0,0.066788,11,9
503,20,-50.00,80.00,0,0.066588,3,1
504,20,-60.00,80.00,0,0.066388,4,2
505,20,84.00,-68.00,0,0.066189,12,3
506,20,-30.00,80.00,0,0.065990,1,1
507,2,89.00,8.00,1,0.065792,0,0
508,20,110.00,-90.00,0,0.065595,7,15
509,20,118.00,-43.00,0,0.065398,4,17
510,20,7.00,-28.00,0,0.065202,14,6
511,20,-125.00,80.00,0,0.065007,2,17
512,20,67.00,-63.00,0,0.064811,9,13
513,20,-50.00,80.00,0,0.064617,3,1
514,20,-30.00,80.00,0,0.064423,1,0
515,20,23.00,-2.00,0,0.064230,12,4
516,20,-20.00,80.00,0,0.064037,0,0
517,2,89.00,8.00,1,0.063845,0,0
518,20,126.00,-69.00,0,0.063654,1,19
519,20,113.00,-23.00,0,0.063463,3,17
520,20,5.00,-25.00,0,0.063272,13,6
521,20,-125.00,80.00,0,0.063082,1,20
522,20,117.00,-103.00,0,0.062893,9,11
523,20,-40.00,80.00,0,0.062705,2,0
524,20,-30.00,80.00,0,0.062516,1,0
525,20,62.00,-70.00,0,0.062329,13,5
526,20,-50.00,80.00,0,0.062142,3,1
527,2,89.00,8.00,1,0.061955,0,0
528,20,118.00,-69.00,0,0.061770,2,17
529,20,118.00,-23.00,0,0.061584,2,17
530,20,20.00,-60.00,0,0.061400,16,6
531,20,-125.00,80.00,0,0.061215,1,20
532,20,46.00,-107.00,0,0.061032,14,5
533,20,-40.00,80.00,0,0.060849,2,0
534,20,-40.00,80.00,0,0.060666,2,1
535,20,84.00,-68.00,0,0.060484,12,3
536,20,-60.00,80.00,0,0.060303,4,2
537,2,89.00,8.00,1,0.060122,0,0
538,20,126.00,-69.00,0,0.059941,1,19
539,20,118.00,-18.00,0,0.059761,2,17
540,20,46.00,-54.00,0,0.059582,13,3
541,20,-130.00,80.00,0,0.059403,2,19
542,20,12.00,-17.00,0,0.059225,12,7
543,20,-40.00,80.00,0,0.059048,2,1
544,20,-30.00,80.00,0,0.058870,1,0
545,20,82.00,-98.00,0,0.058694,12,4
546,20,-20.00,80.00,0,0.058518,0,0
547,2,89.00,8.00,1,0.058342,0,0
548,20,126.00,-79.00,0,0.058167,2,19
549,20,118.00,-28.00,0,0.057993,3,17
550,20,0.00,-25.00,0,0.057819,13,6
551,20,-170.00,80.00,0,0.057645,10,11
552,20,119.00,-112.00,0,0.057472,11,7
553,20,-40.00,80.00,0,0.057300,2,0
554,20,-30.00,80.00,0,0.057128,1,1
555,20,77.00,-98.00,0,0.056957,13,4
556,20,-25.00,80.00,0,0.056786,0,1
557,2,89.00,8.00,1,0.056615,0,0
558,20,126.00,-69.00,0,0.056445,1,19
559,20,118.00,-28.00,0,0.056276,3,17
560,20,12.00,-33.00,0,0.056107,15,4
561,20,-120.00,80.00,0,0.055939,0,20
562,20,-23.00,72.00,0,0.055771,2,18
563,20,-50.00,80.00,0,0.055604,3,1
564,20,-30.00,80.00,0,0.055437,1,0
565,20,82.00,-103.00,0,0.055271,12,4
566,20,-25.00,80.00,0,0.055105,0,1
567,2,89.00,8.00,1,0.054940,0,0
568,20,126.00,-69.00,0,0.054775,1,19
569,20,103.00,-13.00,0,0.054610,3,17
570,20,126.00,-79.00,0,0.054447,2,19
571,20,-110.00,80.00,0,0.054283,0,20
572,20,-20.00,80.00,0,0.054120,0,20
573,20,-40.00,80.00,0,0.053958,2,0
574,20,-30.00,80.00,0,0.053796,1,1
575,20,28.00,-12.00,0,0.053635,12,4
576,20,-20.00,80.00,0,0.053474,0,0
577,2,89.00,8.00,1,0.053314,0,0
578,20,118.00,-77.00,0,0.053154,4,17
579,20,110.00,-18.00,0,0.052994,3,15
580,20,121.00,-74.00,0,0.052835,2,17
581,20,-150.00,80.00,0,0.052677,6,15
582,20,47.00,-23.00,0,0.052519,5,16
583,20,-40.00,80.00,0,0.052361,2,0
584,20,-50.00,80.00,0,0.052204,3,0
585,20,92.00,-73.00,0,0.052047,13,3
586,20,-40.00,80.00,0,0.051891,2,0
587,2,89.00,8.00,1,0.051736,0,0
588,20,103.00,-62.00,0,0.051580,4,17
589,20,-18.00,-14.00,0,0.051426,10,9
590,20,116.00,-64.00,0,0.051271,1,19
591,20,-120.00,80.00,0,0.051117,0,20
592,20,-20.00,80.00,0,0.050964,0,20
593,20,-40.00,80.00,0,0.050811,2,0
594,20,-30.00,80.00,0,0.050659,1,1
595,20,84.00,-73.00,0,0.050507,12,3
596,20,-30.00,80.00,0,0.050355,1,1
597,2,89.00,8.00,1,0.050204,0,0
598,20,58.00,-67.00,0,0.050054,5,15
599,20,118.00,-18.00,0,0.049903,2,17
600,20,126.00,-109.00,0,0.049754,5,17
601,20,-145.00,80.00,0,0.049605,5,15
602,20,-25.00,80.00,0,0.049456,0,20
603,20,-70.00,80.00,0,0.049307,5,1
604,20,-30.00,80.00,0,0.049159,1,0
605,20,82.00,-103.00,0,0.049012,12,4
606,20,-50.00,80.00,0,0.048865,3,0
607,2,89.00,8.00,1,0.048718,0,0
608,20,126.00,-69.00,0,0.048572,1,19
609,20,110.00,-16.00,0,0.048426,4,15
610,20,126.00,-69.00,0,0.048281,1,19
611,20,-115.00,80.00,0,0.048136,0,20
612,20,143.00,-114.00,0,0.047992,5,15
613,20,-40.00,80.00,0,0.047848,2,0
614,20,-30.00,80.00,0,0.047704,1,1
615,20,84.00,-66.00,0,0.047561,13,3
616,20,-25.00,80.00,0,0.047419,0,1
617,2,89.00,8.00,1,0.047276,0,0
618,20,118.00,-67.00,0,0.047134,3,17
619,20,118.00,-28.00,0,0.046993,3,17
620,20,126.00,-69.00,0,0.046852,1,19
621,20,-120.00,80.00,0,0.046712,0,20
622,20,27.00,22.00,0,0.046571,3,16
623,20,-40.00,80.00,0,0.046432,2,0
624,20,-30.00,80.00,0,0.046292,1,0
625,20,38.00,-12.00,0,0.046154,13,2
626,20,-20.00,80.00,0,0.046015,0,1
627,2,89.00,8.00,1,0.045877,0,0
628,20,126.00,-69.00,0,0.045739,1,19
629,20,118.00,-23.00,0,0.045602,2,17
630,20,126.00,-79.00,0,0.045465,2,19
631,20,-120.00,80.00,0,0.045329,0,20
632,20,-20.00,80.00,0,0.045193,0,20
633,20,-50.00,80.00,0,0.045057,2,2
634,20,-30.00,80.00,0,0.044922,1,0
635,20,28.00,-19.00,0,0.044787,12,4
636,20,-20.00,80.00,0,0.044653,0,0
637,2,89.00,8.00,1,0.044519,0,0
638,20,126.00,-74.00,0,0.044386,1,19
639,20,96.00,10.00,0,0.044252,2,17
640,20,126.00,-69.00,0,0.044120,1,19
641,20,-120.00,80.00,0,0.043987,0,20
642,20,62.00,-13.00,0,0.043855,3,16
643,20,-40.00,80.00,0,0.043724,2,0
644,20,-40.00,80.00,0,0.043593,2,1
645,20,84.00,-78.00,0,0.043462,12,3
646,20,-20.00,80.00,0,0.043331,0,0
647,2,89.00,8.00,1,0.043201,0,0
648,20,126.00,-69.00,0,0.043072,1,19
649,20,118.00,-18.00,0,0.042943,2,17
650,20,126.00,-99.00,0,0.042814,4,17
651,20,-120.00,80.00,0,0.042685,0,20
652,20,-20.00,80.00,0,0.042557,0,20
653,20,-45.00,80.00,0,0.042430,2,1
654,20,-30.00,80.00,0,0.042302,1,0
655,20,38.00,-12.00,0,0.042175,13,2
656,20,-30.00,80.00,0,0.042049,1,1
657,2,89.00,8.00,1,0.041923,0,0
658,20,118.00,-69.00,0,0.041797,2,17
659,20,110.00,-28.00,0,0.041672,4,15
660,20,118.00,-72.00,0,0.041547,3,17
661,20,-120.00,80.00,0,0.041422,1,20
662,20,106.00,-59.00,0,0.041298,2,17
663,20,-50.00,80.00,0,0.041174,3,1
664,20,-35.00,80.00,0,0.041050,1,1
665,20,82.00,-108.00,0,0.040927,13,4
666,20,-20.00,80.00,0,0.040804,0,0
667,3,88.00,12.00,1,0.040682,0,1
668,20,126.00,-69.00,0,0.040560,1,19
669,20,100.00,-11.00,0,0.040438,4,15
670,20,126.00,-89.00,0,0.040317,3,15
671,20,-115.00,80.00,0,0.040196,0,20
672,20,-30.00,80.00,0,0.040075,1,20
673,20,-40.00,80.00,0,0.039955,2,0
674,20,-40.00,80.00,0,0.039835,2,1
675,20,76.00,-76.00,0,0.039716,13,3
676,20,-20.00,80.00,0,0.039597,0,0
677,2,89.00,8.00,1,0.039478,0,0
678,20,126.00,-89.00,0,0.039359,3,19
679,20,118.00,-28.00,0,0.039241,3,17
680,20,126.00,-69.00,0,0.039124,1,19
681,20,-120.00,80.00,0,0.039006,0,20
682,20,-30.00,80.00,0,0.038889,1,20
683,20,-40.00,80.00,0,0.038773,2,0
684,20,-30.00,80.00,0,0.038656,1,0
685,20,87.00,-70.00,0,0.038540,11,3
686,20,-20.00,80.00,0,0.038425,0,0
687,2,89.00,8.00,1,0.038309,0,0
688,20,126.00,-69.00,0,0.038194,1,19
689,20,118.00,-18.00,0,0.038080,2,17
690,20,126.00,-79.00,0,0.037966,2,19
691,20,-120.00,80.00,0,0.037852,0,20
692,20,-20.00,80.00,0,0.037738,0,20
693,20,-60.00,80.00,0,0.037625,4,2
694,20,-30.00,80.00,0,0.037512,1,0
695,20,38.00,-14.00,0,0.037400,12,2
696,20,-20.00,80.00,0,0.037287,0,0
697,2,89.00,8.00,1,0.037175,0,0
698,20,126.00,-69.00,0,0.037064,1,19
699,20,118.00,-18.00,0,0.036953,2,17
700,20,126.00,-69.00,0,0.036842,1,19
701,20,-120.00,80.00,0,0.036731,0,20
702,20,37.00,12.00,0,0.036621,3,16
703,20,-40.00,80.00,0,0.036511,2,0
704,20,-30.00,80.00,0,0.036402,1,0
705,20,28.00,-17.00,0,0.036293,13,4
706,20,-20.00,80.00,0,0.036184,0,0
707,2,89.00,8.00,1,0.036075,0,0
708,20,126.00,-79.00,0,0.035967,2,19
709,20,102.00,-16.00,0,0.035859,5,13
710,20,126.00,-69.00,0,0.035751,1,19
711,20,-125.00,80.00,0,0.035644,1,20
712,20,-20.00,80.00,0,0.035537,0,20
713,20,-40.00,80.00,0,0.035431,2,0
714,20,-30.00,80.00,0,0.035324,1,0
715,20,92.00,-73.00,0,0.035218,13,3
716,20,-20.00,80.00,0,0.035113,0,0
717,2,89.00,8.00,1,0.035007,0,0
718,20,118.00,-67.00,0,0.034902,3,17
719,20,50.00,-16.00,0,0.034798,6,13
720,20,118.00,-87.00,0,0.034693,5,15
721,20,-120.00,80.00,0,0.034589,0,20
722,20,-20.00,80.00,0,0.034485,0,20
723,20,-40.00,80.00,0,0.034382,2,0
724,20,-50.00,72.00,0,0.034279,3,0
725,20,84.00,-63.00,0,0.034176,12,3
726,20,-30.00,80.00,0,0.034073,1,1
727,2,89.00,8.00,1,0.033971,0,0
728,20,126.00,-69.00,0,0.033869,1,19
729,20,118.00,-18.00,0,0.033768,2,17
730,20,126.00,-69.00,0,0.033666,1,19
731,20,-135.00,80.00,0,0.033565,3,17
732,20,-20.00,80.00,0,0.033465,0,20
733,20,-50.00,80.00,0,0.033364,3,1
734,20,-40.00,80.00,0,0.033264,2,1
735,20,92.00,-68.00,0,0.033164,12,3
736,20,-30.00,80.00,0,0.033065,1,2
737,2,89.00,8.00,1,0.032966,0,0
738,20,126.00,-69.00,0,0.032867,1,19
739,20,49.00,-18.00,0,0.032768,4,15
740,20,126.00,-69.00,0,0.032670,1,19
741,20,-125.00,80.00,0,0.032572,1,19
742,20,-20.00,80.00,0,0.032474,0,20
743,20,-50.00,80.00,0,0.032377,3,2
744,20,-30.00,80.00,0,0.032280,1,0
745,20,30.00,-22.00,0,0.032183,13,2
746,20,-40.00,80.00,0,0.032086,2,1
747,2,89.00,8.00,1,0.031990,0,0
748,20,118.00,-69.00,0,0.031894,2,17
749,20,118.00,-18.00,0,0.031798,2,17
750,20,126.00,-69.00,0,0.031703,1,19
751,20,-125.00,80.00,0,0.031608,1,20
752,20,91.00,-39.00,0,0.031513,2,17
753,20,-40.00,80.00,0,0.031418,2,0
754,20,-30.00,80.00,0,0.031324,1,0
755,20,92.00,-103.00,0,0.031230,13,2
756,20,-40.00,80.00,0,0.031137,2,0
757,2,89.00,8.00,1,0.031043,0,0
758,20,126.00,-69.00,0,0.030950,1,19
759,20,118.00,-18.00,0,0.030857,2,17
760,20,126.00,-89.00,0,0.030765,3,19
761,20,-120.00,80.00,0,0.030672,0,20
762,20,-20.00,80.00,0,0.030580,0,20
763,20,-60.00,80.00,0,0.030489,4,0
764,20,-35.00,80.00,0,0.030397,1,1
765,20,74.00,-108.00,0,0.030306,12,4
766,20,-30.00,80.00,0,0.030215,1,1
767,2,89.00,8.00,1,0.030124,0,0
768,20,126.00,-74.00,0,0.030034,1,19
769,20,50.00,-16.00,0,0.029944,6,13
770,20,102.00,-63.00,0,0.029854,7,13
771,20,-120.00,80.00,0,0.029764,0,20
772,20,52.00,-3.00,0,0.029675,3,16
773,20,-40.00,80.00,0,0.029586,2,0
774,20,-50.00,80.00,0,0.029497,3,0
775,20,38.00,-12.00,0,0.029409,13,2
776,20,-20.00,80.00,0,0.029321,0,0
777,2,89.00,8.00,1,0.029233,0,0
778,20,126.00,-69.00,0,0.029145,1,19
779,20,118.00,-28.00,0,0.029058,3,17
780,20,126.00,-69.00,0,0.028970,1,19
781,20,-120.00,80.00,0,0.028883,0,20
782,20,7.00,47.00,0,0.028797,2,18
783,20,-40.00,80.00,0,0.028710,2,0
784,20,-40.00,80.00,0,0.028624,2,1
785,20,84.00,-78.00,0,0.028538,12,3
786,20,-25.00,80.00,0,0.028453,0,1
787,2,89.00,8.00,1,0.028367,0,0
788,20,118.00,-69.00,0,0.028282,2,17
789,20,50.00,-16.00,0,0.028198,6,13
790,20,126.00,-89.00,0,0.028113,3,15
791,20,-120.00,80.00,0,0.028029,0,20
792,20,-20.00,80.00,0,0.027944,0,20
793,20,-40.00,80.00,0,0.027861,2,0
794,20,-30.00,80.00,0,0.027777,1,0
795,20,92.00,-103.00,0,0.027694,13,2
796,20,-40.00,80.00,0,0.027611,2,0
797,2,89.00,8.00,1,0.027528,0,0
798,20,126.00,-69.00,0,0.027445,1,19
799,20,118.00,-18.00,0,0.027363,2,17
800,20,126.00,-69.00,0,0.027281,1,19
801,20,-120.00,80.00,0,0.027199,0,20
802,20,36.00,11.00,0,0.027117,2,17
803,20,-40.00,80.00,0,0.027036,2,0
804,20,-50.00,72.00,0,0.026955,3,0
805,20,38.00,-12.00,0,0.026874,13,2
806,20,-40.00,80.00,0,0.026793,2,0
807,2,89.00,8.00,1,0.026713,0,0
808,20,58.00,-67.00,0,0.026633,5,15
809,20,118.00,-28.00,0,0.026553,3,17
810,20,126.00,-69.00,0,0.026473,1,19
811,20,-195.00,80.00,0,0.026394,16,3
812,20,-20.00,80.00,0,0.026315,0,20
813,20,-40.00,80.00,0,0.026236,2,0
814,20,-30.00,80.00,0,0.026157,1,0
815,20,84.00,-113.00,0,0.026079,13,2
816,20,-30.00,80.00,0,0.026000,1,1
817,2,89.00,8.00,1,0.025922,0,0
818,20,118.00,-67.00,0,0.025845,3,17
819,20,118.00,-18.00,0,0.025767,2,17
820,20,126.00,-79.00,0,0.025690,2,19
821,20,-120.00,80.00,0,0.025613,0,20
822,20,-20.00,80.00,0,0.025536,0,20
823,20,-45.00,80.00,0,0.025459,2,1
824,20,-30.00,80.00,0,0.025383,1,0
825,20,92.00,-68.00,0,0.025307,12,3
826,20,-20.00,80.00,0,0.025231,0,0
827,2,89.00,8.00,1,0.025155,0,0
828,20,126.00,-69.00,0,0.025080,1,19
829,20,118.00,-18.00,0,0.025004,2,17
830,20,126.00,-79.00,0,0.024929,2,19
831,20,-115.00,80.00,0,0.024855,0,20
832,20,-20.00,80.00,0,0.024780,0,20
833,20,-40.00,80.00,0,0.024706,2,0
834,20,-30.00,80.00,0,0.024632,1,0
835,20,84.00,-68.00,0,0.024558,13,1
836,20,-20.00,80.00,0,0.024484,0,0
837,2,89.00,8.00,1,0.024411,0,0
838,20,126.00,-69.00,0,0.024337,1,19
839,20,118.00,-18.00,0,0.024264,2,17
840,20,126.00,-69.00,0,0.024192,1,19
841,20,-120.00,80.00,0,0.024119,0,20
842,20,7.00,32.00,0,0.024047,3,18
843,20,-40.00,80.00,0,0.023974,2,0
844,20,-30.00,80.00,0,0.023903,1,0
845,20,92.00,-68.00,0,0.023831,12,3
846,20,-30.00,80.00,0,0.023759,1,1
847,2,89.00,8.00,1,0.023688,0,0
848,20,126.00,-79.00,0,0.023617,2,19
849,20,118.00,-18.00,0,0.023546,2,17
850,20,126.00,-69.00,0,0.023476,1,19
851,20,-145.00,80.00,0,0.023405,6,13
852,20,-20.00,80.00,0,0.023335,0,20
853,20,-70.00,80.00,0,0.023265,5,1
854,20,-50.00,80.00,0,0.023195,3,0
855,20,84.00,-73.00,0,0.023126,12,3
856,20,-20.00,80.00,0,0.023056,0,0
857,2,89.00,8.00,1,0.022987,0,0
858,20,126.00,-69.00,0,0.022918,1,19
859,20,118.00,-18.00,0,0.022849,2,17
860,20,126.00,-69.00,0,0.022781,1,19
861,20,-120.00,80.00,0,0.022712,0,20
862,20,91.00,-49.00,0,0.022644,3,17
863,20,-60.00,80.00,0,0.022576,4,0
864,20,-50.00,67.00,0,0.022509,3,0
865,20,28.00,-2.00,0,0.022441,13,2
866,20,-20.00,80.00,0,0.022374,0,0
867,2,89.00,8.00,1,0.022307,0,0
868,20,126.00,-69.00,0,0.022240,1,19
869,20,118.00,-18.00,0,0.022173,2,17
870,20,126.00,-69.00,0,0.022106,1,19
871,20,-125.00,80.00,0,0.022040,1,20
872,20,-20.00,80.00,0,0.021974,0,20
873,20,-40.00,80.00,0,0.021908,2,0
874,20,-30.00,80.00,0,0.021842,1,0
875,20,86.00,-76.00,0,0.021777,14,1
876,20,-30.00,80.00,0,0.021711,1,1
877,2,89.00,8.00,1,0.021646,0,0
878,20,126.00,-69.00,0,0.021581,1,19
879,20,110.00,-18.00,0,0.021517,3,15
880,20,126.00,-69.00,0,0.021452,1,19
881,20,-120.00,80.00,0,0.021388,0,20
882,20,-20.00,80.00,0,0.021324,0,20
883,20,-50.00,80.00,0,0.021260,3,1
884,20,-35.00,80.00,0,0.021196,1,1
885,20,74.00,-58.00,0,0.021132,12,3
886,20,-20.00,80.00,0,0.021069,0,0
887,2,89.00,8.00,1,0.021006,0,0
888,20,126.00,-69.00,0,0.020943,1,19
889,20,118.00,-18.00,0,0.020880,2,17
890,20,126.00,-69.00,0,0.020817,1,19
891,20,-120.00,80.00,0,0.020755,0,20
892,20,-25.00,80.00,0,0.020692,0,20
893,20,-40.00,80.00,0,0.020630,2,0
894,20,-30.00,80.00,0,0.020568,1,0
895,20,38.00,-12.00,0,0.020507,13,2
896,20,-20.00,80.00,0,0.020445,0,0
897,2,89.00,8.00,1,0.020384,0,0
898,20,126.00,-69.00,0,0.020323,1,19
899,20,118.00,-28.00,0,0.020262,3,17
900,20,126.00,-69.00,0,0.020201,1,19
901,20,-125.00,80.00,0,0.020140,1,20
902,20,-20.00,80.00,0,0.020080,0,20
903,20,-50.00,80.00,0,0.020020,3,2
904,20,-30.00,80.00,0,0.019960,1,0
905,20,94.00,-78.00,0,0.019900,13,1
906,20,-20.00,80.00,0,0.019840,0,0
907,2,89.00,8.00,1,0.019781,0,0
908,20,126.00,-69.00,0,0.019721,1,19
909,20,118.00,-18.00,0,0.019662,2,17
910,20,126.00,-69.00,0,0.019603,1,19
911,20,-120.00,80.00,0,0.019544,0,20
912,20,-20.00,80.00,0,0.019486,0,20
913,20,-40.00,80.00,0,0.019427,2,0
914,20,-30.00,80.00,0,0.019369,1,0
915,20,30.00,-10.00,0,0.019311,14,2
916,20,-20.00,80.00,0,0.019253,0,0
917,2,89.00,8.00,1,0.019195,0,0
918,20,126.00,-79.00,0,0.019138,2,19
919,20,50.00,-16.00,0,0.019080,6,13
920,20,126.00,-79.00,0,0.019023,2,19
921,20,-125.00,80.00,0,0.018966,1,19
922,20,-20.00,80.00,0,0.018909,0,20
923,20,-55.00,80.00,0,0.018852,3,2
924,20,-30.00,80.00,0,0.018796,1,1
925,20,46.00,-14.00,0,0.018739,12,2
926,20,-40.00,80.00,0,0.018683,2,0
927,2,89.00,8.00,1,0.018627,0,0
928,20,126.00,-69.00,0,0.018571,1,19
929,20,118.00,-28.00,0,0.018515,3,17
930,20,126.00,-69.00,0,0.018460,1,19
931,20,-120.00,80.00,0,0.018404,0,20
932,20,-20.00,80.00,0,0.018349,0,20
933,20,-40.00,80.00,0,0.018294,2,0
934,20,-30.00,80.00,0,0.018239,1,0
935,20,30.00,-22.00,0,0.018185,13,2
936,20,-20.00,80.00,0,0.018130,0,0
937,2,89.00,8.00,1,0.018076,0,0
938,20,126.00,-69.00,0,0.018021,1,19
939,20,118.00,-18.00,0,0.017967,2,17
940,20,126.00,-79.00,0,0.017913,2,19
941,20,-120.00,80.00,0,0.017860,0,20
942,20,86.00,-44.00,0,0.017806,3,17
943,20,-40.00,80.00,0,0.017753,2,0
944,20,-30.00,80.00,0,0.017699,1,0
945,20,40.00,-10.00,0,0.017646,15,0
946,20,-20.00,80.00,0,0.017593,0,0
947,2,89.00,8.00,1,0.017541,0,0
948,20,118.00,-67.00,0,0.017488,3,17
949,20,118.00,-18.00,0,0.017436,2,17
950,20,126.00,-69.00,0,0.017383,1,19
951,20,-120.00,80.00,0,0.017331,0,20
952,20,-20.00,80.00,0,0.017279,0,20
953,20,-40.00,80.00,0,0.017227,2,0
954,20,-30.00,80.00,0,0.017176,1,0
955,20,92.00,-73.00,0,0.017124,13,3
956,20,-20.00,80.00,0,0.017073,0,0
957,3,83.00,12.00,1,0.017021,0,1
958,20,126.00,-69.00,0,0.016970,1,19
959,20,110.00,-16.00,0,0.016920,4,15
960,20,126.00,-74.00,0,0.016869,1,19
961,20,-120.00,80.00,0,0.016818,0,20
962,20,-20.00,80.00,0,0.016768,0,20
963,20,-40.00,80.00,0,0.016717,2,0
964,20,-30.00,80.00,0,0.016667,1,0
965,20,30.00,-22.00,0,0.016617,13,2
966,20,-30.00,80.00,0,0.016567,1,1
967,2,89.00,8.00,1,0.016518,0,0
968,20,126.00,-79.00,0,0.016468,2,19
969,20,118.00,-18.00,0,0.016419,2,17
970,20,126.00,-79.00,0,0.016369,2,19
971,20,-120.00,80.00,0,0.016320,0,20
972,20,37.00,2.00,0,0.016271,4,16
973,20,-40.00,80.00,0,0.016223,2,1
974,20,-30.00,80.00,0,0.016174,1,0
975,20,84.00,-101.00,0,0.016125,14,2
976,20,-40.00,80.00,0,0.016077,2,0
977,2,89.00,8.00,1,0.016029,0,0
978,20,126.00,-69.00,0,0.015981,1,19
979,20,118.00,-18.00,0,0.015933,2,17
980,20,126.00,-69.00,0,0.015885,1,19
981,20,-115.00,80.00,0,0.015837,0,20
982,20,86.00,-44.00,0,0.015790,3,17
983,20,-40.00,80.00,0,0.015742,2,0
984,20,-50.00,57.00,0,0.015695,4,0
985,20,40.00,-71.00,0,0.015648,15,0
986,20,-20.00,80.00,0,0.015601,0,0
987,2,89.00,8.00,1,0.015554,0,0
988,20,126.00,-69.00,0,0.015508,1,19
989,20,118.00,-18.00,0,0.015461,2,17
990,20,118.00,-67.00,0,0.015415,3,17
991,20,-130.00,80.00,0,0.015369,2,18
992,20,-20.00,80.00,0,0.015322,0,20
993,20,-40.00,80.00,0,0.015276,2,0
994,20,-30.00,80.00,0,0.015231,1,0
995,20,92.00,-103.00,0,0.015185,13,2
996,20,-20.00,80.00,0,0.015139,0,0
997,2,89.00,8.00,1,0.015094,0,0
998,20,126.00,-69.00,0,0.015049,1,19
999,20,118.00,-18.00,0,0.015004,2,17
1000,20,126.00,-69.00,0,0.014959,1,19
1001,20,-120.00,80.00,0,0.014914,0,20
1002,20,111.00,-69.00,0,0.014869,3,17
1003,20,-40.00,80.00,0,0.014824,2,0
1004,20,-30.00,80.00,0,0.014780,1,0
1005,20,38.00,-12.00,0,0.014736,13,2
1006,20,-20.00,80.00,0,0.014691,0,0
1007,2,89.00,8.00,1,0.014647,0,0
1008,20,126.00,-69.00,0,0.014603,1,19
1009,20,118.00,-18.00,0,0.014559,2,17
1010,20,126.00,-69.00,0,0.014516,1,19
1011,20,-120.00,80.00,0,0.014472,0,20
1012,20,-30.00,80.00,0,0.014429,1,20
1013,20,-40.00,80.00,0,0.014386,2,0
1014,20,-50.00,80.00,0,0.014342,3,0
1015,20,92.00,-108.00,0,0.014299,14,2
1016,20,-20.00,80.00,0,0.014256,0,0
1017,2,89.00,8.00,1,0.014214,0,0
1018,20,126.00,-69.00,0,0.014171,1,19
1019,20,118.00,-18.00,0,0.014129,2,17
1020,20,126.00,-69.00,0,0.014086,1,19
1021,20,-120.00,80.00,0,0.014044,0,20
1022,20,-20.00,80.00,0,0.014002,0,20
1023,20,-40.00,80.00,0,0.013960,2,0
1024,20,-40.00,80.00,0,0.013918,2,1
1025,20,94.00,-78.00,0,0.013876,13,1
1026,20,-20.00,80.00,0,0.013834,0,0
1027,2,89.00,8.00,1,0.013793,0,0
1028,20,126.00,-69.00,0,0.013752,1,19
1029,20,118.00,-18.00,0,0.013710,2,17
1030,20,126.00,-69.00,0,0.013669,1,19
1031,20,-120.00,80.00,0,0.013628,0,20
1032,20,20.00,26.00,0,0.013587,1,19
1033,20,-40.00,80.00,0,0.013547,2,0
1034,20,-30.00,80.00,0,0.013506,1,0
1035,20,84.00,-101.00,0,0.013465,14,2
1036,20,-20.00,80.00,0,0.013425,0,0
1037,2,89.00,8.00,1,0.013385,0,0
1038,20,126.00,-69.00,0,0.013345,1,19
1039,20,118.00,-18.00,0,0.013305,2,17
1040,20,126.00,-69.00,0,0.013265,1,19
1041,20,-125.00,80.00,0,0.013225,1,20
1042,20,-20.00,80.00,0,0.013185,0,20
1043,20,-40.00,80.00,0,0.013146,2,0
1044,20,-40.00,80.00,0,0.013106,2,0
1045,20,38.00,-12.00,0,0.013067,13,2
1046,20,-20.00,80.00,0,0.013028,0,0
1047,2,89.00,8.00,1,0.012989,0,0
1048,20,126.00,-69.00,0,0.012950,1,19
1049,20,118.00,-18.00,0,0.012911,2,17
1050,20,126.00,-79.00,0,0.012872,2,19
1051,20,-120.00,80.00,0,0.012833,0,20
1052,20,2.00,47.00,0,0.012795,2,18
1053,20,-40.00,80.00,0,0.012757,2,0
1054,20,-30.00,80.00,0,0.012718,1,0
1055,20,40.00,-22.00,0,0.012680,14,0
1056,20,-20.00,80.00,0,0.012642,0,0
1057,1,50.00,4.00,1,0.012604,0,0
1058,20,126.00,-69.00,0,0.012566,1,19
1059,20,118.00,-18.00,0,0.012529,2,17
1060,20,126.00,-69.00,0,0.012491,1,19
1061,20,-120.00,80.00,0,0.012454,0,20
1062,20,31.00,26.00,0,0.012416,1,19
1063,20,-60.00,80.00,0,0.012379,4,0
1064,20,-30.00,80.00,0,0.012342,1,0
1065,20,46.00,-65.00,0,0.012305,12,2
1066,20,-20.00,80.00,0,0.012268,0,0
1067,2,89.00,8.00,1,0.012231,0,0
1068,20,126.00,-69.00,0,0.012194,1,19
1069,20,118.00,-18.00,0,0.012158,2,17
1070,20,126.00,-69.00,0,0.012121,1,19
1071,20,-120.00,80.00,0,0.012085,0,20
1072,20,-20.00,80.00,0,0.012049,0,20
1073,20,-40.00,80.00,0,0.012013,2,0
1074,20,-30.00,80.00,0,0.011977,1,0
1075,20,48.00,-12.00,0,0.011941,14,0
1076,20,-20.00,80.00,0,0.011905,0,0
1077,2,89.00,8.00,1,0.011869,0,0
1078,20,126.00,-69.00,0,0.011833,1,19
1079,20,118.00,-18.00,0,0.011798,2,17
1080,20,126.00,-79.00,0,0.011763,2,19
1081,20,-120.00,80.00,0,0.011727,0,20
1082,20,-20.00,80.00,0,0.011692,0,20
1083,20,-40.00,80.00,0,0.011657,2,0
1084,20,-30.00,80.00,0,0.011622,1,0
1085,20,92.00,-103.00,0,0.011587,13,2
1086,20,-20.00,80.00,0,0.011552,0,0
1087,2,89.00,8.00,1,0.011518,0,0
1088,20,126.00,-69.00,0,0.011483,1,19
1089,20,118.00,-18.00,0,0.011449,2,17
1090,20,126.00,-69.00,0,0.011414,1,19
1091,20,-125.00,80.00,0,0.011380,1,20
1092,20,116.00,-64.00,0,0.011346,1,19
1093,20,-40.00,80.00,0,0.011312,2,0
1094,20,-30.00,80.00,0,0.011278,1,0
1095,20,84.00,-118.00,0,0.011244,14,2
1096,20,-20.00,80.00,0,0.011210,0,0
1097,2,89.00,8.00,1,0.011177,0,0
1098,20,126.00,-69.00,0,0.011143,1,19
1099,20,118.00,-18.00,0,0.011110,2,17
1100,20,126.00,-69.00,0,0.011077,1,19
1101,20,-120.00,80.00,0,0.011043,0,20
1102,20,-20.00,80.00,0,0.011010,0,20
1103,20,-40.00,80.00,0,0.010977,2,0
1104,20,-50.00,72.00,0,0.010944,3,0
1105,20,94.00,-66.00,0,0.010911,14,1
1106,20,-20.00,80.00,0,0.010879,0,0
1107,2,89.00,8.00,1,0.010846,0,0
1108,20,126.00,-69.00,0,0.010814,1,19
1109,20,118.00,-23.00,0,0.010781,2,17
1110,20,126.00,-69.00,0,0.010749,1,19
1111,20,-120.00,80.00,0,0.010716,0,20
1112,20,-20.00,80.00,0,0.010684,0,20
1113,20,-40.00,80.00,0,0.010652,2,0
1114,20,-30.00,80.00,0,0.010620,1,0
1115,20,100.00,-60.00,0,0.010588,12,1
1116,20,-20.00,80.00,0,0.010557,0,0
1117,2,89.00,8.00,1,0.010525,0,0
1118,20,126.00,-69.00,0,0.010493,1,19
1119,20,118.00,-18.00,0,0.010462,2,17
1120,20,126.00,-69.00,0,0.010431,1,19
1121,20,-120.00,80.00,0,0.010399,0,20
1122,20,81.00,-44.00,0,0.010368,3,17
1123,20,-60.00,80.00,0,0.010337,4,0
1124,20,-30.00,80.00,0,0.010306,1,0
1125,20,102.00,-68.00,0,0.010275,13,1
1126,20,-30.00,80.00,0,0.010244,1,1
1127,2,89.00,8.00,1,0.010213,0,0
1128,20,126.00,-69.00,0,0.010183,1,19
1129,20,118.00,-18.00,0,0.010152,2,17
1130,20,126.00,-69.00,0,0.010122,1,19
1131,20,-125.00,80.00,0,0.010091,1,19
1132,20,22.00,32.00,0,0.010061,2,18
1133,20,-40.00,80.00,0,0.010031,2,0
1134,20,-30.00,80.00,0,0.010001,1,0
1135,20,92.00,-58.00,0,0.010000,13,1
1136,20,-20.00,80.00,0,0.010000,0,0
1137,2,89.00,8.00,1,0.010000,0,0
1138,20,126.00,-69.00,0,0.010000,1,19
1139,20,118.00,-18.00,0,0.010000,2,17
1140,20,126.00,-69.00,0,0.010000,1,19
1141,20,-120.00,80.00,0,0.010000,0,20
1142,20,-20.00,80.00,0,0.010000,0,20
1143,20,-40.00,80.00,0,0.010000,2,0
1144,20,-30.00,80.00,0,0.010000,1,0
1145,20,110.00,-70.00,0,0.010000,12,1
1146,20,-20.00,80.00,0,0.010000,0,0
1147,2,89.00,8.00,1,0.010000,0,0
1148,20,126.00,-69.00,0,0.010000,1,19
1149,20,118.00,-18.00,0,0.010000,2,17
1150,20,126.00,-69.00,0,0.010000,1,19
1151,20,-120.00,80.00,0,0.010000,0,20
1152,20,-20.00,80.00,0,0.010000,0,20
1153,20,-40.00,80.00,0,0.010000,2,0
1154,20,-30.00,80.00,0,0.010000,1,0
1155,20,92.00,-58.00,0,0.010000,13,1
1156,20,-40.00,80.00,0,0.010000,2,1
1157,2,89.00,8.00,1,0.010000,0,0
1158,20,126.00,-69.00,0,0.010000,1,19
1159,20,118.00,-18.00,0,0.010000,2,17
1160,20,126.00,-69.00,0,0.010000,1,19
1161,20,-120.00,80.00,0,0.010000,0,20
1162,20,-20.00,80.00,0,0.010000,0,20
1163,20,-40.00,80.00,0,0.010000,2,0
1164,20,-30.00,80.00,0,0.010000,1,0
1165,20,38.00,-73.00,0,0.010000,13,2
1166,20,-20.00,80.00,0,0.010000,0,0
1167,2,89.00,8.00,1,0.010000,0,0
1168,20,126.00,-69.00,0,0.010000,1,19
1169,20,118.00,-18.00,0,0.010000,2,17
1170,20,126.00,-69.00,0,0.010000,1,19
1171,20,-135.00,80.00,0,0.010000,3,17
1172,20,-20.00,80.00,0,0.010000,0,20
1173,20,-40.00,80.00,0,0.010000,2,0
1174,20,-30.00,80.00,0,0.010000,1,0
1175,20,56.00,-14.00,0,0.010000,13,0
1176,20,-20.00,80.00,0,0.010000,0,0
1177,2,89.00,8.00,1,0.010000,0,0
1178,20,126.00,-69.00,0,0.010000,1,19
1179,20,118.00,-18.00,0,0.010000,2,17
1180,20,126.00,-69.00,0,0.010000,1,19
1181,20,-120.00,80.00,0,0.010000,0,20
1182,20,-20.00,80.00,0,0.010000,0,20
1183,20,-40.00,80.00,0,0.010000,2,0
1184,20,-30.00,80.00,0,0.010000,1,0
1185,20,118.00,-122.00,0,0.010000,12,2
1186,20,-20.00,80.00,0,0.010000,0,0
1187,2,89.00,8.00,1,0.010000,0,0
1188,20,126.00,-69.00,0,0.010000,1,19
1189,20,118.00,-18.00,0,0.010000,2,17
1190,20,126.00,-69.00,0,0.010000,1,19
1191,20,-120.00,80.00,0,0.010000,0,20
1192,20,-20.00,80.00,0,0.010000,0,20
1193,20,-40.00,80.00,0,0.010000,2,0
1194,20,-30.00,80.00,0,0.010000,1,0
1195,20,92.00,-58.00,0,0.010000,13,1
1196,20,-20.00,80.00,0,0.010000,0,0
1197,2,89.00,8.00,1,0.010000,0,0
1198,20,126.00,-69.00,0,0.010000,1,19
1199,20,118.00,-18.00,0,0.010000,2,17
1200,20,126.00,-89.00,0,0.010000,3,17
1201,20,-120.00,80.00,0,0.010000,0,20
1202,20,-20.00,80.00,0,0.010000,0,20
1203,20,-40.00,80.00,0,0.010000,2,0
1204,20,-30.00,80.00,0,0.010000,1,0
1205,20,110.00,-75.00,0,0.010000,13,1
1206,20,-20.00,80.00,0,0.010000,0,0
1207,2,89.00,8.00,1,0.010000,0,0
1208,20,126.00,-74.00,0,0.010000,1,19
1209,20,118.00,-18.00,0,0.010000,2,17
1210,20,126.00,-69.00,0,0.010000,1,19
1211,20,-120.00,80.00,0,0.010000,0,20
1212,20,-20.00,80.00,0,0.010000,0,20
1213,20,-40.00,80.00,0,0.010000,2,0
1214,20,-30.00,80.00,0,0.010000,1,0
1215,20,46.00,-14.00,0,0.010000,12,2
1216,20,-20.00,80.00,0,0.010000,0,0
1217,2,89.00,8.00,1,0.010000,0,0
1218,20,126.00,-69.00,0,0.010000,1,19
1219,20,118.00,-18.00,0,0.010000,2,17
1220,20,126.00,-69.00,0,0.010000,1,19
1221,20,-120.00,80.00,0,0.010000,0,20
1222,20,-20.00,80.00,0,0.010000,0,20
1223,20,-40.00,80.00,0,0.010000,2,0
1224,20,-30.00,80.00,0,0.010000,1,0
1225,20,110.00,-117.00,0,0.010000,12,0
1226,20,-20.00,80.00,0,0.010000,0,0
1227,2,89.00,8.00,1,0.010000,0,0
1228,20,126.00,-69.00,0,0.010000,1,19
1229,20,118.00,-18.00,0,0.010000,2,17
1230,20,126.00,-69.00,0,0.010000,1,19
1231,20,-125.00,80.00,0,0.010000,1,19
1232,20,-20.00,80.00,0,0.010000,0,20
1233,20,-50.00,80.00,0,0.010000,3,1
1234,20,-30.00,80.00,0,0.010000,1,0
1235,20,102.00,-68.00,0,0.010000,13,1
1236,20,-20.00,80.00,0,0.010000,0,0
1237,2,89.00,8.00,1,0.010000,0,0
1238,20,126.00,-69.00,0,0.010000,1,19
1239,20,118.00,-18.00,0,0.010000,2,17
1240,20,126.00,-74.00,0,0.010000,1,19
1241,20,-120.00,80.00,0,0.010000,0,20
1242,20,-20.00,80.00,0,0.010000,0,20
1243,20,-40.00,80.00,0,0.010000,2,0
1244,20,-30.00,80.00,0,0.010000,1,0
1245,20,118.00,-107.00,0,0.010000,12,0
1246,20,-20.00,80.00,0,0.010000,0,0
1247,2,89.00,8.00,1,0.010000,0,0
1248,20,126.00,-69.00,0,0.010000,1,19
1249,20,118.00,-18.00,0,0.010000,2,17
1250,20,126.00,-69.00,0,0.010000,1,19
1251,20,-120.00,80.00,0,0.010000,0,20
1252,20,-20.00,80.00,0,0.010000,0,20
1253,20,-40.00,80.00,0,0.010000,2,0
1254,20,-30.00,80.00,0,0.010000,1,0
1255,20,100.00,-60.00,0,0.010000,12,1
1256,20,-20.00,80.00,0,0.010000,0,0
1257,2,89.00,8.00,1,0.010000,0,0
1258,20,126.00,-69.00,0,0.010000,1,19
1259,20,118.00,-18.00,0,0.010000,2,17
1260,20,126.00,-69.00,0,0.010000,1,19
1261,20,-120.00,80.00,0,0.010000,0,20
1262,20,-20.00,80.00,0,0.010000,0,20
1263,20,-40.00,80.00,0,0.010000,2,0
1264,20,-50.00,72.00,0,0.010000,3,0
1265,20,110.00,-70.00,0,0.010000,12,1
1266,20,-20.00,80.00,0,0.010000,0,1
1267,2,89.00,8.00,1,0.010000,0,0
1268,20,126.00,-69.00,0,0.010000,1,19
1269,20,118.00,-18.00,0,0.010000,2,17
1270,20,126.00,-69.00,0,0.010000,1,19
1271,20,-120.00,80.00,0,0.010000,0,20
1272,20,-20.00,80.00,0,0.010000,0,20
1273,20,-40.00,80.00,0,0.010000,2,0
1274,20,-30.00,80.00,0,0.010000,1,0
1275,20,92.00,-70.00,0,0.010000,12,1
1276,20,-20.00,80.00,0,0.010000,0,0
1277,2,89.00,8.00,1,0.010000,0,0
1278,20,126.00,-69.00,0,0.010000,1,19
1279,20,118.00,-18.00,0,0.010000,2,17
1280,20,118.00,-67.00,0,0.010000,3,17
1281,20,-120.00,80.00,0,0.010000,0,20
1282,20,-20.00,80.00,0,0.010000,0,20
1283,20,-40.00,80.00,0,0.010000,2,0
1284,20,-30.00,80.00,0,0.010000,1,0
1285,20,118.00,-122.00,0,0.010000,12,2
1286,20,-35.00,80.00,0,0.010000,1,2
1287,2,89.00,8.00,1,0.010000,0,0
1288,20,126.00,-69.00,0,0.010000,1,19
1289,20,118.00,-18.00,0,0.010000,2,17
1290,20,126.00,-69.00,0,0.010000,1,19
1291,20,-120.00,80.00,0,0.010000,0,20
1292,20,106.00,-49.00,0,0.010000,1,19
1293,20,-40.00,80.00,0,0.010000,2,0
1294,20,-30.00,80.00,0,0.010000,1,0
1295,20,118.00,-72.00,0,0.010000,11,1
1296,20,-20.00,80.00,0,0.010000,0,0
1297,2,89.00,8.00,1,0.010000,0,0
1298,20,126.00,-69.00,0,0.010000,1,19
1299,20,118.00,-28.00,0,0.010000,3,17
1300,20,126.00,-79.00,0,0.010000,2,19
1301,20,-120.00,80.00,0,0.010000,0,20
1302,20,-20.00,80.00,0,0.010000,0,20
1303,20,-40.00,80.00,0,0.010000,2,0
1304,20,-30.00,80.00,0,0.010000,1,0
1305,20,110.00,-70.00,0,0.010000,12,1
1306,20,-20.00,80.00,0,0.010000,0,0
1307,2,89.00,8.00,1,0.010000,0,0
1308,20,126.00,-69.00,0,0.010000,1,19
1309,20,118.00,-18.00,0,0.010000,2,17
1310,20,126.00,-69.00,0,0.010000,1,19
1311,20,-125.00,80.00,0,0.010000,2,17
1312,20,106.00,-54.00,0,0.010000,1,19
1313,20,-40.00,80.00,0,0.010000,2,0
1314,20,-30.00,80.00,0,0.010000,1,0
1315,20,100.00,-60.00,0,0.010000,12,1
1316,20,-20.00,80.00,0,0.010000,0,0
1317,2,89.00,8.00,1,0.010000,0,0
1318,20,126.00,-69.00,0,0.010000,1,19
1319,20,118.00,-18.00,0,0.010000,2,17
1320,20,126.00,-69.00,0,0.010000,1,19
1321,20,-120.00,80.00,0,0.010000,0,20
1322,20,-20.00,80.00,0,0.010000,0,20
1323,20,-40.00,80.00,0,0.010000,2,1
1324,20,-30.00,80.00,0,0.010000,1,0
1325,20,118.00,-107.00,0,0.010000,12,0
1326,20,-20.00,80.00,0,0.010000,0,0
1327,2,89.00,8.00,1,0.010000,0,0
1328,20,126.00,-69.00,0,0.010000,1,19
1329,20,110.00,-16.00,0,0.010000,4,15
1330,20,126.00,-69.00,0,0.010000,1,19
1331,20,-120.00,80.00,0,0.010000,0,20
1332,20,-20.00,80.00,0,0.010000,0,20
1333,20,-40.00,80.00,0,0.010000,2,0
1334,20,-30.00,80.00,0,0.010000,1,0
1335,20,110.00,-105.00,0,0.010000,13,0
1336,20,-20.00,80.00,0,0.010000,0,0
1337,2,89.00,8.00,1,0.010000,0,0
1338,20,126.00,-69.00,0,0.010000,1,19
1339,20,118.00,-18.00,0,0.010000,2,17
1340,20,118.00,-67.00,0,0.010000,3,17
1341,20,-120.00,80.00,0,0.010000,0,20
1342,20,-20.00,80.00,0,0.010000,0,20
1343,20,-40.00,80.00,0,0.010000,2,0
1344,20,-30.00,80.00,0,0.010000,1,0
1345,20,126.00,-79.00,0,0.010000,11,1
1346,20,-20.00,80.00,0,0.010000,0,0
1347,2,89.00,8.00,1,0.010000,0,0
1348,20,126.00,-69.00,0,0.010000,1,19
1349,20,118.00,-18.00,0,0.010000,2,17
1350,20,126.00,-89.00,0,0.010000,3,19
1351,20,-145.00,80.00,0,0.010000,6,13
1352,20,-20.00,80.00,0,0.010000,0,20
1353,20,-40.00,80.00,0,0.010000,2,0
1354,20,-30.00,80.00,0,0.010000,1,0
1355,20,100.00,-72.00,0,0.010000,11,1
1356,20,-20.00,80.00,0,0.010000,0,0
1357,2,89.00,8.00,1,0.010000,0,0
1358,20,126.00,-69.00,0,0.010000,1,19
1359,20,118.00,-18.00,0,0.010000,2,17
1360,20,126.00,-69.00,0,0.010000,1,19
1361,20,-120.00,80.00,0,0.010000,0,20
1362,20,-20.00,80.00,0,0.010000,0,20
1363,20,-40.00,80.00,0,0.010000,2,0
1364,20,-35.00,80.00,0,0.010000,1,1
1365,20,118.00,-72.00,0,0.010000,11,1
1366,20,-20.00,80.00,0,0.010000,0,0
1367,2,89.00,8.00,1,0.010000,0,0
1368,20,126.00,-69.00,0,0.010000,1,19
1369,20,118.00,-18.00,0,0.010000,2,17
1370,20,126.00,-69.00,0,0.010000,1,17
1371,20,-120.00,80.00,0,0.010000,0,20
1372,20,-20.00,80.00,0,0.010000,0,20
1373,20,-40.00,80.00,0,0.010000,2,0
1374,20,-30.00,80.00,0,0.010000,1,0
1375,20,118.00,-107.00,0,0.010000,12,0
1376,20,-20.00,80.00,0,0.010000,0,0
1377,2,89.00,8.00,1,0.010000,0,0
1378,20,126.00,-69.00,0,0.010000,1,19
1379,20,118.00,-18.00,0,0.010000,2,17
1380,20,126.00,-69.00,0,0.010000,1,19
1381,20,-140.00,80.00,0,0.010000,4,16
1382,20,-20.00,80.00,0,0.010000,0,20
1383,20,-40.00,80.00,0,0.010000,2,0
1384,20,-30.00,80.00,0,0.010000,1,0
1385,20,110.00,-105.00,0,0.010000,13,0
1386,20,-20.00,80.00,0,0.010000,0,0
1387,2,89.00,8.00,1,0.010000,0,0
1388,20,126.00,-69.00,0,0.010000,1,19
1389,20,118.00,-28.00,0,0.010000,3,17
1390,20,126.00,-69.00,0,0.010000,1,19
1391,20,-115.00,80.00,0,0.010000,0,20
1392,20,-20.00,80.00,0,0.010000,0,20
1393,20,-40.00,80.00,0,0.010000,2,0
1394,20,-30.00,80.00,0,0.010000,1,0
1395,20,126.00,-109.00,0,0.010000,11,0
1396,20,-20.00,80.00,0,0.010000,0,0
1397,2,89.00,8.00,1,0.010000,0,0
1398,20,126.00,-69.00,0,0.010000,1,19
1399,20,110.00,-18.00,0,0.010000,3,15
1400,20,126.00,-69.00,0,0.010000,1,19
1401,20,-120.00,80.00,0,0.010000,0,20
1402,20,-20.00,80.00,0,0.010000,0,20
1403,20,-40.00,80.00,0,0.010000,2,0
1404,20,-30.00,80.00,0,0.010000,1,0
1405,20,108.00,-62.00,0,0.010000,11,1
1406,20,-20.00,80.00,0,0.010000,0,0
1407,2,89.00,8.00,1,0.010000,0,0
1408,20,126.00,-69.00,0,0.010000,1,19
1409,20,118.00,-33.00,0,0.010000,3,17
1410,20,126.00,-74.00,0,0.010000,1,19
1411,20,-120.00,80.00,0,0.010000,0,20
1412,20,-20.00,80.00,0,0.010000,0,20
1413,20,-40.00,80.00,0,0.010000,2,0
1414,20,-30.00,80.00,0,0.010000,1,0
1415,20,118.00,-107.00,0,0.010000,12,0
1416,20,-20.00,80.00,0,0.010000,0,0
1417,2,89.00,8.00,1,0.010000,0,0
1418,20,126.00,-69.00,0,0.010000,1,19
1419,20,118.00,-18.00,0,0.010000,2,17
1420,20,126.00,-69.00,0,0.010000,1,19
1421,20,-120.00,80.00,0,0.010000,0,20
1422,20,-20.00,80.00,0,0.010000,0,20
1423,20,-40.00,80.00,0,0.010000,2,0
1424,20,-30.00,80.00,0,0.010000,1,0
1425,20,126.00,-109.00,0,0.010000,11,0
1426,20,-40.00,80.00,0,0.010000,2,0
1427,2,89.00,8.00,1,0.010000,0,0
1428,20,126.00,-69.00,0,0.010000,1,19
1429,20,118.00,-18.00,0,0.010000,2,17
1430,20,126.00,-69.00,0,0.010000,1,19
1431,20,-120.00,80.00,0,0.010000,0,20
1432,20,-20.00,80.00,0,0.010000,0,20
1433,20,-40.00,80.00,0,0.010000,2,0
1434,20,-30.00,80.00,0,0.010000,1,0
1435,20,118.00,-72.00,0,0.010000,11,1
1436,20,-25.00,80.00,0,0.010000,0,1
1437,2,89.00,8.00,1,0.010000,0,0
1438,20,126.00,-69.00,0,0.010000,1,19
1439,20,110.00,-16.00,0,0.010000,4,15
1440,20,126.00,-79.00,0,0.010000,2,19
1441,20,-120.00,80.00,0,0.010000,0,20
1442,20,-20.00,80.00,0,0.010000,0,20
1443,20,-40.00,80.00,0,0.010000,2,0
1444,20,-30.00,80.00,0,0.010000,1,0
1445,20,126.00,-109.00,0,0.010000,11,0
1446,20,-20.00,80.00,0,0.010000,0,0
1447,2,89.00,8.00,1,0.010000,0,0
1448,20,58.00,-77.00,0,0.010000,6,15
1449,20,118.00,-18.00,0,0.010000,2,17
1450,20,126.00,-69.00,0,0.010000,1,19
1451,20,-120.00,80.00,0,0.010000,0,20
1452,20,-20.00,80.00,0,0.010000,0,20
1453,20,-40.00,80.00,0,0.010000,2,0
1454,20,-30.00,80.00,0,0.010000,1,0
1455,20,100.00,-62.00,0,0.010000,11,1
1456,20,-20.00,80.00,0,0.010000,0,0
1457,2,89.00,8.00,1,0.010000,0,0
1458,20,126.00,-69.00,0,0.010000,1,19
1459,20,118.00,-33.00,0,0.010000,3,17
1460,20,126.00,-69.00,0,0.010000,1,19
1461,20,-120.00,80.00,0,0.010000,0,20
1462,20,-20.00,80.00,0,0.010000,0,20
1463,20,-40.00,80.00,0,0.010000,2,0
1464,20,-30.00,80.00,0,0.010000,1,0
1465,20,126.00,-79.00,0,0.010000,11,1
1466,20,-20.00,80.00,0,0.010000,0,0
1467,2,89.00,8.00,1,0.010000,0,0
1468,20,126.00,-69.00,0,0.010000,1,19
1469,20,118.00,-18.00,0,0.010000,2,17
1470,20,126.00,-74.00,0,0.010000,1,19
1471,20,-125.00,80.00,0,0.010000,1,20
1472,20,-20.00,80.00,0,0.010000,0,20
1473,20,-40.00,80.00,0,0.010000,2,0
1474,20,-30.00,80.00,0,0.010000,1,0
1475,20,102.00,-117.00,0,0.010000,12,0
1476,20,-20.00,80.00,0,0.010000,0,0
1477,2,89.00,8.00,1,0.010000,0,0
1478,20,126.00,-69.00,0,0.010000,1,19
1479,20,118.00,-18.00,0,0.010000,2,17
1480,20,126.00,-69.00,0,0.010000,1,19
1481,20,-120.00,80.00,0,0.010000,0,20
1482,20,-20.00,80.00,0,0.010000,0,20
1483,20,-40.00,80.00,0,0.010000,2,0
1484,20,-30.00,80.00,0,0.010000,1,0
1485,20,118.00,-107.00,0,0.010000,12,0
1486,20,-20.00,80.00,0,0.010000,0,0
1487,2,89.00,8.00,1,0.010000,0,0
1488,20,126.00,-69.00,0,0.010000,1,19
1489,20,118.00,-18.00,0,0.010000,2,17
1490,20,126.00,-79.00,0,0.010000,2,19
1491,20,-120.00,80.00,0,0.010000,0,20
1492,20,-30.00,80.00,0,0.010000,1,20
1493,20,-40.00,80.00,0,0.010000,2,0
1494,20,-30.00,80.00,0,0.010000,1,0
1495,20,126.00,-109.00,0,0.010000,11,0
1496,20,-20.00,80.00,0,0.010000,0,0
1497,2,89.00,8.00,1,0.010000,0,0
1498,20,126.00,-69.00,0,0.010000,1,19
1499,20,118.00,-18.00,0,0.010000,2,17
1500,20,126.00,-69.00,0,0.010000,1,19
1501,20,-120.00,80.00,0,0.010000,0,20
1502,20,-30.00,80.00,0,0.010000,1,20
1503,20,-40.00,80.00,0,0.010000,2,0
1504,20,-30.00,80.00,0,0.010000,1,0
1505,20,126.00,-74.00,0,0.010000,10,1
1506,20,-20.00,80.00,0,0.010000,0,0
1507,2,89.00,8.00,1,0.010000,0,0
1508,20,126.00,-69.00,0,0.010000,1,19
1509,20,118.00,-18.00,0,0.010000,2,17
1510,20,126.00,-69.00,0,0.010000,1,19
1511,20,-120.00,80.00,0,0.010000,0,20
1512,20,59.00,-28.00,0,0.010000,6,14
1513,20,-40.00,80.00,0,0.010000,2,0
1514,20,-30.00,80.00,0,0.010000,1,0
1515,20,126.00,-109.00,0,0.010000,11,0
1516,20,-20.00,80.00,0,0.010000,0,0
1517,2,89.00,8.00,1,0.010000,0,0
1518,20,126.00,-69.00,0,0.010000,1,19
1519,20,118.00,-18.00,0,0.010000,2,17
1520,20,126.00,-69.00,0,0.010000,1,19
1521,20,-120.00,80.00,0,0.010000,0,20
1522,20,-20.00,80.00,0,0.010000,0,20
1523,20,-40.00,80.00,0,0.010000,2,0
1524,20,-30.00,80.00,0,0.010000,1,0
1525,20,126.00,-109.00,0,0.010000,11,0
1526,20,-20.00,80.00,0,0.010000,0,0
1527,2,89.00,8.00,1,0.010000,0,0
1528,20,126.00,-69.00,0,0.010000,1,19
1529,20,118.00,-18.00,0,0.010000,2,17
1530,20,118.00,-67.00,0,0.010000,3,17
1531,20,-120.00,80.00,0,0.010000,0,20
1532,20,-20.00,80.00,0,0.010000,0,20
1533,20,-40.00,80.00,0,0.010000,2,0
1534,20,-30.00,80.00,0,0.010000,1,0
1535,20,110.00,-105.00,0,0.010000,13,0
1536,20,-20.00,80.00,0,0.010000,0,0
1537,2,89.00,8.00,1,0.010000,0,0
1538,20,126.00,-69.00,0,0.010000,1,19
1539,20,118.00,-18.00,0,0.010000,2,17
1540,20,126.00,-69.00,0,0.010000,1,19
1541,20,-120.00,80.00,0,0.010000,0,20
1542,20,-20.00,80.00,0,0.010000,0,20
1543,20,-40.00,80.00,0,0.010000,2,0
1544,20,-30.00,80.00,0,0.010000,1,0
1545,20,116.00,-64.00,0,0.010000,10,1
1546,20,-20.00,80.00,0,0.010000,0,0
1547,2,89.00,8.00,1,0.010000,0,0
1548,20,126.00,-69.00,0,0.010000,1,19
1549,20,118.00,-18.00,0,0.010000,2,17
1550,20,126.00,-69.00,0,0.010000,1,19
1551,20,-120.00,80.00,0,0.010000,1,18
1552,20,-20.00,80.00,0,0.010000,0,20
1553,20,-40.00,80.00,0,0.010000,2,0
1554,20,-30.00,80.00,0,0.010000,1,0
1555,20,126.00,-109.00,0,0.010000,11,0
1556,20,-20.00,80.00,0,0.010000,0,0
1557,2,89.00,8.00,1,0.010000,0,0
1558,20,126.00,-69.00,0,0.010000,1,19
1559,20,118.00,-18.00,0,0.010000,2,17
1560,20,126.00,-69.00,0,0.010000,1,19
1561,20,-120.00,80.00,0,0.010000,0,20
1562,20,-20.00,80.00,0,0.010000,0,20
1563,20,-40.00,80.00,0,0.010000,2,0
1564,20,-30.00,80.00,0,0.010000,1,0
1565,20,126.00,-109.00,0,0.010000,11,0
1566,20,-20.00,80.00,0,0.010000,0,0
1567,2,89.00,8.00,1,0.010000,0,0
1568,20,126.00,-69.00,0,0.010000,1,19
1569,20,118.00,-18.00,0,0.010000,2,17
1570,20,126.00,-69.00,0,0.010000,1,19
1571,20,-120.00,80.00,0,0.010000,0,20
1572,20,-30.00,80.00,0,0.010000,1,20
1573,20,-40.00,80.00,0,0.010000,2,0
1574,20,-30.00,80.00,0,0.010000,1,0
1575,20,126.00,-109.00,0,0.010000,11,0
1576,20,-20.00,80.00,0,0.010000,0,0
1577,2,89.00,8.00,1,0.010000,0,0
1578,20,126.00,-69.00,0,0.010000,1,19
1579,20,118.00,-18.00,0,0.010000,2,17
1580,20,126.00,-69.00,0,0.010000,1,19
1581,20,-125.00,80.00,0,0.010000,1,20
1582,20,-30.00,80.00,0,0.010000,1,20
1583,20,-60.00,80.00,0,0.010000,4,0
1584,20,-30.00,80.00,0,0.010000,1,0
1585,20,118.00,-77.00,0,0.010000,12,1
1586,20,-20.00,80.00,0,0.010000,0,0
1587,2,89.00,8.00,1,0.010000,0,0
1588,20,126.00,-79.00,0,0.010000,2,19
1589,20,118.00,-18.00,0,0.010000,2,17
1590,20,126.00,-69.00,0,0.010000,1,19
1591,20,-120.00,80.00,0,0.010000,0,20
1592,20,-20.00,80.00,0,0.010000,0,20
1593,20,-40.00,80.00,0,0.010000,2,0
1594,20,-30.00,80.00,0,0.010000,1,0
1595,20,126.00,-109.00,0,0.010000,11,0
1596,20,-20.00,80.00,0,0.010000,0,0
1597,2,89.00,8.00,1,0.010000,0,0
1598,20,126.00,-69.00,0,0.010000,1,19
1599,20,118.00,-18.00,0,0.010000,2,17
1600,20,126.00,-79.00,0,0.010000,2,18
1601,20,-120.00,80.00,0,0.010000,0,20
1602,20,-20.00,80.00,0,0.010000,0,20
1603,20,-40.00,80.00,0,0.010000,2,0
1604,20,-30.00,80.00,0,0.010000,1,0
1605,20,126.00,-109.00,0,0.010000,11,0
1606,20,-20.00,80.00,0,0.010000,0,0
1607,2,89.00,8.00,1,0.010000,0,0
1608,20,126.00,-74.00,0,0.010000,1,19
1609,20,118.00,-18.00,0,0.010000,2,17
1610,20,126.00,-69.00,0,0.010000,1,19
1611,20,-125.00,80.00,0,0.010000,1,20
1612,20,-20.00,80.00,0,0.010000,0,20
1613,20,-40.00,80.00,0,0.010000,2,0
1614,20,-30.00,80.00,0,0.010000,1,0
1615,20,126.00,-109.00,0,0.010000,11,0
1616,20,-20.00,80.00,0,0.010000,0,0
1617,2,89.00,8.00,1,0.010000,0,0
1618,20,126.00,-69.00,0,0.010000,1,19
1619,20,118.00,-18.00,0,0.010000,2,17
1620,20,126.00,-69.00,0,0.010000,1,19
1621,20,-120.00,80.00,0,0.010000,0,20
1622,20,76.00,-34.00,0,0.010000,2,19
1623,20,-40.00,80.00,0,0.010000,2,0
1624,20,-30.00,80.00,0,0.010000,1,0
1625,20,126.00,-109.00,0,0.010000,11,0
1626,20,-30.00,80.00,0,0.010000,1,1
1627,2,89.00,8.00,1,0.010000,0,0
1628,20,126.00,-69.00,0,0.010000,1,19
1629,20,118.00,-18.00,0,0.010000,2,17
1630,20,126.00,-69.00,0,0.010000,1,19
1631,20,-120.00,80.00,0,0.010000,0,20
1632,20,-25.00,80.00,0,0.010000,0,20
1633,20,-40.00,80.00,0,0.010000,2,0
1634,20,-30.00,80.00,0,0.010000,1,0
1635,20,126.00,-109.00,0,0.010000,11,0
1636,20,-20.00,80.00,0,0.010000,0,0
1637,2,89.00,8.00,1,0.010000,0,0
1638,20,126.00,-69.00,0,0.010000,1,19
1639,20,118.00,-18.00,0,0.010000,2,17
1640,20,126.00,-69.00,0,0.010000,1,19
1641,20,-120.00,80.00,0,0.010000,0,20
1642,20,-20.00,80.00,0,0.010000,0,20
1643,20,-40.00,80.00,0,0.010000,2,0
1644,20,-30.00,80.00,0,0.010000,1,0
1645,20,126.00,-109.00,0,0.010000,11,0
1646,20,-20.00,80.00,0,0.010000,0,0
1647,2,89.00,8.00,1,0.010000,0,0
1648,20,118.00,-67.00,0,0.010000,3,17
1649,20,118.00,-18.00,0,0.010000,2,17
1650,20,126.00,-69.00,0,0.010000,1,19
1651,20,-120.00,80.00,0,0.010000,0,20
1652,20,-20.00,80.00,0,0.010000,0,20
1653,20,-40.00,80.00,0,0.010000,2,0
1654,20,-70.00,80.00,0,0.010000,5,0
1655,20,116.00,-64.00,0,0.010000,10,1
1656,20,-30.00,80.00,0,0.010000,1,1
1657,2,89.00,8.00,1,0.010000,0,0
1658,20,126.00,-69.00,0,0.010000,1,19
1659,20,118.00,-18.00,0,0.010000,2,17
1660,20,72.00,-18.00,0,0.010000,2,18
1661,20,-120.00,80.00,0,0.010000,0,20
1662,20,-20.00,80.00,0,0.010000,0,20
1663,20,-40.00,80.00,0,0.010000,2,0
1664,20,-35.00,80.00,0,0.010000,1,1
1665,20,126.00,-109.00,0,0.010000,11,0
1666,20,-20.00,80.00,0,0.010000,0,0
1667,2,89.00,8.00,1,0.010000,0,0
1668,20,126.00,-69.00,0,0.010000,1,19
1669,20,118.00,-28.00,0,0.010000,3,17
1670,20,126.00,-69.00,0,0.010000,1,19
1671,20,-120.00,80.00,0,0.010000,0,20
1672,20,-30.00,80.00,0,0.010000,1,20
1673,20,-40.00,80.00,0,0.010000,2,0
1674,20,-35.00,80.00,0,0.010000,1,1
1675,20,102.00,-115.00,0,0.010000,13,0
1676,20,-20.00,80.00,0,0.010000,0,0
1677,2,89.00,8.00,1,0.010000,0,0
1678,20,126.00,-79.00,0,0.010000,2,19
1679,20,118.00,-18.00,0,0.010000,2,17
1680,20,126.00,-69.00,0,0.010000,1,19
1681,20,-120.00,80.00,0,0.010000,0,20
1682,20,31.00,26.00,0,0.010000,1,19
1683,20,-40.00,80.00,0,0.010000,2,0
1684,20,-30.00,80.00,0,0.010000,1,0
1685,20,111.00,-64.00,0,0.010000,11,1
1686,20,-20.00,80.00,0,0.010000,0,0
1687,2,89.00,8.00,1,0.010000,0,0
1688,20,126.00,-69.00,0,0.010000,1,19
1689,20,118.00,-18.00,0,0.010000,2,17
1690,20,126.00,-69.00,0,0.010000,1,19
1691,20,-120.00,80.00,0,0.010000,0,20
1692,20,-20.00,80.00,0,0.010000,0,20
1693,20,-40.00,80.00,0,0.010000,2,1
1694,20,-30.00,80.00,0,0.010000,1,0
1695,20,126.00,-79.00,0,0.010000,11,1
1696,20,-20.00,80.00,0,0.010000,0,0
1697,2,89.00,8.00,1,0.010000,0,0
1698,20,126.00,-69.00,0,0.010000,1,19
1699,20,118.00,-18.00,0,0.010000,2,17
1700,20,126.00,-69.00,0,0.010000,1,19
1701,20,-115.00,80.00,0,0.010000,0,20
1702,20,-20.00,80.00,0,0.010000,0,20
1703,20,-50.00,80.00,0,0.010000,3,1
1704,20,-30.00,80.00,0,0.010000,1,0
1705,20,126.00,-109.00,0,0.010000,11,0
1706,20,-20.00,80.00,0,0.010000,0,0
1707,2,89.00,8.00,1,0.010000,0,0
1708,20,116.00,-67.00,0,0.010000,3,17
1709,20,118.00,-18.00,0,0.010000,2,17
1710,20,126.00,-69.00,0,0.010000,1,19
1711,20,-120.00,80.00,0,0.010000,0,20
1712,20,31.00,26.00,0,0.010000,1,19
1713,20,-40.00,80.00,0,0.010000,2,0
1714,20,-30.00,80.00,0,0.010000,1,0
1715,20,126.00,-109.00,0,0.010000,11,0
1716,20,-20.00,80.00,0,0.010000,0,0
1717,2,89.00,8.00,1,0.010000,0,0
1718,20,118.00,-69.00,0,0.010000,2,17
1719,20,118.00,-28.00,0,0.010000,3,17
1720,20,126.00,-69.00,0,0.010000,1,19
1721,20,-120.00,80.00,0,0.010000,0,20
1722,20,-20.00,80.00,0,0.010000,0,20
1723,20,-40.00,80.00,0,0.010000,2,0
1724,20,-30.00,80.00,0,0.010000,1,0
1725,20,126.00,-109.00,0,0.010000,11,0
1726,20,-20.00,80.00,0,0.010000,0,0
1727,2,89.00,8.00,1,0.010000,0,0
1728,20,118.00,-69.00,0,0.010000,2,17
1729,20,110.00,-16.00,0,0.010000,4,15
1730,20,126.00,-69.00,0,0.010000,1,19
1731,20,-120.00,80.00,0,0.010000,0,20
1732,20,-30.00,80.00,0,0.010000,1,20
1733,20,-40.00,80.00,0,0.010000,2,0
1734,20,-30.00,80.00,0,0.010000,1,0
1735,20,126.00,-109.00,0,0.010000,11,0
1736,20,-30.00,80.00,0,0.010000,1,1
1737,2,89.00,8.00,1,0.010000,0,0
1738,20,58.00,-67.00,0,0.010000,5,15
1739,20,118.00,-18.00,0,0.010000,2,17
1740,20,126.00,-69.00,0,0.010000,1,19
1741,20,-120.00,80.00,0,0.010000,0,20
1742,20,-20.00,80.00,0,0.010000,0,20
1743,20,-40.00,80.00,0,0.010000,2,0
1744,20,-30.00,80.00,0,0.010000,1,0
1745,20,126.00,-109.00,0,0.010000,11,0
1746,20,-20.00,80.00,0,0.010000,0,0
1747,2,89.00,8.00,1,0.010000,0,0
1748,20,126.00,-69.00,0,0.010000,1,19
1749,20,118.00,-18.00,0,0.010000,2,17
1750,20,126.00,-69.00,0,0.010000,1,19
1751,20,-120.00,80.00,0,0.010000,0,20
1752,20,-20.00,80.00,0,0.010000,0,20
1753,20,-40.00,80.00,0,0.010000,2,0
1754,20,-50.00,57.00,0,0.010000,4,0
1755,20,126.00,-79.00,0,0.010000,11,1
1756,20,-20.00,80.00,0,0.010000,0,0
1757,2,89.00,8.00,1,0.010000,0,0
1758,20,126.00,-69.00,0,0.010000,1,19
1759,20,118.00,-18.00,0,0.010000,2,17
1760,20,126.00,-69.00,0,0.010000,1,19
1761,20,-120.00,80.00,0,0.010000,0,20
1762,20,83.00,-49.00,0,0.010000,5,15
1763,20,-40.00,80.00,0,0.010000,2,0
1764,20,-30.00,80.00,0,0.010000,1,0
1765,20,126.00,-109.00,0,0.010000,11,0
1766,20,-20.00,80.00,0,0.010000,0,0
1767,2,89.00,8.00,1,0.010000,0,0
1768,20,126.00,-69.00,0,0.010000,1,19
1769,20,118.00,-18.00,0,0.010000,2,17
1770,20,126.00,-69.00,0,0.010000,1,19
1771,20,-120.00,80.00,0,0.010000,0,20
1772,20,-20.00,80.00,0,0.010000,0,20
1773,20,-40.00,80.00,0,0.010000,2,0
1774,20,-30.00,80.00,0,0.010000,1,0
1775,20,126.00,-109.00,0,0.010000,11,0
1776,20,-20.00,80.00,0,0.010000,0,0
1777,2,89.00,8.00,1,0.010000,0,0
1778,20,126.00,-79.00,0,0.010000,2,19
1779,20,118.00,-18.00,0,0.010000,2,17
1780,20,126.00,-69.00,0,0.010000,1,19
1781,20,-120.00,80.00,0,0.010000,0,20
1782,20,-20.00,80.00,0,0.010000,0,20
1783,20,-40.00,80.00,0,0.010000,2,0
1784,20,-30.00,80.00,0,0.010000,1,0
1785,20,118.00,-107.00,0,0.010000,12,0
1786,20,-20.00,80.00,0,0.010000,0,0
1787,2,89.00,8.00,1,0.010000,0,0
1788,20,126.00,-69.00,0,0.010000,1,19
1789,20,118.00,-18.00,0,0.010000,2,17
1790,20,126.00,-69.00,0,0.010000,1,19
1791,20,-120.00,80.00,0,0.010000,0,20
1792,20,116.00,-74.00,0,0.010000,3,17
1793,20,-50.00,80.00,0,0.010000,3,1
1794,20,-30.00,80.00,0,0.010000,1,0
1795,20,126.00,-109.00,0,0.010000,11,0
1796,20,-40.00,80.00,0,0.010000,2,0
1797,2,89.00,8.00,1,0.010000,0,0
1798,20,58.00,-67.00,0,0.010000,5,15
1799,20,118.00,-18.00,0,0.010000,2,17
1800,20,126.00,-69.00,0,0.010000,1,19
1801,20,-120.00,80.00,0,0.010000,0,20
1802,20,-20.00,80.00,0,0.010000,0,20
1803,20,-40.00,80.00,0,0.010000,2,0
1804,20,-30.00,80.00,0,0.010000,1,0
1805,20,126.00,-109.00,0,0.010000,11,0
1806,20,-20.00,80.00,0,0.010000,0,0
1807,2,89.00,8.00,1,0.010000,0,0
1808,20,126.00,-69.00,0,0.010000,1,19
1809,20,118.00,-18.00,0,0.010000,2,17
1810,20,126.00,-69.00,0,0.010000,1,19
1811,20,-120.00,80.00,0,0.010000,0,20
1812,20,-20.00,80.00,0,0.010000,0,20
1813,20,-40.00,80.00,0,0.010000,2,0
1814,20,-30.00,80.00,0,0.010000,1,0
1815,20,126.00,-109.00,0,0.010000,11,0
1816,20,-25.00,80.00,0,0.010000,0,1
1817,2,89.00,8.00,1,0.010000,0,0
1818,20,126.00,-69.00,0,0.010000,1,19
1819,20,118.00,-18.00,0,0.010000,2,17
1820,20,126.00,-69.00,0,0.010000,1,19
1821,20,-120.00,80.00,0,0.010000,0,20
1822,20,-20.00,80.00,0,0.010000,0,20
1823,20,-40.00,80.00,0,0.010000,2,0
1824,20,-30.00,80.00,0,0.010000,1,0
1825,20,116.00,-114.00,0,0.010000,11,2
1826,20,-20.00,80.00,0,0.010000,0,0
1827,2,89.00,8.00,1,0.010000,0,0
1828,20,126.00,-69.00,0,0.010000,1,19
1829,20,118.00,-18.00,0,0.010000,2,17
1830,20,126.00,-69.00,0,0.010000,1,19
1831,20,-115.00,80.00,0,0.010000,0,20
1832,20,-20.00,80.00,0,0.010000,0,20
1833,20,-40.00,80.00,0,0.010000,2,0
1834,20,-30.00,80.00,0,0.010000,1,0
1835,20,126.00,-109.00,0,0.010000,11,0
1836,20,-20.00,80.00,0,0.010000,0,0
1837,2,89.00,8.00,1,0.010000,0,0
1838,20,126.00,-69.00,0,0.010000,1,19
1839,20,118.00,-18.00,0,0.010000,2,17
1840,20,126.00,-69.00,0,0.010000,1,19
1841,20,-115.00,80.00,0,0.010000,0,20
1842,20,-20.00,80.00,0,0.010000,0,20
1843,20,-40.00,80.00,0,0.010000,2,0
1844,20,-30.00,80.00,0,0.010000,1,0
1845,20,126.00,-79.00,0,0.010000,11,1
1846,20,-20.00,80.00,0,0.010000,0,0
1847,2,89.00,8.00,1,0.010000,0,0
1848,20,126.00,-69.00,0,0.010000,1,19
1849,20,118.00,-18.00,0,0.010000,2,17
1850,20,126.00,-69.00,0,0.010000,1,19
1851,20,-120.00,80.00,0,0.010000,0,20
1852,20,-20.00,80.00,0,0.010000,0,20
1853,20,-40.00,80.00,0,0.010000,2,0
1854,20,-30.00,80.00,0,0.010000,1,0
1855,20,126.00,-109.00,0,0.010000,11,0
1856,20,-20.00,80.00,0,0.010000,0,0
1857,2,89.00,8.00,1,0.010000,0,0
1858,20,126.00,-69.00,0,0.010000,1,19
1859,20,118.00,-18.00,0,0.010000,2,17
1860,20,126.00,-69.00,0,0.010000,1,19
1861,20,-120.00,80.00,0,0.010000,0,20
1862,20,-20.00,80.00,0,0.010000,0,20
1863,20,-40.00,80.00,0,0.010000,2,0
1864,20,-30.00,80.00,0,0.010000,1,0
1865,20,126.00,-79.00,0,0.010000,11,1
1866,20,-20.00,80.00,0,0.010000,0,0
1867,2,89.00,8.00,1,0.010000,0,0
1868,20,126.00,-79.00,0,0.010000,2,19
1869,20,118.00,-18.00,0,0.010000,2,17
1870,20,126.00,-69.00,0,0.010000,1,19
1871,20,-125.00,80.00,0,0.010000,1,19
1872,20,-20.00,80.00,0,0.010000,0,20
1873,20,-40.00,80.00,0,0.010000,2,0
1874,20,-30.00,80.00,0,0.010000,1,0
1875,20,126.00,-109.00,0,0.010000,11,0
1876,20,-20.00,80.00,0,0.010000,0,0
1877,2,89.00,8.00,1,0.010000,0,0
1878,20,126.00,-69.00,0,0.010000,1,19
1879,20,118.00,-18.00,0,0.010000,2,17
1880,20,126.00,-69.00,0,0.010000,1,19
1881,20,-120.00,80.00,0,0.010000,0,20
1882,20,116.00,-59.00,0,0.010000,1,19
1883,20,-40.00,80.00,0,0.010000,2,0
1884,20,-30.00,80.00,0,0.010000,1,0
1885,20,72.00,-69.00,0,0.010000,11,0
1886,20,-40.00,80.00,0,0.010000,2,0
1887,2,89.00,8.00,1,0.010000,0,0
1888,20,126.00,-69.00,0,0.010000,1,19
1889,20,118.00,-18.00,0,0.010000,2,17
1890,20,126.00,-69.00,0,0.010000,1,19
1891,20,-120.00,80.00,0,0.010000,0,20
1892,20,-20.00,80.00,0,0.010000,0,20
1893,20,-40.00,80.00,0,0.010000,2,0
1894,20,-30.00,80.00,0,0.010000,1,0
1895,20,126.00,-109.00,0,0.010000,11,0
1896,20,-20.00,80.00,0,0.010000,0,0
1897,2,89.00,8.00,1,0.010000,0,0
1898,20,126.00,-69.00,0,0.010000,1,19
1899,20,118.00,-18.00,0,0.010000,2,17
1900,20,126.00,-69.00,0,0.010000,1,19
1901,20,-120.00,80.00,0,0.010000,0,20
1902,20,-30.00,80.00,0,0.010000,1,20
1903,20,-40.00,80.00,0,0.010000,2,0
1904,20,-40.00,80.00,0,0.010000,2,1
1905,20,126.00,-109.00,0,0.010000,11,0
1906,20,-20.00,80.00,0,0.010000,0,0
1907,2,89.00,8.00,1,0.010000,0,0
1908,20,126.00,-69.00,0,0.010000,1,19
1909,20,118.00,-18.00,0,0.010000,2,17
1910,20,126.00,-69.00,0,0.010000,1,19
1911,20,-120.00,80.00,0,0.010000,0,20
1912,20,-20.00,80.00,0,0.010000,0,20
1913,20,-40.00,80.00,0,0.010000,2,0
1914,20,-30.00,80.00,0,0.010000,1,0
1915,20,126.00,-109.00,0,0.010000,11,0
1916,20,-20.00,80.00,0,0.010000,0,0
1917,2,89.00,8.00,1,0.010000,0,0
1918,20,126.00,-69.00,0,0.010000,1,19
1919,20,50.00,-16.00,0,0.010000,6,13
1920,20,126.00,-69.00,0,0.010000,1,19
1921,20,-120.00,80.00,0,0.010000,0,20
1922,20,-20.00,80.00,0,0.010000,0,20
1923,20,-40.00,80.00,0,0.010000,2,0
1924,20,-30.00,80.00,0,0.010000,1,0
1925,20,126.00,-109.00,0,0.010000,11,0
1926,20,-20.00,80.00,0,0.010000,0,0
1927,2,89.00,8.00,1,0.010000,0,0
1928,20,126.00,-69.00,0,0.010000,1,19
1929,20,110.00,-16.00,0,0.010000,4,15
1930,20,126.00,-69.00,0,0.010000,1,19
1931,20,-120.00,80.00,0,0.010000,0,20
1932,20,-20.00,80.00,0,0.010000,0,20
1933,20,-40.00,80.00,0,0.010000,2,0
1934,20,-30.00,80.00,0,0.010000,1,0
1935,20,126.00,-109.00,0,0.010000,11,0
1936,20,-20.00,80.00,0,0.010000,0,0
1937,2,89.00,8.00,1,0.010000,0,0
1938,20,126.00,-69.00,0,0.010000,1,19
1939,20,118.00,-18.00,0,0.010000,2,17
1940,20,126.00,-69.00,0,0.010000,1,19
1941,20,-120.00,80.00,0,0.010000,0,20
1942,20,-20.00,80.00,0,0.010000,0,20
1943,20,-40.00,80.00,0,0.010000,2,0
1944,20,-30.00,80.00,0,0.010000,1,0
1945,20,126.00,-109.00,0,0.010000,11,0
1946,20,-20.00,80.00,0,0.010000,0,0
1947,2,89.00,8.00,1,0.010000,0,0
1948,20,126.00,-69.00,0,0.010000,1,19
1949,20,118.00,-18.00,0,0.010000,2,17
1950,20,126.00,-69.00,0,0.010000,1,19
1951,20,-120.00,80.00,0,0.010000,0,20
1952,20,-20.00,80.00,0,0.010000,0,20
1953,20,-40.00,80.00,0,0.010000,2,0
1954,20,-30.00,80.00,0,0.010000,1,0
1955,20,126.00,-109.00,0,0.010000,11,0
1956,20,-30.00,80.00,0,0.010000,1,1
1957,2,89.00,8.00,1,0.010000,0,0
1958,20,57.00,-69.00,0,0.010000,3,17
1959,20,110.00,-16.00,0,0.010000,4,15
1960,20,126.00,-89.00,0,0.010000,3,17
1961,20,-120.00,80.00,0,0.010000,0,20
1962,20,-20.00,80.00,0,0.010000,0,20
1963,20,-40.00,80.00,0,0.010000,2,0
1964,20,-30.00,80.00,0,0.010000,1,0
1965,20,126.00,-109.00,0,0.010000,11,0
1966,20,-20.00,80.00,0,0.010000,0,0
1967,2,89.00,8.00,1,0.010000,0,0
1968,20,126.00,-69.00,0,0.010000,1,19
1969,20,118.00,-18.00,0,0.010000,2,17
1970,20,126.00,-69.00,0,0.010000,1,19
1971,20,-120.00,80.00,0,0.010000,0,20
1972,20,-20.00,80.00,0,0.010000,0,20
1973,20,-40.00,80.00,0,0.010000,2,0
1974,20,-30.00,80.00,0,0.010000,1,0
1975,20,126.00,-109.00,0,0.010000,11,0
1976,20,-20.00,80.00,0,0.010000,0,0
1977,2,89.00,8.00,1,0.010000,0,0
1978,20,126.00,-69.00,0,0.010000,1,19
1979,20,118.00,-18.00,0,0.010000,2,17
1980,20,126.00,-69.00,0,0.010000,1,17
1981,20,-120.00,80.00,0,0.010000,0,20
1982,20,-20.00,80.00,0,0.010000,0,20
1983,20,-40.00,80.00,0,0.010000,2,0
1984,20,-30.00,80.00,0,0.010000,1,0
1985,20,126.00,-109.00,0,0.010000,11,0
1986,20,-20.00,80.00,0,0.010000,0,0
1987,3,78.00,12.00,1,0.010000,1,1
1988,20,126.00,-69.00,0,0.010000,1,19
1989,20,118.00,-18.00,0,0.010000,2,17
1990,20,126.00,-69.00,0,0.010000,1,19
1991,20,-120.00,80.00,0,0.010000,0,20
1992,20,-20.00,80.00,0,0.010000,0,20
1993,20,-40.00,80.00,0,0.010000,2,1
1994,20,-30.00,80.00,0,0.010000,1,0
1995,20,126.00,-74.00,0,0.010000,10,1
1996,20,-20.00,80.00,0,0.010000,0,0
1997,2,89.00,8.00,1,0.010000,0,0
1998,20,126.00,-69.00,0,0.010000,1,19
1999,20,110.00,-16.00,0,0.010000,4,15
2000,20,126.00,-69.00,0,0.010000,1,17
2001,20,-120.00,80.00,0,0.010000,0,20
2002,20,-20.00,80.00,0,0.010000,0,20
2003,20,-40.00,80.00,0,0.010000,2,0
2004,20,-50.00,72.00,0,0.010000,3,0
2005,20,126.00,-109.00,0,0.010000,11,0
2006,20,-20.00,80.00,0,0.010000,0,0
2007,2,89.00,8.00,1,0.010000,0,0
2008,20,126.00,-69.00,0,0.010000,1,19
2009,20,118.00,-18.00,0,0.010000,2,17
2010,20,126.00,-69.00,0,0.010000,1,19
2011,20,-110.00,80.00,0,0.010000,0,18
2012,20,-20.00,80.00,0,0.010000,0,20
2013,20,-40.00,80.00,0,0.010000,2,1
2014,20,-30.00,80.00,0,0.010000,1,0
2015,20,126.00,-109.00,0,0.010000,11,0
2016,20,-40.00,80.00,0,0.010000,2,1
2017,2,89.00,8.00,1,0.010000,0,0
2018,20,126.00,-69.00,0,0.010000,1,19
2019,20,118.00,-18.00,0,0.010000,2,17
2020,20,126.00,-69.00,0,0.010000,1,19
2021,20,-115.00,80.00,0,0.010000,0,20
2022,20,-20.00,80.00,0,0.010000,0,20
2023,20,-40.00,80.00,0,0.010000,2,0
2024,20,-30.00,80.00,0,0.010000,1,0
2025,20,126.00,-109.00,0,0.010000,11,0
2026,20,-20.00,80.00,0,0.010000,0,0
2027,2,89.00,8.00,1,0.010000,0,0
2028,20,126.00,-69.00,0,0.010000,1,19
2029,20,118.00,-18.00,0,0.010000,2,17
2030,20,126.00,-69.00,0,0.010000,1,19
2031,20,-120.00,80.00,0,0.010000,0,20
2032,20,76.00,-24.00,0,0.010000,2,17
2033,20,-40.00,80.00,0,0.010000,2,0
2034,20,-30.00,80.00,0,0.010000,1,0
2035,20,126.00,-109.00,0,0.010000,11,0
2036,20,-30.00,80.00,0,0.010000,1,1
2037,2,89.00,8.00,1,0.010000,0,0
2038,20,126.00,-69.00,0,0.010000,1,19
2039,20,118.00,-18.00,0,0.010000,2,17
2040,20,126.00,-69.00,0,0.010000,1,19
2041,20,-120.00,80.00,0,0.010000,0,20
2042,20,-20.00,80.00,0,0.010000,0,20
2043,20,-60.00,80.00,0,0.010000,4,0
2044,20,-30.00,80.00,0,0.010000,1,0
2045,20,126.00,-109.00,0,0.010000,11,0
2046,20,-20.00,80.00,0,0.010000,0,0
2047,2,89.00,8.00,1,0.010000,0,0
2048,20,126.00,-69.00,0,0.010000,1,19
2049,20,108.00,-28.00,0,0.010000,2,17
2050,20,126.00,-69.00,0,0.010000,1,19
2051,20,-120.00,80.00,0,0.010000,0,20
2052,20,-20.00,80.00,0,0.010000,0,20
2053,20,-50.00,80.00,0,0.010000,3,1
2054,20,-30.00,80.00,0,0.010000,1,0
2055,20,126.00,-109.00,0,0.010000,11,0
2056,20,-20.00,80.00,0,0.010000,0,0
2057,2,89.00,8.00,1,0.010000,0,0
2058,20,118.00,-67.00,0,0.010000,3,17
2059,20,118.00,-18.00,0,0.010000,2,17
2060,20,126.00,-69.00,0,0.010000,1,19
2061,20,-120.00,80.00,0,0.010000,0,20
2062,20,-25.00,80.00,0,0.010000,0,20
2063,20,-40.00,80.00,0,0.010000,2,0
2064,20,-30.00,80.00,0,0.010000,1,0
2065,20,126.00,-109.00,0,0.010000,11,0
2066,20,-25.00,80.00,0,0.010000,0,1
2067,2,89.00,8.00,1,0.010000,0,0
2068,20,126.00,-69.00,0,0.010000,1,19
2069,20,118.00,-18.00,0,0.010000,2,17
2070,20,126.00,-69.00,0,0.010000,1,19
2071,20,-125.00,80.00,0,0.010000,1,20
2072,20,-20.00,80.00,0,0.010000,0,20
2073,20,-60.00,80.00,0,0.010000,4,0
2074,20,-30.00,80.00,0,0.010000,1,0
2075,20,126.00,-109.00,0,0.010000,11,0
2076,20,-20.00,80.00,0,0.010000,0,0
2077,2,89.00,8.00,1,0.010000,0,0
2078,20,126.00,-69.00,0,0.010000,1,19
2079,20,118.00,-18.00,0,0.010000,2,17
2080,20,126.00,-69.00,0,0.010000,1,19
2081,20,-120.00,80.00,0,0.010000,0,20
2082,20,-20.00,80.00,0,0.010000,0,20
2083,20,-40.00,80.00,0,0.010000,2,0
2084,20,-30.00,80.00,0,0.010000,1,0
2085,20,126.00,-79.00,0,0.010000,11,1
2086,20,-20.00,80.00,0,0.010000,0,0
2087,2,89.00,8.00,1,0.010000,0,0
2088,20,126.00,-69.00,0,0.010000,1,19
2089,20,110.00,-18.00,0,0.010000,3,15
2090,20,126.00,-69.00,0,0.010000,1,19
2091,20,-145.00,80.00,0,0.010000,5,15
2092,20,-20.00,80.00,0,0.010000,0,20
2093,20,-40.00,80.00,0,0.010000,2,0
2094,20,-40.00,80.00,0,0.010000,2,1
2095,20,126.00,-109.00,0,0.010000,11,0
2096,20,-20.00,80.00,0,0.010000,0,0
2097,2,89.00,8.00,1,0.010000,0,0
2098,20,111.00,-64.00,0,0.010000,2,19
2099,20,118.00,-18.00,0,0.010000,2,17
2100,20,126.00,-69.00,0,0.010000,1,19
2101,20,-120.00,80.00,0,0.010000,0,20
2102,20,-20.00,80.00,0,0.010000,0,20
2103,20,-45.00,80.00,0,0.010000,2,2
2104,20,-30.00,80.00,0,0.010000,1,0
2105,20,126.00,-109.00,0,0.010000,11,0
2106,20,-20.00,80.00,0,0.010000,0,0
2107,2,89.00,8.00,1,0.010000,0,0
2108,20,126.00,-69.00,0,0.010000,1,19
2109,20,118.00,-18.00,0,0.010000,2,17
2110,20,126.00,-69.00,0,0.010000,1,19
2111,20,-120.00,80.00,0,0.010000,0,20
2112,20,-20.00,80.00,0,0.010000,0,20
2113,20,-40.00,80.00,0,0.010000,2,0
2114,20,-30.00,80.00,0,0.010000,1,0
2115,20,126.00,-109.00,0,0.010000,11,0
2116,20,-20.00,80.00,0,0.010000,0,0
2117,2,89.00,8.00,1,0.010000,0,0
2118,20,126.00,-69.00,0,0.010000,1,19
2119,20,118.00,-18.00,0,0.010000,2,17
2120,20,126.00,-69.00,0,0.010000,1,19
2121,20,-115.00,80.00,0,0.010000,1,17
2122,20,-20.00,80.00,0,0.010000,0,20
2123,20,-40.00,80.00,0,0.010000,2,0
2124,20,-30.00,80.00,0,0.010000,1,1
2125,20,126.00,-109.00,0,0.010000,11,0
2126,20,-20.00,80.00,0,0.010000,0,0
2127,2,89.00,8.00,1,0.010000,0,0
2128,20,126.00,-69.00,0,0.010000,1,19
2129,20,118.00,-18.00,0,0.010000,2,17
2130,20,126.00,-69.00,0,0.010000,1,19
2131,20,-125.00,80.00,0,0.010000,4,13
2132,20,-20.00,80.00,0,0.010000,0,20
2133,20,-40.00,80.00,0,0.010000,2,0
2134,20,-30.00,80.00,0,0.010000,1,0
2135,20,126.00,-109.00,0,0.010000,11,0
2136,20,-20.00,80.00,0,0.010000,0,0
2137,2,89.00,8.00,1,0.010000,0,0
2138,20,126.00,-69.00,0,0.010000,1,19
2139,20,118.00,-23.00,0,0.010000,2,17
2140,20,126.00,-69.00,0,0.010000,1,19
2141,20,-115.00,80.00,0,0.010000,1,17
2142,20,-30.00,80.00,0,0.010000,1,20
2143,20,-40.00,80.00,0,0.010000,2,0
2144,20,-30.00,80.00,0,0.010000,1,0
2145,20,126.00,-109.00,0,0.010000,11,0
2146,20,-20.00,80.00,0,0.010000,0,0
2147,2,89.00,8.00,1,0.010000,0,0
2148,20,126.00,-69.00,0,0.010000,1,19
2149,20,118.00,-28.00,0,0.010000,3,17
2150,20,126.00,-69.00,0,0.010000,1,19
2151,20,-100.00,80.00,0,0.010000,3,10
2152,20,-20.00,80.00,0,0.010000,0,20
2153,20,-40.00,80.00,0,0.010000,2,0
2154,20,-30.00,80.00,0,0.010000,1,0
2155,20,126.00,-109.00,0,0.010000,11,0
2156,20,-20.00,80.00,0,0.010000,0,0
2157,2,89.00,8.00,1,0.010000,0,0
2158,20,126.00,-69.00,0,0.010000,1,19
2159,20,118.00,-18.00,0,0.010000,2,17
2160,20,126.00,-69.00,0,0.010000,1,19
2161,20,-20.00,80.00,0,0.010000,0,0
2162,20,-20.00,80.00,0,0.010000,0,20
2163,20,-45.00,80.00,0,0.010000,2,1
2164,20,-30.00,80.00,0,0.010000,1,0
2165,20,126.00,-109.00,0,0.010000,11,0
2166,20,-25.00,80.00,0,0.010000,0,1
2167,2,89.00,8.00,1,0.010000,0,0
2168,20,126.00,-69.00,0,0.010000,1,19
2169,20,118.00,-18.00,0,0.010000,2,17
2170,20,126.00,-69.00,0,0.010000,1,19
2171,20,-20.00,80.00,0,0.010000,0,0
2172,20,-20.00,80.00,0,0.010000,0,20
2173,20,-40.00,80.00,0,0.010000,2,0
2174,20,-30.00,80.00,0,0.010000,1,0
2175,20,126.00,-109.00,0,0.010000,11,0
2176,20,-20.00,80.00,0,0.010000,0,0
2177,2,89.00,8.00,1,0.010000,0,0
2178,20,118.00,-69.00,0,0.010000,2,17
2179,20,118.00,-18.00,0,0.010000,2,17
2180,20,126.00,-69.00,0,0.010000,1,19
2181,20,-20.00,80.00,0,0.010000,0,0
2182,20,-20.00,80.00,0,0.010000,0,20
2183,20,-40.00,80.00,0,0.010000,2,0
2184,20,-30.00,80.00,0,0.010000,1,0
2185,20,126.00,-109.00,0,0.010000,11,0
2186,20,-20.00,80.00,0,0.010000,0,0
2187,2,89.00,8.00,1,0.010000,0,0
2188,20,126.00,-69.00,0,0.010000,1,19
2189,20,118.00,-18.00,0,0.010000,2,17
2190,20,126.00,-69.00,0,0.010000,1,19
2191,20,-20.00,80.00,0,0.010000,0,0
2192,20,-20.00,80.00,0,0.010000,0,20
2193,20,-40.00,80.00,0,0.010000,2,1
2194,20,-30.00,80.00,0,0.010000,1,0
2195,20,126.00,-109.00,0,0.010000,11,0
2196,20,-20.00,80.00,0,0.010000,0,0
2197,2,89.00,8.00,1,0.010000,0,0
2198,20,126.00,-69.00,0,0.010000,1,19
2199,20,118.00,-18.00,0,0.010000,2,17
2200,20,126.00,-69.00,0,0.010000,1,19
2201,20,-20.00,80.00,0,0.010000,0,0
2202,20,-20.00,80.00,0,0.010000,0,20
2203,20,-40.00,80.00,0,0.010000,2,0
2204,20,-30.00,80.00,0,0.010000,1,0
2205,20,126.00,-109.00,0,0.010000,11,0
2206,20,-20.00,80.00,0,0.010000,0,0
2207,2,89.00,8.00,1,0.010000,0,0
2208,20,126.00,-69.00,0,0.010000,1,19
2209,20,118.00,-18.00,0,0.010000,2,17
2210,20,126.00,-69.00,0,0.010000,1,19
2211,20,-20.00,80.00,0,0.010000,0,0
2212,20,-20.00,80.00,0,0.010000,0,20
2213,20,-40.00,80.00,0,0.010000,2,0
2214,20,-30.00,80.00,0,0.010000,1,0
2215,20,126.00,-109.00,0,0.010000,11,0
2216,20,-40.00,80.00,0,0.010000,2,0
2217,2,89.00,8.00,1,0.010000,0,0
2218,20,126.00,-69.00,0,0.010000,1,19
2219,20,118.00,-28.00,0,0.010000,3,17
2220,20,118.00,-67.00,0,0.010000,3,17
2221,20,-20.00,80.00,0,0.010000,0,0
2222,20,136.00,-89.00,0,0.010000,2,17
2223,20,-40.00,80.00,0,0.010000,2,0
2224,20,-30.00,80.00,0,0.010000,1,0
2225,20,126.00,-109.00,0,0.010000,11,0
2226,20,-20.00,80.00,0,0.010000,0,0
2227,2,89.00,8.00,1,0.010000,0,0
2228,20,126.00,-69.00,0,0.010000,1,19
2229,20,118.00,-28.00,0,0.010000,3,17
2230,20,126.00,-69.00,0,0.010000,1,19
2231,20,-20.00,80.00,0,0.010000,0,0
2232,20,-20.00,80.00,0,0.010000,0,20
2233,20,-40.00,80.00,0,0.010000,2,0
2234,20,-30.00,80.00,0,0.010000,1,1
2235,20,126.00,-109.00,0,0.010000,11,0
2236,20,-20.00,80.00,0,0.010000,0,0
2237,2,89.00,8.00,1,0.010000,0,0
2238,20,126.00,-69.00,0,0.010000,1,19
2239,20,118.00,-28.00,0,0.010000,3,17
2240,20,126.00,-69.00,0,0.010000,1,19
2241,20,-20.00,80.00,0,0.010000,0,0
2242,20,-20.00,80.00,0,0.010000,0,20
2243,20,-40.00,80.00,0,0.010000,2,0
2244,20,-30.00,80.00,0,0.010000,1,0
2245,20,126.00,-109.00,0,0.010000,11,0
2246,20,-20.00,80.00,0,0.010000,0,0
2247,2,89.00,8.00,1,0.010000,0,0
2248,20,126.00,-69.00,0,0.010000,1,19
2249,20,118.00,-18.00,0,0.010000,2,17
2250,20,126.00,-69.00,0,0.010000,1,19
2251,20,-100.00,80.00,0,0.010000,4,8
2252,20,-20.00,80.00,0,0.010000,0,20
2253,20,-40.00,80.00,0,0.010000,2,0
2254,20,-30.00,80.00,0,0.010000,1,0
2255,20,126.00,-109.00,0,0.010000,11,0
2256,20,-20.00,80.00,0,0.010000,0,0
2257,2,89.00,8.00,1,0.010000,0,0
2258,20,126.00,-69.00,0,0.010000,1,19
2259,20,118.00,-18.00,0,0.010000,2,17
2260,20,126.00,-69.00,0,0.010000,1,19
2261,20,-20.00,80.00,0,0.010000,0,0
2262,20,-20.00,80.00,0,0.010000,0,20
2263,20,-40.00,80.00,0,0.010000,2,0
2264,20,-30.00,80.00,0,0.010000,1,0
2265,20,126.00,-109.00,0,0.010000,11,0
2266,20,-20.00,80.00,0,0.010000,0,0
2267,2,89.00,8.00,1,0.010000,0,0
2268,20,126.00,-69.00,0,0.010000,1,19
2269,20,118.00,-18.00,0,0.010000,2,17
2270,20,126.00,-69.00,0,0.010000,1,19
2271,20,-20.00,80.00,0,0.010000,0,0
2272,20,-20.00,80.00,0,0.010000,0,20
2273,20,-40.00,80.00,0,0.010000,2,0
2274,20,-50.00,80.00,0,0.010000,3,0
2275,20,126.00,-109.00,0,0.010000,11,0
2276,20,-20.00,80.00,0,0.010000,0,0
2277,2,89.00,8.00,1,0.010000,0,0
2278,20,126.00,-69.00,0,0.010000,1,19
2279,20,118.00,-18.00,0,0.010000,2,17
2280,20,126.00,-69.00,0,0.010000,1,19
2281,20,-20.00,80.00,0,0.010000,0,0
2282,20,-20.00,80.00,0,0.010000,0,20
2283,20,-50.00,80.00,0,0.010000,3,0
2284,20,-30.00,80.00,0,0.010000,1,0
2285,20,126.00,-109.00,0,0.010000,11,0
2286,20,-20.00,80.00,0,0.010000,0,0
2287,2,89.00,8.00,1,0.010000,0,0
2288,20,126.00,-74.00,0,0.010000,1,19
2289,20,118.00,-18.00,0,0.010000,2,17
2290,20,126.00,-74.00,0,0.010000,1,19
2291,20,-20.00,80.00,0,0.010000,0,0
2292,20,-20.00,80.00,0,0.010000,0,20
2293,20,-40.00,80.00,0,0.010000,2,0
2294,20,-30.00,80.00,0,0.010000,1,0
2295,20,126.00,-109.00,0,0.010000,11,0
2296,20,-20.00,80.00,0,0.010000,0,0
2297,2,89.00,8.00,1,0.010000,0,0
2298,20,126.00,-69.00,0,0.010000,1,19
2299,20,113.00,-28.00,0,0.010000,3,17
2300,20,126.00,-69.00,0,0.010000,1,19
2301,20,-20.00,80.00,0,0.010000,0,0
2302,20,-20.00,80.00,0,0.010000,0,20
2303,20,-40.00,80.00,0,0.010000,2,0
2304,20,-30.00,80.00,0,0.010000,1,0
2305,20,126.00,-109.00,0,0.010000,11,0
2306,20,-20.00,80.00,0,0.010000,0,0
2307,2,89.00,8.00,1,0.010000,0,0
2308,20,126.00,-69.00,0,0.010000,1,19
2309,20,118.00,-18.00,0,0.010000,2,17
2310,20,126.00,-69.00,0,0.010000,1,19
2311,20,-20.00,80.00,0,0.010000,0,0
2312,20,-20.00,80.00,0,0.010000,0,20
2313,20,-40.00,80.00,0,0.010000,2,0
2314,20,-30.00,80.00,0,0.010000,1,0
2315,20,126.00,-109.00,0,0.010000,11,0
2316,20,-20.00,80.00,0,0.010000,0,0
2317,2,89.00,8.00,1,0.010000,0,0
2318,20,126.00,-69.00,0,0.010000,1,19
2319,20,118.00,-18.00,0,0.010000,2,17
2320,20,126.00,-69.00,0,0.010000,1,19
2321,20,-20.00,80.00,0,0.010000,0,0
2322,20,-20.00,80.00,0,0.010000,0,20
2323,20,-50.00,80.00,0,0.010000,3,1
2324,20,-30.00,80.00,0,0.010000,1,0
2325,20,126.00,-109.00,0,0.010000,11,0
2326,20,-20.00,80.00,0,0.010000,0,0
2327,2,89.00,8.00,1,0.010000,0,0
2328,20,126.00,-69.00,0,0.010000,1,19
2329,20,118.00,-28.00,0,0.010000,3,17
2330,20,126.00,-69.00,0,0.010000,1,19
2331,20,-20.00,80.00,0,0.010000,0,0
2332,20,76.00,-34.00,0,0.010000,3,18
2333,20,-40.00,80.00,0,0.010000,2,0
2334,20,-30.00,80.00,0,0.010000,1,0
2335,20,126.00,-109.00,0,0.010000,11,0
2336,20,-20.00,80.00,0,0.010000,0,0
2337,2,89.00,8.00,1,0.010000,0,0
2338,20,126.00,-69.00,0,0.010000,1,19
2339,20,118.00,-18.00,0,0.010000,2,17
2340,20,126.00,-69.00,0,0.010000,1,19
2341,20,-20.00,80.00,0,0.010000,0,0
2342,20,2.00,52.00,0,0.010000,2,18
2343,20,-50.00,80.00,0,0.010000,3,1
2344,20,-30.00,80.00,0,0.010000,1,0
2345,20,126.00,-69.00,0,0.010000,10,1
2346,20,-40.00,80.00,0,0.010000,2,0
2347,2,89.00,8.00,1,0.010000,0,0
2348,20,126.00,-69.00,0,0.010000,1,19
2349,20,118.00,-18.00,0,0.010000,2,17
2350,20,126.00,-79.00,0,0.010000,2,19
2351,20,-20.00,80.00,0,0.010000,0,0
2352,20,-20.00,80.00,0,0.010000,0,20
2353,20,-40.00,80.00,0,0.010000,2,0
2354,20,-30.00,80.00,0,0.010000,1,0
2355,20,126.00,-109.00,0,0.010000,11,0
2356,20,-40.00,80.00,0,0.010000,2,0
2357,2,89.00,8.00,1,0.010000,0,0
2358,20,126.00,-69.00,0,0.010000,1,19
2359,20,118.00,-18.00,0,0.010000,2,17
2360,20,126.00,-69.00,0,0.010000,1,19
2361,20,-20.00,80.00,0,0.010000,0,0
2362,20,-20.00,80.00,0,0.010000,0,20
2363,20,-40.00,80.00,0,0.010000,2,0
2364,20,-30.00,80.00,0,0.010000,1,0
2365,20,126.00,-109.00,0,0.010000,11,0
2366,20,-20.00,80.00,0,0.010000,0,0
2367,2,89.00,8.00,1,0.010000,0,0
2368,20,126.00,-69.00,0,0.010000,1,19
2369,20,118.00,-18.00,0,0.010000,2,17
2370,20,126.00,-69.00,0,0.010000,1,19
2371,20,-20.00,80.00,0,0.010000,0,0
2372,20,-20.00,80.00,0,0.010000,0,20
2373,20,-40.00,80.00,0,0.010000,2,0
2374,20,-30.00,80.00,0,0.010000,1,0
2375,20,126.00,-109.00,0,0.010000,11,0
2376,20,-20.00,80.00,0,0.010000,0,0
2377,2,89.00,8.00,1,0.010000,0,0
2378,20,126.00,-69.00,0,0.010000,1,19
2379,20,118.00,-18.00,0,0.010000,2,17
2380,20,126.00,-69.00,0,0.010000,1,19
2381,20,-20.00,80.00,0,0.010000,0,0
2382,20,-20.00,80.00,0,0.010000,0,20
2383,20,-60.00,80.00,0,0.010000,4,0
2384,20,-30.00,80.00,0,0.010000,1,0
2385,20,126.00,-109.00,0,0.010000,11,0
2386,20,-20.00,80.00,0,0.010000,0,0
2387,2,89.00,8.00,1,0.010000,0,0
2388,20,126.00,-69.00,0,0.010000,1,19
2389,20,118.00,-18.00,0,0.010000,2,17
2390,20,126.00,-79.00,0,0.010000,2,19
2391,20,-65.00,80.00,0,0.010000,1,7
2392,20,121.00,-69.00,0,0.010000,2,17
2393,20,-40.00,80.00,0,0.010000,2,0
2394,20,-30.00,80.00,0,0.010000,1,0
2395,20,126.00,-109.00,0,0.010000,11,0
2396,20,-30.00,80.00,0,0.010000,1,1
2397,2,89.00,8.00,1,0.010000,0,0
2398,20,126.00,-69.00,0,0.010000,1,19
2399,20,118.00,-18.00,0,0.010000,2,17
2400,20,126.00,-69.00,0,0.010000,1,19
2401,20,-60.00,80.00,0,0.010000,2,4
2402,20,-20.00,80.00,0,0.010000,0,20
2403,20,-40.00,80.00,0,0.010000,2,0
2404,20,-30.00,80.00,0,0.010000,1,0
2405,20,126.00,-109.00,0,0.010000,11,0
2406,20,-20.00,80.00,0,0.010000,0,0
2407,2,89.00,8.00,1,0.010000,0,0
2408,20,126.00,-69.00,0,0.010000,1,19
2409,20,118.00,10.00,0,0.010000,1,17
2410,20,126.00,-79.00,0,0.010000,2,19
2411,20,-20.00,80.00,0,0.010000,0,0
2412,20,-20.00,80.00,0,0.010000,0,20
2413,20,-40.00,80.00,0,0.010000,2,0
2414,20,-30.00,80.00,0,0.010000,1,0
2415,20,126.00,-109.00,0,0.010000,11,0
2416,20,-50.00,80.00,0,0.010000,3,1
2417,2,89.00,8.00,1,0.010000,0,0
2418,20,126.00,-69.00,0,0.010000,1,19
2419,20,118.00,-18.00,0,0.010000,2,17
2420,20,126.00,-69.00,0,0.010000,1,19
2421,20,-20.00,80.00,0,0.010000,0,0
2422,20,-20.00,80.00,0,0.010000,0,20
2423,20,-40.00,80.00,0,0.010000,2,0
2424,20,-40.00,80.00,0,0.010000,2,1
2425,20,126.00,-109.00,0,0.010000,11,0
2426,20,-20.00,80.00,0,0.010000,0,0
2427,2,89.00,8.00,1,0.010000,0,0
2428,20,126.00,-74.00,0,0.010000,1,19
2429,20,118.00,-18.00,0,0.010000,2,17
2430,20,126.00,-69.00,0,0.010000,1,19
2431,20,-30.00,80.00,0,0.010000,1,1
2432,20,-20.00,80.00,0,0.010000,0,20
2433,20,-40.00,80.00,0,0.010000,2,0
2434,20,-30.00,80.00,0,0.010000,1,0
2435,20,126.00,-109.00,0,0.010000,11,0
2436,20,-20.00,80.00,0,0.010000,0,0
2437,2,89.00,8.00,1,0.010000,0,0
2438,20,118.00,-67.00,0,0.010000,3,17
2439,20,118.00,-28.00,0,0.010000,3,17
2440,20,126.00,-69.00,0,0.010000,1,19
2441,20,-20.00,80.00,0,0.010000,0,0
2442,20,66.00,-9.00,0,0.010000,1,19
2443,20,-40.00,80.00,0,0.010000,2,0
2444,20,-30.00,80.00,0,0.010000,1,0
2445,20,126.00,-109.00,0,0.010000,11,0
2446,20,-20.00,80.00,0,0.010000,0,0
2447,2,89.00,8.00,1,0.010000,0,0
2448,20,126.00,-69.00,0,0.010000,1,19
2449,20,118.00,-18.00,0,0.010000,2,17
2450,20,126.00,-69.00,0,0.010000,1,19
2451,20,-20.00,80.00,0,0.010000,0,0
2452,20,-20.00,80.00,0,0.010000,0,20
2453,20,-40.00,80.00,0,0.010000,2,0
2454,20,-30.00,80.00,0,0.010000,1,0
2455,20,126.00,-109.00,0,0.010000,11,0
2456,20,-20.00,80.00,0,0.010000,0,0
2457,2,89.00,8.00,1,0.010000,0,0
2458,20,126.00,-69.00,0,0.010000,1,19
2459,20,118.00,-28.00,0,0.010000,3,17
2460,20,126.00,-69.00,0,0.010000,1,19
2461,20,-30.00,80.00,0,0.010000,1,1
2462,20,-20.00,80.00,0,0.010000,0,20
2463,20,-40.00,80.00,0,0.010000,2,0
2464,20,-30.00,80.00,0,0.010000,1,0
2465,20,126.00,-109.00,0,0.010000,11,0
2466,20,-20.00,80.00,0,0.010000,0,0
2467,2,89.00,8.00,1,0.010000,0,0
2468,20,118.00,-72.00,0,0.010000,3,17
2469,20,118.00,-18.00,0,0.010000,2,17
2470,20,126.00,-69.00,0,0.010000,1,19
2471,20,-20.00,80.00,0,0.010000,0,0
2472,20,-20.00,80.00,0,0.010000,0,20
2473,20,-40.00,80.00,0,0.010000,2,0
2474,20,-30.00,80.00,0,0.010000,1,1
2475,20,126.00,-109.00,0,0.010000,11,0
2476,20,-20.00,80.00,0,0.010000,0,0
2477,2,89.00,8.00,1,0.010000,0,0
2478,20,126.00,-69.00,0,0.010000,1,19
2479,20,118.00,-18.00,0,0.010000,2,17
2480,20,126.00,-69.00,0,0.010000,1,19
2481,20,-20.00,80.00,0,0.010000,0,0
2482,20,-20.00,80.00,0,0.010000,0,20
2483,20,-40.00,80.00,0,0.010000,2,0
2484,20,-30.00,80.00,0,0.010000,1,0
2485,20,126.00,-109.00,0,0.010000,11,0
2486,20,-20.00,80.00,0,0.010000,0,0
2487,2,89.00,8.00,1,0.010000,0,0
2488,20,118.00,-69.00,0,0.010000,2,17
2489,20,118.00,-18.00,0,0.010000,2,17
2490,20,126.00,-69.00,0,0.010000,1,19
2491,20,-40.00,80.00,0,0.010000,2,0
2492,20,-20.00,80.00,0,0.010000,0,20
2493,20,-40.00,80.00,0,0.010000,2,0
2494,20,-35.00,80.00,0,0.010000,1,1
2495,20,126.00,-109.00,0,0.010000,11,0
2496,20,-20.00,80.00,0,0.010000,0,0
2497,2,89.00,8.00,1,0.010000,0,0
2498,20,126.00,-69.00,0,0.010000,1,19
2499,20,118.00,-28.00,0,0.010000,3,17
2500,20,126.00,-79.00,0,0.010000,2,19
2501,20,-170.00,80.00,0,0.010000,15,0
2502,20,-20.00,80.00,0,0.010000,0,20
2503,20,-40.00,80.00,0,0.010000,2,0
2504,20,-30.00,80.00,0,0.010000,1,0
2505,20,126.00,-109.00,0,0.010000,11,0
2506,20,-20.00,80.00,0,0.010000,0,0
2507,2,89.00,8.00,1,0.010000,0,0
2508,20,126.00,-69.00,0,0.010000,1,19
2509,20,118.00,-28.00,0,0.010000,3,17
2510,20,126.00,-69.00,0,0.010000,1,19
2511,20,-20.00,80.00,0,0.010000,0,0
2512,20,-20.00,80.00,0,0.010000,0,20
2513,20,-40.00,80.00,0,0.010000,2,0
2514,20,-30.00,80.00,0,0.010000,1,0
2515,20,126.00,-109.00,0,0.010000,11,0
2516,20,-20.00,80.00,0,0.010000,0,0
2517,2,89.00,8.00,1,0.010000,0,0
2518,20,126.00,-69.00,0,0.010000,1,19
2519,20,118.00,-18.00,0,0.010000,2,17
2520,20,126.00,-69.00,0,0.010000,1,19
2521,20,-20.00,80.00,0,0.010000,0,0
2522,20,-20.00,80.00,0,0.010000,0,20
2523,20,-45.00,80.00,0,0.010000,2,1
2524,20,-30.00,80.00,0,0.010000,1,0
2525,20,126.00,-109.00,0,0.010000,11,0
2526,20,-50.00,80.00,0,0.010000,3,2
2527,2,89.00,8.00,1,0.010000,0,0
2528,20,126.00,-69.00,0,0.010000,1,19
2529,20,118.00,-18.00,0,0.010000,2,17
2530,20,126.00,-69.00,0,0.010000,1,19
2531,20,-20.00,80.00,0,0.010000,0,0
2532,20,-30.00,80.00,0,0.010000,1,20
2533,20,-50.00,80.00,0,0.010000,3,1
2534,20,-30.00,80.00,0,0.010000,1,0
2535,20,116.00,-64.00,0,0.010000,10,1
2536,20,-20.00,80.00,0,0.010000,0,0
2537,2,89.00,8.00,1,0.010000,0,0
2538,20,126.00,-69.00,0,0.010000,1,19
2539,20,118.00,-18.00,0,0.010000,2,17
2540,20,126.00,-69.00,0,0.010000,1,19
2541,20,-20.00,80.00,0,0.010000,0,0
2542,20,-20.00,80.00,0,0.010000,0,20
2543,20,-40.00,80.00,0,0.010000,2,0
2544,20,-30.00,80.00,0,0.010000,1,0
2545,20,126.00,-109.00,0,0.010000,11,0
2546,20,-20.00,80.00,0,0.010000,0,0
2547,2,89.00,8.00,1,0.010000,0,0
2548,20,118.00,-69.00,0,0.010000,2,17
2549,20,118.00,-18.00,0,0.010000,2,17
2550,20,126.00,-69.00,0,0.010000,1,19
2551,20,-20.00,80.00,0,0.010000,0,0
2552,20,-20.00,80.00,0,0.010000,0,20
2553,20,-40.00,80.00,0,0.010000,2,0
2554,20,-30.00,80.00,0,0.010000,1,0
2555,20,118.00,-109.00,0,0.010000,11,0
2556,20,-40.00,80.00,0,0.010000,2,0
2557,2,89.00,8.00,1,0.010000,0,0
2558,20,126.00,-69.00,0,0.010000,1,19
2559,20,118.00,-28.00,0,0.010000,3,17
2560,20,126.00,-69.00,0,0.010000,1,19
2561,20,-20.00,80.00,0,0.010000,0,0
2562,20,-20.00,80.00,0,0.010000,0,20
2563,20,-40.00,80.00,0,0.010000,2,0
2564,20,-30.00,80.00,0,0.010000,1,0
2565,20,126.00,-79.00,0,0.010000,11,1
2566,20,-20.00,80.00,0,0.010000,0,0
2567,2,89.00,8.00,1,0.010000,0,0
2568,20,126.00,-69.00,0,0.010000,1,19
2569,20,118.00,-18.00,0,0.010000,2,17
2570,20,118.00,-67.00,0,0.010000,3,17
2571,20,-20.00,80.00,0,0.010000,0,0
2572,20,-20.00,80.00,0,0.010000,0,20
2573,20,-40.00,80.00,0,0.010000,2,0
2574,20,-30.00,80.00,0,0.010000,1,0
2575,20,126.00,-79.00,0,0.010000,11,1
2576,20,-20.00,80.00,0,0.010000,0,0
2577,2,89.00,8.00,1,0.010000,0,0
2578,20,126.00,-69.00,0,0.010000,1,19
2579,20,118.00,-18.00,0,0.010000,2,17
2580,20,126.00,-74.00,0,0.010000,1,19
2581,20,-20.00,80.00,0,0.010000,0,0
2582,20,-20.00,80.00,0,0.010000,0,20
2583,20,-40.00,80.00,0,0.010000,2,0
2584,20,-30.00,80.00,0,0.010000,1,0
2585,20,126.00,-109.00,0,0.010000,11,0
2586,20,-20.00,80.00,0,0.010000,0,0
2587,2,89.00,8.00,1,0.010000,0,0
2588,20,126.00,-69.00,0,0.010000,1,19
2589,20,118.00,-18.00,0,0.010000,2,17
2590,20,126.00,-69.00,0,0.010000,1,19
2591,20,-20.00,80.00,0,0.010000,0,0
2592,20,-25.00,80.00,0,0.010000,0,20
2593,20,-40.00,80.00,0,0.010000,2,0
2594,20,-30.00,80.00,0,0.010000,1,0
2595,20,126.00,-109.00,0,0.010000,11,0
2596,20,-20.00,80.00,0,0.010000,0,1
2597,2,89.00,8.00,1,0.010000,0,0
2598,20,126.00,-69.00,0,0.010000,1,19
2599,20,118.00,-18.00,0,0.010000,2,17
2600,20,126.00,-79.00,0,0.010000,2,19
2601,20,-20.00,80.00,0,0.010000,0,0
2602,20,-20.00,80.00,0,0.010000,0,20
2603,20,-40.00,80.00,0,0.010000,2,0
2604,20,-30.00,80.00,0,0.010000,1,0
2605,20,126.00,-109.00,0,0.010000,11,0
2606,20,-20.00,80.00,0,0.010000,0,0
2607,2,89.00,8.00,1,0.010000,0,0
2608,20,126.00,-69.00,0,0.010000,1,19
2609,20,118.00,-18.00,0,0.010000,2,17
2610,20,126.00,-69.00,0,0.010000,1,19
2611,20,-20.00,80.00,0,0.010000,0,0
2612,20,-20.00,80.00,0,0.010000,0,20
2613,20,-40.00,80.00,0,0.010000,2,0
2614,20,-30.00,80.00,0,0.010000,1,0
2615,20,126.00,-109.00,0,0.010000,11,0
2616,20,-20.00,80.00,0,0.010000,0,0
2617,2,89.00,8.00,1,0.010000,0,0
2618,20,126.00,-69.00,0,0.010000,1,19
2619,20,118.00,-18.00,0,0.010000,2,17
2620,20,126.00,-69.00,0,0.010000,1,19
2621,20,-20.00,80.00,0,0.010000,0,0
2622,20,-20.00,80.00,0,0.010000,0,20
2623,20,-40.00,80.00,0,0.010000,2,0
2624,20,-30.00,80.00,0,0.010000,1,0
2625,20,126.00,-109.00,0,0.010000,11,0
2626,20,-20.00,80.00,0,0.010000,0,0
2627,2,89.00,8.00,1,0.010000,0,0
2628,20,126.00,-79.00,0,0.010000,2,19
2629,20,118.00,-18.00,0,0.010000,2,17
2630,20,126.00,-74.00,0,0.010000,1,19
2631,20,-20.00,80.00,0,0.010000,0,0
2632,20,-20.00,80.00,0,0.010000,0,20
2633,20,-40.00,80.00,0,0.010000,2,0
2634,20,-30.00,80.00,0,0.010000,1,0
2635,20,126.00,-109.00,0,0.010000,11,0
2636,20,-20.00,80.00,0,0.010000,0,0
2637,2,89.00,8.00,1,0.010000,0,0
2638,20,126.00,-69.00,0,0.010000,1,19
2639,20,4.00,33.00,0,0.010000,5,14
2640,20,126.00,-69.00,0,0.010000,1,19
2641,20,-20.00,80.00,0,0.010000,0,0
2642,20,-20.00,80.00,0,0.010000,0,20
2643,20,-40.00,80.00,0,0.010000,2,0
2644,20,-30.00,80.00,0,0.010000,1,0
2645,20,126.00,-109.00,0,0.010000,11,0
2646,20,-20.00,80.00,0,0.010000,0,0
2647,2,89.00,8.00,1,0.010000,0,0
2648,20,121.00,-64.00,0,0.010000,1,19
2649,20,118.00,-18.00,0,0.010000,2,17
2650,20,121.00,-74.00,0,0.010000,2,17
2651,20,-20.00,80.00,0,0.010000,0,0
2652,20,-20.00,80.00,0,0.010000,0,20
2653,20,-40.00,80.00,0,0.010000,2,0
2654,20,-30.00,80.00,0,0.010000,1,0
2655,20,126.00,-109.00,0,0.010000,11,0
2656,20,-20.00,80.00,0,0.010000,0,0
2657,2,89.00,8.00,1,0.010000,0,0
2658,20,126.00,-69.00,0,0.010000,1,19
2659,20,118.00,-18.00,0,0.010000,2,17
2660,20,126.00,-69.00,0,0.010000,1,19
2661,20,-20.00,80.00,0,0.010000,0,0
2662,20,-20.00,80.00,0,0.010000,0,20
2663,20,-40.00,80.00,0,0.010000,2,0
2664,20,-30.00,80.00,0,0.010000,1,0
2665,20,126.00,-109.00,0,0.010000,11,0
2666,20,-20.00,80.00,0,0.010000,0,0
2667,2,89.00,8.00,1,0.010000,0,0
2668,20,126.00,-69.00,0,0.010000,1,19
2669,20,118.00,-18.00,0,0.010000,2,17
2670,20,126.00,-69.00,0,0.010000,1,19
2671,20,-20.00,80.00,0,0.010000,0,0
2672,20,-20.00,80.00,0,0.010000,0,20
2673,20,-45.00,80.00,0,0.010000,2,1
2674,20,-30.00,80.00,0,0.010000,1,0
2675,20,126.00,-109.00,0,0.010000,11,0
2676,20,-20.00,80.00,0,0.010000,0,0
2677,2,89.00,8.00,1,0.010000,0,0
2678,20,126.00,-69.00,0,0.010000,1,19
2679,20,118.00,-18.00,0,0.010000,2,17
2680,20,116.00,-64.00,0,0.010000,1,19
2681,20,-20.00,80.00,0,0.010000,0,0
2682,20,-20.00,80.00,0,0.010000,0,20
2683,20,-45.00,80.00,0,0.010000,2,1
2684,20,-30.00,80.00,0,0.010000,1,0
2685,20,126.00,-109.00,0,0.010000,11,0
2686,20,-20.00,80.00,0,0.010000,0,0
2687,2,89.00,8.00,1,0.010000,0,0
2688,20,126.00,-69.00,0,0.010000,1,19
2689,20,118.00,-18.00,0,0.010000,2,17
2690,20,126.00,-69.00,0,0.010000,1,19
2691,20,-20.00,80.00,0,0.010000,0,0
2692,20,-20.00,80.00,0,0.010000,0,20
2693,20,-40.00,80.00,0,0.010000,2,0
2694,20,-30.00,80.00,0,0.010000,1,0
2695,20,126.00,-109.00,0,0.010000,11,0
2696,20,-20.00,80.00,0,0.010000,0,0
2697,2,89.00,8.00,1,0.010000,0,0
2698,20,126.00,-69.00,0,0.010000,1,19
2699,20,118.00,-18.00,0,0.010000,2,17
2700,20,126.00,-69.00,0,0.010000,1,19
2701,20,-20.00,80.00,0,0.010000,0,0
2702,20,-20.00,80.00,0,0.010000,0,20
2703,20,-40.00,80.00,0,0.010000,2,0
2704,20,-30.00,80.00,0,0.010000,1,0
2705,20,126.00,-109.00,0,0.010000,11,0
2706,20,-20.00,80.00,0,0.010000,0,1
2707,2,89.00,8.00,1,0.010000,0,0
2708,20,126.00,-69.00,0,0.010000,1,19
2709,20,118.00,-18.00,0,0.010000,2,17
2710,20,126.00,-69.00,0,0.010000,1,19
2711,20,-20.00,80.00,0,0.010000,0,0
2712,20,-20.00,80.00,0,0.010000,0,20
2713,20,-40.00,80.00,0,0.010000,2,0
2714,20,-30.00,80.00,0,0.010000,1,1
2715,20,126.00,-109.00,0,0.010000,11,0
2716,20,-20.00,80.00,0,0.010000,0,0
2717,2,89.00,8.00,1,0.010000,0,0
2718,20,126.00,-69.00,0,0.010000,1,19
2719,20,118.00,-28.00,0,0.010000,3,17
2720,20,126.00,-79.00,0,0.010000,2,19
2721,20,-20.00,80.00,0,0.010000,0,0
2722,20,-20.00,80.00,0,0.010000,0,20
2723,20,-40.00,80.00,0,0.010000,2,0
2724,20,-30.00,80.00,0,0.010000,1,0
2725,20,126.00,-109.00,0,0.010000,11,0
2726,20,-20.00,80.00,0,0.010000,0,0
2727,2,89.00,8.00,1,0.010000,0,0
2728,20,126.00,-69.00,0,0.010000,1,19
2729,20,118.00,-18.00,0,0.010000,2,17
2730,20,126.00,-69.00,0,0.010000,1,19
2731,20,-20.00,80.00,0,0.010000,0,0
2732,20,-20.00,80.00,0,0.010000,0,20
2733,20,-40.00,80.00,0,0.010000,2,0
2734,20,-30.00,80.00,0,0.010000,1,1
2735,20,126.00,-109.00,0,0.010000,11,0
2736,20,-20.00,80.00,0,0.010000,0,0
2737,2,89.00,8.00,1,0.010000,0,0
2738,20,126.00,-69.00,0,0.010000,1,19
2739,20,118.00,-18.00,0,0.010000,2,17
2740,20,126.00,-69.00,0,0.010000,1,19
2741,20,-20.00,80.00,0,0.010000,0,1
2742,20,-20.00,80.00,0,0.010000,0,20
2743,20,-40.00,80.00,0,0.010000,2,0
2744,20,-30.00,80.00,0,0.010000,1,0
2745,20,126.00,-109.00,0,0.010000,11,0
2746,20,-20.00,80.00,0,0.010000,0,0
2747,2,89.00,8.00,1,0.010000,0,0
2748,20,126.00,-69.00,0,0.010000,1,19
2749,20,118.00,-18.00,0,0.010000,2,17
2750,20,126.00,-69.00,0,0.010000,1,19
2751,20,-20.00,80.00,0,0.010000,0,0
2752,20,-30.00,80.00,0,0.010000,1,20
2753,20,-40.00,80.00,0,0.010000,2,0
2754,20,-30.00,80.00,0,0.010000,1,0
2755,20,126.00,-109.00,0,0.010000,11,0
2756,20,-20.00,80.00,0,0.010000,0,0
2757,2,89.00,8.00,1,0.010000,0,0
2758,20,126.00,-69.00,0,0.010000,1,19
2759,20,118.00,-18.00,0,0.010000,2,17
2760,20,126.00,-79.00,0,0.010000,2,19
2761,20,-20.00,80.00,0,0.010000,0,0
2762,20,-20.00,80.00,0,0.010000,0,20
2763,20,-40.00,80.00,0,0.010000,2,0
2764,20,-30.00,80.00,0,0.010000,1,0
2765,20,126.00,-109.00,0,0.010000,11,0
2766,20,-20.00,80.00,0,0.010000,0,0
2767,2,89.00,8.00,1,0.010000,0,0
2768,20,126.00,-69.00,0,0.010000,1,19
2769,20,118.00,-18.00,0,0.010000,2,17
2770,20,118.00,-67.00,0,0.010000,3,17
2771,20,-20.00,80.00,0,0.010000,0,0
2772,20,-20.00,80.00,0,0.010000,0,20
2773,20,-40.00,80.00,0,0.010000,2,0
2774,20,-30.00,80.00,0,0.010000,1,0
2775,20,126.00,-109.00,0,0.010000,11,0
2776,20,-20.00,80.00,0,0.010000,0,0
2777,2,89.00,8.00,1,0.010000,0,0
2778,20,126.00,-74.00,0,0.010000,1,19
2779,20,118.00,-18.00,0,0.010000,2,17
2780,20,126.00,-69.00,0,0.010000,1,19
2781,20,-20.00,80.00,0,0.010000,0,0
2782,20,-20.00,80.00,0,0.010000,0,20
2783,20,-40.00,80.00,0,0.010000,2,0
2784,20,-30.00,80.00,0,0.010000,1,0
2785,20,126.00,-109.00,0,0.010000,11,0
2786,20,-20.00,80.00,0,0.010000,0,0
2787,2,89.00,8.00,1,0.010000,0,0
2788,20,126.00,-69.00,0,0.010000,1,19
2789,20,118.00,-18.00,0,0.010000,2,17
2790,20,126.00,-69.00,0,0.010000,1,19
2791,20,-20.00,80.00,0,0.010000,0,0
2792,20,-20.00,80.00,0,0.010000,0,20
2793,20,-40.00,80.00,0,0.010000,2,0
2794,20,-50.00,80.00,0,0.010000,3,2
2795,20,126.00,-109.00,0,0.010000,11,0
2796,20,-20.00,80.00,0,0.010000,0,0
2797,2,89.00,8.00,1,0.010000,0,0
2798,20,126.00,-69.00,0,0.010000,1,19
2799,20,118.00,-18.00,0,0.010000,2,17
2800,20,126.00,-69.00,0,0.010000,1,19
2801,20,-110.00,80.00,0,0.010000,9,0
2802,20,-20.00,80.00,0,0.010000,0,20
2803,20,-40.00,80.00,0,0.010000,2,0
2804,20,-50.00,72.00,0,0.010000,3,0
2805,20,126.00,-109.00,0,0.010000,11,0
2806,20,-20.00,80.00,0,0.010000,0,0
2807,2,89.00,8.00,1,0.010000,0,0
2808,20,126.00,-69.00,0,0.010000,1,19
2809,20,118.00,-18.00,0,0.010000,2,17
2810,20,126.00,-69.00,0,0.010000,1,19
2811,20,-120.00,80.00,0,0.010000,2,17
2812,20,-20.00,80.00,0,0.010000,0,20
2813,20,-40.00,80.00,0,0.010000,2,0
2814,20,-30.00,80.00,0,0.010000,1,0
2815,20,126.00,-109.00,0,0.010000,11,0
2816,20,-40.00,80.00,0,0.010000,2,0
2817,2,89.00,8.00,1,0.010000,0,0
2818,20,126.00,-69.00,0,0.010000,1,19
2819,20,118.00,-18.00,0,0.010000,2,17
2820,20,126.00,-69.00,0,0.010000,1,19
2821,20,-20.00,80.00,0,0.010000,0,0
2822,20,-20.00,80.00,0,0.010000,0,20
2823,20,-40.00,80.00,0,0.010000,2,0
2824,20,-30.00,80.00,0,0.010000,1,0
2825,20,126.00,-109.00,0,0.010000,11,0
2826,20,-20.00,80.00,0,0.010000,0,0
2827,2,89.00,8.00,1,0.010000,0,0
2828,20,126.00,-69.00,0,0.010000,1,19
2829,20,118.00,-18.00,0,0.010000,2,17
2830,20,126.00,-69.00,0,0.010000,1,19
2831,20,-20.00,80.00,0,0.010000,0,0
2832,20,-20.00,80.00,0,0.010000,0,20
2833,20,-40.00,80.00,0,0.010000,2,0
2834,20,-30.00,80.00,0,0.010000,1,0
2835,20,126.00,-109.00,0,0.010000,11,0
2836,20,-20.00,80.00,0,0.010000,0,0
2837,2,89.00,8.00,1,0.010000,0,0
2838,20,126.00,-69.00,0,0.010000,1,19
2839,20,118.00,-18.00,0,0.010000,2,17
2840,20,126.00,-69.00,0,0.010000,1,19
2841,20,-30.00,80.00,0,0.010000,1,0
2842,20,-20.00,80.00,0,0.010000,0,20
2843,20,-40.00,80.00,0,0.010000,2,0
2844,20,-30.00,80.00,0,0.010000,1,0
2845,20,126.00,-109.00,0,0.010000,11,0
2846,20,-30.00,80.00,0,0.010000,1,1
2847,2,89.00,8.00,1,0.010000,0,0
2848,20,126.00,-69.00,0,0.010000,1,19
2849,20,118.00,-18.00,0,0.010000,2,17
2850,20,126.00,-69.00,0,0.010000,1,19
2851,20,-20.00,80.00,0,0.010000,0,0
2852,20,-20.00,80.00,0,0.010000,0,20
2853,20,-40.00,80.00,0,0.010000,2,0
2854,20,-30.00,80.00,0,0.010000,1,0
2855,20,126.00,-109.00,0,0.010000,11,0
2856,20,-25.00,80.00,0,0.010000,0,1
2857,2,89.00,8.00,1,0.010000,0,0
2858,20,126.00,-69.00,0,0.010000,1,19
2859,20,118.00,-18.00,0,0.010000,2,17
2860,20,126.00,-69.00,0,0.010000,1,19
2861,20,-20.00,80.00,0,0.010000,0,0
2862,20,-20.00,80.00,0,0.010000,0,20
2863,20,-40.00,80.00,0,0.010000,2,0
2864,20,-30.00,80.00,0,0.010000,1,0
2865,20,126.00,-109.00,0,0.010000,11,0
2866,20,-20.00,80.00,0,0.010000,0,0
2867,2,89.00,8.00,1,0.010000,0,0
2868,20,126.00,-69.00,0,0.010000,1,19
2869,20,118.00,-18.00,0,0.010000,2,17
2870,20,126.00,-69.00,0,0.010000,1,19
2871,20,-30.00,80.00,0,0.010000,1,1
2872,20,-20.00,80.00,0,0.010000,0,20
2873,20,-40.00,80.00,0,0.010000,2,0
2874,20,-30.00,80.00,0,0.010000,1,0
2875,20,126.00,-109.00,0,0.010000,11,0
2876,20,-20.00,80.00,0,0.010000,0,0
2877,2,89.00,8.00,1,0.010000,0,0
2878,20,126.00,-69.00,0,0.010000,1,19
2879,20,118.00,-18.00,0,0.010000,2,17
2880,20,126.00,-69.00,0,0.010000,1,19
2881,20,-20.00,80.00,0,0.010000,0,0
2882,20,-20.00,80.00,0,0.010000,0,20
2883,20,-40.00,80.00,0,0.010000,2,0
2884,20,-30.00,80.00,0,0.010000,1,0
2885,20,126.00,-109.00,0,0.010000,11,0
2886,20,-20.00,80.00,0,0.010000,0,0
2887,2,89.00,8.00,1,0.010000,0,0
2888,20,118.00,-77.00,0,0.010000,4,17
2889,20,118.00,-18.00,0,0.010000,2,17
2890,20,126.00,-69.00,0,0.010000,1,19
2891,20,-20.00,80.00,0,0.010000,0,0
2892,20,-20.00,80.00,0,0.010000,0,20
2893,20,-40.00,80.00,0,0.010000,2,0
2894,20,-30.00,80.00,0,0.010000,1,1
2895,20,126.00,-109.00,0,0.010000,11,0
2896,20,-20.00,80.00,0,0.010000,0,0
2897,2,89.00,8.00,1,0.010000,0,0
2898,20,126.00,-69.00,0,0.010000,1,19
2899,20,118.00,-18.00,0,0.010000,2,17
2900,20,126.00,-69.00,0,0.010000,1,19
2901,20,-20.00,80.00,0,0.010000,0,0
2902,20,-20.00,80.00,0,0.010000,0,20
2903,20,-40.00,80.00,0,0.010000,2,0
2904,20,-35.00,80.00,0,0.010000,1,1
2905,20,126.00,-109.00,0,0.010000,11,0
2906,20,-20.00,80.00,0,0.010000,0,0
2907,2,89.00,8.00,1,0.010000,0,0
2908,20,126.00,-69.00,0,0.010000,1,19
2909,20,118.00,-18.00,0,0.010000,2,17
2910,20,126.00,-69.00,0,0.010000,1,19
2911,20,-20.00,80.00,0,0.010000,0,0
2912,20,-20.00,80.00,0,0.010000,0,20
2913,20,-40.00,80.00,0,0.010000,2,0
2914,20,-30.00,80.00,0,0.010000,1,0
2915,20,126.00,-109.00,0,0.010000,11,0
2916,20,-20.00,80.00,0,0.010000,0,0
2917,2,89.00,8.00,1,0.010000,0,0
2918,20,126.00,-69.00,0,0.010000,1,19
2919,20,118.00,-18.00,0,0.010000,2,17
2920,20,111.00,-64.00,0,0.010000,2,19
2921,20,-20.00,80.00,0,0.010000,0,0
2922,20,-20.00,80.00,0,0.010000,0,20
2923,20,-40.00,80.00,0,0.010000,2,0
2924,20,-30.00,80.00,0,0.010000,1,0
2925,20,126.00,-109.00,0,0.010000,11,0
2926,20,-30.00,80.00,0,0.010000,1,1
2927,2,89.00,8.00,1,0.010000,0,0
2928,20,126.00,-69.00,0,0.010000,1,19
2929,20,118.00,-18.00,0,0.010000,2,17
2930,20,126.00,-69.00,0,0.010000,1,19
2931,20,-20.00,80.00,0,0.010000,0,0
2932,20,-30.00,80.00,0,0.010000,1,20
2933,20,-40.00,80.00,0,0.010000,2,0
2934,20,-30.00,80.00,0,0.010000,1,0
2935,20,126.00,-109.00,0,0.010000,11,0
2936,20,-20.00,80.00,0,0.010000,0,0
2937,2,89.00,8.00,1,0.010000,0,0
2938,20,126.00,-69.00,0,0.010000,1,19
2939,20,118.00,-18.00,0,0.010000,2,17
2940,20,126.00,-69.00,0,0.010000,1,19
2941,20,-20.00,80.00,0,0.010000,0,0
2942,20,-20.00,80.00,0,0.010000,0,20
2943,20,-40.00,80.00,0,0.010000,2,0
2944,20,-30.00,80.00,0,0.010000,1,0
2945,20,126.00,-109.00,0,0.010000,11,0
2946,20,-35.00,80.00,0,0.010000,1,2
2947,2,89.00,8.00,1,0.010000,0,0
2948,20,126.00,-69.00,0,0.010000,1,19
2949,20,118.00,-18.00,0,0.010000,2,17
2950,20,126.00,-69.00,0,0.010000,1,19
2951,20,-20.00,80.00,0,0.010000,0,0
2952,20,-20.00,80.00,0,0.010000,0,20
2953,20,-40.00,80.00,0,0.010000,2,0
2954,20,-30.00,80.00,0,0.010000,1,0
2955,20,126.00,-109.00,0,0.010000,11,0
2956,20,-20.00,80.00,0,0.010000,0,0
2957,2,89.00,8.00,1,0.010000,0,0
2958,20,126.00,-69.00,0,0.010000,1,19
2959,20,118.00,-18.00,0,0.010000,2,17
2960,20,126.00,-69.00,0,0.010000,1,19
2961,20,-20.00,80.00,0,0.010000,0,0
2962,20,-20.00,80.00,0,0.010000,0,20
2963,20,-40.00,80.00,0,0.010000,2,0
2964,20,-30.00,80.00,0,0.010000,1,0
2965,20,126.00,-109.00,0,0.010000,11,0
2966,20,-20.00,80.00,0,0.010000,0,0
2967,2,89.00,8.00,1,0.010000,0,0
2968,20,126.00,-69.00,0,0.010000,1,19
2969,20,118.00,-18.00,0,0.010000,2,17
2970,20,126.00,-74.00,0,0.010000,1,17
2971,20,-20.00,80.00,0,0.010000,0,0
2972,20,-20.00,80.00,0,0.010000,0,20
2973,20,-40.00,80.00,0,0.010000,2,0
2974,20,-30.00,80.00,0,0.010000,1,0
2975,20,126.00,-109.00,0,0.010000,11,0
2976,20,-20.00,80.00,0,0.010000,0,0
2977,2,89.00,8.00,1,0.010000,0,0
2978,20,126.00,-74.00,0,0.010000,1,19
2979,20,118.00,-18.00,0,0.010000,2,17
2980,20,126.00,-69.00,0,0.010000,1,19
2981,20,-20.00,80.00,0,0.010000,0,0
2982,20,-30.00,80.00,0,0.010000,1,20
2983,20,-40.00,80.00,0,0.010000,2,0
2984,20,-30.00,80.00,0,0.010000,1,0
2985,20,126.00,-109.00,0,0.010000,11,0
2986,20,-20.00,80.00,0,0.010000,0,0
2987,2,89.00,8.00,1,0.010000,0,0
2988,20,126.00,-69.00,0,0.010000,1,19
2989,20,118.00,-23.00,0,0.010000,2,17
2990,20,126.00,-69.00,0,0.010000,1,19
2991,20,-20.00,80.00,0,0.010000,0,0
2992,20,-20.00,80.00,0,0.010000,0,20
2993,20,-40.00,80.00,0,0.010000,2,0
2994,20,-30.00,80.00,0,0.010000,1,0
2995,20,126.00,-109.00,0,0.010000,11,0
2996,20,-20.00,80.00,0,0.010000,0,0
2997,2,89.00,8.00,1,0.010000,0,0
2998,20,126.00,-69.00,0,0.010000,1,19
2999,20,118.00,-18.00,0,0.010000,2,17
3000,20,126.00,-69.00,0,0.010000,1,19
3001,20,-40.00,80.00,0,0.010000,2,0
3002,20,-20.00,80.00,0,0.010000,0,20
3003,20,-40.00,80.00,0,0.010000,2,1
3004,20,-30.00,80.00,0,0.010000,1,0
3005,20,126.00,-109.00,0,0.010000,11,0
3006,20,-20.00,80.00,0,0.010000,0,0
3007,2,89.00,8.00,1,0.010000,0,0
3008,20,126.00,-69.00,0,0.010000,1,19
3009,20,118.00,-18.00,0,0.010000,2,17
3010,20,126.00,-69.00,0,0.010000,1,19
3011,20,-20.00,80.00,0,0.010000,0,0
3012,20,-20.00,80.00,0,0.010000,0,20
3013,20,-40.00,80.00,0,0.010000,2,0
3014,20,-30.00,80.00,0,0.010000,1,0
3015,20,126.00,-109.00,0,0.010000,11,0
3016,20,-20.00,80.00,0,0.010000,0,0
3017,2,89.00,8.00,1,0.010000,0,0
3018,20,126.00,-69.00,0,0.010000,1,19
3019,20,118.00,-18.00,0,0.010000,2,17
3020,20,118.00,-67.00,0,0.010000,3,17
3021,20,-20.00,80.00,0,0.010000,0,0
3022,20,-20.00,80.00,0,0.010000,0,20
3023,20,-40.00,80.00,0,0.010000,2,0
3024,20,-30.00,80.00,0,0.010000,1,0
3025,20,126.00,-109.00,0,0.010000,11,0
3026,20,-20.00,80.00,0,0.010000,0,0
3027,2,89.00,8.00,1,0.010000,0,0
3028,20,126.00,-69.00,0,0.010000,1,19
3029,20,118.00,-28.00,0,0.010000,3,17
3030,20,126.00,-69.00,0,0.010000,1,19
3031,20,-20.00,80.00,0,0.010000,0,0
3032,20,-20.00,80.00,0,0.010000,0,20
3033,20,-40.00,80.00,0,0.010000,2,0
3034,20,-50.00,80.00,0,0.010000,3,0
3035,20,126.00,-109.00,0,0.010000,11,0
3036,20,-20.00,80.00,0,0.010000,0,0
3037,2,89.00,8.00,1,0.010000,0,0
3038,20,126.00,-69.00,0,0.010000,1,19
3039,20,118.00,-18.00,0,0.010000,2,17
3040,20,126.00,-69.00,0,0.010000,1,19
3041,20,-20.00,80.00,0,0.010000,0,0
3042,20,-20.00,80.00,0,0.010000,0,20
3043,20,-40.00,80.00,0,0.010000,2,0
3044,20,-30.00,80.00,0,0.010000,1,0
3045,20,126.00,-109.00,0,0.010000,11,0
3046,20,-20.00,80.00,0,0.010000,0,0
3047,2,89.00,8.00,1,0.010000,0,0
3048,20,126.00,-69.00,0,0.010000,1,19
3049,20,118.00,-18.00,0,0.010000,2,17
3050,20,126.00,-69.00,0,0.010000,1,19
3051,20,-20.00,80.00,0,0.010000,0,0
3052,20,-20.00,80.00,0,0.010000,0,20
3053,20,-40.00,80.00,0,0.010000,2,0
3054,20,-30.00,80.00,0,0.010000,1,0
3055,20,126.00,-109.00,0,0.010000,11,0
3056,20,-20.00,80.00,0,0.010000,0,0
3057,2,89.00,8.00,1,0.010000,0,0
3058,20,126.00,-69.00,0,0.010000,1,19
3059,20,118.00,-18.00,0,0.010000,2,17
3060,20,126.00,-69.00,0,0.010000,1,19
3061,20,-25.00,80.00,0,0.010000,0,1
3062,20,-20.00,80.00,0,0.010000,0,20
3063,20,-40.00,80.00,0,0.010000,2,0
3064,20,-30.00,80.00,0,0.010000,1,0
3065,20,126.00,-109.00,0,0.010000,11,0
3066,20,-20.00,80.00,0,0.010000,0,0
3067,2,89.00,8.00,1,0.010000,0,0
3068,20,126.00,-69.00,0,0.010000,1,19
3069,20,118.00,-18.00,0,0.010000,2,17
3070,20,126.00,-69.00,0,0.010000,1,19
3071,20,-30.00,80.00,0,0.010000,1,1
3072,20,-20.00,80.00,0,0.010000,0,20
3073,20,-45.00,80.00,0,0.010000,2,1
3074,20,-30.00,80.00,0,0.010000,1,0
3075,20,126.00,-109.00,0,0.010000,11,0
3076,20,-20.00,80.00,0,0.010000,0,0
3077,2,89.00,8.00,1,0.010000,0,0
3078,20,126.00,-69.00,0,0.010000,1,19
3079,20,118.00,-18.00,0,0.010000,2,17
3080,20,126.00,-69.00,0,0.010000,1,17
3081,20,-20.00,80.00,0,0.010000,0,0
3082,20,-20.00,80.00,0,0.010000,0,20
3083,20,-40.00,80.00,0,0.010000,2,0
3084,20,-50.00,57.00,0,0.010000,4,0
3085,20,126.00,-109.00,0,0.010000,11,0
3086,20,-25.00,80.00,0,0.010000,0,1
3087,2,89.00,8.00,1,0.010000,0,0
3088,20,126.00,-69.00,0,0.010000,1,19
3089,20,110.00,-18.00,0,0.010000,3,15
3090,20,126.00,-69.00,0,0.010000,1,19
3091,20,-20.00,80.00,0,0.010000,0,0
3092,20,-20.00,80.00,0,0.010000,0,20
3093,20,-60.00,80.00,0,0.010000,4,2
3094,20,-30.00,80.00,0,0.010000,1,0
3095,20,126.00,-109.00,0,0.010000,11,0
3096,20,-20.00,80.00,0,0.010000,0,0
3097,2,89.00,8.00,1,0.010000,0,0
3098,20,126.00,-69.00,0,0.010000,1,19
3099,20,118.00,-18.00,0,0.010000,2,17
3100,20,126.00,-89.00,0,0.010000,3,17
3101,20,-20.00,80.00,0,0.010000,0,0
3102,20,-20.00,80.00,0,0.010000,0,20
3103,20,-60.00,80.00,0,0.010000,4,0
3104,20,-30.00,80.00,0,0.010000,1,0
3105,20,126.00,-69.00,0,0.010000,10,1
3106,20,-20.00,80.00,0,0.010000,0,0
3107,2,89.00,8.00,1,0.010000,0,0
3108,20,126.00,-69.00,0,0.010000,1,19
3109,20,118.00,-18.00,0,0.010000,2,17
3110,20,126.00,-69.00,0,0.010000,1,19
3111,20,-20.00,80.00,0,0.010000,0,0
3112,20,-30.00,80.00,0,0.010000,1,20
3113,20,-40.00,80.00,0,0.010000,2,0
3114,20,-30.00,80.00,0,0.010000,1,0
3115,20,126.00,-79.00,0,0.010000,11,1
3116,20,-20.00,80.00,0,0.010000,0,0
3117,2,89.00,8.00,1,0.010000,0,0
3118,20,118.00,-67.00,0,0.010000,3,17
3119,20,110.00,-16.00,0,0.010000,4,15
3120,20,126.00,-69.00,0,0.010000,1,19
3121,20,-40.00,80.00,0,0.010000,2,0
3122,20,-20.00,80.00,0,0.010000,0,20
3123,20,-40.00,80.00,0,0.010000,2,0
3124,20,-30.00,80.00,0,0.010000,1,0
3125,20,126.00,-109.00,0,0.010000,11,0
3126,20,-20.00,80.00,0,0.010000,0,0
3127,2,89.00,8.00,1,0.010000,0,0
3128,20,126.00,-69.00,0,0.010000,1,19
3129,20,118.00,-18.00,0,0.010000,2,17
3130,20,126.00,-69.00,0,0.010000,1,19
3131,20,-20.00,80.00,0,0.010000,0,0
3132,20,-20.00,80.00,0,0.010000,0,20
3133,20,-40.00,80.00,0,0.010000,2,0
3134,20,-30.00,80.00,0,0.010000,1,0
3135,20,126.00,-109.00,0,0.010000,11,0
3136,20,-20.00,80.00,0,0.010000,0,0
3137,2,89.00,8.00,1,0.010000,0,0
3138,20,126.00,-69.00,0,0.010000,1,19
3139,20,118.00,-18.00,0,0.010000,2,17
3140,20,126.00,-89.00,0,0.010000,3,17
3141,20,-20.00,80.00,0,0.010000,0,0
3142,20,-20.00,80.00,0,0.010000,0,20
3143,20,-40.00,80.00,0,0.010000,2,0
3144,20,-30.00,80.00,0,0.010000,1,0
3145,20,126.00,-109.00,0,0.010000,11,0
3146,20,-20.00,80.00,0,0.010000,0,0
3147,2,89.00,8.00,1,0.010000,0,0
3148,20,126.00,-69.00,0,0.010000,1,19
3149,20,118.00,-18.00,0,0.010000,2,17
3150,20,126.00,-69.00,0,0.010000,1,19
3151,20,-20.00,80.00,0,0.010000,0,0
3152,20,-20.00,80.00,0,0.010000,0,20
3153,20,-40.00,80.00,0,0.010000,2,0
3154,20,-30.00,80.00,0,0.010000,1,0
3155,20,126.00,-109.00,0,0.010000,11,0
3156,20,-20.00,80.00,0,0.010000,0,0
3157,2,89.00,8.00,1,0.010000,0,0
3158,20,126.00,-69.00,0,0.010000,1,19
3159,20,118.00,-18.00,0,0.010000,2,17
3160,20,126.00,-69.00,0,0.010000,1,19
3161,20,-20.00,80.00,0,0.010000,0,0
3162,20,-30.00,80.00,0,0.010000,1,20
3163,20,-40.00,80.00,0,0.010000,2,0
3164,20,-30.00,80.00,0,0.010000,1,0
3165,20,126.00,-109.00,0,0.010000,11,0
3166,20,-20.00,80.00,0,0.010000,0,0
3167,2,89.00,8.00,1,0.010000,0,0
3168,20,126.00,-69.00,0,0.010000,1,19
3169,20,110.00,-18.00,0,0.010000,3,15
3170,20,126.00,-69.00,0,0.010000,1,19
3171,20,-20.00,80.00,0,0.010000,0,0
3172,20,-20.00,80.00,0,0.010000,0,20
3173,20,-40.00,80.00,0,0.010000,2,0
3174,20,-30.00,80.00,0,0.010000,1,0
3175,20,126.00,-109.00,0,0.010000,11,0
3176,20,-20.00,80.00,0,0.010000,0,0
3177,2,89.00,8.00,1,0.010000,0,0
3178,20,126.00,-69.00,0,0.010000,1,19
3179,20,118.00,-18.00,0,0.010000,2,17
3180,20,126.00,-69.00,0,0.010000,1,19
3181,20,-20.00,80.00,0,0.010000,0,0
3182,20,-20.00,80.00,0,0.010000,0,20
3183,20,-40.00,80.00,0,0.010000,2,0
3184,20,-30.00,80.00,0,0.010000,1,0
3185,20,126.00,-109.00,0,0.010000,11,0
3186,20,-20.00,80.00,0,0.010000,0,0
3187,2,89.00,8.00,1,0.010000,0,0
3188,20,118.00,-67.00,0,0.010000,3,17
3189,20,118.00,-18.00,0,0.010000,2,17
3190,20,126.00,-69.00,0,0.010000,1,19
3191,20,-20.00,80.00,0,0.010000,0,0
3192,20,-20.00,80.00,0,0.010000,0,20
3193,20,-40.00,80.00,0,0.010000,2,0
3194,20,-30.00,80.00,0,0.010000,1,0
3195,20,126.00,-109.00,0,0.010000,11,0
3196,20,-20.00,80.00,0,0.010000,0,0
3197,3,78.00,12.00,1,0.010000,1,1
3198,20,126.00,-69.00,0,0.010000,1,19
3199,20,118.00,-18.00,0,0.010000,2,17
3200,20,126.00,-69.00,0,0.010000,1,19
3201,20,-20.00,80.00,0,0.010000,0,0
3202,20,-20.00,80.00,0,0.010000,0,20
3203,20,-40.00,80.00,0,0.010000,2,0
3204,20,-30.00,80.00,0,0.010000,1,0
3205,20,126.00,-79.00,0,0.010000,11,1
3206,20,-20.00,80.00,0,0.010000,0,0
3207,2,89.00,8.00,1,0.010000,0,0
3208,20,126.00,-69.00,0,0.010000,1,19
3209,20,50.00,-16.00,0,0.010000,6,13
3210,20,126.00,-74.00,0,0.010000,1,19
3211,20,-20.00,80.00,0,0.010000,0,0
3212,20,-20.00,80.00,0,0.010000,0,20
3213,20,-40.00,80.00,0,0.010000,2,0
3214,20,-30.00,80.00,0,0.010000,1,0
3215,20,126.00,-109.00,0,0.010000,11,0
3216,20,-20.00,80.00,0,0.010000,0,0
3217,2,89.00,8.00,1,0.010000,0,0
3218,20,126.00,-69.00,0,0.010000,1,19
3219,20,118.00,-18.00,0,0.010000,2,17
3220,20,126.00,-69.00,0,0.010000,1,19
3221,20,-20.00,80.00,0,0.010000,0,0
3222,20,-20.00,80.00,0,0.010000,0,20
3223,20,-40.00,80.00,0,0.010000,2,0
3224,20,-30.00,80.00,0,0.010000,1,0
3225,20,126.00,-109.00,0,0.010000,11,0
3226,20,-20.00,80.00,0,0.010000,0,0
3227,2,89.00,8.00,1,0.010000,0,0
3228,20,126.00,-69.00,0,0.010000,1,19
3229,20,118.00,-18.00,0,0.010000,2,17
3230,20,126.00,-69.00,0,0.010000,1,19
3231,20,-20.00,80.00,0,0.010000,0,0
3232,20,-20.00,80.00,0,0.010000,0,20
3233,20,-40.00,80.00,0,0.010000,2,0
3234,20,-30.00,80.00,0,0.010000,1,0
3235,20,126.00,-109.00,0,0.010000,11,0
3236,20,-20.00,80.00,0,0.010000,0,0
3237,2,89.00,8.00,1,0.010000,0,0
3238,20,126.00,-69.00,0,0.010000,1,19
3239,20,118.00,-18.00,0,0.010000,2,17
3240,20,126.00,-69.00,0,0.010000,1,19
3241,20,-20.00,80.00,0,0.010000,0,0
3242,20,-20.00,80.00,0,0.010000,0,20
3243,20,-60.00,80.00,0,0.010000,4,0
3244,20,-30.00,80.00,0,0.010000,1,0
3245,20,126.00,-109.00,0,0.010000,11,0
3246,20,-20.00,80.00,0,0.010000,0,0
3247,2,89.00,8.00,1,0.010000,0,0
3248,20,126.00,-69.00,0,0.010000,1,19
3249,20,118.00,-18.00,0,0.010000,2,17
3250,20,126.00,-69.00,0,0.010000,1,19
3251,20,-20.00,80.00,0,0.010000,0,0
3252,20,-20.00,80.00,0,0.010000,0,20
3253,20,-40.00,80.00,0,0.010000,2,0
3254,20,-30.00,80.00,0,0.010000,1,0
3255,20,126.00,-109.00,0,0.010000,11,0
3256,20,-20.00,80.00,0,0.010000,0,0
3257,2,89.00,8.00,1,0.010000,0,0
3258,20,126.00,-69.00,0,0.010000,1,19
3259,20,118.00,-18.00,0,0.010000,2,17
3260,20,126.00,-69.00,0,0.010000,1,19
3261,20,-20.00,80.00,0,0.010000,0,0
3262,20,-20.00,80.00,0,0.010000,0,20
3263,20,-40.00,80.00,0,0.010000,2,0
3264,20,-50.00,80.00,0,0.010000,3,1
3265,20,126.00,-109.00,0,0.010000,11,0
3266,20,-20.00,80.00,0,0.010000,0,0
3267,2,89.00,8.00,1,0.010000,0,0
3268,20,126.00,-69.00,0,0.010000,1,19
3269,20,118.00,-18.00,0,0.010000,2,17
3270,20,126.00,-69.00,0,0.010000,1,19
3271,20,-20.00,80.00,0,0.010000,0,0
3272,20,-20.00,80.00,0,0.010000,0,20
3273,20,-40.00,80.00,0,0.010000,2,0
3274,20,-30.00,80.00,0,0.010000,1,0
3275,20,126.00,-79.00,0,0.010000,11,1
3276,20,-20.00,80.00,0,0.010000,0,0
3277,2,89.00,8.00,1,0.010000,0,0
3278,20,126.00,-69.00,0,0.010000,1,19
3279,20,118.00,-18.00,0,0.010000,2,17
3280,20,126.00,-69.00,0,0.010000,1,19
3281,20,-20.00,80.00,0,0.010000,0,0
3282,20,-25.00,80.00,0,0.010000,0,20
3283,20,-40.00,80.00,0,0.010000,2,0
3284,20,-30.00,80.00,0,0.010000,1,0
3285,20,126.00,-109.00,0,0.010000,11,0
3286,20,-20.00,80.00,0,0.010000,0,0
3287,2,89.00,8.00,1,0.010000,0,0
3288,20,126.00,-69.00,0,0.010000,1,19
3289,20,118.00,-18.00,0,0.010000,2,17
3290,20,126.00,-69.00,0,0.010000,1,19
3291,20,-20.00,80.00,0,0.010000,0,0
3292,20,-20.00,80.00,0,0.010000,0,20
3293,20,-40.00,80.00,0,0.010000,2,0
3294,20,-30.00,80.00,0,0.010000,1,0
3295,20,126.00,-109.00,0,0.010000,11,0
3296,20,-20.00,80.00,0,0.010000,0,0
3297,2,89.00,8.00,1,0.010000,0,0
3298,20,126.00,-79.00,0,0.010000,2,19
3299,20,118.00,-18.00,0,0.010000,2,17
3300,20,126.00,-79.00,0,0.010000,2,19
3301,20,-20.00,80.00,0,0.010000,0,0
3302,20,-20.00,80.00,0,0.010000,0,20
3303,20,-40.00,80.00,0,0.010000,2,0
3304,20,-40.00,26.00,0,0.010000,2,0
3305,20,126.00,-109.00,0,0.010000,11,0
3306,20,-40.00,80.00,0,0.010000,2,0
3307,2,89.00,8.00,1,0.010000,0,0
3308,20,126.00,-79.00,0,0.010000,2,19
3309,20,118.00,-18.00,0,0.010000,2,17
3310,20,126.00,-69.00,0,0.010000,1,19
3311,20,-20.00,80.00,0,0.010000,0,0
3312,20,-20.00,80.00,0,0.010000,0,20
3313,20,-40.00,80.00,0,0.010000,2,0
3314,20,-30.00,80.00,0,0.010000,1,0
3315,20,126.00,-109.00,0,0.010000,11,0
3316,20,-20.00,80.00,0,0.010000,0,0
3317,2,89.00,8.00,1,0.010000,0,0
3318,20,126.00,-74.00,0,0.010000,1,19
3319,20,118.00,-28.00,0,0.010000,3,17
3320,20,126.00,-69.00,0,0.010000,1,19
3321,20,-20.00,80.00,0,0.010000,0,0
3322,20,111.00,-54.00,0,0.010000,1,19
3323,20,-40.00,80.00,0,0.010000,2,0
3324,20,-30.00,80.00,0,0.010000,1,0
3325,20,126.00,-109.00,0,0.010000,11,0
3326,20,-20.00,80.00,0,0.010000,0,0
3327,2,89.00,8.00,1,0.010000,0,0
3328,20,58.00,-67.00,0,0.010000,5,15
3329,20,118.00,-18.00,0,0.010000,2,17
3330,20,126.00,-69.00,0,0.010000,1,19
3331,20,-25.00,80.00,0,0.010000,0,1
3332,20,-20.00,80.00,0,0.010000,0,20
3333,20,-50.00,80.00,0,0.010000,3,1
3334,20,-35.00,80.00,0,0.010000,1,1
3335,20,126.00,-109.00,0,0.010000,11,0
3336,20,-20.00,80.00,0,0.010000,0,0
3337,2,89.00,8.00,1,0.010000,0,0
3338,20,126.00,-69.00,0,0.010000,1,19
3339,20,118.00,-18.00,0,0.010000,2,17
3340,20,126.00,-69.00,0,0.010000,1,19
3341,20,-20.00,80.00,0,0.010000,0,0
3342,20,-20.00,80.00,0,0.010000,0,20
3343,20,-40.00,80.00,0,0.010000,2,0
3344,20,-30.00,80.00,0,0.010000,1,0
3345,20,126.00,-79.00,0,0.010000,11,1
3346,20,-20.00,80.00,0,0.010000,0,0
3347,2,89.00,8.00,1,0.010000,0,0
3348,20,126.00,-69.00,0,0.010000,1,19
3349,20,118.00,-18.00,0,0.010000,2,17
3350,20,126.00,-69.00,0,0.010000,1,19
3351,20,-25.00,80.00,0,0.010000,0,1
3352,20,-20.00,80.00,0,0.010000,0,20
3353,20,-50.00,80.00,0,0.010000,3,1
3354,20,-30.00,80.00,0,0.010000,1,0
3355,20,126.00,-109.00,0,0.010000,11,0
3356,20,-20.00,80.00,0,0.010000,0,0
3357,2,89.00,8.00,1,0.010000,0,0
3358,20,126.00,-69.00,0,0.010000,1,19
3359,20,118.00,-28.00,0,0.010000,3,17
3360,20,126.00,-69.00,0,0.010000,1,19
3361,20,-20.00,80.00,0,0.010000,0,0
3362,20,66.00,-9.00,0,0.010000,1,19
3363,20,-60.00,80.00,0,0.010000,4,1
3364,20,-50.00,80.00,0,0.010000,3,0
3365,20,126.00,-109.00,0,0.010000,11,0
3366,20,-20.00,80.00,0,0.010000,0,0
3367,2,89.00,8.00,1,0.010000,0,0
3368,20,126.00,-69.00,0,0.010000,1,19
3369,20,118.00,-18.00,0,0.010000,2,17
3370,20,126.00,-69.00,0,0.010000,1,19
3371,20,-20.00,80.00,0,0.010000,0,0
3372,20,-20.00,80.00,0,0.010000,0,20
3373,20,-50.00,80.00,0,0.010000,3,0
3374,20,-30.00,80.00,0,0.010000,1,0
3375,20,126.00,-109.00,0,0.010000,11,0
3376,20,-20.00,80.00,0,0.010000,0,0
3377,2,89.00,8.00,1,0.010000,0,0
3378,20,126.00,-69.00,0,0.010000,1,19
3379,20,118.00,-18.00,0,0.010000,2,17
3380,20,126.00,-69.00,0,0.010000,1,19
3381,20,-20.00,80.00,0,0.010000,0,0
3382,20,-20.00,80.00,0,0.010000,0,20
3383,20,-40.00,80.00,0,0.010000,2,0
3384,20,-30.00,80.00,0,0.010000,1,0
3385,20,126.00,-109.00,0,0.010000,11,0
3386,20,-20.00,80.00,0,0.010000,0,0
3387,2,89.00,8.00,1,0.010000,0,0
3388,20,126.00,-69.00,0,0.010000,1,19
3389,20,118.00,-28.00,0,0.010000,3,17
3390,20,126.00,-69.00,0,0.010000,1,19
3391,20,-20.00,80.00,0,0.010000,0,0
3392,20,-20.00,80.00,0,0.010000,0,20
3393,20,-40.00,80.00,0,0.010000,2,0
3394,20,-40.00,80.00,0,0.010000,2,1
3395,20,126.00,-109.00,0,0.010000,11,0
3396,20,-20.00,80.00,0,0.010000,0,0
3397,2,89.00,8.00,1,0.010000,0,0
3398,20,126.00,-69.00,0,0.010000,1,19
3399,20,118.00,-18.00,0,0.010000,2,17
3400,20,126.00,-69.00,0,0.010000,1,19
3401,20,-20.00,80.00,0,0.010000,0,0
3402,20,-20.00,80.00,0,0.010000,0,20
3403,20,-40.00,80.00,0,0.010000,2,0
3404,20,-30.00,80.00,0,0.010000,1,0
3405,20,118.00,-109.00,0,0.010000,11,0
3406,20,-20.00,80.00,0,0.010000,0,0
3407,2,89.00,8.00,1,0.010000,0,0
3408,20,126.00,-69.00,0,0.010000,1,19
3409,20,118.00,-18.00,0,0.010000,2,17
3410,20,126.00,-69.00,0,0.010000,1,19
3411,20,-20.00,80.00,0,0.010000,0,0
3412,20,-20.00,80.00,0,0.010000,0,20
3413,20,-60.00,80.00,0,0.010000,4,0
3414,20,-30.00,80.00,0,0.010000,1,0
3415,20,126.00,-109.00,0,0.010000,11,0
3416,20,-20.00,80.00,0,0.010000,0,0
3417,2,89.00,8.00,1,0.010000,0,0
3418,20,126.00,-69.00,0,0.010000,1,19
3419,20,118.00,-18.00,0,0.010000,2,17
3420,20,126.00,-69.00,0,0.010000,1,19
3421,20,-20.00,80.00,0,0.010000,0,0
3422,20,-25.00,80.00,0,0.010000,0,20
3423,20,-50.00,80.00,0,0.010000,3,1
3424,20,-30.00,80.00,0,0.010000,1,0
3425,20,126.00,-69.00,0,0.010000,10,1
3426,20,-20.00,80.00,0,0.010000,0,0
3427,2,89.00,8.00,1,0.010000,0,0
3428,20,126.00,-69.00,0,0.010000,1,19
3429,20,118.00,-18.00,0,0.010000,2,17
3430,20,126.00,-74.00,0,0.010000,1,19
3431,20,-20.00,80.00,0,0.010000,0,0
3432,20,-20.00,80.00,0,0.010000,0,20
3433,20,-40.00,80.00,0,0.010000,2,0
3434,20,-30.00,80.00,0,0.010000,1,0
3435,20,118.00,-107.00,0,0.010000,12,0
3436,20,-20.00,80.00,0,0.010000,0,0
3437,2,89.00,8.00,1,0.010000,0,0
3438,20,126.00,-69.00,0,0.010000,1,19
3439,20,118.00,-18.00,0,0.010000,2,17
3440,20,126.00,-69.00,0,0.010000,1,19
3441,20,-20.00,80.00,0,0.010000,0,0
3442,20,-20.00,80.00,0,0.010000,0,20
3443,20,-45.00,80.00,0,0.010000,2,1
3444,20,-40.00,80.00,0,0.010000,2,1
3445,20,126.00,-109.00,0,0.010000,11,0
3446,20,-20.00,80.00,0,0.010000,0,0
3447,2,89.00,8.00,1,0.010000,0,0
3448,20,126.00,-69.00,0,0.010000,1,19
3449,20,118.00,-18.00,0,0.010000,2,17
3450,20,126.00,-69.00,0,0.010000,1,19
3451,20,-20.00,80.00,0,0.010000,0,0
3452,20,131.00,-89.00,0,0.010000,3,17
3453,20,-40.00,80.00,0,0.010000,2,0
3454,20,-30.00,80.00,0,0.010000,1,0
3455,20,126.00,-109.00,0,0.010000,11,0
3456,20,-20.00,80.00,0,0.010000,0,0
3457,2,89.00,8.00,1,0.010000,0,0
3458,20,126.00,-69.00,0,0.010000,1,19
3459,20,110.00,-18.00,0,0.010000,3,15
3460,20,126.00,-74.00,0,0.010000,1,19
3461,20,-20.00,80.00,0,0.010000,0,1
3462,20,-20.00,80.00,0,0.010000,0,20
3463,20,-40.00,80.00,0,0.010000,2,0
3464,20,-50.00,57.00,0,0.010000,4,0
3465,20,126.00,-109.00,0,0.010000,11,0
3466,20,-20.00,80.00,0,0.010000,0,0
3467,2,89.00,8.00,1,0.010000,0,0
3468,20,126.00,-69.00,0,0.010000,1,19
3469,20,110.00,-16.00,0,0.010000,4,15
3470,20,126.00,-69.00,0,0.010000,1,19
3471,20,-20.00,80.00,0,0.010000,0,0
3472,20,-20.00,80.00,0,0.010000,0,20
3473,20,-40.00,80.00,0,0.010000,2,1
3474,20,-30.00,80.00,0,0.010000,1,0
3475,20,126.00,-109.00,0,0.010000,11,0
3476,20,-20.00,80.00,0,0.010000,0,0
3477,2,89.00,8.00,1,0.010000,0,0
3478,20,126.00,-69.00,0,0.010000,1,19
3479,20,118.00,-28.00,0,0.010000,3,17
3480,20,126.00,-69.00,0,0.010000,1,19
3481,20,-20.00,80.00,0,0.010000,0,0
3482,20,-20.00,80.00,0,0.010000,0,20
3483,20,-40.00,80.00,0,0.010000,2,0
3484,20,-30.00,80.00,0,0.010000,1,0
3485,20,126.00,-109.00,0,0.010000,11,0
3486,20,-20.00,80.00,0,0.010000,0,0
3487,2,89.00,8.00,1,0.010000,0,0
3488,20,126.00,-69.00,0,0.010000,1,19
3489,20,118.00,-18.00,0,0.010000,2,17
3490,20,126.00,-69.00,0,0.010000,1,19
3491,20,-20.00,80.00,0,0.010000,0,0
3492,20,-20.00,80.00,0,0.010000,0,20
3493,20,-40.00,80.00,0,0.010000,2,0
3494,20,-40.00,80.00,0,0.010000,2,1
3495,20,126.00,-109.00,0,0.010000,11,0
3496,20,-20.00,80.00,0,0.010000,0,0
3497,2,89.00,8.00,1,0.010000,0,0
3498,20,126.00,-69.00,0,0.010000,1,19
3499,20,118.00,-28.00,0,0.010000,3,17
3500,20,126.00,-79.00,0,0.010000,2,19
3501,20,-20.00,80.00,0,0.010000,0,0
3502,20,-20.00,80.00,0,0.010000,0,20
3503,20,-40.00,80.00,0,0.010000,2,0
3504,20,-30.00,80.00,0,0.010000,1,0
3505,20,126.00,-109.00,0,0.010000,11,0
3506,20,-20.00,80.00,0,0.010000,0,0
3507,2,89.00,8.00,1,0.010000,0,0
3508,20,126.00,-69.00,0,0.010000,1,19
3509,20,118.00,-18.00,0,0.010000,2,17
3510,20,126.00,-69.00,0,0.010000,1,19
3511,20,-20.00,80.00,0,0.010000,0,0
3512,20,-20.00,80.00,0,0.010000,0,20
3513,20,-40.00,80.00,0,0.010000,2,0
3514,20,-30.00,80.00,0,0.010000,1,0
3515,20,126.00,-109.00,0,0.010000,11,0
3516,20,-20.00,80.00,0,0.010000,0,0
3517,2,89.00,8.00,1,0.010000,0,0
3518,20,126.00,-69.00,0,0.010000,1,19
3519,20,118.00,-18.00,0,0.010000,2,17
3520,20,126.00,-69.00,0,0.010000,1,17
3521,20,-20.00,80.00,0,0.010000,0,0
3522,20,-20.00,80.00,0,0.010000,0,20
3523,20,-40.00,80.00,0,0.010000,2,0
3524,20,-30.00,80.00,0,0.010000,1,0
3525,20,126.00,-109.00,0,0.010000,11,0
3526,20,-50.00,80.00,0,0.010000,3,2
3527,2,89.00,8.00,1,0.010000,0,0
3528,20,126.00,-69.00,0,0.010000,1,19
3529,20,118.00,-18.00,0,0.010000,2,17
3530,20,126.00,-69.00,0,0.010000,1,19
3531,20,-20.00,80.00,0,0.010000,0,0
3532,20,-20.00,80.00,0,0.010000,0,20
3533,20,-40.00,80.00,0,0.010000,2,0
3534,20,-30.00,80.00,0,0.010000,1,0
3535,20,126.00,-109.00,0,0.010000,11,0
3536,20,-20.00,80.00,0,0.010000,0,0
3537,2,89.00,8.00,1,0.010000,0,0
3538,20,126.00,-69.00,0,0.010000,1,19
3539,20,118.00,-18.00,0,0.010000,2,17
3540,20,126.00,-69.00,0,0.010000,1,19
3541,20,-20.00,80.00,0,0.010000,0,0
3542,20,-20.00,80.00,0,0.010000,0,20
3543,20,-40.00,80.00,0,0.010000,2,0
3544,20,-30.00,80.00,0,0.010000,1,0
3545,20,126.00,-109.00,0,0.010000,11,0
3546,20,-40.00,80.00,0,0.010000,2,0
3547,2,89.00,8.00,1,0.010000,0,0
3548,20,126.00,-69.00,0,0.010000,1,19
3549,20,118.00,-18.00,0,0.010000,2,17
3550,20,126.00,-84.00,0,0.010000,2,19
3551,20,-20.00,80.00,0,0.010000,0,0
3552,20,-20.00,80.00,0,0.010000,0,20
3553,20,-40.00,80.00,0,0.010000,2,0
3554,20,-50.00,80.00,0,0.010000,3,0
3555,20,126.00,-109.00,0,0.010000,11,0
3556,20,-20.00,80.00,0,0.010000,0,0
3557,2,89.00,8.00,1,0.010000,0,0
3558,20,126.00,-69.00,0,0.010000,1,19
3559,20,118.00,-18.00,0,0.010000,2,17
3560,20,126.00,-69.00,0,0.010000,1,19
3561,20,-190.00,80.00,0,0.010000,17,0
3562,20,-20.00,80.00,0,0.010000,0,20
3563,20,-40.00,80.00,0,0.010000,2,0
3564,20,-30.00,80.00,0,0.010000,1,0
3565,20,126.00,-109.00,0,0.010000,11,0
3566,20,-20.00,80.00,0,0.010000,0,0
3567,2,89.00,8.00,1,0.010000,0,0
3568,20,126.00,-69.00,0,0.010000,1,19
3569,20,118.00,-18.00,0,0.010000,2,17
3570,20,126.00,-69.00,0,0.010000,1,19
3571,20,-20.00,80.00,0,0.010000,0,0
3572,20,-20.00,80.00,0,0.010000,0,20
3573,20,-40.00,80.00,0,0.010000,2,0
3574,20,-30.00,80.00,0,0.010000,1,0
3575,20,126.00,-109.00,0,0.010000,11,0
3576,20,-20.00,80.00,0,0.010000,0,0
3577,2,89.00,8.00,1,0.010000,0,0
3578,20,126.00,-69.00,0,0.010000,1,19
3579,20,118.00,-18.00,0,0.010000,2,17
3580,20,126.00,-69.00,0,0.010000,1,19
3581,20,-20.00,80.00,0,0.010000,0,0
3582,20,-20.00,80.00,0,0.010000,0,20
3583,20,-50.00,80.00,0,0.010000,3,1
3584,20,-30.00,80.00,0,0.010000,1,0
3585,20,126.00,-109.00,0,0.010000,11,0
3586,20,-20.00,80.00,0,0.010000,0,0
3587,2,89.00,8.00,1,0.010000,0,0
3588,20,126.00,-69.00,0,0.010000,1,19
3589,20,118.00,-18.00,0,0.010000,2,17
3590,20,126.00,-69.00,0,0.010000,1,19
3591,20,-20.00,80.00,0,0.010000,0,0
3592,20,-20.00,80.00,0,0.010000,0,20
3593,20,-40.00,80.00,0,0.010000,2,0
3594,20,-30.00,80.00,0,0.010000,1,0
3595,20,126.00,-109.00,0,0.010000,11,0
3596,20,-20.00,80.00,0,0.010000,0,0
3597,2,89.00,8.00,1,0.010000,0,0
3598,20,126.00,-69.00,0,0.010000,1,19
3599,20,118.00,-18.00,0,0.010000,2,17
3600,20,126.00,-79.00,0,0.010000,2,19
3601,20,-20.00,80.00,0,0.010000,0,0
3602,20,-20.00,80.00,0,0.010000,0,20
3603,20,-45.00,80.00,0,0.010000,2,1
3604,20,-40.00,80.00,0,0.010000,2,1
3605,20,126.00,-109.00,0,0.010000,11,0
3606,20,-20.00,80.00,0,0.010000,0,0
3607,2,89.00,8.00,1,0.010000,0,0
3608,20,126.00,-69.00,0,0.010000,1,19
3609,20,118.00,-28.00,0,0.010000,3,17
3610,20,126.00,-69.00,0,0.010000,1,19
3611,20,-20.00,80.00,0,0.010000,0,0
3612,20,-20.00,80.00,0,0.010000,0,20
3613,20,-40.00,80.00,0,0.010000,2,0
3614,20,-35.00,80.00,0,0.010000,1,1
3615,20,126.00,-109.00,0,0.010000,11,0
3616,20,-20.00,80.00,0,0.010000,0,0
3617,2,89.00,8.00,1,0.010000,0,0
3618,20,126.00,-69.00,0,0.010000,1,19
3619,20,118.00,-18.00,0,0.010000,2,17
3620,20,126.00,-79.00,0,0.010000,2,19
3621,20,-20.00,80.00,0,0.010000,0,0
3622,20,-20.00,80.00,0,0.010000,0,20
3623,20,-40.00,80.00,0,0.010000,2,0
3624,20,-30.00,80.00,0,0.010000,1,0
3625,20,126.00,-109.00,0,0.010000,11,0
3626,20,-20.00,80.00,0,0.010000,0,0
3627,2,89.00,8.00,1,0.010000,0,0
3628,20,126.00,-69.00,0,0.010000,1,19
3629,20,118.00,-18.00,0,0.010000,2,17
3630,20,126.00,-69.00,0,0.010000,1,19
3631,20,-110.00,80.00,0,0.010000,9,0
3632,20,-20.00,80.00,0,0.010000,0,20
3633,20,-40.00,80.00,0,0.010000,2,0
3634,20,-30.00,80.00,0,0.010000,1,0
3635,20,126.00,-109.00,0,0.010000,11,0
3636,20,-30.00,80.00,0,0.010000,1,1
3637,4,87.00,16.00,1,0.010000,1,0
3638,20,64.00,-16.00,0,0.010000,4,16
3639,20,118.00,-18.00,0,0.010000,2,17
3640,20,126.00,-69.00,0,0.010000,1,19
3641,20,-20.00,80.00,0,0.010000,0,0
3642,20,-20.00,80.00,0,0.010000,0,20
3643,20,-40.00,80.00,0,0.010000,2,0
3644,20,-30.00,80.00,0,0.010000,1,0
3645,20,126.00,-109.00,0,0.010000,11,0
3646,20,-20.00,80.00,0,0.010000,0,0
3647,2,89.00,8.00,1,0.010000,0,0
3648,20,126.00,-69.00,0,0.010000,1,19
3649,20,118.00,-18.00,0,0.010000,2,17
3650,20,126.00,-69.00,0,0.010000,1,19
3651,20,-20.00,80.00,0,0.010000,0,0
3652,20,-20.00,80.00,0,0.010000,0,20
3653,20,-40.00,80.00,0,0.010000,2,0
3654,20,-35.00,80.00,0,0.010000,1,1
3655,20,126.00,-109.00,0,0.010000,11,0
3656,20,-20.00,80.00,0,0.010000,0,0
3657,2,89.00,8.00,1,0.010000,0,0
3658,20,126.00,-69.00,0,0.010000,1,19
3659,20,118.00,-23.00,0,0.010000,2,17
3660,20,126.00,-69.00,0,0.010000,1,19
3661,20,-20.00,80.00,0,0.010000,0,0
3662,20,-20.00,80.00,0,0.010000,0,20
3663,20,-40.00,80.00,0,0.010000,2,0
3664,20,-30.00,80.00,0,0.010000,1,0
3665,20,126.00,-109.00,0,0.010000,11,0
3666,20,-20.00,80.00,0,0.010000,0,0
3667,2,89.00,8.00,1,0.010000,0,0
3668,20,126.00,-69.00,0,0.010000,1,19
3669,20,118.00,-18.00,0,0.010000,2,17
3670,20,126.00,-69.00,0,0.010000,1,19
3671,20,-20.00,80.00,0,0.010000,0,0
3672,20,-20.00,80.00,0,0.010000,0,20
3673,20,-40.00,80.00,0,0.010000,2,0
3674,20,-30.00,80.00,0,0.010000,1,0
3675,20,126.00,-109.00,0,0.010000,11,0
3676,20,-20.00,80.00,0,0.010000,0,0
3677,2,89.00,8.00,1,0.010000,0,0
3678,20,126.00,-69.00,0,0.010000,1,19
3679,20,118.00,-18.00,0,0.010000,2,17
3680,20,126.00,-69.00,0,0.010000,1,19
3681,20,-20.00,80.00,0,0.010000,0,0
3682,20,-20.00,80.00,0,0.010000,0,20
3683,20,-40.00,80.00,0,0.010000,2,0
3684,20,-30.00,80.00,0,0.010000,1,0
3685,20,126.00,-109.00,0,0.010000,11,0
3686,20,-20.00,80.00,0,0.010000,0,0
3687,2,89.00,8.00,1,0.010000,0,0
3688,20,116.00,-67.00,0,0.010000,3,17
3689,20,118.00,-18.00,0,0.010000,2,17
3690,20,126.00,-69.00,0,0.010000,1,19
3691,20,-20.00,80.00,0,0.010000,0,0
3692,20,-20.00,80.00,0,0.010000,0,20
3693,20,-50.00,80.00,0,0.010000,3,1
3694,20,-30.00,80.00,0,0.010000,1,0
3695,20,126.00,-69.00,0,0.010000,10,1
3696,20,-20.00,80.00,0,0.010000,0,0
3697,2,89.00,8.00,1,0.010000,0,0
3698,20,126.00,-69.00,0,0.010000,1,19
3699,20,118.00,-18.00,0,0.010000,2,17
3700,20,126.00,-69.00,0,0.010000,1,19
3701,20,-20.00,80.00,0,0.010000,0,0
3702,20,-20.00,80.00,0,0.010000,0,20
3703,20,-40.00,80.00,0,0.010000,2,0
3704,20,-30.00,80.00,0,0.010000,1,0
3705,20,126.00,-109.00,0,0.010000,11,0
3706,20,-20.00,80.00,0,0.010000,0,0
3707,2,89.00,8.00,1,0.010000,0,0
3708,20,126.00,-69.00,0,0.010000,1,19
3709,20,118.00,-18.00,0,0.010000,2,17
3710,20,126.00,-69.00,0,0.010000,1,19
3711,20,-20.00,80.00,0,0.010000,0,0
3712,20,-20.00,80.00,0,0.010000,0,20
3713,20,-40.00,80.00,0,0.010000,2,0
3714,20,-30.00,80.00,0,0.010000,1,0
3715,20,126.00,-79.00,0,0.010000,11,1
3716,20,-20.00,80.00,0,0.010000,0,0
3717,2,89.00,8.00,1,0.010000,0,0
3718,20,126.00,-69.00,0,0.010000,1,19
3719,20,110.00,-16.00,0,0.010000,4,15
3720,20,126.00,-69.00,0,0.010000,1,19
3721,20,-20.00,80.00,0,0.010000,0,0
3722,20,-20.00,80.00,0,0.010000,0,20
3723,20,-40.00,80.00,0,0.010000,2,0
3724,20,-50.00,72.00,0,0.010000,3,0
3725,20,126.00,-79.00,0,0.010000,11,1
3726,20,-20.00,80.00,0,0.010000,0,0
3727,2,89.00,8.00,1,0.010000,0,0
3728,20,126.00,-69.00,0,0.010000,1,19
3729,20,118.00,-18.00,0,0.010000,2,17
3730,20,126.00,-79.00,0,0.010000,2,19
3731,20,-20.00,80.00,0,0.010000,0,0
3732,20,-20.00,80.00,0,0.010000,0,20
3733,20,-40.00,80.00,0,0.010000,2,1
3734,20,-30.00,80.00,0,0.010000,1,0
3735,20,126.00,-109.00,0,0.010000,11,0
3736,20,-20.00,80.00,0,0.010000,0,0
3737,2,89.00,8.00,1,0.010000,0,0
3738,20,126.00,-89.00,0,0.010000,3,19
3739,20,118.00,-18.00,0,0.010000,2,17
3740,20,126.00,-69.00,0,0.010000,1,19
3741,20,-20.00,80.00,0,0.010000,0,0
3742,20,-20.00,80.00,0,0.010000,0,20
3743,20,-60.00,80.00,0,0.010000,4,0
3744,20,-30.00,80.00,0,0.010000,1,1
3745,20,126.00,-109.00,0,0.010000,11,0
3746,20,-20.00,80.00,0,0.010000,0,0
3747,2,89.00,8.00,1,0.010000,0,0
3748,20,126.00,-69.00,0,0.010000,1,19
3749,20,118.00,-18.00,0,0.010000,2,17
3750,20,126.00,-69.00,0,0.010000,1,19
3751,20,-20.00,80.00,0,0.010000,0,1
3752,20,-20.00,80.00,0,0.010000,0,20
3753,20,-40.00,80.00,0,0.010000,2,0
3754,20,-30.00,80.00,0,0.010000,1,0
3755,20,126.00,-79.00,0,0.010000,11,1
3756,20,-20.00,80.00,0,0.010000,0,0
3757,2,89.00,8.00,1,0.010000,0,0
3758,20,126.00,-69.00,0,0.010000,1,19
3759,20,118.00,-18.00,0,0.010000,2,17
3760,20,126.00,-69.00,0,0.010000,1,19
3761,20,-20.00,80.00,0,0.010000,0,0
3762,20,-25.00,80.00,0,0.010000,0,20
3763,20,-40.00,80.00,0,0.010000,2,0
3764,20,-30.00,80.00,0,0.010000,1,0
3765,20,126.00,-109.00,0,0.010000,11,0
3766,20,-20.00,80.00,0,0.010000,0,0
3767,2,89.00,8.00,1,0.010000,0,0
3768,20,126.00,-69.00,0,0.010000,1,19
3769,20,118.00,-18.00,0,0.010000,2,17
3770,20,126.00,-69.00,0,0.010000,1,19
3771,20,-20.00,80.00,0,0.010000,0,0
3772,20,-20.00,80.00,0,0.010000,0,20
3773,20,-40.00,80.00,0,0.010000,2,0
3774,20,-50.00,80.00,0,0.010000,3,0
3775,20,126.00,-109.00,0,0.010000,11,0
3776,20,-20.00,80.00,0,0.010000,0,0
3777,2,89.00,8.00,1,0.010000,0,0
3778,20,126.00,-69.00,0,0.010000,1,19
3779,20,118.00,-18.00,0,0.010000,2,17
3780,20,126.00,-69.00,0,0.010000,1,19
3781,20,-20.00,80.00,0,0.010000,0,0
3782,20,131.00,-89.00,0,0.010000,3,17
3783,20,-40.00,80.00,0,0.010000,2,0
3784,20,-35.00,80.00,0,0.010000,1,1
3785,20,126.00,-109.00,0,0.010000,11,0
3786,20,-20.00,80.00,0,0.010000,0,0
3787,2,89.00,8.00,1,0.010000,0,0
3788,20,126.00,-69.00,0,0.010000,1,19
3789,20,118.00,-18.00,0,0.010000,2,17
3790,20,126.00,-69.00,0,0.010000,1,19
3791,20,-30.00,80.00,0,0.010000,1,1
3792,20,-20.00,80.00,0,0.010000,0,20
3793,20,-40.00,80.00,0,0.010000,2,0
3794,20,-30.00,80.00,0,0.010000,1,0
3795,20,118.00,-109.00,0,0.010000,11,0
3796,20,-20.00,80.00,0,0.010000,0,0
3797,2,89.00,8.00,1,0.010000,0,0
3798,20,126.00,-69.00,0,0.010000,1,19
3799,20,118.00,-18.00,0,0.010000,2,17
3800,20,126.00,-69.00,0,0.010000,1,19
3801,20,-20.00,80.00,0,0.010000,0,0
3802,20,-20.00,80.00,0,0.010000,0,20
3803,20,-40.00,80.00,0,0.010000,2,0
3804,20,-30.00,80.00,0,0.010000,1,0
3805,20,126.00,-69.00,0,0.010000,10,1
3806,20,-20.00,80.00,0,0.010000,0,0
3807,2,89.00,8.00,1,0.010000,0,0
3808,20,126.00,-69.00,0,0.010000,1,19
3809,20,118.00,-28.00,0,0.010000,3,17
3810,20,126.00,-69.00,0,0.010000,1,19
3811,20,-20.00,80.00,0,0.010000,0,0
3812,20,-20.00,80.00,0,0.010000,0,20
3813,20,-40.00,80.00,0,0.010000,2,0
3814,20,-30.00,80.00,0,0.010000,1,0
3815,20,126.00,-109.00,0,0.010000,11,0
3816,20,-20.00,80.00,0,0.010000,0,0
3817,2,89.00,8.00,1,0.010000,0,0
3818,20,126.00,-69.00,0,0.010000,1,19
3819,20,118.00,-18.00,0,0.010000,2,17
3820,20,126.00,-69.00,0,0.010000,1,19
3821,20,-20.00,80.00,0,0.010000,0,0
3822,20,-20.00,80.00,0,0.010000,0,20
3823,20,-50.00,80.00,0,0.010000,3,1
3824,20,-30.00,80.00,0,0.010000,1,0
3825,20,126.00,-109.00,0,0.010000,11,0
3826,20,-20.00,80.00,0,0.010000,0,0
3827,2,89.00,8.00,1,0.010000,0,0
3828,20,126.00,-69.00,0,0.010000,1,19
3829,20,118.00,-18.00,0,0.010000,2,17
3830,20,126.00,-69.00,0,0.010000,1,19
3831,20,-20.00,80.00,0,0.010000,0,0
3832,20,-20.00,80.00,0,0.010000,0,20
3833,20,-50.00,80.00,0,0.010000,3,1
3834,20,-30.00,80.00,0,0.010000,1,0
3835,20,126.00,-109.00,0,0.010000,11,0
3836,20,-30.00,80.00,0,0.010000,1,0
3837,2,89.00,8.00,1,0.010000,0,0
3838,20,126.00,-69.00,0,0.010000,1,19
3839,20,118.00,-18.00,0,0.010000,2,17
3840,20,126.00,-79.00,0,0.010000,2,19
3841,20,-20.00,80.00,0,0.010000,0,0
3842,20,-20.00,80.00,0,0.010000,0,20
3843,20,-40.00,80.00,0,0.010000,2,0
3844,20,-30.00,80.00,0,0.010000,1,0
3845,20,126.00,-109.00,0,0.010000,11,0
3846,20,-20.00,80.00,0,0.010000,0,0
3847,2,89.00,8.00,1,0.010000,0,0
3848,20,126.00,-69.00,0,0.010000,1,19
3849,20,118.00,-18.00,0,0.010000,2,17
3850,20,126.00,-69.00,0,0.010000,1,19
3851,20,-20.00,80.00,0,0.010000,0,1
3852,20,-20.00,80.00,0,0.010000,0,20
3853,20,-40.00,80.00,0,0.010000,2,0
3854,20,-30.00,80.00,0,0.010000,1,0
3855,20,126.00,-109.00,0,0.010000,11,0
3856,20,-20.00,80.00,0,0.010000,0,0
3857,2,89.00,8.00,1,0.010000,0,0
3858,20,126.00,-69.00,0,0.010000,1,19
3859,20,118.00,-18.00,0,0.010000,2,17
3860,20,126.00,-69.00,0,0.010000,1,19
3861,20,-20.00,80.00,0,0.010000,0,0
3862,20,-20.00,80.00,0,0.010000,0,20
3863,20,-40.00,80.00,0,0.010000,2,0
3864,20,-30.00,80.00,0,0.010000,1,0
3865,20,126.00,-109.00,0,0.010000,11,0
3866,20,-20.00,80.00,0,0.010000,0,0
3867,2,89.00,8.00,1,0.010000,0,0
3868,20,126.00,-69.00,0,0.010000,1,19
3869,20,103.00,-18.00,0,0.010000,3,17
3870,20,126.00,-69.00,0,0.010000,1,19
3871,20,-20.00,80.00,0,0.010000,0,0
3872,20,-20.00,80.00,0,0.010000,0,20
3873,20,-40.00,80.00,0,0.010000,2,0
3874,20,-30.00,80.00,0,0.010000,1,0
3875,20,126.00,-109.00,0,0.010000,11,0
3876,20,-20.00,80.00,0,0.010000,0,0
3877,2,89.00,8.00,1,0.010000,0,0
3878,20,126.00,-69.00,0,0.010000,1,19
3879,20,118.00,-18.00,0,0.010000,2,17
3880,20,126.00,-69.00,0,0.010000,1,19
3881,20,-30.00,80.00,0,0.010000,1,1
3882,20,-20.00,80.00,0,0.010000,0,20
3883,20,-40.00,80.00,0,0.010000,2,0
3884,20,-45.00,80.00,0,0.010000,2,2
3885,20,126.00,-109.00,0,0.010000,11,0
3886,20,-20.00,80.00,0,0.010000,0,0
3887,2,89.00,8.00,1,0.010000,0,0
3888,20,126.00,-69.00,0,0.010000,1,19
3889,20,118.00,-18.00,0,0.010000,2,17
3890,20,126.00,-69.00,0,0.010000,1,19
3891,20,-20.00,80.00,0,0.010000,0,1
3892,20,-20.00,80.00,0,0.010000,0,20
3893,20,-40.00,80.00,0,0.010000,2,0
3894,20,-30.00,80.00,0,0.010000,1,0
3895,20,126.00,-109.00,0,0.010000,11,0
3896,20,-20.00,80.00,0,0.010000,0,0
3897,2,89.00,8.00,1,0.010000,0,0
3898,20,126.00,-69.00,0,0.010000,1,19
3899,20,118.00,-18.00,0,0.010000,2,17
3900,20,126.00,-69.00,0,0.010000,1,19
3901,20,-20.00,80.00,0,0.010000,0,0
3902,20,-20.00,80.00,0,0.010000,0,20
3903,20,-40.00,80.00,0,0.010000,2,0
3904,20,-30.00,80.00,0,0.010000,1,0
3905,20,126.00,-109.00,0,0.010000,11,0
3906,20,-20.00,80.00,0,0.010000,0,0
3907,2,89.00,8.00,1,0.010000,0,0
3908,20,126.00,-69.00,0,0.010000,1,19
3909,20,118.00,-18.00,0,0.010000,2,17
3910,20,126.00,-69.00,0,0.010000,1,19
3911,20,-25.00,80.00,0,0.010000,0,1
3912,20,-20.00,80.00,0,0.010000,0,20
3913,20,-40.00,80.00,0,0.010000,2,0
3914,20,-30.00,80.00,0,0.010000,1,0
3915,20,126.00,-109.00,0,0.010000,11,0
3916,20,-20.00,80.00,0,0.010000,0,0
3917,2,89.00,8.00,1,0.010000,0,0
3918,20,58.00,-67.00,0,0.010000,5,15
3919,20,118.00,-18.00,0,0.010000,2,17
3920,20,126.00,-69.00,0,0.010000,1,19
3921,20,-20.00,80.00,0,0.010000,0,0
3922,20,-20.00,80.00,0,0.010000,0,20
3923,20,-40.00,80.00,0,0.010000,2,0
3924,20,-30.00,80.00,0,0.010000,1,0
3925,20,126.00,-109.00,0,0.010000,11,0
3926,20,-20.00,80.00,0,0.010000,0,0
3927,2,89.00,8.00,1,0.010000,0,0
3928,20,126.00,-69.00,0,0.010000,1,19
3929,20,118.00,-18.00,0,0.010000,2,17
3930,20,126.00,-69.00,0,0.010000,1,19
3931,20,-20.00,80.00,0,0.010000,0,0
3932,20,-20.00,80.00,0,0.010000,0,20
3933,20,-40.00,80.00,0,0.010000,2,0
3934,20,-40.00,80.00,0,0.010000,2,1
3935,20,126.00,-79.00,0,0.010000,11,1
3936,20,-20.00,80.00,0,0.010000,0,0
3937,2,89.00,8.00,1,0.010000,0,0
3938,20,126.00,-69.00,0,0.010000,1,19
3939,20,118.00,-18.00,0,0.010000,2,17
3940,20,126.00,-69.00,0,0.010000,1,19
3941,20,-20.00,80.00,0,0.010000,0,0
3942,20,-20.00,80.00,0,0.010000,0,20
3943,20,-40.00,80.00,0,0.010000,2,0
3944,20,-30.00,80.00,0,0.010000,1,0
3945,20,126.00,-109.00,0,0.010000,11,0
3946,20,-20.00,80.00,0,0.010000,0,0
3947,2,89.00,8.00,1,0.010000,0,0
3948,20,118.00,-69.00,0,0.010000,2,17
3949,20,118.00,-18.00,0,0.010000,2,17
3950,20,126.00,-69.00,0,0.010000,1,19
3951,20,-20.00,80.00,0,0.010000,0,0
3952,20,-20.00,80.00,0,0.010000,0,20
3953,20,-40.00,80.00,0,0.010000,2,0
3954,20,-30.00,80.00,0,0.010000,1,0
3955,20,126.00,-109.00,0,0.010000,11,0
3956,20,-20.00,80.00,0,0.010000,0,0
3957,2,89.00,8.00,1,0.010000,0,0
3958,20,126.00,-69.00,0,0.010000,1,19
3959,20,118.00,-18.00,0,0.010000,2,17
3960,20,126.00,-69.00,0,0.010000,1,19
3961,20,-20.00,80.00,0,0.010000,0,0
3962,20,-20.00,80.00,0,0.010000,0,20
3963,20,-40.00,80.00,0,0.010000,2,0
3964,20,-30.00,80.00,0,0.010000,1,0
3965,20,126.00,-109.00,0,0.010000,11,0
3966,20,-20.00,80.00,0,0.010000,0,0
3967,2,89.00,8.00,1,0.010000,0,0
3968,20,126.00,-69.00,0,0.010000,1,19
3969,20,110.00,-18.00,0,0.010000,3,15
3970,20,126.00,-69.00,0,0.010000,1,19
3971,20,-20.00,80.00,0,0.010000,0,0
3972,20,-20.00,80.00,0,0.010000,0,20
3973,20,-40.00,80.00,0,0.010000,2,0
3974,20,-50.00,22.00,0,0.010000,4,0
3975,20,126.00,-109.00,0,0.010000,11,0
3976,20,-20.00,80.00,0,0.010000,0,0
3977,2,89.00,8.00,1,0.010000,0,0
3978,20,126.00,-69.00,0,0.010000,1,19
3979,20,118.00,-23.00,0,0.010000,2,17
3980,20,126.00,-69.00,0,0.010000,1,19
3981,20,-20.00,80.00,0,0.010000,0,0
3982,20,-20.00,80.00,0,0.010000,0,20
3983,20,-40.00,80.00,0,0.010000,2,0
3984,20,-50.00,67.00,0,0.010000,3,0
3985,20,126.00,-109.00,0,0.010000,11,0
3986,20,-20.00,80.00,0,0.010000,0,0
3987,2,89.00,8.00,1,0.010000,0,0
3988,20,58.00,-67.00,0,0.010000,5,15
3989,20,118.00,-28.00,0,0.010000,3,17
3990,20,126.00,-69.00,0,0.010000,1,19
3991,20,-20.00,80.00,0,0.010000,0,0
3992,20,-30.00,80.00,0,0.010000,1,20
3993,20,-40.00,80.00,0,0.010000,2,0
3994,20,-40.00,80.00,0,0.010000,2,1
3995,20,126.00,-109.00,0,0.010000,11,0
3996,20,-20.00,80.00,0,0.010000,0,0
3997,2,89.00,8.00,1,0.010000,0,0
3998,20,126.00,-69.00,0,0.010000,1,19
3999,20,110.00,-23.00,0,0.010000,3,15

# Summary
# FirstGoalEpisode,0
# TotalGoalCount,402
# GoalRate_last100,0.10
