Episode,Steps,RewardZ1,RewardZ2,GoalReached,Epsilon,WastedByPenalty,WastedByNoEffect
0,0,0.00,0.00,0,0.300000,0,0
1,2,8.00,39.00,1,0.299100,1,0
2,3,-12.00,-13.00,1,0.300000,2,1
3,20,-80.00,80.00,0,0.299100,6,1
4,20,-185.00,-115.00,0,0.298203,18,5
5,20,61.00,-184.00,0,0.297308,16,5
6,20,-200.00,80.00,0,0.296416,18,4
7,2,89.00,8.00,1,0.295527,0,0
8,20,-44.00,-147.00,0,0.294640,13,2
9,20,-62.00,-33.00,0,0.293756,11,7
10,20,54.00,-76.00,0,0.292875,12,8
11,20,-205.00,80.00,0,0.291997,18,3
12,20,126.00,-234.00,0,0.291121,17,4
13,20,-50.00,80.00,0,0.290247,2,3
14,20,-175.00,-9.00,0,0.289376,14,5
15,20,57.00,-209.00,0,0.288508,18,3
16,20,-180.00,80.00,0,0.287643,15,4
17,4,72.00,16.00,1,0.286780,1,2
18,20,-34.00,-127.00,0,0.285920,12,2
19,20,-97.00,-78.00,0,0.285062,12,8
20,20,71.00,-89.00,0,0.284207,14,3
21,20,-180.00,80.00,0,0.283354,14,5
22,20,106.00,-129.00,0,0.282504,3,18
23,20,-45.00,80.00,0,0.281656,2,1
24,20,-190.00,-137.00,0,0.280811,20,3
25,20,24.00,-91.00,0,0.279969,17,2
26,20,-170.00,80.00,0,0.279129,15,2
27,2,89.00,8.00,1,0.278292,0,0
28,20,57.00,-97.00,0,0.277457,13,3
29,20,-3.00,41.00,0,0.276624,18,1
30,20,-7.00,8.00,0,0.275795,18,1
31,20,-220.00,80.00,0,0.274967,20,1
32,20,126.00,-154.00,0,0.274142,3,15
33,20,-50.00,80.00,0,0.273320,2,4
34,20,-160.00,-52.00,0,0.272500,17,5
35,20,84.00,-88.00,0,0.271682,14,5
36,20,-190.00,80.00,0,0.270867,17,3
37,3,78.00,12.00,1,0.270055,1,1
38,20,16.00,-29.00,0,0.269245,17,4
39,20,20.00,21.00,0,0.268437,17,3
40,20,50.00,-65.00,0,0.267632,17,5
41,20,-185.00,80.00,0,0.266829,16,3
42,20,72.00,-108.00,0,0.266028,4,16
43,20,-60.00,80.00,0,0.265230,4,0
44,20,-135.00,-123.00,0,0.264434,16,5
45,20,3.00,-24.00,0,0.263641,13,6
46,20,-165.00,80.00,0,0.262850,14,3
47,3,78.00,12.00,1,0.262062,1,1
48,20,39.00,-46.00,0,0.261275,20,1
49,20,-80.00,105.00,0,0.260492,18,4
50,20,37.00,-38.00,0,0.259710,17,2
51,20,-190.00,80.00,0,0.258931,15,5
52,20,110.00,-155.00,0,0.258154,8,14
53,20,-95.00,80.00,0,0.257380,7,3
54,20,-130.00,-110.00,0,0.256608,15,3
55,20,50.00,-55.00,0,0.255838,17,5
56,20,-180.00,80.00,0,0.255070,15,4
57,2,89.00,8.00,1,0.254305,0,0
58,20,-19.00,1.00,0,0.253542,18,4
59,20,-43.00,56.00,0,0.252781,15,8
60,20,31.00,-64.00,0,0.252023,16,4
61,20,-145.00,80.00,0,0.251267,7,14
62,20,44.00,-61.00,0,0.250513,18,2
63,20,-95.00,80.00,0,0.249762,7,4
64,20,-100.00,-50.00,0,0.249012,9,2
65,20,57.00,-68.00,0,0.248265,19,3
66,20,-190.00,80.00,0,0.247521,17,2
67,2,89.00,8.00,1,0.246778,0,0
68,20,18.00,-82.00,0,0.246038,15,5
69,20,-68.00,36.00,0,0.245300,14,6
70,20,70.00,-80.00,0,0.244564,17,4
71,20,-185.00,80.00,0,0.243830,14,7
72,20,161.00,-194.00,0,0.243099,4,16
73,20,-100.00,80.00,0,0.242369,7,6
74,20,-120.00,34.00,0,0.241642,11,4
75,20,78.00,-62.00,0,0.240917,15,3
76,20,-195.00,80.00,0,0.240194,17,2
77,2,89.00,8.00,1,0.239474,0,0
78,20,-63.00,-3.00,0,0.238755,15,6
79,20,-73.00,87.00,0,0.238039,18,2
80,20,47.00,-68.00,0,0.237325,20,1
81,20,-140.00,80.00,0,0.236613,7,11
82,20,-33.00,24.00,0,0.235903,14,6
83,20,-50.00,80.00,0,0.235196,3,1
84,20,-80.00,26.00,0,0.234490,6,2
85,20,30.00,-92.00,0,0.233786,18,3
86,20,-170.00,80.00,0,0.233085,14,4
87,2,89.00,8.00,1,0.232386,0,0
88,20,43.00,-40.00,0,0.231689,16,3
89,20,-13.00,34.00,0,0.230994,15,5
90,20,-4.00,-34.00,0,0.230301,17,7
91,20,-205.00,80.00,0,0.229610,17,8
92,20,-50.00,25.00,0,0.228921,11,10
93,20,-70.00,80.00,0,0.228234,5,3
94,20,-115.00,52.00,0,0.227549,10,5
95,20,-9.00,-1.00,0,0.226867,16,4
96,20,-170.00,80.00,0,0.226186,15,1
97,4,77.00,16.00,1,0.225508,1,2
98,20,-37.00,16.00,0,0.224831,17,4
99,20,-16.00,51.00,0,0.224157,16,3
100,20,78.00,-117.00,0,0.223484,18,5
101,20,-155.00,80.00,0,0.222814,7,16
102,20,43.00,-64.00,0,0.222145,11,8
103,20,-110.00,80.00,0,0.221479,8,5
104,20,-60.00,72.00,0,0.220814,4,2
105,20,0.00,-2.00,0,0.220152,19,0
106,20,-200.00,80.00,0,0.219492,18,5
107,2,89.00,8.00,1,0.218833,0,0
108,20,-50.00,22.00,0,0.218177,16,6
109,20,-17.00,42.00,0,0.217522,15,5
110,20,13.00,-42.00,0,0.216869,18,3
111,20,-155.00,80.00,0,0.216219,7,15
112,20,117.00,-143.00,0,0.215570,8,12
113,20,-50.00,80.00,0,0.214923,3,1
114,20,-45.00,80.00,0,0.214279,2,1
115,20,54.00,-63.00,0,0.213636,19,1
116,20,-200.00,80.00,0,0.212995,18,2
117,2,89.00,8.00,1,0.212356,0,0
118,20,24.00,-30.00,0,0.211719,15,5
119,20,-9.00,-3.00,0,0.211084,15,3
120,20,-24.00,16.00,0,0.210450,17,2
121,20,-145.00,80.00,0,0.209819,7,15
122,20,72.00,-130.00,0,0.209190,14,8
123,20,-80.00,80.00,0,0.208562,6,0
124,20,-50.00,80.00,0,0.207936,3,0
125,20,35.00,-45.00,0,0.207313,17,5
126,20,-170.00,80.00,0,0.206691,15,1
127,2,89.00,8.00,1,0.206071,0,0
128,20,10.00,-47.00,0,0.205452,16,5
129,20,-92.00,-5.00,0,0.204836,15,6
130,20,37.00,-48.00,0,0.204222,18,3
131,20,-130.00,80.00,0,0.203609,4,14
132,20,-58.00,32.00,0,0.202998,14,8
133,20,-70.00,80.00,0,0.202389,5,1
134,20,-50.00,80.00,0,0.201782,2,4
135,20,39.00,-46.00,0,0.201177,20,1
136,20,-120.00,80.00,0,0.200573,10,1
137,1,50.00,4.00,1,0.199971,0,0
138,20,41.00,-54.00,0,0.199371,14,5
139,20,-3.00,27.00,0,0.198773,14,3
140,20,-16.00,-1.00,0,0.198177,17,4
141,20,-170.00,80.00,0,0.197582,13,6
142,20,61.00,-79.00,0,0.196990,14,7
143,20,-110.00,80.00,0,0.196399,8,2
144,20,-75.00,72.00,0,0.195809,5,3
145,20,0.00,0.00,0,0.195222,20,0
146,20,-120.00,80.00,0,0.194636,10,3
147,3,78.00,12.00,1,0.194052,1,1
148,20,12.00,-109.00,0,0.193470,15,5
149,20,-90.00,20.00,0,0.192890,16,5
150,20,1.00,-19.00,0,0.192311,19,4
151,20,-115.00,80.00,0,0.191734,5,11
152,20,70.00,-75.00,0,0.191159,13,6
153,20,-80.00,80.00,0,0.190586,6,1
154,20,-85.00,34.00,0,0.190014,8,2
155,20,-7.00,-2.00,0,0.189444,19,2
156,20,-50.00,80.00,0,0.188876,3,0
157,2,89.00,8.00,1,0.188309,0,0
158,20,0.00,-112.00,0,0.187744,15,6
159,20,-11.00,34.00,0,0.187181,16,5
160,20,54.00,-61.00,0,0.186619,20,0
161,20,-140.00,80.00,0,0.186059,4,17
162,20,3.00,-22.00,0,0.185501,14,7
163,20,-75.00,80.00,0,0.184945,5,3
164,20,-35.00,80.00,0,0.184390,1,2
165,20,54.00,-56.00,0,0.183837,19,1
166,20,-70.00,80.00,0,0.183285,5,1
167,2,89.00,8.00,1,0.182735,0,0
168,20,7.00,-32.00,0,0.182187,13,6
169,20,-4.00,-11.00,0,0.181641,16,3
170,20,39.00,-46.00,0,0.181096,20,1
171,20,-190.00,80.00,0,0.180552,14,6
172,20,63.00,-72.00,0,0.180011,14,5
173,20,-90.00,80.00,0,0.179471,7,2
174,20,-85.00,80.00,0,0.178932,6,2
175,20,-9.00,11.00,0,0.178395,17,4
176,20,-40.00,80.00,0,0.177860,2,1
177,4,87.00,16.00,1,0.177327,1,0
178,20,41.00,-77.00,0,0.176795,15,5
179,20,-57.00,-27.00,0,0.176264,15,8
180,20,-31.00,14.00,0,0.175735,16,4
181,20,-145.00,80.00,0,0.175208,5,17
182,20,107.00,-204.00,0,0.174683,16,1
183,20,-105.00,80.00,0,0.174159,8,3
184,20,-65.00,12.00,0,0.173636,5,2
185,20,11.00,-19.00,0,0.173115,17,4
186,20,-90.00,80.00,0,0.172596,7,1
187,2,89.00,8.00,1,0.172078,0,0
188,20,-28.00,-52.00,0,0.171562,16,5
189,20,-72.00,41.00,0,0.171047,16,6
190,20,-41.00,24.00,0,0.170534,15,6
191,20,-135.00,80.00,0,0.170022,4,17
192,20,-43.00,17.00,0,0.169512,14,8
193,20,-80.00,80.00,0,0.169004,6,3
194,20,-30.00,80.00,0,0.168497,1,1
195,20,1.00,-90.00,0,0.167991,18,2
196,20,-110.00,80.00,0,0.167487,8,5
197,2,89.00,8.00,1,0.166985,0,0
198,20,58.00,-79.00,0,0.166484,14,5
199,20,-50.00,78.00,0,0.165984,15,4
200,20,32.00,-38.00,0,0.165487,18,2
201,20,-130.00,80.00,0,0.164990,4,15
202,20,-41.00,24.00,0,0.164495,15,6
203,20,-70.00,80.00,0,0.164002,5,1
204,20,-75.00,67.00,0,0.163510,5,2
205,20,57.00,-48.00,0,0.163019,18,1
206,20,-75.00,80.00,0,0.162530,5,3
207,2,89.00,8.00,1,0.162042,0,0
208,20,51.00,-74.00,0,0.161556,14,7
209,20,-9.00,37.00,0,0.161072,14,5
210,20,-40.00,15.00,0,0.160588,14,8
211,20,-140.00,80.00,0,0.160107,7,15
212,20,-13.00,7.00,0,0.159626,13,6
213,20,-75.00,80.00,0,0.159147,5,4
214,20,-30.00,80.00,0,0.158670,1,1
215,20,32.00,-105.00,0,0.158194,20,2
216,20,-60.00,80.00,0,0.157719,4,3
217,2,89.00,8.00,1,0.157246,0,0
218,20,-8.00,-107.00,0,0.156775,15,4
219,20,-48.00,83.00,0,0.156304,14,4
220,20,28.00,-37.00,0,0.155835,13,7
221,20,-155.00,80.00,0,0.155368,7,16
222,20,52.00,-93.00,0,0.154902,10,12
223,20,-160.00,80.00,0,0.154437,14,3
224,20,-90.00,64.00,0,0.153974,7,0
225,20,57.00,-48.00,0,0.153512,18,1
226,20,-75.00,80.00,0,0.153051,5,2
227,2,89.00,8.00,1,0.152592,0,0
228,20,26.00,-57.00,0,0.152134,16,5
229,20,-9.00,37.00,0,0.151678,13,5
230,20,44.00,-46.00,0,0.151223,10,7
231,20,-150.00,80.00,0,0.150769,7,15
232,20,48.00,-77.00,0,0.150317,15,6
233,20,-70.00,80.00,0,0.149866,4,2
234,20,-30.00,80.00,0,0.149416,1,0
235,20,-19.00,-1.00,0,0.148968,18,4
236,20,-50.00,80.00,0,0.148521,3,1
237,2,89.00,8.00,1,0.148076,0,0
238,20,-112.00,17.00,0,0.147631,18,6
239,20,1.00,22.00,0,0.147188,14,5
240,20,-16.00,-1.00,0,0.146747,15,6
241,20,-140.00,80.00,0,0.146307,4,18
242,20,58.00,-67.00,0,0.145868,14,6
243,20,-50.00,80.00,0,0.145430,3,1
244,20,-40.00,80.00,0,0.144994,2,1
245,20,-28.00,-8.00,0,0.144559,19,6
246,20,-50.00,80.00,0,0.144125,3,3
247,2,89.00,8.00,1,0.143693,0,0
248,20,-23.00,4.00,0,0.143262,16,4
249,20,-8.00,30.00,0,0.142832,13,5
250,20,41.00,-59.00,0,0.142403,12,7
251,20,-210.00,80.00,0,0.141976,18,4
252,20,-31.00,24.00,0,0.141550,14,6
253,20,-70.00,80.00,0,0.141126,5,1
254,20,-75.00,34.00,0,0.140702,7,1
255,20,52.00,-50.00,0,0.140280,17,1
256,20,-80.00,80.00,0,0.139859,6,2
257,2,89.00,8.00,1,0.139440,0,0
258,20,48.00,-67.00,0,0.139021,15,5
259,20,-50.00,78.00,0,0.138604,15,4
260,20,21.00,-44.00,0,0.138189,12,9
261,20,-145.00,80.00,0,0.137774,5,15
262,20,-40.00,15.00,0,0.137361,11,10
263,20,-70.00,80.00,0,0.136949,4,2
264,20,-40.00,80.00,0,0.136538,2,1
265,20,58.00,-52.00,0,0.136128,15,3
266,20,-40.00,80.00,0,0.135720,2,1
267,2,89.00,8.00,1,0.135313,0,0
268,20,39.00,-60.00,0,0.134907,16,3
269,20,-9.00,37.00,0,0.134502,14,5
270,20,-30.00,0.00,0,0.134098,12,10
271,20,-150.00,80.00,0,0.133696,8,11
272,20,73.00,-111.00,0,0.133295,13,6
273,20,-170.00,80.00,0,0.132895,15,0
274,20,-75.00,49.00,0,0.132496,6,4
275,20,-1.00,-23.00,0,0.132099,16,4
276,20,-35.00,80.00,0,0.131703,1,2
277,2,89.00,8.00,1,0.131308,0,0
278,20,26.00,-57.00,0,0.130914,16,5
279,20,-75.00,71.00,0,0.130521,15,6
280,20,56.00,-79.00,0,0.130129,12,9
281,20,-120.00,80.00,0,0.129739,1,19
282,20,-9.00,-14.00,0,0.129350,12,9
283,20,-80.00,80.00,0,0.128962,6,2
284,20,-35.00,80.00,0,0.128575,1,1
285,20,68.00,-97.00,0,0.128189,16,2
286,20,-50.00,80.00,0,0.127805,3,3
287,2,89.00,8.00,1,0.127421,0,0
288,20,-23.00,-68.00,0,0.127039,15,4
289,20,-107.00,86.00,0,0.126658,13,6
290,20,-18.00,2.00,0,0.126278,12,8
291,20,-145.00,80.00,0,0.125899,7,12
292,20,98.00,-137.00,0,0.125521,5,16
293,20,-80.00,80.00,0,0.125145,6,2
294,20,-50.00,67.00,0,0.124769,3,1
295,20,35.00,-40.00,0,0.124395,17,3
296,20,-60.00,80.00,0,0.124022,4,1
297,2,89.00,8.00,1,0.123650,0,0
298,20,-13.00,-11.00,0,0.123279,16,4
299,20,-43.00,83.00,0,0.122909,14,4
300,20,64.00,-66.00,0,0.122540,9,7
301,20,-185.00,80.00,0,0.122173,15,4
302,20,-48.00,17.00,0,0.121806,15,8
303,20,-95.00,80.00,0,0.121441,7,3
304,20,-60.00,57.00,0,0.121076,5,2
305,20,60.00,-72.00,0,0.120713,17,1
306,20,-35.00,80.00,0,0.120351,1,1
307,2,89.00,8.00,1,0.119990,0,0
308,20,-62.00,-23.00,0,0.119630,15,4
309,20,-48.00,83.00,0,0.119271,14,4
310,20,-13.00,-3.00,0,0.118913,13,6
311,20,-160.00,80.00,0,0.118556,8,13
312,20,109.00,-149.00,0,0.118201,15,2
313,20,-40.00,80.00,0,0.117846,2,0
314,20,-40.00,80.00,0,0.117493,2,1
315,20,-5.00,10.00,0,0.117140,15,4
316,20,-65.00,80.00,0,0.116789,4,2
317,3,78.00,12.00,1,0.116438,1,1
318,20,39.00,-60.00,0,0.116089,16,3
319,20,-53.00,83.00,0,0.115741,15,4
320,20,39.00,-56.00,0,0.115394,11,7
321,20,-130.00,80.00,0,0.115047,2,19
322,20,-10.00,-14.00,0,0.114702,11,9
323,20,-60.00,80.00,0,0.114358,4,2
324,20,-30.00,80.00,0,0.114015,1,0
325,20,76.00,-94.00,0,0.113673,15,2
326,20,-30.00,80.00,0,0.113332,1,1
327,2,89.00,8.00,1,0.112992,0,0
328,20,38.00,-50.00,0,0.112653,16,3
329,20,1.00,42.00,0,0.112315,13,5
330,20,-1.00,-16.00,0,0.111978,16,3
331,20,-125.00,80.00,0,0.111642,2,18
332,20,-36.00,24.00,0,0.111307,14,6
333,20,-40.00,80.00,0,0.110973,2,1
334,20,-60.00,80.00,0,0.110640,4,1
335,20,-6.00,14.00,0,0.110308,15,4
336,20,-70.00,80.00,0,0.109978,5,0
337,2,89.00,8.00,1,0.109648,0,0
338,20,78.00,-62.00,0,0.109319,15,3
339,20,-50.00,71.00,0,0.108991,14,6
340,20,36.00,-54.00,0,0.108664,11,9
341,20,-130.00,80.00,0,0.108338,2,18
342,20,-60.00,40.00,0,0.108013,10,10
343,20,-60.00,80.00,0,0.107689,4,0
344,20,-65.00,42.00,0,0.107366,5,2
345,20,89.00,-71.00,0,0.107044,14,3
346,20,-55.00,80.00,0,0.106722,3,1
347,2,89.00,8.00,1,0.106402,0,0
348,20,-6.00,-11.00,0,0.106083,16,4
349,20,-50.00,-6.00,0,0.105765,15,4
350,20,10.00,-20.00,0,0.105448,11,8
351,20,-125.00,80.00,0,0.105131,2,18
352,20,40.00,-70.00,0,0.104816,15,6
353,20,-90.00,80.00,0,0.104501,7,1
354,20,-40.00,80.00,0,0.104188,2,1
355,20,45.00,-40.00,0,0.103875,16,3
356,20,-50.00,80.00,0,0.103564,3,0
357,2,89.00,8.00,1,0.103253,0,0
358,20,-6.00,-2.00,0,0.102943,18,2
359,20,-2.00,17.00,0,0.102634,15,3
360,20,-8.00,-8.00,0,0.102326,12,8
361,20,-135.00,80.00,0,0.102019,3,18
362,20,-4.00,-29.00,0,0.101713,14,9
363,20,-100.00,80.00,0,0.101408,8,0
364,20,-40.00,80.00,0,0.101104,2,1
365,20,17.00,0.00,0,0.100801,14,2
366,20,-50.00,80.00,0,0.100498,3,0
367,2,89.00,8.00,1,0.100197,0,0
368,20,-21.00,-87.00,0,0.099896,16,4
369,20,-9.00,-11.00,0,0.099597,17,3
370,20,-23.00,2.00,0,0.099298,13,7
371,20,-125.00,80.00,0,0.099000,1,19
372,20,5.00,-25.00,0,0.098703,12,8
373,20,-115.00,80.00,0,0.098407,9,3
374,20,-50.00,57.00,0,0.098112,4,0
375,20,76.00,-104.00,0,0.097817,16,2
376,20,-40.00,80.00,0,0.097524,1,2
377,2,89.00,8.00,1,0.097231,0,0
378,20,-6.00,-4.00,0,0.096940,16,4
379,20,-7.00,39.00,0,0.096649,16,3
380,20,-13.00,-8.00,0,0.096359,13,8
381,20,-125.00,80.00,0,0.096070,1,19
382,20,7.00,-27.00,0,0.095781,13,7
383,20,-50.00,80.00,0,0.095494,3,2
384,20,-30.00,80.00,0,0.095208,1,1
385,20,28.00,-77.00,0,0.094922,17,4
386,20,-30.00,80.00,0,0.094637,1,0
387,2,89.00,8.00,1,0.094353,0,0
388,20,46.00,-62.00,0,0.094070,15,3
389,20,-63.00,95.00,0,0.093788,16,4
390,20,46.00,-69.00,0,0.093507,12,9
391,20,-140.00,80.00,0,0.093226,5,14
392,20,215.00,-210.00,0,0.092946,15,0
393,20,-50.00,80.00,0,0.092668,3,1
394,20,-30.00,80.00,0,0.092390,1,0
395,20,22.00,-3.00,0,0.092112,15,2
396,20,-50.00,80.00,0,0.091836,3,1
397,2,89.00,8.00,1,0.091561,0,0
398,20,33.00,-52.00,0,0.091286,15,5
399,20,-48.00,85.00,0,0.091012,16,2
400,20,-3.00,-18.00,0,0.090739,14,6
401,20,-130.00,80.00,0,0.090467,3,18
402,20,45.00,-60.00,0,0.090195,13,6
403,20,-90.00,80.00,0,0.089925,6,6
404,20,-30.00,80.00,0,0.089655,1,0
405,20,76.00,-94.00,0,0.089386,15,2
406,20,-30.00,80.00,0,0.089118,1,1
407,2,89.00,8.00,1,0.088851,0,0
408,20,43.00,-65.00,0,0.088584,17,5
409,20,-48.00,83.00,0,0.088318,14,4
410,20,53.00,-67.00,0,0.088053,14,6
411,20,-130.00,80.00,0,0.087789,2,19
412,20,89.00,-116.00,0,0.087526,13,8
413,20,-100.00,80.00,0,0.087263,8,0
414,20,-40.00,80.00,0,0.087001,2,1
415,20,68.00,-52.00,0,0.086740,16,1
416,20,-60.00,80.00,0,0.086480,3,2
417,2,89.00,8.00,1,0.086221,0,0
418,20,33.00,-50.00,0,0.085962,17,3
419,20,-63.00,95.00,0,0.085704,16,4
420,20,51.00,-79.00,0,0.085447,14,7
421,20,-120.00,80.00,0,0.085191,1,20
422,20,116.00,-126.00,0,0.084935,13,5
423,20,-40.00,80.00,0,0.084680,2,0
424,20,-60.00,80.00,0,0.084426,4,2
425,20,4.00,4.00,0,0.084173,16,2
426,20,-70.00,80.00,0,0.083921,5,0
427,2,89.00,8.00,1,0.083669,0,0
428,20,-26.00,4.00,0,0.083418,17,4
429,20,-98.00,85.00,0,0.083168,17,2
430,20,48.00,-67.00,0,0.082918,14,7
431,20,-135.00,80.00,0,0.082669,3,18
432,20,2.00,-18.00,0,0.082421,14,6
433,20,-60.00,80.00,0,0.082174,4,2
434,20,-30.00,80.00,0,0.081927,1,0
435,20,86.00,-69.00,0,0.081682,16,1
436,20,-30.00,80.00,0,0.081437,1,0
437,2,89.00,8.00,1,0.081192,0,0
438,20,-28.00,-16.00,0,0.080949,17,6
439,20,6.00,29.00,0,0.080706,15,3
440,20,-20.00,-15.00,0,0.080464,14,10
441,20,-130.00,80.00,0,0.080222,2,19
442,20,118.00,-138.00,0,0.079982,16,3
443,20,-75.00,80.00,0,0.079742,5,3
444,20,-50.00,57.00,0,0.079503,4,0
445,20,60.00,-69.00,0,0.079264,15,3
446,20,-50.00,80.00,0,0.079026,3,0
447,2,89.00,8.00,1,0.078789,0,0
448,20,17.00,-47.00,0,0.078553,16,7
449,20,-9.00,-11.00,0,0.078317,17,1
450,20,-3.00,-23.00,0,0.078082,14,7
451,20,-150.00,80.00,0,0.077848,8,10
452,20,101.00,-126.00,0,0.077614,15,5
453,20,-40.00,80.00,0,0.077382,2,0
454,20,-30.00,80.00,0,0.077149,1,0
455,20,76.00,-54.00,0,0.076918,15,1
456,20,-30.00,80.00,0,0.076687,1,1
457,2,89.00,8.00,1,0.076457,0,0
458,20,-28.00,2.00,0,0.076228,15,6
459,20,8.00,26.00,0,0.075999,17,3
460,20,48.00,-67.00,0,0.075771,14,7
461,20,-145.00,80.00,0,0.075544,5,16
462,20,151.00,-159.00,0,0.075317,14,4
463,20,-80.00,80.00,0,0.075091,6,3
464,20,-50.00,80.00,0,0.074866,3,0
465,20,-10.00,10.00,0,0.074641,15,4
466,20,-50.00,80.00,0,0.074417,3,1
467,3,88.00,12.00,1,0.074194,0,1
468,20,24.00,-50.00,0,0.073972,17,3
469,20,-7.00,39.00,0,0.073750,16,3
470,20,41.00,-64.00,0,0.073528,14,9
471,20,-125.00,80.00,0,0.073308,1,19
472,20,62.00,-68.00,0,0.073088,14,4
473,20,-40.00,80.00,0,0.072869,2,0
474,20,-50.00,57.00,0,0.072650,4,0
475,20,35.00,-10.00,0,0.072432,14,2
476,20,-80.00,80.00,0,0.072215,6,1
477,2,89.00,8.00,1,0.071998,0,0
478,20,-6.00,-4.00,0,0.071782,16,4
479,20,-53.00,68.00,0,0.071567,15,4
480,20,48.00,-67.00,0,0.071352,14,7
481,20,-125.00,80.00,0,0.071138,1,20
482,20,104.00,-121.00,0,0.070925,13,6
483,20,-45.00,80.00,0,0.070712,2,2
484,20,-30.00,80.00,0,0.070500,1,0
485,20,76.00,-69.00,0,0.070288,15,3
486,20,-80.00,80.00,0,0.070077,6,0
487,2,89.00,8.00,1,0.069867,0,0
488,20,32.00,-65.00,0,0.069658,17,5
489,20,-58.00,93.00,0,0.069449,15,4
490,20,2.00,-18.00,0,0.069240,13,8
491,20,-125.00,80.00,0,0.069033,3,18
492,20,107.00,-122.00,0,0.068825,15,3
493,20,-40.00,80.00,0,0.068619,2,0
494,20,-50.00,22.00,0,0.068413,4,0
495,20,76.00,-64.00,0,0.068208,14,3
496,20,-30.00,80.00,0,0.068003,1,0
497,2,89.00,8.00,1,0.067799,0,0
498,20,6.00,-32.00,0,0.067596,14,5
499,20,8.00,29.00,0,0.067393,15,3
500,20,58.00,-82.00,0,0.067191,15,7
501,20,-125.00,80.00,0,0.066989,1,19
502,20,62.00,-70.00,0,0.066788,14,4
503,20,-70.00,80.00,0,0.066588,4,2
504,20,-40.00,80.00,0,0.066388,2,1
505,20,61.00,-94.00,0,0.066189,15,4
506,20,-30.00,80.00,0,0.065990,1,0
507,2,89.00,8.00,1,0.065792,0,0
508,20,50.00,-110.00,0,0.065595,17,3
509,20,-14.00,37.00,0,0.065398,15,5
510,20,8.00,-22.00,0,0.065202,20,1
511,20,-145.00,80.00,0,0.065007,7,11
512,20,60.00,-68.00,0,0.064811,14,4
513,20,-40.00,80.00,0,0.064617,2,0
514,20,-30.00,80.00,0,0.064423,1,0
515,20,58.00,-52.00,0,0.064230,15,3
516,20,-50.00,80.00,0,0.064037,3,2
517,2,89.00,8.00,1,0.063845,0,0
518,20,50.00,-58.00,0,0.063654,17,3
519,20,-63.00,-6.00,0,0.063463,16,4
520,20,-21.00,4.00,0,0.063272,15,6
521,20,-120.00,80.00,0,0.063082,0,20
522,20,161.00,-174.00,0,0.062893,15,3
523,20,-75.00,80.00,0,0.062705,5,2
524,20,-30.00,80.00,0,0.062516,1,0
525,20,40.00,-15.00,0,0.062329,14,2
526,20,-50.00,80.00,0,0.062142,3,0
527,2,89.00,8.00,1,0.061955,0,0
528,20,43.00,-60.00,0,0.061770,16,5
529,20,8.00,31.00,0,0.061584,16,3
530,20,4.00,-26.00,0,0.061400,16,6
531,20,-120.00,80.00,0,0.061215,0,20
532,20,161.00,-164.00,0,0.061032,14,4
533,20,-40.00,80.00,0,0.060849,2,0
534,20,-30.00,80.00,0,0.060666,1,1
535,20,76.00,-69.00,0,0.060484,15,3
536,20,-60.00,80.00,0,0.060303,4,1
537,2,89.00,8.00,1,0.060122,0,0
538,20,-6.00,-3.00,0,0.059941,15,4
539,20,-60.00,161.00,0,0.059761,1,18
540,20,48.00,-72.00,0,0.059582,16,6
541,20,-145.00,80.00,0,0.059403,7,11
542,20,62.00,-68.00,0,0.059225,14,4
543,20,-40.00,80.00,0,0.059048,2,0
544,20,-40.00,80.00,0,0.058870,2,2
545,20,58.00,-87.00,0,0.058694,16,2
546,20,-35.00,80.00,0,0.058518,1,1
547,2,89.00,8.00,1,0.058342,0,0
548,20,-30.00,80.00,0,0.058167,1,20
549,20,-65.00,151.00,0,0.057993,1,18
550,20,-21.00,4.00,0,0.057819,15,6
551,20,-120.00,80.00,0,0.057645,1,20
552,20,161.00,-176.00,0,0.057472,15,3
553,20,-90.00,80.00,0,0.057300,7,1
554,20,-70.00,64.00,0,0.057128,5,1
555,20,86.00,-69.00,0,0.056957,14,3
556,20,-30.00,80.00,0,0.056786,1,0
557,2,89.00,8.00,1,0.056615,0,0
558,20,-20.00,80.00,0,0.056445,0,20
559,20,-60.00,161.00,0,0.056276,1,18
560,20,4.00,-26.00,0,0.056107,16,6
561,20,-120.00,80.00,0,0.055939,0,20
562,20,72.00,-73.00,0,0.055771,14,4
563,20,-40.00,80.00,0,0.055604,2,0
564,20,-30.00,80.00,0,0.055437,1,0
565,20,14.00,-104.00,0,0.055271,17,1
566,20,-30.00,80.00,0,0.055105,1,0
567,2,89.00,8.00,1,0.054940,0,0
568,20,-40.00,80.00,0,0.054775,2,20
569,20,-70.00,161.00,0,0.054610,2,18
570,20,-1.00,-26.00,0,0.054447,17,6
571,20,-130.00,80.00,0,0.054283,2,18
572,20,115.00,-146.00,0,0.054120,15,3
573,20,-50.00,80.00,0,0.053958,3,1
574,20,-40.00,80.00,0,0.053796,2,1
575,20,12.00,-13.00,0,0.053635,15,4
576,20,-55.00,80.00,0,0.053474,3,1
577,2,89.00,8.00,1,0.053314,0,0
578,20,-20.00,80.00,0,0.053154,0,20
579,20,-60.00,161.00,0,0.052994,1,18
580,20,43.00,-47.00,0,0.052835,14,7
581,20,-195.00,80.00,0,0.052677,16,3
582,20,72.00,-95.00,0,0.052519,16,4
583,20,-80.00,80.00,0,0.052361,6,0
584,20,-30.00,80.00,0,0.052204,1,0
585,20,86.00,-86.00,0,0.052047,15,1
586,20,-30.00,80.00,0,0.051891,1,0
587,2,89.00,8.00,1,0.051736,0,0
588,20,-40.00,72.00,0,0.051580,4,18
589,20,-65.00,161.00,0,0.051426,1,18
590,20,118.00,-67.00,0,0.051271,3,17
591,20,-125.00,80.00,0,0.051117,1,20
592,20,156.00,-164.00,0,0.050964,15,3
593,20,-60.00,80.00,0,0.050811,4,0
594,20,-30.00,80.00,0,0.050659,1,0
595,20,30.00,-10.00,0,0.050507,14,2
596,20,-60.00,80.00,0,0.050355,3,3
597,2,89.00,8.00,1,0.050204,0,0
598,20,-20.00,80.00,0,0.050054,0,20
599,20,-58.00,153.00,0,0.049903,3,16
600,20,64.00,-31.00,0,0.049754,5,15
601,20,-120.00,80.00,0,0.049605,0,20
602,20,117.00,-128.00,0,0.049456,16,2
603,20,-40.00,80.00,0,0.049307,2,0
604,20,-30.00,80.00,0,0.049159,1,0
605,20,30.00,-10.00,0,0.049012,14,2
606,20,-30.00,80.00,0,0.048865,1,0
607,2,89.00,8.00,1,0.048718,0,0
608,20,-20.00,80.00,0,0.048572,0,20
609,20,-76.00,145.00,0,0.048426,7,14
610,20,126.00,-69.00,0,0.048281,1,19
611,20,-120.00,80.00,0,0.048136,0,20
612,20,65.00,-90.00,0,0.047992,15,6
613,20,-55.00,80.00,0,0.047848,3,3
614,20,-30.00,80.00,0,0.047704,1,1
615,20,86.00,-64.00,0,0.047561,15,1
616,20,-50.00,80.00,0,0.047419,3,0
617,2,89.00,8.00,1,0.047276,0,0
618,20,-20.00,72.00,0,0.047134,2,18
619,20,-60.00,161.00,0,0.046993,1,18
620,20,24.00,-16.00,0,0.046852,15,5
621,20,-120.00,80.00,0,0.046712,0,20
622,20,110.00,-125.00,0,0.046571,15,4
623,20,-70.00,80.00,0,0.046432,5,1
624,20,-40.00,80.00,0,0.046292,2,1
625,20,58.00,-52.00,0,0.046154,15,3
626,20,-50.00,80.00,0,0.046015,3,0
627,2,89.00,8.00,1,0.045877,0,0
628,20,-13.00,62.00,0,0.045739,2,18
629,20,-80.00,153.00,0,0.045602,5,16
630,20,126.00,-69.00,0,0.045465,1,19
631,20,-120.00,80.00,0,0.045329,0,20
632,20,50.00,-60.00,0,0.045193,13,6
633,20,-60.00,80.00,0,0.045057,4,0
634,20,-30.00,80.00,0,0.044922,1,0
635,20,40.00,-25.00,0,0.044787,15,2
636,20,-40.00,80.00,0,0.044653,2,1
637,2,89.00,8.00,1,0.044519,0,0
638,20,-30.00,80.00,0,0.044386,1,20
639,20,-60.00,161.00,0,0.044252,1,18
640,20,126.00,-84.00,0,0.044120,2,19
641,20,-120.00,80.00,0,0.043987,0,20
642,20,181.00,-186.00,0,0.043855,15,1
643,20,-65.00,80.00,0,0.043724,4,1
644,20,-30.00,80.00,0,0.043593,1,0
645,20,84.00,-66.00,0,0.043462,13,3
646,20,-30.00,80.00,0,0.043331,1,0
647,2,89.00,8.00,1,0.043201,0,0
648,20,-20.00,80.00,0,0.043072,0,20
649,20,-65.00,153.00,0,0.042943,3,16
650,20,94.00,-71.00,0,0.042814,10,10
651,20,-130.00,80.00,0,0.042685,3,17
652,20,57.00,-68.00,0,0.042557,15,4
653,20,-50.00,80.00,0,0.042430,3,2
654,20,-30.00,80.00,0,0.042302,1,0
655,20,9.00,4.00,0,0.042175,16,2
656,20,-30.00,80.00,0,0.042049,1,0
657,2,89.00,8.00,1,0.041923,0,0
658,20,-30.00,80.00,0,0.041797,1,20
659,20,-18.00,121.00,0,0.041672,1,18
660,20,126.00,-69.00,0,0.041547,1,19
661,20,-125.00,80.00,0,0.041422,1,20
662,20,94.00,-114.00,0,0.041298,15,5
663,20,-60.00,80.00,0,0.041174,4,0
664,20,-30.00,80.00,0,0.041050,1,0
665,20,22.00,-10.00,0,0.040927,14,2
666,20,-50.00,80.00,0,0.040804,3,0
667,2,89.00,8.00,1,0.040682,0,0
668,20,-25.00,80.00,0,0.040560,0,20
669,20,-60.00,161.00,0,0.040438,1,18
670,20,118.00,-67.00,0,0.040317,3,17
671,20,-120.00,80.00,0,0.040196,0,20
672,20,127.00,-150.00,0,0.040075,17,2
673,20,-40.00,80.00,0,0.039955,2,0
674,20,-30.00,80.00,0,0.039835,1,0
675,20,69.00,-56.00,0,0.039716,14,3
676,20,-65.00,80.00,0,0.039597,4,2
677,2,89.00,8.00,1,0.039478,0,0
678,20,-20.00,80.00,0,0.039359,0,20
679,20,-60.00,161.00,0,0.039241,1,18
680,20,126.00,-69.00,0,0.039124,1,19
681,20,-140.00,80.00,0,0.039006,4,17
682,20,70.00,-105.00,0,0.038889,17,4
683,20,-40.00,80.00,0,0.038773,2,0
684,20,-40.00,80.00,0,0.038656,2,0
685,20,94.00,-66.00,0,0.038540,14,1
686,20,-30.00,80.00,0,0.038425,1,0
687,2,89.00,8.00,1,0.038309,0,0
688,20,-20.00,80.00,0,0.038194,0,20
689,20,-60.00,161.00,0,0.038080,1,18
690,20,126.00,-69.00,0,0.037966,1,19
691,20,-120.00,80.00,0,0.037852,0,20
692,20,171.00,-179.00,0,0.037738,15,3
693,20,-70.00,80.00,0,0.037625,5,1
694,20,-30.00,80.00,0,0.037512,1,0
695,20,60.00,-50.00,0,0.037400,17,1
696,20,-30.00,80.00,0,0.037287,1,0
697,2,89.00,8.00,1,0.037175,0,0
698,20,-20.00,80.00,0,0.037064,0,20
699,20,-80.00,161.00,0,0.036953,3,18
700,20,126.00,-69.00,0,0.036842,1,19
701,20,-120.00,80.00,0,0.036731,0,20
702,20,45.00,-75.00,0,0.036621,15,6
703,20,-40.00,80.00,0,0.036511,2,0
704,20,-40.00,80.00,0,0.036402,2,1
705,20,76.00,-99.00,0,0.036293,15,2
706,20,-70.00,80.00,0,0.036184,5,0
707,2,89.00,8.00,1,0.036075,0,0
708,20,-18.00,64.00,0,0.035967,4,16
709,20,-60.00,161.00,0,0.035859,1,18
710,20,126.00,-69.00,0,0.035751,1,19
711,20,-120.00,80.00,0,0.035644,0,20
712,20,67.00,-95.00,0,0.035537,17,4
713,20,-40.00,80.00,0,0.035431,2,0
714,20,-30.00,80.00,0,0.035324,1,0
715,20,30.00,-10.00,0,0.035218,14,2
716,20,-60.00,80.00,0,0.035113,4,4
717,2,89.00,8.00,1,0.035007,0,0
718,20,-20.00,80.00,0,0.034902,0,20
719,20,-68.00,153.00,0,0.034798,4,16
720,20,126.00,-79.00,0,0.034693,2,17
721,20,-120.00,80.00,0,0.034589,0,20
722,20,151.00,-191.00,0,0.034485,18,3
723,20,-40.00,80.00,0,0.034382,2,0
724,20,-40.00,80.00,0,0.034279,2,1
725,20,94.00,-66.00,0,0.034176,14,1
726,20,-70.00,80.00,0,0.034073,5,1
727,2,89.00,8.00,1,0.033971,0,0
728,20,-20.00,80.00,0,0.033869,0,20
729,20,-60.00,161.00,0,0.033768,1,18
730,20,126.00,-69.00,0,0.033666,1,19
731,20,-120.00,80.00,0,0.033565,0,20
732,20,105.00,-125.00,0,0.033465,16,4
733,20,-40.00,80.00,0,0.033364,2,1
734,20,-30.00,80.00,0,0.033264,1,0
735,20,17.00,2.00,0,0.033164,15,2
736,20,-45.00,80.00,0,0.033065,2,2
737,2,89.00,8.00,1,0.032966,0,0
738,20,-20.00,80.00,0,0.032867,0,20
739,20,-65.00,161.00,0,0.032768,1,18
740,20,108.00,-62.00,0,0.032670,3,17
741,20,-115.00,80.00,0,0.032572,1,20
742,20,171.00,-189.00,0,0.032474,16,2
743,20,-40.00,80.00,0,0.032377,2,0
744,20,-60.00,72.00,0,0.032280,4,1
745,20,38.00,-12.00,0,0.032183,13,2
746,20,-30.00,80.00,0,0.032086,1,1
747,2,89.00,8.00,1,0.031990,0,0
748,20,-20.00,80.00,0,0.031894,0,20
749,20,-60.00,161.00,0,0.031798,1,18
750,20,126.00,-69.00,0,0.031703,1,19
751,20,-125.00,80.00,0,0.031608,1,20
752,20,114.00,-151.00,0,0.031513,16,5
753,20,-40.00,80.00,0,0.031418,2,0
754,20,-30.00,80.00,0,0.031324,1,0
755,20,76.00,-99.00,0,0.031230,15,2
756,20,-30.00,80.00,0,0.031137,1,0
757,2,89.00,8.00,1,0.031043,0,0
758,20,-18.00,72.00,0,0.030950,2,18
759,20,-58.00,153.00,0,0.030857,3,16
760,20,118.00,-67.00,0,0.030765,3,17
761,20,-120.00,80.00,0,0.030672,0,20
762,20,127.00,-145.00,0,0.030580,17,2
763,20,-50.00,80.00,0,0.030489,3,1
764,20,-30.00,80.00,0,0.030397,1,0
765,20,94.00,-66.00,0,0.030306,14,1
766,20,-30.00,80.00,0,0.030215,1,0
767,2,89.00,8.00,1,0.030124,0,0
768,20,-20.00,80.00,0,0.030034,0,20
769,20,-60.00,161.00,0,0.029944,1,18
770,20,126.00,-69.00,0,0.029854,1,19
771,20,-185.00,80.00,0,0.029764,14,5
772,20,106.00,-129.00,0,0.029675,16,5
773,20,-50.00,80.00,0,0.029586,3,1
774,20,-40.00,80.00,0,0.029497,2,1
775,20,68.00,-52.00,0,0.029409,16,1
776,20,-50.00,80.00,0,0.029321,3,0
777,2,89.00,8.00,1,0.029233,0,0
778,20,-20.00,80.00,0,0.029145,0,20
779,20,-60.00,161.00,0,0.029058,1,18
780,20,126.00,-69.00,0,0.028970,1,19
781,20,-120.00,80.00,0,0.028883,0,20
782,20,117.00,-130.00,0,0.028797,16,2
783,20,-40.00,80.00,0,0.028710,2,0
784,20,-30.00,80.00,0,0.028624,1,0
785,20,92.00,-103.00,0,0.028538,13,2
786,20,-30.00,80.00,0,0.028453,1,0
787,2,89.00,8.00,1,0.028367,0,0
788,20,-20.00,72.00,0,0.028282,2,18
789,20,-60.00,161.00,0,0.028198,1,18
790,20,126.00,-74.00,0,0.028113,1,19
791,20,-120.00,80.00,0,0.028029,0,20
792,20,85.00,-117.00,0,0.027944,15,4
793,20,-40.00,80.00,0,0.027861,2,0
794,20,-30.00,80.00,0,0.027777,1,0
795,20,22.00,-8.00,0,0.027694,15,2
796,20,-40.00,80.00,0,0.027611,2,2
797,2,89.00,8.00,1,0.027528,0,0
798,20,-20.00,80.00,0,0.027445,0,20
799,20,-60.00,161.00,0,0.027363,1,18
800,20,126.00,-69.00,0,0.027281,1,19
801,20,-120.00,80.00,0,0.027199,0,20
802,20,156.00,-164.00,0,0.027117,15,3
803,20,-80.00,80.00,0,0.027036,6,0
804,20,-50.00,80.00,0,0.026955,3,0
805,20,-20.00,80.00,0,0.026874,0,20
806,20,-35.00,80.00,0,0.026793,1,1
807,2,89.00,8.00,1,0.026713,0,0
808,20,-30.00,80.00,0,0.026633,1,20
809,20,-60.00,161.00,0,0.026553,1,18
810,20,126.00,-69.00,0,0.026473,1,19
811,20,-120.00,80.00,0,0.026394,0,20
812,20,144.00,-181.00,0,0.026315,17,6
813,20,-40.00,80.00,0,0.026236,2,0
814,20,-50.00,80.00,0,0.026157,3,0
815,20,-20.00,80.00,0,0.026079,0,20
816,20,-40.00,80.00,0,0.026000,2,1
817,2,89.00,8.00,1,0.025922,0,0
818,20,-30.00,80.00,0,0.025845,1,20
819,20,-58.00,153.00,0,0.025767,3,16
820,20,126.00,-69.00,0,0.025690,1,19
821,20,-120.00,80.00,0,0.025613,0,20
822,20,117.00,-118.00,0,0.025536,15,2
823,20,-50.00,80.00,0,0.025459,3,1
824,20,-30.00,80.00,0,0.025383,1,0
825,20,-20.00,80.00,0,0.025307,0,20
826,20,-30.00,80.00,0,0.025231,1,0
827,2,89.00,8.00,1,0.025155,0,0
828,20,-20.00,80.00,0,0.025080,0,20
829,20,-60.00,161.00,0,0.025004,1,18
830,20,126.00,-69.00,0,0.024929,1,19
831,20,-115.00,80.00,0,0.024855,0,20
832,20,166.00,-191.00,0,0.024780,17,3
833,20,-40.00,80.00,0,0.024706,2,0
834,20,-30.00,80.00,0,0.024632,1,0
835,20,-30.00,80.00,0,0.024558,1,20
836,20,-30.00,80.00,0,0.024484,1,0
837,2,89.00,8.00,1,0.024411,0,0
838,20,-20.00,80.00,0,0.024337,0,20
839,20,-60.00,161.00,0,0.024264,1,18
840,20,126.00,-69.00,0,0.024192,1,19
841,20,-120.00,80.00,0,0.024119,0,20
842,20,117.00,-118.00,0,0.024047,15,2
843,20,-40.00,80.00,0,0.023974,2,0
844,20,-30.00,80.00,0,0.023903,1,0
845,20,41.00,16.00,0,0.023831,2,17
846,20,-40.00,80.00,0,0.023759,2,1
847,2,89.00,8.00,1,0.023688,0,0
848,20,-18.00,72.00,0,0.023617,2,18
849,20,-70.00,161.00,0,0.023546,2,18
850,20,126.00,-69.00,0,0.023476,1,19
851,20,-120.00,80.00,0,0.023405,0,20
852,20,151.00,-186.00,0,0.023335,18,4
853,20,-40.00,80.00,0,0.023265,2,0
854,20,-40.00,80.00,0,0.023195,2,1
855,20,-20.00,80.00,0,0.023126,0,20
856,20,-30.00,80.00,0,0.023056,1,0
857,2,89.00,8.00,1,0.022987,0,0
858,20,-20.00,80.00,0,0.022918,0,20
859,20,-60.00,161.00,0,0.022849,1,18
860,20,126.00,-69.00,0,0.022781,1,19
861,20,-120.00,80.00,0,0.022712,1,20
862,20,162.00,-184.00,0,0.022644,17,1
863,20,-40.00,80.00,0,0.022576,2,0
864,20,-30.00,80.00,0,0.022509,1,0
865,20,-18.00,72.00,0,0.022441,2,18
866,20,-40.00,80.00,0,0.022374,2,1
867,2,89.00,8.00,1,0.022307,0,0
868,20,-20.00,80.00,0,0.022240,0,20
869,20,-60.00,161.00,0,0.022173,1,18
870,20,64.00,-26.00,0,0.022106,5,15
871,20,-120.00,80.00,0,0.022040,0,20
872,20,166.00,-193.00,0,0.021974,17,3
873,20,-45.00,80.00,0,0.021908,2,1
874,20,-30.00,80.00,0,0.021842,1,0
875,20,-20.00,80.00,0,0.021777,0,20
876,20,-50.00,80.00,0,0.021711,3,0
877,2,89.00,8.00,1,0.021646,0,0
878,20,-20.00,80.00,0,0.021581,0,20
879,20,-60.00,161.00,0,0.021517,1,18
880,20,118.00,-77.00,0,0.021452,4,17
881,20,-135.00,80.00,0,0.021388,3,17
882,20,158.00,-181.00,0,0.021324,18,2
883,20,-50.00,80.00,0,0.021260,3,1
884,20,-30.00,80.00,0,0.021196,1,0
885,20,-25.00,80.00,0,0.021132,0,20
886,20,-30.00,80.00,0,0.021069,1,0
887,2,89.00,8.00,1,0.021006,0,0
888,20,-20.00,80.00,0,0.020943,0,20
889,20,-60.00,161.00,0,0.020880,1,18
890,20,126.00,-69.00,0,0.020817,1,19
891,20,-120.00,80.00,0,0.020755,0,20
892,20,173.00,-186.00,0,0.020692,17,1
893,20,-50.00,80.00,0,0.020630,3,1
894,20,-50.00,80.00,0,0.020568,3,0
895,20,-20.00,80.00,0,0.020507,0,20
896,20,-30.00,80.00,0,0.020445,1,0
897,2,89.00,8.00,1,0.020384,0,0
898,20,-20.00,80.00,0,0.020323,0,20
899,20,-60.00,161.00,0,0.020262,1,18
900,20,126.00,-69.00,0,0.020201,1,19
901,20,-125.00,80.00,0,0.020140,1,20
902,20,62.00,-109.00,0,0.020080,19,4
903,20,-60.00,80.00,0,0.020020,4,0
904,20,-30.00,80.00,0,0.019960,1,0
905,20,-20.00,80.00,0,0.019900,0,20
906,20,-50.00,80.00,0,0.019840,3,0
907,2,89.00,8.00,1,0.019781,0,0
908,20,-20.00,80.00,0,0.019721,0,20
909,20,-70.00,161.00,0,0.019662,2,18
910,20,126.00,-79.00,0,0.019603,2,19
911,20,-120.00,80.00,0,0.019544,0,20
912,20,162.00,-172.00,0,0.019486,16,1
913,20,-40.00,80.00,0,0.019427,2,1
914,20,-30.00,80.00,0,0.019369,1,0
915,20,-20.00,80.00,0,0.019311,0,20
916,20,-30.00,80.00,0,0.019253,1,0
917,2,89.00,8.00,1,0.019195,0,0
918,20,-30.00,80.00,0,0.019138,0,20
919,20,-60.00,161.00,0,0.019080,1,18
920,20,126.00,-69.00,0,0.019023,1,17
921,20,-120.00,80.00,0,0.018966,0,20
922,20,92.00,-127.00,0,0.018909,18,2
923,20,-40.00,80.00,0,0.018852,2,0
924,20,-60.00,72.00,0,0.018796,4,1
925,20,-18.00,72.00,0,0.018739,2,18
926,20,-30.00,80.00,0,0.018683,1,0
927,2,89.00,8.00,1,0.018627,0,0
928,20,-30.00,80.00,0,0.018571,1,20
929,20,-58.00,153.00,0,0.018515,3,16
930,20,126.00,-69.00,0,0.018460,1,19
931,20,-120.00,80.00,0,0.018404,0,20
932,20,151.00,-176.00,0,0.018349,17,3
933,20,-50.00,80.00,0,0.018294,3,1
934,20,-30.00,80.00,0,0.018239,1,0
935,20,-30.00,80.00,0,0.018185,1,20
936,20,-40.00,80.00,0,0.018130,2,1
937,2,89.00,8.00,1,0.018076,0,0
938,20,-20.00,80.00,0,0.018021,0,20
939,20,-60.00,161.00,0,0.017967,1,18
940,20,126.00,-69.00,0,0.017913,1,19
941,20,-120.00,80.00,0,0.017860,0,20
942,20,145.00,-129.00,0,0.017806,8,13
943,20,-40.00,80.00,0,0.017753,2,0
944,20,-30.00,80.00,0,0.017699,1,0
945,20,-20.00,80.00,0,0.017646,0,20
946,20,-30.00,80.00,0,0.017593,1,0
947,2,89.00,8.00,1,0.017541,0,0
948,20,-20.00,80.00,0,0.017488,0,20
949,20,-60.00,161.00,0,0.017436,1,18
950,20,126.00,-69.00,0,0.017383,1,19
951,20,-130.00,80.00,0,0.017331,2,19
952,20,151.00,-104.00,0,0.017279,2,17
953,20,-50.00,80.00,0,0.017227,3,1
954,20,-30.00,80.00,0,0.017176,1,0
955,20,-30.00,80.00,0,0.017124,1,20
956,20,-30.00,80.00,0,0.017073,1,0
957,2,89.00,8.00,1,0.017021,0,0
958,20,-20.00,80.00,0,0.016970,0,20
959,20,-70.00,161.00,0,0.016920,2,18
960,20,126.00,-69.00,0,0.016869,1,19
961,20,-125.00,80.00,0,0.016818,1,20
962,20,126.00,-69.00,0,0.016768,1,19
963,20,-40.00,80.00,0,0.016717,2,0
964,20,-30.00,80.00,0,0.016667,1,1
965,20,-20.00,80.00,0,0.016617,0,20
966,20,-30.00,80.00,0,0.016567,1,0
967,2,89.00,8.00,1,0.016518,0,0
968,20,-20.00,80.00,0,0.016468,0,20
969,20,-60.00,161.00,0,0.016419,1,18
970,20,126.00,-69.00,0,0.016369,1,19
971,20,-120.00,80.00,0,0.016320,0,20
972,20,126.00,-69.00,0,0.016271,1,19
973,20,-50.00,80.00,0,0.016223,3,1
974,20,-50.00,67.00,0,0.016174,3,0
975,20,-20.00,80.00,0,0.016125,0,20
976,20,-30.00,80.00,0,0.016077,1,0
977,2,89.00,8.00,1,0.016029,0,0
978,20,-20.00,80.00,0,0.015981,0,20
979,20,-60.00,161.00,0,0.015933,1,18
980,20,126.00,-69.00,0,0.015885,1,19
981,20,-120.00,80.00,0,0.015837,0,20
982,20,121.00,-84.00,0,0.015790,3,17
983,20,-50.00,80.00,0,0.015742,3,1
984,20,-35.00,80.00,0,0.015695,1,1
985,20,-20.00,80.00,0,0.015648,0,20
986,20,-30.00,80.00,0,0.015601,1,0
987,2,89.00,8.00,1,0.015554,0,0
988,20,-20.00,80.00,0,0.015508,0,20
989,20,-58.00,153.00,0,0.015461,3,16
990,20,118.00,-67.00,0,0.015415,3,17
991,20,-115.00,80.00,0,0.015369,0,20
992,20,126.00,-69.00,0,0.015322,1,19
993,20,-40.00,80.00,0,0.015276,2,1
994,20,-30.00,80.00,0,0.015231,1,0
995,20,-20.00,80.00,0,0.015185,0,20
996,20,-30.00,80.00,0,0.015139,1,0
997,2,89.00,8.00,1,0.015094,0,0
998,20,-20.00,80.00,0,0.015049,0,20
999,20,-60.00,161.00,0,0.015004,1,18
1000,20,126.00,-69.00,0,0.014959,1,19
1001,20,-120.00,80.00,0,0.014914,0,20
1002,20,126.00,-69.00,0,0.014869,1,19
1003,20,-40.00,80.00,0,0.014824,2,0
1004,20,-30.00,80.00,0,0.014780,1,0
1005,20,-20.00,80.00,0,0.014736,0,20
1006,20,-50.00,80.00,0,0.014691,3,0
1007,2,89.00,8.00,1,0.014647,0,0
1008,20,-20.00,80.00,0,0.014603,0,20
1009,20,-60.00,161.00,0,0.014559,1,18
1010,20,126.00,-69.00,0,0.014516,1,19
1011,20,-120.00,80.00,0,0.014472,0,20
1012,20,126.00,-69.00,0,0.014429,1,19
1013,20,-40.00,80.00,0,0.014386,2,0
1014,20,-30.00,80.00,0,0.014342,1,0
1015,20,-30.00,80.00,0,0.014299,1,20
1016,20,-30.00,80.00,0,0.014256,1,0
1017,2,89.00,8.00,1,0.014214,0,0
1018,20,-30.00,80.00,0,0.014171,1,20
1019,20,-60.00,161.00,0,0.014129,1,18
1020,20,126.00,-69.00,0,0.014086,1,19
1021,20,-120.00,80.00,0,0.014044,0,20
1022,20,126.00,-74.00,0,0.014002,1,19
1023,20,-40.00,80.00,0,0.013960,2,0
1024,20,-40.00,80.00,0,0.013918,2,1
1025,20,-20.00,80.00,0,0.013876,0,20
1026,20,-30.00,80.00,0,0.013834,1,0
1027,2,89.00,8.00,1,0.013793,0,0
1028,20,-20.00,80.00,0,0.013752,0,20
1029,20,-58.00,145.00,0,0.013710,5,14
1030,20,126.00,-69.00,0,0.013669,1,19
1031,20,-120.00,80.00,0,0.013628,0,20
1032,20,126.00,-69.00,0,0.013587,1,19
1033,20,-45.00,80.00,0,0.013547,2,1
1034,20,-30.00,80.00,0,0.013506,1,0
1035,20,-20.00,80.00,0,0.013465,0,20
1036,20,-30.00,80.00,0,0.013425,1,0
1037,2,89.00,8.00,1,0.013385,0,0
1038,20,-20.00,80.00,0,0.013345,0,20
1039,20,-60.00,161.00,0,0.013305,1,18
1040,20,70.00,-65.00,0,0.013265,16,4
1041,20,-140.00,80.00,0,0.013225,5,14
1042,20,126.00,-79.00,0,0.013185,2,19
1043,20,-40.00,80.00,0,0.013146,2,0
1044,20,-30.00,80.00,0,0.013106,1,0
1045,20,-30.00,80.00,0,0.013067,1,20
1046,20,-30.00,80.00,0,0.013028,1,0
1047,2,89.00,8.00,1,0.012989,0,0
1048,20,-20.00,80.00,0,0.012950,0,20
1049,20,-60.00,161.00,0,0.012911,1,18
1050,20,126.00,-69.00,0,0.012872,1,19
1051,20,-120.00,80.00,0,0.012833,0,20
1052,20,126.00,-69.00,0,0.012795,1,19
1053,20,-40.00,80.00,0,0.012757,2,0
1054,20,-30.00,80.00,0,0.012718,1,0
1055,20,-20.00,80.00,0,0.012680,0,20
1056,20,-30.00,80.00,0,0.012642,1,0
1057,2,89.00,8.00,1,0.012604,0,0
1058,20,-20.00,80.00,0,0.012566,0,20
1059,20,-60.00,161.00,0,0.012529,1,18
1060,20,126.00,-69.00,0,0.012491,1,19
1061,20,-120.00,80.00,0,0.012454,0,20
1062,20,118.00,-67.00,0,0.012416,3,17
1063,20,-60.00,80.00,0,0.012379,4,0
1064,20,-30.00,80.00,0,0.012342,1,0
1065,20,-20.00,80.00,0,0.012305,0,20
1066,20,-30.00,80.00,0,0.012268,1,0
1067,2,89.00,8.00,1,0.012231,0,0
1068,20,-20.00,80.00,0,0.012194,0,20
1069,20,-60.00,161.00,0,0.012158,1,18
1070,20,126.00,-69.00,0,0.012121,1,19
1071,20,-120.00,80.00,0,0.012085,0,20
1072,20,126.00,-69.00,0,0.012049,1,19
1073,20,-60.00,80.00,0,0.012013,4,0
1074,20,-35.00,80.00,0,0.011977,1,1
1075,20,-20.00,80.00,0,0.011941,0,20
1076,20,-30.00,80.00,0,0.011905,1,0
1077,2,89.00,8.00,1,0.011869,0,0
1078,20,-20.00,80.00,0,0.011833,0,20
1079,20,-60.00,161.00,0,0.011798,1,18
1080,20,126.00,-69.00,0,0.011763,1,19
1081,20,-120.00,80.00,0,0.011727,0,20
1082,20,126.00,-69.00,0,0.011692,1,19
1083,20,-60.00,80.00,0,0.011657,4,0
1084,20,-30.00,80.00,0,0.011622,1,0
1085,20,-20.00,80.00,0,0.011587,0,20
1086,20,-50.00,80.00,0,0.011552,3,0
1087,2,89.00,8.00,1,0.011518,0,0
1088,20,-20.00,80.00,0,0.011483,0,20
1089,20,-60.00,161.00,0,0.011449,1,18
1090,20,126.00,-69.00,0,0.011414,1,19
1091,20,-125.00,80.00,0,0.011380,1,20
1092,20,126.00,-69.00,0,0.011346,1,19
1093,20,-40.00,80.00,0,0.011312,2,0
1094,20,-30.00,80.00,0,0.011278,1,0
1095,20,-20.00,80.00,0,0.011244,0,20
1096,20,-50.00,80.00,0,0.011210,3,1
1097,2,89.00,8.00,1,0.011177,0,0
1098,20,-20.00,80.00,0,0.011143,0,20
1099,20,-60.00,161.00,0,0.011110,1,18
1100,20,126.00,-69.00,0,0.011077,1,19
1101,20,-120.00,80.00,0,0.011043,0,20
1102,20,126.00,-69.00,0,0.011010,1,19
1103,20,-50.00,80.00,0,0.010977,3,1
1104,20,-30.00,80.00,0,0.010944,1,0
1105,20,-30.00,80.00,0,0.010911,1,20
1106,20,-30.00,80.00,0,0.010879,1,0
1107,2,89.00,8.00,1,0.010846,0,0
1108,20,-20.00,80.00,0,0.010814,0,20
1109,20,-60.00,161.00,0,0.010781,1,18
1110,20,126.00,-69.00,0,0.010749,1,19
1111,20,-120.00,80.00,0,0.010716,0,20
1112,20,126.00,-69.00,0,0.010684,1,19
1113,20,-40.00,80.00,0,0.010652,2,0
1114,20,-30.00,80.00,0,0.010620,1,0
1115,20,-20.00,80.00,0,0.010588,0,20
1116,20,-30.00,80.00,0,0.010557,1,0
1117,2,89.00,8.00,1,0.010525,0,0
1118,20,-20.00,80.00,0,0.010493,0,20
1119,20,-60.00,153.00,0,0.010462,3,16
1120,20,126.00,-69.00,0,0.010431,1,19
1121,20,-125.00,80.00,0,0.010399,1,20
1122,20,126.00,-69.00,0,0.010368,1,19
1123,20,-40.00,80.00,0,0.010337,2,0
1124,20,-30.00,80.00,0,0.010306,1,0
1125,20,-20.00,80.00,0,0.010275,0,20
1126,20,-30.00,80.00,0,0.010244,1,0
1127,2,89.00,8.00,1,0.010213,0,0
1128,20,-30.00,80.00,0,0.010183,1,20
1129,20,-60.00,161.00,0,0.010152,1,18
1130,20,126.00,-69.00,0,0.010122,1,19
1131,20,-120.00,80.00,0,0.010091,0,20
1132,20,126.00,-69.00,0,0.010061,1,19
1133,20,-50.00,80.00,0,0.010031,3,0
1134,20,-30.00,80.00,0,0.010001,1,0
1135,20,-20.00,80.00,0,0.010000,0,20
1136,20,-30.00,80.00,0,0.010000,1,0
1137,2,89.00,8.00,1,0.010000,0,0
1138,20,-20.00,80.00,0,0.010000,0,20
1139,20,-60.00,161.00,0,0.010000,1,18
1140,20,126.00,-69.00,0,0.010000,1,19
1141,20,-120.00,80.00,0,0.010000,0,20
1142,20,126.00,-69.00,0,0.010000,1,17
1143,20,-40.00,80.00,0,0.010000,2,0
1144,20,-30.00,80.00,0,0.010000,1,0
1145,20,-20.00,80.00,0,0.010000,0,20
1146,20,-30.00,80.00,0,0.010000,1,0
1147,2,89.00,8.00,1,0.010000,0,0
1148,20,-20.00,80.00,0,0.010000,0,20
1149,20,-60.00,161.00,0,0.010000,1,18
1150,20,126.00,-69.00,0,0.010000,1,19
1151,20,-120.00,80.00,0,0.010000,0,20
1152,20,126.00,-79.00,0,0.010000,2,19
1153,20,-40.00,80.00,0,0.010000,2,0
1154,20,-30.00,80.00,0,0.010000,1,0
1155,20,-20.00,80.00,0,0.010000,0,20
1156,20,-30.00,80.00,0,0.010000,1,1
1157,2,89.00,8.00,1,0.010000,0,0
1158,20,-20.00,80.00,0,0.010000,0,20
1159,20,-60.00,161.00,0,0.010000,1,18
1160,20,126.00,-69.00,0,0.010000,1,19
1161,20,-140.00,80.00,0,0.010000,5,14
1162,20,126.00,-69.00,0,0.010000,1,19
1163,20,-40.00,80.00,0,0.010000,2,0
1164,20,-30.00,80.00,0,0.010000,1,1
1165,20,-20.00,80.00,0,0.010000,0,20
1166,20,-30.00,80.00,0,0.010000,1,0
1167,2,89.00,8.00,1,0.010000,0,0
1168,20,-20.00,80.00,0,0.010000,0,20
1169,20,-60.00,161.00,0,0.010000,1,18
1170,20,126.00,-69.00,0,0.010000,1,19
1171,20,-120.00,80.00,0,0.010000,0,20
1172,20,126.00,-69.00,0,0.010000,1,19
1173,20,-40.00,80.00,0,0.010000,2,0
1174,20,-30.00,80.00,0,0.010000,1,0
1175,20,-20.00,80.00,0,0.010000,0,20
1176,20,-30.00,80.00,0,0.010000,1,0
1177,2,89.00,8.00,1,0.010000,0,0
1178,20,-20.00,80.00,0,0.010000,0,20
1179,20,-60.00,161.00,0,0.010000,1,18
1180,20,126.00,-69.00,0,0.010000,1,19
1181,20,-120.00,80.00,0,0.010000,0,20
1182,20,126.00,-69.00,0,0.010000,1,19
1183,20,-40.00,80.00,0,0.010000,2,0
1184,20,-30.00,80.00,0,0.010000,1,0
1185,20,-18.00,72.00,0,0.010000,2,18
1186,20,-30.00,80.00,0,0.010000,1,0
1187,2,89.00,8.00,1,0.010000,0,0
1188,20,-20.00,80.00,0,0.010000,0,20
1189,20,-60.00,161.00,0,0.010000,1,18
1190,20,126.00,-69.00,0,0.010000,1,19
1191,20,-120.00,80.00,0,0.010000,0,20
1192,20,126.00,-69.00,0,0.010000,1,19
1193,20,-40.00,80.00,0,0.010000,2,0
1194,20,-30.00,80.00,0,0.010000,1,0
1195,20,-20.00,80.00,0,0.010000,0,20
1196,20,-50.00,80.00,0,0.010000,3,0
1197,2,89.00,8.00,1,0.010000,0,0
1198,20,-20.00,80.00,0,0.010000,0,20
1199,20,-60.00,161.00,0,0.010000,1,18
1200,20,126.00,-69.00,0,0.010000,1,19
1201,20,-125.00,80.00,0,0.010000,1,19
1202,20,126.00,-69.00,0,0.010000,1,19
1203,20,-40.00,80.00,0,0.010000,2,0
1204,20,-30.00,80.00,0,0.010000,1,0
1205,20,-20.00,80.00,0,0.010000,0,20
1206,20,-30.00,80.00,0,0.010000,1,0
1207,2,89.00,8.00,1,0.010000,0,0
1208,20,-20.00,80.00,0,0.010000,0,20
1209,20,-58.00,153.00,0,0.010000,3,16
1210,20,126.00,-69.00,0,0.010000,1,19
1211,20,-120.00,80.00,0,0.010000,0,20
1212,20,118.00,-67.00,0,0.010000,3,17
1213,20,-50.00,80.00,0,0.010000,3,1
1214,20,-30.00,80.00,0,0.010000,1,0
1215,20,-20.00,80.00,0,0.010000,0,20
1216,20,-30.00,80.00,0,0.010000,1,0
1217,2,89.00,8.00,1,0.010000,0,0
1218,20,-20.00,80.00,0,0.010000,0,20
1219,20,-60.00,161.00,0,0.010000,1,18
1220,20,126.00,-69.00,0,0.010000,1,19
1221,20,-120.00,80.00,0,0.010000,0,20
1222,20,126.00,-69.00,0,0.010000,1,19
1223,20,-40.00,80.00,0,0.010000,2,0
1224,20,-30.00,80.00,0,0.010000,1,0
1225,20,-20.00,80.00,0,0.010000,0,20
1226,20,-30.00,80.00,0,0.010000,1,0
1227,2,89.00,8.00,1,0.010000,0,0
1228,20,-30.00,80.00,0,0.010000,1,20
1229,20,-60.00,153.00,0,0.010000,3,16
1230,20,126.00,-69.00,0,0.010000,1,19
1231,20,-120.00,80.00,0,0.010000,0,20
1232,20,126.00,-69.00,0,0.010000,1,19
1233,20,-40.00,80.00,0,0.010000,2,0
1234,20,-40.00,80.00,0,0.010000,2,1
1235,20,-20.00,80.00,0,0.010000,0,20
1236,20,-30.00,80.00,0,0.010000,1,0
1237,2,89.00,8.00,1,0.010000,0,0
1238,20,-20.00,80.00,0,0.010000,0,20
1239,20,-60.00,161.00,0,0.010000,1,18
1240,20,126.00,-69.00,0,0.010000,1,19
1241,20,-120.00,80.00,0,0.010000,0,20
1242,20,126.00,-69.00,0,0.010000,1,19
1243,20,-60.00,80.00,0,0.010000,4,0
1244,20,-30.00,80.00,0,0.010000,1,1
1245,20,-20.00,80.00,0,0.010000,0,20
1246,20,-50.00,80.00,0,0.010000,3,0
1247,2,89.00,8.00,1,0.010000,0,0
1248,20,-20.00,80.00,0,0.010000,0,20
1249,20,-70.00,161.00,0,0.010000,2,18
1250,20,126.00,-69.00,0,0.010000,1,19
1251,20,-120.00,80.00,0,0.010000,0,20
1252,20,126.00,-69.00,0,0.010000,1,19
1253,20,-40.00,80.00,0,0.010000,2,0
1254,20,-60.00,57.00,0,0.010000,5,1
1255,20,-20.00,80.00,0,0.010000,0,20
1256,20,-30.00,80.00,0,0.010000,1,0
1257,2,89.00,8.00,1,0.010000,0,0
1258,20,-20.00,80.00,0,0.010000,0,20
1259,20,-60.00,161.00,0,0.010000,1,18
1260,20,126.00,-69.00,0,0.010000,1,19
1261,20,-120.00,80.00,0,0.010000,0,20
1262,20,126.00,-69.00,0,0.010000,1,19
1263,20,-50.00,80.00,0,0.010000,3,1
1264,20,-40.00,80.00,0,0.010000,2,1
1265,20,-20.00,80.00,0,0.010000,0,20
1266,20,-30.00,80.00,0,0.010000,1,0
1267,2,89.00,8.00,1,0.010000,0,0
1268,20,-20.00,80.00,0,0.010000,0,20
1269,20,-58.00,153.00,0,0.010000,3,16
1270,20,126.00,-69.00,0,0.010000,1,19
1271,20,-120.00,80.00,0,0.010000,0,20
1272,20,126.00,-89.00,0,0.010000,3,17
1273,20,-40.00,80.00,0,0.010000,2,0
1274,20,-30.00,80.00,0,0.010000,1,0
1275,20,-20.00,80.00,0,0.010000,0,20
1276,20,-30.00,80.00,0,0.010000,1,0
1277,2,89.00,8.00,1,0.010000,0,0
1278,20,-20.00,80.00,0,0.010000,0,20
1279,20,-60.00,161.00,0,0.010000,1,18
1280,20,126.00,-69.00,0,0.010000,1,19
1281,20,-120.00,80.00,0,0.010000,0,20
1282,20,126.00,-69.00,0,0.010000,1,19
1283,20,-40.00,80.00,0,0.010000,2,0
1284,20,-30.00,80.00,0,0.010000,1,0
1285,20,-20.00,80.00,0,0.010000,0,20
1286,20,-45.00,80.00,0,0.010000,2,2
1287,2,89.00,8.00,1,0.010000,0,0
1288,20,-20.00,80.00,0,0.010000,0,20
1289,20,-60.00,161.00,0,0.010000,1,18
1290,20,126.00,-69.00,0,0.010000,1,19
1291,20,-120.00,80.00,0,0.010000,0,20
1292,20,126.00,-69.00,0,0.010000,1,19
1293,20,-50.00,80.00,0,0.010000,3,2
1294,20,-30.00,80.00,0,0.010000,1,0
1295,20,-20.00,80.00,0,0.010000,0,20
1296,20,-30.00,80.00,0,0.010000,1,0
1297,2,89.00,8.00,1,0.010000,0,0
1298,20,-20.00,80.00,0,0.010000,0,20
1299,20,-60.00,161.00,0,0.010000,1,18
1300,20,126.00,-69.00,0,0.010000,1,19
1301,20,-120.00,80.00,0,0.010000,0,20
1302,20,126.00,-69.00,0,0.010000,1,19
1303,20,-45.00,80.00,0,0.010000,2,1
1304,20,-30.00,80.00,0,0.010000,1,0
1305,20,-20.00,80.00,0,0.010000,0,20
1306,20,-30.00,80.00,0,0.010000,1,0
1307,2,89.00,8.00,1,0.010000,0,0
1308,20,-20.00,72.00,0,0.010000,2,18
1309,20,-60.00,161.00,0,0.010000,1,18
1310,20,126.00,-69.00,0,0.010000,1,19
1311,20,-120.00,80.00,0,0.010000,0,20
1312,20,126.00,-69.00,0,0.010000,1,19
1313,20,-40.00,80.00,0,0.010000,2,0
1314,20,-30.00,80.00,0,0.010000,1,1
1315,20,-20.00,80.00,0,0.010000,0,20
1316,20,-30.00,80.00,0,0.010000,1,0
1317,2,89.00,8.00,1,0.010000,0,0
1318,20,-20.00,80.00,0,0.010000,0,20
1319,20,-60.00,161.00,0,0.010000,1,18
1320,20,94.00,-71.00,0,0.010000,10,10
1321,20,-120.00,80.00,0,0.010000,0,20
1322,20,126.00,-69.00,0,0.010000,1,19
1323,20,-40.00,80.00,0,0.010000,2,0
1324,20,-30.00,80.00,0,0.010000,1,0
1325,20,-20.00,80.00,0,0.010000,0,20
1326,20,-30.00,80.00,0,0.010000,1,0
1327,2,89.00,8.00,1,0.010000,0,0
1328,20,-20.00,80.00,0,0.010000,0,20
1329,20,-60.00,161.00,0,0.010000,1,18
1330,20,126.00,-69.00,0,0.010000,1,19
1331,20,-120.00,80.00,0,0.010000,0,20
1332,20,118.00,-67.00,0,0.010000,3,17
1333,20,-40.00,80.00,0,0.010000,2,0
1334,20,-30.00,80.00,0,0.010000,1,0
1335,20,-20.00,80.00,0,0.010000,0,20
1336,20,-30.00,80.00,0,0.010000,1,0
1337,2,89.00,8.00,1,0.010000,0,0
1338,20,-20.00,80.00,0,0.010000,0,20
1339,20,-60.00,161.00,0,0.010000,1,18
1340,20,126.00,-69.00,0,0.010000,1,19
1341,20,-120.00,80.00,0,0.010000,0,20
1342,20,126.00,-69.00,0,0.010000,1,19
1343,20,-60.00,80.00,0,0.010000,4,0
1344,20,-45.00,80.00,0,0.010000,2,2
1345,20,-20.00,80.00,0,0.010000,0,20
1346,20,-30.00,80.00,0,0.010000,1,0
1347,2,89.00,8.00,1,0.010000,0,0
1348,20,-20.00,80.00,0,0.010000,0,20
1349,20,-60.00,161.00,0,0.010000,1,18
1350,20,118.00,-77.00,0,0.010000,4,17
1351,20,-120.00,80.00,0,0.010000,0,20
1352,20,126.00,-69.00,0,0.010000,1,19
1353,20,-40.00,80.00,0,0.010000,2,0
1354,20,-40.00,80.00,0,0.010000,2,1
1355,20,33.00,18.00,0,0.010000,3,17
1356,20,-30.00,80.00,0,0.010000,1,0
1357,2,89.00,8.00,1,0.010000,0,0
1358,20,-20.00,80.00,0,0.010000,0,20
1359,20,-70.00,161.00,0,0.010000,2,18
1360,20,126.00,-69.00,0,0.010000,1,19
1361,20,-120.00,80.00,0,0.010000,0,20
1362,20,72.00,-18.00,0,0.010000,2,18
1363,20,-40.00,80.00,0,0.010000,2,0
1364,20,-30.00,80.00,0,0.010000,1,0
1365,20,-28.00,72.00,0,0.010000,3,18
1366,20,-50.00,80.00,0,0.010000,3,0
1367,2,89.00,8.00,1,0.010000,0,0
1368,20,-25.00,80.00,0,0.010000,0,20
1369,20,-60.00,161.00,0,0.010000,1,18
1370,20,126.00,-69.00,0,0.010000,1,19
1371,20,-120.00,80.00,0,0.010000,0,20
1372,20,126.00,-69.00,0,0.010000,1,19
1373,20,-50.00,80.00,0,0.010000,3,2
1374,20,-30.00,80.00,0,0.010000,1,0
1375,20,-20.00,80.00,0,0.010000,0,20
1376,20,-30.00,80.00,0,0.010000,1,0
1377,2,89.00,8.00,1,0.010000,0,0
1378,20,-20.00,80.00,0,0.010000,0,20
1379,20,-60.00,161.00,0,0.010000,1,18
1380,20,126.00,-74.00,0,0.010000,1,19
1381,20,-120.00,80.00,0,0.010000,0,20
1382,20,126.00,-69.00,0,0.010000,1,19
1383,20,-40.00,80.00,0,0.010000,2,0
1384,20,-30.00,80.00,0,0.010000,1,0
1385,20,-20.00,80.00,0,0.010000,0,20
1386,20,-30.00,80.00,0,0.010000,1,0
1387,2,89.00,8.00,1,0.010000,0,0
1388,20,-20.00,80.00,0,0.010000,0,20
1389,20,-60.00,161.00,0,0.010000,1,18
1390,20,126.00,-69.00,0,0.010000,1,19
1391,20,-120.00,80.00,0,0.010000,0,20
1392,20,126.00,-69.00,0,0.010000,1,19
1393,20,-40.00,80.00,0,0.010000,2,0
1394,20,-30.00,80.00,0,0.010000,1,0
1395,20,-20.00,80.00,0,0.010000,0,20
1396,20,-30.00,80.00,0,0.010000,1,0
1397,2,89.00,8.00,1,0.010000,0,0
1398,20,-20.00,80.00,0,0.010000,0,20
1399,20,-60.00,161.00,0,0.010000,1,18
1400,20,126.00,-69.00,0,0.010000,1,19
1401,20,-120.00,80.00,0,0.010000,0,20
1402,20,126.00,-69.00,0,0.010000,1,19
1403,20,-40.00,80.00,0,0.010000,2,0
1404,20,-30.00,80.00,0,0.010000,1,0
1405,20,-20.00,80.00,0,0.010000,0,20
1406,20,-30.00,80.00,0,0.010000,1,0
1407,2,89.00,8.00,1,0.010000,0,0
1408,20,-20.00,80.00,0,0.010000,0,20
1409,20,-60.00,161.00,0,0.010000,1,18
1410,20,126.00,-69.00,0,0.010000,1,19
1411,20,-120.00,80.00,0,0.010000,0,20
1412,20,126.00,-69.00,0,0.010000,1,19
1413,20,-40.00,80.00,0,0.010000,2,0
1414,20,-30.00,80.00,0,0.010000,1,0
1415,20,-20.00,80.00,0,0.010000,0,20
1416,20,-40.00,80.00,0,0.010000,2,1
1417,2,89.00,8.00,1,0.010000,0,0
1418,20,-20.00,80.00,0,0.010000,0,20
1419,20,-60.00,161.00,0,0.010000,1,18
1420,20,126.00,-69.00,0,0.010000,1,19
1421,20,-120.00,80.00,0,0.010000,0,20
1422,20,126.00,-69.00,0,0.010000,1,19
1423,20,-45.00,80.00,0,0.010000,2,1
1424,20,-30.00,80.00,0,0.010000,1,0
1425,20,-20.00,80.00,0,0.010000,0,20
1426,20,-30.00,80.00,0,0.010000,1,0
1427,2,89.00,8.00,1,0.010000,0,0
1428,20,-20.00,80.00,0,0.010000,0,20
1429,20,-60.00,161.00,0,0.010000,1,18
1430,20,126.00,-69.00,0,0.010000,1,19
1431,20,-120.00,80.00,0,0.010000,0,20
1432,20,126.00,-69.00,0,0.010000,1,19
1433,20,-40.00,80.00,0,0.010000,2,1
1434,20,-40.00,80.00,0,0.010000,2,1
1435,20,-20.00,80.00,0,0.010000,0,20
1436,20,-30.00,80.00,0,0.010000,1,0
1437,2,89.00,8.00,1,0.010000,0,0
1438,20,-20.00,80.00,0,0.010000,0,20
1439,20,-60.00,161.00,0,0.010000,1,18
1440,20,126.00,-69.00,0,0.010000,1,19
1441,20,-120.00,80.00,0,0.010000,0,20
1442,20,126.00,-69.00,0,0.010000,1,18
1443,20,-40.00,80.00,0,0.010000,2,0
1444,20,-45.00,80.00,0,0.010000,2,2
1445,20,-20.00,80.00,0,0.010000,0,20
1446,20,-40.00,80.00,0,0.010000,2,0
1447,2,89.00,8.00,1,0.010000,0,0
1448,20,-20.00,80.00,0,0.010000,0,20
1449,20,-60.00,161.00,0,0.010000,1,18
1450,20,126.00,-69.00,0,0.010000,1,19
1451,20,-120.00,80.00,0,0.010000,0,20
1452,20,126.00,-74.00,0,0.010000,1,17
1453,20,-40.00,80.00,0,0.010000,2,0
1454,20,-30.00,80.00,0,0.010000,1,0
1455,20,-20.00,80.00,0,0.010000,0,20
1456,20,-50.00,80.00,0,0.010000,3,0
1457,2,89.00,8.00,1,0.010000,0,0
1458,20,-20.00,80.00,0,0.010000,0,20
1459,20,-60.00,161.00,0,0.010000,1,18
1460,20,126.00,-69.00,0,0.010000,1,19
1461,20,-120.00,80.00,0,0.010000,0,20
1462,20,126.00,-74.00,0,0.010000,1,19
1463,20,-40.00,80.00,0,0.010000,2,0
1464,20,-30.00,80.00,0,0.010000,1,0
1465,20,-20.00,80.00,0,0.010000,0,20
1466,20,-30.00,80.00,0,0.010000,1,0
1467,2,89.00,8.00,1,0.010000,0,0
1468,20,-20.00,80.00,0,0.010000,0,20
1469,20,-60.00,161.00,0,0.010000,1,18
1470,20,126.00,-69.00,0,0.010000,1,19
1471,20,-120.00,80.00,0,0.010000,0,20
1472,20,126.00,-69.00,0,0.010000,1,19
1473,20,-40.00,80.00,0,0.010000,2,0
1474,20,-30.00,80.00,0,0.010000,1,0
1475,20,-20.00,80.00,0,0.010000,0,20
1476,20,-30.00,80.00,0,0.010000,1,0
1477,2,89.00,8.00,1,0.010000,0,0
1478,20,-20.00,80.00,0,0.010000,0,20
1479,20,-60.00,161.00,0,0.010000,1,18
1480,20,126.00,-69.00,0,0.010000,1,19
1481,20,-125.00,80.00,0,0.010000,1,20
1482,20,126.00,-69.00,0,0.010000,1,19
1483,20,-40.00,80.00,0,0.010000,2,0
1484,20,-50.00,80.00,0,0.010000,3,0
1485,20,-20.00,80.00,0,0.010000,0,20
1486,20,-30.00,80.00,0,0.010000,1,0
1487,2,89.00,8.00,1,0.010000,0,0
1488,20,-20.00,80.00,0,0.010000,0,20
1489,20,-60.00,161.00,0,0.010000,1,18
1490,20,126.00,-69.00,0,0.010000,1,19
1491,20,-120.00,80.00,0,0.010000,0,20
1492,20,126.00,-69.00,0,0.010000,1,19
1493,20,-40.00,80.00,0,0.010000,2,0
1494,20,-30.00,80.00,0,0.010000,1,0
1495,20,-20.00,80.00,0,0.010000,0,20
1496,20,-30.00,80.00,0,0.010000,1,0
1497,2,89.00,8.00,1,0.010000,0,0
1498,20,-20.00,80.00,0,0.010000,0,20
1499,20,-60.00,161.00,0,0.010000,1,18
1500,20,126.00,-74.00,0,0.010000,1,19
1501,20,-120.00,80.00,0,0.010000,0,20
1502,20,126.00,-79.00,0,0.010000,2,19
1503,20,-40.00,80.00,0,0.010000,2,0
1504,20,-30.00,80.00,0,0.010000,1,0
1505,20,-20.00,80.00,0,0.010000,0,20
1506,20,-50.00,80.00,0,0.010000,3,0
1507,2,89.00,8.00,1,0.010000,0,0
1508,20,-20.00,80.00,0,0.010000,0,20
1509,20,-60.00,161.00,0,0.010000,1,18
1510,20,126.00,-69.00,0,0.010000,1,19
1511,20,-120.00,80.00,0,0.010000,0,20
1512,20,126.00,-69.00,0,0.010000,1,19
1513,20,-40.00,80.00,0,0.010000,2,0
1514,20,-30.00,80.00,0,0.010000,1,0
1515,20,-20.00,80.00,0,0.010000,0,20
1516,20,-30.00,80.00,0,0.010000,1,0
1517,2,89.00,8.00,1,0.010000,0,0
1518,20,-18.00,72.00,0,0.010000,2,18
1519,20,-60.00,161.00,0,0.010000,1,18
1520,20,126.00,-69.00,0,0.010000,1,19
1521,20,-120.00,80.00,0,0.010000,0,20
1522,20,126.00,-69.00,0,0.010000,1,19
1523,20,-40.00,80.00,0,0.010000,2,0
1524,20,-30.00,80.00,0,0.010000,1,0
1525,20,51.00,6.00,0,0.010000,3,15
1526,20,-30.00,80.00,0,0.010000,1,0
1527,2,89.00,8.00,1,0.010000,0,0
1528,20,-18.00,72.00,0,0.010000,2,18
1529,20,-60.00,161.00,0,0.010000,1,18
1530,20,118.00,-67.00,0,0.010000,3,17
1531,20,-120.00,80.00,0,0.010000,0,20
1532,20,126.00,-69.00,0,0.010000,1,19
1533,20,-40.00,80.00,0,0.010000,2,0
1534,20,-30.00,80.00,0,0.010000,1,0
1535,20,-25.00,80.00,0,0.010000,0,20
1536,20,-50.00,80.00,0,0.010000,3,0
1537,2,89.00,8.00,1,0.010000,0,0
1538,20,-30.00,80.00,0,0.010000,1,20
1539,20,-60.00,161.00,0,0.010000,1,18
1540,20,126.00,-69.00,0,0.010000,1,19
1541,20,-120.00,80.00,0,0.010000,0,20
1542,20,126.00,-69.00,0,0.010000,1,19
1543,20,-40.00,80.00,0,0.010000,2,0
1544,20,-30.00,80.00,0,0.010000,1,0
1545,20,-20.00,80.00,0,0.010000,0,20
1546,20,-30.00,80.00,0,0.010000,1,0
1547,2,89.00,8.00,1,0.010000,0,0
1548,20,-20.00,80.00,0,0.010000,0,20
1549,20,-60.00,161.00,0,0.010000,1,18
1550,20,126.00,-69.00,0,0.010000,1,19
1551,20,-115.00,80.00,0,0.010000,0,20
1552,20,126.00,-69.00,0,0.010000,1,19
1553,20,-40.00,80.00,0,0.010000,2,0
1554,20,-30.00,80.00,0,0.010000,1,0
1555,20,-20.00,80.00,0,0.010000,0,20
1556,20,-30.00,80.00,0,0.010000,1,0
1557,2,89.00,8.00,1,0.010000,0,0
1558,20,-20.00,80.00,0,0.010000,0,20
1559,20,-60.00,153.00,0,0.010000,3,16
1560,20,126.00,-69.00,0,0.010000,1,19
1561,20,-120.00,80.00,0,0.010000,0,20
1562,20,126.00,-69.00,0,0.010000,1,19
1563,20,-60.00,80.00,0,0.010000,4,0
1564,20,-35.00,80.00,0,0.010000,1,1
1565,20,-20.00,80.00,0,0.010000,0,20
1566,20,-60.00,80.00,0,0.010000,4,3
1567,2,89.00,8.00,1,0.010000,0,0
1568,20,-20.00,80.00,0,0.010000,0,20
1569,20,-65.00,161.00,0,0.010000,1,18
1570,20,126.00,-69.00,0,0.010000,1,19
1571,20,-120.00,80.00,0,0.010000,0,20
1572,20,126.00,-69.00,0,0.010000,1,19
1573,20,-40.00,80.00,0,0.010000,2,0
1574,20,-50.00,72.00,0,0.010000,3,0
1575,20,-20.00,80.00,0,0.010000,0,20
1576,20,-30.00,80.00,0,0.010000,1,0
1577,2,89.00,8.00,1,0.010000,0,0
1578,20,-20.00,80.00,0,0.010000,0,20
1579,20,-60.00,161.00,0,0.010000,1,18
1580,20,126.00,-69.00,0,0.010000,1,19
1581,20,-120.00,80.00,0,0.010000,0,20
1582,20,126.00,-69.00,0,0.010000,1,19
1583,20,-40.00,80.00,0,0.010000,2,0
1584,20,-40.00,26.00,0,0.010000,2,0
1585,20,-20.00,80.00,0,0.010000,0,20
1586,20,-30.00,80.00,0,0.010000,1,0
1587,2,89.00,8.00,1,0.010000,0,0
1588,20,-20.00,80.00,0,0.010000,0,20
1589,20,-60.00,161.00,0,0.010000,1,18
1590,20,126.00,-69.00,0,0.010000,1,19
1591,20,-120.00,80.00,0,0.010000,0,20
1592,20,126.00,-69.00,0,0.010000,1,19
1593,20,-40.00,80.00,0,0.010000,2,0
1594,20,-30.00,80.00,0,0.010000,1,0
1595,20,-20.00,80.00,0,0.010000,0,20
1596,20,-30.00,80.00,0,0.010000,1,0
1597,2,89.00,8.00,1,0.010000,0,0
1598,20,-20.00,80.00,0,0.010000,0,20
1599,20,-60.00,161.00,0,0.010000,1,18
1600,20,126.00,-69.00,0,0.010000,1,19
1601,20,-120.00,80.00,0,0.010000,0,20
1602,20,126.00,-69.00,0,0.010000,1,19
1603,20,-40.00,80.00,0,0.010000,2,0
1604,20,-30.00,80.00,0,0.010000,1,0
1605,20,-20.00,80.00,0,0.010000,0,20
1606,20,-30.00,80.00,0,0.010000,1,0
1607,2,89.00,8.00,1,0.010000,0,0
1608,20,-20.00,80.00,0,0.010000,0,20
1609,20,-60.00,161.00,0,0.010000,1,18
1610,20,126.00,-74.00,0,0.010000,1,19
1611,20,-125.00,80.00,0,0.010000,1,20
1612,20,126.00,-69.00,0,0.010000,1,19
1613,20,-60.00,80.00,0,0.010000,4,0
1614,20,-30.00,80.00,0,0.010000,1,0
1615,20,-18.00,72.00,0,0.010000,2,18
1616,20,-30.00,80.00,0,0.010000,1,0
1617,2,89.00,8.00,1,0.010000,0,0
1618,20,-20.00,80.00,0,0.010000,0,20
1619,20,-60.00,161.00,0,0.010000,1,18
1620,20,126.00,-69.00,0,0.010000,1,19
1621,20,-145.00,80.00,0,0.010000,5,15
1622,20,126.00,-69.00,0,0.010000,1,19
1623,20,-40.00,80.00,0,0.010000,2,0
1624,20,-30.00,80.00,0,0.010000,1,0
1625,20,-20.00,80.00,0,0.010000,0,20
1626,20,-50.00,80.00,0,0.010000,3,0
1627,2,89.00,8.00,1,0.010000,0,0
1628,20,-20.00,80.00,0,0.010000,0,20
1629,20,-60.00,161.00,0,0.010000,1,18
1630,20,126.00,-79.00,0,0.010000,2,18
1631,20,-120.00,80.00,0,0.010000,0,20
1632,20,126.00,-69.00,0,0.010000,1,19
1633,20,-40.00,80.00,0,0.010000,2,0
1634,20,-30.00,80.00,0,0.010000,1,0
1635,20,-20.00,80.00,0,0.010000,0,20
1636,20,-30.00,80.00,0,0.010000,1,0
1637,2,89.00,8.00,1,0.010000,0,0
1638,20,-20.00,80.00,0,0.010000,0,20
1639,20,-70.00,161.00,0,0.010000,2,18
1640,20,126.00,-69.00,0,0.010000,1,19
1641,20,-120.00,80.00,0,0.010000,0,20
1642,20,126.00,-69.00,0,0.010000,1,19
1643,20,-40.00,80.00,0,0.010000,2,0
1644,20,-30.00,80.00,0,0.010000,1,0
1645,20,-20.00,80.00,0,0.010000,0,20
1646,20,-30.00,80.00,0,0.010000,1,0
1647,2,89.00,8.00,1,0.010000,0,0
1648,20,-30.00,80.00,0,0.010000,1,20
1649,20,-70.00,161.00,0,0.010000,2,18
1650,20,126.00,-69.00,0,0.010000,1,19
1651,20,-115.00,80.00,0,0.010000,0,20
1652,20,126.00,-69.00,0,0.010000,1,19
1653,20,-40.00,80.00,0,0.010000,2,0
1654,20,-30.00,80.00,0,0.010000,1,0
1655,20,-20.00,80.00,0,0.010000,0,20
1656,20,-30.00,80.00,0,0.010000,1,0
1657,2,89.00,8.00,1,0.010000,0,0
1658,20,-20.00,80.00,0,0.010000,0,20
1659,20,-60.00,161.00,0,0.010000,1,18
1660,20,126.00,-69.00,0,0.010000,1,19
1661,20,-120.00,80.00,0,0.010000,0,20
1662,20,126.00,-69.00,0,0.010000,1,19
1663,20,-40.00,80.00,0,0.010000,2,0
1664,20,-30.00,80.00,0,0.010000,1,0
1665,20,-20.00,80.00,0,0.010000,0,20
1666,20,-30.00,80.00,0,0.010000,1,0
1667,2,89.00,8.00,1,0.010000,0,0
1668,20,-20.00,80.00,0,0.010000,0,20
1669,20,-60.00,161.00,0,0.010000,1,18
1670,20,126.00,-69.00,0,0.010000,1,19
1671,20,-120.00,80.00,0,0.010000,0,20
1672,20,126.00,-79.00,0,0.010000,2,19
1673,20,-40.00,80.00,0,0.010000,2,0
1674,20,-30.00,80.00,0,0.010000,1,0
1675,20,-30.00,80.00,0,0.010000,1,20
1676,20,-30.00,80.00,0,0.010000,1,0
1677,2,89.00,8.00,1,0.010000,0,0
1678,20,-20.00,80.00,0,0.010000,0,20
1679,20,-60.00,161.00,0,0.010000,1,18
1680,20,126.00,-69.00,0,0.010000,1,19
1681,20,-120.00,80.00,0,0.010000,0,20
1682,20,126.00,-79.00,0,0.010000,2,19
1683,20,-40.00,80.00,0,0.010000,2,0
1684,20,-35.00,80.00,0,0.010000,1,1
1685,20,-20.00,80.00,0,0.010000,0,20
1686,20,-30.00,80.00,0,0.010000,1,0
1687,2,89.00,8.00,1,0.010000,0,0
1688,20,-20.00,80.00,0,0.010000,0,20
1689,20,-60.00,161.00,0,0.010000,1,18
1690,20,126.00,-69.00,0,0.010000,1,17
1691,20,-120.00,80.00,0,0.010000,0,20
1692,20,126.00,-69.00,0,0.010000,1,19
1693,20,-40.00,80.00,0,0.010000,2,0
1694,20,-35.00,80.00,0,0.010000,1,1
1695,20,-20.00,80.00,0,0.010000,0,20
1696,20,-40.00,80.00,0,0.010000,2,1
1697,2,89.00,8.00,1,0.010000,0,0
1698,20,-20.00,80.00,0,0.010000,0,20
1699,20,-60.00,161.00,0,0.010000,1,18
1700,20,126.00,-69.00,0,0.010000,1,19
1701,20,-120.00,80.00,0,0.010000,0,20
1702,20,126.00,-69.00,0,0.010000,1,19
1703,20,-40.00,80.00,0,0.010000,2,0
1704,20,-30.00,80.00,0,0.010000,1,0
1705,20,-20.00,80.00,0,0.010000,0,20
1706,20,-30.00,80.00,0,0.010000,1,0
1707,2,89.00,8.00,1,0.010000,0,0
1708,20,-20.00,80.00,0,0.010000,0,20
1709,20,-60.00,161.00,0,0.010000,1,18
1710,20,126.00,-69.00,0,0.010000,1,19
1711,20,-125.00,80.00,0,0.010000,1,19
1712,20,126.00,-69.00,0,0.010000,1,19
1713,20,-40.00,80.00,0,0.010000,2,0
1714,20,-30.00,80.00,0,0.010000,1,0
1715,20,-20.00,80.00,0,0.010000,0,20
1716,20,-30.00,80.00,0,0.010000,1,0
1717,2,89.00,8.00,1,0.010000,0,0
1718,20,-20.00,80.00,0,0.010000,0,20
1719,20,-60.00,161.00,0,0.010000,1,18
1720,20,126.00,-69.00,0,0.010000,1,19
1721,20,-120.00,80.00,0,0.010000,0,20
1722,20,126.00,-69.00,0,0.010000,1,19
1723,20,-40.00,80.00,0,0.010000,2,0
1724,20,-30.00,80.00,0,0.010000,1,0
1725,20,-20.00,80.00,0,0.010000,0,20
1726,20,-30.00,80.00,0,0.010000,1,0
1727,2,89.00,8.00,1,0.010000,0,0
1728,20,-20.00,80.00,0,0.010000,0,20
1729,20,-60.00,161.00,0,0.010000,1,18
1730,20,126.00,-69.00,0,0.010000,1,19
1731,20,-120.00,80.00,0,0.010000,0,20
1732,20,126.00,-69.00,0,0.010000,1,19
1733,20,-40.00,80.00,0,0.010000,2,0
1734,20,-30.00,80.00,0,0.010000,1,0
1735,20,-20.00,80.00,0,0.010000,0,20
1736,20,-30.00,80.00,0,0.010000,1,0
1737,2,89.00,8.00,1,0.010000,0,0
1738,20,-20.00,80.00,0,0.010000,0,20
1739,20,-60.00,161.00,0,0.010000,1,18
1740,20,126.00,-69.00,0,0.010000,1,19
1741,20,-120.00,80.00,0,0.010000,0,20
1742,20,126.00,-79.00,0,0.010000,2,17
1743,20,-40.00,80.00,0,0.010000,2,0
1744,20,-30.00,80.00,0,0.010000,1,0
1745,20,-20.00,80.00,0,0.010000,0,20
1746,20,-35.00,80.00,0,0.010000,1,1
1747,2,89.00,8.00,1,0.010000,0,0
1748,20,-20.00,80.00,0,0.010000,0,20
1749,20,-58.00,153.00,0,0.010000,3,16
1750,20,126.00,-69.00,0,0.010000,1,19
1751,20,-120.00,80.00,0,0.010000,0,20
1752,20,126.00,-79.00,0,0.010000,2,19
1753,20,-45.00,80.00,0,0.010000,2,1
1754,20,-30.00,80.00,0,0.010000,1,0
1755,20,-18.00,72.00,0,0.010000,2,18
1756,20,-30.00,80.00,0,0.010000,1,0
1757,2,89.00,8.00,1,0.010000,0,0
1758,20,-20.00,80.00,0,0.010000,0,20
1759,20,-58.00,153.00,0,0.010000,3,16
1760,20,126.00,-69.00,0,0.010000,1,19
1761,20,-120.00,80.00,0,0.010000,0,20
1762,20,126.00,-69.00,0,0.010000,1,19
1763,20,-40.00,80.00,0,0.010000,2,0
1764,20,-30.00,80.00,0,0.010000,1,0
1765,20,-20.00,80.00,0,0.010000,0,20
1766,20,-40.00,80.00,0,0.010000,2,1
1767,2,89.00,8.00,1,0.010000,0,0
1768,20,-18.00,72.00,0,0.010000,2,18
1769,20,-60.00,161.00,0,0.010000,1,18
1770,20,126.00,-69.00,0,0.010000,1,19
1771,20,-120.00,80.00,0,0.010000,0,20
1772,20,126.00,-69.00,0,0.010000,1,19
1773,20,-40.00,80.00,0,0.010000,2,0
1774,20,-30.00,80.00,0,0.010000,1,0
1775,20,-20.00,80.00,0,0.010000,0,20
1776,20,-30.00,80.00,0,0.010000,1,0
1777,2,89.00,8.00,1,0.010000,0,0
1778,20,-20.00,80.00,0,0.010000,0,20
1779,20,-60.00,161.00,0,0.010000,1,18
1780,20,126.00,-69.00,0,0.010000,1,19
1781,20,-120.00,80.00,0,0.010000,0,20
1782,20,126.00,-69.00,0,0.010000,1,19
1783,20,-40.00,80.00,0,0.010000,2,0
1784,20,-30.00,80.00,0,0.010000,1,0
1785,20,-20.00,80.00,0,0.010000,0,20
1786,20,-50.00,80.00,0,0.010000,3,0
1787,2,89.00,8.00,1,0.010000,0,0
1788,20,-20.00,80.00,0,0.010000,0,20
1789,20,-70.00,161.00,0,0.010000,2,18
1790,20,126.00,-69.00,0,0.010000,1,19
1791,20,-120.00,80.00,0,0.010000,0,20
1792,20,126.00,-69.00,0,0.010000,1,19
1793,20,-40.00,80.00,0,0.010000,2,0
1794,20,-30.00,80.00,0,0.010000,1,0
1795,20,-30.00,80.00,0,0.010000,1,20
1796,20,-30.00,80.00,0,0.010000,1,0
1797,2,89.00,8.00,1,0.010000,0,0
1798,20,-20.00,80.00,0,0.010000,0,20
1799,20,-60.00,161.00,0,0.010000,1,18
1800,20,126.00,-69.00,0,0.010000,1,19
1801,20,-120.00,80.00,0,0.010000,0,20
1802,20,126.00,-69.00,0,0.010000,1,19
1803,20,-40.00,80.00,0,0.010000,2,0
1804,20,-30.00,80.00,0,0.010000,1,0
1805,20,-20.00,80.00,0,0.010000,0,20
1806,20,-30.00,80.00,0,0.010000,1,0
1807,2,89.00,8.00,1,0.010000,0,0
1808,20,-20.00,80.00,0,0.010000,0,20
1809,20,-60.00,161.00,0,0.010000,1,18
1810,20,126.00,-69.00,0,0.010000,1,19
1811,20,-120.00,80.00,0,0.010000,0,20
1812,20,126.00,-69.00,0,0.010000,1,19
1813,20,-40.00,80.00,0,0.010000,2,0
1814,20,-30.00,80.00,0,0.010000,1,0
1815,20,-20.00,80.00,0,0.010000,0,20
1816,20,-30.00,80.00,0,0.010000,1,0
1817,2,89.00,8.00,1,0.010000,0,0
1818,20,-20.00,80.00,0,0.010000,0,20
1819,20,-60.00,161.00,0,0.010000,1,18
1820,20,126.00,-69.00,0,0.010000,1,19
1821,20,-130.00,80.00,0,0.010000,2,18
1822,20,126.00,-69.00,0,0.010000,1,19
1823,20,-40.00,80.00,0,0.010000,2,0
1824,20,-50.00,72.00,0,0.010000,3,0
1825,20,-20.00,80.00,0,0.010000,0,20
1826,20,-35.00,80.00,0,0.010000,1,1
1827,2,89.00,8.00,1,0.010000,0,0
1828,20,-20.00,80.00,0,0.010000,0,20
1829,20,-60.00,161.00,0,0.010000,1,18
1830,20,126.00,-69.00,0,0.010000,1,19
1831,20,-125.00,80.00,0,0.010000,1,20
1832,20,126.00,-69.00,0,0.010000,1,19
1833,20,-40.00,80.00,0,0.010000,2,0
1834,20,-30.00,80.00,0,0.010000,1,0
1835,20,-20.00,80.00,0,0.010000,0,20
1836,20,-30.00,80.00,0,0.010000,1,0
1837,2,89.00,8.00,1,0.010000,0,0
1838,20,-20.00,80.00,0,0.010000,0,20
1839,20,-60.00,161.00,0,0.010000,1,18
1840,20,126.00,-69.00,0,0.010000,1,19
1841,20,-110.00,80.00,0,0.010000,0,18
1842,20,126.00,-69.00,0,0.010000,1,19
1843,20,-40.00,80.00,0,0.010000,2,0
1844,20,-30.00,80.00,0,0.010000,1,0
1845,20,-35.00,80.00,0,0.010000,1,20
1846,20,-30.00,80.00,0,0.010000,1,0
1847,2,89.00,8.00,1,0.010000,0,0
1848,20,-20.00,80.00,0,0.010000,0,20
1849,20,-60.00,161.00,0,0.010000,1,18
1850,20,126.00,-69.00,0,0.010000,1,19
1851,20,-120.00,80.00,0,0.010000,0,20
1852,20,126.00,-69.00,0,0.010000,1,19
1853,20,-40.00,80.00,0,0.010000,2,0
1854,20,-30.00,80.00,0,0.010000,1,0
1855,20,-20.00,80.00,0,0.010000,0,20
1856,20,-30.00,80.00,0,0.010000,1,0
1857,2,89.00,8.00,1,0.010000,0,0
1858,20,-20.00,80.00,0,0.010000,0,20
1859,20,-60.00,161.00,0,0.010000,1,18
1860,20,126.00,-69.00,0,0.010000,1,19
1861,20,-120.00,80.00,0,0.010000,0,20
1862,20,126.00,-69.00,0,0.010000,1,19
1863,20,-50.00,80.00,0,0.010000,3,0
1864,20,-30.00,80.00,0,0.010000,1,0
1865,20,-20.00,80.00,0,0.010000,0,20
1866,20,-40.00,80.00,0,0.010000,2,1
1867,2,89.00,8.00,1,0.010000,0,0
1868,20,-20.00,80.00,0,0.010000,0,20
1869,20,-60.00,161.00,0,0.010000,1,18
1870,20,126.00,-69.00,0,0.010000,1,19
1871,20,-120.00,80.00,0,0.010000,0,20
1872,20,126.00,-69.00,0,0.010000,1,19
1873,20,-45.00,80.00,0,0.010000,2,1
1874,20,-30.00,80.00,0,0.010000,1,0
1875,20,-20.00,80.00,0,0.010000,0,20
1876,20,-30.00,80.00,0,0.010000,1,0
1877,2,89.00,8.00,1,0.010000,0,0
1878,20,-20.00,80.00,0,0.010000,0,20
1879,20,-60.00,161.00,0,0.010000,1,18
1880,20,126.00,-69.00,0,0.010000,1,19
1881,20,-120.00,80.00,0,0.010000,0,20
1882,20,126.00,-69.00,0,0.010000,1,19
1883,20,-40.00,80.00,0,0.010000,2,0
1884,20,-30.00,80.00,0,0.010000,1,0
1885,20,-20.00,80.00,0,0.010000,0,20
1886,20,-30.00,80.00,0,0.010000,1,0
1887,2,89.00,8.00,1,0.010000,0,0
1888,20,-20.00,80.00,0,0.010000,0,20
1889,20,-68.00,153.00,0,0.010000,4,16
1890,20,126.00,-69.00,0,0.010000,1,19
1891,20,-120.00,80.00,0,0.010000,0,20
1892,20,126.00,-69.00,0,0.010000,1,19
1893,20,-40.00,80.00,0,0.010000,2,0
1894,20,-30.00,80.00,0,0.010000,1,0
1895,20,-20.00,80.00,0,0.010000,0,20
1896,20,-30.00,80.00,0,0.010000,1,0
1897,2,89.00,8.00,1,0.010000,0,0
1898,20,-20.00,80.00,0,0.010000,0,20
1899,20,-60.00,161.00,0,0.010000,1,18
1900,20,126.00,-69.00,0,0.010000,1,19
1901,20,-120.00,80.00,0,0.010000,0,20
1902,20,126.00,-69.00,0,0.010000,1,19
1903,20,-60.00,80.00,0,0.010000,4,0
1904,20,-30.00,80.00,0,0.010000,1,0
1905,20,-20.00,80.00,0,0.010000,0,20
1906,20,-30.00,80.00,0,0.010000,1,0
1907,2,89.00,8.00,1,0.010000,0,0
1908,20,-20.00,80.00,0,0.010000,0,20
1909,20,-60.00,161.00,0,0.010000,1,18
1910,20,126.00,-69.00,0,0.010000,1,19
1911,20,-120.00,80.00,0,0.010000,0,20
1912,20,126.00,-69.00,0,0.010000,1,19
1913,20,-45.00,80.00,0,0.010000,2,1
1914,20,-30.00,80.00,0,0.010000,1,0
1915,20,-20.00,80.00,0,0.010000,0,20
1916,20,-30.00,80.00,0,0.010000,1,0
1917,2,89.00,8.00,1,0.010000,0,0
1918,20,-20.00,80.00,0,0.010000,0,20
1919,20,-60.00,161.00,0,0.010000,1,18
1920,20,126.00,-69.00,0,0.010000,1,19
1921,20,-125.00,80.00,0,0.010000,3,15
1922,20,126.00,-69.00,0,0.010000,1,19
1923,20,-40.00,80.00,0,0.010000,2,0
1924,20,-30.00,80.00,0,0.010000,1,0
1925,20,-20.00,80.00,0,0.010000,0,20
1926,20,-30.00,80.00,0,0.010000,1,0
1927,2,89.00,8.00,1,0.010000,0,0
1928,20,-20.00,80.00,0,0.010000,0,20
1929,20,-60.00,161.00,0,0.010000,1,18
1930,20,126.00,-69.00,0,0.010000,1,19
1931,20,-120.00,80.00,0,0.010000,0,20
1932,20,111.00,-74.00,0,0.010000,3,19
1933,20,-40.00,80.00,0,0.010000,2,0
1934,20,-30.00,80.00,0,0.010000,1,0
1935,20,-18.00,72.00,0,0.010000,2,18
1936,20,-30.00,80.00,0,0.010000,1,0
1937,2,89.00,8.00,1,0.010000,0,0
1938,20,-20.00,80.00,0,0.010000,0,20
1939,20,-60.00,161.00,0,0.010000,1,18
1940,20,126.00,-69.00,0,0.010000,1,19
1941,20,-120.00,80.00,0,0.010000,0,20
1942,20,126.00,-69.00,0,0.010000,1,19
1943,20,-40.00,80.00,0,0.010000,2,0
1944,20,-30.00,80.00,0,0.010000,1,0
1945,20,-20.00,80.00,0,0.010000,0,20
1946,20,-30.00,80.00,0,0.010000,1,0
1947,2,89.00,8.00,1,0.010000,0,0
1948,20,-20.00,80.00,0,0.010000,0,20
1949,20,-58.00,153.00,0,0.010000,3,16
1950,20,126.00,-69.00,0,0.010000,1,19
1951,20,-120.00,80.00,0,0.010000,0,20
1952,20,126.00,-89.00,0,0.010000,3,17
1953,20,-40.00,80.00,0,0.010000,2,0
1954,20,-30.00,80.00,0,0.010000,1,0
1955,20,-30.00,80.00,0,0.010000,1,20
1956,20,-30.00,80.00,0,0.010000,1,0
1957,2,89.00,8.00,1,0.010000,0,0
1958,20,-20.00,80.00,0,0.010000,0,20
1959,20,-60.00,161.00,0,0.010000,1,18
1960,20,126.00,-69.00,0,0.010000,1,19
1961,20,-120.00,80.00,0,0.010000,0,20
1962,20,126.00,-69.00,0,0.010000,1,19
1963,20,-40.00,80.00,0,0.010000,2,0
1964,20,-30.00,80.00,0,0.010000,1,0
1965,20,-18.00,72.00,0,0.010000,2,18
1966,20,-30.00,80.00,0,0.010000,1,0
1967,2,89.00,8.00,1,0.010000,0,0
1968,20,-20.00,80.00,0,0.010000,0,20
1969,20,-60.00,161.00,0,0.010000,1,18
1970,20,126.00,-69.00,0,0.010000,1,19
1971,20,-120.00,80.00,0,0.010000,0,20
1972,20,126.00,-69.00,0,0.010000,1,19
1973,20,-40.00,80.00,0,0.010000,2,0
1974,20,-30.00,80.00,0,0.010000,1,0
1975,20,-20.00,80.00,0,0.010000,0,20
1976,20,-30.00,80.00,0,0.010000,1,0
1977,2,89.00,8.00,1,0.010000,0,0
1978,20,-20.00,80.00,0,0.010000,0,20
1979,20,-60.00,161.00,0,0.010000,1,18
1980,20,126.00,-69.00,0,0.010000,1,19
1981,20,-120.00,80.00,0,0.010000,0,20
1982,20,118.00,-67.00,0,0.010000,3,17
1983,20,-45.00,80.00,0,0.010000,2,1
1984,20,-30.00,80.00,0,0.010000,1,0
1985,20,-20.00,80.00,0,0.010000,0,20
1986,20,-30.00,80.00,0,0.010000,1,0
1987,2,89.00,8.00,1,0.010000,0,0
1988,20,-20.00,80.00,0,0.010000,0,20
1989,20,-58.00,153.00,0,0.010000,3,16
1990,20,126.00,-69.00,0,0.010000,1,19
1991,20,-120.00,80.00,0,0.010000,0,20
1992,20,126.00,-79.00,0,0.010000,2,19
1993,20,-40.00,80.00,0,0.010000,2,0
1994,20,-30.00,80.00,0,0.010000,1,0
1995,20,-20.00,80.00,0,0.010000,0,20
1996,20,-30.00,80.00,0,0.010000,1,0
1997,2,89.00,8.00,1,0.010000,0,0
1998,20,-20.00,80.00,0,0.010000,0,20
1999,20,-60.00,153.00,0,0.010000,3,16
2000,20,126.00,-69.00,0,0.010000,1,19
2001,20,-140.00,80.00,0,0.010000,4,16
2002,20,126.00,-69.00,0,0.010000,1,19
2003,20,-60.00,80.00,0,0.010000,4,0
2004,20,-30.00,80.00,0,0.010000,1,0
2005,20,-20.00,80.00,0,0.010000,0,20
2006,20,-30.00,80.00,0,0.010000,1,0
2007,2,89.00,8.00,1,0.010000,0,0
2008,20,-20.00,80.00,0,0.010000,0,20
2009,20,-60.00,161.00,0,0.010000,1,18
2010,20,126.00,-69.00,0,0.010000,1,19
2011,20,-120.00,80.00,0,0.010000,0,20
2012,20,126.00,-69.00,0,0.010000,1,19
2013,20,-40.00,80.00,0,0.010000,2,0
2014,20,-30.00,80.00,0,0.010000,1,0
2015,20,-20.00,80.00,0,0.010000,0,20
2016,20,-30.00,80.00,0,0.010000,1,0
2017,2,89.00,8.00,1,0.010000,0,0
2018,20,-20.00,80.00,0,0.010000,0,20
2019,20,-60.00,161.00,0,0.010000,1,18
2020,20,126.00,-69.00,0,0.010000,1,19
2021,20,-120.00,80.00,0,0.010000,0,20
2022,20,126.00,-69.00,0,0.010000,1,19
2023,20,-40.00,80.00,0,0.010000,2,0
2024,20,-30.00,80.00,0,0.010000,1,0
2025,20,-20.00,80.00,0,0.010000,0,20
2026,20,-30.00,80.00,0,0.010000,1,0
2027,2,89.00,8.00,1,0.010000,0,0
2028,20,-20.00,80.00,0,0.010000,0,20
2029,20,-60.00,161.00,0,0.010000,1,18
2030,20,126.00,-69.00,0,0.010000,1,19
2031,20,-120.00,80.00,0,0.010000,1,20
2032,20,126.00,-79.00,0,0.010000,2,19
2033,20,-40.00,80.00,0,0.010000,2,0
2034,20,-30.00,80.00,0,0.010000,1,0
2035,20,-20.00,80.00,0,0.010000,0,20
2036,20,-30.00,80.00,0,0.010000,1,0
2037,2,89.00,8.00,1,0.010000,0,0
2038,20,-20.00,80.00,0,0.010000,0,20
2039,20,-60.00,161.00,0,0.010000,1,18
2040,20,126.00,-69.00,0,0.010000,1,19
2041,20,-120.00,80.00,0,0.010000,0,20
2042,20,126.00,-69.00,0,0.010000,1,19
2043,20,-40.00,80.00,0,0.010000,2,0
2044,20,-30.00,80.00,0,0.010000,1,0
2045,20,-20.00,80.00,0,0.010000,0,20
2046,20,-30.00,80.00,0,0.010000,1,0
2047,2,89.00,8.00,1,0.010000,0,0
2048,20,-30.00,80.00,0,0.010000,1,20
2049,20,-60.00,161.00,0,0.010000,1,18
2050,20,126.00,-69.00,0,0.010000,1,19
2051,20,-120.00,80.00,0,0.010000,0,20
2052,20,126.00,-69.00,0,0.010000,1,19
2053,20,-40.00,80.00,0,0.010000,2,0
2054,20,-30.00,80.00,0,0.010000,1,0
2055,20,-20.00,80.00,0,0.010000,0,20
2056,20,-30.00,80.00,0,0.010000,1,0
2057,2,89.00,8.00,1,0.010000,0,0
2058,20,-20.00,80.00,0,0.010000,0,20
2059,20,-60.00,161.00,0,0.010000,1,18
2060,20,126.00,-69.00,0,0.010000,1,19
2061,20,-120.00,80.00,0,0.010000,0,20
2062,20,126.00,-69.00,0,0.010000,1,19
2063,20,-40.00,80.00,0,0.010000,2,0
2064,20,-30.00,80.00,0,0.010000,1,0
2065,20,-20.00,80.00,0,0.010000,0,20
2066,20,-35.00,80.00,0,0.010000,1,1
2067,2,89.00,8.00,1,0.010000,0,0
2068,20,-20.00,80.00,0,0.010000,0,20
2069,20,-60.00,161.00,0,0.010000,1,18
2070,20,126.00,-69.00,0,0.010000,1,19
2071,20,-115.00,80.00,0,0.010000,0,20
2072,20,126.00,-69.00,0,0.010000,1,19
2073,20,-40.00,80.00,0,0.010000,2,0
2074,20,-30.00,80.00,0,0.010000,1,0
2075,20,-20.00,80.00,0,0.010000,0,20
2076,20,-30.00,80.00,0,0.010000,1,0
2077,2,89.00,8.00,1,0.010000,0,0
2078,20,-18.00,72.00,0,0.010000,2,18
2079,20,-60.00,161.00,0,0.010000,1,18
2080,20,126.00,-69.00,0,0.010000,1,19
2081,20,-125.00,80.00,0,0.010000,1,19
2082,20,126.00,-69.00,0,0.010000,1,19
2083,20,-60.00,80.00,0,0.010000,4,0
2084,20,-30.00,80.00,0,0.010000,1,1
2085,20,-18.00,72.00,0,0.010000,2,18
2086,20,-30.00,80.00,0,0.010000,1,0
2087,2,89.00,8.00,1,0.010000,0,0
2088,20,-20.00,80.00,0,0.010000,0,20
2089,20,-60.00,161.00,0,0.010000,1,18
2090,20,118.00,-67.00,0,0.010000,3,17
2091,20,-120.00,80.00,0,0.010000,0,20
2092,20,126.00,-69.00,0,0.010000,1,19
2093,20,-40.00,80.00,0,0.010000,2,0
2094,20,-30.00,80.00,0,0.010000,1,0
2095,20,-20.00,80.00,0,0.010000,0,20
2096,20,-30.00,80.00,0,0.010000,1,0
2097,2,89.00,8.00,1,0.010000,0,0
2098,20,-20.00,80.00,0,0.010000,0,20
2099,20,-60.00,161.00,0,0.010000,1,18
2100,20,126.00,-69.00,0,0.010000,1,19
2101,20,-120.00,80.00,0,0.010000,0,20
2102,20,126.00,-69.00,0,0.010000,1,19
2103,20,-40.00,80.00,0,0.010000,2,0
2104,20,-30.00,80.00,0,0.010000,1,0
2105,20,-20.00,80.00,0,0.010000,0,20
2106,20,-30.00,80.00,0,0.010000,1,0
2107,2,89.00,8.00,1,0.010000,0,0
2108,20,-20.00,80.00,0,0.010000,0,20
2109,20,-60.00,161.00,0,0.010000,1,18
2110,20,126.00,-69.00,0,0.010000,1,19
2111,20,-120.00,80.00,0,0.010000,2,16
2112,20,126.00,-69.00,0,0.010000,1,19
2113,20,-40.00,80.00,0,0.010000,2,0
2114,20,-30.00,80.00,0,0.010000,1,0
2115,20,-20.00,80.00,0,0.010000,0,20
2116,20,-30.00,80.00,0,0.010000,1,0
2117,2,89.00,8.00,1,0.010000,0,0
2118,20,-20.00,80.00,0,0.010000,0,20
2119,20,-60.00,161.00,0,0.010000,1,18
2120,20,126.00,-69.00,0,0.010000,1,19
2121,20,-120.00,80.00,0,0.010000,0,20
2122,20,126.00,-69.00,0,0.010000,1,19
2123,20,-40.00,80.00,0,0.010000,2,0
2124,20,-30.00,80.00,0,0.010000,1,0
2125,20,-20.00,80.00,0,0.010000,0,20
2126,20,-30.00,80.00,0,0.010000,1,0
2127,2,89.00,8.00,1,0.010000,0,0
2128,20,-20.00,80.00,0,0.010000,0,20
2129,20,-60.00,161.00,0,0.010000,1,18
2130,20,126.00,-69.00,0,0.010000,1,19
2131,20,-120.00,80.00,0,0.010000,0,20
2132,20,126.00,-69.00,0,0.010000,1,19
2133,20,-60.00,80.00,0,0.010000,4,0
2134,20,-30.00,80.00,0,0.010000,1,0
2135,20,-20.00,80.00,0,0.010000,0,20
2136,20,-30.00,80.00,0,0.010000,1,0
2137,2,89.00,8.00,1,0.010000,0,0
2138,20,-20.00,80.00,0,0.010000,0,20
2139,20,-60.00,161.00,0,0.010000,1,18
2140,20,126.00,-69.00,0,0.010000,1,19
2141,20,-120.00,80.00,0,0.010000,0,20
2142,20,126.00,-69.00,0,0.010000,1,19
2143,20,-40.00,80.00,0,0.010000,2,0
2144,20,-35.00,80.00,0,0.010000,1,1
2145,20,-20.00,80.00,0,0.010000,0,20
2146,20,-30.00,80.00,0,0.010000,1,0
2147,2,89.00,8.00,1,0.010000,0,0
2148,20,-20.00,80.00,0,0.010000,0,20
2149,20,-60.00,161.00,0,0.010000,1,18
2150,20,126.00,-69.00,0,0.010000,1,19
2151,20,-130.00,80.00,0,0.010000,2,18
2152,20,126.00,-69.00,0,0.010000,1,19
2153,20,-45.00,80.00,0,0.010000,2,1
2154,20,-60.00,26.00,0,0.010000,4,0
2155,20,-20.00,80.00,0,0.010000,0,20
2156,20,-30.00,80.00,0,0.010000,1,0
2157,2,89.00,8.00,1,0.010000,0,0
2158,20,-20.00,80.00,0,0.010000,0,20
2159,20,-60.00,161.00,0,0.010000,1,18
2160,20,126.00,-69.00,0,0.010000,1,19
2161,20,-120.00,80.00,0,0.010000,0,20
2162,20,126.00,-69.00,0,0.010000,1,19
2163,20,-40.00,80.00,0,0.010000,2,0
2164,20,-30.00,80.00,0,0.010000,1,0
2165,20,-20.00,80.00,0,0.010000,0,20
2166,20,-30.00,80.00,0,0.010000,1,0
2167,2,89.00,8.00,1,0.010000,0,0
2168,20,-20.00,80.00,0,0.010000,0,20
2169,20,-60.00,161.00,0,0.010000,1,18
2170,20,126.00,-69.00,0,0.010000,1,19
2171,20,-120.00,80.00,0,0.010000,0,20
2172,20,126.00,-69.00,0,0.010000,1,19
2173,20,-40.00,80.00,0,0.010000,2,0
2174,20,-30.00,80.00,0,0.010000,1,0
2175,20,-20.00,80.00,0,0.010000,0,20
2176,20,-30.00,80.00,0,0.010000,1,0
2177,2,89.00,8.00,1,0.010000,0,0
2178,20,-25.00,80.00,0,0.010000,0,20
2179,20,-60.00,161.00,0,0.010000,1,18
2180,20,126.00,-69.00,0,0.010000,1,19
2181,20,-115.00,80.00,0,0.010000,0,20
2182,20,126.00,-69.00,0,0.010000,1,19
2183,20,-45.00,80.00,0,0.010000,2,1
2184,20,-50.00,67.00,0,0.010000,3,0
2185,20,-20.00,80.00,0,0.010000,0,20
2186,20,-30.00,80.00,0,0.010000,1,0
2187,2,89.00,8.00,1,0.010000,0,0
2188,20,-20.00,80.00,0,0.010000,0,20
2189,20,-60.00,161.00,0,0.010000,1,18
2190,20,126.00,-69.00,0,0.010000,1,19
2191,20,-120.00,80.00,0,0.010000,0,20
2192,20,126.00,-69.00,0,0.010000,1,19
2193,20,-50.00,80.00,0,0.010000,3,0
2194,20,-30.00,80.00,0,0.010000,1,1
2195,20,-20.00,80.00,0,0.010000,0,20
2196,20,-30.00,80.00,0,0.010000,1,0
2197,2,89.00,8.00,1,0.010000,0,0
2198,20,-18.00,72.00,0,0.010000,2,18
2199,20,-60.00,161.00,0,0.010000,1,18
2200,20,126.00,-69.00,0,0.010000,1,19
2201,20,-120.00,80.00,0,0.010000,0,20
2202,20,126.00,-69.00,0,0.010000,1,19
2203,20,-40.00,80.00,0,0.010000,2,0
2204,20,-30.00,80.00,0,0.010000,1,0
2205,20,-20.00,80.00,0,0.010000,0,20
2206,20,-30.00,80.00,0,0.010000,1,0
2207,2,89.00,8.00,1,0.010000,0,0
2208,20,-20.00,80.00,0,0.010000,0,20
2209,20,-60.00,161.00,0,0.010000,1,18
2210,20,126.00,-69.00,0,0.010000,1,19
2211,20,-120.00,80.00,0,0.010000,0,20
2212,20,126.00,-69.00,0,0.010000,1,19
2213,20,-40.00,80.00,0,0.010000,2,0
2214,20,-30.00,80.00,0,0.010000,1,0
2215,20,-18.00,72.00,0,0.010000,2,18
2216,20,-30.00,80.00,0,0.010000,1,0
2217,2,89.00,8.00,1,0.010000,0,0
2218,20,-20.00,80.00,0,0.010000,0,20
2219,20,-60.00,161.00,0,0.010000,1,18
2220,20,126.00,-69.00,0,0.010000,1,19
2221,20,-115.00,80.00,0,0.010000,1,17
2222,20,126.00,-69.00,0,0.010000,1,19
2223,20,-40.00,80.00,0,0.010000,2,0
2224,20,-30.00,80.00,0,0.010000,1,0
2225,20,-18.00,72.00,0,0.010000,2,18
2226,20,-30.00,80.00,0,0.010000,1,0
2227,2,89.00,8.00,1,0.010000,0,0
2228,20,-20.00,80.00,0,0.010000,0,20
2229,20,-70.00,153.00,0,0.010000,4,16
2230,20,126.00,-69.00,0,0.010000,1,19
2231,20,-120.00,80.00,0,0.010000,0,20
2232,20,126.00,-69.00,0,0.010000,1,19
2233,20,-40.00,80.00,0,0.010000,2,0
2234,20,-30.00,80.00,0,0.010000,1,0
2235,20,-20.00,80.00,0,0.010000,0,20
2236,20,-30.00,80.00,0,0.010000,1,0
2237,2,89.00,8.00,1,0.010000,0,0
2238,20,-20.00,80.00,0,0.010000,0,20
2239,20,-60.00,161.00,0,0.010000,1,18
2240,20,126.00,-69.00,0,0.010000,1,19
2241,20,-120.00,80.00,0,0.010000,0,20
2242,20,126.00,-69.00,0,0.010000,1,19
2243,20,-40.00,80.00,0,0.010000,2,0
2244,20,-30.00,80.00,0,0.010000,1,0
2245,20,-20.00,80.00,0,0.010000,0,20
2246,20,-30.00,80.00,0,0.010000,1,0
2247,2,89.00,8.00,1,0.010000,0,0
2248,20,-20.00,80.00,0,0.010000,0,20
2249,20,-60.00,161.00,0,0.010000,1,18
2250,20,126.00,-69.00,0,0.010000,1,19
2251,20,-120.00,80.00,0,0.010000,0,20
2252,20,126.00,-79.00,0,0.010000,2,19
2253,20,-40.00,80.00,0,0.010000,2,0
2254,20,-30.00,80.00,0,0.010000,1,0
2255,20,-20.00,80.00,0,0.010000,0,20
2256,20,-30.00,80.00,0,0.010000,1,0
2257,2,89.00,8.00,1,0.010000,0,0
2258,20,-20.00,80.00,0,0.010000,0,20
2259,20,-70.00,156.00,0,0.010000,2,18
2260,20,126.00,-69.00,0,0.010000,1,19
2261,20,-120.00,80.00,0,0.010000,0,20
2262,20,126.00,-79.00,0,0.010000,2,19
2263,20,-50.00,80.00,0,0.010000,3,1
2264,20,-30.00,80.00,0,0.010000,1,0
2265,20,-20.00,80.00,0,0.010000,0,20
2266,20,-30.00,80.00,0,0.010000,1,1
2267,2,89.00,8.00,1,0.010000,0,0
2268,20,-20.00,80.00,0,0.010000,0,20
2269,20,-60.00,161.00,0,0.010000,1,18
2270,20,126.00,-69.00,0,0.010000,1,19
2271,20,-120.00,80.00,0,0.010000,0,20
2272,20,126.00,-69.00,0,0.010000,1,19
2273,20,-40.00,80.00,0,0.010000,2,0
2274,20,-30.00,80.00,0,0.010000,1,0
2275,20,-20.00,80.00,0,0.010000,0,20
2276,20,-35.00,80.00,0,0.010000,1,1
2277,2,89.00,8.00,1,0.010000,0,0
2278,20,-30.00,80.00,0,0.010000,1,20
2279,20,-60.00,161.00,0,0.010000,1,18
2280,20,126.00,-69.00,0,0.010000,1,19
2281,20,-125.00,80.00,0,0.010000,1,20
2282,20,126.00,-69.00,0,0.010000,1,19
2283,20,-40.00,80.00,0,0.010000,2,0
2284,20,-30.00,80.00,0,0.010000,1,0
2285,20,-20.00,80.00,0,0.010000,0,20
2286,20,-30.00,80.00,0,0.010000,1,0
2287,2,89.00,8.00,1,0.010000,0,0
2288,20,-20.00,80.00,0,0.010000,0,20
2289,20,-58.00,153.00,0,0.010000,3,16
2290,20,126.00,-69.00,0,0.010000,1,19
2291,20,-120.00,80.00,0,0.010000,0,20
2292,20,126.00,-79.00,0,0.010000,2,19
2293,20,-60.00,80.00,0,0.010000,4,0
2294,20,-30.00,80.00,0,0.010000,1,0
2295,20,-20.00,80.00,0,0.010000,0,20
2296,20,-30.00,80.00,0,0.010000,1,0
2297,2,89.00,8.00,1,0.010000,0,0
2298,20,-20.00,80.00,0,0.010000,0,20
2299,20,-60.00,161.00,0,0.010000,1,18
2300,20,126.00,-69.00,0,0.010000,1,19
2301,20,-120.00,80.00,0,0.010000,0,20
2302,20,126.00,-79.00,0,0.010000,2,19
2303,20,-40.00,80.00,0,0.010000,2,0
2304,20,-30.00,80.00,0,0.010000,1,0
2305,20,-30.00,80.00,0,0.010000,1,20
2306,20,-30.00,80.00,0,0.010000,1,0
2307,2,89.00,8.00,1,0.010000,0,0
2308,20,-20.00,80.00,0,0.010000,0,20
2309,20,-60.00,161.00,0,0.010000,1,18
2310,20,126.00,-79.00,0,0.010000,2,18
2311,20,-120.00,80.00,0,0.010000,0,20
2312,20,126.00,-69.00,0,0.010000,1,19
2313,20,-40.00,80.00,0,0.010000,2,0
2314,20,-30.00,80.00,0,0.010000,1,1
2315,20,-20.00,80.00,0,0.010000,0,20
2316,20,-30.00,80.00,0,0.010000,1,0
2317,2,89.00,8.00,1,0.010000,0,0
2318,20,-20.00,80.00,0,0.010000,0,20
2319,20,-60.00,161.00,0,0.010000,1,18
2320,20,126.00,-69.00,0,0.010000,1,19
2321,20,-115.00,80.00,0,0.010000,0,19
2322,20,126.00,-69.00,0,0.010000,1,19
2323,20,-50.00,80.00,0,0.010000,3,1
2324,20,-50.00,72.00,0,0.010000,3,0
2325,20,-20.00,80.00,0,0.010000,0,20
2326,20,-30.00,80.00,0,0.010000,1,0
2327,2,89.00,8.00,1,0.010000,0,0
2328,20,-20.00,80.00,0,0.010000,0,20
2329,20,-60.00,161.00,0,0.010000,1,18
2330,20,126.00,-69.00,0,0.010000,1,19
2331,20,-120.00,80.00,0,0.010000,1,19
2332,20,126.00,-74.00,0,0.010000,1,19
2333,20,-40.00,80.00,0,0.010000,2,0
2334,20,-30.00,80.00,0,0.010000,1,0
2335,20,-20.00,80.00,0,0.010000,0,20
2336,20,-30.00,80.00,0,0.010000,1,0
2337,2,89.00,8.00,1,0.010000,0,0
2338,20,-20.00,80.00,0,0.010000,0,20
2339,20,-60.00,161.00,0,0.010000,1,18
2340,20,126.00,-69.00,0,0.010000,1,19
2341,20,-120.00,80.00,0,0.010000,0,20
2342,20,126.00,-69.00,0,0.010000,1,19
2343,20,-60.00,80.00,0,0.010000,4,0
2344,20,-30.00,80.00,0,0.010000,1,0
2345,20,31.00,26.00,0,0.010000,1,19
2346,20,-30.00,80.00,0,0.010000,1,0
2347,2,89.00,8.00,1,0.010000,0,0
2348,20,-20.00,80.00,0,0.010000,0,20
2349,20,-70.00,161.00,0,0.010000,2,18
2350,20,118.00,-67.00,0,0.010000,3,17
2351,20,-120.00,80.00,0,0.010000,0,20
2352,20,126.00,-69.00,0,0.010000,1,19
2353,20,-40.00,80.00,0,0.010000,2,0
2354,20,-30.00,80.00,0,0.010000,1,0
2355,20,-20.00,80.00,0,0.010000,0,20
2356,20,-30.00,80.00,0,0.010000,1,0
2357,2,89.00,8.00,1,0.010000,0,0
2358,20,-20.00,80.00,0,0.010000,0,20
2359,20,-60.00,161.00,0,0.010000,1,18
2360,20,126.00,-69.00,0,0.010000,1,19
2361,20,-120.00,80.00,0,0.010000,0,20
2362,20,126.00,-69.00,0,0.010000,1,19
2363,20,-40.00,80.00,0,0.010000,2,0
2364,20,-30.00,80.00,0,0.010000,1,0
2365,20,-20.00,80.00,0,0.010000,0,20
2366,20,-30.00,80.00,0,0.010000,1,0
2367,2,89.00,8.00,1,0.010000,0,0
2368,20,-20.00,80.00,0,0.010000,0,20
2369,20,-70.00,156.00,0,0.010000,2,18
2370,20,126.00,-79.00,0,0.010000,2,17
2371,20,-120.00,80.00,0,0.010000,0,20
2372,20,126.00,-69.00,0,0.010000,1,19
2373,20,-40.00,80.00,0,0.010000,2,0
2374,20,-30.00,80.00,0,0.010000,1,0
2375,20,-20.00,80.00,0,0.010000,0,20
2376,20,-30.00,80.00,0,0.010000,1,0
2377,2,89.00,8.00,1,0.010000,0,0
2378,20,-18.00,72.00,0,0.010000,2,18
2379,20,-60.00,161.00,0,0.010000,1,18
2380,20,126.00,-69.00,0,0.010000,1,19
2381,20,-120.00,80.00,0,0.010000,0,20
2382,20,126.00,-69.00,0,0.010000,1,19
2383,20,-40.00,80.00,0,0.010000,2,0
2384,20,-30.00,80.00,0,0.010000,1,0
2385,20,-20.00,80.00,0,0.010000,0,20
2386,20,-30.00,80.00,0,0.010000,1,0
2387,2,89.00,8.00,1,0.010000,0,0
2388,20,-20.00,80.00,0,0.010000,0,20
2389,20,-60.00,161.00,0,0.010000,1,18
2390,20,126.00,-69.00,0,0.010000,1,19
2391,20,-120.00,80.00,0,0.010000,0,20
2392,20,126.00,-69.00,0,0.010000,1,19
2393,20,-40.00,80.00,0,0.010000,2,0
2394,20,-30.00,80.00,0,0.010000,1,0
2395,20,-18.00,72.00,0,0.010000,2,18
2396,20,-30.00,80.00,0,0.010000,1,0
2397,2,89.00,8.00,1,0.010000,0,0
2398,20,-30.00,80.00,0,0.010000,1,20
2399,20,-60.00,161.00,0,0.010000,1,18
2400,20,126.00,-69.00,0,0.010000,1,19
2401,20,-120.00,80.00,0,0.010000,0,20
2402,20,126.00,-69.00,0,0.010000,1,19
2403,20,-40.00,80.00,0,0.010000,2,0
2404,20,-30.00,80.00,0,0.010000,1,0
2405,20,-30.00,80.00,0,0.010000,1,20
2406,20,-30.00,80.00,0,0.010000,1,0
2407,2,89.00,8.00,1,0.010000,0,0
2408,20,-20.00,80.00,0,0.010000,0,20
2409,20,-60.00,161.00,0,0.010000,1,18
2410,20,126.00,-69.00,0,0.010000,1,19
2411,20,-120.00,80.00,0,0.010000,0,20
2412,20,126.00,-69.00,0,0.010000,1,19
2413,20,-40.00,80.00,0,0.010000,2,0
2414,20,-30.00,80.00,0,0.010000,1,0
2415,20,-20.00,80.00,0,0.010000,0,20
2416,20,-30.00,80.00,0,0.010000,1,0
2417,2,89.00,8.00,1,0.010000,0,0
2418,20,-20.00,80.00,0,0.010000,0,20
2419,20,-60.00,161.00,0,0.010000,1,18
2420,20,126.00,-69.00,0,0.010000,1,19
2421,20,-120.00,80.00,0,0.010000,0,20
2422,20,126.00,-69.00,0,0.010000,1,19
2423,20,-40.00,80.00,0,0.010000,2,0
2424,20,-30.00,80.00,0,0.010000,1,0
2425,20,-20.00,80.00,0,0.010000,0,20
2426,20,-30.00,80.00,0,0.010000,1,0
2427,2,89.00,8.00,1,0.010000,0,0
2428,20,-20.00,80.00,0,0.010000,0,20
2429,20,-60.00,161.00,0,0.010000,1,18
2430,20,126.00,-69.00,0,0.010000,1,19
2431,20,-120.00,80.00,0,0.010000,0,20
2432,20,126.00,-69.00,0,0.010000,1,19
2433,20,-40.00,80.00,0,0.010000,2,0
2434,20,-30.00,80.00,0,0.010000,1,0
2435,20,-20.00,80.00,0,0.010000,0,20
2436,20,-30.00,80.00,0,0.010000,1,0
2437,2,89.00,8.00,1,0.010000,0,0
2438,20,-18.00,72.00,0,0.010000,2,18
2439,20,-60.00,161.00,0,0.010000,1,18
2440,20,126.00,-69.00,0,0.010000,1,19
2441,20,-120.00,80.00,0,0.010000,0,20
2442,20,118.00,-67.00,0,0.010000,3,17
2443,20,-40.00,80.00,0,0.010000,2,0
2444,20,-30.00,80.00,0,0.010000,1,0
2445,20,-30.00,80.00,0,0.010000,1,20
2446,20,-30.00,80.00,0,0.010000,1,0
2447,2,89.00,8.00,1,0.010000,0,0
2448,20,-20.00,80.00,0,0.010000,0,20
2449,20,-60.00,161.00,0,0.010000,1,18
2450,20,126.00,-69.00,0,0.010000,1,19
2451,20,-125.00,80.00,0,0.010000,1,20
2452,20,126.00,-69.00,0,0.010000,1,19
2453,20,-40.00,80.00,0,0.010000,2,0
2454,20,-30.00,80.00,0,0.010000,1,0
2455,20,-20.00,80.00,0,0.010000,0,20
2456,20,-30.00,80.00,0,0.010000,1,0
2457,2,89.00,8.00,1,0.010000,0,0
2458,20,-30.00,80.00,0,0.010000,1,20
2459,20,-60.00,161.00,0,0.010000,1,18
2460,20,126.00,-79.00,0,0.010000,2,19
2461,20,-120.00,80.00,0,0.010000,0,20
2462,20,126.00,-69.00,0,0.010000,1,19
2463,20,-45.00,80.00,0,0.010000,2,1
2464,20,-30.00,80.00,0,0.010000,1,0
2465,20,-20.00,80.00,0,0.010000,0,20
2466,20,-40.00,80.00,0,0.010000,2,1
2467,2,89.00,8.00,1,0.010000,0,0
2468,20,-30.00,80.00,0,0.010000,1,20
2469,20,-60.00,161.00,0,0.010000,1,18
2470,20,126.00,-69.00,0,0.010000,1,19
2471,20,-120.00,80.00,0,0.010000,0,20
2472,20,118.00,-67.00,0,0.010000,3,17
2473,20,-40.00,80.00,0,0.010000,2,0
2474,20,-30.00,80.00,0,0.010000,1,0
2475,20,-20.00,80.00,0,0.010000,0,20
2476,20,-50.00,80.00,0,0.010000,3,0
2477,2,89.00,8.00,1,0.010000,0,0
2478,20,-20.00,80.00,0,0.010000,0,20
2479,20,-60.00,161.00,0,0.010000,1,18
2480,20,126.00,-69.00,0,0.010000,1,19
2481,20,-120.00,80.00,0,0.010000,0,20
2482,20,126.00,-69.00,0,0.010000,1,19
2483,20,-40.00,80.00,0,0.010000,2,0
2484,20,-30.00,80.00,0,0.010000,1,0
2485,20,-20.00,80.00,0,0.010000,0,20
2486,20,-30.00,80.00,0,0.010000,1,0
2487,2,89.00,8.00,1,0.010000,0,0
2488,20,-20.00,80.00,0,0.010000,0,20
2489,20,-60.00,161.00,0,0.010000,1,18
2490,20,126.00,-69.00,0,0.010000,1,19
2491,20,-120.00,80.00,0,0.010000,0,20
2492,20,118.00,-72.00,0,0.010000,3,17
2493,20,-40.00,80.00,0,0.010000,2,0
2494,20,-30.00,80.00,0,0.010000,1,0
2495,20,-20.00,80.00,0,0.010000,0,20
2496,20,-40.00,80.00,0,0.010000,2,1
2497,2,89.00,8.00,1,0.010000,0,0
2498,20,-40.00,80.00,0,0.010000,2,20
2499,20,-60.00,161.00,0,0.010000,1,18
2500,20,126.00,-69.00,0,0.010000,1,19
2501,20,-120.00,80.00,0,0.010000,0,20
2502,20,126.00,-69.00,0,0.010000,1,19
2503,20,-50.00,80.00,0,0.010000,3,1
2504,20,-30.00,80.00,0,0.010000,1,0
2505,20,-20.00,80.00,0,0.010000,0,20
2506,20,-30.00,80.00,0,0.010000,1,0
2507,2,89.00,8.00,1,0.010000,0,0
2508,20,-20.00,80.00,0,0.010000,0,20
2509,20,-60.00,161.00,0,0.010000,1,18
2510,20,126.00,-69.00,0,0.010000,1,19
2511,20,-120.00,80.00,0,0.010000,0,20
2512,20,126.00,-69.00,0,0.010000,1,19
2513,20,-60.00,80.00,0,0.010000,4,0
2514,20,-30.00,80.00,0,0.010000,1,0
2515,20,-20.00,80.00,0,0.010000,0,20
2516,20,-30.00,80.00,0,0.010000,1,0
2517,2,89.00,8.00,1,0.010000,0,0
2518,20,-20.00,80.00,0,0.010000,0,20
2519,20,-60.00,161.00,0,0.010000,1,18
2520,20,126.00,-69.00,0,0.010000,1,19
2521,20,-120.00,80.00,0,0.010000,0,20
2522,20,126.00,-69.00,0,0.010000,1,19
2523,20,-40.00,80.00,0,0.010000,2,0
2524,20,-30.00,80.00,0,0.010000,1,0
2525,20,-20.00,80.00,0,0.010000,0,20
2526,20,-30.00,80.00,0,0.010000,1,0
2527,2,89.00,8.00,1,0.010000,0,0
2528,20,-20.00,80.00,0,0.010000,0,20
2529,20,-60.00,161.00,0,0.010000,1,18
2530,20,126.00,-69.00,0,0.010000,1,19
2531,20,-120.00,80.00,0,0.010000,0,20
2532,20,126.00,-69.00,0,0.010000,1,19
2533,20,-40.00,80.00,0,0.010000,2,0
2534,20,-30.00,80.00,0,0.010000,1,0
2535,20,-20.00,80.00,0,0.010000,0,20
2536,20,-30.00,80.00,0,0.010000,1,0
2537,2,89.00,8.00,1,0.010000,0,0
2538,20,-25.00,80.00,0,0.010000,0,20
2539,20,-60.00,161.00,0,0.010000,1,18
2540,20,118.00,-67.00,0,0.010000,3,17
2541,20,-120.00,80.00,0,0.010000,0,20
2542,20,126.00,-69.00,0,0.010000,1,19
2543,20,-40.00,80.00,0,0.010000,2,0
2544,20,-30.00,80.00,0,0.010000,1,0
2545,20,-20.00,80.00,0,0.010000,0,20
2546,20,-30.00,80.00,0,0.010000,1,2
2547,2,89.00,8.00,1,0.010000,0,0
2548,20,-20.00,80.00,0,0.010000,0,20
2549,20,-60.00,161.00,0,0.010000,1,18
2550,20,126.00,-69.00,0,0.010000,1,19
2551,20,-120.00,80.00,0,0.010000,0,20
2552,20,126.00,-69.00,0,0.010000,1,19
2553,20,-40.00,80.00,0,0.010000,2,0
2554,20,-40.00,80.00,0,0.010000,2,1
2555,20,-20.00,80.00,0,0.010000,0,20
2556,20,-30.00,80.00,0,0.010000,1,0
2557,2,89.00,8.00,1,0.010000,0,0
2558,20,-20.00,80.00,0,0.010000,0,20
2559,20,-58.00,153.00,0,0.010000,3,16
2560,20,126.00,-69.00,0,0.010000,1,19
2561,20,-125.00,80.00,0,0.010000,1,20
2562,20,126.00,-69.00,0,0.010000,1,19
2563,20,-40.00,80.00,0,0.010000,2,0
2564,20,-30.00,80.00,0,0.010000,1,0
2565,20,-20.00,80.00,0,0.010000,0,20
2566,20,-30.00,80.00,0,0.010000,1,0
2567,2,89.00,8.00,1,0.010000,0,0
2568,20,-20.00,80.00,0,0.010000,0,20
2569,20,-60.00,161.00,0,0.010000,1,18
2570,20,126.00,-69.00,0,0.010000,1,19
2571,20,-120.00,80.00,0,0.010000,0,20
2572,20,126.00,-69.00,0,0.010000,1,19
2573,20,-40.00,80.00,0,0.010000,2,0
2574,20,-30.00,80.00,0,0.010000,1,0
2575,20,-20.00,80.00,0,0.010000,0,20
2576,20,-30.00,80.00,0,0.010000,1,0
2577,2,89.00,8.00,1,0.010000,0,0
2578,20,-20.00,80.00,0,0.010000,0,20
2579,20,-60.00,161.00,0,0.010000,1,18
2580,20,126.00,-69.00,0,0.010000,1,19
2581,20,-125.00,80.00,0,0.010000,1,20
2582,20,126.00,-69.00,0,0.010000,1,19
2583,20,-40.00,80.00,0,0.010000,2,0
2584,20,-40.00,80.00,0,0.010000,2,1
2585,20,-20.00,80.00,0,0.010000,0,20
2586,20,-30.00,80.00,0,0.010000,1,0
2587,2,89.00,8.00,1,0.010000,0,0
2588,20,-20.00,80.00,0,0.010000,0,20
2589,20,-60.00,161.00,0,0.010000,1,18
2590,20,126.00,-69.00,0,0.010000,1,19
2591,20,-120.00,80.00,0,0.010000,0,20
2592,20,126.00,-69.00,0,0.010000,1,19
2593,20,-40.00,80.00,0,0.010000,2,0
2594,20,-30.00,80.00,0,0.010000,1,0
2595,20,-25.00,80.00,0,0.010000,0,20
2596,20,-30.00,80.00,0,0.010000,1,0
2597,2,89.00,8.00,1,0.010000,0,0
2598,20,-20.00,80.00,0,0.010000,0,20
2599,20,-60.00,161.00,0,0.010000,1,18
2600,20,126.00,-69.00,0,0.010000,1,19
2601,20,-120.00,80.00,0,0.010000,0,20
2602,20,126.00,-69.00,0,0.010000,1,19
2603,20,-45.00,80.00,0,0.010000,2,1
2604,20,-30.00,80.00,0,0.010000,1,0
2605,20,-20.00,80.00,0,0.010000,0,20
2606,20,-30.00,80.00,0,0.010000,1,0
2607,2,89.00,8.00,1,0.010000,0,0
2608,20,-20.00,80.00,0,0.010000,0,20
2609,20,-58.00,153.00,0,0.010000,3,16
2610,20,126.00,-69.00,0,0.010000,1,19
2611,20,-120.00,80.00,0,0.010000,0,20
2612,20,126.00,-69.00,0,0.010000,1,19
2613,20,-40.00,80.00,0,0.010000,2,0
2614,20,-30.00,80.00,0,0.010000,1,0
2615,20,-20.00,80.00,0,0.010000,0,20
2616,20,-30.00,80.00,0,0.010000,1,0
2617,2,89.00,8.00,1,0.010000,0,0
2618,20,-20.00,80.00,0,0.010000,0,20
2619,20,-60.00,161.00,0,0.010000,1,18
2620,20,126.00,-69.00,0,0.010000,1,19
2621,20,-125.00,80.00,0,0.010000,1,20
2622,20,126.00,-69.00,0,0.010000,1,19
2623,20,-40.00,80.00,0,0.010000,2,0
2624,20,-30.00,80.00,0,0.010000,1,0
2625,20,-18.00,72.00,0,0.010000,2,18
2626,20,-30.00,80.00,0,0.010000,1,0
2627,2,89.00,8.00,1,0.010000,0,0
2628,20,-20.00,80.00,0,0.010000,0,20
2629,20,-60.00,161.00,0,0.010000,1,18
2630,20,126.00,-69.00,0,0.010000,1,19
2631,20,-120.00,80.00,0,0.010000,0,20
2632,20,126.00,-79.00,0,0.010000,2,19
2633,20,-40.00,80.00,0,0.010000,2,0
2634,20,-30.00,80.00,0,0.010000,1,0
2635,20,-25.00,80.00,0,0.010000,0,20
2636,20,-30.00,80.00,0,0.010000,1,0
2637,2,89.00,8.00,1,0.010000,0,0
2638,20,-20.00,80.00,0,0.010000,0,20
2639,20,-60.00,161.00,0,0.010000,1,18
2640,20,126.00,-69.00,0,0.010000,1,19
2641,20,-125.00,80.00,0,0.010000,1,20
2642,20,126.00,-69.00,0,0.010000,1,19
2643,20,-40.00,80.00,0,0.010000,2,0
2644,20,-30.00,80.00,0,0.010000,1,0
2645,20,-18.00,72.00,0,0.010000,2,18
2646,20,-30.00,80.00,0,0.010000,1,0
2647,2,89.00,8.00,1,0.010000,0,0
2648,20,-20.00,72.00,0,0.010000,2,18
2649,20,-65.00,161.00,0,0.010000,1,18
2650,20,126.00,-69.00,0,0.010000,1,19
2651,20,-120.00,80.00,0,0.010000,0,20
2652,20,126.00,-69.00,0,0.010000,1,19
2653,20,-40.00,80.00,0,0.010000,2,0
2654,20,-30.00,80.00,0,0.010000,1,0
2655,20,-20.00,80.00,0,0.010000,0,20
2656,20,-40.00,80.00,0,0.010000,2,1
2657,2,89.00,8.00,1,0.010000,0,0
2658,20,-20.00,80.00,0,0.010000,0,20
2659,20,-60.00,161.00,0,0.010000,1,18
2660,20,126.00,-69.00,0,0.010000,1,19
2661,20,-120.00,80.00,0,0.010000,0,20
2662,20,126.00,-69.00,0,0.010000,1,19
2663,20,-40.00,80.00,0,0.010000,2,0
2664,20,-30.00,80.00,0,0.010000,1,0
2665,20,-30.00,80.00,0,0.010000,1,20
2666,20,-30.00,80.00,0,0.010000,1,0
2667,2,89.00,8.00,1,0.010000,0,0
2668,20,-20.00,80.00,0,0.010000,0,20
2669,20,-60.00,161.00,0,0.010000,1,18
2670,20,126.00,-69.00,0,0.010000,1,19
2671,20,-120.00,80.00,0,0.010000,0,20
2672,20,126.00,-69.00,0,0.010000,1,19
2673,20,-40.00,80.00,0,0.010000,2,0
2674,20,-30.00,80.00,0,0.010000,1,0
2675,20,-20.00,80.00,0,0.010000,0,20
2676,20,-30.00,80.00,0,0.010000,1,0
2677,2,89.00,8.00,1,0.010000,0,0
2678,20,-20.00,80.00,0,0.010000,0,20
2679,20,-60.00,161.00,0,0.010000,1,18
2680,20,126.00,-69.00,0,0.010000,1,19
2681,20,-120.00,80.00,0,0.010000,0,20
2682,20,126.00,-69.00,0,0.010000,1,19
2683,20,-65.00,80.00,0,0.010000,4,1
2684,20,-30.00,80.00,0,0.010000,1,0
2685,20,-20.00,80.00,0,0.010000,0,20
2686,20,-30.00,80.00,0,0.010000,1,0
2687,2,89.00,8.00,1,0.010000,0,0
2688,20,-20.00,80.00,0,0.010000,0,20
2689,20,-70.00,161.00,0,0.010000,2,18
2690,20,126.00,-69.00,0,0.010000,1,17
2691,20,-120.00,80.00,0,0.010000,0,20
2692,20,126.00,-69.00,0,0.010000,1,19
2693,20,-40.00,80.00,0,0.010000,2,0
2694,20,-30.00,80.00,0,0.010000,1,0
2695,20,-20.00,80.00,0,0.010000,0,20
2696,20,-30.00,80.00,0,0.010000,1,0
2697,2,89.00,8.00,1,0.010000,0,0
2698,20,-20.00,80.00,0,0.010000,0,20
2699,20,-60.00,161.00,0,0.010000,1,18
2700,20,126.00,-69.00,0,0.010000,1,19
2701,20,-120.00,80.00,0,0.010000,0,20
2702,20,126.00,-69.00,0,0.010000,1,19
2703,20,-50.00,80.00,0,0.010000,3,1
2704,20,-30.00,80.00,0,0.010000,1,0
2705,20,-20.00,80.00,0,0.010000,0,20
2706,20,-30.00,80.00,0,0.010000,1,0
2707,2,89.00,8.00,1,0.010000,0,0
2708,20,-20.00,80.00,0,0.010000,0,20
2709,20,-60.00,161.00,0,0.010000,1,18
2710,20,126.00,-69.00,0,0.010000,1,19
2711,20,-120.00,80.00,0,0.010000,0,20
2712,20,126.00,-69.00,0,0.010000,1,19
2713,20,-60.00,80.00,0,0.010000,4,0
2714,20,-30.00,80.00,0,0.010000,1,0
2715,20,-20.00,80.00,0,0.010000,0,20
2716,20,-30.00,80.00,0,0.010000,1,0
2717,2,89.00,8.00,1,0.010000,0,0
2718,20,-20.00,80.00,0,0.010000,0,20
2719,20,-60.00,161.00,0,0.010000,1,18
2720,20,126.00,-69.00,0,0.010000,1,19
2721,20,-120.00,80.00,0,0.010000,0,20
2722,20,126.00,-69.00,0,0.010000,1,19
2723,20,-40.00,80.00,0,0.010000,2,0
2724,20,-30.00,80.00,0,0.010000,1,0
2725,20,-20.00,80.00,0,0.010000,0,20
2726,20,-30.00,80.00,0,0.010000,1,0
2727,2,89.00,8.00,1,0.010000,0,0
2728,20,-30.00,80.00,0,0.010000,1,20
2729,20,-65.00,161.00,0,0.010000,1,18
2730,20,126.00,-69.00,0,0.010000,1,19
2731,20,-120.00,80.00,0,0.010000,0,20
2732,20,126.00,-69.00,0,0.010000,1,19
2733,20,-40.00,80.00,0,0.010000,2,0
2734,20,-40.00,80.00,0,0.010000,2,1
2735,20,-20.00,80.00,0,0.010000,0,20
2736,20,-30.00,80.00,0,0.010000,1,0
2737,2,89.00,8.00,1,0.010000,0,0
2738,20,-20.00,80.00,0,0.010000,0,20
2739,20,-60.00,161.00,0,0.010000,1,18
2740,20,126.00,-69.00,0,0.010000,1,19
2741,20,-120.00,80.00,0,0.010000,0,20
2742,20,126.00,-69.00,0,0.010000,1,19
2743,20,-40.00,80.00,0,0.010000,2,0
2744,20,-60.00,80.00,0,0.010000,4,1
2745,20,-20.00,80.00,0,0.010000,0,20
2746,20,-30.00,80.00,0,0.010000,1,0
2747,2,89.00,8.00,1,0.010000,0,0
2748,20,-30.00,80.00,0,0.010000,1,20
2749,20,-60.00,161.00,0,0.010000,1,18
2750,20,126.00,-79.00,0,0.010000,2,19
2751,20,-125.00,80.00,0,0.010000,1,19
2752,20,126.00,-69.00,0,0.010000,1,19
2753,20,-40.00,80.00,0,0.010000,2,0
2754,20,-30.00,80.00,0,0.010000,1,0
2755,20,-20.00,80.00,0,0.010000,0,20
2756,20,-40.00,80.00,0,0.010000,2,1
2757,2,89.00,8.00,1,0.010000,0,0
2758,20,-20.00,80.00,0,0.010000,0,20
2759,20,-60.00,161.00,0,0.010000,1,18
2760,20,126.00,-69.00,0,0.010000,1,19
2761,20,-120.00,80.00,0,0.010000,0,20
2762,20,126.00,-69.00,0,0.010000,1,19
2763,20,-40.00,80.00,0,0.010000,2,0
2764,20,-30.00,80.00,0,0.010000,1,0
2765,20,-30.00,80.00,0,0.010000,1,20
2766,20,-30.00,80.00,0,0.010000,1,0
2767,2,89.00,8.00,1,0.010000,0,0
2768,20,-30.00,80.00,0,0.010000,1,20
2769,20,-60.00,161.00,0,0.010000,1,18
2770,20,126.00,-69.00,0,0.010000,1,19
2771,20,-120.00,80.00,0,0.010000,0,20
2772,20,126.00,-69.00,0,0.010000,1,19
2773,20,-50.00,80.00,0,0.010000,3,1
2774,20,-30.00,80.00,0,0.010000,1,0
2775,20,-20.00,80.00,0,0.010000,0,20
2776,20,-30.00,80.00,0,0.010000,1,0
2777,2,89.00,8.00,1,0.010000,0,0
2778,20,-20.00,80.00,0,0.010000,0,20
2779,20,-60.00,161.00,0,0.010000,1,18
2780,20,126.00,-69.00,0,0.010000,1,19
2781,20,-120.00,80.00,0,0.010000,0,20
2782,20,126.00,-69.00,0,0.010000,1,19
2783,20,-40.00,80.00,0,0.010000,2,0
2784,20,-50.00,72.00,0,0.010000,3,0
2785,20,-20.00,80.00,0,0.010000,0,20
2786,20,-30.00,80.00,0,0.010000,1,0
2787,2,89.00,8.00,1,0.010000,0,0
2788,20,-30.00,72.00,0,0.010000,3,18
2789,20,-60.00,161.00,0,0.010000,1,18
2790,20,126.00,-69.00,0,0.010000,1,19
2791,20,-120.00,80.00,0,0.010000,0,20
2792,20,126.00,-69.00,0,0.010000,1,19
2793,20,-40.00,80.00,0,0.010000,2,0
2794,20,-30.00,80.00,0,0.010000,1,0
2795,20,-20.00,80.00,0,0.010000,0,20
2796,20,-30.00,80.00,0,0.010000,1,0
2797,2,89.00,8.00,1,0.010000,0,0
2798,20,-20.00,80.00,0,0.010000,0,20
2799,20,-60.00,161.00,0,0.010000,1,18
2800,20,126.00,-69.00,0,0.010000,1,19
2801,20,-120.00,80.00,0,0.010000,0,20
2802,20,118.00,-67.00,0,0.010000,3,17
2803,20,-40.00,80.00,0,0.010000,2,0
2804,20,-30.00,80.00,0,0.010000,1,0
2805,20,-20.00,80.00,0,0.010000,0,20
2806,20,-30.00,80.00,0,0.010000,1,0
2807,2,89.00,8.00,1,0.010000,0,0
2808,20,-20.00,72.00,0,0.010000,2,18
2809,20,-60.00,161.00,0,0.010000,1,18
2810,20,126.00,-79.00,0,0.010000,2,19
2811,20,-120.00,80.00,0,0.010000,0,20
2812,20,126.00,-69.00,0,0.010000,1,19
2813,20,-40.00,80.00,0,0.010000,2,0
2814,20,-30.00,80.00,0,0.010000,1,0
2815,20,-20.00,80.00,0,0.010000,0,20
2816,20,-30.00,80.00,0,0.010000,1,1
2817,2,89.00,8.00,1,0.010000,0,0
2818,20,-20.00,80.00,0,0.010000,0,20
2819,20,-60.00,161.00,0,0.010000,1,18
2820,20,126.00,-69.00,0,0.010000,1,19
2821,20,-120.00,80.00,0,0.010000,0,20
2822,20,126.00,-69.00,0,0.010000,1,19
2823,20,-40.00,80.00,0,0.010000,2,0
2824,20,-30.00,80.00,0,0.010000,1,0
2825,20,-20.00,80.00,0,0.010000,0,20
2826,20,-30.00,80.00,0,0.010000,1,0
2827,2,89.00,8.00,1,0.010000,0,0
2828,20,-18.00,72.00,0,0.010000,2,18
2829,20,-60.00,161.00,0,0.010000,1,18
2830,20,121.00,-64.00,0,0.010000,1,19
2831,20,-120.00,80.00,0,0.010000,0,20
2832,20,126.00,-69.00,0,0.010000,1,19
2833,20,-40.00,80.00,0,0.010000,2,0
2834,20,-30.00,80.00,0,0.010000,1,0
2835,20,-20.00,80.00,0,0.010000,0,20
2836,20,-30.00,80.00,0,0.010000,1,0
2837,2,89.00,8.00,1,0.010000,0,0
2838,20,-20.00,80.00,0,0.010000,0,20
2839,20,-60.00,161.00,0,0.010000,1,18
2840,20,126.00,-69.00,0,0.010000,1,19
2841,20,-120.00,80.00,0,0.010000,0,20
2842,20,126.00,-69.00,0,0.010000,1,19
2843,20,-40.00,80.00,0,0.010000,2,0
2844,20,-30.00,80.00,0,0.010000,1,0
2845,20,-20.00,80.00,0,0.010000,0,20
2846,20,-30.00,80.00,0,0.010000,1,0
2847,2,89.00,8.00,1,0.010000,0,0
2848,20,-20.00,80.00,0,0.010000,0,20
2849,20,-60.00,161.00,0,0.010000,1,18
2850,20,126.00,-69.00,0,0.010000,1,19
2851,20,-120.00,80.00,0,0.010000,0,20
2852,20,126.00,-69.00,0,0.010000,1,19
2853,20,-40.00,80.00,0,0.010000,2,0
2854,20,-30.00,80.00,0,0.010000,1,0
2855,20,-25.00,80.00,0,0.010000,0,20
2856,20,-30.00,80.00,0,0.010000,1,0
2857,2,89.00,8.00,1,0.010000,0,0
2858,20,-18.00,72.00,0,0.010000,2,18
2859,20,-60.00,161.00,0,0.010000,1,18
2860,20,16.00,-14.00,0,0.010000,17,3
2861,20,-120.00,80.00,0,0.010000,0,20
2862,20,126.00,-69.00,0,0.010000,1,19
2863,20,-40.00,80.00,0,0.010000,2,1
2864,20,-30.00,80.00,0,0.010000,1,0
2865,20,-20.00,80.00,0,0.010000,0,20
2866,20,-30.00,80.00,0,0.010000,1,0
2867,2,89.00,8.00,1,0.010000,0,0
2868,20,-20.00,80.00,0,0.010000,0,20
2869,20,-70.00,156.00,0,0.010000,2,18
2870,20,126.00,-69.00,0,0.010000,1,19
2871,20,-120.00,80.00,0,0.010000,0,20
2872,20,126.00,-74.00,0,0.010000,1,19
2873,20,-40.00,80.00,0,0.010000,2,0
2874,20,-30.00,80.00,0,0.010000,1,0
2875,20,-20.00,80.00,0,0.010000,0,20
2876,20,-30.00,80.00,0,0.010000,1,0
2877,2,89.00,8.00,1,0.010000,0,0
2878,20,-20.00,80.00,0,0.010000,0,20
2879,20,-58.00,153.00,0,0.010000,3,16
2880,20,126.00,-69.00,0,0.010000,1,19
2881,20,-120.00,80.00,0,0.010000,0,20
2882,20,126.00,-69.00,0,0.010000,1,19
2883,20,-40.00,80.00,0,0.010000,2,0
2884,20,-30.00,80.00,0,0.010000,1,0
2885,20,-20.00,80.00,0,0.010000,0,20
2886,20,-30.00,80.00,0,0.010000,1,0
2887,2,89.00,8.00,1,0.010000,0,0
2888,20,-18.00,72.00,0,0.010000,2,18
2889,20,-60.00,161.00,0,0.010000,1,18
2890,20,126.00,-69.00,0,0.010000,1,19
2891,20,-120.00,80.00,0,0.010000,0,20
2892,20,126.00,-69.00,0,0.010000,1,19
2893,20,-60.00,80.00,0,0.010000,4,0
2894,20,-30.00,80.00,0,0.010000,1,0
2895,20,-18.00,72.00,0,0.010000,2,18
2896,20,-30.00,80.00,0,0.010000,1,0
2897,2,89.00,8.00,1,0.010000,0,0
2898,20,-25.00,80.00,0,0.010000,0,20
2899,20,-60.00,161.00,0,0.010000,1,18
2900,20,126.00,-69.00,0,0.010000,1,19
2901,20,-120.00,80.00,0,0.010000,0,20
2902,20,126.00,-79.00,0,0.010000,2,19
2903,20,-40.00,80.00,0,0.010000,2,0
2904,20,-30.00,80.00,0,0.010000,1,0
2905,20,-18.00,72.00,0,0.010000,2,18
2906,20,-30.00,80.00,0,0.010000,1,0
2907,2,89.00,8.00,1,0.010000,0,0
2908,20,-20.00,80.00,0,0.010000,0,20
2909,20,-80.00,131.00,0,0.010000,3,16
2910,20,126.00,-69.00,0,0.010000,1,19
2911,20,-120.00,80.00,0,0.010000,0,20
2912,20,126.00,-69.00,0,0.010000,1,19
2913,20,-40.00,80.00,0,0.010000,2,0
2914,20,-30.00,80.00,0,0.010000,1,0
2915,20,-20.00,80.00,0,0.010000,0,20
2916,20,-40.00,80.00,0,0.010000,2,1
2917,2,89.00,8.00,1,0.010000,0,0
2918,20,-20.00,80.00,0,0.010000,0,20
2919,20,-60.00,161.00,0,0.010000,1,18
2920,20,126.00,-69.00,0,0.010000,1,19
2921,20,-120.00,80.00,0,0.010000,0,20
2922,20,126.00,-69.00,0,0.010000,1,19
2923,20,-50.00,80.00,0,0.010000,3,1
2924,20,-30.00,80.00,0,0.010000,1,0
2925,20,-20.00,80.00,0,0.010000,0,20
2926,20,-30.00,80.00,0,0.010000,1,0
2927,2,89.00,8.00,1,0.010000,0,0
2928,20,-20.00,80.00,0,0.010000,0,20
2929,20,-70.00,161.00,0,0.010000,2,18
2930,20,126.00,-69.00,0,0.010000,1,19
2931,20,-135.00,80.00,0,0.010000,3,17
2932,20,126.00,-69.00,0,0.010000,1,19
2933,20,-40.00,80.00,0,0.010000,2,0
2934,20,-30.00,80.00,0,0.010000,1,1
2935,20,-20.00,80.00,0,0.010000,0,20
2936,20,-30.00,80.00,0,0.010000,1,0
2937,2,89.00,8.00,1,0.010000,0,0
2938,20,-20.00,80.00,0,0.010000,0,20
2939,20,-60.00,161.00,0,0.010000,1,18
2940,20,126.00,-69.00,0,0.010000,1,19
2941,20,-110.00,80.00,0,0.010000,0,20
2942,20,126.00,-69.00,0,0.010000,1,19
2943,20,-40.00,80.00,0,0.010000,2,0
2944,20,-30.00,80.00,0,0.010000,1,0
2945,20,-20.00,80.00,0,0.010000,0,20
2946,20,-30.00,80.00,0,0.010000,1,0
2947,2,89.00,8.00,1,0.010000,0,0
2948,20,20.00,26.00,0,0.010000,1,19
2949,20,-60.00,161.00,0,0.010000,1,18
2950,20,126.00,-69.00,0,0.010000,1,19
2951,20,-120.00,80.00,0,0.010000,0,20
2952,20,126.00,-69.00,0,0.010000,1,19
2953,20,-40.00,80.00,0,0.010000,2,0
2954,20,-35.00,80.00,0,0.010000,1,1
2955,20,-20.00,80.00,0,0.010000,0,20
2956,20,-50.00,80.00,0,0.010000,3,0
2957,2,89.00,8.00,1,0.010000,0,0
2958,20,-20.00,80.00,0,0.010000,0,20
2959,20,-60.00,161.00,0,0.010000,1,18
2960,20,126.00,-69.00,0,0.010000,1,19
2961,20,-125.00,80.00,0,0.010000,1,19
2962,20,126.00,-69.00,0,0.010000,1,19
2963,20,-40.00,80.00,0,0.010000,2,0
2964,20,-30.00,80.00,0,0.010000,1,0
2965,20,-20.00,80.00,0,0.010000,0,20
2966,20,-30.00,80.00,0,0.010000,1,0
2967,2,89.00,8.00,1,0.010000,0,0
2968,20,-20.00,80.00,0,0.010000,0,20
2969,20,-60.00,161.00,0,0.010000,1,18
2970,20,118.00,-67.00,0,0.010000,3,17
2971,20,-120.00,80.00,0,0.010000,0,20
2972,20,126.00,-69.00,0,0.010000,1,19
2973,20,-40.00,80.00,0,0.010000,2,0
2974,20,-30.00,80.00,0,0.010000,1,0
2975,20,-20.00,80.00,0,0.010000,0,20
2976,20,-30.00,80.00,0,0.010000,1,0
2977,2,89.00,8.00,1,0.010000,0,0
2978,20,-20.00,80.00,0,0.010000,0,20
2979,20,-60.00,161.00,0,0.010000,1,18
2980,20,126.00,-69.00,0,0.010000,1,19
2981,20,-115.00,80.00,0,0.010000,0,20
2982,20,126.00,-69.00,0,0.010000,1,19
2983,20,-40.00,80.00,0,0.010000,2,0
2984,20,-30.00,80.00,0,0.010000,1,0
2985,20,-20.00,80.00,0,0.010000,0,20
2986,20,-60.00,80.00,0,0.010000,4,1
2987,2,89.00,8.00,1,0.010000,0,0
2988,20,-20.00,80.00,0,0.010000,0,20
2989,20,-60.00,161.00,0,0.010000,1,18
2990,20,126.00,-69.00,0,0.010000,1,19
2991,20,-115.00,80.00,0,0.010000,0,20
2992,20,126.00,-69.00,0,0.010000,1,19
2993,20,-45.00,80.00,0,0.010000,2,1
2994,20,-30.00,80.00,0,0.010000,1,0
2995,20,-20.00,80.00,0,0.010000,0,20
2996,20,-30.00,80.00,0,0.010000,1,0
2997,2,89.00,8.00,1,0.010000,0,0
2998,20,-20.00,80.00,0,0.010000,0,20
2999,20,-60.00,161.00,0,0.010000,1,18
3000,20,126.00,-69.00,0,0.010000,1,19
3001,20,-120.00,80.00,0,0.010000,0,20
3002,20,126.00,-69.00,0,0.010000,1,19
3003,20,-50.00,80.00,0,0.010000,3,1
3004,20,-30.00,80.00,0,0.010000,1,0
3005,20,-20.00,80.00,0,0.010000,0,20
3006,20,-30.00,80.00,0,0.010000,1,0
3007,2,89.00,8.00,1,0.010000,0,0
3008,20,-20.00,80.00,0,0.010000,0,20
3009,20,-60.00,161.00,0,0.010000,1,18
3010,20,126.00,-69.00,0,0.010000,1,19
3011,20,-140.00,80.00,0,0.010000,4,16
3012,20,121.00,-64.00,0,0.010000,1,19
3013,20,-60.00,80.00,0,0.010000,4,0
3014,20,-30.00,80.00,0,0.010000,1,0
3015,20,-20.00,80.00,0,0.010000,0,20
3016,20,-30.00,80.00,0,0.010000,1,0
3017,2,89.00,8.00,1,0.010000,0,0
3018,20,-20.00,80.00,0,0.010000,0,20
3019,20,-65.00,161.00,0,0.010000,1,18
3020,20,126.00,-69.00,0,0.010000,1,19
3021,20,-120.00,80.00,0,0.010000,0,20
3022,20,126.00,-69.00,0,0.010000,1,19
3023,20,-40.00,80.00,0,0.010000,2,0
3024,20,-30.00,80.00,0,0.010000,1,0
3025,20,-20.00,80.00,0,0.010000,0,20
3026,20,-30.00,80.00,0,0.010000,1,1
3027,2,89.00,8.00,1,0.010000,0,0
3028,20,-30.00,80.00,0,0.010000,1,20
3029,20,-60.00,161.00,0,0.010000,1,18
3030,20,126.00,-69.00,0,0.010000,1,19
3031,20,-115.00,80.00,0,0.010000,0,20
3032,20,126.00,-69.00,0,0.010000,1,19
3033,20,-45.00,80.00,0,0.010000,2,1
3034,20,-30.00,80.00,0,0.010000,1,0
3035,20,-18.00,72.00,0,0.010000,2,18
3036,20,-30.00,80.00,0,0.010000,1,0
3037,2,89.00,8.00,1,0.010000,0,0
3038,20,-20.00,80.00,0,0.010000,0,20
3039,20,-60.00,161.00,0,0.010000,1,18
3040,20,126.00,-69.00,0,0.010000,1,19
3041,20,-120.00,80.00,0,0.010000,0,20
3042,20,118.00,-67.00,0,0.010000,3,17
3043,20,-40.00,80.00,0,0.010000,2,0
3044,20,-30.00,80.00,0,0.010000,1,0
3045,20,-20.00,80.00,0,0.010000,0,20
3046,20,-30.00,80.00,0,0.010000,1,0
3047,2,89.00,8.00,1,0.010000,0,0
3048,20,-20.00,80.00,0,0.010000,0,20
3049,20,-60.00,161.00,0,0.010000,1,18
3050,20,126.00,-69.00,0,0.010000,1,19
3051,20,-120.00,80.00,0,0.010000,0,20
3052,20,126.00,-69.00,0,0.010000,1,19
3053,20,-40.00,80.00,0,0.010000,2,0
3054,20,-30.00,80.00,0,0.010000,1,0
3055,20,-20.00,80.00,0,0.010000,0,20
3056,20,-30.00,80.00,0,0.010000,1,0
3057,2,89.00,8.00,1,0.010000,0,0
3058,20,-20.00,80.00,0,0.010000,0,20
3059,20,-60.00,161.00,0,0.010000,1,18
3060,20,126.00,-69.00,0,0.010000,1,19
3061,20,-120.00,80.00,0,0.010000,0,20
3062,20,126.00,-69.00,0,0.010000,1,19
3063,20,-50.00,80.00,0,0.010000,3,0
3064,20,-30.00,80.00,0,0.010000,1,0
3065,20,-20.00,80.00,0,0.010000,0,20
3066,20,-30.00,80.00,0,0.010000,1,0
3067,2,89.00,8.00,1,0.010000,0,0
3068,20,-20.00,80.00,0,0.010000,0,20
3069,20,-60.00,161.00,0,0.010000,1,18
3070,20,126.00,-69.00,0,0.010000,1,19
3071,20,-120.00,80.00,0,0.010000,0,20
3072,20,126.00,-69.00,0,0.010000,1,19
3073,20,-40.00,80.00,0,0.010000,2,0
3074,20,-30.00,80.00,0,0.010000,1,0
3075,20,-18.00,72.00,0,0.010000,2,18
3076,20,-30.00,80.00,0,0.010000,1,0
3077,3,78.00,12.00,1,0.010000,1,1
3078,20,-20.00,80.00,0,0.010000,0,20
3079,20,-60.00,161.00,0,0.010000,1,18
3080,20,126.00,-74.00,0,0.010000,1,19
3081,20,-120.00,80.00,0,0.010000,0,20
3082,20,126.00,-69.00,0,0.010000,1,19
3083,20,-40.00,80.00,0,0.010000,2,0
3084,20,-30.00,80.00,0,0.010000,1,0
3085,20,-20.00,80.00,0,0.010000,0,20
3086,20,-30.00,80.00,0,0.010000,1,0
3087,2,89.00,8.00,1,0.010000,0,0
3088,20,-20.00,80.00,0,0.010000,0,20
3089,20,-60.00,161.00,0,0.010000,1,18
3090,20,126.00,-74.00,0,0.010000,1,19
3091,20,-120.00,80.00,0,0.010000,0,20
3092,20,126.00,-69.00,0,0.010000,1,19
3093,20,-40.00,80.00,0,0.010000,2,0
3094,20,-30.00,80.00,0,0.010000,1,0
3095,20,-20.00,80.00,0,0.010000,0,20
3096,20,-30.00,80.00,0,0.010000,1,0
3097,2,89.00,8.00,1,0.010000,0,0
3098,20,-20.00,80.00,0,0.010000,0,20
3099,20,-60.00,153.00,0,0.010000,3,16
3100,20,126.00,-69.00,0,0.010000,1,19
3101,20,-120.00,80.00,0,0.010000,0,20
3102,20,126.00,-69.00,0,0.010000,1,19
3103,20,-40.00,80.00,0,0.010000,2,0
3104,20,-30.00,80.00,0,0.010000,1,0
3105,20,-20.00,80.00,0,0.010000,0,20
3106,20,-30.00,80.00,0,0.010000,1,0
3107,2,89.00,8.00,1,0.010000,0,0
3108,20,-20.00,80.00,0,0.010000,0,20
3109,20,-60.00,161.00,0,0.010000,1,18
3110,20,126.00,-69.00,0,0.010000,1,19
3111,20,-120.00,80.00,0,0.010000,0,20
3112,20,126.00,-69.00,0,0.010000,1,19
3113,20,-45.00,80.00,0,0.010000,2,1
3114,20,-30.00,80.00,0,0.010000,1,0
3115,20,-20.00,80.00,0,0.010000,0,20
3116,20,-30.00,80.00,0,0.010000,1,0
3117,2,89.00,8.00,1,0.010000,0,0
3118,20,-20.00,72.00,0,0.010000,2,18
3119,20,-60.00,161.00,0,0.010000,1,18
3120,20,126.00,-69.00,0,0.010000,1,19
3121,20,-120.00,80.00,0,0.010000,0,20
3122,20,126.00,-69.00,0,0.010000,1,19
3123,20,-45.00,80.00,0,0.010000,2,1
3124,20,-30.00,80.00,0,0.010000,1,0
3125,20,-20.00,80.00,0,0.010000,0,20
3126,20,-50.00,80.00,0,0.010000,3,0
3127,2,89.00,8.00,1,0.010000,0,0
3128,20,-20.00,80.00,0,0.010000,0,20
3129,20,-80.00,161.00,0,0.010000,3,18
3130,20,126.00,-69.00,0,0.010000,1,19
3131,20,-120.00,80.00,0,0.010000,0,20
3132,20,126.00,-69.00,0,0.010000,1,19
3133,20,-40.00,80.00,0,0.010000,2,0
3134,20,-30.00,80.00,0,0.010000,1,0
3135,20,-20.00,80.00,0,0.010000,0,20
3136,20,-30.00,80.00,0,0.010000,1,0
3137,2,89.00,8.00,1,0.010000,0,0
3138,20,-20.00,80.00,0,0.010000,0,20
3139,20,-70.00,161.00,0,0.010000,2,18
3140,20,126.00,-69.00,0,0.010000,1,19
3141,20,-120.00,80.00,0,0.010000,0,20
3142,20,126.00,-74.00,0,0.010000,1,19
3143,20,-45.00,80.00,0,0.010000,2,1
3144,20,-30.00,80.00,0,0.010000,1,0
3145,20,-20.00,80.00,0,0.010000,0,20
3146,20,-30.00,80.00,0,0.010000,1,0
3147,2,89.00,8.00,1,0.010000,0,0
3148,20,-20.00,80.00,0,0.010000,0,20
3149,20,-60.00,161.00,0,0.010000,1,18
3150,20,126.00,-69.00,0,0.010000,1,19
3151,20,-120.00,80.00,0,0.010000,0,20
3152,20,126.00,-69.00,0,0.010000,1,19
3153,20,-40.00,80.00,0,0.010000,2,0
3154,20,-30.00,80.00,0,0.010000,1,0
3155,20,-20.00,80.00,0,0.010000,0,20
3156,20,-30.00,80.00,0,0.010000,1,0
3157,2,89.00,8.00,1,0.010000,0,0
3158,20,20.00,26.00,0,0.010000,1,19
3159,20,-60.00,161.00,0,0.010000,1,18
3160,20,126.00,-69.00,0,0.010000,1,19
3161,20,-120.00,80.00,0,0.010000,0,20
3162,20,126.00,-69.00,0,0.010000,1,19
3163,20,-40.00,80.00,0,0.010000,2,0
3164,20,-30.00,80.00,0,0.010000,1,0
3165,20,-20.00,80.00,0,0.010000,0,20
3166,20,-30.00,80.00,0,0.010000,1,0
3167,2,89.00,8.00,1,0.010000,0,0
3168,20,-20.00,80.00,0,0.010000,0,20
3169,20,-60.00,161.00,0,0.010000,1,18
3170,20,126.00,-69.00,0,0.010000,1,19
3171,20,-120.00,80.00,0,0.010000,0,20
3172,20,126.00,-69.00,0,0.010000,1,19
3173,20,-50.00,80.00,0,0.010000,3,1
3174,20,-30.00,80.00,0,0.010000,1,0
3175,20,-25.00,80.00,0,0.010000,0,20
3176,20,-30.00,80.00,0,0.010000,1,0
3177,2,89.00,8.00,1,0.010000,0,0
3178,20,-20.00,80.00,0,0.010000,0,20
3179,20,-60.00,161.00,0,0.010000,1,18
3180,20,126.00,-69.00,0,0.010000,1,19
3181,20,-120.00,80.00,0,0.010000,0,20
3182,20,126.00,-79.00,0,0.010000,2,19
3183,20,-40.00,80.00,0,0.010000,2,0
3184,20,-30.00,80.00,0,0.010000,1,0
3185,20,-20.00,80.00,0,0.010000,0,20
3186,20,-30.00,80.00,0,0.010000,1,0
3187,2,89.00,8.00,1,0.010000,0,0
3188,20,-20.00,80.00,0,0.010000,0,20
3189,20,-60.00,161.00,0,0.010000,1,18
3190,20,126.00,-69.00,0,0.010000,1,19
3191,20,-120.00,80.00,0,0.010000,0,20
3192,20,126.00,-69.00,0,0.010000,1,19
3193,20,-40.00,80.00,0,0.010000,2,0
3194,20,-30.00,80.00,0,0.010000,1,0
3195,20,-20.00,80.00,0,0.010000,0,20
3196,20,-30.00,80.00,0,0.010000,1,0
3197,2,89.00,8.00,1,0.010000,0,0
3198,20,-20.00,80.00,0,0.010000,0,20
3199,20,-60.00,161.00,0,0.010000,1,18
3200,20,126.00,-79.00,0,0.010000,2,19
3201,20,-120.00,80.00,0,0.010000,0,20
3202,20,126.00,-69.00,0,0.010000,1,19
3203,20,-40.00,80.00,0,0.010000,2,0
3204,20,-30.00,80.00,0,0.010000,1,0
3205,20,-20.00,80.00,0,0.010000,0,20
3206,20,-30.00,80.00,0,0.010000,1,0
3207,2,89.00,8.00,1,0.010000,0,0
3208,20,-20.00,80.00,0,0.010000,0,20
3209,20,-65.00,153.00,0,0.010000,3,16
3210,20,126.00,-69.00,0,0.010000,1,19
3211,20,-120.00,80.00,0,0.010000,0,20
3212,20,126.00,-69.00,0,0.010000,1,19
3213,20,-40.00,80.00,0,0.010000,2,0
3214,20,-30.00,80.00,0,0.010000,1,0
3215,20,-20.00,80.00,0,0.010000,0,20
3216,20,-30.00,80.00,0,0.010000,1,0
3217,2,89.00,8.00,1,0.010000,0,0
3218,20,-20.00,80.00,0,0.010000,0,20
3219,20,-60.00,161.00,0,0.010000,1,18
3220,20,126.00,-69.00,0,0.010000,1,19
3221,20,-120.00,80.00,0,0.010000,0,20
3222,20,126.00,-69.00,0,0.010000,1,17
3223,20,-40.00,80.00,0,0.010000,2,0
3224,20,-30.00,80.00,0,0.010000,1,0
3225,20,-20.00,80.00,0,0.010000,0,20
3226,20,-30.00,80.00,0,0.010000,1,0
3227,2,89.00,8.00,1,0.010000,0,0
3228,20,-20.00,80.00,0,0.010000,0,20
3229,20,-70.00,161.00,0,0.010000,2,18
3230,20,126.00,-69.00,0,0.010000,1,19
3231,20,-120.00,80.00,0,0.010000,0,20
3232,20,126.00,-69.00,0,0.010000,1,19
3233,20,-40.00,80.00,0,0.010000,2,0
3234,20,-35.00,80.00,0,0.010000,1,1
3235,20,-20.00,80.00,0,0.010000,0,20
3236,20,-30.00,80.00,0,0.010000,1,0
3237,2,89.00,8.00,1,0.010000,0,0
3238,20,-20.00,72.00,0,0.010000,2,18
3239,20,-70.00,161.00,0,0.010000,2,18
3240,20,126.00,-69.00,0,0.010000,1,17
3241,20,-120.00,80.00,0,0.010000,0,20
3242,20,126.00,-74.00,0,0.010000,1,19
3243,20,-40.00,80.00,0,0.010000,2,0
3244,20,-30.00,80.00,0,0.010000,1,1
3245,20,-20.00,80.00,0,0.010000,0,20
3246,20,-30.00,80.00,0,0.010000,1,0
3247,2,89.00,8.00,1,0.010000,0,0
3248,20,-20.00,80.00,0,0.010000,0,20
3249,20,-60.00,161.00,0,0.010000,1,18
3250,20,126.00,-69.00,0,0.010000,1,19
3251,20,-120.00,80.00,0,0.010000,0,20
3252,20,145.00,-119.00,0,0.010000,7,13
3253,20,-40.00,80.00,0,0.010000,2,0
3254,20,-30.00,80.00,0,0.010000,1,0
3255,20,-20.00,80.00,0,0.010000,0,20
3256,20,-30.00,80.00,0,0.010000,1,0
3257,2,89.00,8.00,1,0.010000,0,0
3258,20,-20.00,80.00,0,0.010000,0,20
3259,20,-60.00,161.00,0,0.010000,1,18
3260,20,126.00,-69.00,0,0.010000,1,19
3261,20,-120.00,80.00,0,0.010000,0,20
3262,20,126.00,-69.00,0,0.010000,1,19
3263,20,-40.00,80.00,0,0.010000,2,0
3264,20,-30.00,80.00,0,0.010000,1,0
3265,20,-20.00,80.00,0,0.010000,0,20
3266,20,-30.00,80.00,0,0.010000,1,0
3267,2,89.00,8.00,1,0.010000,0,0
3268,20,-20.00,80.00,0,0.010000,0,20
3269,20,-60.00,161.00,0,0.010000,1,18
3270,20,126.00,-69.00,0,0.010000,1,19
3271,20,-120.00,80.00,0,0.010000,0,20
3272,20,118.00,-69.00,0,0.010000,3,16
3273,20,-40.00,80.00,0,0.010000,2,0
3274,20,-30.00,80.00,0,0.010000,1,0
3275,20,-18.00,72.00,0,0.010000,2,18
3276,20,-30.00,80.00,0,0.010000,1,0
3277,2,89.00,8.00,1,0.010000,0,0
3278,20,-20.00,80.00,0,0.010000,0,20
3279,20,-60.00,161.00,0,0.010000,1,18
3280,20,126.00,-69.00,0,0.010000,1,19
3281,20,-120.00,80.00,0,0.010000,0,20
3282,20,126.00,-69.00,0,0.010000,1,19
3283,20,-40.00,80.00,0,0.010000,2,0
3284,20,-35.00,80.00,0,0.010000,1,1
3285,20,-20.00,80.00,0,0.010000,0,20
3286,20,-30.00,80.00,0,0.010000,1,1
3287,2,89.00,8.00,1,0.010000,0,0
3288,20,-20.00,80.00,0,0.010000,0,20
3289,20,-60.00,161.00,0,0.010000,1,18
3290,20,126.00,-69.00,0,0.010000,1,19
3291,20,-120.00,80.00,0,0.010000,0,20
3292,20,126.00,-69.00,0,0.010000,1,19
3293,20,-45.00,80.00,0,0.010000,2,1
3294,20,-30.00,80.00,0,0.010000,1,0
3295,20,-20.00,80.00,0,0.010000,0,20
3296,20,-30.00,80.00,0,0.010000,1,0
3297,2,89.00,8.00,1,0.010000,0,0
3298,20,-20.00,80.00,0,0.010000,0,20
3299,20,-60.00,161.00,0,0.010000,1,18
3300,20,126.00,-69.00,0,0.010000,1,19
3301,20,-120.00,80.00,0,0.010000,0,20
3302,20,126.00,-69.00,0,0.010000,1,17
3303,20,-40.00,80.00,0,0.010000,2,0
3304,20,-30.00,80.00,0,0.010000,1,0
3305,20,-18.00,72.00,0,0.010000,2,18
3306,20,-30.00,80.00,0,0.010000,1,0
3307,2,89.00,8.00,1,0.010000,0,0
3308,20,-20.00,80.00,0,0.010000,0,20
3309,20,-60.00,161.00,0,0.010000,1,18
3310,20,126.00,-69.00,0,0.010000,1,19
3311,20,-120.00,80.00,0,0.010000,0,20
3312,20,126.00,-69.00,0,0.010000,1,19
3313,20,-40.00,80.00,0,0.010000,2,0
3314,20,-30.00,80.00,0,0.010000,1,0
3315,20,-20.00,80.00,0,0.010000,0,20
3316,20,-30.00,80.00,0,0.010000,1,0
3317,2,89.00,8.00,1,0.010000,0,0
3318,20,-20.00,80.00,0,0.010000,0,20
3319,20,-60.00,161.00,0,0.010000,1,18
3320,20,126.00,-69.00,0,0.010000,1,19
3321,20,-125.00,80.00,0,0.010000,1,19
3322,20,126.00,-69.00,0,0.010000,1,19
3323,20,-40.00,80.00,0,0.010000,2,0
3324,20,-30.00,80.00,0,0.010000,1,0
3325,20,-30.00,80.00,0,0.010000,1,20
3326,20,-30.00,80.00,0,0.010000,1,0
3327,2,89.00,8.00,1,0.010000,0,0
3328,20,-20.00,80.00,0,0.010000,0,20
3329,20,-60.00,161.00,0,0.010000,1,18
3330,20,126.00,-69.00,0,0.010000,1,19
3331,20,-120.00,80.00,0,0.010000,0,20
3332,20,126.00,-69.00,0,0.010000,1,19
3333,20,-40.00,80.00,0,0.010000,2,0
3334,20,-30.00,80.00,0,0.010000,1,0
3335,20,-20.00,80.00,0,0.010000,0,20
3336,20,-30.00,80.00,0,0.010000,1,1
3337,2,89.00,8.00,1,0.010000,0,0
3338,20,-20.00,80.00,0,0.010000,0,20
3339,20,-60.00,161.00,0,0.010000,1,18
3340,20,126.00,-69.00,0,0.010000,1,19
3341,20,-120.00,80.00,0,0.010000,0,20
3342,20,126.00,-69.00,0,0.010000,1,19
3343,20,-40.00,80.00,0,0.010000,2,0
3344,20,-30.00,80.00,0,0.010000,1,0
3345,20,-20.00,80.00,0,0.010000,0,20
3346,20,-30.00,80.00,0,0.010000,1,0
3347,2,89.00,8.00,1,0.010000,0,0
3348,20,-20.00,80.00,0,0.010000,0,20
3349,20,-70.00,146.00,0,0.010000,2,18
3350,20,126.00,-69.00,0,0.010000,1,19
3351,20,-120.00,80.00,0,0.010000,0,20
3352,20,118.00,-87.00,0,0.010000,5,15
3353,20,-40.00,80.00,0,0.010000,2,0
3354,20,-30.00,80.00,0,0.010000,1,0
3355,20,-20.00,80.00,0,0.010000,0,20
3356,20,-40.00,80.00,0,0.010000,2,1
3357,2,89.00,8.00,1,0.010000,0,0
3358,20,-20.00,80.00,0,0.010000,0,20
3359,20,-60.00,161.00,0,0.010000,1,18
3360,20,126.00,-69.00,0,0.010000,1,19
3361,20,-125.00,80.00,0,0.010000,1,20
3362,20,111.00,-64.00,0,0.010000,2,19
3363,20,-40.00,80.00,0,0.010000,2,0
3364,20,-30.00,80.00,0,0.010000,1,0
3365,20,-20.00,80.00,0,0.010000,0,20
3366,20,-30.00,80.00,0,0.010000,1,0
3367,2,89.00,8.00,1,0.010000,0,0
3368,20,-25.00,80.00,0,0.010000,0,20
3369,20,-60.00,161.00,0,0.010000,1,18
3370,20,126.00,-74.00,0,0.010000,1,19
3371,20,-120.00,80.00,0,0.010000,0,20
3372,20,126.00,-69.00,0,0.010000,1,19
3373,20,-40.00,80.00,0,0.010000,2,0
3374,20,-30.00,80.00,0,0.010000,1,0
3375,20,-20.00,80.00,0,0.010000,0,20
3376,20,-30.00,80.00,0,0.010000,1,0
3377,2,89.00,8.00,1,0.010000,0,0
3378,20,-20.00,80.00,0,0.010000,0,20
3379,20,-58.00,153.00,0,0.010000,3,16
3380,20,126.00,-69.00,0,0.010000,1,19
3381,20,-120.00,80.00,0,0.010000,0,20
3382,20,126.00,-69.00,0,0.010000,1,19
3383,20,-40.00,80.00,0,0.010000,2,0
3384,20,-50.00,72.00,0,0.010000,3,0
3385,20,-18.00,72.00,0,0.010000,2,18
3386,20,-30.00,80.00,0,0.010000,1,0
3387,2,89.00,8.00,1,0.010000,0,0
3388,20,-20.00,80.00,0,0.010000,0,20
3389,20,-60.00,161.00,0,0.010000,1,18
3390,20,126.00,-69.00,0,0.010000,1,19
3391,20,-120.00,80.00,0,0.010000,0,20
3392,20,126.00,-69.00,0,0.010000,1,19
3393,20,-40.00,80.00,0,0.010000,2,0
3394,20,-30.00,80.00,0,0.010000,1,0
3395,20,-20.00,80.00,0,0.010000,0,20
3396,20,-30.00,80.00,0,0.010000,1,0
3397,2,89.00,8.00,1,0.010000,0,0
3398,20,-20.00,80.00,0,0.010000,0,20
3399,20,-60.00,161.00,0,0.010000,1,18
3400,20,126.00,-69.00,0,0.010000,1,19
3401,20,-120.00,80.00,0,0.010000,0,20
3402,20,126.00,-69.00,0,0.010000,1,19
3403,20,-40.00,80.00,0,0.010000,2,0
3404,20,-30.00,80.00,0,0.010000,1,0
3405,20,-20.00,80.00,0,0.010000,0,20
3406,20,-40.00,80.00,0,0.010000,2,1
3407,2,89.00,8.00,1,0.010000,0,0
3408,20,-20.00,80.00,0,0.010000,0,20
3409,20,-60.00,161.00,0,0.010000,1,18
3410,20,126.00,-69.00,0,0.010000,1,19
3411,20,-120.00,80.00,0,0.010000,0,20
3412,20,126.00,-69.00,0,0.010000,1,19
3413,20,-40.00,80.00,0,0.010000,2,0
3414,20,-30.00,80.00,0,0.010000,1,0
3415,20,-20.00,80.00,0,0.010000,0,20
3416,20,-30.00,80.00,0,0.010000,1,0
3417,2,89.00,8.00,1,0.010000,0,0
3418,20,-20.00,80.00,0,0.010000,0,20
3419,20,-70.00,161.00,0,0.010000,2,18
3420,20,126.00,-69.00,0,0.010000,1,19
3421,20,-125.00,80.00,0,0.010000,2,17
3422,20,126.00,-69.00,0,0.010000,1,19
3423,20,-40.00,80.00,0,0.010000,2,0
3424,20,-30.00,80.00,0,0.010000,1,0
3425,20,-20.00,80.00,0,0.010000,0,20
3426,20,-30.00,80.00,0,0.010000,1,0
3427,2,89.00,8.00,1,0.010000,0,0
3428,20,-20.00,80.00,0,0.010000,0,20
3429,20,-60.00,161.00,0,0.010000,1,18
3430,20,126.00,-69.00,0,0.010000,1,19
3431,20,-110.00,80.00,0,0.010000,3,12
3432,20,126.00,-69.00,0,0.010000,1,19
3433,20,-40.00,80.00,0,0.010000,2,0
3434,20,-30.00,80.00,0,0.010000,1,0
3435,20,-20.00,80.00,0,0.010000,0,20
3436,20,-30.00,80.00,0,0.010000,1,0
3437,2,89.00,8.00,1,0.010000,0,0
3438,20,-20.00,80.00,0,0.010000,0,20
3439,20,-65.00,161.00,0,0.010000,1,18
3440,20,126.00,-74.00,0,0.010000,1,19
3441,20,-115.00,80.00,0,0.010000,1,17
3442,20,126.00,-69.00,0,0.010000,1,19
3443,20,-40.00,80.00,0,0.010000,2,0
3444,20,-40.00,80.00,0,0.010000,2,2
3445,20,-20.00,80.00,0,0.010000,0,20
3446,20,-30.00,80.00,0,0.010000,1,0
3447,2,89.00,8.00,1,0.010000,0,0
3448,20,-20.00,80.00,0,0.010000,0,20
3449,20,-60.00,161.00,0,0.010000,1,18
3450,20,126.00,-69.00,0,0.010000,1,19
3451,20,-30.00,80.00,0,0.010000,0,2
3452,20,126.00,-69.00,0,0.010000,1,19
3453,20,-40.00,80.00,0,0.010000,2,0
3454,20,-30.00,80.00,0,0.010000,1,0
3455,20,-18.00,72.00,0,0.010000,2,18
3456,20,-35.00,80.00,0,0.010000,1,1
3457,2,89.00,8.00,1,0.010000,0,0
3458,20,-20.00,80.00,0,0.010000,0,20
3459,20,-60.00,161.00,0,0.010000,1,18
3460,20,126.00,-69.00,0,0.010000,1,17
3461,20,-20.00,80.00,0,0.010000,0,0
3462,20,126.00,-69.00,0,0.010000,1,19
3463,20,-40.00,80.00,0,0.010000,2,0
3464,20,-30.00,80.00,0,0.010000,1,0
3465,20,-20.00,80.00,0,0.010000,0,20
3466,20,-50.00,80.00,0,0.010000,3,0
3467,2,89.00,8.00,1,0.010000,0,0
3468,20,-20.00,80.00,0,0.010000,0,20
3469,20,-60.00,161.00,0,0.010000,1,18
3470,20,48.00,-22.00,0,0.010000,9,11
3471,20,-20.00,80.00,0,0.010000,0,0
3472,20,126.00,-69.00,0,0.010000,1,19
3473,20,-40.00,80.00,0,0.010000,2,0
3474,20,-30.00,80.00,0,0.010000,1,0
3475,20,-20.00,80.00,0,0.010000,0,20
3476,20,-40.00,80.00,0,0.010000,2,0
3477,2,89.00,8.00,1,0.010000,0,0
3478,20,-20.00,80.00,0,0.010000,0,20
3479,20,-60.00,161.00,0,0.010000,1,18
3480,20,126.00,-69.00,0,0.010000,1,19
3481,20,-20.00,80.00,0,0.010000,0,0
3482,20,126.00,-69.00,0,0.010000,1,17
3483,20,-40.00,80.00,0,0.010000,2,0
3484,20,-30.00,80.00,0,0.010000,1,0
3485,20,-20.00,80.00,0,0.010000,0,20
3486,20,-30.00,80.00,0,0.010000,1,0
3487,2,89.00,8.00,1,0.010000,0,0
3488,20,-20.00,80.00,0,0.010000,0,20
3489,20,-60.00,161.00,0,0.010000,1,18
3490,20,126.00,-69.00,0,0.010000,1,19
3491,20,-20.00,80.00,0,0.010000,0,0
3492,20,126.00,-69.00,0,0.010000,1,19
3493,20,-45.00,80.00,0,0.010000,2,1
3494,20,-30.00,80.00,0,0.010000,1,0
3495,20,-20.00,80.00,0,0.010000,0,20
3496,20,-30.00,80.00,0,0.010000,1,0
3497,2,89.00,8.00,1,0.010000,0,0
3498,20,-20.00,80.00,0,0.010000,0,20
3499,20,-58.00,153.00,0,0.010000,3,16
3500,20,126.00,-69.00,0,0.010000,1,19
3501,20,-20.00,80.00,0,0.010000,0,0
3502,20,126.00,-69.00,0,0.010000,1,19
3503,20,-55.00,80.00,0,0.010000,3,2
3504,20,-50.00,80.00,0,0.010000,3,2
3505,20,-20.00,80.00,0,0.010000,0,20
3506,20,-30.00,80.00,0,0.010000,1,0
3507,2,89.00,8.00,1,0.010000,0,0
3508,20,-20.00,80.00,0,0.010000,0,20
3509,20,-60.00,161.00,0,0.010000,1,18
3510,20,126.00,-69.00,0,0.010000,1,19
3511,20,-20.00,80.00,0,0.010000,0,0
3512,20,126.00,-69.00,0,0.010000,1,19
3513,20,-40.00,80.00,0,0.010000,2,0
3514,20,-30.00,80.00,0,0.010000,1,0
3515,20,-18.00,72.00,0,0.010000,2,18
3516,20,-30.00,80.00,0,0.010000,1,0
3517,2,89.00,8.00,1,0.010000,0,0
3518,20,-20.00,80.00,0,0.010000,0,20
3519,20,-60.00,161.00,0,0.010000,1,18
3520,20,126.00,-74.00,0,0.010000,1,19
3521,20,-20.00,80.00,0,0.010000,0,0
3522,20,126.00,-69.00,0,0.010000,1,19
3523,20,-40.00,80.00,0,0.010000,2,0
3524,20,-30.00,80.00,0,0.010000,1,0
3525,20,-20.00,80.00,0,0.010000,0,20
3526,20,-30.00,80.00,0,0.010000,1,0
3527,2,89.00,8.00,1,0.010000,0,0
3528,20,-20.00,80.00,0,0.010000,0,20
3529,20,-60.00,161.00,0,0.010000,1,18
3530,20,126.00,-69.00,0,0.010000,1,19
3531,20,-20.00,80.00,0,0.010000,0,0
3532,20,126.00,-69.00,0,0.010000,1,19
3533,20,-40.00,80.00,0,0.010000,2,0
3534,20,-30.00,80.00,0,0.010000,1,0
3535,20,-20.00,80.00,0,0.010000,0,20
3536,20,-30.00,80.00,0,0.010000,1,0
3537,2,89.00,8.00,1,0.010000,0,0
3538,20,-20.00,80.00,0,0.010000,0,20
3539,20,-60.00,161.00,0,0.010000,1,18
3540,20,126.00,-69.00,0,0.010000,1,19
3541,20,-20.00,80.00,0,0.010000,0,0
3542,20,126.00,-69.00,0,0.010000,1,19
3543,20,-40.00,80.00,0,0.010000,2,0
3544,20,-30.00,80.00,0,0.010000,1,0
3545,20,-20.00,80.00,0,0.010000,0,20
3546,20,-30.00,80.00,0,0.010000,1,0
3547,2,89.00,8.00,1,0.010000,0,0
3548,20,-20.00,72.00,0,0.010000,2,18
3549,20,-60.00,161.00,0,0.010000,1,18
3550,20,126.00,-69.00,0,0.010000,1,17
3551,20,-30.00,80.00,0,0.010000,1,1
3552,20,126.00,-69.00,0,0.010000,1,19
3553,20,-45.00,80.00,0,0.010000,2,1
3554,20,-30.00,80.00,0,0.010000,1,0
3555,20,-20.00,80.00,0,0.010000,0,20
3556,20,-30.00,80.00,0,0.010000,1,0
3557,2,89.00,8.00,1,0.010000,0,0
3558,20,-20.00,80.00,0,0.010000,0,20
3559,20,-60.00,161.00,0,0.010000,1,18
3560,20,126.00,-69.00,0,0.010000,1,19
3561,20,-20.00,80.00,0,0.010000,0,0
3562,20,126.00,-69.00,0,0.010000,1,19
3563,20,-40.00,80.00,0,0.010000,2,0
3564,20,-30.00,80.00,0,0.010000,1,0
3565,20,-20.00,80.00,0,0.010000,0,20
3566,20,-30.00,80.00,0,0.010000,1,0
3567,2,89.00,8.00,1,0.010000,0,0
3568,20,-20.00,80.00,0,0.010000,0,20
3569,20,-60.00,161.00,0,0.010000,1,18
3570,20,126.00,-69.00,0,0.010000,1,19
3571,20,-20.00,80.00,0,0.010000,0,0
3572,20,126.00,-69.00,0,0.010000,1,19
3573,20,-40.00,80.00,0,0.010000,2,0
3574,20,-40.00,80.00,0,0.010000,2,1
3575,20,-20.00,80.00,0,0.010000,0,20
3576,20,-30.00,80.00,0,0.010000,1,0
3577,2,89.00,8.00,1,0.010000,0,0
3578,20,-20.00,80.00,0,0.010000,0,20
3579,20,-60.00,161.00,0,0.010000,1,18
3580,20,126.00,-69.00,0,0.010000,1,19
3581,20,-20.00,80.00,0,0.010000,0,0
3582,20,126.00,-69.00,0,0.010000,1,19
3583,20,-40.00,80.00,0,0.010000,2,0
3584,20,-30.00,80.00,0,0.010000,1,0
3585,20,-20.00,80.00,0,0.010000,0,20
3586,20,-50.00,80.00,0,0.010000,3,3
3587,2,89.00,8.00,1,0.010000,0,0
3588,20,-20.00,80.00,0,0.010000,0,20
3589,20,-60.00,161.00,0,0.010000,1,18
3590,20,126.00,-69.00,0,0.010000,1,19
3591,20,-20.00,80.00,0,0.010000,0,0
3592,20,126.00,-69.00,0,0.010000,1,19
3593,20,-40.00,80.00,0,0.010000,2,0
3594,20,-30.00,80.00,0,0.010000,1,0
3595,20,-20.00,80.00,0,0.010000,0,20
3596,20,-30.00,80.00,0,0.010000,1,0
3597,2,89.00,8.00,1,0.010000,0,0
3598,20,-20.00,80.00,0,0.010000,0,20
3599,20,-65.00,161.00,0,0.010000,1,18
3600,20,126.00,-69.00,0,0.010000,1,19
3601,20,-20.00,80.00,0,0.010000,0,0
3602,20,126.00,-69.00,0,0.010000,1,19
3603,20,-50.00,80.00,0,0.010000,3,1
3604,20,-30.00,80.00,0,0.010000,1,0
3605,20,-20.00,80.00,0,0.010000,0,20
3606,20,-40.00,80.00,0,0.010000,2,1
3607,2,89.00,8.00,1,0.010000,0,0
3608,20,-20.00,80.00,0,0.010000,0,20
3609,20,-60.00,161.00,0,0.010000,1,18
3610,20,126.00,-69.00,0,0.010000,1,19
3611,20,-20.00,80.00,0,0.010000,0,0
3612,20,126.00,-74.00,0,0.010000,1,19
3613,20,-40.00,80.00,0,0.010000,2,0
3614,20,-30.00,80.00,0,0.010000,1,0
3615,20,-18.00,72.00,0,0.010000,2,18
3616,20,-30.00,80.00,0,0.010000,1,0
3617,2,89.00,8.00,1,0.010000,0,0
3618,20,-20.00,80.00,0,0.010000,0,20
3619,20,-60.00,161.00,0,0.010000,1,18
3620,20,126.00,-69.00,0,0.010000,1,19
3621,20,-20.00,80.00,0,0.010000,0,0
3622,20,126.00,-89.00,0,0.010000,3,17
3623,20,-40.00,80.00,0,0.010000,2,0
3624,20,-30.00,80.00,0,0.010000,1,0
3625,20,-20.00,80.00,0,0.010000,0,20
3626,20,-30.00,80.00,0,0.010000,1,0
3627,2,89.00,8.00,1,0.010000,0,0
3628,20,-20.00,80.00,0,0.010000,0,20
3629,20,-60.00,161.00,0,0.010000,1,18
3630,20,126.00,-69.00,0,0.010000,1,19
3631,20,-20.00,80.00,0,0.010000,0,0
3632,20,126.00,-69.00,0,0.010000,1,19
3633,20,-50.00,80.00,0,0.010000,3,1
3634,20,-30.00,80.00,0,0.010000,1,0
3635,20,-20.00,80.00,0,0.010000,0,20
3636,20,-30.00,80.00,0,0.010000,1,0
3637,2,89.00,8.00,1,0.010000,0,0
3638,20,-20.00,80.00,0,0.010000,0,20
3639,20,-60.00,161.00,0,0.010000,1,18
3640,20,126.00,-69.00,0,0.010000,1,19
3641,20,-20.00,80.00,0,0.010000,0,0
3642,20,126.00,-69.00,0,0.010000,1,19
3643,20,-50.00,80.00,0,0.010000,3,1
3644,20,-30.00,80.00,0,0.010000,1,0
3645,20,-20.00,80.00,0,0.010000,0,20
3646,20,-30.00,80.00,0,0.010000,1,0
3647,2,89.00,8.00,1,0.010000,0,0
3648,20,-20.00,80.00,0,0.010000,0,20
3649,20,-60.00,161.00,0,0.010000,1,18
3650,20,126.00,-69.00,0,0.010000,1,19
3651,20,-20.00,80.00,0,0.010000,0,0
3652,20,126.00,-69.00,0,0.010000,1,19
3653,20,-40.00,80.00,0,0.010000,2,1
3654,20,-30.00,80.00,0,0.010000,1,0
3655,20,-20.00,80.00,0,0.010000,0,20
3656,20,-30.00,80.00,0,0.010000,1,0
3657,2,89.00,8.00,1,0.010000,0,0
3658,20,-20.00,80.00,0,0.010000,0,20
3659,20,-60.00,161.00,0,0.010000,1,18
3660,20,126.00,-69.00,0,0.010000,1,19
3661,20,-20.00,80.00,0,0.010000,0,0
3662,20,126.00,-69.00,0,0.010000,1,19
3663,20,-40.00,80.00,0,0.010000,2,0
3664,20,-30.00,80.00,0,0.010000,1,0
3665,20,-20.00,80.00,0,0.010000,0,20
3666,20,-30.00,80.00,0,0.010000,1,0
3667,2,89.00,8.00,1,0.010000,0,0
3668,20,-20.00,80.00,0,0.010000,0,20
3669,20,-65.00,161.00,0,0.010000,1,18
3670,20,118.00,-67.00,0,0.010000,3,17
3671,20,-20.00,80.00,0,0.010000,0,0
3672,20,126.00,-69.00,0,0.010000,1,19
3673,20,-40.00,80.00,0,0.010000,2,0
3674,20,-30.00,80.00,0,0.010000,1,0
3675,20,-20.00,80.00,0,0.010000,0,20
3676,20,-30.00,80.00,0,0.010000,1,0
3677,2,89.00,8.00,1,0.010000,0,0
3678,20,-20.00,80.00,0,0.010000,0,20
3679,20,-60.00,161.00,0,0.010000,1,18
3680,20,126.00,-69.00,0,0.010000,1,19
3681,20,-20.00,80.00,0,0.010000,0,0
3682,20,116.00,-64.00,0,0.010000,1,19
3683,20,-40.00,80.00,0,0.010000,2,0
3684,20,-30.00,80.00,0,0.010000,1,0
3685,20,-20.00,80.00,0,0.010000,0,20
3686,20,-30.00,80.00,0,0.010000,1,0
3687,2,89.00,8.00,1,0.010000,0,0
3688,20,-20.00,80.00,0,0.010000,0,20
3689,20,-60.00,161.00,0,0.010000,1,18
3690,20,126.00,-69.00,0,0.010000,1,19
3691,20,-20.00,80.00,0,0.010000,0,0
3692,20,126.00,-69.00,0,0.010000,1,19
3693,20,-40.00,80.00,0,0.010000,2,0
3694,20,-30.00,80.00,0,0.010000,1,1
3695,20,-25.00,80.00,0,0.010000,0,20
3696,20,-30.00,80.00,0,0.010000,1,0
3697,2,89.00,8.00,1,0.010000,0,0
3698,20,-20.00,80.00,0,0.010000,0,20
3699,20,-60.00,161.00,0,0.010000,1,18
3700,20,126.00,-79.00,0,0.010000,2,19
3701,20,-20.00,80.00,0,0.010000,0,0
3702,20,126.00,-69.00,0,0.010000,1,19
3703,20,-40.00,80.00,0,0.010000,2,0
3704,20,-30.00,80.00,0,0.010000,1,0
3705,20,-20.00,80.00,0,0.010000,0,20
3706,20,-30.00,80.00,0,0.010000,1,0
3707,2,89.00,8.00,1,0.010000,0,0
3708,20,-30.00,80.00,0,0.010000,1,20
3709,20,-60.00,161.00,0,0.010000,1,18
3710,20,126.00,-69.00,0,0.010000,1,19
3711,20,-20.00,80.00,0,0.010000,0,0
3712,20,126.00,-69.00,0,0.010000,1,19
3713,20,-40.00,80.00,0,0.010000,2,0
3714,20,-35.00,80.00,0,0.010000,1,1
3715,20,-20.00,80.00,0,0.010000,0,20
3716,20,-30.00,80.00,0,0.010000,1,0
3717,2,89.00,8.00,1,0.010000,0,0
3718,20,-20.00,80.00,0,0.010000,0,20
3719,20,-65.00,161.00,0,0.010000,1,18
3720,20,126.00,-69.00,0,0.010000,1,19
3721,20,-20.00,80.00,0,0.010000,0,0
3722,20,126.00,-79.00,0,0.010000,2,19
3723,20,-40.00,80.00,0,0.010000,2,0
3724,20,-30.00,80.00,0,0.010000,1,0
3725,20,-20.00,80.00,0,0.010000,0,20
3726,20,-30.00,80.00,0,0.010000,1,0
3727,2,89.00,8.00,1,0.010000,0,0
3728,20,-20.00,80.00,0,0.010000,0,20
3729,20,-60.00,161.00,0,0.010000,1,18
3730,20,126.00,-69.00,0,0.010000,1,19
3731,20,-20.00,80.00,0,0.010000,0,0
3732,20,126.00,-69.00,0,0.010000,1,19
3733,20,-40.00,80.00,0,0.010000,2,0
3734,20,-30.00,80.00,0,0.010000,1,0
3735,20,-20.00,80.00,0,0.010000,0,20
3736,20,-30.00,80.00,0,0.010000,1,0
3737,2,89.00,8.00,1,0.010000,0,0
3738,20,-20.00,80.00,0,0.010000,0,20
3739,20,-60.00,153.00,0,0.010000,3,16
3740,20,126.00,-79.00,0,0.010000,2,19
3741,20,-20.00,80.00,0,0.010000,0,0
3742,20,126.00,-69.00,0,0.010000,1,19
3743,20,-40.00,80.00,0,0.010000,2,0
3744,20,-30.00,80.00,0,0.010000,1,0
3745,20,-20.00,80.00,0,0.010000,0,20
3746,20,-30.00,80.00,0,0.010000,1,0
3747,2,89.00,8.00,1,0.010000,0,0
3748,20,-20.00,80.00,0,0.010000,0,20
3749,20,-60.00,161.00,0,0.010000,1,18
3750,20,126.00,-69.00,0,0.010000,1,19
3751,20,-20.00,80.00,0,0.010000,0,0
3752,20,126.00,-69.00,0,0.010000,1,19
3753,20,-40.00,80.00,0,0.010000,2,0
3754,20,-30.00,80.00,0,0.010000,1,0
3755,20,-20.00,80.00,0,0.010000,0,20
3756,20,-30.00,80.00,0,0.010000,1,0
3757,2,89.00,8.00,1,0.010000,0,0
3758,20,-20.00,80.00,0,0.010000,0,20
3759,20,-60.00,161.00,0,0.010000,1,18
3760,20,8.00,-12.00,0,0.010000,19,1
3761,20,-20.00,80.00,0,0.010000,0,0
3762,20,126.00,-69.00,0,0.010000,1,19
3763,20,-40.00,80.00,0,0.010000,2,0
3764,20,-30.00,80.00,0,0.010000,1,0
3765,20,-20.00,80.00,0,0.010000,0,20
3766,20,-30.00,80.00,0,0.010000,1,0
3767,2,89.00,8.00,1,0.010000,0,0
3768,20,-20.00,80.00,0,0.010000,0,20
3769,20,-60.00,161.00,0,0.010000,1,18
3770,20,126.00,-69.00,0,0.010000,1,19
3771,20,-30.00,80.00,0,0.010000,1,1
3772,20,126.00,-69.00,0,0.010000,1,19
3773,20,-40.00,80.00,0,0.010000,2,0
3774,20,-30.00,80.00,0,0.010000,1,1
3775,20,-20.00,80.00,0,0.010000,0,20
3776,20,-30.00,80.00,0,0.010000,1,0
3777,2,89.00,8.00,1,0.010000,0,0
3778,20,-20.00,80.00,0,0.010000,0,20
3779,20,-60.00,161.00,0,0.010000,1,18
3780,20,126.00,-69.00,0,0.010000,1,19
3781,20,-20.00,80.00,0,0.010000,0,0
3782,20,126.00,-69.00,0,0.010000,1,19
3783,20,-60.00,80.00,0,0.010000,4,0
3784,20,-30.00,80.00,0,0.010000,1,0
3785,20,-20.00,80.00,0,0.010000,0,20
3786,20,-30.00,80.00,0,0.010000,1,0
3787,2,89.00,8.00,1,0.010000,0,0
3788,20,-20.00,80.00,0,0.010000,0,20
3789,20,-60.00,161.00,0,0.010000,1,18
3790,20,126.00,-79.00,0,0.010000,2,19
3791,20,-20.00,80.00,0,0.010000,0,0
3792,20,126.00,-69.00,0,0.010000,1,19
3793,20,-40.00,80.00,0,0.010000,2,0
3794,20,-30.00,80.00,0,0.010000,1,0
3795,20,-20.00,80.00,0,0.010000,0,20
3796,20,-30.00,80.00,0,0.010000,1,0
3797,2,89.00,8.00,1,0.010000,0,0
3798,20,-20.00,80.00,0,0.010000,0,20
3799,20,-60.00,161.00,0,0.010000,1,18
3800,20,126.00,-69.00,0,0.010000,1,19
3801,20,-20.00,80.00,0,0.010000,0,0
3802,20,126.00,-69.00,0,0.010000,1,19
3803,20,-40.00,80.00,0,0.010000,2,0
3804,20,-30.00,80.00,0,0.010000,1,0
3805,20,-20.00,80.00,0,0.010000,0,20
3806,20,-30.00,80.00,0,0.010000,1,0
3807,2,89.00,8.00,1,0.010000,0,0
3808,20,-20.00,80.00,0,0.010000,0,20
3809,20,-60.00,161.00,0,0.010000,1,18
3810,20,126.00,-69.00,0,0.010000,1,19
3811,20,-20.00,80.00,0,0.010000,0,0
3812,20,126.00,-69.00,0,0.010000,1,19
3813,20,-60.00,80.00,0,0.010000,4,0
3814,20,-30.00,80.00,0,0.010000,1,0
3815,20,-20.00,80.00,0,0.010000,0,20
3816,20,-40.00,80.00,0,0.010000,2,1
3817,2,89.00,8.00,1,0.010000,0,0
3818,20,-20.00,80.00,0,0.010000,0,20
3819,20,-70.00,161.00,0,0.010000,2,18
3820,20,126.00,-69.00,0,0.010000,1,19
3821,20,-20.00,80.00,0,0.010000,0,0
3822,20,126.00,-69.00,0,0.010000,1,19
3823,20,-40.00,80.00,0,0.010000,2,0
3824,20,-35.00,80.00,0,0.010000,1,1
3825,20,-20.00,80.00,0,0.010000,0,20
3826,20,-30.00,80.00,0,0.010000,1,0
3827,2,89.00,8.00,1,0.010000,0,0
3828,20,-18.00,72.00,0,0.010000,2,18
3829,20,-60.00,161.00,0,0.010000,1,18
3830,20,126.00,-69.00,0,0.010000,1,19
3831,20,-20.00,80.00,0,0.010000,0,0
3832,20,126.00,-69.00,0,0.010000,1,19
3833,20,-40.00,80.00,0,0.010000,2,0
3834,20,-30.00,80.00,0,0.010000,1,0
3835,20,-18.00,72.00,0,0.010000,2,18
3836,20,-50.00,80.00,0,0.010000,3,0
3837,2,89.00,8.00,1,0.010000,0,0
3838,20,-20.00,80.00,0,0.010000,0,20
3839,20,-60.00,161.00,0,0.010000,1,18
3840,20,126.00,-69.00,0,0.010000,1,19
3841,20,-140.00,80.00,0,0.010000,4,16
3842,20,126.00,-69.00,0,0.010000,1,19
3843,20,-40.00,80.00,0,0.010000,2,0
3844,20,-30.00,80.00,0,0.010000,1,0
3845,20,-20.00,80.00,0,0.010000,0,20
3846,20,-30.00,80.00,0,0.010000,1,0
3847,2,89.00,8.00,1,0.010000,0,0
3848,20,-20.00,80.00,0,0.010000,0,20
3849,20,-60.00,161.00,0,0.010000,1,18
3850,20,126.00,-69.00,0,0.010000,1,19
3851,20,-20.00,80.00,0,0.010000,0,0
3852,20,126.00,-69.00,0,0.010000,1,19
3853,20,-40.00,80.00,0,0.010000,2,0
3854,20,-30.00,80.00,0,0.010000,1,0
3855,20,-28.00,72.00,0,0.010000,3,18
3856,20,-30.00,80.00,0,0.010000,1,0
3857,2,89.00,8.00,1,0.010000,0,0
3858,20,-20.00,80.00,0,0.010000,0,20
3859,20,-19.00,107.00,0,0.010000,3,17
3860,20,126.00,-69.00,0,0.010000,1,19
3861,20,-20.00,80.00,0,0.010000,0,0
3862,20,126.00,-69.00,0,0.010000,1,19
3863,20,-40.00,80.00,0,0.010000,2,0
3864,20,-30.00,80.00,0,0.010000,1,0
3865,20,-20.00,80.00,0,0.010000,0,20
3866,20,-30.00,80.00,0,0.010000,1,0
3867,2,89.00,8.00,1,0.010000,0,0
3868,20,-20.00,80.00,0,0.010000,0,20
3869,20,-60.00,161.00,0,0.010000,1,18
3870,20,118.00,-72.00,0,0.010000,3,17
3871,20,-20.00,80.00,0,0.010000,0,0
3872,20,126.00,-69.00,0,0.010000,1,19
3873,20,-60.00,80.00,0,0.010000,4,0
3874,20,-30.00,80.00,0,0.010000,1,0
3875,20,-20.00,80.00,0,0.010000,0,20
3876,20,-40.00,80.00,0,0.010000,2,1
3877,2,89.00,8.00,1,0.010000,0,0
3878,20,-20.00,80.00,0,0.010000,0,20
3879,20,-60.00,161.00,0,0.010000,1,18
3880,20,64.00,-26.00,0,0.010000,5,15
3881,20,-20.00,80.00,0,0.010000,0,0
3882,20,126.00,-69.00,0,0.010000,1,19
3883,20,-40.00,80.00,0,0.010000,2,0
3884,20,-30.00,80.00,0,0.010000,1,0
3885,20,-20.00,80.00,0,0.010000,0,20
3886,20,-30.00,80.00,0,0.010000,1,0
3887,2,89.00,8.00,1,0.010000,0,0
3888,20,-20.00,80.00,0,0.010000,0,20
3889,20,-60.00,161.00,0,0.010000,1,18
3890,20,126.00,-69.00,0,0.010000,1,19
3891,20,-20.00,80.00,0,0.010000,0,0
3892,20,126.00,-69.00,0,0.010000,1,19
3893,20,-45.00,80.00,0,0.010000,2,1
3894,20,-30.00,80.00,0,0.010000,1,0
3895,20,-18.00,72.00,0,0.010000,2,18
3896,20,-30.00,80.00,0,0.010000,1,0
3897,2,89.00,8.00,1,0.010000,0,0
3898,20,-20.00,80.00,0,0.010000,0,20
3899,20,-60.00,161.00,0,0.010000,1,18
3900,20,126.00,-69.00,0,0.010000,1,19
3901,20,-20.00,80.00,0,0.010000,0,0
3902,20,126.00,-79.00,0,0.010000,2,19
3903,20,-40.00,80.00,0,0.010000,2,0
3904,20,-30.00,80.00,0,0.010000,1,0
3905,20,-20.00,80.00,0,0.010000,0,20
3906,20,-30.00,80.00,0,0.010000,1,0
3907,2,89.00,8.00,1,0.010000,0,0
3908,20,-20.00,80.00,0,0.010000,0,20
3909,20,-60.00,161.00,0,0.010000,1,18
3910,20,126.00,-69.00,0,0.010000,1,19
3911,20,-115.00,80.00,0,0.010000,6,7
3912,20,126.00,-69.00,0,0.010000,1,19
3913,20,-40.00,80.00,0,0.010000,2,0
3914,20,-30.00,80.00,0,0.010000,1,0
3915,20,-20.00,80.00,0,0.010000,0,20
3916,20,-30.00,80.00,0,0.010000,1,0
3917,2,89.00,8.00,1,0.010000,0,0
3918,20,-20.00,80.00,0,0.010000,0,20
3919,20,-60.00,161.00,0,0.010000,1,18
3920,20,126.00,-69.00,0,0.010000,1,19
3921,20,-20.00,80.00,0,0.010000,0,0
3922,20,126.00,-69.00,0,0.010000,1,19
3923,20,-40.00,80.00,0,0.010000,2,0
3924,20,-30.00,80.00,0,0.010000,1,0
3925,20,-20.00,80.00,0,0.010000,0,20
3926,20,-30.00,80.00,0,0.010000,1,0
3927,2,89.00,8.00,1,0.010000,0,0
3928,20,-20.00,80.00,0,0.010000,0,20
3929,20,-60.00,161.00,0,0.010000,1,18
3930,20,126.00,-69.00,0,0.010000,1,19
3931,20,-55.00,80.00,0,0.010000,2,3
3932,20,126.00,-69.00,0,0.010000,1,19
3933,20,-40.00,80.00,0,0.010000,2,0
3934,20,-30.00,80.00,0,0.010000,1,0
3935,20,-20.00,80.00,0,0.010000,0,20
3936,20,-30.00,80.00,0,0.010000,1,0
3937,2,89.00,8.00,1,0.010000,0,0
3938,20,-20.00,80.00,0,0.010000,0,20
3939,20,-60.00,161.00,0,0.010000,1,18
3940,20,126.00,-69.00,0,0.010000,1,19
3941,20,-20.00,80.00,0,0.010000,0,0
3942,20,126.00,-69.00,0,0.010000,1,19
3943,20,-60.00,80.00,0,0.010000,4,0
3944,20,-30.00,80.00,0,0.010000,1,0
3945,20,-20.00,80.00,0,0.010000,0,20
3946,20,-30.00,80.00,0,0.010000,1,0
3947,2,89.00,8.00,1,0.010000,0,0
3948,20,-20.00,80.00,0,0.010000,0,20
3949,20,-60.00,161.00,0,0.010000,1,18
3950,20,126.00,-69.00,0,0.010000,1,19
3951,20,-20.00,80.00,0,0.010000,0,0
3952,20,126.00,-69.00,0,0.010000,1,19
3953,20,-40.00,80.00,0,0.010000,2,0
3954,20,-30.00,80.00,0,0.010000,1,0
3955,20,-20.00,80.00,0,0.010000,0,20
3956,20,-30.00,80.00,0,0.010000,1,0
3957,2,89.00,8.00,1,0.010000,0,0
3958,20,-20.00,80.00,0,0.010000,0,20
3959,20,-60.00,153.00,0,0.010000,3,16
3960,20,126.00,-69.00,0,0.010000,1,19
3961,20,-20.00,80.00,0,0.010000,0,0
3962,20,118.00,-77.00,0,0.010000,4,15
3963,20,-45.00,80.00,0,0.010000,2,1
3964,20,-30.00,80.00,0,0.010000,1,0
3965,20,-20.00,80.00,0,0.010000,0,20
3966,20,-30.00,80.00,0,0.010000,1,0
3967,2,89.00,8.00,1,0.010000,0,0
3968,20,-20.00,72.00,0,0.010000,2,18
3969,20,-60.00,161.00,0,0.010000,1,18
3970,20,126.00,-69.00,0,0.010000,1,19
3971,20,-20.00,80.00,0,0.010000,0,0
3972,20,126.00,-69.00,0,0.010000,1,19
3973,20,-60.00,80.00,0,0.010000,4,0
3974,20,-30.00,80.00,0,0.010000,1,0
3975,20,-20.00,80.00,0,0.010000,0,20
3976,20,-30.00,80.00,0,0.010000,1,0
3977,2,89.00,8.00,1,0.010000,0,0
3978,20,-20.00,80.00,0,0.010000,0,20
3979,20,-60.00,161.00,0,0.010000,1,18
3980,20,126.00,-69.00,0,0.010000,1,19
3981,20,-20.00,80.00,0,0.010000,0,0
3982,20,126.00,-69.00,0,0.010000,1,19
3983,20,-40.00,80.00,0,0.010000,2,0
3984,20,-30.00,80.00,0,0.010000,1,0
3985,20,-18.00,72.00,0,0.010000,2,18
3986,20,-30.00,80.00,0,0.010000,1,0
3987,2,89.00,8.00,1,0.010000,0,0
3988,20,-20.00,80.00,0,0.010000,0,20
3989,20,-60.00,161.00,0,0.010000,1,18
3990,20,126.00,-69.00,0,0.010000,1,19
3991,20,-20.00,80.00,0,0.010000,0,0
3992,20,126.00,-74.00,0,0.010000,1,19
3993,20,-40.00,80.00,0,0.010000,2,0
3994,20,-30.00,80.00,0,0.010000,1,0
3995,20,-20.00,80.00,0,0.010000,0,20
3996,20,-30.00,80.00,0,0.010000,1,0
3997,2,89.00,8.00,1,0.010000,0,0
3998,20,-20.00,80.00,0,0.010000,0,20
3999,20,-60.00,161.00,0,0.010000,1,18

# Summary
# FirstGoalEpisode,0
# TotalGoalCount,402
# GoalRate_last100,0.10
