Episode,Steps,RewardZ1,RewardZ2,GoalReached,Epsilon,WastedByPenalty,WastedByNoEffect
0,0,0.00,0.00,1,0.300000,0,0
1,0,0.00,0.00,1,0.299100,0,0
2,20,56.00,-189.00,0,0.298203,11,13
3,0,0.00,0.00,1,0.297308,0,0
4,20,72.00,-85.00,0,0.296416,4,14
5,20,126.00,-134.00,0,0.295527,6,11
6,0,0.00,0.00,1,0.294640,0,0
7,20,-25.00,80.00,0,0.293756,7,18
8,20,-210.00,80.00,0,0.292875,19,20
9,20,80.00,-60.00,0,0.291997,4,18
10,20,109.00,-119.00,0,0.291121,9,8
11,0,0.00,0.00,1,0.290247,0,0
12,20,-29.00,-149.00,0,0.289376,13,17
13,0,0.00,0.00,1,0.288508,0,0
14,20,80.00,-30.00,0,0.287643,1,20
15,20,110.00,-160.00,0,0.286780,8,14
16,0,0.00,0.00,1,0.285920,0,0
17,15,112.00,52.00,1,0.285062,6,5
18,20,-44.00,-54.00,0,0.284207,13,17
19,20,-39.00,61.00,0,0.283354,7,14
20,20,149.00,-84.00,0,0.282504,4,2
21,0,0.00,0.00,1,0.281656,0,0
22,20,19.00,-132.00,0,0.280811,13,9
23,0,0.00,0.00,1,0.279969,0,0
24,20,78.00,-25.00,0,0.279129,10,5
25,20,59.00,-67.00,0,0.278292,17,6
26,0,0.00,0.00,1,0.277457,0,0
27,4,132.00,8.00,1,0.276624,1,0
28,20,96.00,-149.00,0,0.275795,8,14
29,20,-105.00,110.00,0,0.274967,11,12
30,20,149.00,-112.00,0,0.274142,8,11
31,0,0.00,0.00,1,0.273320,0,0
32,20,83.00,-107.00,0,0.272500,18,2
33,0,0.00,0.00,1,0.271682,0,0
34,20,38.00,-10.00,0,0.270867,12,3
35,20,172.00,-169.00,0,0.270055,12,5
36,0,0.00,0.00,1,0.269245,0,0
37,4,132.00,8.00,1,0.268437,1,0
38,20,59.00,-57.00,0,0.267632,9,15
39,20,80.00,-35.00,0,0.266829,3,13
40,20,157.00,-94.00,0,0.266028,4,6
41,0,0.00,0.00,1,0.265230,0,0
42,20,27.00,-36.00,0,0.264434,16,4
43,0,0.00,0.00,1,0.263641,0,0
44,20,-3.00,-51.00,0,0.262850,17,5
45,20,94.00,-86.00,0,0.262062,11,10
46,0,0.00,0.00,1,0.261275,0,0
47,4,132.00,8.00,1,0.260492,1,0
48,20,-148.00,72.00,0,0.259710,10,18
49,20,80.00,-30.00,0,0.258931,1,16
50,20,164.00,-107.00,0,0.258154,7,4
51,0,0.00,0.00,1,0.257380,0,0
52,20,49.00,-97.00,0,0.256608,19,3
53,0,0.00,0.00,1,0.255838,0,0
54,20,-74.00,47.00,0,0.255070,19,3
55,20,56.00,-115.00,0,0.254305,11,11
56,0,0.00,0.00,1,0.253542,0,0
57,4,132.00,8.00,1,0.252781,1,0
58,20,-121.00,64.00,0,0.252023,11,16
59,20,-22.00,113.00,0,0.251267,3,14
60,20,164.00,-99.00,0,0.250513,4,7
61,0,0.00,0.00,1,0.249762,0,0
62,20,22.00,-61.00,0,0.249012,20,1
63,0,0.00,0.00,1,0.248265,0,0
64,20,33.00,-4.00,0,0.247521,17,2
65,20,-22.00,8.00,0,0.246778,20,2
66,0,0.00,0.00,1,0.246038,0,0
67,5,121.00,12.00,1,0.245300,2,1
68,20,136.00,-134.00,0,0.244564,8,9
69,20,80.00,-10.00,0,0.243830,3,16
70,20,78.00,-85.00,0,0.243099,12,4
71,0,0.00,0.00,1,0.242369,0,0
72,20,22.00,-104.00,0,0.241642,18,7
73,0,0.00,0.00,1,0.240917,0,0
74,20,104.00,-94.00,0,0.240194,14,2
75,20,8.00,-2.00,0,0.239474,18,2
76,0,0.00,0.00,1,0.238755,0,0
77,11,105.00,36.00,1,0.238039,4,3
78,20,99.00,-62.00,0,0.237325,7,11
79,20,80.00,-40.00,0,0.236613,2,15
80,20,157.00,-74.00,0,0.235903,3,13
81,0,0.00,0.00,1,0.235196,0,0
82,20,80.00,-56.00,0,0.234490,16,2
83,0,0.00,0.00,1,0.233786,0,0
84,20,27.00,-30.00,0,0.233085,17,7
85,20,133.00,-90.00,0,0.232386,10,8
86,0,0.00,0.00,1,0.231689,0,0
87,6,140.00,-14.00,1,0.230994,3,2
88,20,-29.00,41.00,0,0.230301,9,14
89,20,80.00,-50.00,0,0.229610,3,13
90,20,190.00,-77.00,0,0.228921,6,3
91,0,0.00,0.00,1,0.228234,0,0
92,20,19.00,-72.00,0,0.227549,19,5
93,0,0.00,0.00,1,0.226867,0,0
94,20,-74.00,24.00,0,0.226186,18,6
95,20,-9.00,-65.00,0,0.225508,18,3
96,0,0.00,0.00,1,0.224831,0,0
97,5,131.00,12.00,1,0.224157,1,1
98,20,-53.00,72.00,0,0.223484,5,18
99,20,80.00,-35.00,0,0.222814,5,16
100,20,172.00,-139.00,0,0.222145,8,4
101,0,0.00,0.00,1,0.221479,0,0
102,20,95.00,-92.00,0,0.220814,18,3
103,0,0.00,0.00,1,0.220152,0,0
104,20,-61.00,54.00,0,0.219492,20,1
105,20,-2.00,3.00,0,0.218833,18,2
106,0,0.00,0.00,1,0.218177,0,0
107,6,135.00,6.00,1,0.217522,1,2
108,20,97.00,-9.00,0,0.216869,2,17
109,20,80.00,-30.00,0,0.216219,1,16
110,20,172.00,-109.00,0,0.215570,5,5
111,0,0.00,0.00,1,0.214923,0,0
112,20,116.00,-138.00,0,0.214279,15,5
113,0,0.00,0.00,1,0.213636,0,0
114,20,-91.00,62.00,0,0.212995,20,3
115,20,132.00,-91.00,0,0.212356,12,8
116,0,0.00,0.00,1,0.211719,0,0
117,5,121.00,12.00,1,0.211084,2,1
118,20,68.00,-67.00,0,0.210450,5,16
119,20,21.00,56.00,0,0.209819,3,14
120,20,6.00,-33.00,0,0.209190,9,2
121,0,0.00,0.00,1,0.208562,0,0
122,20,-52.00,11.00,0,0.207936,20,4
123,0,0.00,0.00,1,0.207313,0,0
124,20,-18.00,45.00,0,0.206691,18,3
125,20,8.00,-17.00,0,0.206071,19,2
126,0,0.00,0.00,1,0.205452,0,0
127,4,132.00,8.00,1,0.204836,1,0
128,20,-30.00,80.00,0,0.204222,1,20
129,20,80.00,-50.00,0,0.203609,3,18
130,20,205.00,-92.00,0,0.202998,6,1
131,0,0.00,0.00,1,0.202389,0,0
132,20,94.00,-148.00,0,0.201782,14,8
133,0,0.00,0.00,1,0.201177,0,0
134,20,49.00,-32.00,0,0.200573,10,10
135,20,42.00,-48.00,0,0.199971,18,3
136,0,0.00,0.00,1,0.199371,0,0
137,4,132.00,8.00,1,0.198773,1,0
138,20,114.00,-52.00,0,0.198177,7,12
139,20,80.00,0.00,0,0.197582,3,14
140,20,149.00,-79.00,0,0.196990,3,2
141,0,0.00,0.00,1,0.196399,0,0
142,20,124.00,-43.00,0,0.195809,12,9
143,0,0.00,0.00,1,0.195222,0,0
144,20,-24.00,59.00,0,0.194636,13,7
145,20,70.00,-105.00,0,0.194052,17,4
146,0,0.00,0.00,1,0.193470,0,0
147,5,121.00,12.00,1,0.192890,2,1
148,20,-37.00,48.00,0,0.192311,10,12
149,20,80.00,-30.00,0,0.191734,1,19
150,20,149.00,-89.00,0,0.191159,5,7
151,0,0.00,0.00,1,0.190586,0,0
152,20,208.00,-182.00,0,0.190014,12,8
153,0,0.00,0.00,1,0.189444,0,0
154,20,-95.00,94.00,0,0.188876,12,11
155,20,-22.00,8.00,0,0.188309,20,2
156,0,0.00,0.00,1,0.187744,0,0
157,5,121.00,12.00,1,0.187181,2,1
158,20,-43.00,72.00,0,0.186619,4,18
159,20,80.00,0.00,0,0.186059,3,12
160,20,157.00,-94.00,0,0.185501,5,2
161,0,0.00,0.00,1,0.184945,0,0
162,20,126.00,-99.00,0,0.184390,5,13
163,0,0.00,0.00,1,0.183837,0,0
164,20,-95.00,94.00,0,0.183285,12,11
165,20,-51.00,24.00,0,0.182735,18,6
166,0,0.00,0.00,1,0.182187,0,0
167,7,119.00,20.00,1,0.181641,3,1
168,20,-55.00,80.00,0,0.181096,3,20
169,20,80.00,-30.00,0,0.180552,1,18
170,20,157.00,-79.00,0,0.180011,3,1
171,0,0.00,0.00,1,0.179471,0,0
172,20,-24.00,40.00,0,0.178932,11,10
173,0,0.00,0.00,1,0.178395,0,0
174,20,-38.00,44.00,0,0.177860,12,9
175,20,14.00,-21.00,0,0.177327,13,11
176,0,0.00,0.00,1,0.176795,0,0
177,4,132.00,8.00,1,0.176264,1,0
178,20,58.00,82.00,0,0.175735,2,14
179,20,26.00,56.00,0,0.175208,2,14
180,20,180.00,-102.00,0,0.174683,7,5
181,0,0.00,0.00,1,0.174159,0,0
182,20,4.00,-6.00,0,0.173636,11,11
183,0,0.00,0.00,1,0.173115,0,0
184,20,-70.00,79.00,0,0.172596,10,11
185,20,147.00,-64.00,0,0.172078,3,18
186,0,0.00,0.00,1,0.171562,0,0
187,6,130.00,16.00,1,0.171047,1,0
188,20,122.00,-29.00,0,0.170534,4,14
189,20,80.00,-30.00,0,0.170022,1,17
190,20,149.00,-89.00,0,0.169512,5,2
191,0,0.00,0.00,1,0.169004,0,0
192,20,-36.00,43.00,0,0.168497,10,12
193,0,0.00,0.00,1,0.167991,0,0
194,20,79.00,-48.00,0,0.167487,6,15
195,20,-32.00,38.00,0,0.166985,11,10
196,0,0.00,0.00,1,0.166484,0,0
197,4,132.00,8.00,1,0.165984,1,0
198,20,62.00,-19.00,0,0.165487,4,18
199,20,6.00,71.00,0,0.164990,3,16
200,20,162.00,-74.00,0,0.164495,1,4
201,0,0.00,0.00,1,0.164002,0,0
202,20,22.00,20.00,0,0.163510,13,8
203,0,0.00,0.00,1,0.163019,0,0
204,20,-65.00,94.00,0,0.162530,9,11
205,20,-47.00,43.00,0,0.162042,12,12
206,0,0.00,0.00,1,0.161556,0,0
207,5,131.00,12.00,1,0.161072,1,1
208,20,-50.00,80.00,0,0.160588,3,20
209,20,80.00,-30.00,0,0.160107,1,19
210,20,172.00,-94.00,0,0.159626,3,3
211,0,0.00,0.00,1,0.159147,0,0
212,20,-26.00,56.00,0,0.158670,7,14
213,0,0.00,0.00,1,0.158194,0,0
214,20,46.00,-32.00,0,0.157719,10,11
215,20,27.00,-23.00,0,0.157246,10,11
216,0,0.00,0.00,1,0.156775,0,0
217,4,132.00,8.00,1,0.156304,1,0
218,20,-50.00,80.00,0,0.155835,3,20
219,20,-22.00,83.00,0,0.155368,6,12
220,20,172.00,-89.00,0,0.154902,3,2
221,0,0.00,0.00,1,0.154437,0,0
222,20,-38.00,56.00,0,0.153974,8,14
223,0,0.00,0.00,1,0.153512,0,0
224,20,-21.00,11.00,0,0.153051,10,12
225,20,164.00,-109.00,0,0.152592,7,12
226,0,0.00,0.00,1,0.152134,0,0
227,4,132.00,8.00,1,0.151678,1,0
228,20,-30.00,80.00,0,0.151223,1,20
229,20,80.00,-20.00,0,0.150769,0,19
230,20,167.00,-69.00,0,0.150317,1,4
231,0,0.00,0.00,1,0.149866,0,0
232,20,-16.00,56.00,0,0.149416,6,14
233,0,0.00,0.00,1,0.148968,0,0
234,20,49.00,-14.00,0,0.148521,7,13
235,20,-84.00,56.00,0,0.148076,12,14
236,0,0.00,0.00,1,0.147631,0,0
237,6,115.00,16.00,1,0.147188,2,2
238,20,30.00,89.00,0,0.146747,5,14
239,20,80.00,-30.00,0,0.146307,0,19
240,20,172.00,-79.00,0,0.145868,2,1
241,0,0.00,0.00,1,0.145430,0,0
242,20,-31.00,56.00,0,0.144994,7,14
243,0,0.00,0.00,1,0.144559,0,0
244,20,4.00,11.00,0,0.144125,9,13
245,20,77.00,-55.00,0,0.143693,7,13
246,0,0.00,0.00,1,0.143262,0,0
247,4,132.00,8.00,1,0.142832,1,0
248,20,40.00,5.00,0,0.142403,5,15
249,20,80.00,10.00,0,0.141976,1,14
250,20,142.00,-99.00,0,0.141550,6,9
251,0,0.00,0.00,1,0.141126,0,0
252,20,-28.00,64.00,0,0.140702,5,16
253,0,0.00,0.00,1,0.140280,0,0
254,20,-67.00,110.00,0,0.139859,5,15
255,20,-59.00,56.00,0,0.139440,9,14
256,0,0.00,0.00,1,0.139021,0,0
257,4,132.00,8.00,1,0.138604,1,0
258,20,98.00,32.00,0,0.138189,3,14
259,20,80.00,-20.00,0,0.137774,0,19
260,20,172.00,-104.00,0,0.137361,4,2
261,0,0.00,0.00,1,0.136949,0,0
262,20,124.00,-47.00,0,0.136538,5,14
263,0,0.00,0.00,1,0.136128,0,0
264,20,-87.00,110.00,0,0.135720,7,15
265,20,-52.00,48.00,0,0.135313,11,12
266,0,0.00,0.00,1,0.134907,0,0
267,6,130.00,16.00,1,0.134502,2,0
268,20,-16.00,64.00,0,0.134098,4,16
269,20,80.00,-30.00,0,0.133696,1,19
270,20,195.00,-82.00,0,0.133295,5,3
271,0,0.00,0.00,1,0.132895,0,0
272,20,-23.00,72.00,0,0.132496,2,18
273,0,0.00,0.00,1,0.132099,0,0
274,20,-16.00,90.00,0,0.131703,6,13
275,20,-59.00,56.00,0,0.131308,9,14
276,0,0.00,0.00,1,0.130914,0,0
277,4,132.00,8.00,1,0.130521,1,0
278,20,-38.00,72.00,0,0.130129,4,18
279,20,80.00,-15.00,0,0.129739,4,12
280,20,172.00,-79.00,0,0.129350,2,2
281,0,0.00,0.00,1,0.128962,0,0
282,20,-33.00,72.00,0,0.128575,3,18
283,0,0.00,0.00,1,0.128189,0,0
284,20,72.00,-38.00,0,0.127805,5,14
285,20,172.00,-69.00,0,0.127421,1,18
286,0,0.00,0.00,1,0.127039,0,0
287,5,121.00,12.00,1,0.126658,2,1
288,20,132.00,-34.00,0,0.126278,2,16
289,20,80.00,-60.00,0,0.125899,4,18
290,20,172.00,-69.00,0,0.125521,1,0
291,0,0.00,0.00,1,0.125145,0,0
292,20,81.00,-37.00,0,0.124769,4,15
293,0,0.00,0.00,1,0.124395,0,0
294,20,-69.00,126.00,0,0.124022,1,19
295,20,47.00,-45.00,0,0.123650,10,11
296,0,0.00,0.00,1,0.123279,0,0
297,4,132.00,8.00,1,0.122909,1,0
298,20,28.00,77.00,0,0.122540,5,14
299,20,80.00,-30.00,0,0.122173,1,17
300,20,172.00,-79.00,0,0.121806,2,11
301,0,0.00,0.00,1,0.121441,0,0
302,20,-25.00,80.00,0,0.121076,0,20
303,0,0.00,0.00,1,0.120713,0,0
304,20,-33.00,64.00,0,0.120351,5,16
305,20,-64.00,56.00,0,0.119990,10,14
306,0,0.00,0.00,1,0.119630,0,0
307,4,132.00,8.00,1,0.119271,1,0
308,20,92.00,1.00,0,0.118913,2,17
309,20,80.00,-15.00,0,0.118556,3,16
310,20,164.00,-69.00,0,0.118201,2,4
311,0,0.00,0.00,1,0.117846,0,0
312,20,28.00,44.00,0,0.117493,6,14
313,0,0.00,0.00,1,0.117140,0,0
314,20,-77.00,118.00,0,0.116789,4,17
315,20,-84.00,56.00,0,0.116438,12,14
316,0,0.00,0.00,1,0.116089,0,0
317,4,132.00,8.00,1,0.115741,1,0
318,20,102.00,-9.00,0,0.115394,2,16
319,20,-9.00,96.00,0,0.115047,2,16
320,20,205.00,-82.00,0,0.114702,5,4
321,0,0.00,0.00,1,0.114358,0,0
322,20,-38.00,72.00,0,0.114015,4,18
323,0,0.00,0.00,1,0.113673,0,0
324,20,-9.00,66.00,0,0.113332,1,19
325,20,172.00,-84.00,0,0.112992,3,16
326,0,0.00,0.00,1,0.112653,0,0
327,5,126.00,12.00,1,0.112315,1,1
328,20,-31.00,59.00,0,0.111978,6,16
329,20,80.00,-30.00,0,0.111642,1,18
330,20,172.00,-79.00,0,0.111307,2,6
331,0,0.00,0.00,1,0.110973,0,0
332,20,141.00,-99.00,0,0.110640,3,15
333,0,0.00,0.00,1,0.110308,0,0
334,20,80.00,-30.00,0,0.109978,1,18
335,20,114.00,-42.00,0,0.109648,5,16
336,0,0.00,0.00,1,0.109319,0,0
337,4,132.00,8.00,1,0.108991,1,0
338,20,-30.00,80.00,0,0.108664,1,20
339,20,80.00,-30.00,0,0.108338,1,19
340,20,205.00,-82.00,0,0.108013,5,4
341,0,0.00,0.00,1,0.107689,0,0
342,20,106.00,-54.00,0,0.107366,2,18
343,0,0.00,0.00,1,0.107044,0,0
344,20,-14.00,71.00,0,0.106722,1,19
345,20,83.00,-28.00,0,0.106402,9,12
346,0,0.00,0.00,1,0.106083,0,0
347,6,110.00,16.00,1,0.105765,3,2
348,20,-20.00,80.00,0,0.105448,0,20
349,20,72.00,-35.00,0,0.105131,4,9
350,20,172.00,-69.00,0,0.104816,1,8
351,0,0.00,0.00,1,0.104501,0,0
352,20,-35.00,80.00,0,0.104188,1,20
353,0,0.00,0.00,1,0.103875,0,0
354,20,80.00,-30.00,0,0.103564,1,16
355,20,-74.00,56.00,0,0.103253,11,14
356,0,0.00,0.00,1,0.102943,0,0
357,4,132.00,8.00,1,0.102634,1,0
358,20,117.00,-14.00,0,0.102326,1,17
359,20,80.00,-20.00,0,0.102019,0,19
360,20,172.00,-79.00,0,0.101713,2,10
361,0,0.00,0.00,1,0.101408,0,0
362,20,-30.00,64.00,0,0.101104,5,16
363,0,0.00,0.00,1,0.100801,0,0
364,20,80.00,-20.00,0,0.100498,0,20
365,20,-44.00,56.00,0,0.100197,8,14
366,0,0.00,0.00,1,0.099896,0,0
367,5,121.00,12.00,1,0.099597,2,1
368,20,-30.00,80.00,0,0.099298,1,20
369,20,80.00,-20.00,0,0.099000,0,19
370,20,154.00,-74.00,0,0.098703,3,8
371,0,0.00,0.00,1,0.098407,0,0
372,20,167.00,-104.00,0,0.098112,5,15
373,0,0.00,0.00,1,0.097817,0,0
374,20,118.00,-58.00,0,0.097524,6,14
375,20,51.00,-45.00,0,0.097231,9,14
376,0,0.00,0.00,1,0.096940,0,0
377,4,132.00,8.00,1,0.096649,1,0
378,20,104.00,-17.00,0,0.096359,5,14
379,20,80.00,-20.00,0,0.096070,0,19
380,20,172.00,-69.00,0,0.095781,1,10
381,0,0.00,0.00,1,0.095494,0,0
382,20,172.00,-79.00,0,0.095208,2,17
383,0,0.00,0.00,1,0.094922,0,0
384,20,80.00,-20.00,0,0.094637,0,20
385,20,172.00,-79.00,0,0.094353,3,16
386,0,0.00,0.00,1,0.094070,0,0
387,5,121.00,12.00,1,0.093788,2,1
388,20,129.00,-37.00,0,0.093507,4,12
389,20,80.00,-20.00,0,0.093226,0,19
390,20,172.00,-74.00,0,0.092946,1,9
391,0,0.00,0.00,1,0.092668,0,0
392,20,172.00,-104.00,0,0.092390,4,16
393,0,0.00,0.00,1,0.092112,0,0
394,20,80.00,-20.00,0,0.091836,0,20
395,20,167.00,-84.00,0,0.091561,4,16
396,0,0.00,0.00,1,0.091286,0,0
397,6,130.00,16.00,1,0.091012,2,0
398,20,-20.00,80.00,0,0.090739,0,20
399,20,113.00,7.00,0,0.090467,4,13
400,20,164.00,-69.00,0,0.090195,2,8
401,0,0.00,0.00,1,0.089925,0,0
402,20,172.00,-99.00,0,0.089655,4,15
403,0,0.00,0.00,1,0.089386,0,0
404,20,80.00,-20.00,0,0.089118,0,20
405,20,134.00,-77.00,0,0.088851,8,14
406,0,0.00,0.00,1,0.088584,0,0
407,4,132.00,8.00,1,0.088318,1,0
408,20,-30.00,80.00,0,0.088053,1,20
409,20,80.00,-35.00,0,0.087789,1,19
410,20,172.00,-79.00,0,0.087526,2,10
411,0,0.00,0.00,1,0.087263,0,0
412,20,172.00,-99.00,0,0.087001,4,16
413,0,0.00,0.00,1,0.086740,0,0
414,20,80.00,-35.00,0,0.086480,1,19
415,20,76.00,-40.00,0,0.086221,11,12
416,0,0.00,0.00,1,0.085962,0,0
417,4,132.00,8.00,1,0.085704,1,0
418,20,-20.00,80.00,0,0.085447,0,20
419,20,80.00,-30.00,0,0.085191,1,18
420,20,172.00,-69.00,0,0.084935,1,9
421,0,0.00,0.00,1,0.084680,0,0
422,20,172.00,-94.00,0,0.084426,3,17
423,0,0.00,0.00,1,0.084173,0,0
424,20,80.00,-20.00,0,0.083921,0,20
425,20,71.00,-20.00,0,0.083669,9,12
426,0,0.00,0.00,1,0.083418,0,0
427,4,132.00,8.00,1,0.083168,1,0
428,20,-25.00,80.00,0,0.082918,0,20
429,20,80.00,-30.00,0,0.082669,1,19
430,20,162.00,-74.00,0,0.082421,2,13
431,0,0.00,0.00,1,0.082174,0,0
432,20,162.00,-84.00,0,0.081927,3,15
433,0,0.00,0.00,1,0.081682,0,0
434,20,80.00,-25.00,0,0.081437,0,20
435,20,157.00,-64.00,0,0.081192,4,14
436,0,0.00,0.00,1,0.080949,0,0
437,4,132.00,8.00,1,0.080706,1,0
438,20,-20.00,80.00,0,0.080464,0,20
439,20,80.00,-20.00,0,0.080222,0,19
440,20,172.00,-69.00,0,0.079982,1,9
441,0,0.00,0.00,1,0.079742,0,0
442,20,172.00,-99.00,0,0.079503,4,15
443,0,0.00,0.00,1,0.079264,0,0
444,20,80.00,-30.00,0,0.079026,1,19
445,20,-47.00,48.00,0,0.078789,11,12
446,0,0.00,0.00,1,0.078553,0,0
447,4,132.00,8.00,1,0.078317,1,0
448,20,-30.00,80.00,0,0.078082,1,20
449,20,80.00,10.00,0,0.077848,1,16
450,20,172.00,-69.00,0,0.077614,1,9
451,0,0.00,0.00,1,0.077382,0,0
452,20,172.00,-94.00,0,0.077149,3,16
453,0,0.00,0.00,1,0.076918,0,0
454,20,80.00,-20.00,0,0.076687,0,20
455,20,94.00,-27.00,0,0.076457,6,14
456,0,0.00,0.00,1,0.076228,0,0
457,5,136.00,-3.00,1,0.075999,2,1
458,20,-20.00,80.00,0,0.075771,0,20
459,20,80.00,-30.00,0,0.075544,1,19
460,20,172.00,-69.00,0,0.075317,1,11
461,0,0.00,0.00,1,0.075091,0,0
462,20,172.00,-79.00,0,0.074866,2,15
463,0,0.00,0.00,1,0.074641,0,0
464,20,80.00,-30.00,0,0.074417,1,19
465,20,109.00,-47.00,0,0.074194,6,16
466,0,0.00,0.00,1,0.073972,0,0
467,4,132.00,8.00,1,0.073750,1,0
468,20,142.00,-39.00,0,0.073528,1,17
469,20,80.00,-50.00,0,0.073308,3,16
470,20,167.00,-84.00,0,0.073088,3,13
471,0,0.00,0.00,1,0.072869,0,0
472,20,172.00,-89.00,0,0.072650,3,16
473,0,0.00,0.00,1,0.072432,0,0
474,20,80.00,-30.00,0,0.072215,1,20
475,20,139.00,-67.00,0,0.071998,5,16
476,0,0.00,0.00,1,0.071782,0,0
477,4,132.00,8.00,1,0.071567,1,0
478,20,-30.00,80.00,0,0.071352,1,20
479,20,80.00,-30.00,0,0.071138,1,19
480,20,172.00,-84.00,0,0.070925,2,11
481,0,0.00,0.00,1,0.070712,0,0
482,20,286.00,-93.00,0,0.070500,10,4
483,0,0.00,0.00,1,0.070288,0,0
484,20,270.00,-60.00,0,0.070077,15,0
485,20,149.00,-62.00,0,0.069867,5,14
486,0,0.00,0.00,1,0.069658,0,0
487,4,132.00,8.00,1,0.069449,1,0
488,20,167.00,-74.00,0,0.069240,2,16
489,20,80.00,-30.00,0,0.069033,1,19
490,20,172.00,-69.00,0,0.068825,1,10
491,0,0.00,0.00,1,0.068619,0,0
492,20,316.00,-101.00,0,0.068413,14,0
493,0,0.00,0.00,1,0.068208,0,0
494,20,171.00,-57.00,0,0.068003,15,2
495,20,8.00,-2.00,0,0.067799,7,17
496,0,0.00,0.00,1,0.067596,0,0
497,1,50.00,4.00,1,0.067393,0,0
498,20,-30.00,80.00,0,0.067191,1,20
499,20,80.00,-35.00,0,0.066989,1,19
500,20,118.00,-69.00,0,0.066788,2,11
501,0,0.00,0.00,1,0.066588,0,0
502,20,324.00,-116.00,0,0.066388,14,1
503,0,0.00,0.00,1,0.066189,0,0
504,20,270.00,-50.00,0,0.065990,14,1
505,20,142.00,-64.00,0,0.065792,4,16
506,0,0.00,0.00,1,0.065595,0,0
507,4,132.00,8.00,1,0.065398,1,0
508,20,-20.00,80.00,0,0.065202,0,20
509,20,80.00,-20.00,0,0.065007,0,19
510,20,172.00,-89.00,0,0.064811,3,11
511,0,0.00,0.00,1,0.064617,0,0
512,20,270.00,-60.00,0,0.064423,15,0
513,0,0.00,0.00,1,0.064230,0,0
514,20,260.00,-45.00,0,0.064037,14,1
515,20,113.00,-74.00,0,0.063845,3,16
516,0,0.00,0.00,1,0.063654,0,0
517,4,132.00,8.00,1,0.063463,1,0
518,20,-20.00,80.00,0,0.063272,0,20
519,20,80.00,-30.00,0,0.063082,1,18
520,20,164.00,-79.00,0,0.062893,3,9
521,0,0.00,0.00,1,0.062705,0,0
522,20,281.00,-143.00,0,0.062516,16,1
523,0,0.00,0.00,1,0.062329,0,0
524,20,156.00,-56.00,0,0.062142,8,11
525,20,33.00,-7.00,0,0.061955,5,15
526,0,0.00,0.00,1,0.061770,0,0
527,4,132.00,8.00,1,0.061584,1,0
528,20,-20.00,80.00,0,0.061400,0,20
529,20,80.00,-30.00,0,0.061215,1,16
530,20,172.00,-69.00,0,0.061032,1,12
531,0,0.00,0.00,1,0.060849,0,0
532,20,270.00,-60.00,0,0.060666,15,0
533,0,0.00,0.00,1,0.060484,0,0
534,20,270.00,-60.00,0,0.060303,15,0
535,20,142.00,-54.00,0,0.060122,3,16
536,0,0.00,0.00,1,0.059941,0,0
537,4,132.00,8.00,1,0.059761,1,0
538,20,-28.00,72.00,0,0.059582,3,18
539,20,80.00,20.00,0,0.059403,0,17
540,20,172.00,-69.00,0,0.059225,1,10
541,0,0.00,0.00,1,0.059048,0,0
542,20,319.00,-121.00,0,0.058870,15,1
543,0,0.00,0.00,1,0.058694,0,0
544,20,270.00,-60.00,0,0.058518,15,0
545,20,126.00,-89.00,0,0.058342,4,16
546,0,0.00,0.00,1,0.058167,0,0
547,4,132.00,8.00,1,0.057993,1,0
548,20,-20.00,80.00,0,0.057819,0,20
549,20,80.00,-20.00,0,0.057645,0,19
550,20,152.00,-54.00,0,0.057472,1,10
551,0,0.00,0.00,1,0.057300,0,0
552,20,299.00,-106.00,0,0.057128,14,2
553,0,0.00,0.00,1,0.056957,0,0
554,20,270.00,-60.00,0,0.056786,15,1
555,20,33.00,-7.00,0,0.056615,5,17
556,0,0.00,0.00,1,0.056445,0,0
557,5,121.00,12.00,1,0.056276,2,1
558,20,159.00,-104.00,0,0.056107,5,11
559,20,80.00,-25.00,0,0.055939,0,19
560,20,172.00,-69.00,0,0.055771,1,11
561,0,0.00,0.00,1,0.055604,0,0
562,20,227.00,-82.00,0,0.055437,16,0
563,0,0.00,0.00,1,0.055271,0,0
564,20,270.00,-50.00,0,0.055105,14,1
565,20,119.00,-42.00,0,0.054940,6,14
566,0,0.00,0.00,1,0.054775,0,0
567,4,132.00,8.00,1,0.054610,1,0
568,20,-25.00,80.00,0,0.054447,0,20
569,20,80.00,-20.00,0,0.054283,0,19
570,20,172.00,-69.00,0,0.054120,1,11
571,0,0.00,0.00,1,0.053958,0,0
572,20,172.00,-89.00,0,0.053796,4,14
573,0,0.00,0.00,1,0.053635,0,0
574,20,209.00,-50.00,0,0.053474,15,2
575,20,78.00,-37.00,0,0.053314,3,17
576,0,0.00,0.00,1,0.053154,0,0
577,4,132.00,8.00,1,0.052994,1,0
578,20,117.00,-14.00,0,0.052835,2,16
579,20,80.00,-30.00,0,0.052677,1,18
580,20,208.00,-85.00,0,0.052519,11,5
581,0,0.00,0.00,1,0.052361,0,0
582,20,314.00,-116.00,0,0.052204,14,1
583,0,0.00,0.00,1,0.052047,0,0
584,20,209.00,-50.00,0,0.051891,16,0
585,20,2.00,27.00,0,0.051736,4,16
586,0,0.00,0.00,1,0.051580,0,0
587,4,132.00,8.00,1,0.051426,1,0
588,20,-30.00,80.00,0,0.051271,1,20
589,20,80.00,-30.00,0,0.051117,1,19
590,20,172.00,-69.00,0,0.050964,1,10
591,0,0.00,0.00,1,0.050811,0,0
592,20,324.00,-121.00,0,0.050659,15,1
593,0,0.00,0.00,1,0.050507,0,0
594,20,270.00,-55.00,0,0.050355,14,1
595,20,142.00,-79.00,0,0.050204,5,16
596,0,0.00,0.00,1,0.050054,0,0
597,4,132.00,8.00,1,0.049903,1,0
598,20,-30.00,80.00,0,0.049754,1,20
599,20,80.00,-30.00,0,0.049605,1,19
600,20,172.00,-69.00,0,0.049456,1,11
601,0,0.00,0.00,1,0.049307,0,0
602,20,251.00,-106.00,0,0.049159,14,4
603,0,0.00,0.00,1,0.049012,0,0
604,20,224.00,-52.00,0,0.048865,13,2
605,20,121.00,-74.00,0,0.048718,2,18
606,0,0.00,0.00,1,0.048572,0,0
607,4,132.00,8.00,1,0.048426,1,0
608,20,-38.00,72.00,0,0.048281,4,18
609,20,80.00,-20.00,0,0.048136,0,19
610,20,172.00,-79.00,0,0.047992,2,11
611,0,0.00,0.00,1,0.047848,0,0
612,20,299.00,-101.00,0,0.047704,14,2
613,0,0.00,0.00,1,0.047561,0,0
614,20,212.00,-55.00,0,0.047419,14,2
615,20,48.00,-7.00,0,0.047276,3,17
616,0,0.00,0.00,1,0.047134,0,0
617,4,132.00,8.00,1,0.046993,1,0
618,20,-20.00,80.00,0,0.046852,0,20
619,20,80.00,-20.00,0,0.046712,0,19
620,20,172.00,-69.00,0,0.046571,1,11
621,0,0.00,0.00,1,0.046432,0,0
622,20,319.00,-106.00,0,0.046292,14,2
623,0,0.00,0.00,1,0.046154,0,0
624,20,227.00,-67.00,0,0.046015,14,2
625,20,137.00,-54.00,0,0.045877,5,14
626,0,0.00,0.00,1,0.045739,0,0
627,4,132.00,8.00,1,0.045602,1,0
628,20,-25.00,80.00,0,0.045465,0,20
629,20,-19.00,116.00,0,0.045329,1,16
630,20,103.00,-69.00,0,0.045193,3,9
631,0,0.00,0.00,1,0.045057,0,0
632,20,270.00,-60.00,0,0.044922,15,0
633,0,0.00,0.00,1,0.044787,0,0
634,20,219.00,-45.00,0,0.044653,14,2
635,20,58.00,-27.00,0,0.044519,4,17
636,0,0.00,0.00,1,0.044386,0,0
637,6,120.00,16.00,1,0.044252,2,2
638,20,-20.00,80.00,0,0.044120,0,20
639,20,-39.00,136.00,0,0.043987,1,16
640,20,172.00,-69.00,0,0.043855,1,11
641,0,0.00,0.00,1,0.043724,0,0
642,20,316.00,-99.00,0,0.043593,15,0
643,0,0.00,0.00,1,0.043462,0,0
644,20,260.00,-55.00,0,0.043331,14,1
645,20,7.00,37.00,0,0.043201,3,18
646,0,0.00,0.00,1,0.043072,0,0
647,20,55.00,80.00,0,0.042943,0,18
648,20,-18.00,72.00,0,0.042814,2,18
649,20,80.00,-25.00,0,0.042685,0,17
650,20,172.00,-69.00,0,0.042557,1,11
651,0,0.00,0.00,1,0.042430,0,0
652,20,270.00,-60.00,0,0.042302,15,0
653,0,0.00,0.00,1,0.042175,0,0
654,20,270.00,-60.00,0,0.042049,15,0
655,20,162.00,-69.00,0,0.041923,3,16
656,0,0.00,0.00,1,0.041797,0,0
657,4,132.00,8.00,1,0.041672,1,0
658,20,-45.00,80.00,0,0.041547,2,20
659,20,72.00,-20.00,0,0.041422,1,16
660,20,164.00,-69.00,0,0.041298,2,9
661,0,0.00,0.00,1,0.041174,0,0
662,20,270.00,-60.00,0,0.041050,15,0
663,0,0.00,0.00,1,0.040927,0,0
664,20,173.00,-11.00,0,0.040804,15,1
665,20,37.00,7.00,0,0.040682,2,18
666,0,0.00,0.00,1,0.040560,0,0
667,5,126.00,12.00,1,0.040438,1,1
668,20,-20.00,80.00,0,0.040317,0,20
669,20,80.00,-30.00,0,0.040196,1,19
670,20,157.00,-64.00,0,0.040075,2,11
671,0,0.00,0.00,1,0.039955,0,0
672,20,270.00,-60.00,0,0.039835,15,0
673,0,0.00,0.00,1,0.039716,0,0
674,20,265.00,-60.00,0,0.039597,15,1
675,20,22.00,7.00,0,0.039478,4,18
676,0,0.00,0.00,1,0.039359,0,0
677,4,132.00,8.00,1,0.039241,1,0
678,20,-20.00,80.00,0,0.039124,0,20
679,20,-34.00,131.00,0,0.039006,1,16
680,20,172.00,-69.00,0,0.038889,1,11
681,0,0.00,0.00,1,0.038773,0,0
682,20,309.00,-106.00,0,0.038656,15,1
683,0,0.00,0.00,1,0.038540,0,0
684,20,270.00,-60.00,0,0.038425,15,0
685,20,37.00,17.00,0,0.038309,2,18
686,0,0.00,0.00,1,0.038194,0,0
687,4,132.00,8.00,1,0.038080,1,0
688,20,-20.00,80.00,0,0.037966,0,20
689,20,80.00,-20.00,0,0.037852,0,19
690,20,172.00,-69.00,0,0.037738,1,10
691,0,0.00,0.00,1,0.037625,0,0
692,20,270.00,-60.00,0,0.037512,15,0
693,0,0.00,0.00,1,0.037400,0,0
694,20,265.00,-45.00,0,0.037287,14,1
695,20,88.00,-59.00,0,0.037175,5,15
696,0,0.00,0.00,1,0.037064,0,0
697,4,132.00,8.00,1,0.036953,1,0
698,20,-30.00,80.00,0,0.036842,1,20
699,20,80.00,-20.00,0,0.036731,0,19
700,20,172.00,-74.00,0,0.036621,1,11
701,0,0.00,0.00,1,0.036511,0,0
702,20,270.00,-60.00,0,0.036402,15,0
703,0,0.00,0.00,1,0.036293,0,0
704,20,219.00,-45.00,0,0.036184,14,2
705,20,86.00,-39.00,0,0.036075,1,19
706,0,0.00,0.00,1,0.035967,0,0
707,4,132.00,8.00,1,0.035859,1,0
708,20,162.00,-69.00,0,0.035751,2,17
709,20,80.00,-20.00,0,0.035644,0,19
710,20,172.00,-69.00,0,0.035537,1,12
711,0,0.00,0.00,1,0.035431,0,0
712,20,309.00,-111.00,0,0.035324,15,1
713,0,0.00,0.00,1,0.035218,0,0
714,20,270.00,-60.00,0,0.035113,15,0
715,20,94.00,-47.00,0,0.035007,5,15
716,0,0.00,0.00,1,0.034902,0,0
717,4,132.00,8.00,1,0.034798,1,0
718,20,-30.00,80.00,0,0.034693,0,20
719,20,80.00,-30.00,0,0.034589,1,19
720,20,157.00,-84.00,0,0.034485,2,11
721,0,0.00,0.00,1,0.034382,0,0
722,20,270.00,-60.00,0,0.034279,15,0
723,0,0.00,0.00,1,0.034176,0,0
724,20,270.00,-60.00,0,0.034073,15,1
725,20,51.00,-9.00,0,0.033971,2,19
726,0,0.00,0.00,1,0.033869,0,0
727,4,132.00,8.00,1,0.033768,1,0
728,20,-20.00,80.00,0,0.033666,0,20
729,20,80.00,-20.00,0,0.033565,0,19
730,20,172.00,-69.00,0,0.033465,1,10
731,0,0.00,0.00,1,0.033364,0,0
732,20,270.00,-60.00,0,0.033264,15,0
733,0,0.00,0.00,1,0.033164,0,0
734,20,270.00,-60.00,0,0.033065,15,0
735,20,122.00,-29.00,0,0.032966,3,16
736,0,0.00,0.00,1,0.032867,0,0
737,4,132.00,8.00,1,0.032768,1,0
738,20,-20.00,80.00,0,0.032670,0,20
739,20,-44.00,141.00,0,0.032572,1,16
740,20,172.00,-99.00,0,0.032474,4,11
741,0,0.00,0.00,1,0.032377,0,0
742,20,324.00,-116.00,0,0.032280,14,1
743,0,0.00,0.00,1,0.032183,0,0
744,20,270.00,-60.00,0,0.032086,15,0
745,20,12.00,27.00,0,0.031990,3,18
746,0,0.00,0.00,1,0.031894,0,0
747,4,132.00,8.00,1,0.031798,1,0
748,20,-30.00,80.00,0,0.031703,1,20
749,20,80.00,-20.00,0,0.031608,0,19
750,20,172.00,-69.00,0,0.031513,1,11
751,0,0.00,0.00,1,0.031418,0,0
752,20,270.00,-60.00,0,0.031324,15,0
753,0,0.00,0.00,1,0.031230,0,0
754,20,255.00,-45.00,0,0.031137,15,1
755,20,137.00,-54.00,0,0.031043,3,18
756,0,0.00,0.00,1,0.030950,0,0
757,4,132.00,8.00,1,0.030857,1,0
758,20,-20.00,80.00,0,0.030765,0,20
759,20,80.00,-20.00,0,0.030672,0,17
760,20,172.00,-69.00,0,0.030580,1,10
761,0,0.00,0.00,1,0.030489,0,0
762,20,270.00,-60.00,0,0.030397,15,0
763,0,0.00,0.00,1,0.030306,0,0
764,20,270.00,-60.00,0,0.030215,15,0
765,20,101.00,-49.00,0,0.030124,1,19
766,0,0.00,0.00,1,0.030034,0,0
767,5,136.00,7.00,1,0.029944,1,1
768,20,-20.00,80.00,0,0.029854,0,20
769,20,80.00,-20.00,0,0.029764,0,19
770,20,172.00,-69.00,0,0.029675,1,11
771,0,0.00,0.00,1,0.029586,0,0
772,20,270.00,-60.00,0,0.029497,15,0
773,0,0.00,0.00,1,0.029409,0,0
774,20,209.00,-70.00,0,0.029321,16,2
775,20,157.00,-64.00,0,0.029233,3,16
776,0,0.00,0.00,1,0.029145,0,0
777,4,132.00,8.00,1,0.029058,1,0
778,20,-20.00,80.00,0,0.028970,0,20
779,20,80.00,-30.00,0,0.028883,1,18
780,20,172.00,-74.00,0,0.028797,1,11
781,0,0.00,0.00,1,0.028710,0,0
782,20,270.00,-60.00,0,0.028624,15,0
783,0,0.00,0.00,1,0.028538,0,0
784,20,213.00,-90.00,0,0.028453,15,2
785,20,38.00,-2.00,0,0.028367,4,17
786,0,0.00,0.00,1,0.028282,0,0
787,4,132.00,8.00,1,0.028198,1,0
788,20,92.00,11.00,0,0.028113,2,16
789,20,80.00,10.00,0,0.028029,1,16
790,20,164.00,-69.00,0,0.027944,2,10
791,0,0.00,0.00,1,0.027861,0,0
792,20,324.00,-116.00,0,0.027777,14,1
793,0,0.00,0.00,1,0.027694,0,0
794,20,270.00,-60.00,0,0.027611,15,0
795,20,157.00,-64.00,0,0.027528,3,16
796,0,0.00,0.00,1,0.027445,0,0
797,4,132.00,8.00,1,0.027363,1,0
798,20,-30.00,80.00,0,0.027281,1,20
799,20,80.00,-20.00,0,0.027199,0,19
800,20,172.00,-79.00,0,0.027117,2,11
801,0,0.00,0.00,1,0.027036,0,0
802,20,270.00,-60.00,0,0.026955,15,0
803,0,0.00,0.00,1,0.026874,0,0
804,20,270.00,-60.00,0,0.026793,15,0
805,20,107.00,-14.00,0,0.026713,3,16
806,0,0.00,0.00,1,0.026633,0,0
807,4,132.00,8.00,1,0.026553,1,0
808,20,-20.00,80.00,0,0.026473,0,20
809,20,80.00,-20.00,0,0.026394,0,19
810,20,172.00,-79.00,0,0.026315,2,11
811,0,0.00,0.00,1,0.026236,0,0
812,20,324.00,-121.00,0,0.026157,15,1
813,0,0.00,0.00,1,0.026079,0,0
814,20,255.00,-45.00,0,0.026000,15,1
815,20,96.00,-44.00,0,0.025922,1,19
816,0,0.00,0.00,1,0.025845,0,0
817,4,132.00,8.00,1,0.025767,1,0
818,20,-20.00,80.00,0,0.025690,0,20
819,20,80.00,-30.00,0,0.025613,1,19
820,20,172.00,-69.00,0,0.025536,1,11
821,0,0.00,0.00,1,0.025459,0,0
822,20,270.00,-109.00,0,0.025383,16,1
823,0,0.00,0.00,1,0.025307,0,0
824,20,270.00,-60.00,0,0.025231,15,1
825,20,154.00,-69.00,0,0.025155,4,14
826,0,0.00,0.00,1,0.025080,0,0
827,4,132.00,8.00,1,0.025004,1,0
828,20,-20.00,80.00,0,0.024929,0,20
829,20,80.00,-30.00,0,0.024855,1,19
830,20,205.00,-82.00,0,0.024780,5,7
831,0,0.00,0.00,1,0.024706,0,0
832,20,270.00,-60.00,0,0.024632,15,0
833,0,0.00,0.00,1,0.024558,0,0
834,20,270.00,-60.00,0,0.024484,15,0
835,20,172.00,-79.00,0,0.024411,3,16
836,0,0.00,0.00,1,0.024337,0,0
837,5,131.00,12.00,1,0.024264,1,1
838,20,127.00,-24.00,0,0.024192,1,17
839,20,72.00,-20.00,0,0.024119,1,17
840,20,164.00,-67.00,0,0.024047,3,10
841,0,0.00,0.00,1,0.023974,0,0
842,20,270.00,-60.00,0,0.023903,15,0
843,0,0.00,0.00,1,0.023831,0,0
844,20,270.00,-60.00,0,0.023759,15,0
845,20,172.00,-79.00,0,0.023688,3,16
846,0,0.00,0.00,1,0.023617,0,0
847,4,132.00,8.00,1,0.023546,1,0
848,20,-20.00,80.00,0,0.023476,0,20
849,20,80.00,-20.00,0,0.023405,0,19
850,20,172.00,-69.00,0,0.023335,1,10
851,0,0.00,0.00,1,0.023265,0,0
852,20,270.00,-60.00,0,0.023195,15,0
853,0,0.00,0.00,1,0.023126,0,0
854,20,255.00,-50.00,0,0.023056,15,1
855,20,172.00,-79.00,0,0.022987,3,16
856,0,0.00,0.00,1,0.022918,0,0
857,4,132.00,8.00,1,0.022849,1,0
858,20,-20.00,80.00,0,0.022781,0,20
859,20,80.00,-20.00,0,0.022712,0,19
860,20,172.00,-69.00,0,0.022644,1,11
861,0,0.00,0.00,1,0.022576,0,0
862,20,309.00,-106.00,0,0.022509,15,1
863,0,0.00,0.00,1,0.022441,0,0
864,20,270.00,-60.00,0,0.022374,15,0
865,20,172.00,-79.00,0,0.022307,3,16
866,0,0.00,0.00,1,0.022240,0,0
867,4,132.00,8.00,1,0.022173,1,0
868,20,-25.00,80.00,0,0.022106,0,20
869,20,80.00,-20.00,0,0.022040,0,19
870,20,172.00,-69.00,0,0.021974,1,11
871,0,0.00,0.00,1,0.021908,0,0
872,20,270.00,-60.00,0,0.021842,15,0
873,0,0.00,0.00,1,0.021777,0,0
874,20,270.00,-60.00,0,0.021711,15,0
875,20,172.00,-79.00,0,0.021646,3,16
876,0,0.00,0.00,1,0.021581,0,0
877,4,132.00,8.00,1,0.021517,1,0
878,20,-40.00,80.00,0,0.021452,2,20
879,20,80.00,-20.00,0,0.021388,0,19
880,20,164.00,-79.00,0,0.021324,3,10
881,0,0.00,0.00,1,0.021260,0,0
882,20,270.00,-60.00,0,0.021196,15,0
883,0,0.00,0.00,1,0.021132,0,0
884,20,270.00,-60.00,0,0.021069,15,0
885,20,172.00,-79.00,0,0.021006,3,16
886,0,0.00,0.00,1,0.020943,0,0
887,5,136.00,7.00,1,0.020880,1,1
888,20,-20.00,80.00,0,0.020817,0,20
889,20,80.00,10.00,0,0.020755,1,16
890,20,172.00,-69.00,0,0.020692,1,10
891,0,0.00,0.00,1,0.020630,0,0
892,20,270.00,-60.00,0,0.020568,15,0
893,0,0.00,0.00,1,0.020507,0,0
894,20,270.00,-60.00,0,0.020445,15,0
895,20,172.00,-79.00,0,0.020384,3,16
896,0,0.00,0.00,1,0.020323,0,0
897,4,132.00,8.00,1,0.020262,1,0
898,20,-20.00,80.00,0,0.020201,0,20
899,20,80.00,-20.00,0,0.020140,0,19
900,20,172.00,-79.00,0,0.020080,2,11
901,0,0.00,0.00,1,0.020020,0,0
902,20,270.00,-60.00,0,0.019960,15,0
903,0,0.00,0.00,1,0.019900,0,0
904,20,270.00,-60.00,0,0.019840,15,0
905,20,172.00,-79.00,0,0.019781,3,16
906,0,0.00,0.00,1,0.019721,0,0
907,4,132.00,8.00,1,0.019662,1,0
908,20,-20.00,80.00,0,0.019603,0,20
909,20,1.00,96.00,0,0.019544,1,16
910,20,205.00,-82.00,0,0.019486,5,7
911,0,0.00,0.00,1,0.019427,0,0
912,20,270.00,-60.00,0,0.019369,15,0
913,0,0.00,0.00,1,0.019311,0,0
914,20,270.00,-60.00,0,0.019253,15,0
915,20,172.00,-79.00,0,0.019195,4,14
916,0,0.00,0.00,1,0.019138,0,0
917,4,132.00,8.00,1,0.019080,1,0
918,20,-20.00,80.00,0,0.019023,0,20
919,20,80.00,-20.00,0,0.018966,0,17
920,20,172.00,-69.00,0,0.018909,1,11
921,0,0.00,0.00,1,0.018852,0,0
922,20,270.00,-60.00,0,0.018796,15,0
923,0,0.00,0.00,1,0.018739,0,0
924,20,270.00,-60.00,0,0.018683,15,0
925,20,172.00,-79.00,0,0.018627,3,16
926,0,0.00,0.00,1,0.018571,0,0
927,4,132.00,8.00,1,0.018515,1,0
928,20,-30.00,80.00,0,0.018460,1,20
929,20,80.00,-25.00,0,0.018404,0,19
930,20,172.00,-69.00,0,0.018349,1,10
931,0,0.00,0.00,1,0.018294,0,0
932,20,316.00,-101.00,0,0.018239,14,0
933,0,0.00,0.00,1,0.018185,0,0
934,20,270.00,-60.00,0,0.018130,15,0
935,20,172.00,-79.00,0,0.018076,3,16
936,0,0.00,0.00,1,0.018021,0,0
937,4,132.00,8.00,1,0.017967,1,0
938,20,97.00,6.00,0,0.017913,2,16
939,20,80.00,-20.00,0,0.017860,0,19
940,20,172.00,-69.00,0,0.017806,1,11
941,0,0.00,0.00,1,0.017753,0,0
942,20,270.00,-60.00,0,0.017699,15,0
943,0,0.00,0.00,1,0.017646,0,0
944,20,270.00,-60.00,0,0.017593,15,0
945,20,172.00,-79.00,0,0.017541,3,16
946,0,0.00,0.00,1,0.017488,0,0
947,4,132.00,8.00,1,0.017436,1,0
948,20,-18.00,72.00,0,0.017383,2,18
949,20,80.00,-20.00,0,0.017331,0,19
950,20,172.00,-69.00,0,0.017279,1,10
951,0,0.00,0.00,1,0.017227,0,0
952,20,324.00,-121.00,0,0.017176,15,1
953,0,0.00,0.00,1,0.017124,0,0
954,20,270.00,-60.00,0,0.017073,15,0
955,20,172.00,-79.00,0,0.017021,3,16
956,0,0.00,0.00,1,0.016970,0,0
957,4,132.00,8.00,1,0.016920,1,0
958,20,-20.00,80.00,0,0.016869,0,20
959,20,80.00,-20.00,0,0.016818,0,19
960,20,164.00,-67.00,0,0.016768,3,10
961,0,0.00,0.00,1,0.016717,0,0
962,20,270.00,-60.00,0,0.016667,15,0
963,0,0.00,0.00,1,0.016617,0,0
964,20,270.00,-60.00,0,0.016567,15,0
965,20,172.00,-79.00,0,0.016518,3,16
966,0,0.00,0.00,1,0.016468,0,0
967,4,132.00,8.00,1,0.016419,1,0
968,20,-18.00,72.00,0,0.016369,2,18
969,20,80.00,-20.00,0,0.016320,0,19
970,20,172.00,-69.00,0,0.016271,1,11
971,0,0.00,0.00,1,0.016223,0,0
972,20,270.00,-60.00,0,0.016174,15,0
973,0,0.00,0.00,1,0.016125,0,0
974,20,270.00,-60.00,0,0.016077,15,0
975,20,172.00,-79.00,0,0.016029,3,16
976,0,0.00,0.00,1,0.015981,0,0
977,4,132.00,8.00,1,0.015933,1,0
978,20,-20.00,80.00,0,0.015885,0,20
979,20,80.00,-20.00,0,0.015837,0,19
980,20,172.00,-69.00,0,0.015790,1,11
981,0,0.00,0.00,1,0.015742,0,0
982,20,324.00,-111.00,0,0.015695,14,1
983,0,0.00,0.00,1,0.015648,0,0
984,20,270.00,-60.00,0,0.015601,15,0
985,20,172.00,-89.00,0,0.015554,4,16
986,0,0.00,0.00,1,0.015508,0,0
987,4,132.00,8.00,1,0.015461,1,0
988,20,-20.00,80.00,0,0.015415,0,20
989,20,80.00,-20.00,0,0.015369,0,19
990,20,172.00,-69.00,0,0.015322,1,10
991,0,0.00,0.00,1,0.015276,0,0
992,20,270.00,-60.00,0,0.015231,15,0
993,0,0.00,0.00,1,0.015185,0,0
994,20,270.00,-60.00,0,0.015139,15,0
995,20,172.00,-79.00,0,0.015094,3,16
996,0,0.00,0.00,1,0.015049,0,0
997,4,132.00,8.00,1,0.015004,1,0
998,20,-18.00,72.00,0,0.014959,2,18
999,20,80.00,-20.00,0,0.014914,0,19
1000,20,172.00,-69.00,0,0.014869,1,11
1001,0,0.00,0.00,1,0.014824,0,0
1002,20,309.00,-111.00,0,0.014780,15,1
1003,0,0.00,0.00,1,0.014736,0,0
1004,20,270.00,-60.00,0,0.014691,15,0
1005,20,156.00,-87.00,0,0.014647,8,10
1006,0,0.00,0.00,1,0.014603,0,0
1007,4,132.00,8.00,1,0.014559,1,0
1008,20,-20.00,80.00,0,0.014516,0,20
1009,20,80.00,-20.00,0,0.014472,0,19
1010,20,172.00,-79.00,0,0.014429,2,11
1011,0,0.00,0.00,1,0.014386,0,0
1012,20,270.00,-60.00,0,0.014342,15,0
1013,0,0.00,0.00,1,0.014299,0,0
1014,20,270.00,-60.00,0,0.014256,15,0
1015,20,172.00,-79.00,0,0.014214,3,16
1016,0,0.00,0.00,1,0.014171,0,0
1017,4,132.00,8.00,1,0.014129,1,0
1018,20,-20.00,80.00,0,0.014086,0,20
1019,20,80.00,-30.00,0,0.014044,1,19
1020,20,172.00,-69.00,0,0.014002,1,10
1021,0,0.00,0.00,1,0.013960,0,0
1022,20,270.00,-60.00,0,0.013918,15,0
1023,0,0.00,0.00,1,0.013876,0,0
1024,20,270.00,-60.00,0,0.013834,15,0
1025,20,172.00,-79.00,0,0.013793,3,16
1026,0,0.00,0.00,1,0.013752,0,0
1027,4,132.00,8.00,1,0.013710,1,0
1028,20,-20.00,80.00,0,0.013669,0,20
1029,20,80.00,-20.00,0,0.013628,0,19
1030,20,172.00,-69.00,0,0.013587,1,11
1031,0,0.00,0.00,1,0.013547,0,0
1032,20,270.00,-60.00,0,0.013506,15,0
1033,0,0.00,0.00,1,0.013465,0,0
1034,20,199.00,-40.00,0,0.013425,15,2
1035,20,172.00,-79.00,0,0.013385,3,16
1036,0,0.00,0.00,1,0.013345,0,0
1037,4,132.00,8.00,1,0.013305,1,0
1038,20,-20.00,80.00,0,0.013265,0,20
1039,20,80.00,-20.00,0,0.013225,0,19
1040,20,172.00,-69.00,0,0.013185,1,11
1041,0,0.00,0.00,1,0.013146,0,0
1042,20,270.00,-60.00,0,0.013106,15,0
1043,0,0.00,0.00,1,0.013067,0,0
1044,20,270.00,-60.00,0,0.013028,15,0
1045,20,172.00,-79.00,0,0.012989,3,16
1046,0,0.00,0.00,1,0.012950,0,0
1047,4,132.00,8.00,1,0.012911,1,0
1048,20,-20.00,80.00,0,0.012872,0,20
1049,20,80.00,-30.00,0,0.012833,1,19
1050,20,172.00,-74.00,0,0.012795,1,11
1051,0,0.00,0.00,1,0.012757,0,0
1052,20,270.00,-60.00,0,0.012718,15,0
1053,0,0.00,0.00,1,0.012680,0,0
1054,20,255.00,-60.00,0,0.012642,15,1
1055,20,172.00,-79.00,0,0.012604,3,16
1056,0,0.00,0.00,1,0.012566,0,0
1057,4,132.00,8.00,1,0.012529,1,0
1058,20,-18.00,72.00,0,0.012491,2,18
1059,20,80.00,-20.00,0,0.012454,0,19
1060,20,172.00,-69.00,0,0.012416,1,11
1061,0,0.00,0.00,1,0.012379,0,0
1062,20,270.00,-60.00,0,0.012342,15,0
1063,0,0.00,0.00,1,0.012305,0,0
1064,20,270.00,-60.00,0,0.012268,15,0
1065,20,156.00,-87.00,0,0.012231,8,10
1066,0,0.00,0.00,1,0.012194,0,0
1067,4,132.00,8.00,1,0.012158,1,0
1068,20,-20.00,80.00,0,0.012121,0,20
1069,20,80.00,-20.00,0,0.012085,0,19
1070,20,172.00,-69.00,0,0.012049,1,10
1071,0,0.00,0.00,1,0.012013,0,0
1072,20,270.00,-60.00,0,0.011977,15,0
1073,0,0.00,0.00,1,0.011941,0,0
1074,20,270.00,-50.00,0,0.011905,14,1
1075,20,172.00,-79.00,0,0.011869,3,16
1076,0,0.00,0.00,1,0.011833,0,0
1077,4,132.00,8.00,1,0.011798,1,0
1078,20,-30.00,80.00,0,0.011763,1,20
1079,20,80.00,-20.00,0,0.011727,0,19
1080,20,172.00,-69.00,0,0.011692,1,11
1081,0,0.00,0.00,1,0.011657,0,0
1082,20,270.00,-60.00,0,0.011622,15,0
1083,0,0.00,0.00,1,0.011587,0,0
1084,20,270.00,-60.00,0,0.011552,15,0
1085,20,172.00,-84.00,0,0.011518,3,16
1086,0,0.00,0.00,1,0.011483,0,0
1087,4,132.00,8.00,1,0.011449,1,0
1088,20,-20.00,80.00,0,0.011414,0,20
1089,20,80.00,10.00,0,0.011380,1,16
1090,20,172.00,-69.00,0,0.011346,1,11
1091,0,0.00,0.00,1,0.011312,0,0
1092,20,270.00,-60.00,0,0.011278,15,0
1093,0,0.00,0.00,1,0.011244,0,0
1094,20,255.00,-60.00,0,0.011210,15,1
1095,20,118.00,-89.00,0,0.011177,4,15
1096,0,0.00,0.00,1,0.011143,0,0
1097,4,132.00,8.00,1,0.011110,1,0
1098,20,-20.00,80.00,0,0.011077,0,20
1099,20,80.00,-20.00,0,0.011043,0,19
1100,20,172.00,-79.00,0,0.011010,2,10
1101,0,0.00,0.00,1,0.010977,0,0
1102,20,270.00,-60.00,0,0.010944,15,0
1103,0,0.00,0.00,1,0.010911,0,0
1104,20,270.00,-60.00,0,0.010879,15,0
1105,20,172.00,-79.00,0,0.010846,3,16
1106,0,0.00,0.00,1,0.010814,0,0
1107,4,132.00,8.00,1,0.010781,1,0
1108,20,-20.00,80.00,0,0.010749,0,20
1109,20,80.00,-20.00,0,0.010716,0,19
1110,20,172.00,-69.00,0,0.010684,1,11
1111,0,0.00,0.00,1,0.010652,0,0
1112,20,270.00,-60.00,0,0.010620,15,0
1113,0,0.00,0.00,1,0.010588,0,0
1114,20,270.00,-60.00,0,0.010557,15,0
1115,20,172.00,-79.00,0,0.010525,3,16
1116,0,0.00,0.00,1,0.010493,0,0
1117,4,132.00,8.00,1,0.010462,1,0
1118,20,-18.00,72.00,0,0.010431,2,18
1119,20,80.00,-20.00,0,0.010399,0,19
1120,20,172.00,-69.00,0,0.010368,1,10
1121,0,0.00,0.00,1,0.010337,0,0
1122,20,270.00,-60.00,0,0.010306,15,0
1123,0,0.00,0.00,1,0.010275,0,0
1124,20,270.00,-60.00,0,0.010244,15,0
1125,20,172.00,-79.00,0,0.010213,3,16
1126,0,0.00,0.00,1,0.010183,0,0
1127,4,132.00,8.00,1,0.010152,1,0
1128,20,82.00,-19.00,0,0.010122,2,18
1129,20,80.00,-20.00,0,0.010091,0,19
1130,20,172.00,-69.00,0,0.010061,1,11
1131,0,0.00,0.00,1,0.010031,0,0
1132,20,270.00,-60.00,0,0.010001,15,0
1133,0,0.00,0.00,1,0.010000,0,0
1134,20,270.00,-60.00,0,0.010000,15,0
1135,20,172.00,-79.00,0,0.010000,3,16
1136,0,0.00,0.00,1,0.010000,0,0
1137,4,132.00,8.00,1,0.010000,1,0
1138,20,-20.00,80.00,0,0.010000,0,20
1139,20,80.00,-20.00,0,0.010000,0,19
1140,20,172.00,-69.00,0,0.010000,1,11
1141,0,0.00,0.00,1,0.010000,0,0
1142,20,270.00,-60.00,0,0.010000,15,0
1143,0,0.00,0.00,1,0.010000,0,0
1144,20,270.00,-60.00,0,0.010000,15,0
1145,20,172.00,-79.00,0,0.010000,3,16
1146,0,0.00,0.00,1,0.010000,0,0
1147,6,130.00,16.00,1,0.010000,2,0
1148,20,-20.00,80.00,0,0.010000,0,20
1149,20,80.00,-20.00,0,0.010000,0,19
1150,20,172.00,-69.00,0,0.010000,1,10
1151,0,0.00,0.00,1,0.010000,0,0
1152,20,313.00,-141.00,0,0.010000,14,2
1153,0,0.00,0.00,1,0.010000,0,0
1154,20,270.00,-60.00,0,0.010000,15,0
1155,20,172.00,-79.00,0,0.010000,3,16
1156,0,0.00,0.00,1,0.010000,0,0
1157,4,132.00,8.00,1,0.010000,1,0
1158,20,-20.00,80.00,0,0.010000,0,20
1159,20,80.00,-20.00,0,0.010000,0,19
1160,20,172.00,-79.00,0,0.010000,2,11
1161,0,0.00,0.00,1,0.010000,0,0
1162,20,270.00,-60.00,0,0.010000,15,0
1163,0,0.00,0.00,1,0.010000,0,0
1164,20,270.00,-60.00,0,0.010000,15,0
1165,20,172.00,-79.00,0,0.010000,3,16
1166,0,0.00,0.00,1,0.010000,0,0
1167,5,126.00,12.00,1,0.010000,1,1
1168,20,-20.00,80.00,0,0.010000,0,20
1169,20,80.00,-30.00,0,0.010000,1,19
1170,20,172.00,-69.00,0,0.010000,1,12
1171,0,0.00,0.00,1,0.010000,0,0
1172,20,270.00,-60.00,0,0.010000,15,0
1173,0,0.00,0.00,1,0.010000,0,0
1174,20,255.00,-50.00,0,0.010000,15,1
1175,20,172.00,-79.00,0,0.010000,3,16
1176,0,0.00,0.00,1,0.010000,0,0
1177,4,132.00,8.00,1,0.010000,1,0
1178,20,-20.00,80.00,0,0.010000,0,20
1179,20,80.00,-20.00,0,0.010000,0,19
1180,20,172.00,-69.00,0,0.010000,1,10
1181,0,0.00,0.00,1,0.010000,0,0
1182,20,270.00,-60.00,0,0.010000,15,0
1183,0,0.00,0.00,1,0.010000,0,0
1184,20,270.00,-60.00,0,0.010000,15,0
1185,20,172.00,-79.00,0,0.010000,3,16
1186,0,0.00,0.00,1,0.010000,0,0
1187,4,132.00,8.00,1,0.010000,1,0
1188,20,-20.00,80.00,0,0.010000,0,20
1189,20,80.00,-20.00,0,0.010000,0,19
1190,20,172.00,-69.00,0,0.010000,1,11
1191,0,0.00,0.00,1,0.010000,0,0
1192,20,270.00,-60.00,0,0.010000,15,0
1193,0,0.00,0.00,1,0.010000,0,0
1194,20,270.00,-60.00,0,0.010000,15,0
1195,20,172.00,-79.00,0,0.010000,3,16
1196,0,0.00,0.00,1,0.010000,0,0
1197,4,132.00,8.00,1,0.010000,1,0
1198,20,-20.00,80.00,0,0.010000,0,20
1199,20,80.00,-20.00,0,0.010000,0,19
1200,20,172.00,-69.00,0,0.010000,1,10
1201,0,0.00,0.00,1,0.010000,0,0
1202,20,270.00,-60.00,0,0.010000,15,0
1203,0,0.00,0.00,1,0.010000,0,0
1204,20,255.00,-60.00,0,0.010000,15,1
1205,20,172.00,-79.00,0,0.010000,3,16
1206,0,0.00,0.00,1,0.010000,0,0
1207,4,132.00,8.00,1,0.010000,1,0
1208,20,-30.00,80.00,0,0.010000,1,20
1209,20,80.00,-20.00,0,0.010000,0,19
1210,20,172.00,-79.00,0,0.010000,2,15
1211,0,0.00,0.00,1,0.010000,0,0
1212,20,324.00,-111.00,0,0.010000,14,1
1213,0,0.00,0.00,1,0.010000,0,0
1214,20,270.00,-60.00,0,0.010000,15,0
1215,20,172.00,-79.00,0,0.010000,3,16
1216,0,0.00,0.00,1,0.010000,0,0
1217,4,132.00,8.00,1,0.010000,1,0
1218,20,-20.00,80.00,0,0.010000,0,20
1219,20,80.00,-20.00,0,0.010000,0,19
1220,20,172.00,-74.00,0,0.010000,1,12
1221,0,0.00,0.00,1,0.010000,0,0
1222,20,324.00,-111.00,0,0.010000,14,1
1223,0,0.00,0.00,1,0.010000,0,0
1224,20,270.00,-60.00,0,0.010000,15,0
1225,20,172.00,-79.00,0,0.010000,3,16
1226,0,0.00,0.00,1,0.010000,0,0
1227,4,132.00,8.00,1,0.010000,1,0
1228,20,-20.00,80.00,0,0.010000,0,20
1229,20,80.00,-20.00,0,0.010000,0,19
1230,20,172.00,-79.00,0,0.010000,2,11
1231,0,0.00,0.00,1,0.010000,0,0
1232,20,270.00,-60.00,0,0.010000,15,0
1233,0,0.00,0.00,1,0.010000,0,0
1234,20,118.00,-38.00,0,0.010000,4,15
1235,20,157.00,-74.00,0,0.010000,4,16
1236,0,0.00,0.00,1,0.010000,0,0
1237,4,132.00,8.00,1,0.010000,1,0
1238,20,-30.00,80.00,0,0.010000,1,20
1239,20,80.00,-20.00,0,0.010000,0,19
1240,20,172.00,-69.00,0,0.010000,1,11
1241,0,0.00,0.00,1,0.010000,0,0
1242,20,314.00,-106.00,0,0.010000,14,1
1243,0,0.00,0.00,1,0.010000,0,0
1244,20,270.00,-60.00,0,0.010000,15,0
1245,20,172.00,-79.00,0,0.010000,3,16
1246,0,0.00,0.00,1,0.010000,0,0
1247,4,132.00,8.00,1,0.010000,1,0
1248,20,-20.00,80.00,0,0.010000,0,20
1249,20,80.00,-20.00,0,0.010000,0,19
1250,20,172.00,-69.00,0,0.010000,1,10
1251,0,0.00,0.00,1,0.010000,0,0
1252,20,270.00,-60.00,0,0.010000,15,0
1253,0,0.00,0.00,1,0.010000,0,0
1254,20,214.00,-48.00,0,0.010000,16,0
1255,20,172.00,-79.00,0,0.010000,3,16
1256,0,0.00,0.00,1,0.010000,0,0
1257,4,132.00,8.00,1,0.010000,1,0
1258,20,-20.00,80.00,0,0.010000,0,20
1259,20,80.00,-20.00,0,0.010000,0,19
1260,20,172.00,-69.00,0,0.010000,1,11
1261,0,0.00,0.00,1,0.010000,0,0
1262,20,309.00,-111.00,0,0.010000,15,1
1263,0,0.00,0.00,1,0.010000,0,0
1264,20,270.00,-60.00,0,0.010000,15,0
1265,20,172.00,-79.00,0,0.010000,3,16
1266,0,0.00,0.00,1,0.010000,0,0
1267,4,132.00,8.00,1,0.010000,1,0
1268,20,-20.00,80.00,0,0.010000,0,20
1269,20,80.00,-20.00,0,0.010000,0,19
1270,20,172.00,-69.00,0,0.010000,1,11
1271,0,0.00,0.00,1,0.010000,0,0
1272,20,270.00,-60.00,0,0.010000,15,0
1273,0,0.00,0.00,1,0.010000,0,0
1274,20,221.00,-82.00,0,0.010000,12,5
1275,20,172.00,-79.00,0,0.010000,3,16
1276,0,0.00,0.00,1,0.010000,0,0
1277,4,132.00,8.00,1,0.010000,1,0
1278,20,-20.00,80.00,0,0.010000,0,20
1279,20,80.00,-20.00,0,0.010000,0,19
1280,20,172.00,-69.00,0,0.010000,1,11
1281,0,0.00,0.00,1,0.010000,0,0
1282,20,270.00,-60.00,0,0.010000,15,0
1283,0,0.00,0.00,1,0.010000,0,0
1284,20,270.00,-60.00,0,0.010000,15,0
1285,20,172.00,-79.00,0,0.010000,3,16
1286,0,0.00,0.00,1,0.010000,0,0
1287,4,132.00,8.00,1,0.010000,1,0
1288,20,-20.00,80.00,0,0.010000,0,20
1289,20,80.00,-20.00,0,0.010000,0,19
1290,20,172.00,-69.00,0,0.010000,1,10
1291,0,0.00,0.00,1,0.010000,0,0
1292,20,270.00,-60.00,0,0.010000,15,0
1293,0,0.00,0.00,1,0.010000,0,0
1294,20,270.00,-60.00,0,0.010000,15,0
1295,20,79.00,-109.00,0,0.010000,11,12
1296,0,0.00,0.00,1,0.010000,0,0
1297,4,132.00,8.00,1,0.010000,1,0
1298,20,-20.00,80.00,0,0.010000,0,20
1299,20,80.00,-20.00,0,0.010000,0,19
1300,20,172.00,-69.00,0,0.010000,1,11
1301,0,0.00,0.00,1,0.010000,0,0
1302,20,270.00,-60.00,0,0.010000,15,0
1303,0,0.00,0.00,1,0.010000,0,0
1304,20,270.00,-60.00,0,0.010000,15,0
1305,20,172.00,-79.00,0,0.010000,3,16
1306,0,0.00,0.00,1,0.010000,0,0
1307,4,132.00,8.00,1,0.010000,1,0
1308,20,-20.00,80.00,0,0.010000,0,20
1309,20,80.00,-20.00,0,0.010000,0,19
1310,20,172.00,-69.00,0,0.010000,1,11
1311,0,0.00,0.00,1,0.010000,0,0
1312,20,270.00,-60.00,0,0.010000,15,0
1313,0,0.00,0.00,1,0.010000,0,0
1314,20,270.00,-50.00,0,0.010000,14,1
1315,20,172.00,-79.00,0,0.010000,3,16
1316,0,0.00,0.00,1,0.010000,0,0
1317,4,132.00,8.00,1,0.010000,1,0
1318,20,-20.00,80.00,0,0.010000,0,20
1319,20,80.00,-20.00,0,0.010000,0,19
1320,20,172.00,-69.00,0,0.010000,1,11
1321,0,0.00,0.00,1,0.010000,0,0
1322,20,319.00,-106.00,0,0.010000,14,1
1323,0,0.00,0.00,1,0.010000,0,0
1324,20,255.00,-60.00,0,0.010000,15,1
1325,20,172.00,-79.00,0,0.010000,3,16
1326,0,0.00,0.00,1,0.010000,0,0
1327,4,132.00,8.00,1,0.010000,1,0
1328,20,-20.00,80.00,0,0.010000,0,20
1329,20,80.00,-20.00,0,0.010000,0,19
1330,20,172.00,-69.00,0,0.010000,1,10
1331,0,0.00,0.00,1,0.010000,0,0
1332,20,270.00,-60.00,0,0.010000,15,0
1333,0,0.00,0.00,1,0.010000,0,0
1334,20,270.00,-60.00,0,0.010000,15,0
1335,20,172.00,-79.00,0,0.010000,3,16
1336,0,0.00,0.00,1,0.010000,0,0
1337,4,132.00,8.00,1,0.010000,1,0
1338,20,-20.00,80.00,0,0.010000,0,20
1339,20,80.00,-20.00,0,0.010000,0,19
1340,20,172.00,-69.00,0,0.010000,1,11
1341,0,0.00,0.00,1,0.010000,0,0
1342,20,270.00,-60.00,0,0.010000,15,0
1343,0,0.00,0.00,1,0.010000,0,0
1344,20,209.00,-50.00,0,0.010000,16,0
1345,20,172.00,-79.00,0,0.010000,3,16
1346,0,0.00,0.00,1,0.010000,0,0
1347,4,132.00,8.00,1,0.010000,1,0
1348,20,-20.00,80.00,0,0.010000,0,20
1349,20,80.00,-30.00,0,0.010000,1,19
1350,20,172.00,-69.00,0,0.010000,1,11
1351,0,0.00,0.00,1,0.010000,0,0
1352,20,270.00,-60.00,0,0.010000,15,0
1353,0,0.00,0.00,1,0.010000,0,0
1354,20,270.00,-60.00,0,0.010000,15,0
1355,20,172.00,-79.00,0,0.010000,3,16
1356,0,0.00,0.00,1,0.010000,0,0
1357,4,132.00,8.00,1,0.010000,1,0
1358,20,-20.00,80.00,0,0.010000,0,20
1359,20,80.00,-20.00,0,0.010000,0,19
1360,20,172.00,-69.00,0,0.010000,1,11
1361,0,0.00,0.00,1,0.010000,0,0
1362,20,270.00,-60.00,0,0.010000,15,0
1363,0,0.00,0.00,1,0.010000,0,0
1364,20,270.00,-60.00,0,0.010000,15,0
1365,20,172.00,-79.00,0,0.010000,3,16
1366,0,0.00,0.00,1,0.010000,0,0
1367,4,132.00,8.00,1,0.010000,1,0
1368,20,-20.00,80.00,0,0.010000,0,20
1369,20,80.00,-20.00,0,0.010000,0,19
1370,20,172.00,-79.00,0,0.010000,2,11
1371,0,0.00,0.00,1,0.010000,0,0
1372,20,270.00,-60.00,0,0.010000,15,0
1373,0,0.00,0.00,1,0.010000,0,0
1374,20,270.00,-60.00,0,0.010000,15,0
1375,20,172.00,-79.00,0,0.010000,3,16
1376,0,0.00,0.00,1,0.010000,0,0
1377,4,132.00,8.00,1,0.010000,1,0
1378,20,-20.00,80.00,0,0.010000,0,20
1379,20,80.00,-20.00,0,0.010000,0,19
1380,20,172.00,-69.00,0,0.010000,1,10
1381,0,0.00,0.00,1,0.010000,0,0
1382,20,270.00,-60.00,0,0.010000,15,0
1383,0,0.00,0.00,1,0.010000,0,0
1384,20,270.00,-60.00,0,0.010000,15,0
1385,20,172.00,-79.00,0,0.010000,3,16
1386,0,0.00,0.00,1,0.010000,0,0
1387,4,132.00,8.00,1,0.010000,1,0
1388,20,-20.00,80.00,0,0.010000,0,20
1389,20,80.00,-20.00,0,0.010000,0,19
1390,20,172.00,-69.00,0,0.010000,1,11
1391,0,0.00,0.00,1,0.010000,0,0
1392,20,270.00,-60.00,0,0.010000,15,0
1393,0,0.00,0.00,1,0.010000,0,0
1394,20,224.00,-50.00,0,0.010000,14,2
1395,20,172.00,-79.00,0,0.010000,3,16
1396,0,0.00,0.00,1,0.010000,0,0
1397,4,132.00,8.00,1,0.010000,1,0
1398,20,-20.00,80.00,0,0.010000,0,20
1399,20,80.00,-20.00,0,0.010000,0,19
1400,20,172.00,-69.00,0,0.010000,1,11
1401,0,0.00,0.00,1,0.010000,0,0
1402,20,270.00,-60.00,0,0.010000,15,0
1403,0,0.00,0.00,1,0.010000,0,0
1404,20,270.00,-60.00,0,0.010000,15,0
1405,20,172.00,-79.00,0,0.010000,3,16
1406,0,0.00,0.00,1,0.010000,0,0
1407,4,132.00,8.00,1,0.010000,1,0
1408,20,-20.00,80.00,0,0.010000,0,20
1409,20,72.00,-20.00,0,0.010000,1,17
1410,20,172.00,-79.00,0,0.010000,2,13
1411,0,0.00,0.00,1,0.010000,0,0
1412,20,270.00,-60.00,0,0.010000,15,0
1413,0,0.00,0.00,1,0.010000,0,0
1414,20,270.00,-60.00,0,0.010000,15,0
1415,20,172.00,-79.00,0,0.010000,4,14
1416,0,0.00,0.00,1,0.010000,0,0
1417,4,132.00,8.00,1,0.010000,1,0
1418,20,-20.00,80.00,0,0.010000,0,20
1419,20,80.00,-20.00,0,0.010000,0,19
1420,20,172.00,-69.00,0,0.010000,1,11
1421,0,0.00,0.00,1,0.010000,0,0
1422,20,270.00,-60.00,0,0.010000,15,0
1423,0,0.00,0.00,1,0.010000,0,0
1424,20,270.00,-60.00,0,0.010000,15,0
1425,20,172.00,-79.00,0,0.010000,3,16
1426,0,0.00,0.00,1,0.010000,0,0
1427,4,132.00,8.00,1,0.010000,1,0
1428,20,-20.00,80.00,0,0.010000,0,20
1429,20,80.00,-20.00,0,0.010000,0,19
1430,20,172.00,-69.00,0,0.010000,1,10
1431,0,0.00,0.00,1,0.010000,0,0
1432,20,270.00,-60.00,0,0.010000,15,0
1433,0,0.00,0.00,1,0.010000,0,0
1434,20,270.00,-60.00,0,0.010000,15,0
1435,20,172.00,-79.00,0,0.010000,3,16
1436,0,0.00,0.00,1,0.010000,0,0
1437,4,132.00,8.00,1,0.010000,1,0
1438,20,-20.00,80.00,0,0.010000,0,20
1439,20,80.00,-20.00,0,0.010000,0,19
1440,20,172.00,-69.00,0,0.010000,1,12
1441,0,0.00,0.00,1,0.010000,0,0
1442,20,270.00,-60.00,0,0.010000,15,0
1443,0,0.00,0.00,1,0.010000,0,0
1444,20,270.00,-60.00,0,0.010000,15,0
1445,20,172.00,-79.00,0,0.010000,3,16
1446,0,0.00,0.00,1,0.010000,0,0
1447,4,132.00,8.00,1,0.010000,1,0
1448,20,-20.00,80.00,0,0.010000,0,20
1449,20,80.00,-30.00,0,0.010000,1,18
1450,20,167.00,-64.00,0,0.010000,1,11
1451,0,0.00,0.00,1,0.010000,0,0
1452,20,270.00,-60.00,0,0.010000,15,0
1453,0,0.00,0.00,1,0.010000,0,0
1454,20,270.00,-60.00,0,0.010000,15,0
1455,20,157.00,-89.00,0,0.010000,4,16
1456,0,0.00,0.00,1,0.010000,0,0
1457,4,132.00,8.00,1,0.010000,1,0
1458,20,-20.00,80.00,0,0.010000,0,20
1459,20,80.00,10.00,0,0.010000,1,16
1460,20,172.00,-69.00,0,0.010000,1,10
1461,0,0.00,0.00,1,0.010000,0,0
1462,20,270.00,-60.00,0,0.010000,15,0
1463,0,0.00,0.00,1,0.010000,0,0
1464,20,270.00,-60.00,0,0.010000,15,0
1465,20,172.00,-79.00,0,0.010000,3,16
1466,0,0.00,0.00,1,0.010000,0,0
1467,4,132.00,8.00,1,0.010000,1,0
1468,20,-20.00,80.00,0,0.010000,0,20
1469,20,-44.00,141.00,0,0.010000,1,16
1470,20,172.00,-69.00,0,0.010000,1,11
1471,0,0.00,0.00,1,0.010000,0,0
1472,20,270.00,-60.00,0,0.010000,15,0
1473,0,0.00,0.00,1,0.010000,0,0
1474,20,270.00,-60.00,0,0.010000,15,0
1475,20,172.00,-79.00,0,0.010000,3,16
1476,0,0.00,0.00,1,0.010000,0,0
1477,4,132.00,8.00,1,0.010000,1,0
1478,20,-20.00,80.00,0,0.010000,0,20
1479,20,80.00,-20.00,0,0.010000,0,19
1480,20,172.00,-69.00,0,0.010000,1,11
1481,0,0.00,0.00,1,0.010000,0,0
1482,20,316.00,-101.00,0,0.010000,14,0
1483,0,0.00,0.00,1,0.010000,0,0
1484,20,270.00,-60.00,0,0.010000,15,0
1485,20,172.00,-79.00,0,0.010000,3,16
1486,0,0.00,0.00,1,0.010000,0,0
1487,4,132.00,8.00,1,0.010000,1,0
1488,20,-25.00,80.00,0,0.010000,0,20
1489,20,80.00,-25.00,0,0.010000,0,19
1490,20,172.00,-69.00,0,0.010000,1,11
1491,0,0.00,0.00,1,0.010000,0,0
1492,20,270.00,-60.00,0,0.010000,15,0
1493,0,0.00,0.00,1,0.010000,0,0
1494,20,270.00,-60.00,0,0.010000,15,0
1495,20,172.00,-79.00,0,0.010000,4,14
1496,0,0.00,0.00,1,0.010000,0,0
1497,4,132.00,8.00,1,0.010000,1,0
1498,20,-20.00,80.00,0,0.010000,0,20
1499,20,80.00,-20.00,0,0.010000,0,19
1500,20,172.00,-69.00,0,0.010000,1,10
1501,0,0.00,0.00,1,0.010000,0,0
1502,20,270.00,-60.00,0,0.010000,15,0
1503,0,0.00,0.00,1,0.010000,0,0
1504,20,270.00,-60.00,0,0.010000,15,0
1505,20,172.00,-79.00,0,0.010000,3,16
1506,0,0.00,0.00,1,0.010000,0,0
1507,4,132.00,8.00,1,0.010000,1,0
1508,20,-20.00,80.00,0,0.010000,0,20
1509,20,80.00,-20.00,0,0.010000,0,19
1510,20,172.00,-69.00,0,0.010000,1,11
1511,0,0.00,0.00,1,0.010000,0,0
1512,20,270.00,-60.00,0,0.010000,15,0
1513,0,0.00,0.00,1,0.010000,0,0
1514,20,270.00,-60.00,0,0.010000,15,0
1515,20,172.00,-79.00,0,0.010000,3,16
1516,0,0.00,0.00,1,0.010000,0,0
1517,4,132.00,8.00,1,0.010000,1,0
1518,20,-20.00,80.00,0,0.010000,0,20
1519,20,80.00,-20.00,0,0.010000,0,19
1520,20,172.00,-69.00,0,0.010000,1,11
1521,0,0.00,0.00,1,0.010000,0,0
1522,20,270.00,-60.00,0,0.010000,15,0
1523,0,0.00,0.00,1,0.010000,0,0
1524,20,270.00,-60.00,0,0.010000,15,0
1525,20,172.00,-79.00,0,0.010000,3,16
1526,0,0.00,0.00,1,0.010000,0,0
1527,4,132.00,8.00,1,0.010000,1,0
1528,20,-20.00,80.00,0,0.010000,0,20
1529,20,80.00,-20.00,0,0.010000,0,19
1530,20,172.00,-69.00,0,0.010000,1,10
1531,0,0.00,0.00,1,0.010000,0,0
1532,20,324.00,-111.00,0,0.010000,14,1
1533,0,0.00,0.00,1,0.010000,0,0
1534,20,216.00,-50.00,0,0.010000,15,0
1535,20,172.00,-79.00,0,0.010000,3,16
1536,0,0.00,0.00,1,0.010000,0,0
1537,4,132.00,8.00,1,0.010000,1,0
1538,20,-28.00,72.00,0,0.010000,3,18
1539,20,80.00,-20.00,0,0.010000,0,19
1540,20,172.00,-69.00,0,0.010000,1,11
1541,0,0.00,0.00,1,0.010000,0,0
1542,20,270.00,-60.00,0,0.010000,15,0
1543,0,0.00,0.00,1,0.010000,0,0
1544,20,270.00,-60.00,0,0.010000,15,0
1545,20,172.00,-79.00,0,0.010000,3,16
1546,0,0.00,0.00,1,0.010000,0,0
1547,4,132.00,8.00,1,0.010000,1,0
1548,20,-20.00,80.00,0,0.010000,0,20
1549,20,80.00,-20.00,0,0.010000,0,19
1550,20,172.00,-69.00,0,0.010000,1,11
1551,0,0.00,0.00,1,0.010000,0,0
1552,20,309.00,-106.00,0,0.010000,15,1
1553,0,0.00,0.00,1,0.010000,0,0
1554,20,270.00,-60.00,0,0.010000,15,0
1555,20,172.00,-79.00,0,0.010000,3,16
1556,0,0.00,0.00,1,0.010000,0,0
1557,4,132.00,8.00,1,0.010000,1,0
1558,20,-20.00,80.00,0,0.010000,0,20
1559,20,80.00,-20.00,0,0.010000,0,19
1560,20,172.00,-69.00,0,0.010000,1,11
1561,0,0.00,0.00,1,0.010000,0,0
1562,20,199.00,-117.00,0,0.010000,5,14
1563,0,0.00,0.00,1,0.010000,0,0
1564,20,216.00,-50.00,0,0.010000,15,0
1565,20,172.00,-79.00,0,0.010000,4,14
1566,0,0.00,0.00,1,0.010000,0,0
1567,4,132.00,8.00,1,0.010000,1,0
1568,20,-20.00,80.00,0,0.010000,0,20
1569,20,80.00,-20.00,0,0.010000,0,19
1570,20,172.00,-69.00,0,0.010000,1,10
1571,0,0.00,0.00,1,0.010000,0,0
1572,20,270.00,-60.00,0,0.010000,15,0
1573,0,0.00,0.00,1,0.010000,0,0
1574,20,178.00,-11.00,0,0.010000,14,1
1575,20,172.00,-79.00,0,0.010000,3,16
1576,0,0.00,0.00,1,0.010000,0,0
1577,4,132.00,8.00,1,0.010000,1,0
1578,20,-20.00,80.00,0,0.010000,0,20
1579,20,80.00,-20.00,0,0.010000,0,19
1580,20,172.00,-69.00,0,0.010000,1,11
1581,0,0.00,0.00,1,0.010000,0,0
1582,20,270.00,-60.00,0,0.010000,15,0
1583,0,0.00,0.00,1,0.010000,0,0
1584,20,270.00,-60.00,0,0.010000,15,0
1585,20,172.00,-79.00,0,0.010000,3,16
1586,0,0.00,0.00,1,0.010000,0,0
1587,4,132.00,8.00,1,0.010000,1,0
1588,20,-20.00,80.00,0,0.010000,0,20
1589,20,80.00,-30.00,0,0.010000,1,19
1590,20,205.00,-82.00,0,0.010000,5,7
1591,0,0.00,0.00,1,0.010000,0,0
1592,20,270.00,-60.00,0,0.010000,15,0
1593,0,0.00,0.00,1,0.010000,0,0
1594,20,270.00,-60.00,0,0.010000,15,0
1595,20,172.00,-84.00,0,0.010000,3,16
1596,0,0.00,0.00,1,0.010000,0,0
1597,4,132.00,8.00,1,0.010000,1,0
1598,20,-20.00,80.00,0,0.010000,0,20
1599,20,80.00,-20.00,0,0.010000,0,19
1600,20,172.00,-69.00,0,0.010000,1,11
1601,0,0.00,0.00,1,0.010000,0,0
1602,20,270.00,-60.00,0,0.010000,15,0
1603,0,0.00,0.00,1,0.010000,0,0
1604,20,270.00,-60.00,0,0.010000,15,0
1605,20,172.00,-79.00,0,0.010000,3,16
1606,0,0.00,0.00,1,0.010000,0,0
1607,4,132.00,8.00,1,0.010000,1,0
1608,20,-20.00,80.00,0,0.010000,0,20
1609,20,80.00,-20.00,0,0.010000,0,19
1610,20,172.00,-69.00,0,0.010000,1,11
1611,0,0.00,0.00,1,0.010000,0,0
1612,20,270.00,-60.00,0,0.010000,15,0
1613,0,0.00,0.00,1,0.010000,0,0
1614,20,270.00,-60.00,0,0.010000,15,0
1615,20,172.00,-79.00,0,0.010000,3,16
1616,0,0.00,0.00,1,0.010000,0,0
1617,4,132.00,8.00,1,0.010000,1,0
1618,20,-20.00,80.00,0,0.010000,0,20
1619,20,80.00,-20.00,0,0.010000,0,19
1620,20,172.00,-69.00,0,0.010000,1,10
1621,0,0.00,0.00,1,0.010000,0,0
1622,20,270.00,-60.00,0,0.010000,15,0
1623,0,0.00,0.00,1,0.010000,0,0
1624,20,270.00,-60.00,0,0.010000,15,0
1625,20,172.00,-79.00,0,0.010000,3,16
1626,0,0.00,0.00,1,0.010000,0,0
1627,4,132.00,8.00,1,0.010000,1,0
1628,20,-20.00,80.00,0,0.010000,0,20
1629,20,80.00,-20.00,0,0.010000,0,19
1630,20,172.00,-69.00,0,0.010000,1,11
1631,0,0.00,0.00,1,0.010000,0,0
1632,20,270.00,-60.00,0,0.010000,15,0
1633,0,0.00,0.00,1,0.010000,0,0
1634,20,270.00,-60.00,0,0.010000,15,0
1635,20,172.00,-79.00,0,0.010000,3,16
1636,0,0.00,0.00,1,0.010000,0,0
1637,4,132.00,8.00,1,0.010000,1,0
1638,20,-20.00,80.00,0,0.010000,0,20
1639,20,-9.00,106.00,0,0.010000,1,16
1640,20,172.00,-69.00,0,0.010000,1,11
1641,0,0.00,0.00,1,0.010000,0,0
1642,20,324.00,-116.00,0,0.010000,14,1
1643,0,0.00,0.00,1,0.010000,0,0
1644,20,270.00,-60.00,0,0.010000,15,0
1645,20,172.00,-79.00,0,0.010000,3,16
1646,0,0.00,0.00,1,0.010000,0,0
1647,4,132.00,8.00,1,0.010000,1,0
1648,20,-20.00,80.00,0,0.010000,0,20
1649,20,80.00,10.00,0,0.010000,1,16
1650,20,172.00,-69.00,0,0.010000,1,11
1651,0,0.00,0.00,1,0.010000,0,0
1652,20,270.00,-60.00,0,0.010000,15,0
1653,0,0.00,0.00,1,0.010000,0,0
1654,20,270.00,-60.00,0,0.010000,15,1
1655,20,172.00,-79.00,0,0.010000,3,16
1656,0,0.00,0.00,1,0.010000,0,0
1657,4,132.00,8.00,1,0.010000,1,0
1658,20,-20.00,80.00,0,0.010000,0,20
1659,20,80.00,-20.00,0,0.010000,0,19
1660,20,149.00,-69.00,0,0.010000,3,8
1661,0,0.00,0.00,1,0.010000,0,0
1662,20,270.00,-60.00,0,0.010000,15,0
1663,0,0.00,0.00,1,0.010000,0,0
1664,20,270.00,-60.00,0,0.010000,15,0
1665,20,172.00,-79.00,0,0.010000,3,16
1666,0,0.00,0.00,1,0.010000,0,0
1667,4,132.00,8.00,1,0.010000,1,0
1668,20,-20.00,80.00,0,0.010000,0,20
1669,20,80.00,-20.00,0,0.010000,0,19
1670,20,172.00,-69.00,0,0.010000,1,11
1671,0,0.00,0.00,1,0.010000,0,0
1672,20,270.00,-60.00,0,0.010000,15,0
1673,0,0.00,0.00,1,0.010000,0,0
1674,20,270.00,-60.00,0,0.010000,15,0
1675,20,172.00,-79.00,0,0.010000,3,16
1676,0,0.00,0.00,1,0.010000,0,0
1677,4,132.00,8.00,1,0.010000,1,0
1678,20,-20.00,80.00,0,0.010000,0,20
1679,20,80.00,-20.00,0,0.010000,0,19
1680,20,172.00,-69.00,0,0.010000,1,11
1681,0,0.00,0.00,1,0.010000,0,0
1682,20,270.00,-60.00,0,0.010000,15,0
1683,0,0.00,0.00,1,0.010000,0,0
1684,20,270.00,-60.00,0,0.010000,15,0
1685,20,172.00,-79.00,0,0.010000,3,16
1686,0,0.00,0.00,1,0.010000,0,0
1687,4,132.00,8.00,1,0.010000,1,0
1688,20,-20.00,80.00,0,0.010000,0,20
1689,20,80.00,-20.00,0,0.010000,0,19
1690,20,113.00,-33.00,0,0.010000,4,8
1691,0,0.00,0.00,1,0.010000,0,0
1692,20,270.00,-60.00,0,0.010000,15,0
1693,0,0.00,0.00,1,0.010000,0,0
1694,20,270.00,-60.00,0,0.010000,15,0
1695,20,172.00,-79.00,0,0.010000,3,16
1696,0,0.00,0.00,1,0.010000,0,0
1697,4,132.00,8.00,1,0.010000,1,0
1698,20,-20.00,80.00,0,0.010000,0,20
1699,20,80.00,-20.00,0,0.010000,0,19
1700,20,172.00,-69.00,0,0.010000,1,10
1701,0,0.00,0.00,1,0.010000,0,0
1702,20,270.00,-60.00,0,0.010000,15,0
1703,0,0.00,0.00,1,0.010000,0,0
1704,20,270.00,-60.00,0,0.010000,15,0
1705,20,172.00,-79.00,0,0.010000,3,16
1706,0,0.00,0.00,1,0.010000,0,0
1707,4,132.00,8.00,1,0.010000,1,0
1708,20,-20.00,80.00,0,0.010000,0,20
1709,20,80.00,-20.00,0,0.010000,0,19
1710,20,172.00,-69.00,0,0.010000,1,11
1711,0,0.00,0.00,1,0.010000,0,0
1712,20,270.00,-60.00,0,0.010000,15,0
1713,0,0.00,0.00,1,0.010000,0,0
1714,20,270.00,-60.00,0,0.010000,15,0
1715,20,172.00,-79.00,0,0.010000,3,16
1716,0,0.00,0.00,1,0.010000,0,0
1717,4,132.00,8.00,1,0.010000,1,0
1718,20,87.00,16.00,0,0.010000,1,17
1719,20,80.00,-20.00,0,0.010000,0,19
1720,20,172.00,-69.00,0,0.010000,1,10
1721,0,0.00,0.00,1,0.010000,0,0
1722,20,270.00,-60.00,0,0.010000,15,0
1723,0,0.00,0.00,1,0.010000,0,0
1724,20,270.00,-60.00,0,0.010000,15,0
1725,20,172.00,-79.00,0,0.010000,3,16
1726,0,0.00,0.00,1,0.010000,0,0
1727,4,132.00,8.00,1,0.010000,1,0
1728,20,172.00,-69.00,0,0.010000,1,17
1729,20,80.00,-20.00,0,0.010000,0,19
1730,20,172.00,-69.00,0,0.010000,1,11
1731,0,0.00,0.00,1,0.010000,0,0
1732,20,324.00,-116.00,0,0.010000,14,1
1733,0,0.00,0.00,1,0.010000,0,0
1734,20,270.00,-60.00,0,0.010000,15,0
1735,20,172.00,-79.00,0,0.010000,3,16
1736,0,0.00,0.00,1,0.010000,0,0
1737,4,132.00,8.00,1,0.010000,1,0
1738,20,172.00,-69.00,0,0.010000,1,17
1739,20,80.00,-20.00,0,0.010000,0,19
1740,20,172.00,-74.00,0,0.010000,1,12
1741,0,0.00,0.00,1,0.010000,0,0
1742,20,270.00,-60.00,0,0.010000,15,0
1743,0,0.00,0.00,1,0.010000,0,0
1744,20,209.00,-60.00,0,0.010000,16,2
1745,20,172.00,-79.00,0,0.010000,3,16
1746,0,0.00,0.00,1,0.010000,0,0
1747,4,132.00,8.00,1,0.010000,1,0
1748,20,172.00,-69.00,0,0.010000,1,17
1749,20,80.00,-20.00,0,0.010000,0,19
1750,20,172.00,-69.00,0,0.010000,1,10
1751,0,0.00,0.00,1,0.010000,0,0
1752,20,270.00,-60.00,0,0.010000,15,0
1753,0,0.00,0.00,1,0.010000,0,0
1754,20,270.00,-60.00,0,0.010000,15,0
1755,20,172.00,-79.00,0,0.010000,3,16
1756,0,0.00,0.00,1,0.010000,0,0
1757,4,132.00,8.00,1,0.010000,1,0
1758,20,172.00,-69.00,0,0.010000,1,17
1759,20,80.00,-20.00,0,0.010000,0,19
1760,20,172.00,-74.00,0,0.010000,1,12
1761,0,0.00,0.00,1,0.010000,0,0
1762,20,270.00,-60.00,0,0.010000,15,0
1763,0,0.00,0.00,1,0.010000,0,0
1764,20,270.00,-60.00,0,0.010000,15,0
1765,20,172.00,-79.00,0,0.010000,3,16
1766,0,0.00,0.00,1,0.010000,0,0
1767,4,132.00,8.00,1,0.010000,1,0
1768,20,172.00,-69.00,0,0.010000,1,17
1769,20,80.00,-20.00,0,0.010000,0,19
1770,20,172.00,-69.00,0,0.010000,1,10
1771,0,0.00,0.00,1,0.010000,0,0
1772,20,309.00,-101.00,0,0.010000,15,0
1773,0,0.00,0.00,1,0.010000,0,0
1774,20,270.00,-60.00,0,0.010000,15,0
1775,20,172.00,-79.00,0,0.010000,3,16
1776,0,0.00,0.00,1,0.010000,0,0
1777,4,132.00,8.00,1,0.010000,1,0
1778,20,172.00,-69.00,0,0.010000,1,17
1779,20,80.00,-20.00,0,0.010000,0,19
1780,20,172.00,-69.00,0,0.010000,1,11
1781,0,0.00,0.00,1,0.010000,0,0
1782,20,270.00,-60.00,0,0.010000,15,0
1783,0,0.00,0.00,1,0.010000,0,0
1784,20,265.00,-45.00,0,0.010000,14,1
1785,20,172.00,-119.00,0,0.010000,4,15
1786,0,0.00,0.00,1,0.010000,0,0
1787,4,132.00,8.00,1,0.010000,1,0
1788,20,172.00,-69.00,0,0.010000,1,17
1789,20,80.00,-20.00,0,0.010000,0,19
1790,20,172.00,-79.00,0,0.010000,2,11
1791,0,0.00,0.00,1,0.010000,0,0
1792,20,270.00,-60.00,0,0.010000,15,0
1793,0,0.00,0.00,1,0.010000,0,0
1794,20,270.00,-60.00,0,0.010000,15,0
1795,20,172.00,-79.00,0,0.010000,3,16
1796,0,0.00,0.00,1,0.010000,0,0
1797,4,132.00,8.00,1,0.010000,1,0
1798,20,172.00,-69.00,0,0.010000,1,17
1799,20,80.00,-20.00,0,0.010000,0,19
1800,20,172.00,-69.00,0,0.010000,1,11
1801,0,0.00,0.00,1,0.010000,0,0
1802,20,270.00,-60.00,0,0.010000,15,0
1803,0,0.00,0.00,1,0.010000,0,0
1804,20,255.00,-90.00,0,0.010000,16,0
1805,20,164.00,-77.00,0,0.010000,5,14
1806,0,0.00,0.00,1,0.010000,0,0
1807,4,132.00,8.00,1,0.010000,1,0
1808,20,172.00,-69.00,0,0.010000,1,17
1809,20,80.00,-20.00,0,0.010000,0,19
1810,20,172.00,-69.00,0,0.010000,1,11
1811,0,0.00,0.00,1,0.010000,0,0
1812,20,270.00,-60.00,0,0.010000,15,0
1813,0,0.00,0.00,1,0.010000,0,0
1814,20,270.00,-60.00,0,0.010000,15,0
1815,20,172.00,-79.00,0,0.010000,3,16
1816,0,0.00,0.00,1,0.010000,0,0
1817,4,132.00,8.00,1,0.010000,1,0
1818,20,157.00,-79.00,0,0.010000,3,17
1819,20,80.00,-20.00,0,0.010000,0,19
1820,20,172.00,-69.00,0,0.010000,1,10
1821,0,0.00,0.00,1,0.010000,0,0
1822,20,270.00,-60.00,0,0.010000,15,0
1823,0,0.00,0.00,1,0.010000,0,0
1824,20,270.00,-60.00,0,0.010000,15,0
1825,20,172.00,-79.00,0,0.010000,3,16
1826,0,0.00,0.00,1,0.010000,0,0
1827,4,132.00,8.00,1,0.010000,1,0
1828,20,172.00,-69.00,0,0.010000,1,17
1829,20,80.00,-20.00,0,0.010000,0,19
1830,20,172.00,-79.00,0,0.010000,2,15
1831,0,0.00,0.00,1,0.010000,0,0
1832,20,270.00,-60.00,0,0.010000,15,0
1833,0,0.00,0.00,1,0.010000,0,0
1834,20,270.00,-60.00,0,0.010000,15,0
1835,20,172.00,-84.00,0,0.010000,3,16
1836,0,0.00,0.00,1,0.010000,0,0
1837,4,132.00,8.00,1,0.010000,1,0
1838,20,172.00,-69.00,0,0.010000,1,17
1839,20,80.00,-20.00,0,0.010000,0,19
1840,20,172.00,-69.00,0,0.010000,1,10
1841,0,0.00,0.00,1,0.010000,0,0
1842,20,270.00,-60.00,0,0.010000,15,0
1843,0,0.00,0.00,1,0.010000,0,0
1844,20,270.00,-60.00,0,0.010000,15,0
1845,20,172.00,-79.00,0,0.010000,3,16
1846,0,0.00,0.00,1,0.010000,0,0
1847,4,132.00,8.00,1,0.010000,1,0
1848,20,172.00,-69.00,0,0.010000,1,17
1849,20,80.00,-20.00,0,0.010000,0,19
1850,20,172.00,-69.00,0,0.010000,1,11
1851,0,0.00,0.00,1,0.010000,0,0
1852,20,270.00,-60.00,0,0.010000,15,0
1853,0,0.00,0.00,1,0.010000,0,0
1854,20,270.00,-60.00,0,0.010000,15,0
1855,20,172.00,-79.00,0,0.010000,3,16
1856,0,0.00,0.00,1,0.010000,0,0
1857,4,132.00,8.00,1,0.010000,1,0
1858,20,172.00,-69.00,0,0.010000,1,17
1859,20,80.00,-20.00,0,0.010000,0,19
1860,20,172.00,-69.00,0,0.010000,1,11
1861,0,0.00,0.00,1,0.010000,0,0
1862,20,270.00,-60.00,0,0.010000,15,0
1863,0,0.00,0.00,1,0.010000,0,0
1864,20,270.00,-60.00,0,0.010000,15,0
1865,20,172.00,-79.00,0,0.010000,3,16
1866,0,0.00,0.00,1,0.010000,0,0
1867,4,132.00,8.00,1,0.010000,1,0
1868,20,172.00,-69.00,0,0.010000,1,17
1869,20,80.00,-20.00,0,0.010000,0,19
1870,20,172.00,-69.00,0,0.010000,1,11
1871,0,0.00,0.00,1,0.010000,0,0
1872,20,270.00,-60.00,0,0.010000,15,0
1873,0,0.00,0.00,1,0.010000,0,0
1874,20,270.00,-60.00,0,0.010000,15,0
1875,20,172.00,-79.00,0,0.010000,3,16
1876,0,0.00,0.00,1,0.010000,0,0
1877,4,132.00,8.00,1,0.010000,1,0
1878,20,172.00,-69.00,0,0.010000,1,17
1879,20,194.00,106.00,0,0.010000,6,2
1880,20,172.00,-79.00,0,0.010000,2,10
1881,0,0.00,0.00,1,0.010000,0,0
1882,20,324.00,-111.00,0,0.010000,14,1
1883,0,0.00,0.00,1,0.010000,0,0
1884,20,270.00,-60.00,0,0.010000,15,0
1885,20,172.00,-89.00,0,0.010000,4,16
1886,0,0.00,0.00,1,0.010000,0,0
1887,4,132.00,8.00,1,0.010000,1,0
1888,20,286.00,57.00,0,0.010000,7,0
1889,20,194.00,106.00,0,0.010000,6,0
1890,20,149.00,-69.00,0,0.010000,3,9
1891,0,0.00,0.00,1,0.010000,0,0
1892,20,270.00,-60.00,0,0.010000,15,0
1893,0,0.00,0.00,1,0.010000,0,0
1894,20,270.00,-60.00,0,0.010000,15,0
1895,20,157.00,-74.00,0,0.010000,4,16
1896,0,0.00,0.00,1,0.010000,0,0
1897,6,130.00,16.00,1,0.010000,2,0
1898,20,240.00,57.00,0,0.010000,7,1
1899,20,194.00,106.00,0,0.010000,6,0
1900,20,172.00,-69.00,0,0.010000,1,10
1901,0,0.00,0.00,1,0.010000,0,0
1902,20,270.00,-60.00,0,0.010000,15,0
1903,0,0.00,0.00,1,0.010000,0,0
1904,20,270.00,-60.00,0,0.010000,15,0
1905,20,172.00,-79.00,0,0.010000,3,16
1906,0,0.00,0.00,1,0.010000,0,0
1907,4,132.00,8.00,1,0.010000,1,0
1908,20,286.00,57.00,0,0.010000,7,0
1909,20,194.00,106.00,0,0.010000,6,0
1910,20,172.00,-69.00,0,0.010000,1,11
1911,0,0.00,0.00,1,0.010000,0,0
1912,20,309.00,-111.00,0,0.010000,15,1
1913,0,0.00,0.00,1,0.010000,0,0
1914,20,270.00,-60.00,0,0.010000,15,0
1915,20,172.00,-79.00,0,0.010000,3,16
1916,0,0.00,0.00,1,0.010000,0,0
1917,4,132.00,8.00,1,0.010000,1,0
1918,20,230.00,52.00,0,0.010000,7,1
1919,20,194.00,106.00,0,0.010000,6,0
1920,20,172.00,-69.00,0,0.010000,1,11
1921,0,0.00,0.00,1,0.010000,0,0
1922,20,270.00,-60.00,0,0.010000,15,0
1923,0,0.00,0.00,1,0.010000,0,0
1924,20,270.00,-60.00,0,0.010000,15,0
1925,20,172.00,-79.00,0,0.010000,3,16
1926,0,0.00,0.00,1,0.010000,0,0
1927,4,132.00,8.00,1,0.010000,1,0
1928,20,286.00,57.00,0,0.010000,7,0
1929,20,194.00,106.00,0,0.010000,6,0
1930,20,172.00,-69.00,0,0.010000,1,10
1931,0,0.00,0.00,1,0.010000,0,0
1932,20,270.00,-60.00,0,0.010000,15,0
1933,0,0.00,0.00,1,0.010000,0,0
1934,20,270.00,-60.00,0,0.010000,15,0
1935,20,172.00,-79.00,0,0.010000,3,16
1936,0,0.00,0.00,1,0.010000,0,0
1937,4,132.00,8.00,1,0.010000,1,0
1938,20,286.00,57.00,0,0.010000,7,0
1939,20,194.00,106.00,0,0.010000,6,0
1940,20,172.00,-69.00,0,0.010000,1,11
1941,0,0.00,0.00,1,0.010000,0,0
1942,20,270.00,-60.00,0,0.010000,15,0
1943,0,0.00,0.00,1,0.010000,0,0
1944,20,270.00,-60.00,0,0.010000,15,0
1945,20,172.00,-89.00,0,0.010000,4,16
1946,0,0.00,0.00,1,0.010000,0,0
1947,4,132.00,8.00,1,0.010000,1,0
1948,20,164.00,116.00,0,0.010000,8,2
1949,20,194.00,106.00,0,0.010000,6,0
1950,20,172.00,-69.00,0,0.010000,1,11
1951,0,0.00,0.00,1,0.010000,0,0
1952,20,270.00,-60.00,0,0.010000,15,0
1953,0,0.00,0.00,1,0.010000,0,0
1954,20,270.00,-50.00,0,0.010000,14,1
1955,20,172.00,-79.00,0,0.010000,3,16
1956,0,0.00,0.00,1,0.010000,0,0
1957,4,132.00,8.00,1,0.010000,1,0
1958,20,186.00,108.00,0,0.010000,8,0
1959,20,194.00,106.00,0,0.010000,6,0
1960,20,172.00,-69.00,0,0.010000,1,11
1961,0,0.00,0.00,1,0.010000,0,0
1962,20,270.00,-60.00,0,0.010000,15,0
1963,0,0.00,0.00,1,0.010000,0,0
1964,20,270.00,-60.00,0,0.010000,15,0
1965,20,172.00,-79.00,0,0.010000,3,16
1966,0,0.00,0.00,1,0.010000,0,0
1967,4,132.00,8.00,1,0.010000,1,0
1968,20,286.00,57.00,0,0.010000,7,0
1969,20,194.00,106.00,0,0.010000,6,0
1970,20,172.00,-69.00,0,0.010000,1,10
1971,0,0.00,0.00,1,0.010000,0,0
1972,20,270.00,-60.00,0,0.010000,15,0
1973,0,0.00,0.00,1,0.010000,0,0
1974,20,270.00,-60.00,0,0.010000,15,0
1975,20,172.00,-79.00,0,0.010000,3,16
1976,0,0.00,0.00,1,0.010000,0,0
1977,4,132.00,8.00,1,0.010000,1,0
1978,20,286.00,57.00,0,0.010000,7,0
1979,20,194.00,106.00,0,0.010000,6,0
1980,20,172.00,-69.00,0,0.010000,1,11
1981,0,0.00,0.00,1,0.010000,0,0
1982,20,270.00,-60.00,0,0.010000,15,0
1983,0,0.00,0.00,1,0.010000,0,0
1984,20,270.00,-60.00,0,0.010000,15,0
1985,20,172.00,-79.00,0,0.010000,3,16
1986,0,0.00,0.00,1,0.010000,0,0
1987,4,132.00,8.00,1,0.010000,1,0
1988,20,240.00,47.00,0,0.010000,8,1
1989,20,194.00,101.00,0,0.010000,6,1
1990,20,172.00,-69.00,0,0.010000,1,11
1991,0,0.00,0.00,1,0.010000,0,0
1992,20,270.00,-60.00,0,0.010000,15,0
1993,0,0.00,0.00,1,0.010000,0,0
1994,20,270.00,-60.00,0,0.010000,15,0
1995,20,172.00,-79.00,0,0.010000,3,16
1996,0,0.00,0.00,1,0.010000,0,0
1997,4,132.00,8.00,1,0.010000,1,0
1998,20,286.00,57.00,0,0.010000,7,0
1999,20,194.00,106.00,0,0.010000,6,0
2000,20,172.00,-79.00,0,0.010000,2,13
2001,0,0.00,0.00,1,0.010000,0,0
2002,20,309.00,-106.00,0,0.010000,15,1
2003,0,0.00,0.00,1,0.010000,0,0
2004,20,270.00,-60.00,0,0.010000,15,0
2005,20,172.00,-79.00,0,0.010000,3,16
2006,0,0.00,0.00,1,0.010000,0,0
2007,4,132.00,8.00,1,0.010000,1,0
2008,20,286.00,57.00,0,0.010000,7,0
2009,20,118.00,22.00,0,0.010000,3,12
2010,20,172.00,-69.00,0,0.010000,1,11
2011,0,0.00,0.00,1,0.010000,0,0
2012,20,270.00,-60.00,0,0.010000,15,0
2013,0,0.00,0.00,1,0.010000,0,0
2014,20,270.00,-60.00,0,0.010000,15,0
2015,20,172.00,-79.00,0,0.010000,3,16
2016,0,0.00,0.00,1,0.010000,0,0
2017,4,132.00,8.00,1,0.010000,1,0
2018,20,286.00,47.00,0,0.010000,8,0
2019,20,194.00,106.00,0,0.010000,6,0
2020,20,172.00,-69.00,0,0.010000,1,11
2021,0,0.00,0.00,1,0.010000,0,0
2022,20,270.00,-60.00,0,0.010000,15,0
2023,0,0.00,0.00,1,0.010000,0,0
2024,20,270.00,-60.00,0,0.010000,15,0
2025,20,172.00,-79.00,0,0.010000,3,16
2026,0,0.00,0.00,1,0.010000,0,0
2027,4,132.00,8.00,1,0.010000,1,0
2028,20,286.00,57.00,0,0.010000,7,0
2029,20,194.00,106.00,0,0.010000,6,0
2030,20,172.00,-69.00,0,0.010000,1,10
2031,0,0.00,0.00,1,0.010000,0,0
2032,20,270.00,-60.00,0,0.010000,15,0
2033,0,0.00,0.00,1,0.010000,0,0
2034,20,270.00,-60.00,0,0.010000,15,0
2035,20,172.00,-79.00,0,0.010000,3,16
2036,0,0.00,0.00,1,0.010000,0,0
2037,4,132.00,8.00,1,0.010000,1,0
2038,20,286.00,57.00,0,0.010000,7,0
2039,20,194.00,106.00,0,0.010000,6,0
2040,20,172.00,-69.00,0,0.010000,1,11
2041,0,0.00,0.00,1,0.010000,0,0
2042,20,270.00,-60.00,0,0.010000,15,0
2043,0,0.00,0.00,1,0.010000,0,0
2044,20,270.00,-60.00,0,0.010000,15,0
2045,20,172.00,-79.00,0,0.010000,3,16
2046,0,0.00,0.00,1,0.010000,0,0
2047,4,132.00,8.00,1,0.010000,1,0
2048,20,286.00,57.00,0,0.010000,7,0
2049,20,194.00,106.00,0,0.010000,6,0
2050,20,172.00,-69.00,0,0.010000,1,10
2051,0,0.00,0.00,1,0.010000,0,0
2052,20,270.00,-60.00,0,0.010000,15,0
2053,0,0.00,0.00,1,0.010000,0,0
2054,20,270.00,-60.00,0,0.010000,15,0
2055,20,172.00,-79.00,0,0.010000,3,16
2056,0,0.00,0.00,1,0.010000,0,0
2057,4,132.00,8.00,1,0.010000,1,0
2058,20,286.00,57.00,0,0.010000,7,0
2059,20,194.00,106.00,0,0.010000,6,0
2060,20,172.00,-69.00,0,0.010000,1,11
2061,0,0.00,0.00,1,0.010000,0,0
2062,20,270.00,-60.00,0,0.010000,15,0
2063,0,0.00,0.00,1,0.010000,0,0
2064,20,270.00,-60.00,0,0.010000,15,0
2065,20,172.00,-79.00,0,0.010000,3,16
2066,0,0.00,0.00,1,0.010000,0,0
2067,4,132.00,8.00,1,0.010000,1,0
2068,20,286.00,57.00,0,0.010000,7,0
2069,20,194.00,106.00,0,0.010000,6,0
2070,20,172.00,-69.00,0,0.010000,1,11
2071,0,0.00,0.00,1,0.010000,0,0
2072,20,270.00,-60.00,0,0.010000,15,0
2073,0,0.00,0.00,1,0.010000,0,0
2074,20,270.00,-60.00,0,0.010000,15,0
2075,20,172.00,-79.00,0,0.010000,3,16
2076,0,0.00,0.00,1,0.010000,0,0
2077,4,132.00,8.00,1,0.010000,1,0
2078,20,225.00,47.00,0,0.010000,8,1
2079,20,194.00,106.00,0,0.010000,6,0
2080,20,172.00,-69.00,0,0.010000,1,11
2081,0,0.00,0.00,1,0.010000,0,0
2082,20,270.00,-60.00,0,0.010000,15,0
2083,0,0.00,0.00,1,0.010000,0,0
2084,20,270.00,-60.00,0,0.010000,15,0
2085,20,172.00,-79.00,0,0.010000,3,16
2086,0,0.00,0.00,1,0.010000,0,0
2087,4,132.00,8.00,1,0.010000,1,0
2088,20,286.00,57.00,0,0.010000,7,0
2089,20,194.00,106.00,0,0.010000,6,0
2090,20,172.00,-69.00,0,0.010000,1,11
2091,0,0.00,0.00,1,0.010000,0,0
2092,20,309.00,-121.00,0,0.010000,15,1
2093,0,0.00,0.00,1,0.010000,0,0
2094,20,270.00,-60.00,0,0.010000,15,0
2095,20,172.00,-79.00,0,0.010000,3,16
2096,0,0.00,0.00,1,0.010000,0,0
2097,4,132.00,8.00,1,0.010000,1,0
2098,20,286.00,57.00,0,0.010000,7,0
2099,20,194.00,106.00,0,0.010000,6,0
2100,20,172.00,-69.00,0,0.010000,1,10
2101,0,0.00,0.00,1,0.010000,0,0
2102,20,270.00,-60.00,0,0.010000,15,0
2103,0,0.00,0.00,1,0.010000,0,0
2104,20,219.00,-60.00,0,0.010000,16,0
2105,20,172.00,-79.00,0,0.010000,3,16
2106,0,0.00,0.00,1,0.010000,0,0
2107,4,132.00,8.00,1,0.010000,1,0
2108,20,186.00,108.00,0,0.010000,8,0
2109,20,194.00,106.00,0,0.010000,6,0
2110,20,172.00,-69.00,0,0.010000,1,11
2111,0,0.00,0.00,1,0.010000,0,0
2112,20,270.00,-60.00,0,0.010000,15,0
2113,0,0.00,0.00,1,0.010000,0,0
2114,20,270.00,-60.00,0,0.010000,15,0
2115,20,156.00,-87.00,0,0.010000,8,10
2116,0,0.00,0.00,1,0.010000,0,0
2117,4,132.00,8.00,1,0.010000,1,0
2118,20,286.00,57.00,0,0.010000,7,0
2119,20,194.00,106.00,0,0.010000,6,0
2120,20,172.00,-69.00,0,0.010000,1,10
2121,0,0.00,0.00,1,0.010000,0,0
2122,20,270.00,-60.00,0,0.010000,15,0
2123,0,0.00,0.00,1,0.010000,0,0
2124,20,270.00,-60.00,0,0.010000,15,1
2125,20,172.00,-79.00,0,0.010000,3,16
2126,0,0.00,0.00,1,0.010000,0,0
2127,4,132.00,8.00,1,0.010000,1,0
2128,20,286.00,57.00,0,0.010000,7,0
2129,20,194.00,106.00,0,0.010000,6,0
2130,20,172.00,-69.00,0,0.010000,1,11
2131,0,0.00,0.00,1,0.010000,0,0
2132,20,270.00,-60.00,0,0.010000,15,0
2133,0,0.00,0.00,1,0.010000,0,0
2134,20,270.00,-60.00,0,0.010000,15,0
2135,20,172.00,-79.00,0,0.010000,3,16
2136,0,0.00,0.00,1,0.010000,0,0
2137,4,132.00,8.00,1,0.010000,1,0
2138,20,286.00,57.00,0,0.010000,7,0
2139,20,194.00,106.00,0,0.010000,6,0
2140,20,172.00,-69.00,0,0.010000,1,11
2141,0,0.00,0.00,1,0.010000,0,0
2142,20,270.00,-60.00,0,0.010000,15,0
2143,0,0.00,0.00,1,0.010000,0,0
2144,20,270.00,-60.00,0,0.010000,15,0
2145,20,172.00,-79.00,0,0.010000,3,16
2146,0,0.00,0.00,1,0.010000,0,0
2147,4,132.00,8.00,1,0.010000,1,0
2148,20,286.00,57.00,0,0.010000,7,0
2149,20,186.00,106.00,0,0.010000,7,0
2150,20,172.00,-69.00,0,0.010000,1,11
2151,0,0.00,0.00,1,0.010000,0,0
2152,20,270.00,-60.00,0,0.010000,15,0
2153,0,0.00,0.00,1,0.010000,0,0
2154,20,270.00,-60.00,0,0.010000,15,0
2155,20,164.00,-99.00,0,0.010000,5,14
2156,0,0.00,0.00,1,0.010000,0,0
2157,4,132.00,8.00,1,0.010000,1,0
2158,20,286.00,57.00,0,0.010000,7,0
2159,20,194.00,106.00,0,0.010000,6,0
2160,20,172.00,-69.00,0,0.010000,1,11
2161,0,0.00,0.00,1,0.010000,0,0
2162,20,270.00,-60.00,0,0.010000,15,0
2163,0,0.00,0.00,1,0.010000,0,0
2164,20,216.00,-48.00,0,0.010000,16,0
2165,20,172.00,-79.00,0,0.010000,3,16
2166,0,0.00,0.00,1,0.010000,0,0
2167,4,132.00,8.00,1,0.010000,1,0
2168,20,286.00,57.00,0,0.010000,7,0
2169,20,194.00,106.00,0,0.010000,6,0
2170,20,172.00,-69.00,0,0.010000,1,10
2171,0,0.00,0.00,1,0.010000,0,0
2172,20,270.00,-60.00,0,0.010000,15,0
2173,0,0.00,0.00,1,0.010000,0,0
2174,20,270.00,-60.00,0,0.010000,15,0
2175,20,172.00,-79.00,0,0.010000,3,16
2176,0,0.00,0.00,1,0.010000,0,0
2177,4,132.00,8.00,1,0.010000,1,0
2178,20,286.00,57.00,0,0.010000,7,0
2179,20,194.00,106.00,0,0.010000,6,0
2180,20,172.00,-69.00,0,0.010000,1,11
2181,0,0.00,0.00,1,0.010000,0,0
2182,20,270.00,-60.00,0,0.010000,15,0
2183,0,0.00,0.00,1,0.010000,0,0
2184,20,270.00,-60.00,0,0.010000,15,0
2185,20,172.00,-79.00,0,0.010000,3,16
2186,0,0.00,0.00,1,0.010000,0,0
2187,4,132.00,8.00,1,0.010000,1,0
2188,20,286.00,57.00,0,0.010000,7,0
2189,20,194.00,106.00,0,0.010000,6,1
2190,20,172.00,-69.00,0,0.010000,1,10
2191,0,0.00,0.00,1,0.010000,0,0
2192,20,270.00,-60.00,0,0.010000,15,0
2193,0,0.00,0.00,1,0.010000,0,0
2194,20,270.00,-60.00,0,0.010000,15,0
2195,20,172.00,-79.00,0,0.010000,3,16
2196,0,0.00,0.00,1,0.010000,0,0
2197,4,132.00,8.00,1,0.010000,1,0
2198,20,286.00,57.00,0,0.010000,7,0
2199,20,194.00,106.00,0,0.010000,6,0
2200,20,172.00,-69.00,0,0.010000,1,11
2201,0,0.00,0.00,1,0.010000,0,0
2202,20,270.00,-60.00,0,0.010000,15,0
2203,0,0.00,0.00,1,0.010000,0,0
2204,20,270.00,-60.00,0,0.010000,15,0
2205,20,172.00,-79.00,0,0.010000,3,16
2206,0,0.00,0.00,1,0.010000,0,0
2207,4,132.00,8.00,1,0.010000,1,0
2208,20,286.00,57.00,0,0.010000,7,0
2209,20,194.00,106.00,0,0.010000,6,0
2210,20,172.00,-79.00,0,0.010000,2,12
2211,0,0.00,0.00,1,0.010000,0,0
2212,20,270.00,-60.00,0,0.010000,15,0
2213,0,0.00,0.00,1,0.010000,0,0
2214,20,255.00,-50.00,0,0.010000,15,1
2215,20,172.00,-79.00,0,0.010000,3,16
2216,0,0.00,0.00,1,0.010000,0,0
2217,4,132.00,8.00,1,0.010000,1,0
2218,20,248.00,15.00,0,0.010000,6,2
2219,20,194.00,106.00,0,0.010000,6,0
2220,20,172.00,-69.00,0,0.010000,1,10
2221,0,0.00,0.00,1,0.010000,0,0
2222,20,270.00,-60.00,0,0.010000,15,0
2223,0,0.00,0.00,1,0.010000,0,0
2224,20,270.00,-60.00,0,0.010000,15,0
2225,20,172.00,-79.00,0,0.010000,3,16
2226,0,0.00,0.00,1,0.010000,0,0
2227,4,132.00,8.00,1,0.010000,1,0
2228,20,286.00,57.00,0,0.010000,7,0
2229,20,194.00,106.00,0,0.010000,6,0
2230,20,172.00,-69.00,0,0.010000,1,11
2231,0,0.00,0.00,1,0.010000,0,0
2232,20,270.00,-60.00,0,0.010000,15,0
2233,0,0.00,0.00,1,0.010000,0,0
2234,20,224.00,-50.00,0,0.010000,14,0
2235,20,172.00,-79.00,0,0.010000,3,16
2236,0,0.00,0.00,1,0.010000,0,0
2237,4,132.00,8.00,1,0.010000,1,0
2238,20,286.00,57.00,0,0.010000,7,0
2239,20,194.00,106.00,0,0.010000,6,0
2240,20,142.00,-69.00,0,0.010000,3,10
2241,0,0.00,0.00,1,0.010000,0,0
2242,20,270.00,-60.00,0,0.010000,15,0
2243,0,0.00,0.00,1,0.010000,0,0
2244,20,270.00,-60.00,0,0.010000,15,0
2245,20,172.00,-79.00,0,0.010000,3,16
2246,0,0.00,0.00,1,0.010000,0,0
2247,4,132.00,8.00,1,0.010000,1,0
2248,20,286.00,57.00,0,0.010000,7,0
2249,20,194.00,106.00,0,0.010000,6,0
2250,20,172.00,-69.00,0,0.010000,1,10
2251,0,0.00,0.00,1,0.010000,0,0
2252,20,270.00,-60.00,0,0.010000,15,0
2253,0,0.00,0.00,1,0.010000,0,0
2254,20,270.00,-60.00,0,0.010000,15,0
2255,20,172.00,-79.00,0,0.010000,3,16
2256,0,0.00,0.00,1,0.010000,0,0
2257,4,132.00,8.00,1,0.010000,1,0
2258,20,240.00,52.00,0,0.010000,7,1
2259,20,194.00,106.00,0,0.010000,6,0
2260,20,172.00,-69.00,0,0.010000,1,11
2261,0,0.00,0.00,1,0.010000,0,0
2262,20,270.00,-60.00,0,0.010000,15,0
2263,0,0.00,0.00,1,0.010000,0,0
2264,20,270.00,-60.00,0,0.010000,15,0
2265,20,164.00,-77.00,0,0.010000,5,14
2266,0,0.00,0.00,1,0.010000,0,0
2267,4,132.00,8.00,1,0.010000,1,0
2268,20,225.00,62.00,0,0.010000,8,1
2269,20,194.00,106.00,0,0.010000,6,1
2270,20,172.00,-69.00,0,0.010000,1,11
2271,0,0.00,0.00,1,0.010000,0,0
2272,20,270.00,-60.00,0,0.010000,15,0
2273,0,0.00,0.00,1,0.010000,0,0
2274,20,270.00,-60.00,0,0.010000,15,1
2275,20,172.00,-79.00,0,0.010000,3,16
2276,0,0.00,0.00,1,0.010000,0,0
2277,4,132.00,8.00,1,0.010000,1,0
2278,20,286.00,57.00,0,0.010000,7,0
2279,20,194.00,106.00,0,0.010000,6,0
2280,20,172.00,-69.00,0,0.010000,1,11
2281,0,0.00,0.00,1,0.010000,0,0
2282,20,270.00,-60.00,0,0.010000,15,0
2283,0,0.00,0.00,1,0.010000,0,0
2284,20,270.00,-60.00,0,0.010000,15,0
2285,20,172.00,-79.00,0,0.010000,3,16
2286,0,0.00,0.00,1,0.010000,0,0
2287,4,132.00,8.00,1,0.010000,1,0
2288,20,286.00,57.00,0,0.010000,7,0
2289,20,80.00,-30.00,0,0.010000,1,19
2290,20,172.00,-69.00,0,0.010000,1,10
2291,0,0.00,0.00,1,0.010000,0,0
2292,20,270.00,-60.00,0,0.010000,15,0
2293,0,0.00,0.00,1,0.010000,0,0
2294,20,270.00,-60.00,0,0.010000,15,0
2295,20,172.00,-84.00,0,0.010000,3,16
2296,0,0.00,0.00,1,0.010000,0,0
2297,4,132.00,8.00,1,0.010000,1,0
2298,20,286.00,57.00,0,0.010000,7,0
2299,20,194.00,106.00,0,0.010000,6,0
2300,20,172.00,-69.00,0,0.010000,1,11
2301,0,0.00,0.00,1,0.010000,0,0
2302,20,270.00,-60.00,0,0.010000,15,0
2303,0,0.00,0.00,1,0.010000,0,0
2304,20,270.00,-60.00,0,0.010000,15,0
2305,20,172.00,-79.00,0,0.010000,3,16
2306,0,0.00,0.00,1,0.010000,0,0
2307,4,132.00,8.00,1,0.010000,1,0
2308,20,286.00,57.00,0,0.010000,7,0
2309,20,194.00,106.00,0,0.010000,6,0
2310,20,172.00,-69.00,0,0.010000,1,11
2311,0,0.00,0.00,1,0.010000,0,0
2312,20,270.00,-60.00,0,0.010000,15,0
2313,0,0.00,0.00,1,0.010000,0,0
2314,20,270.00,-60.00,0,0.010000,15,0
2315,20,172.00,-79.00,0,0.010000,3,16
2316,0,0.00,0.00,1,0.010000,0,0
2317,4,132.00,8.00,1,0.010000,1,0
2318,20,286.00,57.00,0,0.010000,7,0
2319,20,194.00,106.00,0,0.010000,6,0
2320,20,172.00,-69.00,0,0.010000,1,10
2321,0,0.00,0.00,1,0.010000,0,0
2322,20,270.00,-60.00,0,0.010000,15,0
2323,0,0.00,0.00,1,0.010000,0,0
2324,20,270.00,-60.00,0,0.010000,15,0
2325,20,172.00,-79.00,0,0.010000,3,16
2326,0,0.00,0.00,1,0.010000,0,0
2327,4,132.00,8.00,1,0.010000,1,0
2328,20,240.00,57.00,0,0.010000,7,1
2329,20,194.00,106.00,0,0.010000,6,0
2330,20,159.00,-87.00,0,0.010000,5,9
2331,0,0.00,0.00,1,0.010000,0,0
2332,20,270.00,-60.00,0,0.010000,15,0
2333,0,0.00,0.00,1,0.010000,0,0
2334,20,270.00,-60.00,0,0.010000,15,0
2335,20,172.00,-79.00,0,0.010000,3,16
2336,0,0.00,0.00,1,0.010000,0,0
2337,4,132.00,8.00,1,0.010000,1,0
2338,20,286.00,57.00,0,0.010000,7,0
2339,20,194.00,106.00,0,0.010000,6,0
2340,20,172.00,-69.00,0,0.010000,1,10
2341,0,0.00,0.00,1,0.010000,0,0
2342,20,270.00,-60.00,0,0.010000,15,0
2343,0,0.00,0.00,1,0.010000,0,0
2344,20,270.00,-60.00,0,0.010000,15,0
2345,20,172.00,-79.00,0,0.010000,3,16
2346,0,0.00,0.00,1,0.010000,0,0
2347,4,132.00,8.00,1,0.010000,1,0
2348,20,286.00,57.00,0,0.010000,7,0
2349,20,194.00,106.00,0,0.010000,6,0
2350,20,172.00,-69.00,0,0.010000,1,11
2351,0,0.00,0.00,1,0.010000,0,0
2352,20,270.00,-60.00,0,0.010000,15,0
2353,0,0.00,0.00,1,0.010000,0,0
2354,20,270.00,-60.00,0,0.010000,15,0
2355,20,172.00,-79.00,0,0.010000,3,16
2356,0,0.00,0.00,1,0.010000,0,0
2357,4,132.00,8.00,1,0.010000,1,0
2358,20,286.00,57.00,0,0.010000,7,0
2359,20,194.00,106.00,0,0.010000,6,0
2360,20,172.00,-69.00,0,0.010000,1,10
2361,0,0.00,0.00,1,0.010000,0,0
2362,20,324.00,-111.00,0,0.010000,14,1
2363,0,0.00,0.00,1,0.010000,0,0
2364,20,270.00,-60.00,0,0.010000,15,0
2365,20,172.00,-89.00,0,0.010000,4,16
2366,0,0.00,0.00,1,0.010000,0,0
2367,4,132.00,8.00,1,0.010000,1,0
2368,20,286.00,57.00,0,0.010000,7,0
2369,20,194.00,106.00,0,0.010000,6,0
2370,20,172.00,-79.00,0,0.010000,2,13
2371,0,0.00,0.00,1,0.010000,0,0
2372,20,270.00,-60.00,0,0.010000,15,0
2373,0,0.00,0.00,1,0.010000,0,0
2374,20,270.00,-60.00,0,0.010000,15,0
2375,20,172.00,-79.00,0,0.010000,3,16
2376,0,0.00,0.00,1,0.010000,0,0
2377,4,132.00,8.00,1,0.010000,1,0
2378,20,225.00,47.00,0,0.010000,8,1
2379,20,194.00,106.00,0,0.010000,6,0
2380,20,172.00,-69.00,0,0.010000,1,12
2381,0,0.00,0.00,1,0.010000,0,0
2382,20,270.00,-60.00,0,0.010000,15,0
2383,0,0.00,0.00,1,0.010000,0,0
2384,20,270.00,-60.00,0,0.010000,15,0
2385,20,172.00,-79.00,0,0.010000,3,16
2386,0,0.00,0.00,1,0.010000,0,0
2387,4,132.00,8.00,1,0.010000,1,0
2388,20,286.00,57.00,0,0.010000,7,0
2389,20,194.00,106.00,0,0.010000,6,0
2390,20,172.00,-69.00,0,0.010000,1,10
2391,0,0.00,0.00,1,0.010000,0,0
2392,20,270.00,-60.00,0,0.010000,15,0
2393,0,0.00,0.00,1,0.010000,0,0
2394,20,270.00,-60.00,0,0.010000,15,0
2395,20,172.00,-79.00,0,0.010000,3,16
2396,0,0.00,0.00,1,0.010000,0,0
2397,4,132.00,8.00,1,0.010000,1,0
2398,20,286.00,57.00,0,0.010000,7,0
2399,20,194.00,106.00,0,0.010000,6,0
2400,20,172.00,-69.00,0,0.010000,1,11
2401,0,0.00,0.00,1,0.010000,0,0
2402,20,270.00,-60.00,0,0.010000,15,0
2403,0,0.00,0.00,1,0.010000,0,0
2404,20,270.00,-60.00,0,0.010000,15,0
2405,20,172.00,-79.00,0,0.010000,3,16
2406,0,0.00,0.00,1,0.010000,0,0
2407,4,132.00,8.00,1,0.010000,1,0
2408,20,286.00,57.00,0,0.010000,7,0
2409,20,194.00,106.00,0,0.010000,6,0
2410,20,172.00,-69.00,0,0.010000,1,10
2411,0,0.00,0.00,1,0.010000,0,0
2412,20,270.00,-60.00,0,0.010000,15,0
2413,0,0.00,0.00,1,0.010000,0,0
2414,20,259.00,-90.00,0,0.010000,15,1
2415,20,172.00,-79.00,0,0.010000,3,16
2416,0,0.00,0.00,1,0.010000,0,0
2417,4,132.00,8.00,1,0.010000,1,0
2418,20,286.00,57.00,0,0.010000,7,0
2419,20,194.00,106.00,0,0.010000,6,0
2420,20,172.00,-69.00,0,0.010000,1,11
2421,0,0.00,0.00,1,0.010000,0,0
2422,20,270.00,-60.00,0,0.010000,15,0
2423,0,0.00,0.00,1,0.010000,0,0
2424,20,255.00,-45.00,0,0.010000,15,1
2425,20,172.00,-79.00,0,0.010000,3,16
2426,0,0.00,0.00,1,0.010000,0,0
2427,4,132.00,8.00,1,0.010000,1,0
2428,20,286.00,57.00,0,0.010000,7,0
2429,20,194.00,106.00,0,0.010000,6,0
2430,20,172.00,-69.00,0,0.010000,1,11
2431,0,0.00,0.00,1,0.010000,0,0
2432,20,270.00,-60.00,0,0.010000,15,0
2433,0,0.00,0.00,1,0.010000,0,0
2434,20,270.00,-60.00,0,0.010000,15,0
2435,20,172.00,-79.00,0,0.010000,3,16
2436,0,0.00,0.00,1,0.010000,0,0
2437,8,159.00,24.00,1,0.010000,2,0
2438,20,286.00,57.00,0,0.010000,7,0
2439,20,194.00,106.00,0,0.010000,6,0
2440,20,172.00,-69.00,0,0.010000,1,11
2441,0,0.00,0.00,1,0.010000,0,0
2442,20,270.00,-60.00,0,0.010000,15,0
2443,0,0.00,0.00,1,0.010000,0,0
2444,20,265.00,-45.00,0,0.010000,14,1
2445,20,172.00,-79.00,0,0.010000,3,16
2446,0,0.00,0.00,1,0.010000,0,0
2447,8,159.00,24.00,1,0.010000,2,0
2448,20,286.00,57.00,0,0.010000,7,0
2449,20,194.00,106.00,0,0.010000,6,0
2450,20,164.00,-69.00,0,0.010000,2,9
2451,0,0.00,0.00,1,0.010000,0,0
2452,20,270.00,-60.00,0,0.010000,15,0
2453,0,0.00,0.00,1,0.010000,0,0
2454,20,270.00,-60.00,0,0.010000,15,0
2455,20,172.00,-79.00,0,0.010000,3,16
2456,0,0.00,0.00,1,0.010000,0,0
2457,4,132.00,8.00,1,0.010000,1,0
2458,20,286.00,57.00,0,0.010000,7,0
2459,20,194.00,96.00,0,0.010000,7,1
2460,20,172.00,-69.00,0,0.010000,1,11
2461,0,0.00,0.00,1,0.010000,0,0
2462,20,270.00,-60.00,0,0.010000,15,0
2463,0,0.00,0.00,1,0.010000,0,0
2464,20,270.00,-60.00,0,0.010000,15,0
2465,20,172.00,-79.00,0,0.010000,3,16
2466,0,0.00,0.00,1,0.010000,0,0
2467,4,132.00,8.00,1,0.010000,1,0
2468,20,286.00,57.00,0,0.010000,7,0
2469,20,194.00,106.00,0,0.010000,6,0
2470,20,172.00,-69.00,0,0.010000,1,11
2471,0,0.00,0.00,1,0.010000,0,0
2472,20,270.00,-60.00,0,0.010000,15,0
2473,0,0.00,0.00,1,0.010000,0,0
2474,20,270.00,-60.00,0,0.010000,15,0
2475,20,172.00,-79.00,0,0.010000,3,16
2476,0,0.00,0.00,1,0.010000,0,0
2477,4,132.00,8.00,1,0.010000,1,0
2478,20,286.00,57.00,0,0.010000,7,0
2479,20,194.00,106.00,0,0.010000,6,0
2480,20,172.00,-69.00,0,0.010000,1,10
2481,0,0.00,0.00,1,0.010000,0,0
2482,20,270.00,-60.00,0,0.010000,15,0
2483,0,0.00,0.00,1,0.010000,0,0
2484,20,270.00,-60.00,0,0.010000,15,0
2485,20,172.00,-79.00,0,0.010000,3,16
2486,0,0.00,0.00,1,0.010000,0,0
2487,4,132.00,8.00,1,0.010000,1,0
2488,20,286.00,57.00,0,0.010000,7,0
2489,20,194.00,106.00,0,0.010000,6,0
2490,20,172.00,-69.00,0,0.010000,1,11
2491,0,0.00,0.00,1,0.010000,0,0
2492,20,270.00,-60.00,0,0.010000,15,0
2493,0,0.00,0.00,1,0.010000,0,0
2494,20,270.00,-60.00,0,0.010000,15,0
2495,20,172.00,-79.00,0,0.010000,3,16
2496,0,0.00,0.00,1,0.010000,0,0
2497,4,132.00,8.00,1,0.010000,1,0
2498,20,286.00,57.00,0,0.010000,7,0
2499,20,179.00,111.00,0,0.010000,7,1
2500,20,172.00,-69.00,0,0.010000,1,11
2501,0,0.00,0.00,1,0.010000,0,0
2502,20,270.00,-60.00,0,0.010000,15,0
2503,0,0.00,0.00,1,0.010000,0,0
2504,20,270.00,-60.00,0,0.010000,15,0
2505,20,172.00,-79.00,0,0.010000,3,16
2506,0,0.00,0.00,1,0.010000,0,0
2507,4,132.00,8.00,1,0.010000,1,0
2508,20,225.00,62.00,0,0.010000,8,1
2509,20,194.00,106.00,0,0.010000,6,0
2510,20,172.00,-69.00,0,0.010000,1,11
2511,0,0.00,0.00,1,0.010000,0,0
2512,20,270.00,-60.00,0,0.010000,15,0
2513,0,0.00,0.00,1,0.010000,0,0
2514,20,270.00,-60.00,0,0.010000,15,0
2515,20,172.00,-79.00,0,0.010000,3,16
2516,0,0.00,0.00,1,0.010000,0,0
2517,4,132.00,8.00,1,0.010000,1,0
2518,20,286.00,57.00,0,0.010000,7,0
2519,20,194.00,106.00,0,0.010000,6,1
2520,20,172.00,-89.00,0,0.010000,3,11
2521,0,0.00,0.00,1,0.010000,0,0
2522,20,270.00,-60.00,0,0.010000,15,0
2523,0,0.00,0.00,1,0.010000,0,0
2524,20,270.00,-60.00,0,0.010000,15,0
2525,20,172.00,-79.00,0,0.010000,4,14
2526,0,0.00,0.00,1,0.010000,0,0
2527,4,132.00,8.00,1,0.010000,1,0
2528,20,286.00,57.00,0,0.010000,7,0
2529,20,194.00,106.00,0,0.010000,6,0
2530,20,172.00,-69.00,0,0.010000,1,11
2531,0,0.00,0.00,1,0.010000,0,0
2532,20,270.00,-60.00,0,0.010000,15,0
2533,0,0.00,0.00,1,0.010000,0,0
2534,20,270.00,-50.00,0,0.010000,14,1
2535,20,172.00,-79.00,0,0.010000,3,16
2536,0,0.00,0.00,1,0.010000,0,0
2537,4,132.00,8.00,1,0.010000,1,0
2538,20,286.00,57.00,0,0.010000,7,0
2539,20,194.00,106.00,0,0.010000,6,0
2540,20,149.00,-69.00,0,0.010000,3,9
2541,0,0.00,0.00,1,0.010000,0,0
2542,20,270.00,-60.00,0,0.010000,15,0
2543,0,0.00,0.00,1,0.010000,0,0
2544,20,270.00,-60.00,0,0.010000,15,0
2545,20,172.00,-79.00,0,0.010000,3,16
2546,0,0.00,0.00,1,0.010000,0,0
2547,4,132.00,8.00,1,0.010000,1,0
2548,20,286.00,57.00,0,0.010000,7,0
2549,20,194.00,106.00,0,0.010000,6,0
2550,20,172.00,-69.00,0,0.010000,1,10
2551,0,0.00,0.00,1,0.010000,0,0
2552,20,270.00,-60.00,0,0.010000,15,0
2553,0,0.00,0.00,1,0.010000,0,0
2554,20,270.00,-60.00,0,0.010000,15,0
2555,20,172.00,-89.00,0,0.010000,4,16
2556,0,0.00,0.00,1,0.010000,0,0
2557,5,136.00,-3.00,1,0.010000,2,1
2558,20,210.00,3.00,0,0.010000,4,8
2559,20,194.00,96.00,0,0.010000,7,1
2560,20,172.00,-69.00,0,0.010000,1,12
2561,0,0.00,0.00,1,0.010000,0,0
2562,20,324.00,-111.00,0,0.010000,14,1
2563,0,0.00,0.00,1,0.010000,0,0
2564,20,270.00,-60.00,0,0.010000,15,0
2565,20,172.00,-79.00,0,0.010000,3,16
2566,0,0.00,0.00,1,0.010000,0,0
2567,4,132.00,8.00,1,0.010000,1,0
2568,20,286.00,57.00,0,0.010000,7,0
2569,20,194.00,106.00,0,0.010000,6,0
2570,20,172.00,-69.00,0,0.010000,1,10
2571,0,0.00,0.00,1,0.010000,0,0
2572,20,270.00,-60.00,0,0.010000,15,0
2573,0,0.00,0.00,1,0.010000,0,0
2574,20,270.00,-60.00,0,0.010000,15,0
2575,20,172.00,-79.00,0,0.010000,3,16
2576,0,0.00,0.00,1,0.010000,0,0
2577,4,132.00,8.00,1,0.010000,1,0
2578,20,225.00,62.00,0,0.010000,8,1
2579,20,194.00,106.00,0,0.010000,6,0
2580,20,172.00,-69.00,0,0.010000,1,11
2581,0,0.00,0.00,1,0.010000,0,0
2582,20,270.00,-60.00,0,0.010000,15,0
2583,0,0.00,0.00,1,0.010000,0,0
2584,20,270.00,-60.00,0,0.010000,15,0
2585,20,172.00,-79.00,0,0.010000,3,16
2586,0,0.00,0.00,1,0.010000,0,0
2587,4,132.00,8.00,1,0.010000,1,0
2588,20,286.00,57.00,0,0.010000,7,0
2589,20,194.00,106.00,0,0.010000,6,0
2590,20,172.00,-69.00,0,0.010000,1,11
2591,0,0.00,0.00,1,0.010000,0,0
2592,20,319.00,-111.00,0,0.010000,15,0
2593,0,0.00,0.00,1,0.010000,0,0
2594,20,270.00,-60.00,0,0.010000,15,0
2595,20,172.00,-79.00,0,0.010000,3,16
2596,0,0.00,0.00,1,0.010000,0,0
2597,4,132.00,8.00,1,0.010000,1,0
2598,20,286.00,57.00,0,0.010000,7,0
2599,20,194.00,106.00,0,0.010000,6,0
2600,20,172.00,-69.00,0,0.010000,1,10
2601,0,0.00,0.00,1,0.010000,0,0
2602,20,270.00,-60.00,0,0.010000,15,0
2603,0,0.00,0.00,1,0.010000,0,0
2604,20,270.00,-60.00,0,0.010000,15,0
2605,20,172.00,-79.00,0,0.010000,3,16
2606,0,0.00,0.00,1,0.010000,0,0
2607,4,132.00,8.00,1,0.010000,1,0
2608,20,286.00,57.00,0,0.010000,7,0
2609,20,194.00,106.00,0,0.010000,6,0
2610,20,172.00,-69.00,0,0.010000,1,11
2611,0,0.00,0.00,1,0.010000,0,0
2612,20,324.00,-111.00,0,0.010000,14,1
2613,0,0.00,0.00,1,0.010000,0,0
2614,20,270.00,-60.00,0,0.010000,15,0
2615,20,172.00,-79.00,0,0.010000,3,16
2616,0,0.00,0.00,1,0.010000,0,0
2617,4,132.00,8.00,1,0.010000,1,0
2618,20,286.00,57.00,0,0.010000,7,0
2619,20,194.00,106.00,0,0.010000,6,0
2620,20,172.00,-69.00,0,0.010000,1,11
2621,0,0.00,0.00,1,0.010000,0,0
2622,20,270.00,-60.00,0,0.010000,15,0
2623,0,0.00,0.00,1,0.010000,0,0
2624,20,270.00,-60.00,0,0.010000,15,0
2625,20,172.00,-79.00,0,0.010000,3,16
2626,0,0.00,0.00,1,0.010000,0,0
2627,4,132.00,8.00,1,0.010000,1,0
2628,20,286.00,57.00,0,0.010000,7,0
2629,20,194.00,106.00,0,0.010000,6,0
2630,20,172.00,-69.00,0,0.010000,1,11
2631,0,0.00,0.00,1,0.010000,0,0
2632,20,270.00,-60.00,0,0.010000,15,0
2633,0,0.00,0.00,1,0.010000,0,0
2634,20,270.00,-60.00,0,0.010000,15,0
2635,20,172.00,-79.00,0,0.010000,3,16
2636,0,0.00,0.00,1,0.010000,0,0
2637,4,132.00,8.00,1,0.010000,1,0
2638,20,286.00,57.00,0,0.010000,7,0
2639,20,194.00,106.00,0,0.010000,6,0
2640,20,172.00,-69.00,0,0.010000,1,11
2641,0,0.00,0.00,1,0.010000,0,0
2642,20,270.00,-60.00,0,0.010000,15,0
2643,0,0.00,0.00,1,0.010000,0,0
2644,20,270.00,-60.00,0,0.010000,15,0
2645,20,172.00,-79.00,0,0.010000,3,16
2646,0,0.00,0.00,1,0.010000,0,0
2647,4,132.00,8.00,1,0.010000,1,0
2648,20,194.00,106.00,0,0.010000,7,0
2649,20,184.00,111.00,0,0.010000,6,1
2650,20,172.00,-69.00,0,0.010000,1,10
2651,0,0.00,0.00,1,0.010000,0,0
2652,20,270.00,-60.00,0,0.010000,15,0
2653,0,0.00,0.00,1,0.010000,0,0
2654,20,270.00,-60.00,0,0.010000,15,0
2655,20,172.00,-79.00,0,0.010000,3,16
2656,0,0.00,0.00,1,0.010000,0,0
2657,4,132.00,8.00,1,0.010000,1,0
2658,20,286.00,57.00,0,0.010000,7,0
2659,20,194.00,106.00,0,0.010000,6,0
2660,20,172.00,-69.00,0,0.010000,1,11
2661,0,0.00,0.00,1,0.010000,0,0
2662,20,270.00,-60.00,0,0.010000,15,0
2663,0,0.00,0.00,1,0.010000,0,0
2664,20,270.00,-60.00,0,0.010000,15,0
2665,20,172.00,-79.00,0,0.010000,3,16
2666,0,0.00,0.00,1,0.010000,0,0
2667,4,132.00,8.00,1,0.010000,1,0
2668,20,286.00,57.00,0,0.010000,7,0
2669,20,194.00,106.00,0,0.010000,7,0
2670,20,172.00,-69.00,0,0.010000,1,10
2671,0,0.00,0.00,1,0.010000,0,0
2672,20,270.00,-60.00,0,0.010000,15,0
2673,0,0.00,0.00,1,0.010000,0,0
2674,20,270.00,-60.00,0,0.010000,15,0
2675,20,172.00,-79.00,0,0.010000,3,16
2676,0,0.00,0.00,1,0.010000,0,0
2677,4,132.00,8.00,1,0.010000,1,0
2678,20,286.00,57.00,0,0.010000,7,0
2679,20,194.00,106.00,0,0.010000,6,0
2680,20,172.00,-69.00,0,0.010000,1,11
2681,0,0.00,0.00,1,0.010000,0,0
2682,20,316.00,-99.00,0,0.010000,15,0
2683,0,0.00,0.00,1,0.010000,0,0
2684,20,270.00,-60.00,0,0.010000,15,0
2685,20,172.00,-79.00,0,0.010000,3,16
2686,0,0.00,0.00,1,0.010000,0,0
2687,4,132.00,8.00,1,0.010000,1,0
2688,20,286.00,57.00,0,0.010000,7,0
2689,20,194.00,106.00,0,0.010000,6,0
2690,20,172.00,-69.00,0,0.010000,1,11
2691,0,0.00,0.00,1,0.010000,0,0
2692,20,270.00,-60.00,0,0.010000,15,0
2693,0,0.00,0.00,1,0.010000,0,0
2694,20,270.00,-60.00,0,0.010000,15,0
2695,20,172.00,-89.00,0,0.010000,4,16
2696,0,0.00,0.00,1,0.010000,0,0
2697,4,132.00,8.00,1,0.010000,1,0
2698,20,286.00,57.00,0,0.010000,7,0
2699,20,194.00,106.00,0,0.010000,6,0
2700,20,172.00,-69.00,0,0.010000,1,11
2701,0,0.00,0.00,1,0.010000,0,0
2702,20,270.00,-60.00,0,0.010000,15,0
2703,0,0.00,0.00,1,0.010000,0,0
2704,20,270.00,-60.00,0,0.010000,15,0
2705,20,172.00,-79.00,0,0.010000,3,16
2706,0,0.00,0.00,1,0.010000,0,0
2707,4,132.00,8.00,1,0.010000,1,0
2708,20,225.00,62.00,0,0.010000,8,1
2709,20,194.00,106.00,0,0.010000,6,0
2710,20,172.00,-69.00,0,0.010000,1,11
2711,0,0.00,0.00,1,0.010000,0,0
2712,20,270.00,-60.00,0,0.010000,15,0
2713,0,0.00,0.00,1,0.010000,0,0
2714,20,214.00,-48.00,0,0.010000,16,0
2715,20,172.00,-79.00,0,0.010000,3,16
2716,0,0.00,0.00,1,0.010000,0,0
2717,4,132.00,8.00,1,0.010000,1,0
2718,20,225.00,62.00,0,0.010000,8,1
2719,20,194.00,106.00,0,0.010000,6,0
2720,20,172.00,-69.00,0,0.010000,1,11
2721,0,0.00,0.00,1,0.010000,0,0
2722,20,270.00,-60.00,0,0.010000,15,0
2723,0,0.00,0.00,1,0.010000,0,0
2724,20,270.00,-60.00,0,0.010000,15,0
2725,20,172.00,-79.00,0,0.010000,3,16
2726,0,0.00,0.00,1,0.010000,0,0
2727,4,132.00,8.00,1,0.010000,1,0
2728,20,286.00,57.00,0,0.010000,7,0
2729,20,194.00,106.00,0,0.010000,6,0
2730,20,172.00,-79.00,0,0.010000,2,11
2731,0,0.00,0.00,1,0.010000,0,0
2732,20,270.00,-60.00,0,0.010000,15,0
2733,0,0.00,0.00,1,0.010000,0,0
2734,20,270.00,-60.00,0,0.010000,15,0
2735,20,172.00,-79.00,0,0.010000,4,14
2736,0,0.00,0.00,1,0.010000,0,0
2737,4,132.00,8.00,1,0.010000,1,0
2738,20,286.00,57.00,0,0.010000,7,0
2739,20,194.00,106.00,0,0.010000,6,0
2740,20,172.00,-69.00,0,0.010000,1,10
2741,0,0.00,0.00,1,0.010000,0,0
2742,20,270.00,-60.00,0,0.010000,15,0
2743,0,0.00,0.00,1,0.010000,0,0
2744,20,270.00,-60.00,0,0.010000,15,0
2745,20,172.00,-79.00,0,0.010000,3,16
2746,0,0.00,0.00,1,0.010000,0,0
2747,4,132.00,8.00,1,0.010000,1,0
2748,20,286.00,57.00,0,0.010000,7,0
2749,20,194.00,106.00,0,0.010000,6,0
2750,20,172.00,-69.00,0,0.010000,1,11
2751,0,0.00,0.00,1,0.010000,0,0
2752,20,270.00,-60.00,0,0.010000,15,0
2753,0,0.00,0.00,1,0.010000,0,0
2754,20,270.00,-60.00,0,0.010000,15,0
2755,20,172.00,-79.00,0,0.010000,3,16
2756,0,0.00,0.00,1,0.010000,0,0
2757,4,132.00,8.00,1,0.010000,1,0
2758,20,225.00,47.00,0,0.010000,8,1
2759,20,194.00,106.00,0,0.010000,6,0
2760,20,172.00,-69.00,0,0.010000,1,11
2761,0,0.00,0.00,1,0.010000,0,0
2762,20,270.00,-60.00,0,0.010000,15,0
2763,0,0.00,0.00,1,0.010000,0,0
2764,20,270.00,-50.00,0,0.010000,14,1
2765,20,172.00,-79.00,0,0.010000,3,16
2766,0,0.00,0.00,1,0.010000,0,0
2767,4,132.00,8.00,1,0.010000,1,0
2768,20,286.00,57.00,0,0.010000,7,0
2769,20,184.00,91.00,0,0.010000,7,2
2770,20,172.00,-69.00,0,0.010000,1,11
2771,0,0.00,0.00,1,0.010000,0,0
2772,20,270.00,-60.00,0,0.010000,15,0
2773,0,0.00,0.00,1,0.010000,0,0
2774,20,270.00,-60.00,0,0.010000,15,0
2775,20,172.00,-79.00,0,0.010000,3,16
2776,0,0.00,0.00,1,0.010000,0,0
2777,4,132.00,8.00,1,0.010000,1,0
2778,20,286.00,57.00,0,0.010000,7,0
2779,20,194.00,106.00,0,0.010000,6,0
2780,20,172.00,-79.00,0,0.010000,2,11
2781,0,0.00,0.00,1,0.010000,0,0
2782,20,270.00,-60.00,0,0.010000,15,0
2783,0,0.00,0.00,1,0.010000,0,0
2784,20,270.00,-60.00,0,0.010000,15,0
2785,20,172.00,-79.00,0,0.010000,3,16
2786,0,0.00,0.00,1,0.010000,0,0
2787,4,132.00,8.00,1,0.010000,1,0
2788,20,240.00,47.00,0,0.010000,8,1
2789,20,194.00,106.00,0,0.010000,6,0
2790,20,172.00,-69.00,0,0.010000,1,11
2791,0,0.00,0.00,1,0.010000,0,0
2792,20,270.00,-60.00,0,0.010000,15,0
2793,0,0.00,0.00,1,0.010000,0,0
2794,20,270.00,-60.00,0,0.010000,15,0
2795,20,172.00,-79.00,0,0.010000,3,16
2796,0,0.00,0.00,1,0.010000,0,0
2797,4,132.00,8.00,1,0.010000,1,0
2798,20,240.00,57.00,0,0.010000,7,1
2799,20,194.00,106.00,0,0.010000,6,0
2800,20,172.00,-69.00,0,0.010000,1,10
2801,0,0.00,0.00,1,0.010000,0,0
2802,20,324.00,-101.00,0,0.010000,14,0
2803,0,0.00,0.00,1,0.010000,0,0
2804,20,270.00,-60.00,0,0.010000,15,0
2805,20,172.00,-79.00,0,0.010000,3,16
2806,0,0.00,0.00,1,0.010000,0,0
2807,4,132.00,8.00,1,0.010000,1,0
2808,20,286.00,57.00,0,0.010000,7,0
2809,20,194.00,106.00,0,0.010000,6,0
2810,20,172.00,-69.00,0,0.010000,1,11
2811,0,0.00,0.00,1,0.010000,0,0
2812,20,270.00,-60.00,0,0.010000,15,0
2813,0,0.00,0.00,1,0.010000,0,0
2814,20,270.00,-60.00,0,0.010000,15,0
2815,20,172.00,-79.00,0,0.010000,3,16
2816,0,0.00,0.00,1,0.010000,0,0
2817,4,132.00,8.00,1,0.010000,1,0
2818,20,286.00,57.00,0,0.010000,7,0
2819,20,194.00,101.00,0,0.010000,6,1
2820,20,205.00,-82.00,0,0.010000,5,7
2821,0,0.00,0.00,1,0.010000,0,0
2822,20,270.00,-60.00,0,0.010000,15,0
2823,0,0.00,0.00,1,0.010000,0,0
2824,20,270.00,-60.00,0,0.010000,15,0
2825,20,164.00,-99.00,0,0.010000,5,14
2826,0,0.00,0.00,1,0.010000,0,0
2827,4,132.00,8.00,1,0.010000,1,0
2828,20,172.00,-69.00,0,0.010000,2,16
2829,20,194.00,106.00,0,0.010000,6,0
2830,20,172.00,-69.00,0,0.010000,1,11
2831,0,0.00,0.00,1,0.010000,0,0
2832,20,270.00,-60.00,0,0.010000,15,0
2833,0,0.00,0.00,1,0.010000,0,0
2834,20,255.00,-50.00,0,0.010000,15,1
2835,20,172.00,-79.00,0,0.010000,4,14
2836,0,0.00,0.00,1,0.010000,0,0
2837,4,132.00,8.00,1,0.010000,1,0
2838,20,286.00,57.00,0,0.010000,7,0
2839,20,194.00,106.00,0,0.010000,6,0
2840,20,172.00,-69.00,0,0.010000,1,11
2841,0,0.00,0.00,1,0.010000,0,0
2842,20,270.00,-60.00,0,0.010000,15,0
2843,0,0.00,0.00,1,0.010000,0,0
2844,20,270.00,-60.00,0,0.010000,15,0
2845,20,172.00,-79.00,0,0.010000,4,14
2846,0,0.00,0.00,1,0.010000,0,0
2847,4,132.00,8.00,1,0.010000,1,0
2848,20,286.00,57.00,0,0.010000,7,0
2849,20,194.00,106.00,0,0.010000,6,0
2850,20,172.00,-69.00,0,0.010000,1,10
2851,0,0.00,0.00,1,0.010000,0,0
2852,20,324.00,-121.00,0,0.010000,15,1
2853,0,0.00,0.00,1,0.010000,0,0
2854,20,118.00,-38.00,0,0.010000,4,15
2855,20,172.00,-79.00,0,0.010000,3,16
2856,0,0.00,0.00,1,0.010000,0,0
2857,5,126.00,12.00,1,0.010000,1,1
2858,20,286.00,57.00,0,0.010000,7,0
2859,20,194.00,106.00,0,0.010000,6,0
2860,20,172.00,-69.00,0,0.010000,1,11
2861,0,0.00,0.00,1,0.010000,0,0
2862,20,309.00,-106.00,0,0.010000,15,1
2863,0,0.00,0.00,1,0.010000,0,0
2864,20,270.00,-60.00,0,0.010000,15,1
2865,20,172.00,-79.00,0,0.010000,3,16
2866,0,0.00,0.00,1,0.010000,0,0
2867,4,132.00,8.00,1,0.010000,1,0
2868,20,286.00,57.00,0,0.010000,7,0
2869,20,194.00,106.00,0,0.010000,6,0
2870,20,172.00,-69.00,0,0.010000,1,11
2871,0,0.00,0.00,1,0.010000,0,0
2872,20,270.00,-60.00,0,0.010000,15,0
2873,0,0.00,0.00,1,0.010000,0,0
2874,20,270.00,-60.00,0,0.010000,15,0
2875,20,172.00,-79.00,0,0.010000,3,16
2876,0,0.00,0.00,1,0.010000,0,0
2877,4,132.00,8.00,1,0.010000,1,0
2878,20,286.00,57.00,0,0.010000,7,0
2879,20,194.00,106.00,0,0.010000,6,0
2880,20,172.00,-69.00,0,0.010000,1,10
2881,0,0.00,0.00,1,0.010000,0,0
2882,20,270.00,-60.00,0,0.010000,15,0
2883,0,0.00,0.00,1,0.010000,0,0
2884,20,270.00,-60.00,0,0.010000,15,0
2885,20,172.00,-79.00,0,0.010000,3,16
2886,0,0.00,0.00,1,0.010000,0,0
2887,4,132.00,8.00,1,0.010000,1,0
2888,20,286.00,57.00,0,0.010000,7,0
2889,20,194.00,106.00,0,0.010000,6,0
2890,20,172.00,-69.00,0,0.010000,1,11
2891,0,0.00,0.00,1,0.010000,0,0
2892,20,270.00,-60.00,0,0.010000,15,0
2893,0,0.00,0.00,1,0.010000,0,0
2894,20,270.00,-60.00,0,0.010000,15,0
2895,20,172.00,-79.00,0,0.010000,3,16
2896,0,0.00,0.00,1,0.010000,0,0
2897,4,132.00,8.00,1,0.010000,1,0
2898,20,286.00,57.00,0,0.010000,7,0
2899,20,194.00,106.00,0,0.010000,6,0
2900,20,172.00,-69.00,0,0.010000,1,11
2901,0,0.00,0.00,1,0.010000,0,0
2902,20,270.00,-60.00,0,0.010000,15,0
2903,0,0.00,0.00,1,0.010000,0,0
2904,20,255.00,-45.00,0,0.010000,15,1
2905,20,172.00,-79.00,0,0.010000,3,16
2906,0,0.00,0.00,1,0.010000,0,0
2907,4,132.00,8.00,1,0.010000,1,0
2908,20,286.00,57.00,0,0.010000,7,0
2909,20,194.00,106.00,0,0.010000,6,0
2910,20,172.00,-69.00,0,0.010000,1,11
2911,0,0.00,0.00,1,0.010000,0,0
2912,20,270.00,-60.00,0,0.010000,15,0
2913,0,0.00,0.00,1,0.010000,0,0
2914,20,270.00,-60.00,0,0.010000,15,0
2915,20,172.00,-79.00,0,0.010000,3,16
2916,0,0.00,0.00,1,0.010000,0,0
2917,4,132.00,8.00,1,0.010000,1,0
2918,20,286.00,57.00,0,0.010000,7,0
2919,20,179.00,96.00,0,0.010000,7,1
2920,20,172.00,-69.00,0,0.010000,1,10
2921,0,0.00,0.00,1,0.010000,0,0
2922,20,270.00,-60.00,0,0.010000,15,0
2923,0,0.00,0.00,1,0.010000,0,0
2924,20,270.00,-60.00,0,0.010000,15,0
2925,20,172.00,-79.00,0,0.010000,3,16
2926,0,0.00,0.00,1,0.010000,0,0
2927,4,132.00,8.00,1,0.010000,1,0
2928,20,286.00,57.00,0,0.010000,7,0
2929,20,194.00,106.00,0,0.010000,6,0
2930,20,172.00,-69.00,0,0.010000,1,11
2931,0,0.00,0.00,1,0.010000,0,0
2932,20,270.00,-60.00,0,0.010000,15,0
2933,0,0.00,0.00,1,0.010000,0,0
2934,20,270.00,-60.00,0,0.010000,15,0
2935,20,172.00,-79.00,0,0.010000,3,16
2936,0,0.00,0.00,1,0.010000,0,0
2937,4,132.00,8.00,1,0.010000,1,0
2938,20,286.00,57.00,0,0.010000,7,0
2939,20,194.00,106.00,0,0.010000,6,0
2940,20,172.00,-69.00,0,0.010000,1,11
2941,0,0.00,0.00,1,0.010000,0,0
2942,20,270.00,-60.00,0,0.010000,15,0
2943,0,0.00,0.00,1,0.010000,0,0
2944,20,270.00,-60.00,0,0.010000,15,0
2945,20,172.00,-79.00,0,0.010000,3,16
2946,0,0.00,0.00,1,0.010000,0,0
2947,4,132.00,8.00,1,0.010000,1,0
2948,20,286.00,57.00,0,0.010000,7,0
2949,20,194.00,106.00,0,0.010000,6,0
2950,20,172.00,-69.00,0,0.010000,1,10
2951,0,0.00,0.00,1,0.010000,0,0
2952,20,270.00,-60.00,0,0.010000,15,0
2953,0,0.00,0.00,1,0.010000,0,0
2954,20,270.00,-60.00,0,0.010000,15,0
2955,20,172.00,-79.00,0,0.010000,3,16
2956,0,0.00,0.00,1,0.010000,0,0
2957,4,132.00,8.00,1,0.010000,1,0
2958,20,286.00,57.00,0,0.010000,7,0
2959,20,194.00,106.00,0,0.010000,6,0
2960,20,172.00,-69.00,0,0.010000,1,11
2961,0,0.00,0.00,1,0.010000,0,0
2962,20,270.00,-60.00,0,0.010000,15,0
2963,0,0.00,0.00,1,0.010000,0,0
2964,20,270.00,-60.00,0,0.010000,15,0
2965,20,172.00,-79.00,0,0.010000,3,16
2966,0,0.00,0.00,1,0.010000,0,0
2967,4,132.00,8.00,1,0.010000,1,0
2968,20,240.00,57.00,0,0.010000,7,1
2969,20,94.00,155.00,0,0.010000,6,0
2970,20,172.00,-69.00,0,0.010000,1,11
2971,0,0.00,0.00,1,0.010000,0,0
2972,20,270.00,-60.00,0,0.010000,15,0
2973,0,0.00,0.00,1,0.010000,0,0
2974,20,270.00,-60.00,0,0.010000,15,0
2975,20,172.00,-79.00,0,0.010000,4,14
2976,0,0.00,0.00,1,0.010000,0,0
2977,5,126.00,12.00,1,0.010000,1,1
2978,20,286.00,57.00,0,0.010000,7,0
2979,20,194.00,106.00,0,0.010000,6,0
2980,20,172.00,-69.00,0,0.010000,1,11
2981,0,0.00,0.00,1,0.010000,0,0
2982,20,270.00,-60.00,0,0.010000,15,0
2983,0,0.00,0.00,1,0.010000,0,0
2984,20,270.00,-60.00,0,0.010000,15,0
2985,20,172.00,-84.00,0,0.010000,3,16
2986,0,0.00,0.00,1,0.010000,0,0
2987,4,132.00,8.00,1,0.010000,1,0
2988,20,286.00,57.00,0,0.010000,7,0
2989,20,194.00,106.00,0,0.010000,6,0
2990,20,172.00,-69.00,0,0.010000,1,10
2991,0,0.00,0.00,1,0.010000,0,0
2992,20,270.00,-60.00,0,0.010000,15,0
2993,0,0.00,0.00,1,0.010000,0,0
2994,20,270.00,-60.00,0,0.010000,15,0
2995,20,172.00,-84.00,0,0.010000,3,16
2996,0,0.00,0.00,1,0.010000,0,0
2997,4,132.00,8.00,1,0.010000,1,0
2998,20,235.00,47.00,0,0.010000,8,1
2999,20,186.00,108.00,0,0.010000,8,0
3000,20,172.00,-69.00,0,0.010000,1,11
3001,0,0.00,0.00,1,0.010000,0,0
3002,20,270.00,-60.00,0,0.010000,15,0
3003,0,0.00,0.00,1,0.010000,0,0
3004,20,270.00,-60.00,0,0.010000,15,0
3005,20,172.00,-79.00,0,0.010000,3,16
3006,0,0.00,0.00,1,0.010000,0,0
3007,4,132.00,8.00,1,0.010000,1,0
3008,20,286.00,57.00,0,0.010000,7,0
3009,20,118.00,52.00,0,0.010000,3,12
3010,20,172.00,-69.00,0,0.010000,1,11
3011,0,0.00,0.00,1,0.010000,0,0
3012,20,270.00,-60.00,0,0.010000,15,0
3013,0,0.00,0.00,1,0.010000,0,0
3014,20,255.00,-60.00,0,0.010000,15,1
3015,20,172.00,-79.00,0,0.010000,3,16
3016,0,0.00,0.00,1,0.010000,0,0
3017,4,132.00,8.00,1,0.010000,1,0
3018,20,286.00,57.00,0,0.010000,7,0
3019,20,194.00,106.00,0,0.010000,6,0
3020,20,172.00,-74.00,0,0.010000,1,11
3021,0,0.00,0.00,1,0.010000,0,0
3022,20,270.00,-60.00,0,0.010000,15,0
3023,0,0.00,0.00,1,0.010000,0,0
3024,20,270.00,-60.00,0,0.010000,15,0
3025,20,172.00,-79.00,0,0.010000,3,16
3026,0,0.00,0.00,1,0.010000,0,0
3027,4,132.00,8.00,1,0.010000,1,0
3028,20,286.00,57.00,0,0.010000,7,0
3029,20,194.00,96.00,0,0.010000,7,1
3030,20,172.00,-69.00,0,0.010000,1,11
3031,0,0.00,0.00,1,0.010000,0,0
3032,20,324.00,-101.00,0,0.010000,14,0
3033,0,0.00,0.00,1,0.010000,0,0
3034,20,270.00,-60.00,0,0.010000,15,0
3035,20,172.00,-79.00,0,0.010000,3,16
3036,0,0.00,0.00,1,0.010000,0,0
3037,4,132.00,8.00,1,0.010000,1,0
3038,20,286.00,57.00,0,0.010000,7,0
3039,20,194.00,106.00,0,0.010000,6,0
3040,20,172.00,-69.00,0,0.010000,1,10
3041,0,0.00,0.00,1,0.010000,0,0
3042,20,270.00,-60.00,0,0.010000,15,0
3043,0,0.00,0.00,1,0.010000,0,0
3044,20,270.00,-60.00,0,0.010000,15,1
3045,20,172.00,-79.00,0,0.010000,3,16
3046,0,0.00,0.00,1,0.010000,0,0
3047,4,132.00,8.00,1,0.010000,1,0
3048,20,286.00,57.00,0,0.010000,7,0
3049,20,194.00,106.00,0,0.010000,6,0
3050,20,172.00,-69.00,0,0.010000,1,11
3051,0,0.00,0.00,1,0.010000,0,0
3052,20,324.00,-121.00,0,0.010000,15,1
3053,0,0.00,0.00,1,0.010000,0,0
3054,20,270.00,-60.00,0,0.010000,15,1
3055,20,172.00,-79.00,0,0.010000,3,16
3056,0,0.00,0.00,1,0.010000,0,0
3057,4,132.00,8.00,1,0.010000,1,0
3058,20,286.00,57.00,0,0.010000,7,0
3059,20,194.00,106.00,0,0.010000,6,0
3060,20,172.00,-69.00,0,0.010000,1,11
3061,0,0.00,0.00,1,0.010000,0,0
3062,20,270.00,-60.00,0,0.010000,15,0
3063,0,0.00,0.00,1,0.010000,0,0
3064,20,270.00,-60.00,0,0.010000,15,0
3065,20,172.00,-79.00,0,0.010000,3,16
3066,0,0.00,0.00,1,0.010000,0,0
3067,4,132.00,8.00,1,0.010000,1,0
3068,20,286.00,57.00,0,0.010000,7,0
3069,20,194.00,106.00,0,0.010000,6,0
3070,20,172.00,-69.00,0,0.010000,1,11
3071,0,0.00,0.00,1,0.010000,0,0
3072,20,270.00,-60.00,0,0.010000,15,0
3073,0,0.00,0.00,1,0.010000,0,0
3074,20,265.00,-60.00,0,0.010000,15,1
3075,20,172.00,-79.00,0,0.010000,3,16
3076,0,0.00,0.00,1,0.010000,0,0
3077,4,132.00,8.00,1,0.010000,1,0
3078,20,286.00,57.00,0,0.010000,7,0
3079,20,194.00,106.00,0,0.010000,6,0
3080,20,172.00,-69.00,0,0.010000,1,10
3081,0,0.00,0.00,1,0.010000,0,0
3082,20,270.00,-60.00,0,0.010000,15,0
3083,0,0.00,0.00,1,0.010000,0,0
3084,20,270.00,-60.00,0,0.010000,15,0
3085,20,172.00,-79.00,0,0.010000,3,16
3086,0,0.00,0.00,1,0.010000,0,0
3087,4,132.00,8.00,1,0.010000,1,0
3088,20,286.00,57.00,0,0.010000,7,0
3089,20,194.00,96.00,0,0.010000,7,1
3090,20,172.00,-69.00,0,0.010000,1,11
3091,0,0.00,0.00,1,0.010000,0,0
3092,20,270.00,-60.00,0,0.010000,15,0
3093,0,0.00,0.00,1,0.010000,0,0
3094,20,270.00,-60.00,0,0.010000,15,0
3095,20,172.00,-79.00,0,0.010000,3,16
3096,0,0.00,0.00,1,0.010000,0,0
3097,4,132.00,8.00,1,0.010000,1,0
3098,20,286.00,57.00,0,0.010000,7,0
3099,20,194.00,106.00,0,0.010000,6,0
3100,20,172.00,-69.00,0,0.010000,1,11
3101,0,0.00,0.00,1,0.010000,0,0
3102,20,270.00,-60.00,0,0.010000,15,0
3103,0,0.00,0.00,1,0.010000,0,0
3104,20,270.00,-60.00,0,0.010000,15,0
3105,20,172.00,-79.00,0,0.010000,3,16
3106,0,0.00,0.00,1,0.010000,0,0
3107,4,132.00,8.00,1,0.010000,1,0
3108,20,286.00,57.00,0,0.010000,7,0
3109,20,194.00,106.00,0,0.010000,6,0
3110,20,172.00,-79.00,0,0.010000,2,11
3111,0,0.00,0.00,1,0.010000,0,0
3112,20,270.00,-60.00,0,0.010000,15,0
3113,0,0.00,0.00,1,0.010000,0,0
3114,20,270.00,-60.00,0,0.010000,15,0
3115,20,172.00,-79.00,0,0.010000,3,16
3116,0,0.00,0.00,1,0.010000,0,0
3117,4,132.00,8.00,1,0.010000,1,0
3118,20,225.00,57.00,0,0.010000,8,1
3119,20,194.00,106.00,0,0.010000,6,1
3120,20,172.00,-69.00,0,0.010000,1,11
3121,0,0.00,0.00,1,0.010000,0,0
3122,20,324.00,-121.00,0,0.010000,15,0
3123,0,0.00,0.00,1,0.010000,0,0
3124,20,216.00,-48.00,0,0.010000,16,0
3125,20,172.00,-79.00,0,0.010000,3,16
3126,0,0.00,0.00,1,0.010000,0,0
3127,4,132.00,8.00,1,0.010000,1,0
3128,20,240.00,57.00,0,0.010000,7,1
3129,20,194.00,106.00,0,0.010000,6,0
3130,20,205.00,-82.00,0,0.010000,5,7
3131,0,0.00,0.00,1,0.010000,0,0
3132,20,270.00,-60.00,0,0.010000,15,0
3133,0,0.00,0.00,1,0.010000,0,0
3134,20,214.00,-48.00,0,0.010000,16,0
3135,20,172.00,-79.00,0,0.010000,3,16
3136,0,0.00,0.00,1,0.010000,0,0
3137,4,132.00,8.00,1,0.010000,1,0
3138,20,286.00,57.00,0,0.010000,7,0
3139,20,194.00,106.00,0,0.010000,6,0
3140,20,172.00,-69.00,0,0.010000,1,10
3141,0,0.00,0.00,1,0.010000,0,0
3142,20,270.00,-60.00,0,0.010000,15,0
3143,0,0.00,0.00,1,0.010000,0,0
3144,20,270.00,-60.00,0,0.010000,15,0
3145,20,172.00,-79.00,0,0.010000,3,16
3146,0,0.00,0.00,1,0.010000,0,0
3147,4,132.00,8.00,1,0.010000,1,0
3148,20,286.00,57.00,0,0.010000,7,0
3149,20,194.00,106.00,0,0.010000,6,1
3150,20,172.00,-69.00,0,0.010000,1,11
3151,0,0.00,0.00,1,0.010000,0,0
3152,20,319.00,-111.00,0,0.010000,15,0
3153,0,0.00,0.00,1,0.010000,0,0
3154,20,270.00,-60.00,0,0.010000,15,0
3155,20,172.00,-89.00,0,0.010000,4,16
3156,0,0.00,0.00,1,0.010000,0,0
3157,4,132.00,8.00,1,0.010000,1,0
3158,20,286.00,57.00,0,0.010000,7,0
3159,20,194.00,106.00,0,0.010000,6,0
3160,20,172.00,-69.00,0,0.010000,1,11
3161,0,0.00,0.00,1,0.010000,0,0
3162,20,270.00,-60.00,0,0.010000,15,0
3163,0,0.00,0.00,1,0.010000,0,0
3164,20,270.00,-60.00,0,0.010000,15,0
3165,20,172.00,-79.00,0,0.010000,3,16
3166,0,0.00,0.00,1,0.010000,0,0
3167,4,132.00,8.00,1,0.010000,1,0
3168,20,286.00,57.00,0,0.010000,7,0
3169,20,184.00,111.00,0,0.010000,6,1
3170,20,172.00,-69.00,0,0.010000,1,10
3171,0,0.00,0.00,1,0.010000,0,0
3172,20,270.00,-60.00,0,0.010000,15,0
3173,0,0.00,0.00,1,0.010000,0,0
3174,20,270.00,-60.00,0,0.010000,15,0
3175,20,172.00,-79.00,0,0.010000,3,16
3176,0,0.00,0.00,1,0.010000,0,0
3177,4,132.00,8.00,1,0.010000,1,0
3178,20,286.00,57.00,0,0.010000,7,0
3179,20,194.00,106.00,0,0.010000,6,0
3180,20,172.00,-69.00,0,0.010000,1,11
3181,0,0.00,0.00,1,0.010000,0,0
3182,20,270.00,-60.00,0,0.010000,15,0
3183,0,0.00,0.00,1,0.010000,0,0
3184,20,270.00,-60.00,0,0.010000,15,0
3185,20,172.00,-79.00,0,0.010000,3,16
3186,0,0.00,0.00,1,0.010000,0,0
3187,5,121.00,12.00,1,0.010000,2,1
3188,20,286.00,57.00,0,0.010000,7,0
3189,20,194.00,106.00,0,0.010000,6,0
3190,20,172.00,-69.00,0,0.010000,1,11
3191,0,0.00,0.00,1,0.010000,0,0
3192,20,270.00,-60.00,0,0.010000,15,0
3193,0,0.00,0.00,1,0.010000,0,0
3194,20,270.00,-60.00,0,0.010000,15,0
3195,20,172.00,-79.00,0,0.010000,3,16
3196,0,0.00,0.00,1,0.010000,0,0
3197,4,132.00,8.00,1,0.010000,1,0
3198,20,286.00,57.00,0,0.010000,7,0
3199,20,194.00,106.00,0,0.010000,6,0
3200,20,172.00,-69.00,0,0.010000,1,11
3201,0,0.00,0.00,1,0.010000,0,0
3202,20,270.00,-60.00,0,0.010000,15,0
3203,0,0.00,0.00,1,0.010000,0,0
3204,20,270.00,-60.00,0,0.010000,15,0
3205,20,172.00,-79.00,0,0.010000,3,16
3206,0,0.00,0.00,1,0.010000,0,0
3207,4,132.00,8.00,1,0.010000,1,0
3208,20,286.00,57.00,0,0.010000,7,0
3209,20,194.00,106.00,0,0.010000,6,0
3210,20,172.00,-79.00,0,0.010000,2,11
3211,0,0.00,0.00,1,0.010000,0,0
3212,20,270.00,-60.00,0,0.010000,15,0
3213,0,0.00,0.00,1,0.010000,0,0
3214,20,270.00,-60.00,0,0.010000,15,0
3215,20,172.00,-79.00,0,0.010000,3,16
3216,0,0.00,0.00,1,0.010000,0,0
3217,4,132.00,8.00,1,0.010000,1,0
3218,20,286.00,57.00,0,0.010000,7,0
3219,20,194.00,106.00,0,0.010000,6,0
3220,20,172.00,-69.00,0,0.010000,1,11
3221,0,0.00,0.00,1,0.010000,0,0
3222,20,270.00,-60.00,0,0.010000,15,0
3223,0,0.00,0.00,1,0.010000,0,0
3224,20,270.00,-60.00,0,0.010000,15,0
3225,20,172.00,-79.00,0,0.010000,3,16
3226,0,0.00,0.00,1,0.010000,0,0
3227,4,132.00,8.00,1,0.010000,1,0
3228,20,286.00,57.00,0,0.010000,7,0
3229,20,194.00,106.00,0,0.010000,6,0
3230,20,172.00,-79.00,0,0.010000,2,11
3231,0,0.00,0.00,1,0.010000,0,0
3232,20,270.00,-60.00,0,0.010000,15,0
3233,0,0.00,0.00,1,0.010000,0,0
3234,20,270.00,-60.00,0,0.010000,15,0
3235,20,172.00,-79.00,0,0.010000,3,16
3236,0,0.00,0.00,1,0.010000,0,0
3237,4,132.00,8.00,1,0.010000,1,0
3238,20,286.00,57.00,0,0.010000,7,0
3239,20,194.00,106.00,0,0.010000,6,0
3240,20,172.00,-69.00,0,0.010000,1,11
3241,0,0.00,0.00,1,0.010000,0,0
3242,20,270.00,-60.00,0,0.010000,15,0
3243,0,0.00,0.00,1,0.010000,0,0
3244,20,270.00,-60.00,0,0.010000,15,0
3245,20,172.00,-79.00,0,0.010000,3,16
3246,0,0.00,0.00,1,0.010000,0,0
3247,4,132.00,8.00,1,0.010000,1,0
3248,20,286.00,57.00,0,0.010000,7,0
3249,20,194.00,106.00,0,0.010000,6,0
3250,20,172.00,-69.00,0,0.010000,1,11
3251,0,0.00,0.00,1,0.010000,0,0
3252,20,270.00,-60.00,0,0.010000,15,0
3253,0,0.00,0.00,1,0.010000,0,0
3254,20,270.00,-60.00,0,0.010000,15,0
3255,20,172.00,-79.00,0,0.010000,3,16
3256,0,0.00,0.00,1,0.010000,0,0
3257,4,132.00,8.00,1,0.010000,1,0
3258,20,286.00,57.00,0,0.010000,7,0
3259,20,194.00,106.00,0,0.010000,6,0
3260,20,172.00,-79.00,0,0.010000,2,11
3261,0,0.00,0.00,1,0.010000,0,0
3262,20,270.00,-60.00,0,0.010000,15,0
3263,0,0.00,0.00,1,0.010000,0,0
3264,20,224.00,-50.00,0,0.010000,15,0
3265,20,172.00,-89.00,0,0.010000,4,16
3266,0,0.00,0.00,1,0.010000,0,0
3267,4,132.00,8.00,1,0.010000,1,0
3268,20,286.00,57.00,0,0.010000,7,0
3269,20,80.00,-20.00,0,0.010000,1,16
3270,20,172.00,-69.00,0,0.010000,1,11
3271,0,0.00,0.00,1,0.010000,0,0
3272,20,270.00,-60.00,0,0.010000,15,0
3273,0,0.00,0.00,1,0.010000,0,0
3274,20,270.00,-60.00,0,0.010000,15,0
3275,20,172.00,-79.00,0,0.010000,3,16
3276,0,0.00,0.00,1,0.010000,0,0
3277,20,196.00,-99.00,0,0.010000,2,16
3278,20,286.00,57.00,0,0.010000,7,0
3279,20,179.00,106.00,0,0.010000,7,1
3280,20,172.00,-69.00,0,0.010000,1,10
3281,0,0.00,0.00,1,0.010000,0,0
3282,20,270.00,-60.00,0,0.010000,15,0
3283,0,0.00,0.00,1,0.010000,0,0
3284,20,270.00,-50.00,0,0.010000,14,1
3285,20,172.00,-79.00,0,0.010000,3,16
3286,0,0.00,0.00,1,0.010000,0,0
3287,4,132.00,8.00,1,0.010000,1,0
3288,20,286.00,57.00,0,0.010000,7,0
3289,20,194.00,106.00,0,0.010000,6,0
3290,20,172.00,-69.00,0,0.010000,1,11
3291,0,0.00,0.00,1,0.010000,0,0
3292,20,324.00,-116.00,0,0.010000,14,1
3293,0,0.00,0.00,1,0.010000,0,0
3294,20,270.00,-60.00,0,0.010000,15,0
3295,20,172.00,-79.00,0,0.010000,3,16
3296,0,0.00,0.00,1,0.010000,0,0
3297,4,132.00,8.00,1,0.010000,1,0
3298,20,194.00,106.00,0,0.010000,6,0
3299,20,194.00,96.00,0,0.010000,7,1
3300,20,172.00,-69.00,0,0.010000,1,10
3301,0,0.00,0.00,1,0.010000,0,0
3302,20,270.00,-60.00,0,0.010000,15,0
3303,0,0.00,0.00,1,0.010000,0,0
3304,20,270.00,-60.00,0,0.010000,15,0
3305,20,172.00,-79.00,0,0.010000,3,16
3306,0,0.00,0.00,1,0.010000,0,0
3307,4,132.00,8.00,1,0.010000,1,0
3308,20,286.00,57.00,0,0.010000,7,0
3309,20,194.00,106.00,0,0.010000,6,0
3310,20,172.00,-69.00,0,0.010000,1,12
3311,0,0.00,0.00,1,0.010000,0,0
3312,20,270.00,-60.00,0,0.010000,15,0
3313,0,0.00,0.00,1,0.010000,0,0
3314,20,270.00,-60.00,0,0.010000,15,0
3315,20,172.00,-79.00,0,0.010000,3,16
3316,0,0.00,0.00,1,0.010000,0,0
3317,4,132.00,8.00,1,0.010000,1,0
3318,20,286.00,57.00,0,0.010000,7,0
3319,20,194.00,106.00,0,0.010000,6,0
3320,20,172.00,-69.00,0,0.010000,1,10
3321,0,0.00,0.00,1,0.010000,0,0
3322,20,270.00,-60.00,0,0.010000,15,0
3323,0,0.00,0.00,1,0.010000,0,0
3324,20,270.00,-60.00,0,0.010000,15,0
3325,20,172.00,-79.00,0,0.010000,3,16
3326,0,0.00,0.00,1,0.010000,0,0
3327,4,132.00,8.00,1,0.010000,1,0
3328,20,286.00,57.00,0,0.010000,7,0
3329,20,194.00,106.00,0,0.010000,6,0
3330,20,172.00,-69.00,0,0.010000,1,11
3331,0,0.00,0.00,1,0.010000,0,0
3332,20,270.00,-60.00,0,0.010000,15,0
3333,0,0.00,0.00,1,0.010000,0,0
3334,20,270.00,-60.00,0,0.010000,15,0
3335,20,172.00,-79.00,0,0.010000,3,16
3336,0,0.00,0.00,1,0.010000,0,0
3337,4,132.00,8.00,1,0.010000,1,0
3338,20,286.00,57.00,0,0.010000,7,0
3339,20,194.00,106.00,0,0.010000,6,0
3340,20,172.00,-69.00,0,0.010000,1,11
3341,0,0.00,0.00,1,0.010000,0,0
3342,20,286.00,-113.00,0,0.010000,12,4
3343,0,0.00,0.00,1,0.010000,0,0
3344,20,270.00,-60.00,0,0.010000,15,0
3345,20,172.00,-79.00,0,0.010000,3,16
3346,0,0.00,0.00,1,0.010000,0,0
3347,4,132.00,8.00,1,0.010000,1,0
3348,20,286.00,57.00,0,0.010000,7,0
3349,20,194.00,106.00,0,0.010000,6,0
3350,20,172.00,-69.00,0,0.010000,1,10
3351,0,0.00,0.00,1,0.010000,0,0
3352,20,270.00,-60.00,0,0.010000,15,0
3353,0,0.00,0.00,1,0.010000,0,0
3354,20,270.00,-60.00,0,0.010000,15,0
3355,20,172.00,-79.00,0,0.010000,3,16
3356,0,0.00,0.00,1,0.010000,0,0
3357,4,132.00,8.00,1,0.010000,1,0
3358,20,286.00,57.00,0,0.010000,7,0
3359,20,194.00,106.00,0,0.010000,6,0
3360,20,172.00,-69.00,0,0.010000,1,11
3361,0,0.00,0.00,1,0.010000,0,0
3362,20,270.00,-60.00,0,0.010000,15,0
3363,0,0.00,0.00,1,0.010000,0,0
3364,20,270.00,-60.00,0,0.010000,15,0
3365,20,172.00,-79.00,0,0.010000,4,14
3366,0,0.00,0.00,1,0.010000,0,0
3367,4,132.00,8.00,1,0.010000,1,0
3368,20,286.00,57.00,0,0.010000,7,0
3369,20,194.00,106.00,0,0.010000,6,0
3370,20,167.00,-64.00,0,0.010000,1,12
3371,0,0.00,0.00,1,0.010000,0,0
3372,20,270.00,-60.00,0,0.010000,15,0
3373,0,0.00,0.00,1,0.010000,0,0
3374,20,270.00,-60.00,0,0.010000,15,0
3375,20,172.00,-79.00,0,0.010000,3,16
3376,0,0.00,0.00,1,0.010000,0,0
3377,4,132.00,8.00,1,0.010000,1,0
3378,20,286.00,57.00,0,0.010000,7,0
3379,20,194.00,106.00,0,0.010000,6,0
3380,20,172.00,-69.00,0,0.010000,1,10
3381,0,0.00,0.00,1,0.010000,0,0
3382,20,270.00,-60.00,0,0.010000,15,0
3383,0,0.00,0.00,1,0.010000,0,0
3384,20,270.00,-60.00,0,0.010000,15,0
3385,20,172.00,-79.00,0,0.010000,3,16
3386,0,0.00,0.00,1,0.010000,0,0
3387,4,132.00,8.00,1,0.010000,1,0
3388,20,286.00,57.00,0,0.010000,7,0
3389,20,194.00,106.00,0,0.010000,6,0
3390,20,172.00,-69.00,0,0.010000,1,11
3391,0,0.00,0.00,1,0.010000,0,0
3392,20,324.00,-116.00,0,0.010000,14,1
3393,0,0.00,0.00,1,0.010000,0,0
3394,20,270.00,-60.00,0,0.010000,15,1
3395,20,172.00,-79.00,0,0.010000,4,14
3396,0,0.00,0.00,1,0.010000,0,0
3397,4,132.00,8.00,1,0.010000,1,0
3398,20,286.00,57.00,0,0.010000,7,0
3399,20,194.00,106.00,0,0.010000,6,0
3400,20,172.00,-69.00,0,0.010000,1,11
3401,0,0.00,0.00,1,0.010000,0,0
3402,20,270.00,-60.00,0,0.010000,15,0
3403,0,0.00,0.00,1,0.010000,0,0
3404,20,270.00,-60.00,0,0.010000,15,0
3405,20,172.00,-79.00,0,0.010000,3,16
3406,0,0.00,0.00,1,0.010000,0,0
3407,4,132.00,8.00,1,0.010000,1,0
3408,20,225.00,62.00,0,0.010000,8,1
3409,20,194.00,106.00,0,0.010000,6,0
3410,20,172.00,-69.00,0,0.010000,1,11
3411,0,0.00,0.00,1,0.010000,0,0
3412,20,270.00,-60.00,0,0.010000,15,0
3413,0,0.00,0.00,1,0.010000,0,0
3414,20,270.00,-60.00,0,0.010000,15,0
3415,20,172.00,-79.00,0,0.010000,3,16
3416,0,0.00,0.00,1,0.010000,0,0
3417,4,132.00,8.00,1,0.010000,1,0
3418,20,286.00,57.00,0,0.010000,7,0
3419,20,194.00,106.00,0,0.010000,6,0
3420,20,172.00,-69.00,0,0.010000,1,10
3421,0,0.00,0.00,1,0.010000,0,0
3422,20,270.00,-60.00,0,0.010000,15,0
3423,0,0.00,0.00,1,0.010000,0,0
3424,20,270.00,-60.00,0,0.010000,15,0
3425,20,172.00,-79.00,0,0.010000,3,16
3426,0,0.00,0.00,1,0.010000,0,0
3427,4,132.00,8.00,1,0.010000,1,0
3428,20,286.00,57.00,0,0.010000,7,0
3429,20,194.00,106.00,0,0.010000,6,0
3430,20,172.00,-74.00,0,0.010000,1,11
3431,0,0.00,0.00,1,0.010000,0,0
3432,20,324.00,-111.00,0,0.010000,14,1
3433,0,0.00,0.00,1,0.010000,0,0
3434,20,270.00,-60.00,0,0.010000,15,0
3435,20,172.00,-79.00,0,0.010000,3,16
3436,0,0.00,0.00,1,0.010000,0,0
3437,4,132.00,8.00,1,0.010000,1,0
3438,20,286.00,57.00,0,0.010000,7,0
3439,20,94.00,155.00,0,0.010000,6,0
3440,20,172.00,-69.00,0,0.010000,1,11
3441,0,0.00,0.00,1,0.010000,0,0
3442,20,270.00,-60.00,0,0.010000,15,0
3443,0,0.00,0.00,1,0.010000,0,0
3444,20,270.00,-60.00,0,0.010000,15,0
3445,20,172.00,-79.00,0,0.010000,3,16
3446,0,0.00,0.00,1,0.010000,0,0
3447,4,132.00,8.00,1,0.010000,1,0
3448,20,286.00,57.00,0,0.010000,7,0
3449,20,194.00,106.00,0,0.010000,6,0
3450,20,172.00,-69.00,0,0.010000,1,11
3451,0,0.00,0.00,1,0.010000,0,0
3452,20,270.00,-60.00,0,0.010000,15,0
3453,0,0.00,0.00,1,0.010000,0,0
3454,20,270.00,-60.00,0,0.010000,15,0
3455,20,172.00,-79.00,0,0.010000,3,16
3456,0,0.00,0.00,1,0.010000,0,0
3457,4,132.00,8.00,1,0.010000,1,0
3458,20,286.00,57.00,0,0.010000,7,0
3459,20,194.00,106.00,0,0.010000,6,0
3460,20,172.00,-69.00,0,0.010000,1,10
3461,0,0.00,0.00,1,0.010000,0,0
3462,20,270.00,-60.00,0,0.010000,15,0
3463,0,0.00,0.00,1,0.010000,0,0
3464,20,270.00,-60.00,0,0.010000,15,0
3465,20,172.00,-79.00,0,0.010000,4,14
3466,0,0.00,0.00,1,0.010000,0,0
3467,4,132.00,8.00,1,0.010000,1,0
3468,20,286.00,57.00,0,0.010000,7,0
3469,20,194.00,106.00,0,0.010000,6,0
3470,20,205.00,-82.00,0,0.010000,5,7
3471,0,0.00,0.00,1,0.010000,0,0
3472,20,270.00,-60.00,0,0.010000,15,0
3473,0,0.00,0.00,1,0.010000,0,0
3474,20,270.00,-60.00,0,0.010000,15,0
3475,20,172.00,-79.00,0,0.010000,3,16
3476,0,0.00,0.00,1,0.010000,0,0
3477,4,132.00,8.00,1,0.010000,1,0
3478,20,286.00,57.00,0,0.010000,7,0
3479,20,194.00,106.00,0,0.010000,6,0
3480,20,172.00,-69.00,0,0.010000,1,11
3481,0,0.00,0.00,1,0.010000,0,0
3482,20,270.00,-60.00,0,0.010000,15,0
3483,0,0.00,0.00,1,0.010000,0,0
3484,20,270.00,-60.00,0,0.010000,15,0
3485,20,172.00,-79.00,0,0.010000,3,16
3486,0,0.00,0.00,1,0.010000,0,0
3487,4,132.00,8.00,1,0.010000,1,0
3488,20,286.00,57.00,0,0.010000,7,0
3489,20,194.00,106.00,0,0.010000,6,0
3490,20,172.00,-69.00,0,0.010000,1,10
3491,0,0.00,0.00,1,0.010000,0,0
3492,20,270.00,-60.00,0,0.010000,15,0
3493,0,0.00,0.00,1,0.010000,0,0
3494,20,270.00,-60.00,0,0.010000,15,0
3495,20,172.00,-79.00,0,0.010000,3,16
3496,0,0.00,0.00,1,0.010000,0,0
3497,4,132.00,8.00,1,0.010000,1,0
3498,20,286.00,57.00,0,0.010000,7,0
3499,20,194.00,106.00,0,0.010000,6,0
3500,20,172.00,-69.00,0,0.010000,1,11
3501,0,0.00,0.00,1,0.010000,0,0
3502,20,270.00,-60.00,0,0.010000,15,0
3503,0,0.00,0.00,1,0.010000,0,0
3504,20,270.00,-60.00,0,0.010000,15,0
3505,20,172.00,-89.00,0,0.010000,4,16
3506,0,0.00,0.00,1,0.010000,0,0
3507,4,132.00,8.00,1,0.010000,1,0
3508,20,286.00,57.00,0,0.010000,7,0
3509,20,194.00,106.00,0,0.010000,6,0
3510,20,172.00,-69.00,0,0.010000,1,11
3511,0,0.00,0.00,1,0.010000,0,0
3512,20,316.00,-99.00,0,0.010000,15,0
3513,0,0.00,0.00,1,0.010000,0,0
3514,20,270.00,-60.00,0,0.010000,15,0
3515,20,172.00,-79.00,0,0.010000,3,16
3516,0,0.00,0.00,1,0.010000,0,0
3517,4,132.00,8.00,1,0.010000,1,0
3518,20,225.00,47.00,0,0.010000,8,1
3519,20,194.00,106.00,0,0.010000,6,0
3520,20,172.00,-69.00,0,0.010000,1,11
3521,0,0.00,0.00,1,0.010000,0,0
3522,20,270.00,-60.00,0,0.010000,15,0
3523,0,0.00,0.00,1,0.010000,0,0
3524,20,270.00,-60.00,0,0.010000,15,0
3525,20,172.00,-79.00,0,0.010000,3,16
3526,0,0.00,0.00,1,0.010000,0,0
3527,4,132.00,8.00,1,0.010000,1,0
3528,20,286.00,57.00,0,0.010000,7,0
3529,20,194.00,106.00,0,0.010000,6,0
3530,20,172.00,-69.00,0,0.010000,1,10
3531,0,0.00,0.00,1,0.010000,0,0
3532,20,324.00,-101.00,0,0.010000,14,0
3533,0,0.00,0.00,1,0.010000,0,0
3534,20,270.00,-60.00,0,0.010000,15,0
3535,20,172.00,-79.00,0,0.010000,3,16
3536,0,0.00,0.00,1,0.010000,0,0
3537,4,132.00,8.00,1,0.010000,1,0
3538,20,286.00,57.00,0,0.010000,7,0
3539,20,194.00,106.00,0,0.010000,6,0
3540,20,172.00,-79.00,0,0.010000,2,15
3541,0,0.00,0.00,1,0.010000,0,0
3542,20,270.00,-60.00,0,0.010000,15,0
3543,0,0.00,0.00,1,0.010000,0,0
3544,20,270.00,-60.00,0,0.010000,15,0
3545,20,172.00,-79.00,0,0.010000,3,16
3546,0,0.00,0.00,1,0.010000,0,0
3547,5,131.00,12.00,1,0.010000,1,1
3548,20,286.00,57.00,0,0.010000,7,0
3549,20,194.00,106.00,0,0.010000,6,0
3550,20,172.00,-69.00,0,0.010000,1,11
3551,0,0.00,0.00,1,0.010000,0,0
3552,20,270.00,-60.00,0,0.010000,15,0
3553,0,0.00,0.00,1,0.010000,0,0
3554,20,265.00,-60.00,0,0.010000,15,1
3555,20,172.00,-79.00,0,0.010000,3,16
3556,0,0.00,0.00,1,0.010000,0,0
3557,4,132.00,8.00,1,0.010000,1,0
3558,20,286.00,57.00,0,0.010000,7,0
3559,20,194.00,106.00,0,0.010000,6,0
3560,20,172.00,-69.00,0,0.010000,1,10
3561,0,0.00,0.00,1,0.010000,0,0
3562,20,270.00,-60.00,0,0.010000,15,0
3563,0,0.00,0.00,1,0.010000,0,0
3564,20,270.00,-60.00,0,0.010000,15,0
3565,20,156.00,-87.00,0,0.010000,8,10
3566,0,0.00,0.00,1,0.010000,0,0
3567,4,132.00,8.00,1,0.010000,1,0
3568,20,286.00,57.00,0,0.010000,7,0
3569,20,194.00,106.00,0,0.010000,6,0
3570,20,172.00,-69.00,0,0.010000,1,11
3571,0,0.00,0.00,1,0.010000,0,0
3572,20,270.00,-60.00,0,0.010000,15,0
3573,0,0.00,0.00,1,0.010000,0,0
3574,20,270.00,-60.00,0,0.010000,15,0
3575,20,172.00,-79.00,0,0.010000,3,16
3576,0,0.00,0.00,1,0.010000,0,0
3577,4,132.00,8.00,1,0.010000,1,0
3578,20,172.00,-79.00,0,0.010000,2,16
3579,20,194.00,106.00,0,0.010000,6,1
3580,20,172.00,-69.00,0,0.010000,1,11
3581,0,0.00,0.00,1,0.010000,0,0
3582,20,270.00,-60.00,0,0.010000,15,0
3583,0,0.00,0.00,1,0.010000,0,0
3584,20,270.00,-60.00,0,0.010000,15,0
3585,20,172.00,-79.00,0,0.010000,3,16
3586,0,0.00,0.00,1,0.010000,0,0
3587,4,132.00,8.00,1,0.010000,1,0
3588,20,240.00,52.00,0,0.010000,7,1
3589,20,194.00,106.00,0,0.010000,6,0
3590,20,172.00,-69.00,0,0.010000,1,10
3591,0,0.00,0.00,1,0.010000,0,0
3592,20,270.00,-60.00,0,0.010000,15,0
3593,0,0.00,0.00,1,0.010000,0,0
3594,20,270.00,-60.00,0,0.010000,15,0
3595,20,172.00,-79.00,0,0.010000,3,16
3596,0,0.00,0.00,1,0.010000,0,0
3597,5,121.00,12.00,1,0.010000,2,1
3598,20,286.00,57.00,0,0.010000,7,0
3599,20,194.00,106.00,0,0.010000,6,0
3600,20,172.00,-69.00,0,0.010000,1,11
3601,0,0.00,0.00,1,0.010000,0,0
3602,20,324.00,-101.00,0,0.010000,14,0
3603,0,0.00,0.00,1,0.010000,0,0
3604,20,270.00,-60.00,0,0.010000,15,0
3605,20,172.00,-79.00,0,0.010000,3,16
3606,0,0.00,0.00,1,0.010000,0,0
3607,4,132.00,8.00,1,0.010000,1,0
3608,20,286.00,57.00,0,0.010000,7,0
3609,20,194.00,106.00,0,0.010000,6,0
3610,20,149.00,-69.00,0,0.010000,3,9
3611,0,0.00,0.00,1,0.010000,0,0
3612,20,270.00,-60.00,0,0.010000,15,0
3613,0,0.00,0.00,1,0.010000,0,0
3614,20,219.00,-45.00,0,0.010000,14,2
3615,20,172.00,-79.00,0,0.010000,4,14
3616,0,0.00,0.00,1,0.010000,0,0
3617,4,132.00,8.00,1,0.010000,1,0
3618,20,286.00,57.00,0,0.010000,7,0
3619,20,194.00,106.00,0,0.010000,6,0
3620,20,172.00,-69.00,0,0.010000,1,11
3621,0,0.00,0.00,1,0.010000,0,0
3622,20,270.00,-60.00,0,0.010000,15,0
3623,0,0.00,0.00,1,0.010000,0,0
3624,20,270.00,-60.00,0,0.010000,15,0
3625,20,164.00,-89.00,0,0.010000,5,16
3626,0,0.00,0.00,1,0.010000,0,0
3627,4,132.00,8.00,1,0.010000,1,0
3628,20,286.00,57.00,0,0.010000,7,0
3629,20,194.00,106.00,0,0.010000,6,0
3630,20,172.00,-69.00,0,0.010000,1,10
3631,0,0.00,0.00,1,0.010000,0,0
3632,20,270.00,-60.00,0,0.010000,15,0
3633,0,0.00,0.00,1,0.010000,0,0
3634,20,270.00,-55.00,0,0.010000,14,1
3635,20,172.00,-79.00,0,0.010000,3,16
3636,0,0.00,0.00,1,0.010000,0,0
3637,4,132.00,8.00,1,0.010000,1,0
3638,20,286.00,57.00,0,0.010000,7,0
3639,20,194.00,106.00,0,0.010000,6,0
3640,20,172.00,-69.00,0,0.010000,1,11
3641,0,0.00,0.00,1,0.010000,0,0
3642,20,270.00,-60.00,0,0.010000,15,0
3643,0,0.00,0.00,1,0.010000,0,0
3644,20,270.00,-60.00,0,0.010000,15,0
3645,20,172.00,-79.00,0,0.010000,3,16
3646,0,0.00,0.00,1,0.010000,0,0
3647,4,132.00,8.00,1,0.010000,1,0
3648,20,210.00,-37.00,0,0.010000,4,10
3649,20,194.00,106.00,0,0.010000,6,1
3650,20,172.00,-69.00,0,0.010000,1,11
3651,0,0.00,0.00,1,0.010000,0,0
3652,20,270.00,-60.00,0,0.010000,15,0
3653,0,0.00,0.00,1,0.010000,0,0
3654,20,270.00,-60.00,0,0.010000,15,0
3655,20,172.00,-79.00,0,0.010000,3,16
3656,0,0.00,0.00,1,0.010000,0,0
3657,4,132.00,8.00,1,0.010000,1,0
3658,20,286.00,57.00,0,0.010000,7,0
3659,20,194.00,106.00,0,0.010000,6,0
3660,20,172.00,-79.00,0,0.010000,2,11
3661,0,0.00,0.00,1,0.010000,0,0
3662,20,270.00,-60.00,0,0.010000,15,0
3663,0,0.00,0.00,1,0.010000,0,0
3664,20,270.00,-60.00,0,0.010000,15,0
3665,20,172.00,-79.00,0,0.010000,3,16
3666,0,0.00,0.00,1,0.010000,0,0
3667,4,132.00,8.00,1,0.010000,1,0
3668,20,286.00,57.00,0,0.010000,7,0
3669,20,194.00,106.00,0,0.010000,6,0
3670,20,172.00,-69.00,0,0.010000,1,11
3671,0,0.00,0.00,1,0.010000,0,0
3672,20,270.00,-60.00,0,0.010000,15,0
3673,0,0.00,0.00,1,0.010000,0,0
3674,20,270.00,-60.00,0,0.010000,15,0
3675,20,172.00,-79.00,0,0.010000,3,16
3676,0,0.00,0.00,1,0.010000,0,0
3677,4,132.00,8.00,1,0.010000,1,0
3678,20,286.00,57.00,0,0.010000,7,0
3679,20,194.00,106.00,0,0.010000,6,0
3680,20,172.00,-69.00,0,0.010000,1,10
3681,0,0.00,0.00,1,0.010000,0,0
3682,20,314.00,-116.00,0,0.010000,14,1
3683,0,0.00,0.00,1,0.010000,0,0
3684,20,270.00,-60.00,0,0.010000,15,0
3685,20,157.00,-79.00,0,0.010000,4,16
3686,0,0.00,0.00,1,0.010000,0,0
3687,4,132.00,8.00,1,0.010000,1,0
3688,20,286.00,57.00,0,0.010000,7,0
3689,20,194.00,106.00,0,0.010000,6,0
3690,20,172.00,-69.00,0,0.010000,1,11
3691,0,0.00,0.00,1,0.010000,0,0
3692,20,270.00,-60.00,0,0.010000,15,0
3693,0,0.00,0.00,1,0.010000,0,0
3694,20,270.00,-60.00,0,0.010000,15,0
3695,20,172.00,-79.00,0,0.010000,4,14
3696,0,0.00,0.00,1,0.010000,0,0
3697,4,132.00,8.00,1,0.010000,1,0
3698,20,286.00,57.00,0,0.010000,7,0
3699,20,194.00,106.00,0,0.010000,6,1
3700,20,172.00,-79.00,0,0.010000,2,11
3701,0,0.00,0.00,1,0.010000,0,0
3702,20,270.00,-60.00,0,0.010000,15,0
3703,0,0.00,0.00,1,0.010000,0,0
3704,20,270.00,-60.00,0,0.010000,15,0
3705,20,172.00,-79.00,0,0.010000,3,16
3706,0,0.00,0.00,1,0.010000,0,0
3707,5,121.00,12.00,1,0.010000,2,1
3708,20,286.00,57.00,0,0.010000,7,0
3709,20,80.00,-30.00,0,0.010000,1,19
3710,20,172.00,-69.00,0,0.010000,1,11
3711,0,0.00,0.00,1,0.010000,0,0
3712,20,309.00,-111.00,0,0.010000,15,1
3713,0,0.00,0.00,1,0.010000,0,0
3714,20,145.00,-66.00,0,0.010000,6,13
3715,20,118.00,-89.00,0,0.010000,4,15
3716,0,0.00,0.00,1,0.010000,0,0
3717,5,121.00,12.00,1,0.010000,2,1
3718,20,286.00,57.00,0,0.010000,7,0
3719,20,194.00,106.00,0,0.010000,6,0
3720,20,172.00,-69.00,0,0.010000,1,11
3721,0,0.00,0.00,1,0.010000,0,0
3722,20,270.00,-60.00,0,0.010000,15,0
3723,0,0.00,0.00,1,0.010000,0,0
3724,20,270.00,-50.00,0,0.010000,14,1
3725,20,172.00,-79.00,0,0.010000,3,16
3726,0,0.00,0.00,1,0.010000,0,0
3727,4,132.00,8.00,1,0.010000,1,0
3728,20,248.00,45.00,0,0.010000,6,4
3729,20,194.00,106.00,0,0.010000,6,0
3730,20,172.00,-69.00,0,0.010000,1,10
3731,0,0.00,0.00,1,0.010000,0,0
3732,20,324.00,-111.00,0,0.010000,14,1
3733,0,0.00,0.00,1,0.010000,0,0
3734,20,270.00,-60.00,0,0.010000,15,0
3735,20,172.00,-84.00,0,0.010000,3,16
3736,0,0.00,0.00,1,0.010000,0,0
3737,4,132.00,8.00,1,0.010000,1,0
3738,20,240.00,57.00,0,0.010000,7,1
3739,20,194.00,106.00,0,0.010000,6,0
3740,20,172.00,-69.00,0,0.010000,1,11
3741,0,0.00,0.00,1,0.010000,0,0
3742,20,270.00,-60.00,0,0.010000,15,0
3743,0,0.00,0.00,1,0.010000,0,0
3744,20,270.00,-60.00,0,0.010000,15,0
3745,20,172.00,-79.00,0,0.010000,3,16
3746,0,0.00,0.00,1,0.010000,0,0
3747,4,132.00,8.00,1,0.010000,1,0
3748,20,286.00,57.00,0,0.010000,7,0
3749,20,194.00,106.00,0,0.010000,6,0
3750,20,172.00,-69.00,0,0.010000,1,10
3751,0,0.00,0.00,1,0.010000,0,0
3752,20,324.00,-101.00,0,0.010000,14,0
3753,0,0.00,0.00,1,0.010000,0,0
3754,20,270.00,-60.00,0,0.010000,15,0
3755,20,172.00,-79.00,0,0.010000,3,16
3756,0,0.00,0.00,1,0.010000,0,0
3757,4,132.00,8.00,1,0.010000,1,0
3758,20,286.00,57.00,0,0.010000,7,0
3759,20,179.00,106.00,0,0.010000,7,1
3760,20,172.00,-69.00,0,0.010000,1,12
3761,0,0.00,0.00,1,0.010000,0,0
3762,20,270.00,-60.00,0,0.010000,15,0
3763,0,0.00,0.00,1,0.010000,0,0
3764,20,270.00,-60.00,0,0.010000,15,0
3765,20,172.00,-79.00,0,0.010000,3,16
3766,0,0.00,0.00,1,0.010000,0,0
3767,4,132.00,8.00,1,0.010000,1,0
3768,20,286.00,57.00,0,0.010000,7,0
3769,20,194.00,106.00,0,0.010000,6,0
3770,20,172.00,-69.00,0,0.010000,1,10
3771,0,0.00,0.00,1,0.010000,0,0
3772,20,270.00,-60.00,0,0.010000,15,0
3773,0,0.00,0.00,1,0.010000,0,0
3774,20,270.00,-60.00,0,0.010000,15,0
3775,20,172.00,-79.00,0,0.010000,3,16
3776,0,0.00,0.00,1,0.010000,0,0
3777,4,132.00,8.00,1,0.010000,1,0
3778,20,286.00,57.00,0,0.010000,7,0
3779,20,194.00,106.00,0,0.010000,6,0
3780,20,172.00,-69.00,0,0.010000,1,11
3781,0,0.00,0.00,1,0.010000,0,0
3782,20,324.00,-116.00,0,0.010000,14,1
3783,0,0.00,0.00,1,0.010000,0,0
3784,20,194.00,-54.00,0,0.010000,10,7
3785,20,172.00,-79.00,0,0.010000,3,16
3786,0,0.00,0.00,1,0.010000,0,0
3787,4,132.00,8.00,1,0.010000,1,0
3788,20,286.00,57.00,0,0.010000,7,0
3789,20,194.00,106.00,0,0.010000,6,0
3790,20,172.00,-69.00,0,0.010000,1,11
3791,0,0.00,0.00,1,0.010000,0,0
3792,20,309.00,-111.00,0,0.010000,15,1
3793,0,0.00,0.00,1,0.010000,0,0
3794,20,270.00,-60.00,0,0.010000,15,0
3795,20,172.00,-79.00,0,0.010000,3,16
3796,0,0.00,0.00,1,0.010000,0,0
3797,4,132.00,8.00,1,0.010000,1,0
3798,20,286.00,57.00,0,0.010000,7,0
3799,20,194.00,106.00,0,0.010000,6,0
3800,20,172.00,-69.00,0,0.010000,1,10
3801,0,0.00,0.00,1,0.010000,0,0
3802,20,270.00,-60.00,0,0.010000,15,0
3803,0,0.00,0.00,1,0.010000,0,0
3804,20,270.00,-60.00,0,0.010000,15,0
3805,20,172.00,-79.00,0,0.010000,3,16
3806,0,0.00,0.00,1,0.010000,0,0
3807,4,132.00,8.00,1,0.010000,1,0
3808,20,286.00,57.00,0,0.010000,7,0
3809,20,194.00,106.00,0,0.010000,6,0
3810,20,172.00,-79.00,0,0.010000,2,11
3811,0,0.00,0.00,1,0.010000,0,0
3812,20,270.00,-60.00,0,0.010000,15,0
3813,0,0.00,0.00,1,0.010000,0,0
3814,20,270.00,-60.00,0,0.010000,15,0
3815,20,172.00,-79.00,0,0.010000,3,16
3816,0,0.00,0.00,1,0.010000,0,0
3817,4,132.00,8.00,1,0.010000,1,0
3818,20,286.00,57.00,0,0.010000,7,0
3819,20,194.00,106.00,0,0.010000,6,0
3820,20,172.00,-69.00,0,0.010000,1,12
3821,0,0.00,0.00,1,0.010000,0,0
3822,20,270.00,-60.00,0,0.010000,15,0
3823,0,0.00,0.00,1,0.010000,0,0
3824,20,270.00,-60.00,0,0.010000,15,0
3825,20,172.00,-79.00,0,0.010000,3,16
3826,0,0.00,0.00,1,0.010000,0,0
3827,4,132.00,8.00,1,0.010000,1,0
3828,20,286.00,57.00,0,0.010000,7,0
3829,20,194.00,106.00,0,0.010000,6,0
3830,20,172.00,-69.00,0,0.010000,1,10
3831,0,0.00,0.00,1,0.010000,0,0
3832,20,270.00,-60.00,0,0.010000,15,0
3833,0,0.00,0.00,1,0.010000,0,0
3834,20,270.00,-60.00,0,0.010000,15,0
3835,20,172.00,-79.00,0,0.010000,3,16
3836,0,0.00,0.00,1,0.010000,0,0
3837,4,132.00,8.00,1,0.010000,1,0
3838,20,186.00,106.00,0,0.010000,7,0
3839,20,194.00,106.00,0,0.010000,6,0
3840,20,172.00,-69.00,0,0.010000,1,11
3841,0,0.00,0.00,1,0.010000,0,0
3842,20,309.00,-106.00,0,0.010000,15,1
3843,0,0.00,0.00,1,0.010000,0,0
3844,20,270.00,-60.00,0,0.010000,15,0
3845,20,172.00,-79.00,0,0.010000,3,16
3846,0,0.00,0.00,1,0.010000,0,0
3847,4,132.00,8.00,1,0.010000,1,0
3848,20,286.00,57.00,0,0.010000,7,0
3849,20,194.00,106.00,0,0.010000,6,0
3850,20,172.00,-69.00,0,0.010000,1,11
3851,0,0.00,0.00,1,0.010000,0,0
3852,20,324.00,-101.00,0,0.010000,14,0
3853,0,0.00,0.00,1,0.010000,0,0
3854,20,270.00,-60.00,0,0.010000,15,0
3855,20,156.00,-87.00,0,0.010000,8,10
3856,0,0.00,0.00,1,0.010000,0,0
3857,4,132.00,8.00,1,0.010000,1,0
3858,20,286.00,57.00,0,0.010000,7,0
3859,20,194.00,106.00,0,0.010000,6,0
3860,20,172.00,-69.00,0,0.010000,1,10
3861,0,0.00,0.00,1,0.010000,0,0
3862,20,270.00,-60.00,0,0.010000,15,0
3863,0,0.00,0.00,1,0.010000,0,0
3864,20,255.00,-45.00,0,0.010000,15,1
3865,20,172.00,-79.00,0,0.010000,3,16
3866,0,0.00,0.00,1,0.010000,0,0
3867,4,132.00,8.00,1,0.010000,1,0
3868,20,286.00,57.00,0,0.010000,7,0
3869,20,194.00,106.00,0,0.010000,6,0
3870,20,172.00,-69.00,0,0.010000,1,11
3871,0,0.00,0.00,1,0.010000,0,0
3872,20,324.00,-116.00,0,0.010000,14,1
3873,0,0.00,0.00,1,0.010000,0,0
3874,20,224.00,-70.00,0,0.010000,16,0
3875,20,172.00,-79.00,0,0.010000,3,16
3876,0,0.00,0.00,1,0.010000,0,0
3877,4,132.00,8.00,1,0.010000,1,0
3878,20,286.00,57.00,0,0.010000,7,0
3879,20,194.00,96.00,0,0.010000,7,1
3880,20,172.00,-79.00,0,0.010000,2,11
3881,0,0.00,0.00,1,0.010000,0,0
3882,20,270.00,-60.00,0,0.010000,15,0
3883,0,0.00,0.00,1,0.010000,0,0
3884,20,270.00,-60.00,0,0.010000,15,0
3885,20,172.00,-79.00,0,0.010000,3,16
3886,0,0.00,0.00,1,0.010000,0,0
3887,4,132.00,8.00,1,0.010000,1,0
3888,20,286.00,57.00,0,0.010000,7,0
3889,20,194.00,106.00,0,0.010000,6,0
3890,20,172.00,-69.00,0,0.010000,1,11
3891,0,0.00,0.00,1,0.010000,0,0
3892,20,270.00,-60.00,0,0.010000,15,0
3893,0,0.00,0.00,1,0.010000,0,0
3894,20,270.00,-60.00,0,0.010000,15,0
3895,20,172.00,-79.00,0,0.010000,3,16
3896,0,0.00,0.00,1,0.010000,0,0
3897,4,132.00,8.00,1,0.010000,1,0
3898,20,179.00,106.00,0,0.010000,7,2
3899,20,194.00,106.00,0,0.010000,6,0
3900,20,172.00,-69.00,0,0.010000,1,11
3901,0,0.00,0.00,1,0.010000,0,0
3902,20,270.00,-60.00,0,0.010000,15,0
3903,0,0.00,0.00,1,0.010000,0,0
3904,20,270.00,-60.00,0,0.010000,15,0
3905,20,172.00,-79.00,0,0.010000,3,16
3906,0,0.00,0.00,1,0.010000,0,0
3907,4,132.00,8.00,1,0.010000,1,0
3908,20,194.00,106.00,0,0.010000,6,0
3909,20,189.00,111.00,0,0.010000,6,1
3910,20,172.00,-69.00,0,0.010000,1,10
3911,0,0.00,0.00,1,0.010000,0,0
3912,20,324.00,-116.00,0,0.010000,14,1
3913,0,0.00,0.00,1,0.010000,0,0
3914,20,270.00,-60.00,0,0.010000,15,0
3915,20,172.00,-79.00,0,0.010000,3,16
3916,0,0.00,0.00,1,0.010000,0,0
3917,4,132.00,8.00,1,0.010000,1,0
3918,20,286.00,57.00,0,0.010000,7,0
3919,20,194.00,106.00,0,0.010000,6,0
3920,20,172.00,-79.00,0,0.010000,2,11
3921,0,0.00,0.00,1,0.010000,0,0
3922,20,270.00,-60.00,0,0.010000,15,0
3923,0,0.00,0.00,1,0.010000,0,0
3924,20,270.00,-50.00,0,0.010000,14,1
3925,20,172.00,-79.00,0,0.010000,3,16
3926,0,0.00,0.00,1,0.010000,0,0
3927,4,132.00,8.00,1,0.010000,1,0
3928,20,286.00,57.00,0,0.010000,7,0
3929,20,194.00,106.00,0,0.010000,6,0
3930,20,172.00,-79.00,0,0.010000,2,11
3931,0,0.00,0.00,1,0.010000,0,0
3932,20,270.00,-60.00,0,0.010000,15,0
3933,0,0.00,0.00,1,0.010000,0,0
3934,20,270.00,-60.00,0,0.010000,15,0
3935,20,172.00,-79.00,0,0.010000,3,16
3936,0,0.00,0.00,1,0.010000,0,0
3937,4,132.00,8.00,1,0.010000,1,0
3938,20,286.00,57.00,0,0.010000,7,0
3939,20,189.00,96.00,0,0.010000,7,1
3940,20,172.00,-69.00,0,0.010000,1,11
3941,0,0.00,0.00,1,0.010000,0,0
3942,20,270.00,-60.00,0,0.010000,15,0
3943,0,0.00,0.00,1,0.010000,0,0
3944,20,270.00,-60.00,0,0.010000,15,0
3945,20,172.00,-79.00,0,0.010000,3,16
3946,0,0.00,0.00,1,0.010000,0,0
3947,4,132.00,8.00,1,0.010000,1,0
3948,20,286.00,57.00,0,0.010000,7,0
3949,20,194.00,106.00,0,0.010000,6,0
3950,20,172.00,-69.00,0,0.010000,1,10
3951,0,0.00,0.00,1,0.010000,0,0
3952,20,270.00,-60.00,0,0.010000,15,0
3953,0,0.00,0.00,1,0.010000,0,0
3954,20,270.00,-60.00,0,0.010000,15,0
3955,20,172.00,-79.00,0,0.010000,3,16
3956,0,0.00,0.00,1,0.010000,0,0
3957,4,132.00,8.00,1,0.010000,1,0
3958,20,286.00,57.00,0,0.010000,7,0
3959,20,194.00,106.00,0,0.010000,6,0
3960,20,172.00,-69.00,0,0.010000,1,11
3961,0,0.00,0.00,1,0.010000,0,0
3962,20,324.00,-101.00,0,0.010000,13,0
3963,0,0.00,0.00,1,0.010000,0,0
3964,20,216.00,-50.00,0,0.010000,15,0
3965,20,172.00,-79.00,0,0.010000,3,16
3966,0,0.00,0.00,1,0.010000,0,0
3967,4,132.00,8.00,1,0.010000,1,0
3968,20,286.00,57.00,0,0.010000,7,0
3969,20,194.00,106.00,0,0.010000,6,0
3970,20,164.00,-69.00,0,0.010000,2,10
3971,0,0.00,0.00,1,0.010000,0,0
3972,20,270.00,-60.00,0,0.010000,15,0
3973,0,0.00,0.00,1,0.010000,0,0
3974,20,270.00,-60.00,0,0.010000,15,0
3975,20,172.00,-79.00,0,0.010000,3,16
3976,0,0.00,0.00,1,0.010000,0,0
3977,4,132.00,8.00,1,0.010000,1,0
3978,20,286.00,57.00,0,0.010000,7,0
3979,20,194.00,106.00,0,0.010000,6,0
3980,20,172.00,-69.00,0,0.010000,1,10
3981,0,0.00,0.00,1,0.010000,0,0
3982,20,270.00,-60.00,0,0.010000,15,0
3983,0,0.00,0.00,1,0.010000,0,0
3984,20,216.00,-48.00,0,0.010000,16,0
3985,20,172.00,-79.00,0,0.010000,3,16
3986,0,0.00,0.00,1,0.010000,0,0
3987,4,132.00,8.00,1,0.010000,1,0
3988,20,286.00,57.00,0,0.010000,7,0
3989,20,194.00,106.00,0,0.010000,6,0
3990,20,172.00,-79.00,0,0.010000,2,11
3991,0,0.00,0.00,1,0.010000,0,0
3992,20,270.00,-60.00,0,0.010000,15,0
3993,0,0.00,0.00,1,0.010000,0,0
3994,20,270.00,-60.00,0,0.010000,15,0
3995,20,172.00,-79.00,0,0.010000,3,16
3996,0,0.00,0.00,1,0.010000,0,0
3997,4,132.00,8.00,1,0.010000,1,0
3998,20,286.00,57.00,0,0.010000,7,0
3999,20,194.00,106.00,0,0.010000,6,0

# Summary
# FirstGoalEpisode,0
# TotalGoalCount,398
# GoalRate_last100,0.40
