Episode,Steps,RewardZ1,RewardZ2,GoalReached,Epsilon,WastedByPenalty,WastedByNoEffect
0,20,-173.00,-163.00,0,0.300000,18,3
1,20,-200.00,-150.00,0,0.299100,20,2
2,20,-166.00,-76.00,0,0.298203,18,3
3,6,26.00,82.00,1,0.297308,3,1
4,20,-133.00,-32.00,0,0.296416,17,2
5,20,-10.00,-23.00,0,0.295527,15,1
6,20,-145.00,98.00,0,0.300000,15,2
7,5,43.00,33.00,1,0.299100,2,2
8,2,100.00,100.00,1,0.298203,0,0
9,20,-4.00,-58.00,0,0.297308,15,1
10,20,-180.00,-60.00,0,0.296416,20,4
11,20,-165.00,-75.00,0,0.295527,19,1
12,20,-209.00,-119.00,0,0.294640,18,4
13,1,50.00,50.00,1,0.293756,0,0
14,20,-100.00,-140.00,0,0.292875,20,1
15,20,-125.00,-115.00,0,0.291997,19,3
16,20,-55.00,-185.00,0,0.291121,19,3
17,4,88.00,88.00,1,0.290247,2,0
18,2,100.00,100.00,1,0.289376,0,0
19,8,79.00,-2.00,1,0.288508,5,2
20,20,-85.00,-155.00,0,0.287643,19,5
21,20,-75.00,-165.00,0,0.286780,17,7
22,20,-135.00,-105.00,0,0.285920,19,3
23,20,-90.00,-150.00,0,0.285062,20,0
24,20,-160.00,-80.00,0,0.284207,20,2
25,20,-165.00,-75.00,0,0.283354,19,6
26,20,-145.00,-95.00,0,0.282504,19,4
27,4,37.00,89.00,1,0.281656,2,0
28,3,94.00,94.00,1,0.280811,0,1
29,5,106.00,36.00,1,0.279969,3,1
30,20,-115.00,-125.00,0,0.279129,17,7
31,20,-85.00,-155.00,0,0.278292,19,2
32,20,-150.00,-90.00,0,0.277457,20,2
33,7,21.00,85.00,1,0.276624,4,1
34,20,-49.00,-59.00,0,0.275795,16,4
35,20,-132.00,-42.00,0,0.274967,17,3
36,20,-179.00,-89.00,0,0.274142,17,5
37,20,-106.00,-96.00,0,0.273320,15,3
38,2,100.00,100.00,1,0.272500,0,0
39,4,88.00,37.00,1,0.271682,2,0
40,20,-70.00,-170.00,0,0.270867,18,3
41,20,-90.00,-150.00,0,0.270055,18,5
42,3,48.00,43.00,1,0.269245,1,0
43,4,0.00,0.00,1,0.268437,2,0
44,20,-69.00,-79.00,0,0.267632,13,6
45,20,-71.00,-41.00,0,0.266829,13,6
46,20,-15.00,-65.00,0,0.266028,13,7
47,20,-100.00,-140.00,0,0.265230,18,5
48,8,76.00,25.00,1,0.264434,5,2
49,7,55.00,34.00,1,0.263641,5,1
50,20,-120.00,-120.00,0,0.262850,14,6
51,20,-125.00,-115.00,0,0.262062,15,6
52,3,38.00,38.00,1,0.261275,2,2
53,20,-135.00,63.00,0,0.260492,12,2
54,20,-13.00,-23.00,0,0.259710,9,8
55,20,-49.00,-39.00,0,0.258931,14,2
56,20,-72.00,-52.00,0,0.258154,11,5
57,20,-146.00,-46.00,0,0.257380,18,2
58,2,100.00,100.00,1,0.256608,0,0
59,4,88.00,37.00,1,0.255838,2,0
60,20,-130.00,-110.00,0,0.255070,18,4
61,20,-115.00,-125.00,0,0.254305,15,7
62,20,-8.00,60.00,0,0.253542,12,1
63,20,2.00,-18.00,0,0.252781,11,3
64,20,15.00,5.00,0,0.252023,9,3
65,20,-92.00,-32.00,0,0.251267,13,3
66,20,-148.00,-48.00,0,0.250513,18,2
67,2,9.00,0.00,1,0.249762,1,0
68,7,75.00,14.00,1,0.249012,5,1
69,5,82.00,31.00,1,0.248265,2,1
70,20,-135.00,-105.00,0,0.247521,13,8
71,20,-155.00,-85.00,0,0.246778,19,3
72,3,89.00,99.00,1,0.246038,1,0
73,20,-60.00,-60.00,0,0.245300,13,6
74,20,3.00,13.00,0,0.244564,9,3
75,20,13.00,43.00,0,0.243830,12,2
76,20,-2.00,-2.00,0,0.243099,9,4
77,7,19.00,119.00,1,0.242369,3,2
78,2,100.00,100.00,1,0.241642,0,0
79,4,88.00,37.00,1,0.240917,2,0
80,20,-145.00,-95.00,0,0.240194,15,9
81,20,-110.00,-130.00,0,0.239474,14,6
82,20,-9.00,-37.00,0,0.238755,11,2
83,1,50.00,50.00,1,0.238039,0,0
84,20,27.00,27.00,0,0.237325,9,1
85,20,-48.00,-48.00,0,0.236613,12,5
86,20,-54.00,-54.00,0,0.235903,14,2
87,20,-39.00,-39.00,0,0.235196,10,4
88,2,100.00,100.00,1,0.234490,0,0
89,4,88.00,37.00,1,0.233786,2,0
90,20,-110.00,-130.00,0,0.233085,18,4
91,20,-85.00,-155.00,0,0.232386,15,7
92,0,0.00,0.00,1,0.231689,0,0
93,1,50.00,50.00,1,0.230994,0,0
94,20,-18.00,-38.00,0,0.230301,14,5
95,20,-28.00,-8.00,0,0.229610,12,3
96,20,-28.00,-8.00,0,0.228921,12,4
97,20,-105.00,-135.00,0,0.228234,17,5
98,5,89.00,99.00,1,0.227549,2,1
99,4,88.00,37.00,1,0.226867,2,0
100,20,-150.00,-90.00,0,0.226186,18,4
101,20,-110.00,-130.00,0,0.225508,14,7
102,1,50.00,50.00,1,0.224831,0,0
103,8,32.00,45.00,1,0.224157,4,2
104,20,-3.00,-13.00,0,0.223484,10,5
105,20,25.00,55.00,0,0.222814,11,2
106,20,-47.00,-37.00,0,0.222145,12,4
107,20,-105.00,-135.00,0,0.221479,17,4
108,3,99.00,89.00,1,0.220814,1,1
109,4,88.00,37.00,1,0.220152,2,0
110,20,-100.00,-140.00,0,0.219492,14,7
111,20,-115.00,-125.00,0,0.218833,13,8
112,20,7.00,17.00,0,0.218177,10,4
113,20,-29.00,-10.00,0,0.217522,12,2
114,20,28.00,48.00,0,0.216869,12,4
115,20,14.00,14.00,0,0.216219,11,2
116,20,-10.00,-10.00,0,0.215570,11,4
117,20,-58.00,-28.00,0,0.214923,13,4
118,2,100.00,100.00,1,0.214279,0,0
119,4,88.00,37.00,1,0.213636,2,0
120,20,-115.00,-125.00,0,0.212995,15,7
121,20,-125.00,-115.00,0,0.212356,13,10
122,3,104.00,89.00,1,0.211719,1,0
123,5,77.00,41.00,1,0.211084,3,0
124,20,53.00,63.00,0,0.210450,9,2
125,20,-26.00,-16.00,0,0.209819,11,1
126,20,58.00,58.00,0,0.209190,10,1
127,20,-73.00,-143.00,0,0.208562,18,7
128,2,100.00,100.00,1,0.207936,0,0
129,8,69.00,8.00,1,0.207313,5,2
130,20,-110.00,-130.00,0,0.206691,14,8
131,20,-130.00,-110.00,0,0.206071,18,7
132,20,-110.00,-130.00,0,0.205452,18,4
133,1,50.00,50.00,1,0.204836,0,0
134,20,-28.00,-8.00,0,0.204222,12,3
135,20,7.00,17.00,0,0.203609,12,2
136,20,36.00,36.00,0,0.202998,10,5
137,2,100.00,54.00,1,0.202389,0,0
138,3,89.00,99.00,1,0.201782,1,1
139,4,88.00,37.00,1,0.201177,2,0
140,20,-130.00,-110.00,0,0.200573,14,9
141,20,-120.00,-120.00,0,0.199971,14,9
142,3,43.00,48.00,1,0.199371,0,1
143,2,100.00,49.00,1,0.198773,0,0
144,20,7.00,-3.00,0,0.198177,13,4
145,20,-1.00,29.00,0,0.197582,12,2
146,20,71.00,61.00,0,0.196990,11,3
147,20,62.00,62.00,0,0.196399,10,1
148,2,100.00,100.00,1,0.195809,0,0
149,4,88.00,37.00,1,0.195222,2,0
150,20,-115.00,-125.00,0,0.194636,15,8
151,20,-120.00,-120.00,0,0.194052,16,6
152,3,99.00,104.00,1,0.193470,0,0
153,2,54.00,100.00,1,0.192890,0,0
154,20,81.00,111.00,0,0.192311,8,4
155,20,-3.00,7.00,0,0.191734,13,2
156,20,23.00,3.00,0,0.191159,10,2
157,20,-145.00,-95.00,0,0.190586,19,3
158,3,89.00,99.00,1,0.190014,1,1
159,4,88.00,37.00,1,0.189444,2,0
160,20,-135.00,-105.00,0,0.188876,17,4
161,20,-125.00,-115.00,0,0.188309,17,4
162,1,50.00,50.00,1,0.187744,0,0
163,20,-105.00,-135.00,0,0.187181,15,8
164,20,-33.00,17.00,0,0.186619,12,1
165,20,-75.00,-35.00,0,0.186059,13,3
166,20,4.00,4.00,0,0.185501,10,2
167,20,-115.00,-125.00,0,0.184945,15,5
168,2,100.00,100.00,1,0.184390,0,0
169,5,77.00,36.00,1,0.183837,3,1
170,20,-130.00,-110.00,0,0.183285,14,7
171,20,-120.00,-120.00,0,0.182735,14,8
172,2,49.00,100.00,1,0.182187,0,0
173,0,0.00,0.00,1,0.181641,0,0
174,20,56.00,36.00,0,0.181096,11,2
175,20,19.00,9.00,0,0.180552,12,2
176,20,48.00,48.00,0,0.180011,11,3
177,3,99.00,38.00,1,0.179471,1,0
178,3,99.00,89.00,1,0.178932,1,1
179,4,88.00,37.00,1,0.178395,2,0
180,20,-140.00,-100.00,0,0.177860,14,8
181,20,-105.00,-135.00,0,0.177327,15,6
182,20,-110.00,-130.00,0,0.176795,14,8
183,20,70.00,70.00,0,0.176264,9,0
184,20,60.00,60.00,0,0.175735,10,0
185,20,-79.00,-49.00,0,0.175208,14,5
186,20,21.00,11.00,0,0.174683,10,0
187,20,-125.00,-115.00,0,0.174159,17,5
188,2,100.00,100.00,1,0.173636,0,0
189,4,88.00,37.00,1,0.173115,2,0
190,20,-120.00,-120.00,0,0.172596,14,9
191,20,-135.00,-105.00,0,0.172078,15,7
192,20,-20.00,-16.00,0,0.171562,11,0
193,20,-120.00,-120.00,0,0.171047,14,6
194,20,70.00,50.00,0,0.170534,10,0
195,20,-38.00,-48.00,0,0.170022,13,5
196,20,-52.00,-32.00,0,0.169512,13,2
197,20,15.00,15.00,0,0.169004,10,3
198,2,100.00,100.00,1,0.168497,0,0
199,4,88.00,37.00,1,0.167991,2,0
200,20,-125.00,-115.00,0,0.167487,13,8
201,20,-115.00,-125.00,0,0.166985,15,6
202,0,0.00,0.00,1,0.166484,0,0
203,20,-8.00,-28.00,0,0.165984,11,1
204,20,38.00,58.00,0,0.165487,9,4
205,20,9.00,-1.00,0,0.164990,13,2
206,20,48.00,28.00,0,0.164495,12,3
207,20,21.00,-9.00,0,0.164002,11,1
208,3,99.00,89.00,1,0.163510,1,1
209,4,88.00,37.00,1,0.163019,2,0
210,20,-125.00,-115.00,0,0.162530,13,8
211,20,-130.00,-110.00,0,0.162042,16,7
212,3,89.00,99.00,1,0.161556,1,1
213,20,28.00,28.00,0,0.161072,10,3
214,20,-2.00,28.00,0,0.160588,11,1
215,20,23.00,33.00,0,0.160107,11,0
216,20,11.00,41.00,0,0.159626,11,1
217,3,94.00,43.00,1,0.159147,0,1
218,2,100.00,100.00,1,0.158670,0,0
219,4,37.00,117.00,1,0.158194,2,0
220,20,-115.00,-125.00,0,0.157719,15,7
221,20,-120.00,-120.00,0,0.157246,12,9
222,20,-115.00,-125.00,0,0.156775,19,2
223,20,-120.00,-120.00,0,0.156304,16,9
224,20,57.00,67.00,0,0.155835,9,2
225,20,21.00,31.00,0,0.155368,11,0
226,20,72.00,52.00,0,0.154902,10,1
227,20,-110.00,-130.00,0,0.154437,12,10
228,2,100.00,100.00,1,0.153974,0,0
229,4,88.00,37.00,1,0.153512,2,0
230,20,-120.00,-120.00,0,0.153051,10,11
231,20,-135.00,-105.00,0,0.152592,15,7
232,0,0.00,0.00,1,0.152134,0,0
233,0,0.00,0.00,1,0.151678,0,0
234,20,21.00,11.00,0,0.151223,10,1
235,20,23.00,33.00,0,0.150769,11,0
236,20,13.00,3.00,0,0.150317,11,2
237,3,99.00,38.00,1,0.149866,1,0
238,2,100.00,100.00,1,0.149416,0,0
239,4,88.00,37.00,1,0.148968,2,0
240,20,-125.00,-115.00,0,0.148521,15,6
241,20,-120.00,-120.00,0,0.148076,14,6
242,20,-180.00,-60.00,0,0.147631,20,2
243,2,49.00,54.00,1,0.147188,0,0
244,20,6.00,-14.00,0,0.146747,11,5
245,20,-38.00,-18.00,0,0.146307,12,1
246,20,62.00,42.00,0,0.145868,11,3
247,0,0.00,0.00,1,0.145430,0,0
248,2,100.00,100.00,1,0.144994,0,0
249,4,88.00,37.00,1,0.144559,2,0
250,20,-145.00,-95.00,0,0.144125,15,5
251,20,-125.00,-115.00,0,0.143693,17,5
252,20,-125.00,-115.00,0,0.143262,13,8
253,20,-197.00,-107.00,0,0.142832,19,0
254,20,-11.00,-21.00,0,0.142403,10,1
255,20,28.00,48.00,0,0.141976,12,2
256,20,45.00,55.00,0,0.141550,10,1
257,2,54.00,100.00,1,0.141126,0,0
258,2,100.00,100.00,1,0.140702,0,0
259,4,88.00,37.00,1,0.140280,2,0
260,20,-140.00,-100.00,0,0.139859,14,7
261,20,-115.00,-125.00,0,0.139440,15,6
262,20,-100.00,-140.00,0,0.139021,16,5
263,20,-3.00,-3.00,0,0.138604,11,1
264,20,3.00,13.00,0,0.138189,11,1
265,20,25.00,35.00,0,0.137774,11,0
266,20,62.00,62.00,0,0.137361,10,1
267,20,58.00,18.00,0,0.136949,12,2
268,4,98.00,39.00,1,0.136538,2,0
269,4,88.00,37.00,1,0.136128,2,0
270,20,-125.00,-115.00,0,0.135720,17,4
271,20,-140.00,-100.00,0,0.135313,16,5
272,3,88.00,28.00,1,0.134907,2,1
273,3,99.00,89.00,1,0.134502,1,0
274,20,27.00,17.00,0,0.134098,10,1
275,20,25.00,35.00,0,0.133696,11,0
276,20,5.00,15.00,0,0.133295,11,0
277,20,26.00,61.00,0,0.132895,9,2
278,2,100.00,100.00,1,0.132496,0,0
279,5,82.00,31.00,1,0.132099,2,1
280,20,-145.00,-95.00,0,0.131703,15,6
281,20,-135.00,-105.00,0,0.131308,15,5
282,20,-24.00,20.00,0,0.130914,10,1
283,2,49.00,54.00,1,0.130521,0,0
284,20,12.00,2.00,0,0.130129,12,3
285,20,23.00,33.00,0,0.129739,11,0
286,20,64.00,64.00,0,0.129350,10,1
287,2,100.00,54.00,1,0.128962,0,0
288,2,100.00,100.00,1,0.128575,0,0
289,4,88.00,37.00,1,0.128189,2,0
290,20,-140.00,-100.00,0,0.127805,16,4
291,20,-110.00,-130.00,0,0.127421,16,5
292,20,-130.00,-110.00,0,0.127039,16,5
293,20,-125.00,-115.00,0,0.126658,15,5
294,20,5.00,15.00,0,0.126278,11,3
295,20,-24.00,-24.00,0,0.125899,12,1
296,20,23.00,13.00,0,0.125521,10,0
297,20,-97.00,-87.00,0,0.125145,14,3
298,3,94.00,94.00,1,0.124769,0,1
299,4,88.00,37.00,1,0.124395,2,0
300,20,-155.00,-85.00,0,0.124022,17,5
301,20,-115.00,-125.00,0,0.123650,15,6
302,20,-7.00,3.00,0,0.123279,12,2
303,20,-19.00,15.00,0,0.122909,11,1
304,20,15.00,5.00,0,0.122540,11,3
305,20,25.00,35.00,0,0.122173,11,0
306,20,15.00,5.00,0,0.121806,11,2
307,0,0.00,0.00,1,0.121441,0,0
308,2,100.00,100.00,1,0.121076,0,0
309,4,88.00,37.00,1,0.120713,2,0
310,20,-135.00,-105.00,0,0.120351,15,6
311,20,-110.00,-130.00,0,0.119990,16,4
312,0,0.00,0.00,1,0.119630,0,0
313,2,49.00,39.00,1,0.119271,1,1
314,20,15.00,25.00,0,0.118913,10,0
315,20,-68.00,-28.00,0,0.118556,14,1
316,20,-14.00,6.00,0,0.118201,11,2
317,20,-29.00,3.00,0,0.117846,12,1
318,2,100.00,100.00,1,0.117493,0,0
319,4,88.00,37.00,1,0.117140,2,0
320,20,-160.00,-80.00,0,0.116789,18,3
321,20,-130.00,-110.00,0,0.116438,14,6
322,20,17.00,27.00,0,0.116089,10,1
323,3,38.00,128.00,1,0.115741,1,0
324,20,17.00,27.00,0,0.115394,10,1
325,20,-36.00,-36.00,0,0.115047,13,1
326,20,32.00,52.00,0,0.114702,10,3
327,1,50.00,50.00,1,0.114358,0,0
328,2,100.00,100.00,1,0.114015,0,0
329,5,77.00,36.00,1,0.113673,3,1
330,20,-145.00,-95.00,0,0.113332,15,5
331,20,-165.00,-75.00,0,0.112992,17,6
332,20,-9.00,-63.00,0,0.112653,11,1
333,3,38.00,58.00,1,0.112315,1,1
334,20,91.00,81.00,0,0.111978,10,2
335,20,-86.00,-66.00,0,0.111642,13,3
336,20,74.00,54.00,0,0.111307,10,1
337,1,50.00,50.00,1,0.110973,0,0
338,2,100.00,100.00,1,0.110640,0,0
339,4,88.00,37.00,1,0.110308,2,0
340,20,-135.00,-105.00,0,0.109978,17,4
341,20,-130.00,-110.00,0,0.109648,14,6
342,2,100.00,49.00,1,0.109319,0,0
343,0,0.00,0.00,1,0.108991,0,0
344,20,78.00,78.00,0,0.108664,9,0
345,20,13.00,23.00,0,0.108338,12,2
346,20,44.00,64.00,0,0.108013,11,1
347,6,86.00,15.00,1,0.107689,4,2
348,3,99.00,89.00,1,0.107366,1,1
349,4,88.00,37.00,1,0.107044,2,0
350,20,-140.00,-100.00,0,0.106722,16,5
351,20,-145.00,-95.00,0,0.106402,19,5
352,1,50.00,50.00,1,0.106083,0,0
353,20,22.00,42.00,0,0.105765,10,1
354,20,78.00,78.00,0,0.105448,9,0
355,20,3.00,13.00,0,0.105131,13,4
356,20,64.00,64.00,0,0.104816,10,1
357,1,50.00,50.00,1,0.104501,0,0
358,6,47.00,100.00,1,0.104188,2,0
359,4,88.00,37.00,1,0.103875,2,0
360,20,-105.00,-135.00,0,0.103564,15,7
361,20,-115.00,-125.00,0,0.103253,17,3
362,0,0.00,0.00,1,0.102943,0,0
363,20,15.00,25.00,0,0.102634,10,1
364,20,78.00,78.00,0,0.102326,9,0
365,20,15.00,25.00,0,0.102019,10,2
366,20,10.00,10.00,0,0.101713,10,2
367,0,0.00,0.00,1,0.101408,0,0
368,2,100.00,100.00,1,0.101104,0,0
369,4,88.00,37.00,1,0.100801,2,0
370,20,-125.00,-115.00,0,0.100498,17,5
371,20,-100.00,-140.00,0,0.100197,16,4
372,20,45.00,65.00,0,0.099896,10,1
373,0,0.00,0.00,1,0.099597,0,0
374,20,13.00,3.00,0,0.099298,11,3
375,20,-29.00,-19.00,0,0.099000,11,1
376,20,76.00,56.00,0,0.098703,10,1
377,20,44.00,44.00,0,0.098407,10,1
378,2,100.00,100.00,1,0.098112,0,0
379,4,88.00,37.00,1,0.097817,2,0
380,20,-100.00,-140.00,0,0.097524,14,7
381,20,-105.00,-135.00,0,0.097231,17,4
382,3,38.00,88.00,1,0.096940,1,0
383,20,-21.00,-51.00,0,0.096649,12,1
384,20,17.00,27.00,0,0.096359,10,1
385,20,42.00,62.00,0,0.096070,11,0
386,20,76.00,56.00,0,0.095781,10,1
387,20,11.00,-139.00,0,0.095494,19,0
388,3,99.00,89.00,1,0.095208,1,1
389,4,88.00,37.00,1,0.094922,2,0
390,20,-105.00,-135.00,0,0.094637,15,6
391,20,-100.00,-140.00,0,0.094353,14,6
392,2,100.00,100.00,1,0.094070,0,0
393,20,-125.00,-115.00,0,0.093788,17,5
394,20,0.00,20.00,0,0.093507,10,3
395,20,-24.00,-24.00,0,0.093226,12,1
396,20,25.00,-5.00,0,0.092946,11,0
397,20,-105.00,-135.00,0,0.092668,15,5
398,4,49.00,100.00,1,0.092390,1,0
399,4,88.00,37.00,1,0.092112,2,0
400,20,-110.00,-130.00,0,0.091836,16,6
401,20,-95.00,-145.00,0,0.091561,17,6
402,20,-100.00,-140.00,0,0.091286,16,5
403,20,-110.00,-130.00,0,0.091012,16,4
404,20,27.00,17.00,0,0.090739,10,1
405,20,-12.00,28.00,0,0.090467,12,2
406,20,27.00,17.00,0,0.090195,10,0
407,20,-27.00,-7.00,0,0.089925,12,1
408,2,100.00,100.00,1,0.089655,0,0
409,4,88.00,37.00,1,0.089386,2,0
410,20,-110.00,-130.00,0,0.089118,16,5
411,20,-95.00,-145.00,0,0.088851,17,6
412,0,0.00,0.00,1,0.088584,0,0
413,0,0.00,0.00,1,0.088318,0,0
414,20,78.00,78.00,0,0.088053,9,0
415,20,13.00,23.00,0,0.087789,12,2
416,20,27.00,17.00,0,0.087526,10,0
417,3,99.00,89.00,1,0.087263,1,1
418,2,100.00,100.00,1,0.087001,0,0
419,4,88.00,37.00,1,0.086740,2,0
420,20,-90.00,-150.00,0,0.086480,16,5
421,20,-100.00,-140.00,0,0.086221,16,4
422,3,128.00,38.00,1,0.085962,1,0
423,3,99.00,104.00,1,0.085704,0,0
424,20,-5.00,25.00,0,0.085447,11,3
425,20,25.00,15.00,0,0.085191,12,0
426,20,27.00,17.00,0,0.084935,10,0
427,20,-46.00,-26.00,0,0.084680,13,1
428,2,100.00,100.00,1,0.084426,0,0
429,4,88.00,37.00,1,0.084173,2,0
430,20,-105.00,-135.00,0,0.083921,15,7
431,20,-95.00,-145.00,0,0.083669,17,4
432,1,50.00,50.00,1,0.083418,0,0
433,20,-105.00,-135.00,0,0.083168,17,6
434,20,78.00,78.00,0,0.082918,9,0
435,20,27.00,37.00,0,0.082669,11,0
436,20,13.00,3.00,0,0.082421,9,2
437,5,58.00,99.00,1,0.082174,1,1
438,2,100.00,100.00,1,0.081927,0,0
439,4,88.00,37.00,1,0.081682,2,0
440,20,-120.00,-120.00,0,0.081437,16,4
441,20,-110.00,-130.00,0,0.081192,16,6
442,0,0.00,0.00,1,0.080949,0,0
443,20,-60.00,-60.00,0,0.080706,15,0
444,20,56.00,76.00,0,0.080464,10,2
445,20,-60.00,-20.00,0,0.080222,13,1
446,20,-24.00,-24.00,0,0.079982,12,0
447,20,20.00,39.00,0,0.079742,10,0
448,2,100.00,100.00,1,0.079503,0,0
449,5,87.00,26.00,1,0.079264,3,1
450,20,-125.00,-115.00,0,0.079026,15,6
451,20,-115.00,-125.00,0,0.078789,17,3
452,20,0.00,0.00,0,0.078553,10,0
453,20,-105.00,-135.00,0,0.078317,15,6
454,20,64.00,44.00,0,0.078082,11,2
455,20,27.00,37.00,0,0.077848,11,0
456,20,42.00,22.00,0,0.077614,11,0
457,2,39.00,89.00,1,0.077382,1,0
458,4,127.00,27.00,1,0.077149,2,0
459,4,88.00,37.00,1,0.076918,2,0
460,20,-110.00,-130.00,0,0.076687,14,8
461,20,-135.00,-105.00,0,0.076457,17,3
462,0,0.00,0.00,1,0.076228,0,0
463,1,50.00,4.00,1,0.075999,0,0
464,20,78.00,78.00,0,0.075771,9,0
465,20,27.00,37.00,0,0.075544,11,0
466,20,44.00,44.00,0,0.075317,10,0
467,20,-84.00,-35.00,0,0.075091,13,1
468,2,100.00,100.00,1,0.074866,0,0
469,4,88.00,37.00,1,0.074641,2,0
470,20,-105.00,-135.00,0,0.074417,15,5
471,20,-130.00,-110.00,0,0.074194,18,2
472,2,100.00,100.00,1,0.073972,0,0
473,20,-130.00,-110.00,0,0.073750,16,5
474,20,54.00,74.00,0,0.073528,10,0
475,20,-26.00,-26.00,0,0.073308,12,1
476,20,20.00,0.00,0,0.073088,10,2
477,4,88.00,42.00,1,0.072869,2,0
478,2,100.00,100.00,1,0.072650,0,0
479,4,88.00,37.00,1,0.072432,2,0
480,20,-100.00,-140.00,0,0.072215,16,5
481,20,-125.00,-115.00,0,0.071998,15,6
482,20,-11.00,-11.00,0,0.071782,10,0
483,3,50.00,99.00,1,0.071567,1,0
484,20,78.00,78.00,0,0.071352,9,0
485,20,27.00,37.00,0,0.071138,11,0
486,20,74.00,34.00,0,0.070925,11,3
487,20,-100.00,-140.00,0,0.070712,14,7
488,2,100.00,100.00,1,0.070500,0,0
489,4,88.00,37.00,1,0.070288,2,0
490,20,-140.00,-100.00,0,0.070077,14,6
491,20,-130.00,-110.00,0,0.069867,18,5
492,3,28.00,88.00,1,0.069658,2,1
493,4,100.00,98.00,1,0.069449,1,0
494,20,-2.00,-2.00,0,0.069240,11,5
495,20,-24.00,-24.00,0,0.069033,12,1
496,20,23.00,-7.00,0,0.068825,11,0
497,20,38.00,28.00,0,0.068619,10,1
498,2,100.00,100.00,1,0.068413,0,0
499,4,88.00,37.00,1,0.068208,2,0
500,20,-120.00,-120.00,0,0.068003,14,7
501,20,-125.00,-115.00,0,0.067799,17,4
502,0,0.00,0.00,1,0.067596,0,0
503,20,-110.00,-130.00,0,0.067393,14,6
504,20,25.00,15.00,0,0.067191,10,1
505,20,27.00,37.00,0,0.066989,11,0
506,20,71.00,61.00,0,0.066788,9,1
507,3,99.00,104.00,1,0.066588,0,0
508,2,100.00,100.00,1,0.066388,0,0
509,4,88.00,37.00,1,0.066189,2,0
510,20,-125.00,-115.00,0,0.065990,15,5
511,20,-110.00,-130.00,0,0.065792,14,6
512,2,100.00,49.00,1,0.065595,0,0
513,2,100.00,49.00,1,0.065398,0,0
514,20,78.00,78.00,0,0.065202,9,0
515,20,27.00,37.00,0,0.065007,11,0
516,20,30.00,30.00,0,0.064811,11,2
517,3,89.00,99.00,1,0.064617,1,0
518,4,127.00,27.00,1,0.064423,2,0
519,4,88.00,37.00,1,0.064230,2,0
520,20,-120.00,-120.00,0,0.064037,14,6
521,20,-135.00,-105.00,0,0.063845,15,5
522,3,94.00,58.00,1,0.063654,0,1
523,20,-105.00,-135.00,0,0.063463,17,3
524,20,22.00,22.00,0,0.063272,9,1
525,20,27.00,37.00,0,0.063082,11,0
526,20,27.00,17.00,0,0.062893,10,0
527,20,-120.00,-120.00,0,0.062705,12,8
528,2,100.00,100.00,1,0.062516,0,0
529,4,88.00,37.00,1,0.062329,2,0
530,20,-135.00,-105.00,0,0.062142,15,5
531,20,-115.00,-125.00,0,0.061955,15,6
532,2,100.00,100.00,1,0.061770,0,0
533,1,50.00,50.00,1,0.061584,0,0
534,20,25.00,15.00,0,0.061400,10,1
535,20,-29.00,-19.00,0,0.061215,11,1
536,20,27.00,17.00,0,0.061032,10,0
537,20,39.00,49.00,0,0.060849,10,0
538,2,100.00,100.00,1,0.060666,0,0
539,4,88.00,37.00,1,0.060484,2,0
540,20,-120.00,-120.00,0,0.060303,16,4
541,20,-125.00,-115.00,0,0.060122,15,5
542,0,0.00,0.00,1,0.059941,0,0
543,0,0.00,0.00,1,0.059761,0,0
544,20,45.00,65.00,0,0.059582,10,1
545,20,27.00,37.00,0,0.059403,11,0
546,20,27.00,17.00,0,0.059225,10,0
547,20,-34.00,-14.00,0,0.059048,12,0
548,2,100.00,100.00,1,0.058870,0,0
549,4,88.00,37.00,1,0.058694,2,0
550,20,-120.00,-120.00,0,0.058518,16,4
551,20,-140.00,-100.00,0,0.058342,14,6
552,2,54.00,100.00,1,0.058167,0,0
553,20,-90.00,-150.00,0,0.057993,12,8
554,20,20.00,0.00,0,0.057819,10,1
555,20,10.00,30.00,0,0.057645,11,2
556,20,32.00,32.00,0,0.057472,11,0
557,20,-7.00,-17.00,0,0.057300,10,1
558,2,100.00,100.00,1,0.057128,0,0
559,4,88.00,37.00,1,0.056957,2,0
560,20,-130.00,-110.00,0,0.056786,16,6
561,20,-115.00,-125.00,0,0.056615,15,6
562,20,-121.00,-111.00,0,0.056445,16,1
563,20,-140.00,-100.00,0,0.056276,16,6
564,20,39.00,69.00,0,0.056107,10,2
565,20,25.00,35.00,0,0.055939,11,0
566,20,76.00,56.00,0,0.055771,10,1
567,20,-84.00,-84.00,0,0.055604,9,8
568,2,100.00,100.00,1,0.055437,0,0
569,6,66.00,35.00,1,0.055271,4,0
570,20,-120.00,-120.00,0,0.055105,14,7
571,20,-95.00,-145.00,0,0.054940,15,5
572,1,50.00,50.00,1,0.054775,0,0
573,3,104.00,89.00,1,0.054610,1,0
574,20,15.00,25.00,0,0.054447,10,1
575,20,27.00,37.00,0,0.054283,11,0
576,20,27.00,17.00,0,0.054120,10,0
577,20,-24.00,-24.00,0,0.053958,12,1
578,2,100.00,100.00,1,0.053796,0,0
579,4,88.00,37.00,1,0.053635,2,0
580,20,-120.00,-120.00,0,0.053474,16,5
581,20,-135.00,-105.00,0,0.053314,17,4
582,20,0.00,0.00,0,0.053154,10,0
583,0,0.00,0.00,1,0.052994,0,0
584,20,17.00,27.00,0,0.052835,10,1
585,20,27.00,37.00,0,0.052677,11,0
586,20,-26.00,-46.00,0,0.052519,13,0
587,20,-100.00,-140.00,0,0.052361,14,6
588,2,100.00,100.00,1,0.052204,0,0
589,4,88.00,37.00,1,0.052047,2,0
590,20,-90.00,-150.00,0,0.051891,16,4
591,20,-135.00,-105.00,0,0.051736,15,6
592,20,-56.00,46.00,0,0.051580,14,1
593,2,100.00,89.00,1,0.051426,0,0
594,20,61.00,71.00,0,0.051271,9,2
595,20,-29.00,-19.00,0,0.051117,11,1
596,20,27.00,17.00,0,0.050964,10,0
597,20,37.00,27.00,0,0.050811,11,1
598,2,100.00,100.00,1,0.050659,0,0
599,4,88.00,37.00,1,0.050507,2,0
600,20,-105.00,-135.00,0,0.050355,15,5
601,20,-115.00,-125.00,0,0.050204,15,6
602,2,100.00,54.00,1,0.050054,0,0
603,1,4.00,50.00,1,0.049903,0,0
604,20,78.00,78.00,0,0.049754,9,0
605,20,27.00,37.00,0,0.049605,11,0
606,20,13.00,3.00,0,0.049456,11,2
607,20,-9.00,-19.00,0,0.049307,10,1
608,2,100.00,100.00,1,0.049159,0,0
609,4,88.00,37.00,1,0.049012,2,0
610,20,-150.00,-90.00,0,0.048865,16,5
611,20,-100.00,-140.00,0,0.048718,14,6
612,20,-12.00,-12.00,0,0.048572,11,0
613,20,-95.00,47.00,0,0.048426,13,0
614,20,17.00,27.00,0,0.048281,10,1
615,20,27.00,37.00,0,0.048136,11,0
616,20,27.00,17.00,0,0.047992,10,0
617,20,-140.00,-100.00,0,0.047848,16,4
618,2,100.00,100.00,1,0.047704,0,0
619,4,88.00,37.00,1,0.047561,2,0
620,20,-135.00,-105.00,0,0.047419,13,8
621,20,-150.00,-90.00,0,0.047276,16,6
622,20,-86.00,-106.00,0,0.047134,8,12
623,0,0.00,0.00,1,0.046993,0,0
624,20,22.00,22.00,0,0.046852,9,1
625,20,27.00,37.00,0,0.046712,11,0
626,20,66.00,66.00,0,0.046571,10,1
627,3,89.00,99.00,1,0.046432,1,0
628,2,100.00,100.00,1,0.046292,0,0
629,4,88.00,37.00,1,0.046154,2,0
630,20,-95.00,-145.00,0,0.046015,17,4
631,20,-130.00,-110.00,0,0.045877,16,4
632,1,4.00,50.00,1,0.045739,0,0
633,3,89.00,99.00,1,0.045602,1,0
634,20,22.00,22.00,0,0.045465,9,1
635,20,78.00,118.00,0,0.045329,11,0
636,20,95.00,125.00,0,0.045193,10,0
637,20,95.00,125.00,0,0.045057,10,0
638,2,100.00,100.00,1,0.044922,0,0
639,4,88.00,37.00,1,0.044787,2,0
640,20,-140.00,-100.00,0,0.044653,16,7
641,20,-100.00,-140.00,0,0.044519,14,8
642,2,39.00,89.00,1,0.044386,1,0
643,20,-12.00,-12.00,0,0.044252,11,1
644,20,85.00,135.00,0,0.044120,10,0
645,20,45.00,105.00,0,0.043987,12,1
646,20,139.00,169.00,0,0.043855,9,1
647,20,-140.00,-100.00,0,0.043724,16,5
648,2,100.00,100.00,1,0.043593,0,0
649,4,88.00,37.00,1,0.043462,2,0
650,20,-105.00,-135.00,0,0.043331,15,5
651,20,-130.00,-110.00,0,0.043201,14,6
652,20,-36.00,16.00,0,0.043072,13,0
653,0,0.00,0.00,1,0.042943,0,0
654,20,95.00,125.00,0,0.042814,10,1
655,20,45.00,105.00,0,0.042685,12,1
656,20,95.00,125.00,0,0.042557,10,0
657,20,-110.00,-130.00,0,0.042430,16,5
658,2,100.00,100.00,1,0.042302,0,0
659,4,88.00,37.00,1,0.042175,2,0
660,20,-130.00,-110.00,0,0.042049,14,7
661,20,-115.00,-125.00,0,0.041923,15,5
662,20,7.00,77.00,0,0.041797,12,0
663,20,-130.00,-110.00,0,0.041672,16,5
664,20,85.00,135.00,0,0.041547,10,0
665,20,50.00,100.00,0,0.041422,11,1
666,20,65.00,105.00,0,0.041298,11,0
667,1,50.00,4.00,1,0.041174,0,0
668,2,100.00,100.00,1,0.041050,0,0
669,4,88.00,37.00,1,0.040927,2,0
670,20,-105.00,-135.00,0,0.040804,17,4
671,20,-125.00,-115.00,0,0.040682,15,6
672,2,100.00,89.00,1,0.040560,0,0
673,2,44.00,8.00,1,0.040438,0,1
674,20,85.00,135.00,0,0.040317,10,0
675,20,27.00,57.00,0,0.040196,12,1
676,20,95.00,125.00,0,0.040075,10,0
677,20,-130.00,-110.00,0,0.039955,14,7
678,2,100.00,100.00,1,0.039835,0,0
679,4,88.00,37.00,1,0.039716,2,0
680,20,-125.00,-115.00,0,0.039597,15,6
681,20,-120.00,-120.00,0,0.039478,16,5
682,20,-99.00,-229.00,0,0.039359,20,2
683,0,0.00,0.00,1,0.039241,0,0
684,20,95.00,125.00,0,0.039124,10,1
685,20,95.00,145.00,0,0.039006,11,0
686,20,95.00,125.00,0,0.038889,10,0
687,2,39.00,89.00,1,0.038773,1,0
688,4,49.00,100.00,1,0.038656,1,0
689,4,88.00,37.00,1,0.038540,2,0
690,20,-125.00,-115.00,0,0.038425,15,8
691,20,-120.00,-120.00,0,0.038309,14,7
692,20,-45.00,-35.00,0,0.038194,7,10
693,20,-125.00,-115.00,0,0.038080,17,4
694,20,85.00,135.00,0,0.037966,10,0
695,20,95.00,145.00,0,0.037852,11,0
696,20,104.00,134.00,0,0.037738,10,0
697,0,0.00,0.00,1,0.037625,0,0
698,2,100.00,100.00,1,0.037512,0,0
699,4,88.00,37.00,1,0.037400,2,0
700,20,-125.00,-115.00,0,0.037287,15,5
701,20,-135.00,-105.00,0,0.037175,15,6
702,20,-56.00,-56.00,0,0.037064,10,1
703,0,0.00,0.00,1,0.036953,0,0
704,20,85.00,135.00,0,0.036842,10,0
705,20,95.00,145.00,0,0.036731,11,0
706,20,34.00,94.00,0,0.036621,12,0
707,20,-79.00,-249.00,0,0.036511,20,0
708,2,100.00,100.00,1,0.036402,0,0
709,4,88.00,37.00,1,0.036293,2,0
710,20,-135.00,-105.00,0,0.036184,15,6
711,20,-135.00,-105.00,0,0.036075,17,5
712,2,39.00,89.00,1,0.035967,1,0
713,4,88.00,42.00,1,0.035859,2,0
714,20,85.00,135.00,0,0.035751,10,0
715,20,54.00,74.00,0,0.035644,12,3
716,20,144.00,164.00,0,0.035537,10,1
717,20,-110.00,-130.00,0,0.035431,16,4
718,2,100.00,100.00,1,0.035324,0,0
719,4,88.00,37.00,1,0.035218,2,0
720,20,-110.00,-130.00,0,0.035113,16,5
721,20,-110.00,-130.00,0,0.035007,14,6
722,20,44.00,67.00,0,0.034902,12,0
723,20,85.00,135.00,0,0.034798,10,0
724,20,85.00,135.00,0,0.034693,10,0
725,20,95.00,145.00,0,0.034589,11,0
726,20,74.00,94.00,0,0.034485,10,0
727,1,50.00,50.00,1,0.034382,0,0
728,2,100.00,100.00,1,0.034279,0,0
729,4,88.00,37.00,1,0.034176,2,0
730,20,-155.00,-85.00,0,0.034073,15,7
731,20,-90.00,-150.00,0,0.033971,16,7
732,20,85.00,135.00,0,0.033869,10,0
733,20,-125.00,-115.00,0,0.033768,15,6
734,20,85.00,135.00,0,0.033666,10,0
735,20,27.00,57.00,0,0.033565,12,1
736,20,95.00,125.00,0,0.033465,10,0
737,20,-5.00,-43.00,0,0.033364,13,0
738,2,100.00,100.00,1,0.033264,0,0
739,4,88.00,37.00,1,0.033164,2,0
740,20,-125.00,-115.00,0,0.033065,15,6
741,20,-120.00,-120.00,0,0.032966,16,5
742,20,0.00,0.00,0,0.032867,10,0
743,20,85.00,135.00,0,0.032768,10,0
744,20,85.00,135.00,0,0.032670,10,0
745,20,15.00,65.00,0,0.032572,12,1
746,20,95.00,125.00,0,0.032474,10,0
747,20,-145.00,-95.00,0,0.032377,15,7
748,2,100.00,100.00,1,0.032280,0,0
749,4,88.00,37.00,1,0.032183,2,0
750,20,-105.00,-135.00,0,0.032086,13,8
751,20,-140.00,-100.00,0,0.031990,16,6
752,3,99.00,43.00,1,0.031894,1,0
753,20,-160.00,-80.00,0,0.031798,20,0
754,20,85.00,135.00,0,0.031703,10,1
755,20,95.00,145.00,0,0.031608,11,0
756,20,95.00,125.00,0,0.031513,10,0
757,3,128.00,38.00,1,0.031418,1,0
758,2,100.00,100.00,1,0.031324,0,0
759,4,88.00,37.00,1,0.031230,2,0
760,20,-125.00,-115.00,0,0.031137,17,5
761,20,-150.00,-90.00,0,0.031043,16,5
762,3,104.00,89.00,1,0.030950,1,0
763,20,95.00,125.00,0,0.030857,10,0
764,20,85.00,135.00,0,0.030765,10,0
765,20,95.00,145.00,0,0.030672,11,0
766,20,95.00,125.00,0,0.030580,10,0
767,1,50.00,50.00,1,0.030489,0,0
768,2,100.00,100.00,1,0.030397,0,0
769,4,88.00,37.00,1,0.030306,2,0
770,20,-130.00,-110.00,0,0.030215,14,9
771,20,-105.00,-135.00,0,0.030124,17,3
772,0,0.00,0.00,1,0.030034,0,0
773,3,89.00,99.00,1,0.029944,1,0
774,20,144.00,184.00,0,0.029854,9,0
775,20,95.00,145.00,0,0.029764,11,0
776,20,84.00,134.00,0,0.029675,11,2
777,0,0.00,0.00,1,0.029586,0,0
778,3,94.00,94.00,1,0.029497,0,1
779,5,87.00,26.00,1,0.029409,3,1
780,20,-105.00,-135.00,0,0.029321,15,6
781,20,-110.00,-130.00,0,0.029233,16,6
782,0,0.00,0.00,1,0.029145,0,0
783,2,54.00,100.00,1,0.029058,0,0
784,20,85.00,135.00,0,0.028970,10,0
785,20,95.00,145.00,0,0.028883,11,0
786,20,95.00,125.00,0,0.028797,10,0
787,20,51.00,101.00,0,0.028710,10,1
788,2,100.00,100.00,1,0.028624,0,0
789,4,88.00,37.00,1,0.028538,2,0
790,20,-135.00,-105.00,0,0.028453,17,6
791,20,-150.00,-90.00,0,0.028367,14,9
792,0,0.00,0.00,1,0.028282,0,0
793,20,85.00,135.00,0,0.028198,10,0
794,20,144.00,164.00,0,0.028113,10,2
795,20,95.00,145.00,0,0.028029,11,0
796,20,134.00,174.00,0,0.027944,10,1
797,1,4.00,50.00,1,0.027861,0,0
798,2,100.00,100.00,1,0.027777,0,0
799,4,88.00,37.00,1,0.027694,2,0
800,20,-90.00,-150.00,0,0.027611,16,5
801,20,-125.00,-115.00,0,0.027528,17,5
802,2,100.00,100.00,1,0.027445,0,0
803,20,-88.00,-8.00,0,0.027363,14,0
804,20,85.00,135.00,0,0.027281,10,0
805,20,95.00,145.00,0,0.027199,11,0
806,20,144.00,164.00,0,0.027117,10,1
807,20,54.00,94.00,0,0.027036,11,0
808,2,100.00,100.00,1,0.026955,0,0
809,4,88.00,37.00,1,0.026874,2,0
810,20,-135.00,-105.00,0,0.026793,15,7
811,20,-130.00,-110.00,0,0.026713,14,6
812,20,44.00,67.00,0,0.026633,12,0
813,20,-85.00,-155.00,0,0.026553,17,4
814,20,85.00,135.00,0,0.026473,10,0
815,20,95.00,145.00,0,0.026394,11,0
816,20,106.00,136.00,0,0.026315,10,0
817,0,0.00,0.00,1,0.026236,0,0
818,2,100.00,100.00,1,0.026157,0,0
819,4,88.00,37.00,1,0.026079,2,0
820,20,-115.00,-125.00,0,0.026000,15,6
821,20,-140.00,-100.00,0,0.025922,16,7
822,20,89.00,129.00,0,0.025845,10,1
823,2,49.00,100.00,1,0.025767,0,0
824,20,85.00,135.00,0,0.025690,10,1
825,20,95.00,145.00,0,0.025613,11,0
826,20,15.00,45.00,0,0.025536,13,1
827,2,100.00,54.00,1,0.025459,0,0
828,2,100.00,100.00,1,0.025383,0,0
829,4,88.00,37.00,1,0.025307,2,0
830,20,-120.00,-120.00,0,0.025231,16,6
831,20,-125.00,-115.00,0,0.025155,13,7
832,1,50.00,50.00,1,0.025080,0,0
833,20,0.00,0.00,0,0.025004,10,0
834,20,95.00,125.00,0,0.024929,10,1
835,20,45.00,105.00,0,0.024855,12,1
836,20,74.00,54.00,0,0.024780,12,0
837,3,89.00,53.00,1,0.024706,1,0
838,2,100.00,100.00,1,0.024632,0,0
839,4,88.00,37.00,1,0.024558,2,0
840,20,-140.00,-100.00,0,0.024484,18,5
841,20,-105.00,-135.00,0,0.024411,15,7
842,20,17.00,67.00,0,0.024337,12,0
843,20,-74.00,-23.00,0,0.024264,13,0
844,20,85.00,135.00,0,0.024192,10,0
845,20,95.00,145.00,0,0.024119,11,0
846,20,95.00,125.00,0,0.024047,10,0
847,1,4.00,50.00,1,0.023974,0,0
848,4,27.00,127.00,1,0.023903,2,0
849,4,88.00,37.00,1,0.023831,2,0
850,20,-120.00,-120.00,0,0.023759,16,6
851,20,-100.00,-140.00,0,0.023688,14,6
852,0,0.00,0.00,1,0.023617,0,0
853,4,88.00,37.00,1,0.023546,2,0
854,20,85.00,135.00,0,0.023476,10,0
855,20,-5.00,65.00,0,0.023405,13,2
856,20,95.00,125.00,0,0.023335,10,0
857,1,4.00,50.00,1,0.023265,0,0
858,2,100.00,100.00,1,0.023195,0,0
859,4,88.00,37.00,1,0.023126,2,0
860,20,-150.00,-90.00,0,0.023056,16,6
861,20,-120.00,-120.00,0,0.022987,16,7
862,20,56.00,96.00,0,0.022918,11,0
863,20,-90.00,-150.00,0,0.022849,16,5
864,20,85.00,135.00,0,0.022781,10,0
865,20,95.00,145.00,0,0.022712,11,0
866,20,95.00,125.00,0,0.022644,10,0
867,1,50.00,50.00,1,0.022576,0,0
868,2,100.00,100.00,1,0.022509,0,0
869,4,88.00,37.00,1,0.022441,2,0
870,20,-140.00,-100.00,0,0.022374,16,7
871,20,-105.00,-135.00,0,0.022307,15,6
872,1,50.00,50.00,1,0.022240,0,0
873,20,35.00,57.00,0,0.022173,12,0
874,20,85.00,135.00,0,0.022106,10,0
875,20,95.00,145.00,0,0.022040,11,0
876,20,95.00,125.00,0,0.021974,10,0
877,20,57.00,97.00,0,0.021908,10,0
878,2,100.00,100.00,1,0.021842,0,0
879,4,88.00,37.00,1,0.021777,2,0
880,20,-130.00,-110.00,0,0.021711,16,7
881,20,-125.00,-115.00,0,0.021646,17,5
882,20,85.00,155.00,0,0.021581,11,1
883,20,-125.00,-115.00,0,0.021517,15,6
884,20,85.00,135.00,0,0.021452,10,0
885,20,45.00,105.00,0,0.021388,12,1
886,20,95.00,125.00,0,0.021324,10,0
887,20,85.00,135.00,0,0.021260,10,0
888,2,100.00,100.00,1,0.021196,0,0
889,4,88.00,37.00,1,0.021132,2,0
890,20,-125.00,-115.00,0,0.021069,13,7
891,20,-150.00,-90.00,0,0.021006,16,5
892,20,0.00,0.00,0,0.020943,10,0
893,20,85.00,135.00,0,0.020880,10,0
894,20,85.00,135.00,0,0.020817,10,0
895,20,95.00,145.00,0,0.020755,11,0
896,20,104.00,134.00,0,0.020692,10,0
897,0,0.00,0.00,1,0.020630,0,0
898,2,100.00,100.00,1,0.020568,0,0
899,4,88.00,37.00,1,0.020507,2,0
900,20,-120.00,-120.00,0,0.020445,18,3
901,20,-120.00,-120.00,0,0.020384,16,6
902,20,-120.00,-120.00,0,0.020323,18,4
903,20,-155.00,-85.00,0,0.020262,15,6
904,20,85.00,135.00,0,0.020201,10,0
905,20,95.00,145.00,0,0.020140,11,0
906,20,95.00,125.00,0,0.020080,10,0
907,0,0.00,0.00,1,0.020020,0,0
908,2,100.00,100.00,1,0.019960,0,0
909,4,88.00,37.00,1,0.019900,2,0
910,20,-120.00,-120.00,0,0.019840,14,6
911,20,-125.00,-115.00,0,0.019781,15,5
912,0,0.00,0.00,1,0.019721,0,0
913,20,-135.00,-105.00,0,0.019662,15,5
914,20,146.00,186.00,0,0.019603,9,0
915,20,50.00,100.00,0,0.019544,11,1
916,20,95.00,125.00,0,0.019486,10,0
917,3,50.00,4.00,1,0.019427,1,0
918,2,100.00,100.00,1,0.019369,0,0
919,4,88.00,37.00,1,0.019311,2,0
920,20,-145.00,-95.00,0,0.019253,17,3
921,20,-120.00,-120.00,0,0.019195,16,6
922,20,85.00,135.00,0,0.019138,10,0
923,20,-140.00,-100.00,0,0.019080,16,4
924,20,85.00,135.00,0,0.019023,10,1
925,20,5.00,55.00,0,0.018966,13,2
926,20,95.00,125.00,0,0.018909,10,0
927,20,10.00,30.00,0,0.018852,11,1
928,2,100.00,100.00,1,0.018796,0,0
929,4,88.00,37.00,1,0.018739,2,0
930,20,-105.00,-135.00,0,0.018683,15,6
931,20,-140.00,-100.00,0,0.018627,16,5
932,3,38.00,128.00,1,0.018571,1,0
933,2,100.00,100.00,1,0.018515,0,0
934,20,85.00,135.00,0,0.018460,10,1
935,20,95.00,145.00,0,0.018404,11,0
936,20,134.00,174.00,0,0.018349,10,1
937,2,54.00,100.00,1,0.018294,0,0
938,2,100.00,100.00,1,0.018239,0,0
939,4,88.00,37.00,1,0.018185,2,0
940,20,-135.00,-105.00,0,0.018130,17,3
941,20,-130.00,-110.00,0,0.018076,16,5
942,1,4.00,50.00,1,0.018021,0,0
943,20,85.00,135.00,0,0.017967,10,0
944,20,85.00,135.00,0,0.017913,10,0
945,20,50.00,100.00,0,0.017860,11,1
946,20,84.00,134.00,0,0.017806,11,0
947,20,-140.00,-100.00,0,0.017753,16,4
948,2,100.00,100.00,1,0.017699,0,0
949,4,88.00,37.00,1,0.017646,2,0
950,20,-125.00,-115.00,0,0.017593,15,5
951,20,-130.00,-110.00,0,0.017541,18,2
952,20,85.00,135.00,0,0.017488,10,0
953,20,22.00,42.00,0,0.017436,10,1
954,20,85.00,135.00,0,0.017383,10,0
955,20,95.00,145.00,0,0.017331,11,0
956,20,144.00,164.00,0,0.017279,10,1
957,20,0.00,0.00,0,0.017227,10,0
958,2,100.00,100.00,1,0.017176,0,0
959,4,88.00,37.00,1,0.017124,2,0
960,20,-115.00,-125.00,0,0.017073,17,3
961,20,-140.00,-100.00,0,0.017021,16,4
962,2,49.00,100.00,1,0.016970,0,0
963,3,4.00,50.00,1,0.016920,1,0
964,20,85.00,135.00,0,0.016869,10,0
965,20,45.00,105.00,0,0.016818,12,1
966,20,95.00,125.00,0,0.016768,10,0
967,3,38.00,128.00,1,0.016717,1,0
968,2,100.00,100.00,1,0.016667,0,0
969,4,88.00,37.00,1,0.016617,2,0
970,20,-125.00,-115.00,0,0.016567,15,5
971,20,-130.00,-110.00,0,0.016518,18,2
972,20,-135.00,-105.00,0,0.016468,15,5
973,2,100.00,89.00,1,0.016419,0,0
974,20,95.00,125.00,0,0.016369,10,1
975,20,95.00,145.00,0,0.016320,11,0
976,20,95.00,125.00,0,0.016271,10,0
977,3,99.00,38.00,1,0.016223,1,0
978,2,100.00,100.00,1,0.016174,0,0
979,4,88.00,37.00,1,0.016125,2,0
980,20,-140.00,-100.00,0,0.016077,18,2
981,20,-135.00,-105.00,0,0.016029,15,5
982,2,49.00,89.00,1,0.015981,0,0
983,20,46.00,106.00,0,0.015933,11,1
984,20,85.00,135.00,0,0.015885,10,0
985,20,45.00,105.00,0,0.015837,12,1
986,20,95.00,125.00,0,0.015790,10,0
987,3,128.00,38.00,1,0.015742,1,0
988,2,100.00,100.00,1,0.015695,0,0
989,5,87.00,26.00,1,0.015648,3,1
990,20,-125.00,-115.00,0,0.015601,15,6
991,20,-120.00,-120.00,0,0.015554,16,4
992,20,46.00,106.00,0,0.015508,11,0
993,4,88.00,42.00,1,0.015461,2,0
994,20,85.00,135.00,0,0.015415,10,0
995,20,95.00,145.00,0,0.015369,11,0
996,20,95.00,125.00,0,0.015322,10,0
997,3,50.00,4.00,1,0.015276,1,0
998,2,100.00,100.00,1,0.015231,0,0
999,4,88.00,37.00,1,0.015185,2,0
1000,20,-130.00,-110.00,0,0.015139,16,4
1001,20,-150.00,-90.00,0,0.015094,18,2
1002,0,0.00,0.00,1,0.015049,0,0
1003,1,4.00,50.00,1,0.015004,0,0
1004,20,144.00,184.00,0,0.014959,9,0
1005,20,95.00,145.00,0,0.014914,11,0
1006,20,95.00,125.00,0,0.014869,10,0
1007,20,-130.00,-110.00,0,0.014824,16,4
1008,2,100.00,100.00,1,0.014780,0,0
1009,4,88.00,37.00,1,0.014736,2,0
1010,20,-135.00,-105.00,0,0.014691,17,3
1011,20,-120.00,-120.00,0,0.014647,16,5
1012,20,-145.00,-95.00,0,0.014603,19,2
1013,20,56.00,96.00,0,0.014559,11,0
1014,20,85.00,135.00,0,0.014516,10,0
1015,20,95.00,145.00,0,0.014472,11,0
1016,20,95.00,125.00,0,0.014429,10,0
1017,2,89.00,39.00,1,0.014386,1,0
1018,2,100.00,100.00,1,0.014342,0,0
1019,4,88.00,37.00,1,0.014299,2,0
1020,20,-130.00,-110.00,0,0.014256,16,4
1021,20,-135.00,-105.00,0,0.014214,15,5
1022,20,-115.00,-125.00,0,0.014171,17,3
1023,0,0.00,0.00,1,0.014129,0,0
1024,20,85.00,135.00,0,0.014086,10,0
1025,20,95.00,145.00,0,0.014044,11,0
1026,20,104.00,114.00,0,0.014002,11,0
1027,20,85.00,135.00,0,0.013960,10,0
1028,2,100.00,100.00,1,0.013918,0,0
1029,4,88.00,37.00,1,0.013876,2,0
1030,20,-150.00,-90.00,0,0.013834,18,2
1031,20,-115.00,-125.00,0,0.013793,17,3
1032,2,100.00,100.00,1,0.013752,0,0
1033,20,-175.00,-65.00,0,0.013710,17,3
1034,20,95.00,125.00,0,0.013669,10,1
1035,20,95.00,145.00,0,0.013628,11,0
1036,20,95.00,125.00,0,0.013587,10,0
1037,20,-29.00,21.00,0,0.013547,12,2
1038,2,100.00,100.00,1,0.013506,0,0
1039,4,88.00,37.00,1,0.013465,2,0
1040,20,-130.00,-110.00,0,0.013425,18,2
1041,20,-135.00,-105.00,0,0.013385,15,5
1042,2,49.00,100.00,1,0.013345,0,0
1043,20,-107.00,-77.00,0,0.013305,12,2
1044,20,85.00,135.00,0,0.013265,10,0
1045,20,95.00,145.00,0,0.013225,11,0
1046,20,84.00,134.00,0,0.013185,11,2
1047,0,0.00,0.00,1,0.013146,0,0
1048,2,100.00,100.00,1,0.013106,0,0
1049,5,77.00,36.00,1,0.013067,3,1
1050,20,-125.00,-115.00,0,0.013028,17,3
1051,20,-150.00,-90.00,0,0.012989,18,2
1052,20,-120.00,-120.00,0,0.012950,18,2
1053,0,0.00,0.00,1,0.012911,0,0
1054,20,85.00,135.00,0,0.012872,10,0
1055,20,95.00,145.00,0,0.012833,11,0
1056,20,95.00,125.00,0,0.012795,10,0
1057,20,-145.00,-95.00,0,0.012757,17,3
1058,2,100.00,100.00,1,0.012718,0,0
1059,4,88.00,37.00,1,0.012680,2,0
1060,20,-115.00,-125.00,0,0.012642,15,5
1061,20,-135.00,-105.00,0,0.012604,19,1
1062,20,34.00,6.00,0,0.012566,13,0
1063,2,89.00,39.00,1,0.012529,1,0
1064,20,85.00,135.00,0,0.012491,10,0
1065,20,95.00,145.00,0,0.012454,11,0
1066,20,144.00,164.00,0,0.012416,10,1
1067,4,49.00,54.00,1,0.012379,1,0
1068,2,100.00,100.00,1,0.012342,0,0
1069,4,88.00,37.00,1,0.012305,2,0
1070,20,-135.00,-105.00,0,0.012268,17,3
1071,20,-130.00,-110.00,0,0.012231,18,2
1072,20,-32.00,0.00,0,0.012194,14,1
1073,20,-135.00,-105.00,0,0.012158,17,3
1074,20,85.00,135.00,0,0.012121,10,0
1075,20,95.00,145.00,0,0.012085,11,0
1076,20,95.00,125.00,0,0.012049,10,0
1077,20,144.00,184.00,0,0.012013,9,0
1078,2,100.00,100.00,1,0.011977,0,0
1079,4,88.00,37.00,1,0.011941,2,0
1080,20,-135.00,-105.00,0,0.011905,15,5
1081,20,-145.00,-95.00,0,0.011869,17,3
1082,2,49.00,89.00,1,0.011833,0,0
1083,1,50.00,4.00,1,0.011798,0,0
1084,20,85.00,135.00,0,0.011763,10,0
1085,20,95.00,145.00,0,0.011727,11,0
1086,20,95.00,125.00,0,0.011692,10,0
1087,0,0.00,0.00,1,0.011657,0,0
1088,2,100.00,100.00,1,0.011622,0,0
1089,4,88.00,37.00,1,0.011587,2,0
1090,20,-105.00,-135.00,0,0.011552,17,3
1091,20,-115.00,-125.00,0,0.011518,19,1
1092,20,-140.00,-100.00,0,0.011483,16,4
1093,20,134.00,174.00,0,0.011449,10,0
1094,20,85.00,135.00,0,0.011414,10,0
1095,20,95.00,145.00,0,0.011380,11,0
1096,20,139.00,169.00,0,0.011346,9,1
1097,20,-145.00,-95.00,0,0.011312,17,3
1098,2,100.00,100.00,1,0.011278,0,0
1099,4,88.00,37.00,1,0.011244,2,0
1100,20,-130.00,-110.00,0,0.011210,18,2
1101,20,-135.00,-105.00,0,0.011177,17,3
1102,20,95.00,125.00,0,0.011143,10,0
1103,20,-125.00,-115.00,0,0.011110,17,4
1104,20,85.00,135.00,0,0.011077,10,0
1105,20,45.00,105.00,0,0.011043,12,1
1106,20,95.00,125.00,0,0.011010,10,0
1107,20,34.00,6.00,0,0.010977,13,0
1108,2,100.00,100.00,1,0.010944,0,0
1109,4,88.00,37.00,1,0.010911,2,0
1110,20,-135.00,-105.00,0,0.010879,17,3
1111,20,-130.00,-110.00,0,0.010846,16,5
1112,0,0.00,0.00,1,0.010814,0,0
1113,20,-145.00,-95.00,0,0.010781,17,3
1114,20,20.00,60.00,0,0.010749,11,1
1115,20,95.00,145.00,0,0.010716,11,0
1116,20,95.00,125.00,0,0.010684,10,0
1117,20,44.00,67.00,0,0.010652,12,0
1118,2,100.00,100.00,1,0.010620,0,0
1119,4,88.00,37.00,1,0.010588,2,0
1120,20,-95.00,-145.00,0,0.010557,17,3
1121,20,-140.00,-100.00,0,0.010525,18,2
1122,20,-27.00,30.00,0,0.010493,12,0
1123,20,-145.00,-95.00,0,0.010462,19,1
1124,20,90.00,130.00,0,0.010431,9,1
1125,20,95.00,145.00,0,0.010399,11,0
1126,20,95.00,125.00,0,0.010368,10,0
1127,1,4.00,50.00,1,0.010337,0,0
1128,2,100.00,100.00,1,0.010306,0,0
1129,4,88.00,37.00,1,0.010275,2,0
1130,20,-135.00,-105.00,0,0.010244,15,5
1131,20,-120.00,-120.00,0,0.010213,16,4
1132,3,104.00,89.00,1,0.010183,1,0
1133,3,38.00,128.00,1,0.010152,1,0
1134,20,85.00,135.00,0,0.010122,10,0
1135,20,15.00,65.00,0,0.010091,12,0
1136,20,95.00,125.00,0,0.010061,10,0
1137,20,-27.00,2.00,0,0.010031,12,0
1138,2,100.00,100.00,1,0.010001,0,0
1139,4,88.00,37.00,1,0.010000,2,0
1140,20,-130.00,-110.00,0,0.010000,18,2
1141,20,-115.00,-125.00,0,0.010000,15,5
1142,20,0.00,0.00,0,0.010000,10,0
1143,3,89.00,99.00,1,0.010000,1,0
1144,20,95.00,125.00,0,0.010000,10,1
1145,20,55.00,95.00,0,0.010000,12,1
1146,20,95.00,125.00,0,0.010000,10,0
1147,3,89.00,48.00,1,0.010000,1,0
1148,2,100.00,100.00,1,0.010000,0,0
1149,4,88.00,37.00,1,0.010000,2,0
1150,20,-140.00,-100.00,0,0.010000,16,4
1151,20,-115.00,-125.00,0,0.010000,17,4
1152,4,89.00,37.00,1,0.010000,2,0
1153,20,85.00,135.00,0,0.010000,10,0
1154,20,85.00,135.00,0,0.010000,10,0
1155,20,95.00,145.00,0,0.010000,11,0
1156,20,95.00,125.00,0,0.010000,10,0
1157,1,50.00,50.00,1,0.010000,0,0
1158,2,100.00,100.00,1,0.010000,0,0
1159,4,88.00,37.00,1,0.010000,2,0
1160,20,-140.00,-100.00,0,0.010000,16,4
1161,20,-120.00,-120.00,0,0.010000,16,4
1162,20,20.00,20.00,0,0.010000,9,3
1163,0,0.00,0.00,1,0.010000,0,0
1164,20,85.00,135.00,0,0.010000,10,0
1165,20,95.00,145.00,0,0.010000,11,0
1166,20,95.00,125.00,0,0.010000,10,0
1167,2,100.00,100.00,1,0.010000,0,0
1168,2,100.00,100.00,1,0.010000,0,0
1169,4,88.00,37.00,1,0.010000,2,0
1170,20,-110.00,-130.00,0,0.010000,16,8
1171,20,-125.00,-115.00,0,0.010000,17,4
1172,2,49.00,54.00,1,0.010000,0,0
1173,20,144.00,184.00,0,0.010000,9,0
1174,20,85.00,135.00,0,0.010000,10,0
1175,20,95.00,145.00,0,0.010000,11,0
1176,20,95.00,125.00,0,0.010000,10,0
1177,2,49.00,100.00,1,0.010000,0,0
1178,2,100.00,100.00,1,0.010000,0,0
1179,4,88.00,37.00,1,0.010000,2,0
1180,20,-145.00,-95.00,0,0.010000,17,3
1181,20,-95.00,-145.00,0,0.010000,15,5
1182,20,-100.00,-140.00,0,0.010000,18,4
1183,20,85.00,135.00,0,0.010000,10,0
1184,20,85.00,135.00,0,0.010000,10,0
1185,20,95.00,145.00,0,0.010000,11,0
1186,20,95.00,125.00,0,0.010000,10,0
1187,3,89.00,48.00,1,0.010000,1,0
1188,2,100.00,100.00,1,0.010000,0,0
1189,4,88.00,37.00,1,0.010000,2,0
1190,20,-125.00,-115.00,0,0.010000,17,6
1191,20,-110.00,-130.00,0,0.010000,16,4
1192,2,89.00,39.00,1,0.010000,1,0
1193,20,-130.00,-110.00,0,0.010000,16,5
1194,20,85.00,135.00,0,0.010000,10,1
1195,20,95.00,145.00,0,0.010000,11,0
1196,20,134.00,174.00,0,0.010000,10,1
1197,2,100.00,49.00,1,0.010000,0,0
1198,2,100.00,100.00,1,0.010000,0,0
1199,4,88.00,37.00,1,0.010000,2,0
1200,20,-135.00,-105.00,0,0.010000,17,6
1201,20,-110.00,-130.00,0,0.010000,16,5
1202,20,-105.00,-135.00,0,0.010000,17,8
1203,0,0.00,0.00,1,0.010000,0,0
1204,20,146.00,186.00,0,0.010000,9,0
1205,20,55.00,95.00,0,0.010000,12,1
1206,20,95.00,125.00,0,0.010000,10,0
1207,20,56.00,96.00,0,0.010000,11,0
1208,2,100.00,100.00,1,0.010000,0,0
1209,4,88.00,37.00,1,0.010000,2,0
1210,20,-150.00,-90.00,0,0.010000,16,5
1211,20,-115.00,-125.00,0,0.010000,17,3
1212,0,0.00,0.00,1,0.010000,0,0
1213,20,-95.00,-145.00,0,0.010000,17,5
1214,20,85.00,135.00,0,0.010000,10,0
1215,20,95.00,145.00,0,0.010000,11,0
1216,20,95.00,125.00,0,0.010000,10,0
1217,1,50.00,50.00,1,0.010000,0,0
1218,2,100.00,100.00,1,0.010000,0,0
1219,4,88.00,37.00,1,0.010000,2,0
1220,20,-120.00,-120.00,0,0.010000,16,7
1221,20,-125.00,-115.00,0,0.010000,17,4
1222,2,54.00,100.00,1,0.010000,0,0
1223,3,38.00,128.00,1,0.010000,1,0
1224,20,85.00,135.00,0,0.010000,10,1
1225,20,55.00,95.00,0,0.010000,12,1
1226,20,94.00,124.00,0,0.010000,11,2
1227,0,0.00,0.00,1,0.010000,0,0
1228,2,100.00,100.00,1,0.010000,0,0
1229,4,88.00,37.00,1,0.010000,2,0
1230,20,-110.00,-130.00,0,0.010000,16,8
1231,20,-130.00,-110.00,0,0.010000,14,6
1232,3,99.00,38.00,1,0.010000,1,0
1233,2,100.00,100.00,1,0.010000,0,0
1234,20,85.00,135.00,0,0.010000,10,0
1235,20,95.00,145.00,0,0.010000,11,0
1236,20,95.00,125.00,0,0.010000,10,0
1237,20,-120.00,-120.00,0,0.010000,18,7
1238,2,100.00,100.00,1,0.010000,0,0
1239,4,88.00,37.00,1,0.010000,2,0
1240,20,-100.00,-140.00,0,0.010000,18,4
1241,20,-145.00,-95.00,0,0.010000,17,4
1242,20,96.00,146.00,0,0.010000,10,0
1243,2,100.00,49.00,1,0.010000,0,0
1244,20,134.00,174.00,0,0.010000,10,0
1245,20,95.00,145.00,0,0.010000,11,0
1246,20,95.00,125.00,0,0.010000,10,0
1247,20,-7.00,-17.00,0,0.010000,10,2
1248,2,100.00,100.00,1,0.010000,0,0
1249,4,88.00,37.00,1,0.010000,2,0
1250,20,-115.00,-125.00,0,0.010000,15,8
1251,20,-125.00,-115.00,0,0.010000,17,6
1252,20,95.00,125.00,0,0.010000,10,0
1253,20,-125.00,-115.00,0,0.010000,15,6
1254,20,85.00,135.00,0,0.010000,10,0
1255,20,15.00,65.00,0,0.010000,12,0
1256,20,84.00,134.00,0,0.010000,11,0
1257,0,0.00,0.00,1,0.010000,0,0
1258,2,100.00,100.00,1,0.010000,0,0
1259,4,88.00,37.00,1,0.010000,2,0
1260,20,-110.00,-130.00,0,0.010000,16,6
1261,20,-115.00,-125.00,0,0.010000,17,6
1262,20,-140.00,-100.00,0,0.010000,16,6
1263,2,100.00,100.00,1,0.010000,0,0
1264,20,85.00,135.00,0,0.010000,10,0
1265,20,95.00,145.00,0,0.010000,11,0
1266,20,134.00,174.00,0,0.010000,10,1
1267,20,85.00,135.00,0,0.010000,10,0
1268,2,100.00,100.00,1,0.010000,0,0
1269,4,88.00,37.00,1,0.010000,2,0
1270,20,-105.00,-135.00,0,0.010000,17,6
1271,20,-105.00,-135.00,0,0.010000,17,6
1272,4,88.00,37.00,1,0.010000,2,0
1273,1,4.00,50.00,1,0.010000,0,0
1274,20,85.00,135.00,0,0.010000,10,0
1275,20,95.00,145.00,0,0.010000,11,0
1276,20,95.00,125.00,0,0.010000,10,0
1277,0,0.00,0.00,1,0.010000,0,0
1278,2,100.00,100.00,1,0.010000,0,0
1279,4,88.00,37.00,1,0.010000,2,0
1280,20,-120.00,-120.00,0,0.010000,16,8
1281,20,-130.00,-110.00,0,0.010000,16,8
1282,2,100.00,54.00,1,0.010000,0,0
1283,20,-17.00,2.00,0,0.010000,11,0
1284,20,90.00,130.00,0,0.010000,9,1
1285,20,95.00,145.00,0,0.010000,11,0
1286,20,95.00,125.00,0,0.010000,10,0
1287,20,-120.00,-120.00,0,0.010000,16,7
1288,2,100.00,100.00,1,0.010000,0,0
1289,4,88.00,37.00,1,0.010000,2,0
1290,20,-110.00,-130.00,0,0.010000,16,6
1291,20,-165.00,-75.00,0,0.010000,15,7
1292,0,0.00,0.00,1,0.010000,0,0
1293,1,50.00,50.00,1,0.010000,0,0
1294,20,85.00,135.00,0,0.010000,10,0
1295,20,95.00,145.00,0,0.010000,11,0
1296,20,95.00,125.00,0,0.010000,10,0
1297,2,100.00,49.00,1,0.010000,0,0
1298,2,100.00,100.00,1,0.010000,0,0
1299,4,88.00,37.00,1,0.010000,2,0
1300,20,-120.00,-120.00,0,0.010000,16,8
1301,20,-105.00,-135.00,0,0.010000,19,6
1302,20,-36.00,30.00,0,0.010000,12,0
1303,20,46.00,106.00,0,0.010000,11,0
1304,20,85.00,135.00,0,0.010000,10,0
1305,20,55.00,95.00,0,0.010000,12,1
1306,20,95.00,125.00,0,0.010000,10,0
1307,1,4.00,50.00,1,0.010000,0,0
1308,2,100.00,100.00,1,0.010000,0,0
1309,4,88.00,37.00,1,0.010000,2,0
1310,20,-115.00,-125.00,0,0.010000,17,4
1311,20,-130.00,-110.00,0,0.010000,14,7
1312,20,-100.00,-140.00,0,0.010000,16,9
1313,20,46.00,106.00,0,0.010000,11,1
1314,20,85.00,135.00,0,0.010000,10,0
1315,20,95.00,145.00,0,0.010000,11,0
1316,20,95.00,125.00,0,0.010000,10,0
1317,20,85.00,135.00,0,0.010000,10,0
1318,2,100.00,100.00,1,0.010000,0,0
1319,4,88.00,37.00,1,0.010000,2,0
1320,20,-145.00,-95.00,0,0.010000,17,7
1321,20,-130.00,-110.00,0,0.010000,16,5
1322,20,-95.00,-145.00,0,0.010000,17,5
1323,20,56.00,96.00,0,0.010000,11,0
1324,20,85.00,135.00,0,0.010000,10,0
1325,20,95.00,145.00,0,0.010000,11,0
1326,20,95.00,125.00,0,0.010000,10,0
1327,0,0.00,0.00,1,0.010000,0,0
1328,2,100.00,100.00,1,0.010000,0,0
1329,4,88.00,37.00,1,0.010000,2,0
1330,20,-110.00,-130.00,0,0.010000,16,8
1331,20,-145.00,-95.00,0,0.010000,17,5
1332,0,0.00,0.00,1,0.010000,0,0
1333,0,0.00,0.00,1,0.010000,0,0
1334,20,85.00,135.00,0,0.010000,10,0
1335,20,95.00,145.00,0,0.010000,11,0
1336,20,139.00,169.00,0,0.010000,9,1
1337,2,100.00,54.00,1,0.010000,0,0
1338,2,100.00,100.00,1,0.010000,0,0
1339,4,88.00,37.00,1,0.010000,2,0
1340,20,-115.00,-125.00,0,0.010000,17,6
1341,20,-130.00,-110.00,0,0.010000,14,9
1342,20,-100.00,-140.00,0,0.010000,18,3
1343,3,50.00,4.00,1,0.010000,1,0
1344,20,85.00,135.00,0,0.010000,10,0
1345,20,95.00,145.00,0,0.010000,11,0
1346,20,144.00,164.00,0,0.010000,10,1
1347,20,46.00,106.00,0,0.010000,11,1
1348,2,100.00,100.00,1,0.010000,0,0
1349,4,88.00,37.00,1,0.010000,2,0
1350,20,-100.00,-140.00,0,0.010000,16,6
1351,20,-115.00,-125.00,0,0.010000,17,7
1352,20,56.00,96.00,0,0.010000,11,0
1353,1,50.00,50.00,1,0.010000,0,0
1354,20,134.00,174.00,0,0.010000,10,0
1355,20,55.00,95.00,0,0.010000,12,1
1356,20,95.00,125.00,0,0.010000,10,0
1357,2,54.00,100.00,1,0.010000,0,0
1358,2,100.00,100.00,1,0.010000,0,0
1359,4,88.00,37.00,1,0.010000,2,0
1360,20,-160.00,-80.00,0,0.010000,16,5
1361,20,-120.00,-120.00,0,0.010000,14,7
1362,20,85.00,135.00,0,0.010000,10,0
1363,0,0.00,0.00,1,0.010000,0,0
1364,20,85.00,135.00,0,0.010000,10,0
1365,20,95.00,145.00,0,0.010000,11,0
1366,20,55.00,95.00,0,0.010000,12,0
1367,3,50.00,4.00,1,0.010000,1,0
1368,2,100.00,100.00,1,0.010000,0,0
1369,4,88.00,37.00,1,0.010000,2,0
1370,20,-120.00,-120.00,0,0.010000,18,7
1371,20,-110.00,-130.00,0,0.010000,18,3
1372,4,88.00,37.00,1,0.010000,2,0
1373,20,85.00,135.00,0,0.010000,10,0
1374,20,85.00,135.00,0,0.010000,10,0
1375,20,95.00,145.00,0,0.010000,11,0
1376,20,95.00,125.00,0,0.010000,10,0
1377,20,-53.00,-43.00,0,0.010000,11,3
1378,2,100.00,100.00,1,0.010000,0,0
1379,4,88.00,37.00,1,0.010000,2,0
1380,20,-105.00,-135.00,0,0.010000,15,9
1381,20,-130.00,-110.00,0,0.010000,16,8
1382,20,96.00,146.00,0,0.010000,10,0
1383,2,100.00,100.00,1,0.010000,0,0
1384,20,85.00,135.00,0,0.010000,10,0
1385,20,95.00,145.00,0,0.010000,11,0
1386,20,95.00,125.00,0,0.010000,10,0
1387,2,89.00,39.00,1,0.010000,1,0
1388,2,100.00,100.00,1,0.010000,0,0
1389,4,88.00,37.00,1,0.010000,2,0
1390,20,-100.00,-140.00,0,0.010000,16,5
1391,20,-135.00,-105.00,0,0.010000,17,4
1392,2,100.00,49.00,1,0.010000,0,0
1393,20,37.00,45.00,0,0.010000,11,1
1394,20,85.00,135.00,0,0.010000,10,0
1395,20,55.00,95.00,0,0.010000,12,1
1396,20,139.00,169.00,0,0.010000,9,1
1397,2,49.00,100.00,1,0.010000,0,0
1398,2,100.00,100.00,1,0.010000,0,0
1399,4,88.00,37.00,1,0.010000,2,0
1400,20,-135.00,-105.00,0,0.010000,19,4
1401,20,-100.00,-140.00,0,0.010000,16,4
1402,20,124.00,184.00,0,0.010000,10,0
1403,3,38.00,128.00,1,0.010000,1,0
1404,20,85.00,135.00,0,0.010000,10,0
1405,20,95.00,145.00,0,0.010000,11,0
1406,20,134.00,174.00,0,0.010000,10,1
1407,20,-80.00,-80.00,0,0.010000,10,3
1408,2,100.00,100.00,1,0.010000,0,0
1409,4,88.00,37.00,1,0.010000,2,0
1410,20,-105.00,-135.00,0,0.010000,13,14
1411,20,-115.00,-125.00,0,0.010000,17,7
1412,20,13.00,69.00,0,0.010000,12,0
1413,20,-110.00,-130.00,0,0.010000,18,3
1414,20,85.00,135.00,0,0.010000,10,0
1415,20,95.00,145.00,0,0.010000,11,0
1416,20,95.00,125.00,0,0.010000,10,0
1417,3,38.00,128.00,1,0.010000,1,0
1418,2,100.00,100.00,1,0.010000,0,0
1419,4,88.00,37.00,1,0.010000,2,0
1420,20,-115.00,-125.00,0,0.010000,15,7
1421,20,-145.00,-95.00,0,0.010000,17,5
1422,20,-120.00,-120.00,0,0.010000,16,4
1423,0,0.00,0.00,1,0.010000,0,0
1424,20,85.00,135.00,0,0.010000,10,0
1425,20,95.00,145.00,0,0.010000,11,0
1426,20,95.00,125.00,0,0.010000,10,0
1427,20,144.00,184.00,0,0.010000,9,0
1428,2,100.00,100.00,1,0.010000,0,0
1429,4,88.00,37.00,1,0.010000,2,0
1430,20,-100.00,-140.00,0,0.010000,18,7
1431,20,-140.00,-100.00,0,0.010000,14,9
1432,0,0.00,0.00,1,0.010000,0,0
1433,20,-100.00,-140.00,0,0.010000,16,5
1434,20,85.00,135.00,0,0.010000,10,0
1435,20,95.00,145.00,0,0.010000,11,0
1436,20,95.00,125.00,0,0.010000,10,0
1437,20,-58.00,-38.00,0,0.010000,12,2
1438,2,100.00,100.00,1,0.010000,0,0
1439,4,88.00,37.00,1,0.010000,2,0
1440,20,-125.00,-115.00,0,0.010000,17,4
1441,20,-130.00,-110.00,0,0.010000,18,7
1442,20,46.00,106.00,0,0.010000,11,0
1443,20,-110.00,-130.00,0,0.010000,16,5
1444,20,85.00,135.00,0,0.010000,10,0
1445,20,95.00,145.00,0,0.010000,11,0
1446,20,55.00,95.00,0,0.010000,12,0
1447,1,50.00,50.00,1,0.010000,0,0
1448,2,100.00,100.00,1,0.010000,0,0
1449,4,88.00,37.00,1,0.010000,2,0
1450,20,-130.00,-110.00,0,0.010000,14,6
1451,20,-110.00,-130.00,0,0.010000,18,6
1452,20,-105.00,-135.00,0,0.010000,17,5
1453,4,88.00,37.00,1,0.010000,2,0
1454,20,85.00,135.00,0,0.010000,10,0
1455,20,95.00,145.00,0,0.010000,11,0
1456,20,134.00,174.00,0,0.010000,10,1
1457,3,99.00,38.00,1,0.010000,1,0
1458,2,100.00,100.00,1,0.010000,0,0
1459,4,88.00,37.00,1,0.010000,2,0
1460,20,-125.00,-115.00,0,0.010000,17,5
1461,20,-110.00,-130.00,0,0.010000,16,6
1462,4,88.00,37.00,1,0.010000,2,0
1463,2,100.00,100.00,1,0.010000,0,0
1464,20,15.00,65.00,0,0.010000,12,0
1465,20,95.00,145.00,0,0.010000,11,0
1466,20,95.00,125.00,0,0.010000,10,0
1467,1,50.00,50.00,1,0.010000,0,0
1468,2,100.00,100.00,1,0.010000,0,0
1469,4,88.00,37.00,1,0.010000,2,0
1470,20,-110.00,-130.00,0,0.010000,18,8
1471,20,-145.00,-95.00,0,0.010000,17,6
1472,20,-36.00,-20.00,0,0.010000,13,1
1473,0,0.00,0.00,1,0.010000,0,0
1474,20,95.00,125.00,0,0.010000,10,1
1475,20,95.00,145.00,0,0.010000,11,0
1476,20,95.00,125.00,0,0.010000,10,0
1477,20,46.00,106.00,0,0.010000,11,0
1478,2,100.00,100.00,1,0.010000,0,0
1479,4,88.00,37.00,1,0.010000,2,0
1480,20,-120.00,-120.00,0,0.010000,14,9
1481,20,-100.00,-140.00,0,0.010000,16,8
1482,20,-31.00,-41.00,0,0.010000,10,4
1483,20,-120.00,-120.00,0,0.010000,18,3
1484,20,85.00,135.00,0,0.010000,10,0
1485,20,95.00,145.00,0,0.010000,11,0
1486,20,144.00,164.00,0,0.010000,10,1
1487,20,134.00,174.00,0,0.010000,10,0
1488,2,100.00,100.00,1,0.010000,0,0
1489,4,88.00,37.00,1,0.010000,2,0
1490,20,-125.00,-115.00,0,0.010000,17,6
1491,20,-120.00,-120.00,0,0.010000,16,9
1492,0,0.00,0.00,1,0.010000,0,0
1493,1,50.00,50.00,1,0.010000,0,0
1494,20,85.00,135.00,0,0.010000,10,0
1495,20,95.00,145.00,0,0.010000,11,0
1496,20,95.00,125.00,0,0.010000,10,0
1497,20,-2.00,18.00,0,0.010000,10,3
1498,2,100.00,100.00,1,0.010000,0,0
1499,4,88.00,37.00,1,0.010000,2,0
1500,20,-110.00,-130.00,0,0.010000,18,4
1501,20,-110.00,-130.00,0,0.010000,16,9
1502,0,0.00,0.00,1,0.010000,0,0
1503,0,0.00,0.00,1,0.010000,0,0
1504,20,95.00,125.00,0,0.010000,10,0
1505,20,95.00,145.00,0,0.010000,11,0
1506,20,95.00,125.00,0,0.010000,10,0
1507,20,-105.00,-135.00,0,0.010000,15,5
1508,2,100.00,100.00,1,0.010000,0,0
1509,4,88.00,37.00,1,0.010000,2,0
1510,20,-135.00,-105.00,0,0.010000,17,8
1511,20,-135.00,-105.00,0,0.010000,17,6
1512,20,-46.00,-26.00,0,0.010000,11,2
1513,20,-120.00,-120.00,0,0.010000,18,4
1514,20,85.00,135.00,0,0.010000,10,0
1515,20,95.00,145.00,0,0.010000,11,0
1516,20,95.00,125.00,0,0.010000,10,0
1517,3,99.00,38.00,1,0.010000,1,0
1518,2,100.00,100.00,1,0.010000,0,0
1519,4,88.00,37.00,1,0.010000,2,0
1520,20,-105.00,-135.00,0,0.010000,15,10
1521,20,-115.00,-125.00,0,0.010000,17,6
1522,20,4.00,69.00,0,0.010000,12,0
1523,4,88.00,37.00,1,0.010000,2,0
1524,20,85.00,135.00,0,0.010000,10,0
1525,20,95.00,145.00,0,0.010000,11,0
1526,20,134.00,174.00,0,0.010000,10,1
1527,2,100.00,89.00,1,0.010000,0,0
1528,2,100.00,100.00,1,0.010000,0,0
1529,6,66.00,35.00,1,0.010000,4,0
1530,20,-120.00,-120.00,0,0.010000,18,7
1531,20,-105.00,-135.00,0,0.010000,17,6
1532,20,-7.00,69.00,0,0.010000,12,0
1533,20,46.00,106.00,0,0.010000,11,0
1534,20,85.00,135.00,0,0.010000,10,0
1535,20,50.00,100.00,0,0.010000,11,1
1536,20,95.00,125.00,0,0.010000,10,0
1537,20,-130.00,-110.00,0,0.010000,18,5
1538,2,100.00,100.00,1,0.010000,0,0
1539,4,88.00,37.00,1,0.010000,2,0
1540,20,-125.00,-115.00,0,0.010000,15,11
1541,20,-105.00,-135.00,0,0.010000,17,6
1542,20,-100.00,-140.00,0,0.010000,14,6
1543,20,85.00,135.00,0,0.010000,10,0
1544,20,85.00,135.00,0,0.010000,10,0
1545,20,95.00,145.00,0,0.010000,11,0
1546,20,95.00,125.00,0,0.010000,10,0
1547,20,-140.00,-100.00,0,0.010000,18,5
1548,2,100.00,100.00,1,0.010000,0,0
1549,4,88.00,37.00,1,0.010000,2,0
1550,20,-120.00,-120.00,0,0.010000,16,8
1551,20,-125.00,-115.00,0,0.010000,17,5
1552,0,0.00,0.00,1,0.010000,0,0
1553,20,34.00,94.00,0,0.010000,12,2
1554,20,85.00,135.00,0,0.010000,10,0
1555,20,95.00,145.00,0,0.010000,11,0
1556,20,95.00,125.00,0,0.010000,10,0
1557,3,50.00,4.00,1,0.010000,1,0
1558,2,100.00,100.00,1,0.010000,0,0
1559,4,88.00,37.00,1,0.010000,2,0
1560,20,-95.00,-145.00,0,0.010000,17,11
1561,20,-115.00,-125.00,0,0.010000,17,9
1562,1,50.00,4.00,1,0.010000,0,0
1563,3,99.00,43.00,1,0.010000,1,0
1564,20,85.00,135.00,0,0.010000,10,0
1565,20,95.00,145.00,0,0.010000,11,0
1566,20,95.00,125.00,0,0.010000,10,0
1567,20,-135.00,-105.00,0,0.010000,17,8
1568,2,100.00,100.00,1,0.010000,0,0
1569,4,88.00,37.00,1,0.010000,2,0
1570,20,-125.00,-115.00,0,0.010000,17,4
1571,20,-115.00,-125.00,0,0.010000,17,7
1572,20,-24.00,16.00,0,0.010000,13,1
1573,3,59.00,50.00,1,0.010000,1,0
1574,20,85.00,135.00,0,0.010000,10,0
1575,20,95.00,145.00,0,0.010000,11,0
1576,20,134.00,174.00,0,0.010000,10,1
1577,3,89.00,99.00,1,0.010000,1,0
1578,2,100.00,100.00,1,0.010000,0,0
1579,4,88.00,37.00,1,0.010000,2,0
1580,20,-120.00,-120.00,0,0.010000,16,7
1581,20,-125.00,-115.00,0,0.010000,15,8
1582,20,27.00,57.00,0,0.010000,12,0
1583,20,85.00,135.00,0,0.010000,10,0
1584,20,95.00,125.00,0,0.010000,10,1
1585,20,95.00,145.00,0,0.010000,11,0
1586,20,95.00,125.00,0,0.010000,10,0
1587,20,95.00,125.00,0,0.010000,10,0
1588,2,100.00,100.00,1,0.010000,0,0
1589,4,88.00,37.00,1,0.010000,2,0
1590,20,-100.00,-140.00,0,0.010000,18,7
1591,20,-125.00,-115.00,0,0.010000,17,4
1592,20,-130.00,-110.00,0,0.010000,16,5
1593,20,-46.00,108.00,0,0.010000,12,0
1594,20,85.00,135.00,0,0.010000,10,0
1595,20,95.00,145.00,0,0.010000,11,0
1596,20,95.00,125.00,0,0.010000,10,0
1597,20,-36.00,30.00,0,0.010000,12,0
1598,2,100.00,100.00,1,0.010000,0,0
1599,4,88.00,37.00,1,0.010000,2,0
1600,20,-90.00,-150.00,0,0.010000,16,12
1601,20,-115.00,-125.00,0,0.010000,17,9
1602,1,50.00,50.00,1,0.010000,0,0
1603,20,-105.00,-135.00,0,0.010000,17,7
1604,20,85.00,135.00,0,0.010000,10,0
1605,20,95.00,145.00,0,0.010000,11,0
1606,20,95.00,125.00,0,0.010000,10,0
1607,20,-58.00,-38.00,0,0.010000,12,2
1608,2,100.00,100.00,1,0.010000,0,0
1609,4,88.00,37.00,1,0.010000,2,0
1610,20,-145.00,-95.00,0,0.010000,17,6
1611,20,-135.00,-105.00,0,0.010000,17,8
1612,1,50.00,4.00,1,0.010000,0,0
1613,2,89.00,39.00,1,0.010000,1,0
1614,20,85.00,135.00,0,0.010000,10,0
1615,20,95.00,145.00,0,0.010000,11,0
1616,20,95.00,125.00,0,0.010000,10,0
1617,20,-95.00,-145.00,0,0.010000,15,5
1618,2,100.00,100.00,1,0.010000,0,0
1619,6,86.00,15.00,1,0.010000,4,0
1620,20,-105.00,-135.00,0,0.010000,17,8
1621,20,-95.00,-145.00,0,0.010000,19,8
1622,20,15.00,18.00,0,0.010000,12,1
1623,3,89.00,99.00,1,0.010000,1,0
1624,20,85.00,135.00,0,0.010000,10,0
1625,20,95.00,145.00,0,0.010000,11,0
1626,20,95.00,125.00,0,0.010000,10,0
1627,20,35.00,95.00,0,0.010000,11,1
1628,2,100.00,100.00,1,0.010000,0,0
1629,4,88.00,37.00,1,0.010000,2,0
1630,20,-125.00,-115.00,0,0.010000,15,11
1631,20,-140.00,-100.00,0,0.010000,18,5
1632,1,50.00,50.00,1,0.010000,0,0
1633,4,88.00,37.00,1,0.010000,2,0
1634,20,85.00,135.00,0,0.010000,10,0
1635,20,95.00,145.00,0,0.010000,11,0
1636,20,95.00,125.00,0,0.010000,10,0
1637,20,-36.00,79.00,0,0.010000,12,0
1638,2,100.00,100.00,1,0.010000,0,0
1639,4,37.00,117.00,1,0.010000,2,0
1640,20,-115.00,-125.00,0,0.010000,17,10
1641,20,-145.00,-95.00,0,0.010000,17,7
1642,2,100.00,100.00,1,0.010000,0,0
1643,20,-32.00,14.00,0,0.010000,11,0
1644,20,85.00,135.00,0,0.010000,10,0
1645,20,95.00,145.00,0,0.010000,11,0
1646,20,95.00,125.00,0,0.010000,10,0
1647,1,50.00,50.00,1,0.010000,0,0
1648,2,100.00,100.00,1,0.010000,0,0
1649,4,88.00,37.00,1,0.010000,2,0
1650,20,-115.00,-125.00,0,0.010000,17,6
1651,20,-90.00,-150.00,0,0.010000,16,9
1652,1,50.00,50.00,1,0.010000,0,0
1653,2,100.00,49.00,1,0.010000,0,0
1654,20,85.00,135.00,0,0.010000,10,0
1655,20,95.00,145.00,0,0.010000,11,0
1656,20,134.00,174.00,0,0.010000,10,1
1657,20,-135.00,-105.00,0,0.010000,17,10
1658,2,100.00,100.00,1,0.010000,0,0
1659,4,88.00,37.00,1,0.010000,2,0
1660,20,-100.00,-140.00,0,0.010000,18,6
1661,20,-120.00,-120.00,0,0.010000,16,7
1662,2,49.00,89.00,1,0.010000,0,0
1663,0,0.00,0.00,1,0.010000,0,0
1664,20,85.00,135.00,0,0.010000,10,0
1665,20,95.00,145.00,0,0.010000,11,0
1666,20,95.00,125.00,0,0.010000,10,0
1667,0,0.00,0.00,1,0.010000,0,0
1668,2,100.00,100.00,1,0.010000,0,0
1669,4,88.00,37.00,1,0.010000,2,0
1670,20,-105.00,-135.00,0,0.010000,17,7
1671,20,-120.00,-120.00,0,0.010000,18,7
1672,1,4.00,50.00,1,0.010000,0,0
1673,2,49.00,100.00,1,0.010000,0,0
1674,20,85.00,135.00,0,0.010000,10,0
1675,20,95.00,145.00,0,0.010000,11,0
1676,20,95.00,125.00,0,0.010000,10,0
1677,1,50.00,50.00,1,0.010000,0,0
1678,2,100.00,100.00,1,0.010000,0,0
1679,4,88.00,37.00,1,0.010000,2,0
1680,20,-160.00,-80.00,0,0.010000,18,7
1681,20,-150.00,-90.00,0,0.010000,16,11
1682,20,-105.00,-135.00,0,0.010000,15,7
1683,20,15.00,65.00,0,0.010000,12,0
1684,20,144.00,164.00,0,0.010000,10,2
1685,20,95.00,145.00,0,0.010000,11,0
1686,20,95.00,125.00,0,0.010000,10,0
1687,20,96.00,146.00,0,0.010000,10,0
1688,2,100.00,100.00,1,0.010000,0,0
1689,5,77.00,36.00,1,0.010000,3,1
1690,20,-125.00,-115.00,0,0.010000,17,7
1691,20,-95.00,-145.00,0,0.010000,17,8
1692,20,-31.00,-28.00,0,0.010000,11,0
1693,20,46.00,106.00,0,0.010000,11,0
1694,20,85.00,135.00,0,0.010000,10,0
1695,20,95.00,145.00,0,0.010000,11,0
1696,20,134.00,174.00,0,0.010000,10,1
1697,20,46.00,106.00,0,0.010000,11,0
1698,2,100.00,100.00,1,0.010000,0,0
1699,5,77.00,36.00,1,0.010000,3,1
1700,20,-125.00,-115.00,0,0.010000,19,9
1701,20,-100.00,-140.00,0,0.010000,16,10
1702,2,54.00,100.00,1,0.010000,0,0
1703,3,99.00,38.00,1,0.010000,1,0
1704,20,85.00,135.00,0,0.010000,10,0
1705,20,50.00,100.00,0,0.010000,11,1
1706,20,95.00,125.00,0,0.010000,10,0
1707,20,-20.00,-29.00,0,0.010000,10,0
1708,2,100.00,100.00,1,0.010000,0,0
1709,4,88.00,37.00,1,0.010000,2,0
1710,20,-135.00,-105.00,0,0.010000,17,6
1711,20,-155.00,-85.00,0,0.010000,15,8
1712,1,50.00,50.00,1,0.010000,0,0
1713,1,50.00,50.00,1,0.010000,0,0
1714,20,85.00,135.00,0,0.010000,10,0
1715,20,95.00,145.00,0,0.010000,11,0
1716,20,95.00,125.00,0,0.010000,10,0
1717,0,0.00,0.00,1,0.010000,0,0
1718,2,100.00,100.00,1,0.010000,0,0
1719,4,88.00,37.00,1,0.010000,2,0
1720,20,-115.00,-125.00,0,0.010000,17,7
1721,20,-100.00,-140.00,0,0.010000,18,7
1722,20,85.00,135.00,0,0.010000,10,0
1723,0,0.00,0.00,1,0.010000,0,0
1724,20,85.00,135.00,0,0.010000,10,0
1725,20,95.00,145.00,0,0.010000,11,0
1726,20,95.00,125.00,0,0.010000,10,0
1727,20,29.00,10.00,0,0.010000,10,1
1728,2,100.00,100.00,1,0.010000,0,0
1729,4,88.00,37.00,1,0.010000,2,0
1730,20,-115.00,-125.00,0,0.010000,17,11
1731,20,-120.00,-120.00,0,0.010000,18,8
1732,20,-130.00,-110.00,0,0.010000,18,6
1733,20,46.00,106.00,0,0.010000,11,0
1734,20,85.00,135.00,0,0.010000,10,0
1735,20,95.00,145.00,0,0.010000,11,0
1736,20,104.00,114.00,0,0.010000,11,0
1737,2,39.00,89.00,1,0.010000,1,0
1738,2,100.00,100.00,1,0.010000,0,0
1739,4,88.00,37.00,1,0.010000,2,0
1740,20,-130.00,-110.00,0,0.010000,16,8
1741,20,-100.00,-140.00,0,0.010000,16,6
1742,0,0.00,0.00,1,0.010000,0,0
1743,20,29.00,10.00,0,0.010000,10,0
1744,20,85.00,135.00,0,0.010000,10,0
1745,20,95.00,145.00,0,0.010000,11,0
1746,20,95.00,125.00,0,0.010000,10,0
1747,20,-95.00,-145.00,0,0.010000,17,9
1748,2,100.00,100.00,1,0.010000,0,0
1749,4,88.00,37.00,1,0.010000,2,0
1750,20,-125.00,-115.00,0,0.010000,17,13
1751,20,-140.00,-100.00,0,0.010000,18,6
1752,20,66.00,86.00,0,0.010000,11,1
1753,1,50.00,50.00,1,0.010000,0,0
1754,20,85.00,135.00,0,0.010000,10,1
1755,20,95.00,145.00,0,0.010000,11,0
1756,20,95.00,125.00,0,0.010000,10,0
1757,0,0.00,0.00,1,0.010000,0,0
1758,2,100.00,100.00,1,0.010000,0,0
1759,4,88.00,37.00,1,0.010000,2,0
1760,20,-130.00,-110.00,0,0.010000,16,8
1761,20,-130.00,-110.00,0,0.010000,18,7
1762,20,-90.00,-150.00,0,0.010000,16,9
1763,1,50.00,50.00,1,0.010000,0,0
1764,20,85.00,135.00,0,0.010000,10,0
1765,20,95.00,145.00,0,0.010000,11,0
1766,20,95.00,125.00,0,0.010000,10,0
1767,20,-58.00,-38.00,0,0.010000,12,2
1768,2,100.00,100.00,1,0.010000,0,0
1769,4,88.00,37.00,1,0.010000,2,0
1770,20,-135.00,-105.00,0,0.010000,17,7
1771,20,-105.00,-135.00,0,0.010000,17,7
1772,2,100.00,49.00,1,0.010000,0,0
1773,2,100.00,49.00,1,0.010000,0,0
1774,20,85.00,135.00,0,0.010000,10,0
1775,20,45.00,105.00,0,0.010000,12,1
1776,20,95.00,125.00,0,0.010000,10,0
1777,20,95.00,145.00,0,0.010000,11,0
1778,2,100.00,100.00,1,0.010000,0,0
1779,4,88.00,37.00,1,0.010000,2,0
1780,20,-125.00,-115.00,0,0.010000,17,11
1781,20,-100.00,-140.00,0,0.010000,16,11
1782,20,46.00,106.00,0,0.010000,11,0
1783,20,29.00,10.00,0,0.010000,10,0
1784,20,85.00,135.00,0,0.010000,10,0
1785,20,95.00,145.00,0,0.010000,11,0
1786,20,95.00,125.00,0,0.010000,10,0
1787,3,48.00,89.00,1,0.010000,1,1
1788,2,100.00,100.00,1,0.010000,0,0
1789,4,88.00,37.00,1,0.010000,2,0
1790,20,-155.00,-85.00,0,0.010000,19,5
1791,20,-105.00,-135.00,0,0.010000,17,9
1792,20,-120.00,-120.00,0,0.010000,20,8
1793,0,0.00,0.00,1,0.010000,0,0
1794,20,85.00,135.00,0,0.010000,10,0
1795,20,45.00,105.00,0,0.010000,12,1
1796,20,95.00,125.00,0,0.010000,10,0
1797,20,90.00,150.00,0,0.010000,10,1
1798,2,100.00,100.00,1,0.010000,0,0
1799,4,88.00,37.00,1,0.010000,2,0
1800,20,-130.00,-110.00,0,0.010000,16,8
1801,20,-115.00,-125.00,0,0.010000,17,11
1802,20,-140.00,-100.00,0,0.010000,16,6
1803,2,100.00,100.00,1,0.010000,0,0
1804,20,85.00,135.00,0,0.010000,10,0
1805,20,95.00,145.00,0,0.010000,11,0
1806,20,95.00,125.00,0,0.010000,10,0
1807,20,-10.00,-70.00,0,0.010000,10,0
1808,2,100.00,100.00,1,0.010000,0,0
1809,4,88.00,37.00,1,0.010000,2,0
1810,20,-125.00,-115.00,0,0.010000,17,8
1811,20,-110.00,-130.00,0,0.010000,18,9
1812,20,56.00,96.00,0,0.010000,11,0
1813,20,-10.00,-70.00,0,0.010000,10,0
1814,20,85.00,135.00,0,0.010000,10,0
1815,20,95.00,145.00,0,0.010000,11,0
1816,20,95.00,125.00,0,0.010000,10,0
1817,20,-125.00,-115.00,0,0.010000,17,8
1818,2,100.00,100.00,1,0.010000,0,0
1819,4,88.00,37.00,1,0.010000,2,0
1820,20,-105.00,-135.00,0,0.010000,17,7
1821,20,-130.00,-110.00,0,0.010000,14,10
1822,3,89.00,99.00,1,0.010000,1,0
1823,20,-63.00,-33.00,0,0.010000,11,3
1824,20,95.00,145.00,0,0.010000,11,0
1825,20,95.00,145.00,0,0.010000,11,0
1826,20,95.00,125.00,0,0.010000,10,0
1827,0,0.00,0.00,1,0.010000,0,0
1828,2,100.00,100.00,1,0.010000,0,0
1829,4,88.00,37.00,1,0.010000,2,0
1830,20,-110.00,-130.00,0,0.010000,18,9
1831,20,-130.00,-110.00,0,0.010000,18,8
1832,1,4.00,50.00,1,0.010000,0,0
1833,20,-5.00,65.00,0,0.010000,13,1
1834,20,144.00,164.00,0,0.010000,10,0
1835,20,95.00,145.00,0,0.010000,11,0
1836,20,95.00,125.00,0,0.010000,10,0
1837,2,54.00,100.00,1,0.010000,0,0
1838,2,100.00,100.00,1,0.010000,0,0
1839,4,88.00,37.00,1,0.010000,2,0
1840,20,-130.00,-110.00,0,0.010000,16,7
1841,20,-125.00,-115.00,0,0.010000,17,11
1842,3,99.00,38.00,1,0.010000,1,0
1843,2,100.00,54.00,1,0.010000,0,0
1844,20,85.00,135.00,0,0.010000,10,0
1845,20,95.00,145.00,0,0.010000,11,0
1846,20,95.00,125.00,0,0.010000,10,0
1847,20,-38.00,-58.00,0,0.010000,12,2
1848,2,100.00,100.00,1,0.010000,0,0
1849,4,88.00,37.00,1,0.010000,2,0
1850,20,-90.00,-150.00,0,0.010000,20,7
1851,20,-130.00,-110.00,0,0.010000,16,7
1852,3,89.00,48.00,1,0.010000,1,0
1853,3,50.00,4.00,1,0.010000,1,0
1854,20,85.00,135.00,0,0.010000,10,0
1855,20,95.00,145.00,0,0.010000,11,0
1856,20,95.00,125.00,0,0.010000,10,0
1857,20,24.00,15.00,0,0.010000,9,1
1858,2,100.00,100.00,1,0.010000,0,0
1859,4,88.00,37.00,1,0.010000,2,0
1860,20,-110.00,-130.00,0,0.010000,16,9
1861,20,-135.00,-105.00,0,0.010000,17,10
1862,20,134.00,174.00,0,0.010000,10,0
1863,0,0.00,0.00,1,0.010000,0,0
1864,20,85.00,135.00,0,0.010000,10,0
1865,20,95.00,145.00,0,0.010000,11,0
1866,20,95.00,125.00,0,0.010000,10,0
1867,3,78.00,38.00,1,0.010000,2,1
1868,2,100.00,100.00,1,0.010000,0,0
1869,4,88.00,37.00,1,0.010000,2,0
1870,20,-115.00,-125.00,0,0.010000,17,8
1871,20,-140.00,-100.00,0,0.010000,18,9
1872,20,85.00,135.00,0,0.010000,10,0
1873,1,50.00,50.00,1,0.010000,0,0
1874,20,105.00,155.00,0,0.010000,10,0
1875,20,95.00,145.00,0,0.010000,11,0
1876,20,95.00,125.00,0,0.010000,10,0
1877,20,56.00,96.00,0,0.010000,11,0
1878,2,100.00,100.00,1,0.010000,0,0
1879,4,88.00,37.00,1,0.010000,2,0
1880,20,-105.00,-135.00,0,0.010000,17,6
1881,20,-115.00,-125.00,0,0.010000,19,8
1882,20,56.00,96.00,0,0.010000,11,0
1883,20,-73.00,24.00,0,0.010000,11,0
1884,20,85.00,135.00,0,0.010000,10,0
1885,20,95.00,145.00,0,0.010000,11,0
1886,20,95.00,125.00,0,0.010000,10,0
1887,2,100.00,49.00,1,0.010000,0,0
1888,2,100.00,100.00,1,0.010000,0,0
1889,4,88.00,37.00,1,0.010000,2,0
1890,20,-105.00,-135.00,0,0.010000,15,11
1891,20,-130.00,-110.00,0,0.010000,16,9
1892,3,89.00,99.00,1,0.010000,1,0
1893,20,0.00,0.00,0,0.010000,10,0
1894,20,85.00,135.00,0,0.010000,10,0
1895,20,95.00,145.00,0,0.010000,11,0
1896,20,95.00,125.00,0,0.010000,10,0
1897,20,-22.00,-27.00,0,0.010000,11,0
1898,2,100.00,100.00,1,0.010000,0,0
1899,4,88.00,37.00,1,0.010000,2,0
1900,20,-115.00,-125.00,0,0.010000,17,6
1901,20,-125.00,-115.00,0,0.010000,19,9
1902,2,54.00,100.00,1,0.010000,0,0
1903,1,50.00,50.00,1,0.010000,0,0
1904,20,85.00,135.00,0,0.010000,10,0
1905,20,95.00,145.00,0,0.010000,11,0
1906,20,95.00,125.00,0,0.010000,10,0
1907,20,-140.00,-100.00,0,0.010000,16,9
1908,2,100.00,100.00,1,0.010000,0,0
1909,6,86.00,15.00,1,0.010000,4,0
1910,20,-120.00,-120.00,0,0.010000,18,8
1911,20,-115.00,-125.00,0,0.010000,17,10
1912,1,50.00,4.00,1,0.010000,0,0
1913,2,39.00,89.00,1,0.010000,1,0
1914,20,85.00,135.00,0,0.010000,10,0
1915,20,95.00,145.00,0,0.010000,11,0
1916,20,95.00,125.00,0,0.010000,10,0
1917,3,50.00,4.00,1,0.010000,1,0
1918,2,100.00,100.00,1,0.010000,0,0
1919,4,88.00,37.00,1,0.010000,2,0
1920,20,-125.00,-115.00,0,0.010000,17,7
1921,20,-145.00,-95.00,0,0.010000,17,5
1922,2,49.00,100.00,1,0.010000,0,0
1923,20,-105.00,-135.00,0,0.010000,19,6
1924,20,90.00,130.00,0,0.010000,9,1
1925,20,95.00,145.00,0,0.010000,11,0
1926,20,95.00,125.00,0,0.010000,10,0
1927,1,50.00,50.00,1,0.010000,0,0
1928,2,100.00,100.00,1,0.010000,0,0
1929,4,88.00,37.00,1,0.010000,2,0
1930,20,-115.00,-125.00,0,0.010000,17,10
1931,20,-110.00,-130.00,0,0.010000,18,11
1932,3,89.00,99.00,1,0.010000,1,0
1933,20,-58.00,-38.00,0,0.010000,12,2
1934,20,85.00,135.00,0,0.010000,10,0
1935,20,95.00,145.00,0,0.010000,11,0
1936,20,95.00,125.00,0,0.010000,10,0
1937,3,99.00,43.00,1,0.010000,1,0
1938,2,100.00,100.00,1,0.010000,0,0
1939,4,88.00,37.00,1,0.010000,2,0
1940,20,-115.00,-125.00,0,0.010000,17,11
1941,20,-130.00,-110.00,0,0.010000,16,8
1942,20,-130.00,-110.00,0,0.010000,16,8
1943,20,27.00,-25.00,0,0.010000,11,0
1944,20,85.00,135.00,0,0.010000,10,0
1945,20,95.00,145.00,0,0.010000,11,0
1946,20,104.00,114.00,0,0.010000,11,0
1947,2,100.00,100.00,1,0.010000,0,0
1948,2,100.00,100.00,1,0.010000,0,0
1949,4,88.00,37.00,1,0.010000,2,0
1950,20,-135.00,-105.00,0,0.010000,15,9
1951,20,-130.00,-110.00,0,0.010000,18,9
1952,20,13.00,3.00,0,0.010000,11,3
1953,20,-42.00,63.00,0,0.010000,12,0
1954,20,85.00,135.00,0,0.010000,10,1
1955,20,95.00,145.00,0,0.010000,11,0
1956,20,139.00,169.00,0,0.010000,9,1
1957,2,100.00,100.00,1,0.010000,0,0
1958,2,100.00,100.00,1,0.010000,0,0
1959,5,87.00,26.00,1,0.010000,3,1
1960,20,-120.00,-120.00,0,0.010000,18,8
1961,20,-120.00,-120.00,0,0.010000,18,8
1962,20,-110.00,-130.00,0,0.010000,18,8
1963,20,5.00,-23.00,0,0.010000,12,0
1964,20,85.00,135.00,0,0.010000,10,0
1965,20,95.00,145.00,0,0.010000,11,0
1966,20,95.00,125.00,0,0.010000,10,0
1967,0,0.00,0.00,1,0.010000,0,0
1968,2,100.00,100.00,1,0.010000,0,0
1969,4,88.00,37.00,1,0.010000,2,0
1970,20,-90.00,-150.00,0,0.010000,16,7
1971,20,-140.00,-100.00,0,0.010000,16,10
1972,20,-140.00,-100.00,0,0.010000,16,9
1973,20,-110.00,-130.00,0,0.010000,18,6
1974,20,85.00,135.00,0,0.010000,10,0
1975,20,95.00,145.00,0,0.010000,11,0
1976,20,95.00,125.00,0,0.010000,10,0
1977,20,-115.00,-125.00,0,0.010000,17,9
1978,2,100.00,100.00,1,0.010000,0,0
1979,4,88.00,37.00,1,0.010000,2,0
1980,20,-105.00,-135.00,0,0.010000,17,9
1981,20,-135.00,-105.00,0,0.010000,17,9
1982,0,0.00,0.00,1,0.010000,0,0
1983,1,50.00,50.00,1,0.010000,0,0
1984,20,85.00,135.00,0,0.010000,10,0
1985,20,95.00,145.00,0,0.010000,11,0
1986,20,95.00,125.00,0,0.010000,10,0
1987,2,100.00,100.00,1,0.010000,0,0
1988,2,100.00,100.00,1,0.010000,0,0
1989,4,88.00,37.00,1,0.010000,2,0
1990,20,-135.00,-105.00,0,0.010000,17,9
1991,20,-150.00,-90.00,0,0.010000,18,8
1992,1,50.00,50.00,1,0.010000,0,0
1993,20,-2.00,18.00,0,0.010000,12,1
1994,20,146.00,186.00,0,0.010000,9,0
1995,20,95.00,145.00,0,0.010000,11,0
1996,20,95.00,125.00,0,0.010000,10,0
1997,0,0.00,0.00,1,0.010000,0,0
1998,2,100.00,100.00,1,0.010000,0,0
1999,4,88.00,37.00,1,0.010000,2,0
2000,20,-80.00,-160.00,0,0.010000,18,11
2001,20,-125.00,-115.00,0,0.010000,17,9
2002,20,-25.00,-22.00,0,0.010000,11,1
2003,20,85.00,155.00,0,0.010000,11,1
2004,20,85.00,135.00,0,0.010000,10,0
2005,20,95.00,145.00,0,0.010000,11,0
2006,20,95.00,125.00,0,0.010000,10,0
2007,1,4.00,50.00,1,0.010000,0,0
2008,2,100.00,100.00,1,0.010000,0,0
2009,4,88.00,37.00,1,0.010000,2,0
2010,20,-125.00,-115.00,0,0.010000,17,8
2011,20,-130.00,-110.00,0,0.010000,16,7
2012,1,4.00,50.00,1,0.010000,0,0
2013,20,85.00,135.00,0,0.010000,10,0
2014,20,85.00,135.00,0,0.010000,10,0
2015,20,95.00,145.00,0,0.010000,11,0
2016,20,95.00,125.00,0,0.010000,10,0
2017,2,100.00,49.00,1,0.010000,0,0
2018,2,100.00,100.00,1,0.010000,0,0
2019,4,88.00,37.00,1,0.010000,2,0
2020,20,-125.00,-115.00,0,0.010000,17,11
2021,20,-90.00,-150.00,0,0.010000,18,9
2022,3,38.00,128.00,1,0.010000,1,0
2023,20,-120.00,-120.00,0,0.010000,16,7
2024,20,85.00,135.00,0,0.010000,10,0
2025,20,15.00,45.00,0,0.010000,13,1
2026,20,95.00,125.00,0,0.010000,10,0
2027,20,-63.00,-73.00,0,0.010000,12,0
2028,2,100.00,100.00,1,0.010000,0,0
2029,6,15.00,86.00,1,0.010000,4,0
2030,20,-120.00,-120.00,0,0.010000,16,8
2031,20,-135.00,-105.00,0,0.010000,19,9
2032,2,100.00,54.00,1,0.010000,0,0
2033,20,-105.00,-135.00,0,0.010000,17,7
2034,20,85.00,135.00,0,0.010000,10,1
2035,20,5.00,55.00,0,0.010000,13,2
2036,20,95.00,125.00,0,0.010000,10,0
2037,0,0.00,0.00,1,0.010000,0,0
2038,2,100.00,100.00,1,0.010000,0,0
2039,4,88.00,37.00,1,0.010000,2,0
2040,20,-140.00,-100.00,0,0.010000,18,10
2041,20,-90.00,-150.00,0,0.010000,18,5
2042,3,99.00,104.00,1,0.010000,0,0
2043,1,4.00,50.00,1,0.010000,0,0
2044,20,85.00,135.00,0,0.010000,10,0
2045,20,95.00,145.00,0,0.010000,11,0
2046,20,95.00,125.00,0,0.010000,10,0
2047,20,85.00,135.00,0,0.010000,10,0
2048,2,100.00,100.00,1,0.010000,0,0
2049,4,88.00,37.00,1,0.010000,2,0
2050,20,-145.00,-95.00,0,0.010000,17,9
2051,20,-140.00,-100.00,0,0.010000,18,7
2052,20,56.00,96.00,0,0.010000,11,0
2053,1,50.00,50.00,1,0.010000,0,0
2054,20,85.00,135.00,0,0.010000,10,1
2055,20,95.00,145.00,0,0.010000,11,0
2056,20,95.00,125.00,0,0.010000,10,0
2057,1,50.00,50.00,1,0.010000,0,0
2058,2,100.00,100.00,1,0.010000,0,0
2059,4,88.00,37.00,1,0.010000,2,0
2060,20,-110.00,-130.00,0,0.010000,18,11
2061,20,-125.00,-115.00,0,0.010000,15,13
2062,0,0.00,0.00,1,0.010000,0,0
2063,1,50.00,50.00,1,0.010000,0,0
2064,20,85.00,135.00,0,0.010000,10,0
2065,20,45.00,105.00,0,0.010000,12,1
2066,20,95.00,125.00,0,0.010000,10,0
2067,20,85.00,135.00,0,0.010000,10,0
2068,2,100.00,100.00,1,0.010000,0,0
2069,4,88.00,37.00,1,0.010000,2,0
2070,20,-105.00,-135.00,0,0.010000,19,6
2071,20,-115.00,-125.00,0,0.010000,17,7
2072,20,-135.00,-105.00,0,0.010000,15,12
2073,20,-135.00,-105.00,0,0.010000,17,8
2074,20,85.00,135.00,0,0.010000,10,0
2075,20,15.00,65.00,0,0.010000,12,0
2076,20,95.00,125.00,0,0.010000,10,0
2077,3,89.00,99.00,1,0.010000,1,0
2078,2,100.00,100.00,1,0.010000,0,0
2079,6,86.00,15.00,1,0.010000,4,0
2080,20,-110.00,-130.00,0,0.010000,16,9
2081,20,-95.00,-145.00,0,0.010000,17,9
2082,2,100.00,49.00,1,0.010000,0,0
2083,20,46.00,106.00,0,0.010000,11,0
2084,20,85.00,135.00,0,0.010000,10,0
2085,20,95.00,145.00,0,0.010000,11,0
2086,20,95.00,125.00,0,0.010000,10,0
2087,20,-36.00,-36.00,0,0.010000,11,2
2088,2,100.00,100.00,1,0.010000,0,0
2089,5,77.00,36.00,1,0.010000,3,1
2090,20,-105.00,-135.00,0,0.010000,17,5
2091,20,-135.00,-105.00,0,0.010000,19,10
2092,0,0.00,0.00,1,0.010000,0,0
2093,20,-115.00,-125.00,0,0.010000,17,8
2094,20,85.00,135.00,0,0.010000,10,0
2095,20,95.00,145.00,0,0.010000,11,0
2096,20,95.00,125.00,0,0.010000,10,0
2097,20,56.00,96.00,0,0.010000,11,0
2098,2,100.00,100.00,1,0.010000,0,0
2099,4,88.00,37.00,1,0.010000,2,0
2100,20,-110.00,-130.00,0,0.010000,18,9
2101,20,-140.00,-100.00,0,0.010000,16,11
2102,2,100.00,49.00,1,0.010000,0,0
2103,20,-105.00,-135.00,0,0.010000,17,7
2104,20,85.00,135.00,0,0.010000,10,0
2105,20,55.00,95.00,0,0.010000,12,1
2106,20,95.00,125.00,0,0.010000,10,0
2107,20,-125.00,-115.00,0,0.010000,17,10
2108,2,100.00,100.00,1,0.010000,0,0
2109,4,88.00,37.00,1,0.010000,2,0
2110,20,-120.00,-120.00,0,0.010000,18,8
2111,20,-110.00,-130.00,0,0.010000,16,7
2112,2,100.00,54.00,1,0.010000,0,0
2113,2,100.00,49.00,1,0.010000,0,0
2114,20,85.00,135.00,0,0.010000,10,0
2115,20,95.00,145.00,0,0.010000,11,0
2116,20,95.00,125.00,0,0.010000,10,0
2117,20,46.00,106.00,0,0.010000,11,0
2118,2,100.00,100.00,1,0.010000,0,0
2119,4,88.00,37.00,1,0.010000,2,0
2120,20,-135.00,-105.00,0,0.010000,17,9
2121,20,-80.00,-160.00,0,0.010000,18,8
2122,2,100.00,89.00,1,0.010000,0,0
2123,1,50.00,50.00,1,0.010000,0,0
2124,20,85.00,135.00,0,0.010000,10,0
2125,20,95.00,145.00,0,0.010000,11,0
2126,20,95.00,125.00,0,0.010000,10,0
2127,20,56.00,96.00,0,0.010000,11,0
2128,2,100.00,100.00,1,0.010000,0,0
2129,4,88.00,37.00,1,0.010000,2,0
2130,20,-125.00,-115.00,0,0.010000,19,8
2131,20,-80.00,-160.00,0,0.010000,16,11
2132,20,85.00,135.00,0,0.010000,10,0
2133,20,-46.00,-26.00,0,0.010000,11,2
2134,20,85.00,135.00,0,0.010000,10,0
2135,20,95.00,145.00,0,0.010000,11,0
2136,20,95.00,125.00,0,0.010000,10,0
2137,20,85.00,135.00,0,0.010000,10,0
2138,2,100.00,100.00,1,0.010000,0,0
2139,4,88.00,37.00,1,0.010000,2,0
2140,20,-110.00,-130.00,0,0.010000,18,12
2141,20,-130.00,-110.00,0,0.010000,18,9
2142,20,74.00,144.00,0,0.010000,11,0
2143,20,-30.00,24.00,0,0.010000,11,0
2144,20,85.00,135.00,0,0.010000,10,0
2145,20,95.00,145.00,0,0.010000,11,0
2146,20,95.00,125.00,0,0.010000,10,0
2147,20,-135.00,-105.00,0,0.010000,17,8
2148,2,100.00,100.00,1,0.010000,0,0
2149,4,88.00,37.00,1,0.010000,2,0
2150,20,-125.00,-115.00,0,0.010000,17,10
2151,20,-110.00,-130.00,0,0.010000,18,9
2152,1,50.00,50.00,1,0.010000,0,0
2153,20,-120.00,-120.00,0,0.010000,16,11
2154,20,85.00,135.00,0,0.010000,10,0
2155,20,95.00,145.00,0,0.010000,11,0
2156,20,95.00,125.00,0,0.010000,10,0
2157,3,89.00,53.00,1,0.010000,1,0
2158,2,100.00,100.00,1,0.010000,0,0
2159,4,88.00,37.00,1,0.010000,2,0
2160,20,-80.00,-160.00,0,0.010000,18,8
2161,20,-100.00,-140.00,0,0.010000,16,7
2162,0,0.00,0.00,1,0.010000,0,0
2163,20,11.00,31.00,0,0.010000,11,1
2164,20,85.00,135.00,0,0.010000,10,0
2165,20,95.00,145.00,0,0.010000,11,0
2166,20,95.00,125.00,0,0.010000,10,0
2167,4,49.00,54.00,1,0.010000,1,0
2168,2,100.00,100.00,1,0.010000,0,0
2169,4,88.00,37.00,1,0.010000,2,0
2170,20,-130.00,-110.00,0,0.010000,18,9
2171,20,-135.00,-105.00,0,0.010000,17,10
2172,20,-24.00,-24.00,0,0.010000,10,2
2173,20,-69.00,-57.00,0,0.010000,12,0
2174,20,85.00,135.00,0,0.010000,10,0
2175,20,95.00,145.00,0,0.010000,11,0
2176,20,95.00,125.00,0,0.010000,10,0
2177,20,-37.00,58.00,0,0.010000,11,1
2178,2,100.00,100.00,1,0.010000,0,0
2179,4,88.00,37.00,1,0.010000,2,0
2180,20,-150.00,-90.00,0,0.010000,18,9
2181,20,-80.00,-160.00,0,0.010000,18,9
2182,3,99.00,38.00,1,0.010000,1,0
2183,20,-63.00,-33.00,0,0.010000,13,1
2184,20,85.00,135.00,0,0.010000,10,0
2185,20,95.00,145.00,0,0.010000,11,0
2186,20,95.00,125.00,0,0.010000,10,0
2187,20,96.00,146.00,0,0.010000,10,0
2188,2,100.00,100.00,1,0.010000,0,0
2189,4,88.00,37.00,1,0.010000,2,0
2190,20,-125.00,-115.00,0,0.010000,17,10
2191,20,-105.00,-135.00,0,0.010000,17,10
2192,20,-150.00,-90.00,0,0.010000,16,11
2193,4,88.00,37.00,1,0.010000,2,0
2194,20,85.00,135.00,0,0.010000,10,0
2195,20,95.00,145.00,0,0.010000,11,0
2196,20,95.00,125.00,0,0.010000,10,0
2197,20,6.00,26.00,0,0.010000,13,0
2198,2,100.00,100.00,1,0.010000,0,0
2199,4,88.00,37.00,1,0.010000,2,0
2200,20,-105.00,-135.00,0,0.010000,19,10
2201,20,-110.00,-130.00,0,0.010000,16,7
2202,20,134.00,174.00,0,0.010000,10,0
2203,0,0.00,0.00,1,0.010000,0,0
2204,20,85.00,135.00,0,0.010000,10,0
2205,20,95.00,145.00,0,0.010000,11,0
2206,20,95.00,125.00,0,0.010000,10,0
2207,3,59.00,50.00,1,0.010000,1,0
2208,2,100.00,100.00,1,0.010000,0,0
2209,4,88.00,37.00,1,0.010000,2,0
2210,20,-135.00,-105.00,0,0.010000,19,8
2211,20,-110.00,-130.00,0,0.010000,16,10
2212,2,100.00,100.00,1,0.010000,0,0
2213,20,32.00,32.00,0,0.010000,10,1
2214,20,85.00,135.00,0,0.010000,10,0
2215,20,95.00,145.00,0,0.010000,11,0
2216,20,95.00,125.00,0,0.010000,10,0
2217,3,99.00,104.00,1,0.010000,0,0
2218,2,100.00,100.00,1,0.010000,0,0
2219,4,88.00,37.00,1,0.010000,2,0
2220,20,-120.00,-120.00,0,0.010000,16,8
2221,20,-110.00,-130.00,0,0.010000,18,9
2222,1,50.00,50.00,1,0.010000,0,0
2223,0,0.00,0.00,1,0.010000,0,0
2224,20,85.00,135.00,0,0.010000,10,0
2225,20,95.00,145.00,0,0.010000,11,0
2226,20,144.00,164.00,0,0.010000,10,1
2227,20,95.00,125.00,0,0.010000,10,0
2228,2,100.00,100.00,1,0.010000,0,0
2229,4,88.00,37.00,1,0.010000,2,0
2230,20,-120.00,-120.00,0,0.010000,18,11
2231,20,-120.00,-120.00,0,0.010000,18,11
2232,20,5.00,55.00,0,0.010000,13,0
2233,20,-125.00,-115.00,0,0.010000,17,9
2234,20,85.00,135.00,0,0.010000,10,0
2235,20,95.00,145.00,0,0.010000,11,0
2236,20,95.00,125.00,0,0.010000,10,0
2237,20,-7.00,23.00,0,0.010000,11,2
2238,2,100.00,100.00,1,0.010000,0,0
2239,4,88.00,37.00,1,0.010000,2,0
2240,20,-120.00,-120.00,0,0.010000,18,8
2241,20,-105.00,-135.00,0,0.010000,17,8
2242,0,0.00,0.00,1,0.010000,0,0
2243,20,-105.00,-135.00,0,0.010000,17,10
2244,20,85.00,135.00,0,0.010000,10,0
2245,20,95.00,145.00,0,0.010000,11,0
2246,20,134.00,174.00,0,0.010000,10,1
2247,20,-130.00,-110.00,0,0.010000,18,6
2248,2,100.00,100.00,1,0.010000,0,0
2249,4,37.00,117.00,1,0.010000,2,0
2250,20,-110.00,-130.00,0,0.010000,16,11
2251,20,-100.00,-140.00,0,0.010000,18,10
2252,1,50.00,50.00,1,0.010000,0,0
2253,2,49.00,100.00,1,0.010000,0,0
2254,20,85.00,135.00,0,0.010000,10,0
2255,20,95.00,145.00,0,0.010000,11,0
2256,20,95.00,125.00,0,0.010000,10,0
2257,20,10.00,30.00,0,0.010000,11,1
2258,2,100.00,100.00,1,0.010000,0,0
2259,4,88.00,37.00,1,0.010000,2,0
2260,20,-135.00,-105.00,0,0.010000,17,10
2261,20,-110.00,-130.00,0,0.010000,20,7
2262,2,100.00,49.00,1,0.010000,0,0
2263,20,-105.00,-135.00,0,0.010000,17,12
2264,20,85.00,135.00,0,0.010000,10,0
2265,20,95.00,145.00,0,0.010000,11,0
2266,20,95.00,125.00,0,0.010000,10,0
2267,20,30.00,10.00,0,0.010000,11,1
2268,2,100.00,100.00,1,0.010000,0,0
2269,4,88.00,37.00,1,0.010000,2,0
2270,20,-110.00,-130.00,0,0.010000,16,8
2271,20,-120.00,-120.00,0,0.010000,18,8
2272,3,50.00,4.00,1,0.010000,1,0
2273,20,-95.00,-145.00,0,0.010000,17,9
2274,20,85.00,135.00,0,0.010000,10,0
2275,20,55.00,95.00,0,0.010000,12,1
2276,20,95.00,125.00,0,0.010000,10,0
2277,2,100.00,54.00,1,0.010000,0,0
2278,2,100.00,100.00,1,0.010000,0,0
2279,4,88.00,37.00,1,0.010000,2,0
2280,20,-125.00,-115.00,0,0.010000,15,10
2281,20,-105.00,-135.00,0,0.010000,19,11
2282,20,95.00,145.00,0,0.010000,11,0
2283,1,50.00,50.00,1,0.010000,0,0
2284,20,85.00,135.00,0,0.010000,10,0
2285,20,95.00,145.00,0,0.010000,11,0
2286,20,95.00,125.00,0,0.010000,10,0
2287,0,0.00,0.00,1,0.010000,0,0
2288,3,89.00,99.00,1,0.010000,1,1
2289,4,88.00,37.00,1,0.010000,2,0
2290,20,-145.00,-95.00,0,0.010000,17,8
2291,20,-110.00,-130.00,0,0.010000,18,7
2292,20,40.00,-28.00,0,0.010000,12,1
2293,1,50.00,50.00,1,0.010000,0,0
2294,20,85.00,135.00,0,0.010000,10,0
2295,20,95.00,145.00,0,0.010000,11,0
2296,20,95.00,125.00,0,0.010000,10,0
2297,0,0.00,0.00,1,0.010000,0,0
2298,2,100.00,100.00,1,0.010000,0,0
2299,4,88.00,37.00,1,0.010000,2,0
2300,20,-115.00,-125.00,0,0.010000,19,11
2301,20,-105.00,-135.00,0,0.010000,15,13
2302,1,50.00,50.00,1,0.010000,0,0
2303,20,-135.00,-105.00,0,0.010000,15,9
2304,20,85.00,135.00,0,0.010000,10,0
2305,20,95.00,145.00,0,0.010000,11,0
2306,20,95.00,125.00,0,0.010000,10,0
2307,20,-120.00,-120.00,0,0.010000,18,8
2308,2,100.00,100.00,1,0.010000,0,0
2309,4,88.00,37.00,1,0.010000,2,0
2310,20,-100.00,-140.00,0,0.010000,18,10
2311,20,-95.00,-145.00,0,0.010000,19,8
2312,2,39.00,89.00,1,0.010000,1,0
2313,2,49.00,54.00,1,0.010000,0,0
2314,20,85.00,135.00,0,0.010000,10,0
2315,20,95.00,145.00,0,0.010000,11,0
2316,20,95.00,125.00,0,0.010000,10,0
2317,2,100.00,54.00,1,0.010000,0,0
2318,2,100.00,100.00,1,0.010000,0,0
2319,4,88.00,37.00,1,0.010000,2,0
2320,20,-135.00,-105.00,0,0.010000,17,11
2321,20,-105.00,-135.00,0,0.010000,17,10
2322,0,0.00,0.00,1,0.010000,0,0
2323,0,0.00,0.00,1,0.010000,0,0
2324,20,85.00,135.00,0,0.010000,10,0
2325,20,95.00,145.00,0,0.010000,11,0
2326,20,95.00,125.00,0,0.010000,10,0
2327,3,59.00,50.00,1,0.010000,1,0
2328,2,100.00,100.00,1,0.010000,0,0
2329,4,88.00,37.00,1,0.010000,2,0
2330,20,-145.00,-95.00,0,0.010000,17,8
2331,20,-80.00,-160.00,0,0.010000,16,11
2332,2,49.00,89.00,1,0.010000,0,0
2333,1,50.00,4.00,1,0.010000,0,0
2334,20,85.00,135.00,0,0.010000,10,1
2335,20,95.00,145.00,0,0.010000,11,0
2336,20,65.00,105.00,0,0.010000,11,0
2337,1,50.00,50.00,1,0.010000,0,0
2338,2,100.00,100.00,1,0.010000,0,0
2339,4,88.00,37.00,1,0.010000,2,0
2340,20,-125.00,-115.00,0,0.010000,19,8
2341,20,-130.00,-110.00,0,0.010000,16,11
2342,20,-110.00,-130.00,0,0.010000,18,12
2343,0,0.00,0.00,1,0.010000,0,0
2344,20,144.00,184.00,0,0.010000,9,0
2345,20,95.00,145.00,0,0.010000,11,0
2346,20,95.00,125.00,0,0.010000,10,0
2347,20,-120.00,-120.00,0,0.010000,16,9
2348,2,100.00,100.00,1,0.010000,0,0
2349,4,88.00,37.00,1,0.010000,2,0
2350,20,-90.00,-150.00,0,0.010000,20,7
2351,20,-115.00,-125.00,0,0.010000,19,7
2352,1,50.00,4.00,1,0.010000,0,0
2353,20,-29.00,-19.00,0,0.010000,11,1
2354,20,146.00,186.00,0,0.010000,9,0
2355,20,95.00,145.00,0,0.010000,11,0
2356,20,95.00,125.00,0,0.010000,10,0
2357,20,-115.00,-125.00,0,0.010000,17,11
2358,2,100.00,100.00,1,0.010000,0,0
2359,4,88.00,37.00,1,0.010000,2,0
2360,20,-140.00,-100.00,0,0.010000,18,9
2361,20,-125.00,-115.00,0,0.010000,17,11
2362,0,0.00,0.00,1,0.010000,0,0
2363,20,0.00,0.00,0,0.010000,10,0
2364,20,85.00,135.00,0,0.010000,10,0
2365,20,95.00,145.00,0,0.010000,11,0
2366,20,104.00,134.00,0,0.010000,10,0
2367,1,50.00,4.00,1,0.010000,0,0
2368,2,100.00,100.00,1,0.010000,0,0
2369,4,88.00,37.00,1,0.010000,2,0
2370,20,-90.00,-150.00,0,0.010000,16,12
2371,20,-110.00,-130.00,0,0.010000,18,7
2372,20,-140.00,-100.00,0,0.010000,16,10
2373,20,-140.00,-100.00,0,0.010000,16,11
2374,20,85.00,135.00,0,0.010000,10,0
2375,20,95.00,145.00,0,0.010000,11,0
2376,20,66.00,86.00,0,0.010000,11,1
2377,2,89.00,39.00,1,0.010000,1,0
2378,2,100.00,100.00,1,0.010000,0,0
2379,4,88.00,37.00,1,0.010000,2,0
2380,20,-120.00,-120.00,0,0.010000,18,7
2381,20,-115.00,-125.00,0,0.010000,17,9
2382,20,-85.00,-155.00,0,0.010000,19,9
2383,2,49.00,100.00,1,0.010000,0,0
2384,20,85.00,135.00,0,0.010000,10,0
2385,20,95.00,145.00,0,0.010000,11,0
2386,20,95.00,125.00,0,0.010000,10,0
2387,20,-105.00,-135.00,0,0.010000,19,9
2388,2,100.00,100.00,1,0.010000,0,0
2389,4,88.00,37.00,1,0.010000,2,0
2390,20,-115.00,-125.00,0,0.010000,15,12
2391,20,-100.00,-140.00,0,0.010000,18,9
2392,20,-26.00,-46.00,0,0.010000,11,2
2393,0,0.00,0.00,1,0.010000,0,0
2394,20,85.00,135.00,0,0.010000,10,0
2395,20,95.00,145.00,0,0.010000,11,0
2396,20,95.00,125.00,0,0.010000,10,0
2397,2,100.00,89.00,1,0.010000,0,0
2398,2,100.00,100.00,1,0.010000,0,0
2399,4,88.00,37.00,1,0.010000,2,0
2400,20,-120.00,-120.00,0,0.010000,18,6
2401,20,-135.00,-105.00,0,0.010000,17,12
2402,1,4.00,50.00,1,0.010000,0,0
2403,2,100.00,49.00,1,0.010000,0,0
2404,20,85.00,135.00,0,0.010000,10,0
2405,20,95.00,145.00,0,0.010000,11,0
2406,20,95.00,125.00,0,0.010000,10,0
2407,20,-105.00,-135.00,0,0.010000,19,11
2408,2,100.00,100.00,1,0.010000,0,0
2409,4,88.00,37.00,1,0.010000,2,0
2410,20,-130.00,-110.00,0,0.010000,18,10
2411,20,-110.00,-130.00,0,0.010000,16,7
2412,20,-110.00,-130.00,0,0.010000,18,8
2413,20,-37.00,-23.00,0,0.010000,12,2
2414,20,85.00,135.00,0,0.010000,10,0
2415,20,95.00,145.00,0,0.010000,11,0
2416,20,95.00,125.00,0,0.010000,10,0
2417,4,88.00,37.00,1,0.010000,2,0
2418,2,100.00,100.00,1,0.010000,0,0
2419,4,88.00,37.00,1,0.010000,2,0
2420,20,-125.00,-115.00,0,0.010000,17,7
2421,20,-140.00,-100.00,0,0.010000,16,13
2422,2,100.00,54.00,1,0.010000,0,0
2423,1,50.00,50.00,1,0.010000,0,0
2424,20,85.00,135.00,0,0.010000,10,0
2425,20,95.00,145.00,0,0.010000,11,0
2426,20,95.00,125.00,0,0.010000,10,0
2427,20,-130.00,-110.00,0,0.010000,18,9
2428,2,100.00,100.00,1,0.010000,0,0
2429,4,88.00,37.00,1,0.010000,2,0
2430,20,-90.00,-150.00,0,0.010000,18,15
2431,20,-140.00,-100.00,0,0.010000,18,6
2432,2,100.00,100.00,1,0.010000,0,0
2433,20,-17.00,-7.00,0,0.010000,10,1
2434,20,144.00,164.00,0,0.010000,10,0
2435,20,95.00,145.00,0,0.010000,11,0
2436,20,95.00,125.00,0,0.010000,10,0
2437,20,-95.00,-145.00,0,0.010000,17,9
2438,2,100.00,100.00,1,0.010000,0,0
2439,4,88.00,37.00,1,0.010000,2,0
2440,20,-95.00,-145.00,0,0.010000,17,11
2441,20,-130.00,-110.00,0,0.010000,16,10
2442,20,10.00,30.00,0,0.010000,11,1
2443,1,4.00,50.00,1,0.010000,0,0
2444,20,85.00,135.00,0,0.010000,10,0
2445,20,95.00,145.00,0,0.010000,11,0
2446,20,95.00,125.00,0,0.010000,10,0
2447,0,0.00,0.00,1,0.010000,0,0
2448,2,100.00,100.00,1,0.010000,0,0
2449,4,88.00,37.00,1,0.010000,2,0
2450,20,-115.00,-125.00,0,0.010000,19,9
2451,20,-105.00,-135.00,0,0.010000,19,6
2452,20,46.00,106.00,0,0.010000,11,0
2453,3,38.00,128.00,1,0.010000,1,0
2454,20,85.00,135.00,0,0.010000,10,0
2455,20,95.00,145.00,0,0.010000,11,0
2456,20,95.00,125.00,0,0.010000,10,0
2457,20,-120.00,-120.00,0,0.010000,16,11
2458,2,100.00,100.00,1,0.010000,0,0
2459,4,88.00,37.00,1,0.010000,2,0
2460,20,-130.00,-110.00,0,0.010000,18,9
2461,20,-115.00,-125.00,0,0.010000,15,12
2462,0,0.00,0.00,1,0.010000,0,0
2463,20,-85.00,-155.00,0,0.010000,17,7
2464,20,85.00,135.00,0,0.010000,10,0
2465,20,95.00,145.00,0,0.010000,11,0
2466,20,95.00,125.00,0,0.010000,10,0
2467,20,-34.00,-25.00,0,0.010000,14,0
2468,2,100.00,100.00,1,0.010000,0,0
2469,4,88.00,37.00,1,0.010000,2,0
2470,20,-130.00,-110.00,0,0.010000,18,7
2471,20,-105.00,-135.00,0,0.010000,17,13
2472,20,-76.00,-32.00,0,0.010000,12,1
2473,0,0.00,0.00,1,0.010000,0,0
2474,20,85.00,135.00,0,0.010000,10,0
2475,20,95.00,145.00,0,0.010000,11,0
2476,20,95.00,125.00,0,0.010000,10,0
2477,20,-39.00,-9.00,0,0.010000,11,1
2478,2,100.00,100.00,1,0.010000,0,0
2479,4,88.00,37.00,1,0.010000,2,0
2480,20,-125.00,-115.00,0,0.010000,19,5
2481,20,-130.00,-110.00,0,0.010000,18,12
2482,20,-80.00,-160.00,0,0.010000,16,7
2483,3,59.00,50.00,1,0.010000,1,0
2484,20,85.00,135.00,0,0.010000,10,0
2485,20,95.00,145.00,0,0.010000,11,0
2486,20,55.00,95.00,0,0.010000,12,0
2487,0,0.00,0.00,1,0.010000,0,0
2488,2,100.00,100.00,1,0.010000,0,0
2489,4,88.00,37.00,1,0.010000,2,0
2490,20,-150.00,-90.00,0,0.010000,18,11
2491,20,-130.00,-110.00,0,0.010000,18,10
2492,2,100.00,54.00,1,0.010000,0,0
2493,20,-36.00,-23.00,0,0.010000,11,2
2494,20,85.00,135.00,0,0.010000,10,0
2495,20,95.00,145.00,0,0.010000,11,0
2496,20,95.00,125.00,0,0.010000,10,0
2497,20,8.00,8.00,0,0.010000,12,1
2498,2,100.00,100.00,1,0.010000,0,0
2499,4,88.00,37.00,1,0.010000,2,0
2500,20,-120.00,-120.00,0,0.010000,14,12
2501,20,-110.00,-130.00,0,0.010000,20,9
2502,4,88.00,37.00,1,0.010000,2,0
2503,2,100.00,54.00,1,0.010000,0,0
2504,20,85.00,135.00,0,0.010000,10,0
2505,20,95.00,145.00,0,0.010000,11,0
2506,20,95.00,125.00,0,0.010000,10,0
2507,20,-110.00,-130.00,0,0.010000,16,8
2508,2,100.00,100.00,1,0.010000,0,0
2509,4,88.00,37.00,1,0.010000,2,0
2510,20,-100.00,-140.00,0,0.010000,20,7
2511,20,-90.00,-150.00,0,0.010000,18,12
2512,1,50.00,50.00,1,0.010000,0,0
2513,1,50.00,50.00,1,0.010000,0,0
2514,20,85.00,135.00,0,0.010000,10,0
2515,20,95.00,145.00,0,0.010000,11,0
2516,20,95.00,125.00,0,0.010000,10,0
2517,20,10.00,30.00,0,0.010000,11,1
2518,2,100.00,100.00,1,0.010000,0,0
2519,4,88.00,37.00,1,0.010000,2,0
2520,20,-130.00,-110.00,0,0.010000,16,11
2521,20,-130.00,-110.00,0,0.010000,18,10
2522,20,-140.00,-100.00,0,0.010000,18,9
2523,20,-105.00,-135.00,0,0.010000,17,8
2524,20,85.00,135.00,0,0.010000,10,0
2525,20,55.00,95.00,0,0.010000,12,1
2526,20,95.00,125.00,0,0.010000,10,0
2527,20,-120.00,-120.00,0,0.010000,16,12
2528,2,100.00,100.00,1,0.010000,0,0
2529,4,88.00,37.00,1,0.010000,2,0
2530,20,-80.00,-160.00,0,0.010000,18,6
2531,20,-110.00,-130.00,0,0.010000,16,12
2532,1,4.00,50.00,1,0.010000,0,0
2533,0,0.00,0.00,1,0.010000,0,0
2534,20,85.00,135.00,0,0.010000,10,0
2535,20,95.00,145.00,0,0.010000,11,0
2536,20,95.00,125.00,0,0.010000,10,0
2537,3,99.00,38.00,1,0.010000,1,0
2538,2,100.00,100.00,1,0.010000,0,0
2539,4,88.00,37.00,1,0.010000,2,0
2540,20,-120.00,-120.00,0,0.010000,16,11
2541,20,-115.00,-125.00,0,0.010000,19,8
2542,2,49.00,54.00,1,0.010000,0,0
2543,20,-63.00,-73.00,0,0.010000,12,0
2544,20,85.00,135.00,0,0.010000,10,0
2545,20,95.00,145.00,0,0.010000,11,0
2546,20,54.00,94.00,0,0.010000,11,1
2547,20,-100.00,-140.00,0,0.010000,18,10
2548,2,100.00,100.00,1,0.010000,0,0
2549,4,88.00,37.00,1,0.010000,2,0
2550,20,-125.00,-115.00,0,0.010000,19,10
2551,20,-110.00,-130.00,0,0.010000,16,11
2552,20,-110.00,-130.00,0,0.010000,16,10
2553,0,0.00,0.00,1,0.010000,0,0
2554,20,85.00,135.00,0,0.010000,10,0
2555,20,55.00,95.00,0,0.010000,12,1
2556,20,95.00,125.00,0,0.010000,10,0
2557,3,128.00,38.00,1,0.010000,1,0
2558,2,100.00,100.00,1,0.010000,0,0
2559,4,88.00,37.00,1,0.010000,2,0
2560,20,-120.00,-120.00,0,0.010000,18,8
2561,20,-95.00,-145.00,0,0.010000,19,10
2562,3,89.00,99.00,1,0.010000,1,0
2563,20,-145.00,-95.00,0,0.010000,19,8
2564,20,85.00,135.00,0,0.010000,10,1
2565,20,5.00,55.00,0,0.010000,13,0
2566,20,95.00,125.00,0,0.010000,10,0
2567,20,-41.00,-31.00,0,0.010000,12,2
2568,2,100.00,100.00,1,0.010000,0,0
2569,4,88.00,37.00,1,0.010000,2,0
2570,20,-110.00,-130.00,0,0.010000,16,13
2571,20,-85.00,-155.00,0,0.010000,19,7
2572,3,38.00,128.00,1,0.010000,1,0
2573,20,56.00,96.00,0,0.010000,11,0
2574,20,85.00,135.00,0,0.010000,10,0
2575,20,50.00,100.00,0,0.010000,11,1
2576,20,95.00,125.00,0,0.010000,10,0
2577,0,0.00,0.00,1,0.010000,0,0
2578,2,100.00,100.00,1,0.010000,0,0
2579,4,88.00,37.00,1,0.010000,2,0
2580,20,-120.00,-120.00,0,0.010000,14,11
2581,20,-135.00,-105.00,0,0.010000,17,11
2582,2,100.00,89.00,1,0.010000,0,0
2583,3,38.00,128.00,1,0.010000,1,0
2584,20,85.00,135.00,0,0.010000,10,0
2585,20,45.00,105.00,0,0.010000,12,1
2586,20,95.00,125.00,0,0.010000,10,0
2587,20,-135.00,-105.00,0,0.010000,19,6
2588,2,100.00,100.00,1,0.010000,0,0
2589,4,88.00,37.00,1,0.010000,2,0
2590,20,-95.00,-145.00,0,0.010000,19,9
2591,20,-110.00,-130.00,0,0.010000,20,10
2592,2,49.00,100.00,1,0.010000,0,0
2593,0,0.00,0.00,1,0.010000,0,0
2594,20,85.00,135.00,0,0.010000,10,0
2595,20,95.00,145.00,0,0.010000,11,0
2596,20,95.00,125.00,0,0.010000,10,0
2597,20,84.00,134.00,0,0.010000,11,1
2598,2,100.00,100.00,1,0.010000,0,0
2599,4,88.00,37.00,1,0.010000,2,0
2600,20,-105.00,-135.00,0,0.010000,15,8
2601,20,-130.00,-110.00,0,0.010000,16,12
2602,20,-90.00,-150.00,0,0.010000,18,10
2603,20,-125.00,-115.00,0,0.010000,19,6
2604,20,85.00,135.00,0,0.010000,10,0
2605,20,95.00,145.00,0,0.010000,11,0
2606,20,95.00,125.00,0,0.010000,10,0
2607,20,56.00,96.00,0,0.010000,11,0
2608,2,100.00,100.00,1,0.010000,0,0
2609,4,88.00,37.00,1,0.010000,2,0
2610,20,-110.00,-130.00,0,0.010000,16,14
2611,20,-105.00,-135.00,0,0.010000,17,13
2612,0,0.00,0.00,1,0.010000,0,0
2613,20,46.00,106.00,0,0.010000,11,0
2614,20,85.00,135.00,0,0.010000,10,0
2615,20,95.00,145.00,0,0.010000,11,0
2616,20,95.00,125.00,0,0.010000,10,0
2617,20,-90.00,-70.00,0,0.010000,12,1
2618,2,100.00,100.00,1,0.010000,0,0
2619,4,88.00,37.00,1,0.010000,2,0
2620,20,-135.00,-105.00,0,0.010000,17,4
2621,20,-120.00,-120.00,0,0.010000,18,10
2622,20,-32.00,2.00,0,0.010000,14,1
2623,20,32.00,32.00,0,0.010000,10,1
2624,20,85.00,135.00,0,0.010000,10,0
2625,20,95.00,145.00,0,0.010000,11,0
2626,20,84.00,134.00,0,0.010000,11,2
2627,2,100.00,49.00,1,0.010000,0,0
2628,2,100.00,100.00,1,0.010000,0,0
2629,4,88.00,37.00,1,0.010000,2,0
2630,20,-115.00,-125.00,0,0.010000,19,8
2631,20,-105.00,-135.00,0,0.010000,15,8
2632,20,-115.00,-125.00,0,0.010000,17,14
2633,20,-44.00,7.00,0,0.010000,12,1
2634,20,85.00,135.00,0,0.010000,10,0
2635,20,95.00,145.00,0,0.010000,11,0
2636,20,95.00,125.00,0,0.010000,10,0
2637,1,50.00,4.00,1,0.010000,0,0
2638,2,100.00,100.00,1,0.010000,0,0
2639,4,88.00,37.00,1,0.010000,2,0
2640,20,-150.00,-90.00,0,0.010000,18,8
2641,20,-115.00,-125.00,0,0.010000,17,9
2642,1,50.00,50.00,1,0.010000,0,0
2643,1,50.00,50.00,1,0.010000,0,0
2644,20,85.00,135.00,0,0.010000,10,1
2645,20,95.00,145.00,0,0.010000,11,0
2646,20,106.00,136.00,0,0.010000,10,0
2647,3,89.00,99.00,1,0.010000,1,0
2648,2,100.00,100.00,1,0.010000,0,0
2649,4,88.00,37.00,1,0.010000,2,0
2650,20,-90.00,-150.00,0,0.010000,18,12
2651,20,-100.00,-140.00,0,0.010000,18,9
2652,20,-24.00,-24.00,0,0.010000,12,0
2653,20,12.00,20.00,0,0.010000,12,1
2654,20,85.00,135.00,0,0.010000,10,0
2655,20,95.00,145.00,0,0.010000,11,0
2656,20,95.00,125.00,0,0.010000,10,0
2657,3,89.00,53.00,1,0.010000,1,0
2658,2,100.00,100.00,1,0.010000,0,0
2659,4,88.00,37.00,1,0.010000,2,0
2660,20,-125.00,-115.00,0,0.010000,17,7
2661,20,-125.00,-115.00,0,0.010000,17,13
2662,1,50.00,50.00,1,0.010000,0,0
2663,20,-145.00,-95.00,0,0.010000,19,10
2664,20,124.00,184.00,0,0.010000,10,0
2665,20,95.00,145.00,0,0.010000,11,0
2666,20,95.00,125.00,0,0.010000,10,0
2667,20,0.00,11.00,0,0.010000,12,1
2668,2,100.00,100.00,1,0.010000,0,0
2669,4,88.00,37.00,1,0.010000,2,0
2670,20,-100.00,-140.00,0,0.010000,18,6
2671,20,-100.00,-140.00,0,0.010000,18,10
2672,3,89.00,48.00,1,0.010000,1,0
2673,20,-105.00,-135.00,0,0.010000,17,10
2674,20,85.00,135.00,0,0.010000,10,0
2675,20,95.00,145.00,0,0.010000,11,0
2676,20,95.00,125.00,0,0.010000,10,0
2677,0,0.00,0.00,1,0.010000,0,0
2678,2,100.00,100.00,1,0.010000,0,0
2679,4,88.00,37.00,1,0.010000,2,0
2680,20,-125.00,-115.00,0,0.010000,17,10
2681,20,-90.00,-150.00,0,0.010000,18,9
2682,20,-140.00,-100.00,0,0.010000,20,8
2683,20,1.00,-61.00,0,0.010000,13,1
2684,20,85.00,135.00,0,0.010000,10,0
2685,20,95.00,145.00,0,0.010000,11,0
2686,20,144.00,164.00,0,0.010000,10,1
2687,20,-115.00,-125.00,0,0.010000,17,12
2688,2,100.00,100.00,1,0.010000,0,0
2689,4,88.00,37.00,1,0.010000,2,0
2690,20,-90.00,-150.00,0,0.010000,16,11
2691,20,-110.00,-130.00,0,0.010000,18,9
2692,20,-140.00,-100.00,0,0.010000,16,10
2693,20,-120.00,-120.00,0,0.010000,18,8
2694,20,85.00,135.00,0,0.010000,10,0
2695,20,95.00,145.00,0,0.010000,11,0
2696,20,95.00,125.00,0,0.010000,10,0
2697,20,-115.00,-125.00,0,0.010000,17,9
2698,2,100.00,100.00,1,0.010000,0,0
2699,4,88.00,37.00,1,0.010000,2,0
2700,20,-110.00,-130.00,0,0.010000,18,11
2701,20,-110.00,-130.00,0,0.010000,18,10
2702,2,100.00,49.00,1,0.010000,0,0
2703,20,-115.00,-125.00,0,0.010000,17,11
2704,20,95.00,125.00,0,0.010000,10,1
2705,20,15.00,45.00,0,0.010000,13,0
2706,20,95.00,125.00,0,0.010000,10,0
2707,20,-125.00,-115.00,0,0.010000,17,8
2708,2,100.00,100.00,1,0.010000,0,0
2709,5,77.00,36.00,1,0.010000,3,1
2710,20,-95.00,-145.00,0,0.010000,17,9
2711,20,-115.00,-125.00,0,0.010000,17,11
2712,20,85.00,135.00,0,0.010000,10,0
2713,2,100.00,100.00,1,0.010000,0,0
2714,20,85.00,135.00,0,0.010000,10,0
2715,20,95.00,145.00,0,0.010000,11,0
2716,20,95.00,125.00,0,0.010000,10,0
2717,0,0.00,0.00,1,0.010000,0,0
2718,2,100.00,100.00,1,0.010000,0,0
2719,4,88.00,37.00,1,0.010000,2,0
2720,20,-105.00,-135.00,0,0.010000,17,11
2721,20,-145.00,-95.00,0,0.010000,19,7
2722,20,20.00,20.00,0,0.010000,11,1
2723,20,-15.00,55.00,0,0.010000,12,0
2724,20,85.00,135.00,0,0.010000,10,0
2725,20,95.00,145.00,0,0.010000,11,0
2726,20,95.00,125.00,0,0.010000,10,0
2727,2,49.00,100.00,1,0.010000,0,0
2728,2,100.00,100.00,1,0.010000,0,0
2729,4,88.00,37.00,1,0.010000,2,0
2730,20,-110.00,-130.00,0,0.010000,18,12
2731,20,-105.00,-135.00,0,0.010000,17,9
2732,20,-115.00,-125.00,0,0.010000,17,11
2733,20,-42.00,63.00,0,0.010000,10,2
2734,20,85.00,135.00,0,0.010000,10,0
2735,20,50.00,100.00,0,0.010000,11,1
2736,20,134.00,174.00,0,0.010000,10,1
2737,0,0.00,0.00,1,0.010000,0,0
2738,2,100.00,100.00,1,0.010000,0,0
2739,4,88.00,37.00,1,0.010000,2,0
2740,20,-105.00,-135.00,0,0.010000,19,9
2741,20,-120.00,-120.00,0,0.010000,16,10
2742,20,-115.00,-125.00,0,0.010000,19,8
2743,2,100.00,100.00,1,0.010000,0,0
2744,20,85.00,135.00,0,0.010000,10,0
2745,20,95.00,145.00,0,0.010000,11,0
2746,20,95.00,125.00,0,0.010000,10,0
2747,20,-107.00,-55.00,0,0.010000,14,2
2748,2,100.00,100.00,1,0.010000,0,0
2749,4,88.00,37.00,1,0.010000,2,0
2750,20,-130.00,-110.00,0,0.010000,18,9
2751,20,-115.00,-125.00,0,0.010000,17,13
2752,1,50.00,50.00,1,0.010000,0,0
2753,1,4.00,50.00,1,0.010000,0,0
2754,20,85.00,135.00,0,0.010000,10,0
2755,20,95.00,145.00,0,0.010000,11,0
2756,20,95.00,125.00,0,0.010000,10,0
2757,2,100.00,100.00,1,0.010000,0,0
2758,2,100.00,100.00,1,0.010000,0,0
2759,4,88.00,37.00,1,0.010000,2,0
2760,20,-115.00,-125.00,0,0.010000,17,11
2761,20,-90.00,-150.00,0,0.010000,18,9
2762,20,-15.00,-13.00,0,0.010000,13,0
2763,20,95.00,125.00,0,0.010000,10,0
2764,20,85.00,135.00,0,0.010000,10,0
2765,20,95.00,145.00,0,0.010000,11,0
2766,20,95.00,125.00,0,0.010000,10,0
2767,1,50.00,50.00,1,0.010000,0,0
2768,2,100.00,100.00,1,0.010000,0,0
2769,4,88.00,37.00,1,0.010000,2,0
2770,20,-125.00,-115.00,0,0.010000,15,10
2771,20,-110.00,-130.00,0,0.010000,18,10
2772,20,0.00,19.00,0,0.010000,10,3
2773,20,-130.00,-110.00,0,0.010000,18,12
2774,20,85.00,135.00,0,0.010000,10,0
2775,20,-34.00,26.00,0,0.010000,14,0
2776,20,95.00,125.00,0,0.010000,10,0
2777,20,96.00,146.00,0,0.010000,10,0
2778,2,100.00,100.00,1,0.010000,0,0
2779,4,88.00,37.00,1,0.010000,2,0
2780,20,-110.00,-130.00,0,0.010000,18,11
2781,20,-125.00,-115.00,0,0.010000,19,9
2782,1,50.00,4.00,1,0.010000,0,0
2783,1,50.00,50.00,1,0.010000,0,0
2784,20,90.00,130.00,0,0.010000,9,1
2785,20,66.00,106.00,0,0.010000,12,0
2786,20,95.00,125.00,0,0.010000,10,0
2787,3,104.00,89.00,1,0.010000,1,0
2788,2,100.00,100.00,1,0.010000,0,0
2789,4,88.00,37.00,1,0.010000,2,0
2790,20,-125.00,-115.00,0,0.010000,17,9
2791,20,-115.00,-125.00,0,0.010000,17,11
2792,1,4.00,50.00,1,0.010000,0,0
2793,1,50.00,50.00,1,0.010000,0,0
2794,20,85.00,135.00,0,0.010000,10,0
2795,20,95.00,145.00,0,0.010000,11,0
2796,20,95.00,125.00,0,0.010000,10,0
2797,20,56.00,96.00,0,0.010000,11,0
2798,2,100.00,100.00,1,0.010000,0,0
2799,4,88.00,37.00,1,0.010000,2,0
2800,20,-110.00,-130.00,0,0.010000,16,9
2801,20,-120.00,-120.00,0,0.010000,18,12
2802,3,38.00,128.00,1,0.010000,1,0
2803,1,50.00,50.00,1,0.010000,0,0
2804,20,85.00,135.00,0,0.010000,10,0
2805,20,95.00,145.00,0,0.010000,11,0
2806,20,95.00,125.00,0,0.010000,10,0
2807,20,85.00,135.00,0,0.010000,10,0
2808,2,100.00,100.00,1,0.010000,0,0
2809,4,88.00,37.00,1,0.010000,2,0
2810,20,-95.00,-145.00,0,0.010000,19,11
2811,20,-125.00,-115.00,0,0.010000,19,7
2812,0,0.00,0.00,1,0.010000,0,0
2813,20,-120.00,-120.00,0,0.010000,18,7
2814,20,54.00,94.00,0,0.010000,11,0
2815,20,95.00,145.00,0,0.010000,11,0
2816,20,95.00,125.00,0,0.010000,10,0
2817,0,0.00,0.00,1,0.010000,0,0
2818,2,100.00,100.00,1,0.010000,0,0
2819,4,88.00,37.00,1,0.010000,2,0
2820,20,-95.00,-145.00,0,0.010000,17,9
2821,20,-160.00,-80.00,0,0.010000,16,11
2822,1,50.00,50.00,1,0.010000,0,0
2823,20,-114.00,-37.00,0,0.010000,15,1
2824,20,85.00,135.00,0,0.010000,10,0
2825,20,95.00,145.00,0,0.010000,11,0
2826,20,95.00,125.00,0,0.010000,10,0
2827,20,-135.00,-105.00,0,0.010000,17,10
2828,2,100.00,100.00,1,0.010000,0,0
2829,4,88.00,37.00,1,0.010000,2,0
2830,20,-110.00,-130.00,0,0.010000,18,12
2831,20,-100.00,-140.00,0,0.010000,18,10
2832,1,50.00,50.00,1,0.010000,0,0
2833,1,50.00,4.00,1,0.010000,0,0
2834,20,85.00,135.00,0,0.010000,10,0
2835,20,95.00,145.00,0,0.010000,11,0
2836,20,95.00,125.00,0,0.010000,10,0
2837,20,56.00,96.00,0,0.010000,11,0
2838,2,100.00,100.00,1,0.010000,0,0
2839,4,88.00,37.00,1,0.010000,2,0
2840,20,-90.00,-150.00,0,0.010000,18,8
2841,20,-115.00,-125.00,0,0.010000,17,11
2842,0,0.00,0.00,1,0.010000,0,0
2843,20,55.00,115.00,0,0.010000,11,0
2844,20,85.00,135.00,0,0.010000,10,0
2845,20,95.00,145.00,0,0.010000,11,0
2846,20,95.00,125.00,0,0.010000,10,0
2847,20,-27.00,14.00,0,0.010000,13,2
2848,2,100.00,100.00,1,0.010000,0,0
2849,4,88.00,37.00,1,0.010000,2,0
2850,20,-115.00,-125.00,0,0.010000,17,10
2851,20,-105.00,-135.00,0,0.010000,19,10
2852,1,50.00,50.00,1,0.010000,0,0
2853,20,85.00,135.00,0,0.010000,10,0
2854,20,144.00,184.00,0,0.010000,9,0
2855,20,95.00,145.00,0,0.010000,11,0
2856,20,95.00,125.00,0,0.010000,10,0
2857,1,50.00,50.00,1,0.010000,0,0
2858,2,100.00,100.00,1,0.010000,0,0
2859,4,88.00,37.00,1,0.010000,2,0
2860,20,-145.00,-95.00,0,0.010000,17,10
2861,20,-145.00,-95.00,0,0.010000,19,8
2862,20,37.00,27.00,0,0.010000,11,0
2863,1,50.00,50.00,1,0.010000,0,0
2864,20,85.00,135.00,0,0.010000,10,0
2865,20,95.00,145.00,0,0.010000,11,0
2866,20,95.00,125.00,0,0.010000,10,0
2867,20,85.00,135.00,0,0.010000,10,0
2868,2,100.00,100.00,1,0.010000,0,0
2869,4,88.00,37.00,1,0.010000,2,0
2870,20,-115.00,-125.00,0,0.010000,17,13
2871,20,-140.00,-100.00,0,0.010000,16,11
2872,0,0.00,0.00,1,0.010000,0,0
2873,20,95.00,145.00,0,0.010000,11,0
2874,20,85.00,135.00,0,0.010000,10,0
2875,20,95.00,145.00,0,0.010000,11,0
2876,20,95.00,125.00,0,0.010000,10,0
2877,20,56.00,96.00,0,0.010000,11,0
2878,2,100.00,100.00,1,0.010000,0,0
2879,4,88.00,37.00,1,0.010000,2,0
2880,20,-85.00,-155.00,0,0.010000,19,7
2881,20,-110.00,-130.00,0,0.010000,16,8
2882,4,88.00,37.00,1,0.010000,2,0
2883,20,-110.00,-130.00,0,0.010000,18,11
2884,20,85.00,135.00,0,0.010000,10,0
2885,20,95.00,145.00,0,0.010000,11,0
2886,20,95.00,125.00,0,0.010000,10,0
2887,1,4.00,50.00,1,0.010000,0,0
2888,2,100.00,100.00,1,0.010000,0,0
2889,4,88.00,37.00,1,0.010000,2,0
2890,20,-120.00,-120.00,0,0.010000,18,11
2891,20,-110.00,-130.00,0,0.010000,16,12
2892,2,8.00,49.00,1,0.010000,0,1
2893,4,49.00,54.00,1,0.010000,1,0
2894,20,85.00,135.00,0,0.010000,10,0
2895,20,95.00,145.00,0,0.010000,11,0
2896,20,106.00,136.00,0,0.010000,10,0
2897,20,-145.00,-95.00,0,0.010000,19,9
2898,2,100.00,100.00,1,0.010000,0,0
2899,4,88.00,37.00,1,0.010000,2,0
2900,20,-90.00,-150.00,0,0.010000,18,8
2901,20,-125.00,-115.00,0,0.010000,17,11
2902,1,50.00,50.00,1,0.010000,0,0
2903,2,100.00,49.00,1,0.010000,0,0
2904,20,85.00,135.00,0,0.010000,10,0
2905,20,95.00,145.00,0,0.010000,11,0
2906,20,95.00,125.00,0,0.010000,10,0
2907,20,46.00,106.00,0,0.010000,11,0
2908,2,100.00,100.00,1,0.010000,0,0
2909,4,88.00,37.00,1,0.010000,2,0
2910,20,-105.00,-135.00,0,0.010000,17,10
2911,20,-115.00,-125.00,0,0.010000,19,8
2912,0,0.00,0.00,1,0.010000,0,0
2913,20,54.00,94.00,0,0.010000,11,0
2914,20,85.00,135.00,0,0.010000,10,0
2915,20,95.00,145.00,0,0.010000,11,0
2916,20,95.00,125.00,0,0.010000,10,0
2917,20,56.00,96.00,0,0.010000,11,0
2918,2,100.00,100.00,1,0.010000,0,0
2919,4,88.00,37.00,1,0.010000,2,0
2920,20,-115.00,-125.00,0,0.010000,17,11
2921,20,-90.00,-150.00,0,0.010000,18,9
2922,20,-145.00,-95.00,0,0.010000,17,11
2923,1,50.00,50.00,1,0.010000,0,0
2924,20,85.00,135.00,0,0.010000,10,0
2925,20,95.00,145.00,0,0.010000,11,0
2926,20,95.00,125.00,0,0.010000,10,0
2927,20,56.00,96.00,0,0.010000,11,0
2928,2,100.00,100.00,1,0.010000,0,0
2929,4,88.00,37.00,1,0.010000,2,0
2930,20,-110.00,-130.00,0,0.010000,16,11
2931,20,-130.00,-110.00,0,0.010000,18,10
2932,3,38.00,128.00,1,0.010000,1,0
2933,20,-125.00,-115.00,0,0.010000,19,9
2934,20,85.00,135.00,0,0.010000,10,0
2935,20,55.00,95.00,0,0.010000,12,1
2936,20,95.00,125.00,0,0.010000,10,0
2937,1,50.00,4.00,1,0.010000,0,0
2938,2,100.00,100.00,1,0.010000,0,0
2939,4,88.00,37.00,1,0.010000,2,0
2940,20,-120.00,-120.00,0,0.010000,18,9
2941,20,-120.00,-120.00,0,0.010000,18,9
2942,4,88.00,37.00,1,0.010000,2,0
2943,20,-19.00,-29.00,0,0.010000,11,1
2944,20,85.00,135.00,0,0.010000,10,0
2945,20,95.00,145.00,0,0.010000,11,0
2946,20,95.00,125.00,0,0.010000,10,0
2947,2,100.00,54.00,1,0.010000,0,0
2948,2,100.00,100.00,1,0.010000,0,0
2949,4,88.00,37.00,1,0.010000,2,0
2950,20,-125.00,-115.00,0,0.010000,17,10
2951,20,-120.00,-120.00,0,0.010000,18,12
2952,20,-10.00,50.00,0,0.010000,11,2
2953,20,-12.00,-12.00,0,0.010000,11,0
2954,20,85.00,135.00,0,0.010000,10,0
2955,20,95.00,145.00,0,0.010000,11,0
2956,20,95.00,125.00,0,0.010000,10,0
2957,20,-115.00,-125.00,0,0.010000,17,12
2958,2,100.00,100.00,1,0.010000,0,0
2959,4,88.00,37.00,1,0.010000,2,0
2960,20,-125.00,-115.00,0,0.010000,17,7
2961,20,-130.00,-110.00,0,0.010000,18,10
2962,20,-49.00,-20.00,0,0.010000,12,1
2963,20,-110.00,-130.00,0,0.010000,18,12
2964,20,85.00,135.00,0,0.010000,10,0
2965,20,95.00,145.00,0,0.010000,11,0
2966,20,139.00,169.00,0,0.010000,9,1
2967,0,0.00,0.00,1,0.010000,0,0
2968,2,100.00,100.00,1,0.010000,0,0
2969,4,88.00,37.00,1,0.010000,2,0
2970,20,-115.00,-125.00,0,0.010000,17,9
2971,20,-105.00,-135.00,0,0.010000,19,10
2972,20,-100.00,-140.00,0,0.010000,16,11
2973,3,89.00,48.00,1,0.010000,1,0
2974,20,85.00,135.00,0,0.010000,10,0
2975,20,95.00,145.00,0,0.010000,11,0
2976,20,95.00,125.00,0,0.010000,10,0
2977,2,49.00,54.00,1,0.010000,0,0
2978,2,100.00,100.00,1,0.010000,0,0
2979,4,88.00,37.00,1,0.010000,2,0
2980,20,-85.00,-155.00,0,0.010000,19,8
2981,20,-160.00,-80.00,0,0.010000,16,11
2982,1,50.00,50.00,1,0.010000,0,0
2983,20,-130.00,-110.00,0,0.010000,18,9
2984,20,85.00,135.00,0,0.010000,10,0
2985,20,95.00,145.00,0,0.010000,11,0
2986,20,95.00,125.00,0,0.010000,10,0
2987,20,35.00,16.00,0,0.010000,11,2
2988,2,100.00,100.00,1,0.010000,0,0
2989,4,88.00,37.00,1,0.010000,2,0
2990,20,-125.00,-115.00,0,0.010000,19,11
2991,20,-130.00,-110.00,0,0.010000,18,9
2992,2,100.00,89.00,1,0.010000,0,0
2993,2,100.00,100.00,1,0.010000,0,0
2994,20,85.00,135.00,0,0.010000,10,0
2995,20,95.00,145.00,0,0.010000,11,0
2996,20,94.00,124.00,0,0.010000,11,2
2997,20,-90.00,-150.00,0,0.010000,18,11
2998,2,100.00,100.00,1,0.010000,0,0
2999,4,88.00,37.00,1,0.010000,2,0
3000,20,-140.00,-100.00,0,0.010000,16,12
3001,20,-95.00,-145.00,0,0.010000,17,10
3002,20,85.00,135.00,0,0.010000,10,0
3003,1,50.00,4.00,1,0.010000,0,0
3004,20,85.00,135.00,0,0.010000,10,0
3005,20,95.00,145.00,0,0.010000,11,0
3006,20,95.00,125.00,0,0.010000,10,0
3007,20,20.00,20.00,0,0.010000,11,1
3008,2,100.00,100.00,1,0.010000,0,0
3009,4,88.00,37.00,1,0.010000,2,0
3010,20,-100.00,-140.00,0,0.010000,18,10
3011,20,-140.00,-100.00,0,0.010000,18,6
3012,1,50.00,50.00,1,0.010000,0,0
3013,20,85.00,135.00,0,0.010000,10,0
3014,20,85.00,135.00,0,0.010000,10,0
3015,20,95.00,145.00,0,0.010000,11,0
3016,20,95.00,125.00,0,0.010000,10,0
3017,20,45.00,85.00,0,0.010000,11,1
3018,2,100.00,100.00,1,0.010000,0,0
3019,4,88.00,37.00,1,0.010000,2,0
3020,20,-140.00,-100.00,0,0.010000,18,11
3021,20,-90.00,-150.00,0,0.010000,18,12
3022,0,0.00,0.00,1,0.010000,0,0
3023,20,85.00,135.00,0,0.010000,10,0
3024,20,85.00,135.00,0,0.010000,10,0
3025,20,95.00,145.00,0,0.010000,11,0
3026,20,95.00,125.00,0,0.010000,10,0
3027,3,50.00,4.00,1,0.010000,1,0
3028,2,100.00,100.00,1,0.010000,0,0
3029,4,88.00,37.00,1,0.010000,2,0
3030,20,-100.00,-140.00,0,0.010000,18,10
3031,20,-140.00,-100.00,0,0.010000,16,11
3032,20,32.00,32.00,0,0.010000,10,1
3033,1,50.00,50.00,1,0.010000,0,0
3034,20,134.00,174.00,0,0.010000,10,0
3035,20,45.00,105.00,0,0.010000,12,1
3036,20,95.00,125.00,0,0.010000,10,0
3037,20,56.00,96.00,0,0.010000,11,0
3038,2,100.00,100.00,1,0.010000,0,0
3039,4,88.00,37.00,1,0.010000,2,0
3040,20,-100.00,-140.00,0,0.010000,16,12
3041,20,-110.00,-130.00,0,0.010000,16,9
3042,20,-135.00,-105.00,0,0.010000,19,9
3043,1,50.00,50.00,1,0.010000,0,0
3044,20,85.00,135.00,0,0.010000,10,0
3045,20,95.00,145.00,0,0.010000,11,0
3046,20,95.00,125.00,0,0.010000,10,0
3047,1,50.00,50.00,1,0.010000,0,0
3048,2,100.00,100.00,1,0.010000,0,0
3049,4,88.00,37.00,1,0.010000,2,0
3050,20,-150.00,-90.00,0,0.010000,18,9
3051,20,-120.00,-120.00,0,0.010000,18,13
3052,0,0.00,0.00,1,0.010000,0,0
3053,20,-19.00,-29.00,0,0.010000,11,1
3054,20,85.00,135.00,0,0.010000,10,0
3055,20,95.00,145.00,0,0.010000,11,0
3056,20,95.00,125.00,0,0.010000,10,0
3057,1,50.00,50.00,1,0.010000,0,0
3058,2,100.00,100.00,1,0.010000,0,0
3059,4,88.00,37.00,1,0.010000,2,0
3060,20,-115.00,-125.00,0,0.010000,19,10
3061,20,-100.00,-140.00,0,0.010000,18,11
3062,20,-100.00,-140.00,0,0.010000,16,10
3063,0,0.00,0.00,1,0.010000,0,0
3064,20,85.00,135.00,0,0.010000,10,0
3065,20,95.00,145.00,0,0.010000,11,0
3066,20,95.00,125.00,0,0.010000,10,0
3067,20,-120.00,-120.00,0,0.010000,18,10
3068,2,100.00,100.00,1,0.010000,0,0
3069,4,88.00,37.00,1,0.010000,2,0
3070,20,-110.00,-130.00,0,0.010000,18,9
3071,20,-150.00,-90.00,0,0.010000,18,8
3072,1,4.00,50.00,1,0.010000,0,0
3073,20,-64.00,-40.00,0,0.010000,15,1
3074,20,85.00,135.00,0,0.010000,10,0
3075,20,55.00,95.00,0,0.010000,12,1
3076,20,95.00,125.00,0,0.010000,10,0
3077,20,85.00,135.00,0,0.010000,10,0
3078,2,100.00,100.00,1,0.010000,0,0
3079,4,88.00,37.00,1,0.010000,2,0
3080,20,-85.00,-155.00,0,0.010000,19,10
3081,20,-120.00,-120.00,0,0.010000,16,11
3082,20,95.00,125.00,0,0.010000,10,0
3083,20,-110.00,-130.00,0,0.010000,18,11
3084,20,95.00,125.00,0,0.010000,10,1
3085,20,95.00,145.00,0,0.010000,11,0
3086,20,95.00,125.00,0,0.010000,10,0
3087,20,-7.00,23.00,0,0.010000,11,2
3088,2,100.00,100.00,1,0.010000,0,0
3089,4,88.00,37.00,1,0.010000,2,0
3090,20,-120.00,-120.00,0,0.010000,16,9
3091,20,-135.00,-105.00,0,0.010000,19,10
3092,20,-24.00,-24.00,0,0.010000,10,2
3093,20,96.00,146.00,0,0.010000,10,0
3094,20,85.00,135.00,0,0.010000,10,0
3095,20,95.00,145.00,0,0.010000,11,0
3096,20,104.00,134.00,0,0.010000,10,0
3097,20,-85.00,-75.00,0,0.010000,11,2
3098,2,100.00,100.00,1,0.010000,0,0
3099,5,87.00,26.00,1,0.010000,3,1
3100,20,-110.00,-130.00,0,0.010000,18,13
3101,20,-100.00,-140.00,0,0.010000,18,10
3102,2,100.00,100.00,1,0.010000,0,0
3103,20,-7.00,-17.00,0,0.010000,10,1
3104,20,56.00,96.00,0,0.010000,11,0
3105,20,55.00,95.00,0,0.010000,12,1
3106,20,95.00,125.00,0,0.010000,10,0
3107,3,50.00,4.00,1,0.010000,1,0
3108,2,100.00,100.00,1,0.010000,0,0
3109,4,88.00,37.00,1,0.010000,2,0
3110,20,-155.00,-85.00,0,0.010000,17,9
3111,20,-110.00,-130.00,0,0.010000,18,7
3112,1,4.00,50.00,1,0.010000,0,0
3113,20,-110.00,-130.00,0,0.010000,16,13
3114,20,85.00,135.00,0,0.010000,10,0
3115,20,95.00,145.00,0,0.010000,11,0
3116,20,95.00,125.00,0,0.010000,10,0
3117,2,54.00,100.00,1,0.010000,0,0
3118,2,100.00,100.00,1,0.010000,0,0
3119,4,88.00,37.00,1,0.010000,2,0
3120,20,-120.00,-120.00,0,0.010000,18,14
3121,20,-115.00,-125.00,0,0.010000,19,7
3122,1,50.00,50.00,1,0.010000,0,0
3123,2,54.00,100.00,1,0.010000,0,0
3124,20,85.00,135.00,0,0.010000,10,0
3125,20,55.00,95.00,0,0.010000,12,1
3126,20,95.00,125.00,0,0.010000,10,0
3127,20,134.00,174.00,0,0.010000,10,0
3128,2,100.00,100.00,1,0.010000,0,0
3129,4,88.00,37.00,1,0.010000,2,0
3130,20,-140.00,-100.00,0,0.010000,20,8
3131,20,-135.00,-105.00,0,0.010000,17,11
3132,20,-125.00,-115.00,0,0.010000,15,11
3133,2,100.00,100.00,1,0.010000,0,0
3134,20,85.00,135.00,0,0.010000,10,0
3135,20,45.00,105.00,0,0.010000,12,1
3136,20,95.00,125.00,0,0.010000,10,0
3137,1,50.00,4.00,1,0.010000,0,0
3138,2,100.00,100.00,1,0.010000,0,0
3139,4,88.00,37.00,1,0.010000,2,0
3140,20,-115.00,-125.00,0,0.010000,17,13
3141,20,-110.00,-130.00,0,0.010000,18,7
3142,20,46.00,106.00,0,0.010000,11,0
3143,2,54.00,100.00,1,0.010000,0,0
3144,20,85.00,135.00,0,0.010000,10,0
3145,20,95.00,145.00,0,0.010000,11,0
3146,20,95.00,125.00,0,0.010000,10,0
3147,20,-129.00,-79.00,0,0.010000,11,4
3148,2,100.00,100.00,1,0.010000,0,0
3149,4,88.00,37.00,1,0.010000,2,0
3150,20,-100.00,-140.00,0,0.010000,18,9
3151,20,-105.00,-135.00,0,0.010000,17,14
3152,0,0.00,0.00,1,0.010000,0,0
3153,20,-125.00,-115.00,0,0.010000,17,12
3154,20,85.00,135.00,0,0.010000,10,0
3155,20,95.00,145.00,0,0.010000,11,0
3156,20,95.00,125.00,0,0.010000,10,0
3157,20,46.00,106.00,0,0.010000,11,0
3158,2,100.00,100.00,1,0.010000,0,0
3159,4,88.00,37.00,1,0.010000,2,0
3160,20,-110.00,-130.00,0,0.010000,16,10
3161,20,-135.00,-105.00,0,0.010000,19,7
3162,20,-115.00,-125.00,0,0.010000,19,10
3163,0,0.00,0.00,1,0.010000,0,0
3164,20,85.00,135.00,0,0.010000,10,0
3165,20,95.00,145.00,0,0.010000,11,0
3166,20,95.00,125.00,0,0.010000,10,0
3167,0,0.00,0.00,1,0.010000,0,0
3168,2,100.00,100.00,1,0.010000,0,0
3169,4,88.00,37.00,1,0.010000,2,0
3170,20,-115.00,-125.00,0,0.010000,17,12
3171,20,-110.00,-130.00,0,0.010000,18,11
3172,20,-42.00,23.00,0,0.010000,12,0
3173,0,0.00,0.00,1,0.010000,0,0
3174,20,85.00,135.00,0,0.010000,10,0
3175,20,95.00,145.00,0,0.010000,11,0
3176,20,95.00,125.00,0,0.010000,10,0
3177,6,86.00,15.00,1,0.010000,4,0
3178,2,100.00,100.00,1,0.010000,0,0
3179,4,88.00,37.00,1,0.010000,2,0
3180,20,-135.00,-105.00,0,0.010000,17,11
3181,20,-140.00,-100.00,0,0.010000,18,11
3182,2,100.00,89.00,1,0.010000,0,0
3183,20,-12.00,-12.00,0,0.010000,11,0
3184,20,99.00,139.00,0,0.010000,9,1
3185,20,95.00,145.00,0,0.010000,11,0
3186,20,95.00,125.00,0,0.010000,10,0
3187,20,-105.00,-135.00,0,0.010000,17,9
3188,2,100.00,100.00,1,0.010000,0,0
3189,4,88.00,37.00,1,0.010000,2,0
3190,20,-80.00,-160.00,0,0.010000,18,11
3191,20,-145.00,-95.00,0,0.010000,19,9
3192,20,-120.00,-120.00,0,0.010000,18,8
3193,20,-115.00,-125.00,0,0.010000,19,9
3194,20,85.00,135.00,0,0.010000,10,0
3195,20,95.00,145.00,0,0.010000,11,0
3196,20,95.00,125.00,0,0.010000,10,0
3197,2,100.00,100.00,1,0.010000,0,0
3198,2,100.00,100.00,1,0.010000,0,0
3199,4,88.00,37.00,1,0.010000,2,0
3200,20,-135.00,-105.00,0,0.010000,17,14
3201,20,-130.00,-110.00,0,0.010000,18,11
3202,2,100.00,54.00,1,0.010000,0,0
3203,20,85.00,135.00,0,0.010000,10,0
3204,20,85.00,135.00,0,0.010000,10,0
3205,20,95.00,145.00,0,0.010000,11,0
3206,20,95.00,125.00,0,0.010000,10,0
3207,2,100.00,54.00,1,0.010000,0,0
3208,2,100.00,100.00,1,0.010000,0,0
3209,4,88.00,37.00,1,0.010000,2,0
3210,20,-100.00,-140.00,0,0.010000,16,11
3211,20,-125.00,-115.00,0,0.010000,17,6
3212,1,50.00,50.00,1,0.010000,0,0
3213,2,54.00,100.00,1,0.010000,0,0
3214,20,85.00,135.00,0,0.010000,10,0
3215,20,95.00,145.00,0,0.010000,11,0
3216,20,95.00,125.00,0,0.010000,10,0
3217,20,-125.00,-115.00,0,0.010000,17,8
3218,2,100.00,100.00,1,0.010000,0,0
3219,4,88.00,37.00,1,0.010000,2,0
3220,20,-105.00,-135.00,0,0.010000,19,11
3221,20,-90.00,-150.00,0,0.010000,18,12
3222,1,50.00,50.00,1,0.010000,0,0
3223,20,34.00,-6.00,0,0.010000,12,3
3224,20,85.00,135.00,0,0.010000,10,0
3225,20,95.00,145.00,0,0.010000,11,0
3226,20,95.00,125.00,0,0.010000,10,0
3227,20,20.00,20.00,0,0.010000,11,1
3228,2,100.00,100.00,1,0.010000,0,0
3229,4,88.00,37.00,1,0.010000,2,0
3230,20,-125.00,-115.00,0,0.010000,17,12
3231,20,-125.00,-115.00,0,0.010000,19,10
3232,2,100.00,54.00,1,0.010000,0,0
3233,20,85.00,135.00,0,0.010000,10,0
3234,20,85.00,135.00,0,0.010000,10,0
3235,20,17.00,67.00,0,0.010000,12,0
3236,20,106.00,136.00,0,0.010000,10,0
3237,20,-54.00,-25.00,0,0.010000,12,2
3238,2,100.00,100.00,1,0.010000,0,0
3239,4,88.00,37.00,1,0.010000,2,0
3240,20,-130.00,-110.00,0,0.010000,18,10
3241,20,-115.00,-125.00,0,0.010000,17,10
3242,20,-12.00,-12.00,0,0.010000,11,0
3243,20,-120.00,-120.00,0,0.010000,16,10
3244,20,85.00,135.00,0,0.010000,10,0
3245,20,95.00,145.00,0,0.010000,11,0
3246,20,95.00,125.00,0,0.010000,10,0
3247,3,50.00,4.00,1,0.010000,1,0
3248,2,100.00,100.00,1,0.010000,0,0
3249,4,88.00,37.00,1,0.010000,2,0
3250,20,-105.00,-135.00,0,0.010000,17,14
3251,20,-125.00,-115.00,0,0.010000,17,9
3252,20,-120.00,-120.00,0,0.010000,20,10
3253,3,50.00,4.00,1,0.010000,1,0
3254,20,85.00,135.00,0,0.010000,10,0
3255,20,95.00,145.00,0,0.010000,11,0
3256,20,95.00,125.00,0,0.010000,10,0
3257,20,22.00,30.00,0,0.010000,10,1
3258,2,100.00,100.00,1,0.010000,0,0
3259,4,88.00,37.00,1,0.010000,2,0
3260,20,-95.00,-145.00,0,0.010000,19,10
3261,20,-105.00,-135.00,0,0.010000,19,8
3262,1,50.00,50.00,1,0.010000,0,0
3263,3,104.00,89.00,1,0.010000,1,0
3264,20,85.00,135.00,0,0.010000,10,0
3265,20,95.00,145.00,0,0.010000,11,0
3266,20,95.00,125.00,0,0.010000,10,0
3267,1,50.00,50.00,1,0.010000,0,0
3268,2,100.00,100.00,1,0.010000,0,0
3269,4,88.00,37.00,1,0.010000,2,0
3270,20,-135.00,-105.00,0,0.010000,17,13
3271,20,-120.00,-120.00,0,0.010000,18,12
3272,1,50.00,50.00,1,0.010000,0,0
3273,20,-125.00,-115.00,0,0.010000,19,11
3274,20,85.00,135.00,0,0.010000,10,0
3275,20,15.00,65.00,0,0.010000,12,0
3276,20,134.00,174.00,0,0.010000,10,1
3277,20,85.00,135.00,0,0.010000,10,0
3278,2,100.00,100.00,1,0.010000,0,0
3279,4,88.00,37.00,1,0.010000,2,0
3280,20,-120.00,-120.00,0,0.010000,16,11
3281,20,-125.00,-115.00,0,0.010000,17,8
3282,20,8.00,8.00,0,0.010000,10,3
3283,2,100.00,100.00,1,0.010000,0,0
3284,20,85.00,135.00,0,0.010000,10,0
3285,20,95.00,145.00,0,0.010000,11,0
3286,20,95.00,125.00,0,0.010000,10,0
3287,20,0.00,0.00,0,0.010000,10,0
3288,2,100.00,100.00,1,0.010000,0,0
3289,4,88.00,37.00,1,0.010000,2,0
3290,20,-150.00,-90.00,0,0.010000,18,10
3291,20,-70.00,-170.00,0,0.010000,18,8
3292,0,0.00,0.00,1,0.010000,0,0
3293,20,-125.00,-115.00,0,0.010000,17,7
3294,20,85.00,135.00,0,0.010000,10,0
3295,20,95.00,145.00,0,0.010000,11,0
3296,20,95.00,125.00,0,0.010000,10,0
3297,20,85.00,135.00,0,0.010000,10,0
3298,2,100.00,100.00,1,0.010000,0,0
3299,4,88.00,37.00,1,0.010000,2,0
3300,20,-110.00,-130.00,0,0.010000,18,14
3301,20,-125.00,-115.00,0,0.010000,17,12
3302,20,44.00,44.00,0,0.010000,9,1
3303,1,50.00,4.00,1,0.010000,0,0
3304,20,85.00,135.00,0,0.010000,10,0
3305,20,95.00,145.00,0,0.010000,11,0
3306,20,95.00,125.00,0,0.010000,10,0
3307,0,0.00,0.00,1,0.010000,0,0
3308,2,100.00,100.00,1,0.010000,0,0
3309,4,88.00,37.00,1,0.010000,2,0
3310,20,-130.00,-110.00,0,0.010000,18,12
3311,20,-130.00,-110.00,0,0.010000,18,11
3312,20,-135.00,-105.00,0,0.010000,17,8
3313,2,100.00,89.00,1,0.010000,0,0
3314,20,85.00,135.00,0,0.010000,10,0
3315,20,95.00,145.00,0,0.010000,11,0
3316,20,95.00,125.00,0,0.010000,10,0
3317,20,-46.00,-8.00,0,0.010000,13,2
3318,2,100.00,100.00,1,0.010000,0,0
3319,4,88.00,37.00,1,0.010000,2,0
3320,20,-100.00,-140.00,0,0.010000,18,10
3321,20,-95.00,-145.00,0,0.010000,19,9
3322,0,0.00,0.00,1,0.010000,0,0
3323,20,-125.00,-115.00,0,0.010000,17,11
3324,20,85.00,135.00,0,0.010000,10,0
3325,20,95.00,145.00,0,0.010000,11,0
3326,20,95.00,125.00,0,0.010000,10,0
3327,20,-125.00,-115.00,0,0.010000,19,12
3328,2,100.00,100.00,1,0.010000,0,0
3329,4,88.00,37.00,1,0.010000,2,0
3330,20,-130.00,-110.00,0,0.010000,18,11
3331,20,-105.00,-135.00,0,0.010000,17,8
3332,2,100.00,49.00,1,0.010000,0,0
3333,20,-59.00,30.00,0,0.010000,12,2
3334,20,85.00,135.00,0,0.010000,10,0
3335,20,95.00,145.00,0,0.010000,11,0
3336,20,95.00,125.00,0,0.010000,10,0
3337,20,-58.00,-74.00,0,0.010000,14,2
3338,2,100.00,100.00,1,0.010000,0,0
3339,4,88.00,37.00,1,0.010000,2,0
3340,20,-110.00,-130.00,0,0.010000,18,11
3341,20,-115.00,-125.00,0,0.010000,17,11
3342,0,0.00,0.00,1,0.010000,0,0
3343,20,57.00,97.00,0,0.010000,10,0
3344,20,85.00,135.00,0,0.010000,10,0
3345,20,95.00,145.00,0,0.010000,11,0
3346,20,95.00,125.00,0,0.010000,10,0
3347,2,100.00,100.00,1,0.010000,0,0
3348,2,100.00,100.00,1,0.010000,0,0
3349,4,88.00,37.00,1,0.010000,2,0
3350,20,-105.00,-135.00,0,0.010000,17,10
3351,20,-135.00,-105.00,0,0.010000,17,11
3352,20,35.00,95.00,0,0.010000,11,1
3353,1,50.00,50.00,1,0.010000,0,0
3354,20,85.00,135.00,0,0.010000,10,0
3355,20,95.00,145.00,0,0.010000,11,0
3356,20,95.00,125.00,0,0.010000,10,0
3357,20,46.00,106.00,0,0.010000,11,0
3358,2,100.00,100.00,1,0.010000,0,0
3359,4,88.00,37.00,1,0.010000,2,0
3360,20,-120.00,-120.00,0,0.010000,18,12
3361,20,-105.00,-135.00,0,0.010000,19,10
3362,20,-115.00,-125.00,0,0.010000,19,9
3363,20,0.00,0.00,0,0.010000,10,0
3364,20,85.00,135.00,0,0.010000,10,0
3365,20,95.00,145.00,0,0.010000,11,0
3366,20,95.00,125.00,0,0.010000,10,0
3367,0,0.00,0.00,1,0.010000,0,0
3368,2,100.00,100.00,1,0.010000,0,0
3369,4,88.00,37.00,1,0.010000,2,0
3370,20,-110.00,-130.00,0,0.010000,16,9
3371,20,-135.00,-105.00,0,0.010000,17,10
3372,1,50.00,50.00,1,0.010000,0,0
3373,3,99.00,38.00,1,0.010000,1,0
3374,20,85.00,135.00,0,0.010000,10,0
3375,20,95.00,145.00,0,0.010000,11,0
3376,20,65.00,105.00,0,0.010000,11,0
3377,1,50.00,50.00,1,0.010000,0,0
3378,2,100.00,100.00,1,0.010000,0,0
3379,4,88.00,37.00,1,0.010000,2,0
3380,20,-130.00,-110.00,0,0.010000,18,11
3381,20,-130.00,-110.00,0,0.010000,18,10
3382,0,0.00,0.00,1,0.010000,0,0
3383,1,50.00,50.00,1,0.010000,0,0
3384,20,85.00,135.00,0,0.010000,10,1
3385,20,95.00,145.00,0,0.010000,11,0
3386,20,95.00,125.00,0,0.010000,10,0
3387,20,20.00,20.00,0,0.010000,11,2
3388,2,100.00,100.00,1,0.010000,0,0
3389,4,88.00,37.00,1,0.010000,2,0
3390,20,-95.00,-145.00,0,0.010000,19,12
3391,20,-135.00,-105.00,0,0.010000,17,12
3392,2,100.00,100.00,1,0.010000,0,0
3393,20,23.00,6.00,0,0.010000,12,2
3394,20,129.00,179.00,0,0.010000,9,2
3395,20,95.00,145.00,0,0.010000,11,0
3396,20,95.00,125.00,0,0.010000,10,0
3397,1,50.00,50.00,1,0.010000,0,0
3398,2,100.00,100.00,1,0.010000,0,0
3399,4,88.00,37.00,1,0.010000,2,0
3400,20,-135.00,-105.00,0,0.010000,17,11
3401,20,-90.00,-150.00,0,0.010000,16,13
3402,2,100.00,54.00,1,0.010000,0,0
3403,20,45.00,85.00,0,0.010000,11,0
3404,20,85.00,135.00,0,0.010000,10,0
3405,20,95.00,145.00,0,0.010000,11,0
3406,20,95.00,125.00,0,0.010000,10,0
3407,20,-110.00,-130.00,0,0.010000,16,7
3408,2,100.00,100.00,1,0.010000,0,0
3409,4,88.00,37.00,1,0.010000,2,0
3410,20,-105.00,-135.00,0,0.010000,19,11
3411,20,-135.00,-105.00,0,0.010000,19,8
3412,20,-107.00,-51.00,0,0.010000,13,1
3413,1,50.00,50.00,1,0.010000,0,0
3414,20,85.00,135.00,0,0.010000,10,0
3415,20,95.00,145.00,0,0.010000,11,0
3416,20,95.00,125.00,0,0.010000,10,0
3417,20,85.00,135.00,0,0.010000,10,0
3418,2,100.00,100.00,1,0.010000,0,0
3419,4,88.00,37.00,1,0.010000,2,0
3420,20,-140.00,-100.00,0,0.010000,18,10
3421,20,-125.00,-115.00,0,0.010000,17,11
3422,0,0.00,0.00,1,0.010000,0,0
3423,2,39.00,89.00,1,0.010000,1,0
3424,20,85.00,135.00,0,0.010000,10,0
3425,20,55.00,95.00,0,0.010000,12,1
3426,20,95.00,125.00,0,0.010000,10,0
3427,20,27.00,37.00,0,0.010000,11,0
3428,2,100.00,100.00,1,0.010000,0,0
3429,4,88.00,37.00,1,0.010000,2,0
3430,20,-115.00,-125.00,0,0.010000,19,11
3431,20,-105.00,-135.00,0,0.010000,15,11
3432,20,85.00,135.00,0,0.010000,10,0
3433,20,16.00,66.00,0,0.010000,11,0
3434,20,85.00,135.00,0,0.010000,10,0
3435,20,95.00,145.00,0,0.010000,11,0
3436,20,95.00,125.00,0,0.010000,10,0
3437,20,-140.00,-100.00,0,0.010000,18,10
3438,2,100.00,100.00,1,0.010000,0,0
3439,4,88.00,37.00,1,0.010000,2,0
3440,20,-90.00,-150.00,0,0.010000,18,11
3441,20,-125.00,-115.00,0,0.010000,17,10
3442,0,0.00,0.00,1,0.010000,0,0
3443,1,50.00,50.00,1,0.010000,0,0
3444,20,85.00,135.00,0,0.010000,10,0
3445,20,55.00,95.00,0,0.010000,12,1
3446,20,95.00,125.00,0,0.010000,10,0
3447,20,0.00,0.00,0,0.010000,10,0
3448,2,100.00,100.00,1,0.010000,0,0
3449,4,88.00,37.00,1,0.010000,2,0
3450,20,-105.00,-135.00,0,0.010000,19,9
3451,20,-125.00,-115.00,0,0.010000,17,11
3452,0,0.00,0.00,1,0.010000,0,0
3453,0,0.00,0.00,1,0.010000,0,0
3454,20,90.00,130.00,0,0.010000,9,1
3455,20,95.00,145.00,0,0.010000,11,0
3456,20,95.00,125.00,0,0.010000,10,0
3457,20,-125.00,-115.00,0,0.010000,17,9
3458,2,100.00,100.00,1,0.010000,0,0
3459,4,88.00,37.00,1,0.010000,2,0
3460,20,-135.00,-105.00,0,0.010000,19,11
3461,20,-120.00,-120.00,0,0.010000,18,10
3462,2,100.00,100.00,1,0.010000,0,0
3463,20,-22.00,-2.00,0,0.010000,11,0
3464,20,95.00,145.00,0,0.010000,11,0
3465,20,95.00,145.00,0,0.010000,11,0
3466,20,95.00,125.00,0,0.010000,10,0
3467,20,27.00,37.00,0,0.010000,11,0
3468,2,100.00,100.00,1,0.010000,0,0
3469,4,88.00,37.00,1,0.010000,2,0
3470,20,-125.00,-115.00,0,0.010000,17,13
3471,20,-140.00,-100.00,0,0.010000,18,7
3472,2,100.00,49.00,1,0.010000,0,0
3473,2,49.00,100.00,1,0.010000,0,0
3474,20,85.00,135.00,0,0.010000,10,0
3475,20,95.00,145.00,0,0.010000,11,0
3476,20,95.00,125.00,0,0.010000,10,0
3477,1,50.00,4.00,1,0.010000,0,0
3478,2,100.00,100.00,1,0.010000,0,0
3479,4,88.00,37.00,1,0.010000,2,0
3480,20,-80.00,-160.00,0,0.010000,18,11
3481,20,-130.00,-110.00,0,0.010000,18,12
3482,0,0.00,0.00,1,0.010000,0,0
3483,20,5.00,35.00,0,0.010000,12,0
3484,20,85.00,135.00,0,0.010000,10,0
3485,20,45.00,105.00,0,0.010000,12,1
3486,20,95.00,125.00,0,0.010000,10,0
3487,20,-39.00,-9.00,0,0.010000,11,1
3488,2,100.00,100.00,1,0.010000,0,0
3489,4,88.00,37.00,1,0.010000,2,0
3490,20,-110.00,-130.00,0,0.010000,18,12
3491,20,-120.00,-120.00,0,0.010000,18,10
3492,2,89.00,39.00,1,0.010000,1,0
3493,20,-115.00,-125.00,0,0.010000,19,9
3494,20,85.00,135.00,0,0.010000,10,0
3495,20,95.00,145.00,0,0.010000,11,0
3496,20,95.00,125.00,0,0.010000,10,0
3497,20,-12.00,-12.00,0,0.010000,11,0
3498,2,100.00,100.00,1,0.010000,0,0
3499,5,77.00,36.00,1,0.010000,3,1
3500,20,-110.00,-130.00,0,0.010000,16,9
3501,20,-130.00,-110.00,0,0.010000,20,9
3502,2,49.00,54.00,1,0.010000,0,0
3503,2,49.00,89.00,1,0.010000,0,0
3504,20,85.00,135.00,0,0.010000,10,0
3505,20,95.00,145.00,0,0.010000,11,0
3506,20,95.00,125.00,0,0.010000,10,0
3507,3,99.00,43.00,1,0.010000,1,0
3508,2,100.00,100.00,1,0.010000,0,0
3509,4,88.00,37.00,1,0.010000,2,0
3510,20,-145.00,-95.00,0,0.010000,17,11
3511,20,-115.00,-125.00,0,0.010000,17,11
3512,20,-105.00,-135.00,0,0.010000,19,10
3513,20,-100.00,-140.00,0,0.010000,18,11
3514,20,85.00,135.00,0,0.010000,10,0
3515,20,50.00,100.00,0,0.010000,11,1
3516,20,95.00,125.00,0,0.010000,10,0
3517,1,4.00,50.00,1,0.010000,0,0
3518,2,100.00,100.00,1,0.010000,0,0
3519,4,88.00,37.00,1,0.010000,2,0
3520,20,-110.00,-130.00,0,0.010000,18,9
3521,20,-135.00,-105.00,0,0.010000,15,13
3522,2,39.00,89.00,1,0.010000,1,0
3523,2,39.00,49.00,1,0.010000,1,0
3524,20,85.00,135.00,0,0.010000,10,0
3525,20,95.00,145.00,0,0.010000,11,0
3526,20,95.00,125.00,0,0.010000,10,0
3527,2,49.00,54.00,1,0.010000,0,0
3528,2,100.00,100.00,1,0.010000,0,0
3529,4,88.00,37.00,1,0.010000,2,0
3530,20,-135.00,-105.00,0,0.010000,17,10
3531,20,-130.00,-110.00,0,0.010000,20,10
3532,3,99.00,38.00,1,0.010000,1,0
3533,20,46.00,106.00,0,0.010000,11,0
3534,20,90.00,130.00,0,0.010000,9,1
3535,20,50.00,100.00,0,0.010000,11,1
3536,20,95.00,125.00,0,0.010000,10,0
3537,1,50.00,50.00,1,0.010000,0,0
3538,2,100.00,100.00,1,0.010000,0,0
3539,4,88.00,37.00,1,0.010000,2,0
3540,20,-110.00,-130.00,0,0.010000,18,9
3541,20,-115.00,-125.00,0,0.010000,17,12
3542,20,-100.00,-140.00,0,0.010000,18,11
3543,0,0.00,0.00,1,0.010000,0,0
3544,20,85.00,135.00,0,0.010000,10,0
3545,20,95.00,145.00,0,0.010000,11,0
3546,20,95.00,125.00,0,0.010000,10,0
3547,20,27.00,37.00,0,0.010000,11,0
3548,2,100.00,100.00,1,0.010000,0,0
3549,4,88.00,37.00,1,0.010000,2,0
3550,20,-140.00,-100.00,0,0.010000,18,12
3551,20,-85.00,-155.00,0,0.010000,17,10
3552,2,49.00,54.00,1,0.010000,0,0
3553,4,88.00,42.00,1,0.010000,2,0
3554,20,85.00,135.00,0,0.010000,10,0
3555,20,-5.00,65.00,0,0.010000,13,0
3556,20,95.00,125.00,0,0.010000,10,0
3557,2,100.00,89.00,1,0.010000,0,0
3558,2,100.00,100.00,1,0.010000,0,0
3559,4,88.00,37.00,1,0.010000,2,0
3560,20,-150.00,-90.00,0,0.010000,18,11
3561,20,-140.00,-100.00,0,0.010000,18,11
3562,20,-22.00,-2.00,0,0.010000,11,0
3563,1,50.00,4.00,1,0.010000,0,0
3564,20,85.00,135.00,0,0.010000,10,0
3565,20,95.00,145.00,0,0.010000,11,0
3566,20,95.00,125.00,0,0.010000,10,0
3567,20,-120.00,-120.00,0,0.010000,18,11
3568,2,100.00,100.00,1,0.010000,0,0
3569,5,82.00,31.00,1,0.010000,2,1
3570,20,-105.00,-135.00,0,0.010000,19,12
3571,20,-125.00,-115.00,0,0.010000,17,8
3572,0,0.00,0.00,1,0.010000,0,0
3573,0,0.00,0.00,1,0.010000,0,0
3574,20,85.00,135.00,0,0.010000,10,0
3575,20,95.00,145.00,0,0.010000,11,0
3576,20,95.00,125.00,0,0.010000,10,0
3577,20,95.00,125.00,0,0.010000,10,0
3578,2,100.00,100.00,1,0.010000,0,0
3579,4,88.00,37.00,1,0.010000,2,0
3580,20,-90.00,-150.00,0,0.010000,16,12
3581,20,-90.00,-150.00,0,0.010000,16,11
3582,20,-85.00,-33.00,0,0.010000,12,2
3583,0,0.00,0.00,1,0.010000,0,0
3584,20,124.00,184.00,0,0.010000,10,2
3585,20,95.00,145.00,0,0.010000,11,0
3586,20,95.00,125.00,0,0.010000,10,0
3587,0,0.00,0.00,1,0.010000,0,0
3588,2,100.00,100.00,1,0.010000,0,0
3589,4,88.00,37.00,1,0.010000,2,0
3590,20,-125.00,-115.00,0,0.010000,19,12
3591,20,-150.00,-90.00,0,0.010000,18,11
3592,1,50.00,4.00,1,0.010000,0,0
3593,20,-130.00,-110.00,0,0.010000,18,11
3594,20,85.00,135.00,0,0.010000,10,0
3595,20,95.00,145.00,0,0.010000,11,0
3596,20,95.00,125.00,0,0.010000,10,0
3597,20,-155.00,-85.00,0,0.010000,17,9
3598,2,100.00,100.00,1,0.010000,0,0
3599,4,88.00,37.00,1,0.010000,2,0
3600,20,-115.00,-125.00,0,0.010000,19,11
3601,20,-105.00,-135.00,0,0.010000,17,11
3602,1,50.00,50.00,1,0.010000,0,0
3603,20,-7.00,23.00,0,0.010000,11,2
3604,20,95.00,125.00,0,0.010000,10,1
3605,20,95.00,145.00,0,0.010000,11,0
3606,20,95.00,125.00,0,0.010000,10,0
3607,2,100.00,100.00,1,0.010000,0,0
3608,2,100.00,100.00,1,0.010000,0,0
3609,4,88.00,37.00,1,0.010000,2,0
3610,20,-110.00,-130.00,0,0.010000,16,12
3611,20,-105.00,-135.00,0,0.010000,19,11
3612,3,89.00,48.00,1,0.010000,1,0
3613,20,-74.00,-17.00,0,0.010000,12,2
3614,20,85.00,135.00,0,0.010000,10,0
3615,20,95.00,145.00,0,0.010000,11,0
3616,20,95.00,125.00,0,0.010000,10,0
3617,20,17.00,47.00,0,0.010000,11,0
3618,2,100.00,100.00,1,0.010000,0,0
3619,4,88.00,37.00,1,0.010000,2,0
3620,20,-125.00,-115.00,0,0.010000,19,10
3621,20,-105.00,-135.00,0,0.010000,17,12
3622,20,-12.00,-12.00,0,0.010000,11,0
3623,20,-145.00,-95.00,0,0.010000,19,9
3624,20,85.00,135.00,0,0.010000,10,0
3625,20,95.00,145.00,0,0.010000,11,0
3626,20,95.00,125.00,0,0.010000,10,0
3627,20,85.00,135.00,0,0.010000,10,0
3628,2,100.00,100.00,1,0.010000,0,0
3629,4,88.00,37.00,1,0.010000,2,0
3630,20,-110.00,-130.00,0,0.010000,18,12
3631,20,-100.00,-140.00,0,0.010000,16,12
3632,1,50.00,4.00,1,0.010000,0,0
3633,1,50.00,50.00,1,0.010000,0,0
3634,20,85.00,135.00,0,0.010000,10,0
3635,20,66.00,106.00,0,0.010000,12,0
3636,20,95.00,125.00,0,0.010000,10,0
3637,20,-130.00,-110.00,0,0.010000,18,11
3638,2,100.00,100.00,1,0.010000,0,0
3639,4,88.00,37.00,1,0.010000,2,0
3640,20,-95.00,-145.00,0,0.010000,17,13
3641,20,-150.00,-90.00,0,0.010000,18,8
3642,20,-155.00,-85.00,0,0.010000,19,10
3643,20,-115.00,-125.00,0,0.010000,19,11
3644,20,85.00,135.00,0,0.010000,10,0
3645,20,95.00,145.00,0,0.010000,11,0
3646,20,95.00,125.00,0,0.010000,10,0
3647,20,31.00,19.00,0,0.010000,12,1
3648,2,100.00,100.00,1,0.010000,0,0
3649,4,88.00,37.00,1,0.010000,2,0
3650,20,-105.00,-135.00,0,0.010000,19,8
3651,20,-105.00,-135.00,0,0.010000,17,12
3652,20,85.00,135.00,0,0.010000,10,0
3653,20,-115.00,-125.00,0,0.010000,17,12
3654,20,85.00,135.00,0,0.010000,10,0
3655,20,95.00,145.00,0,0.010000,11,0
3656,20,95.00,125.00,0,0.010000,10,0
3657,20,-115.00,-125.00,0,0.010000,17,11
3658,2,100.00,100.00,1,0.010000,0,0
3659,4,88.00,37.00,1,0.010000,2,0
3660,20,-130.00,-110.00,0,0.010000,18,13
3661,20,-145.00,-95.00,0,0.010000,19,11
3662,2,100.00,54.00,1,0.010000,0,0
3663,3,99.00,38.00,1,0.010000,1,0
3664,20,90.00,130.00,0,0.010000,9,1
3665,20,95.00,145.00,0,0.010000,11,0
3666,20,95.00,125.00,0,0.010000,10,0
3667,0,0.00,0.00,1,0.010000,0,0
3668,2,100.00,100.00,1,0.010000,0,0
3669,4,88.00,37.00,1,0.010000,2,0
3670,20,-115.00,-125.00,0,0.010000,19,11
3671,20,-110.00,-130.00,0,0.010000,18,10
3672,1,50.00,50.00,1,0.010000,0,0
3673,20,85.00,135.00,0,0.010000,10,0
3674,20,85.00,135.00,0,0.010000,10,0
3675,20,95.00,145.00,0,0.010000,11,0
3676,20,95.00,125.00,0,0.010000,10,0
3677,20,85.00,135.00,0,0.010000,10,0
3678,2,100.00,100.00,1,0.010000,0,0
3679,4,88.00,37.00,1,0.010000,2,0
3680,20,-105.00,-135.00,0,0.010000,17,12
3681,20,-110.00,-130.00,0,0.010000,18,9
3682,1,50.00,50.00,1,0.010000,0,0
3683,20,-140.00,-100.00,0,0.010000,14,10
3684,20,85.00,135.00,0,0.010000,10,0
3685,20,95.00,145.00,0,0.010000,11,0
3686,20,95.00,125.00,0,0.010000,10,0
3687,4,88.00,42.00,1,0.010000,2,0
3688,2,100.00,100.00,1,0.010000,0,0
3689,4,88.00,37.00,1,0.010000,2,0
3690,20,-120.00,-120.00,0,0.010000,18,13
3691,20,-150.00,-90.00,0,0.010000,20,10
3692,1,50.00,50.00,1,0.010000,0,0
3693,0,0.00,0.00,1,0.010000,0,0
3694,20,85.00,135.00,0,0.010000,10,0
3695,20,95.00,145.00,0,0.010000,11,0
3696,20,95.00,125.00,0,0.010000,10,0
3697,20,96.00,146.00,0,0.010000,10,0
3698,2,100.00,100.00,1,0.010000,0,0
3699,4,88.00,37.00,1,0.010000,2,0
3700,20,-120.00,-120.00,0,0.010000,16,13
3701,20,-110.00,-130.00,0,0.010000,20,8
3702,20,-5.00,15.00,0,0.010000,11,2
3703,2,54.00,100.00,1,0.010000,0,0
3704,20,146.00,186.00,0,0.010000,9,0
3705,20,95.00,145.00,0,0.010000,11,0
3706,20,95.00,125.00,0,0.010000,10,0
3707,20,39.00,49.00,0,0.010000,10,0
3708,2,100.00,100.00,1,0.010000,0,0
3709,4,88.00,37.00,1,0.010000,2,0
3710,20,-120.00,-120.00,0,0.010000,18,12
3711,20,-135.00,-105.00,0,0.010000,17,11
3712,20,95.00,145.00,0,0.010000,11,0
3713,20,-125.00,-115.00,0,0.010000,17,13
3714,20,85.00,135.00,0,0.010000,10,0
3715,20,95.00,145.00,0,0.010000,11,0
3716,20,95.00,125.00,0,0.010000,10,0
3717,20,56.00,96.00,0,0.010000,11,0
3718,2,100.00,100.00,1,0.010000,0,0
3719,4,88.00,37.00,1,0.010000,2,0
3720,20,-95.00,-145.00,0,0.010000,19,7
3721,20,-85.00,-155.00,0,0.010000,19,12
3722,20,-24.00,-24.00,0,0.010000,12,0
3723,2,100.00,49.00,1,0.010000,0,0
3724,20,85.00,135.00,0,0.010000,10,0
3725,20,95.00,145.00,0,0.010000,11,0
3726,20,95.00,125.00,0,0.010000,10,0
3727,20,56.00,96.00,0,0.010000,11,0
3728,2,100.00,100.00,1,0.010000,0,0
3729,4,88.00,37.00,1,0.010000,2,0
3730,20,-125.00,-115.00,0,0.010000,17,13
3731,20,-140.00,-100.00,0,0.010000,18,8
3732,20,85.00,135.00,0,0.010000,10,0
3733,4,88.00,37.00,1,0.010000,2,0
3734,20,85.00,135.00,0,0.010000,10,0
3735,20,95.00,145.00,0,0.010000,11,0
3736,20,95.00,125.00,0,0.010000,10,0
3737,20,-115.00,-125.00,0,0.010000,17,12
3738,2,100.00,100.00,1,0.010000,0,0
3739,4,88.00,37.00,1,0.010000,2,0
3740,20,-135.00,-105.00,0,0.010000,17,11
3741,20,-130.00,-110.00,0,0.010000,18,10
3742,0,0.00,0.00,1,0.010000,0,0
3743,20,-30.00,-20.00,0,0.010000,13,2
3744,20,85.00,135.00,0,0.010000,10,0
3745,20,95.00,145.00,0,0.010000,11,0
3746,20,134.00,174.00,0,0.010000,10,1
3747,3,99.00,43.00,1,0.010000,1,0
3748,2,100.00,100.00,1,0.010000,0,0
3749,4,88.00,37.00,1,0.010000,2,0
3750,20,-115.00,-125.00,0,0.010000,19,14
3751,20,-105.00,-135.00,0,0.010000,19,9
3752,0,0.00,0.00,1,0.010000,0,0
3753,20,17.00,47.00,0,0.010000,11,0
3754,20,85.00,135.00,0,0.010000,10,0
3755,20,95.00,145.00,0,0.010000,11,0
3756,20,95.00,125.00,0,0.010000,10,0
3757,3,89.00,48.00,1,0.010000,1,0
3758,2,100.00,100.00,1,0.010000,0,0
3759,4,88.00,37.00,1,0.010000,2,0
3760,20,-140.00,-100.00,0,0.010000,18,11
3761,20,-100.00,-140.00,0,0.010000,16,10
3762,2,49.00,54.00,1,0.010000,0,0
3763,20,35.00,45.00,0,0.010000,12,0
3764,20,85.00,135.00,0,0.010000,10,0
3765,20,95.00,145.00,0,0.010000,11,0
3766,20,95.00,125.00,0,0.010000,10,0
3767,3,99.00,38.00,1,0.010000,1,0
3768,2,100.00,100.00,1,0.010000,0,0
3769,4,88.00,37.00,1,0.010000,2,0
3770,20,-125.00,-115.00,0,0.010000,17,12
3771,20,-150.00,-90.00,0,0.010000,18,10
3772,20,56.00,96.00,0,0.010000,11,0
3773,20,85.00,135.00,0,0.010000,10,0
3774,20,85.00,135.00,0,0.010000,10,0
3775,20,95.00,145.00,0,0.010000,11,0
3776,20,95.00,125.00,0,0.010000,10,0
3777,2,100.00,100.00,1,0.010000,0,0
3778,2,100.00,100.00,1,0.010000,0,0
3779,4,88.00,37.00,1,0.010000,2,0
3780,20,-140.00,-100.00,0,0.010000,18,11
3781,20,-125.00,-115.00,0,0.010000,17,12
3782,20,35.00,95.00,0,0.010000,11,1
3783,3,89.00,48.00,1,0.010000,1,0
3784,20,95.00,125.00,0,0.010000,10,1
3785,20,95.00,145.00,0,0.010000,11,0
3786,20,95.00,125.00,0,0.010000,10,0
3787,20,146.00,186.00,0,0.010000,9,0
3788,2,100.00,100.00,1,0.010000,0,0
3789,4,88.00,37.00,1,0.010000,2,0
3790,20,-110.00,-130.00,0,0.010000,18,13
3791,20,-105.00,-135.00,0,0.010000,19,8
3792,3,89.00,99.00,1,0.010000,1,0
3793,2,54.00,100.00,1,0.010000,0,0
3794,20,85.00,135.00,0,0.010000,10,0
3795,20,95.00,145.00,0,0.010000,11,0
3796,20,95.00,125.00,0,0.010000,10,0
3797,20,56.00,96.00,0,0.010000,11,0
3798,2,100.00,100.00,1,0.010000,0,0
3799,4,88.00,37.00,1,0.010000,2,0
3800,20,-105.00,-135.00,0,0.010000,19,7
3801,20,-90.00,-150.00,0,0.010000,16,13
3802,20,85.00,135.00,0,0.010000,10,0
3803,1,50.00,4.00,1,0.010000,0,0
3804,20,85.00,135.00,0,0.010000,10,0
3805,20,45.00,105.00,0,0.010000,12,1
3806,20,95.00,125.00,0,0.010000,10,0
3807,20,-135.00,-105.00,0,0.010000,19,10
3808,2,100.00,100.00,1,0.010000,0,0
3809,4,88.00,37.00,1,0.010000,2,0
3810,20,-125.00,-115.00,0,0.010000,17,14
3811,20,-125.00,-115.00,0,0.010000,17,10
3812,20,-21.00,-40.00,0,0.010000,12,3
3813,2,49.00,54.00,1,0.010000,0,0
3814,20,85.00,135.00,0,0.010000,10,0
3815,20,95.00,145.00,0,0.010000,11,0
3816,20,95.00,125.00,0,0.010000,10,0
3817,3,89.00,48.00,1,0.010000,1,0
3818,2,100.00,100.00,1,0.010000,0,0
3819,4,88.00,37.00,1,0.010000,2,0
3820,20,-120.00,-120.00,0,0.010000,18,10
3821,20,-115.00,-125.00,0,0.010000,17,12
3822,20,56.00,96.00,0,0.010000,11,0
3823,1,50.00,50.00,1,0.010000,0,0
3824,20,85.00,135.00,0,0.010000,10,0
3825,20,95.00,145.00,0,0.010000,11,0
3826,20,95.00,125.00,0,0.010000,10,0
3827,0,0.00,0.00,1,0.010000,0,0
3828,2,100.00,100.00,1,0.010000,0,0
3829,4,88.00,37.00,1,0.010000,2,0
3830,20,-130.00,-110.00,0,0.010000,18,10
3831,20,-120.00,-120.00,0,0.010000,20,9
3832,20,95.00,145.00,0,0.010000,11,0
3833,2,89.00,39.00,1,0.010000,1,0
3834,20,85.00,135.00,0,0.010000,10,0
3835,20,95.00,145.00,0,0.010000,11,0
3836,20,95.00,125.00,0,0.010000,10,0
3837,20,85.00,135.00,0,0.010000,10,0
3838,2,100.00,100.00,1,0.010000,0,0
3839,4,88.00,37.00,1,0.010000,2,0
3840,20,-120.00,-120.00,0,0.010000,18,11
3841,20,-130.00,-110.00,0,0.010000,18,13
3842,20,39.00,21.00,0,0.010000,12,1
3843,20,-22.00,-2.00,0,0.010000,11,0
3844,20,85.00,135.00,0,0.010000,10,0
3845,20,95.00,145.00,0,0.010000,11,0
3846,20,104.00,114.00,0,0.010000,11,0
3847,1,50.00,4.00,1,0.010000,0,0
3848,2,100.00,100.00,1,0.010000,0,0
3849,4,88.00,37.00,1,0.010000,2,0
3850,20,-100.00,-140.00,0,0.010000,18,9
3851,20,-100.00,-140.00,0,0.010000,18,11
3852,2,100.00,49.00,1,0.010000,0,0
3853,2,100.00,100.00,1,0.010000,0,0
3854,20,85.00,135.00,0,0.010000,10,0
3855,20,5.00,55.00,0,0.010000,13,2
3856,20,95.00,125.00,0,0.010000,10,0
3857,0,0.00,0.00,1,0.010000,0,0
3858,2,100.00,100.00,1,0.010000,0,0
3859,4,88.00,37.00,1,0.010000,2,0
3860,20,-135.00,-105.00,0,0.010000,19,10
3861,20,-125.00,-115.00,0,0.010000,15,12
3862,20,-63.00,-73.00,0,0.010000,10,3
3863,20,-19.00,-29.00,0,0.010000,11,1
3864,20,134.00,174.00,0,0.010000,10,0
3865,20,95.00,145.00,0,0.010000,11,0
3866,20,95.00,125.00,0,0.010000,10,0
3867,2,49.00,54.00,1,0.010000,0,0
3868,2,100.00,100.00,1,0.010000,0,0
3869,4,88.00,37.00,1,0.010000,2,0
3870,20,-130.00,-110.00,0,0.010000,20,11
3871,20,-100.00,-140.00,0,0.010000,16,11
3872,2,49.00,54.00,1,0.010000,0,0
3873,0,0.00,0.00,1,0.010000,0,0
3874,20,85.00,135.00,0,0.010000,10,0
3875,20,45.00,105.00,0,0.010000,12,1
3876,20,144.00,164.00,0,0.010000,10,1
3877,20,-51.00,-61.00,0,0.010000,11,0
3878,2,100.00,100.00,1,0.010000,0,0
3879,4,88.00,37.00,1,0.010000,2,0
3880,20,-135.00,-105.00,0,0.010000,17,12
3881,20,-125.00,-115.00,0,0.010000,19,12
3882,2,49.00,54.00,1,0.010000,0,0
3883,20,-24.00,-24.00,0,0.010000,8,4
3884,20,85.00,135.00,0,0.010000,10,0
3885,20,95.00,145.00,0,0.010000,11,0
3886,20,95.00,125.00,0,0.010000,10,0
3887,20,56.00,96.00,0,0.010000,11,0
3888,2,100.00,100.00,1,0.010000,0,0
3889,5,77.00,36.00,1,0.010000,3,1
3890,20,-90.00,-150.00,0,0.010000,18,9
3891,20,-115.00,-125.00,0,0.010000,17,13
3892,0,0.00,0.00,1,0.010000,0,0
3893,3,89.00,53.00,1,0.010000,1,0
3894,20,85.00,135.00,0,0.010000,10,0
3895,20,95.00,145.00,0,0.010000,11,0
3896,20,134.00,174.00,0,0.010000,10,1
3897,20,95.00,145.00,0,0.010000,11,0
3898,2,100.00,100.00,1,0.010000,0,0
3899,4,88.00,37.00,1,0.010000,2,0
3900,20,-140.00,-100.00,0,0.010000,18,9
3901,20,-90.00,-150.00,0,0.010000,18,11
3902,20,-130.00,-110.00,0,0.010000,18,12
3903,1,50.00,50.00,1,0.010000,0,0
3904,20,85.00,135.00,0,0.010000,10,0
3905,20,95.00,145.00,0,0.010000,11,0
3906,20,95.00,125.00,0,0.010000,10,0
3907,20,-35.00,22.00,0,0.010000,12,2
3908,2,100.00,100.00,1,0.010000,0,0
3909,4,88.00,37.00,1,0.010000,2,0
3910,20,-150.00,-90.00,0,0.010000,18,11
3911,20,-105.00,-135.00,0,0.010000,19,9
3912,20,-135.00,-105.00,0,0.010000,17,11
3913,0,0.00,0.00,1,0.010000,0,0
3914,20,85.00,135.00,0,0.010000,10,0
3915,20,95.00,145.00,0,0.010000,11,0
3916,20,106.00,136.00,0,0.010000,10,0
3917,20,134.00,174.00,0,0.010000,10,1
3918,3,99.00,89.00,1,0.010000,1,1
3919,4,88.00,37.00,1,0.010000,2,0
3920,20,-115.00,-125.00,0,0.010000,17,11
3921,20,-115.00,-125.00,0,0.010000,19,11
3922,2,100.00,100.00,1,0.010000,0,0
3923,2,49.00,100.00,1,0.010000,0,0
3924,20,85.00,135.00,0,0.010000,10,0
3925,20,95.00,145.00,0,0.010000,11,0
3926,20,95.00,125.00,0,0.010000,10,0
3927,1,4.00,50.00,1,0.010000,0,0
3928,2,100.00,100.00,1,0.010000,0,0
3929,4,88.00,37.00,1,0.010000,2,0
3930,20,-130.00,-110.00,0,0.010000,18,12
3931,20,-115.00,-125.00,0,0.010000,17,8
3932,20,-24.00,-24.00,0,0.010000,12,1
3933,3,38.00,128.00,1,0.010000,1,0
3934,20,85.00,135.00,0,0.010000,10,0
3935,20,95.00,145.00,0,0.010000,11,0
3936,20,95.00,125.00,0,0.010000,10,0
3937,0,0.00,0.00,1,0.010000,0,0
3938,2,100.00,100.00,1,0.010000,0,0
3939,4,88.00,37.00,1,0.010000,2,0
3940,20,-125.00,-115.00,0,0.010000,17,10
3941,20,-110.00,-130.00,0,0.010000,16,11
3942,20,-115.00,-125.00,0,0.010000,19,11
3943,20,134.00,174.00,0,0.010000,10,0
3944,20,95.00,145.00,0,0.010000,11,0
3945,20,95.00,145.00,0,0.010000,11,0
3946,20,95.00,125.00,0,0.010000,10,0
3947,2,100.00,49.00,1,0.010000,0,0
3948,2,100.00,100.00,1,0.010000,0,0
3949,4,88.00,37.00,1,0.010000,2,0
3950,20,-100.00,-140.00,0,0.010000,18,14
3951,20,-150.00,-90.00,0,0.010000,18,12
3952,3,50.00,4.00,1,0.010000,1,0
3953,0,0.00,0.00,1,0.010000,0,0
3954,20,95.00,125.00,0,0.010000,10,1
3955,20,55.00,95.00,0,0.010000,12,1
3956,20,95.00,125.00,0,0.010000,10,0
3957,2,49.00,54.00,1,0.010000,0,0
3958,2,100.00,100.00,1,0.010000,0,0
3959,4,88.00,37.00,1,0.010000,2,0
3960,20,-80.00,-160.00,0,0.010000,18,6
3961,20,-150.00,-90.00,0,0.010000,18,13
3962,0,0.00,0.00,1,0.010000,0,0
3963,20,-120.00,-120.00,0,0.010000,18,11
3964,20,95.00,125.00,0,0.010000,10,1
3965,20,95.00,145.00,0,0.010000,11,0
3966,20,95.00,125.00,0,0.010000,10,0
3967,20,0.00,0.00,0,0.010000,10,0
3968,2,100.00,100.00,1,0.010000,0,0
3969,4,88.00,37.00,1,0.010000,2,0
3970,20,-130.00,-110.00,0,0.010000,18,11
3971,20,-130.00,-110.00,0,0.010000,18,13
3972,2,100.00,49.00,1,0.010000,0,0
3973,0,0.00,0.00,1,0.010000,0,0
3974,20,85.00,135.00,0,0.010000,10,0
3975,20,95.00,145.00,0,0.010000,11,0
3976,20,95.00,125.00,0,0.010000,10,0
3977,2,39.00,89.00,1,0.010000,1,0
3978,2,100.00,100.00,1,0.010000,0,0
3979,4,88.00,37.00,1,0.010000,2,0
3980,20,-125.00,-115.00,0,0.010000,19,10
3981,20,-130.00,-110.00,0,0.010000,16,10
3982,20,56.00,96.00,0,0.010000,11,0
3983,0,0.00,0.00,1,0.010000,0,0
3984,20,85.00,135.00,0,0.010000,10,0
3985,20,95.00,145.00,0,0.010000,11,0
3986,20,95.00,125.00,0,0.010000,10,0
3987,20,95.00,125.00,0,0.010000,10,0
3988,2,100.00,100.00,1,0.010000,0,0
3989,4,88.00,37.00,1,0.010000,2,0
3990,20,-95.00,-145.00,0,0.010000,17,11
3991,20,-110.00,-130.00,0,0.010000,18,9
3992,0,0.00,0.00,1,0.010000,0,0
3993,20,39.00,49.00,0,0.010000,10,0
3994,20,85.00,135.00,0,0.010000,10,0
3995,20,45.00,105.00,0,0.010000,12,1
3996,20,95.00,125.00,0,0.010000,10,0
3997,20,-110.00,-130.00,0,0.010000,18,10
3998,2,100.00,100.00,1,0.010000,0,0
3999,4,88.00,37.00,1,0.010000,2,0

# Summary
# FirstGoalEpisode,3
# TotalGoalCount,1249
# GoalRate_last100,0.37
