Episode,Steps,RewardZ1,RewardZ2,GoalReached,Epsilon,WastedByPenalty,WastedByNoEffect
0,20,-107.00,-7.00,0,0.300000,18,5
1,20,-135.00,-115.00,0,0.299100,19,15
2,0,0.00,0.00,1,0.298203,0,0
3,20,-135.00,-165.00,0,0.297308,18,7
4,20,-44.00,-94.00,0,0.296416,18,5
5,20,-80.00,-60.00,0,0.295527,18,7
6,20,-99.00,-79.00,0,0.294640,17,11
7,20,-102.00,-2.00,0,0.293756,17,4
8,3,99.00,89.00,1,0.292875,1,1
9,11,58.00,48.00,1,0.291997,7,5
10,20,-117.00,-17.00,0,0.300000,18,7
11,20,-59.00,-69.00,0,0.299100,19,12
12,0,0.00,0.00,1,0.298203,0,0
13,5,38.00,38.00,1,0.297308,3,1
14,20,-10.00,-110.00,0,0.296416,15,8
15,20,16.00,6.00,0,0.295527,12,10
16,20,35.00,-65.00,0,0.294640,15,10
17,20,-40.00,-50.00,0,0.293756,12,4
18,2,100.00,100.00,1,0.292875,0,0
19,7,92.00,72.00,1,0.291997,3,3
20,20,-33.00,-63.00,0,0.291121,13,4
21,20,-42.00,-82.00,0,0.290247,17,8
22,20,-90.00,-120.00,0,0.289376,14,4
23,20,-33.00,-83.00,0,0.288508,13,5
24,20,47.00,17.00,0,0.287643,11,3
25,20,41.00,1.00,0,0.286780,11,10
26,20,-20.00,-30.00,0,0.285920,17,8
27,1,50.00,50.00,1,0.285062,0,0
28,2,100.00,100.00,1,0.284207,0,0
29,2,100.00,100.00,1,0.283354,0,0
30,20,-33.00,-63.00,0,0.282504,13,6
31,20,-98.00,-128.00,0,0.281656,15,14
32,20,-8.00,-98.00,0,0.280811,16,7
33,0,0.00,0.00,1,0.279969,0,0
34,20,52.00,-28.00,0,0.279129,14,2
35,20,26.00,6.00,0,0.278292,15,8
36,20,-80.00,-70.00,0,0.300000,16,11
37,0,0.00,0.00,1,0.299100,0,0
38,4,100.00,100.00,1,0.298203,1,0
39,2,100.00,100.00,1,0.297308,0,0
40,20,-17.00,-7.00,0,0.296416,10,2
41,20,-45.00,-55.00,0,0.295527,15,11
42,3,43.00,33.00,1,0.294640,1,2
43,20,-43.00,-23.00,0,0.293756,14,7
44,20,-51.00,-51.00,0,0.292875,10,6
45,20,-35.00,-45.00,0,0.291997,15,13
46,20,-59.00,-79.00,0,0.291121,14,10
47,20,-155.00,-145.00,0,0.290247,17,14
48,3,89.00,89.00,1,0.289376,1,1
49,2,100.00,100.00,1,0.288508,0,0
50,20,-34.00,-14.00,0,0.287643,10,2
51,20,-57.00,-67.00,0,0.286780,14,9
52,5,43.00,33.00,1,0.285920,2,2
53,20,-75.00,-85.00,0,0.285062,11,3
54,20,32.00,32.00,0,0.284207,11,2
55,20,-65.00,-55.00,0,0.283354,11,9
56,20,-45.00,-35.00,0,0.282504,15,10
57,20,23.00,-7.00,0,0.281656,13,5
58,3,99.00,89.00,1,0.280811,1,1
59,2,100.00,100.00,1,0.279969,0,0
60,20,-16.00,-56.00,0,0.279129,11,4
61,20,-40.00,-70.00,0,0.278292,16,9
62,0,0.00,0.00,1,0.277457,0,0
63,20,-64.00,-64.00,0,0.276624,15,12
64,20,86.00,66.00,0,0.275795,9,2
65,20,-45.00,-35.00,0,0.274967,15,11
66,20,-39.00,-79.00,0,0.274142,13,11
67,0,0.00,0.00,1,0.273320,0,0
68,2,100.00,100.00,1,0.272500,0,0
69,2,100.00,100.00,1,0.271682,0,0
70,20,-35.00,-85.00,0,0.270867,14,2
71,20,-79.00,-69.00,0,0.270055,17,10
72,20,-100.00,-100.00,0,0.269245,10,6
73,0,0.00,0.00,1,0.268437,0,0
74,20,37.00,37.00,0,0.267632,10,1
75,20,-30.00,-50.00,0,0.266829,15,12
76,20,-27.00,-57.00,0,0.266028,13,10
77,20,-80.00,-60.00,0,0.265230,16,10
78,2,100.00,100.00,1,0.264434,0,0
79,2,100.00,100.00,1,0.263641,0,0
80,20,-23.00,-83.00,0,0.262850,13,4
81,20,-77.00,-47.00,0,0.262062,14,12
82,0,0.00,0.00,1,0.261275,0,0
83,20,-101.00,-121.00,0,0.260492,17,9
84,20,49.00,39.00,0,0.259710,10,1
85,20,-45.00,-75.00,0,0.258931,13,9
86,20,-35.00,-35.00,0,0.258154,13,12
87,0,0.00,0.00,1,0.257380,0,0
88,2,100.00,100.00,1,0.256608,0,0
89,2,100.00,100.00,1,0.255838,0,0
90,20,-70.00,-70.00,0,0.255070,13,6
91,20,-52.00,-62.00,0,0.254305,15,11
92,5,6.00,46.00,1,0.253542,4,4
93,20,-118.00,-118.00,0,0.252781,15,14
94,20,-44.00,-34.00,0,0.252023,13,4
95,20,-30.00,-20.00,0,0.251267,14,10
96,20,-55.00,-25.00,0,0.250513,15,10
97,0,0.00,0.00,1,0.249762,0,0
98,2,100.00,100.00,1,0.249012,0,0
99,2,100.00,100.00,1,0.248265,0,0
100,20,-73.00,-33.00,0,0.247521,13,5
101,20,-99.00,-79.00,0,0.246778,14,8
102,2,39.00,39.00,1,0.246038,1,1
103,20,-44.00,-74.00,0,0.245300,13,8
104,20,5.00,15.00,0,0.244564,10,5
105,20,-65.00,-35.00,0,0.243830,15,13
106,20,-89.00,-59.00,0,0.243099,16,11
107,4,78.00,88.00,1,0.242369,2,2
108,2,100.00,100.00,1,0.241642,0,0
109,2,100.00,100.00,1,0.240917,0,0
110,20,-63.00,-43.00,0,0.240194,13,2
111,20,-64.00,-74.00,0,0.239474,16,12
112,4,83.00,83.00,1,0.238755,1,2
113,20,-60.00,-20.00,0,0.238039,13,13
114,20,-63.00,-73.00,0,0.237325,15,2
115,20,-30.00,-40.00,0,0.236613,14,11
116,20,-44.00,-84.00,0,0.235903,14,12
117,20,-67.00,-57.00,0,0.235196,16,10
118,3,89.00,89.00,1,0.234490,1,1
119,2,100.00,100.00,1,0.233786,0,0
120,20,18.00,-132.00,0,0.233085,17,3
121,20,-59.00,-79.00,0,0.232386,15,12
122,20,-67.00,-67.00,0,0.231689,16,11
123,20,-69.00,-79.00,0,0.230994,15,12
124,20,-84.00,-84.00,0,0.230301,14,5
125,20,-35.00,-55.00,0,0.229610,15,11
126,20,-87.00,-77.00,0,0.228921,16,13
127,20,-75.00,-85.00,0,0.228234,15,13
128,2,100.00,100.00,1,0.227549,0,0
129,2,100.00,100.00,1,0.226867,0,0
130,20,16.00,-154.00,0,0.226186,18,2
131,20,-77.00,-47.00,0,0.225508,16,11
132,0,0.00,0.00,1,0.224831,0,0
133,20,-111.00,-101.00,0,0.224157,15,9
134,20,-19.00,-29.00,0,0.223484,11,4
135,20,6.00,16.00,0,0.222814,13,9
136,20,-57.00,-57.00,0,0.222145,14,11
137,20,-18.00,-58.00,0,0.221479,13,10
138,2,100.00,100.00,1,0.220814,0,0
139,2,100.00,100.00,1,0.220152,0,0
140,20,27.00,-83.00,0,0.219492,16,1
141,20,-69.00,-69.00,0,0.218833,15,12
142,2,100.00,100.00,1,0.218177,0,0
143,0,0.00,0.00,1,0.217522,0,0
144,20,-12.00,-22.00,0,0.216869,11,2
145,20,-55.00,-35.00,0,0.216219,15,11
146,20,-79.00,-69.00,0,0.215570,17,12
147,20,-57.00,-77.00,0,0.214923,16,10
148,2,100.00,100.00,1,0.214279,0,0
149,3,89.00,89.00,1,0.213636,1,1
150,20,-57.00,-107.00,0,0.212995,15,6
151,20,-94.00,-84.00,0,0.212356,15,7
152,20,-18.00,-28.00,0,0.211719,13,7
153,20,-84.00,-94.00,0,0.211084,15,12
154,20,-51.00,-41.00,0,0.210450,10,6
155,20,-4.00,-4.00,0,0.209819,13,5
156,20,-69.00,-79.00,0,0.209190,13,12
157,4,83.00,83.00,1,0.208562,1,2
158,2,100.00,100.00,1,0.207936,0,0
159,2,100.00,100.00,1,0.207313,0,0
160,20,-13.00,-63.00,0,0.206691,14,5
161,20,-57.00,-67.00,0,0.206071,14,11
162,20,-135.00,-125.00,0,0.205452,15,11
163,20,-45.00,-45.00,0,0.204836,15,7
164,20,-74.00,-54.00,0,0.204222,13,5
165,20,58.00,78.00,0,0.203609,11,5
166,20,-79.00,-69.00,0,0.202998,15,13
167,2,100.00,100.00,1,0.202389,0,0
168,2,100.00,100.00,1,0.201782,0,0
169,3,94.00,94.00,1,0.201177,0,1
170,20,-28.00,-28.00,0,0.200573,13,6
171,20,-40.00,-50.00,0,0.199971,14,10
172,20,-62.00,-42.00,0,0.199371,15,11
173,20,-99.00,-49.00,0,0.198773,15,12
174,20,-7.00,13.00,0,0.198177,9,5
175,20,85.00,135.00,0,0.197582,10,0
176,20,-59.00,-69.00,0,0.196990,16,10
177,0,0.00,0.00,1,0.196399,0,0
178,4,100.00,100.00,1,0.195809,1,0
179,2,100.00,100.00,1,0.195222,0,0
180,20,14.00,-46.00,0,0.194636,12,5
181,20,-58.00,-38.00,0,0.194052,15,7
182,20,-90.00,-40.00,0,0.193470,12,7
183,20,-75.00,-45.00,0,0.192890,14,11
184,20,11.00,21.00,0,0.192311,8,4
185,20,139.00,169.00,0,0.191734,9,2
186,20,-79.00,-79.00,0,0.191159,14,12
187,20,-69.00,-79.00,0,0.190586,17,13
188,2,100.00,100.00,1,0.190014,0,0
189,2,100.00,100.00,1,0.189444,0,0
190,20,-30.00,-90.00,0,0.188876,13,6
191,20,-37.00,-77.00,0,0.188309,16,11
192,0,0.00,0.00,1,0.187744,0,0
193,20,85.00,135.00,0,0.187181,10,0
194,20,22.00,-8.00,0,0.186619,11,1
195,20,53.00,103.00,0,0.186059,11,3
196,20,-52.00,-62.00,0,0.185501,15,11
197,20,10.00,20.00,0,0.184945,10,1
198,2,100.00,100.00,1,0.184390,0,0
199,4,83.00,83.00,1,0.183837,1,2
200,20,12.00,-68.00,0,0.183285,13,7
201,20,-50.00,-50.00,0,0.182735,14,10
202,1,50.00,50.00,1,0.182187,0,0
203,20,-11.00,-31.00,0,0.181641,13,7
204,20,-120.00,-100.00,0,0.181096,12,6
205,20,22.00,-8.00,0,0.180552,13,7
206,20,-79.00,-79.00,0,0.180011,15,13
207,0,0.00,0.00,1,0.179471,0,0
208,2,100.00,100.00,1,0.178932,0,0
209,2,100.00,100.00,1,0.178395,0,0
210,20,-13.00,-43.00,0,0.177860,14,7
211,20,-57.00,-67.00,0,0.177327,16,9
212,1,50.00,50.00,1,0.176795,0,0
213,2,100.00,100.00,1,0.176264,0,0
214,20,11.00,-29.00,0,0.175735,10,9
215,20,73.00,123.00,0,0.175208,10,6
216,20,-64.00,-74.00,0,0.174683,17,10
217,20,-73.00,-73.00,0,0.174159,13,11
218,2,100.00,100.00,1,0.173636,0,0
219,2,100.00,100.00,1,0.173115,0,0
220,20,4.00,-36.00,0,0.172596,12,7
221,20,-94.00,-84.00,0,0.172078,13,11
222,2,100.00,100.00,1,0.171562,0,0
223,20,-55.00,-45.00,0,0.171047,15,8
224,20,-45.00,-95.00,0,0.170534,12,8
225,20,39.00,69.00,0,0.170022,11,4
226,20,-79.00,-49.00,0,0.169512,14,11
227,0,0.00,0.00,1,0.169004,0,0
228,2,100.00,100.00,1,0.168497,0,0
229,4,83.00,83.00,1,0.167991,1,2
230,20,-13.00,-43.00,0,0.167487,14,9
231,20,-57.00,-57.00,0,0.166985,16,10
232,20,-120.00,-140.00,0,0.166484,16,12
233,0,0.00,0.00,1,0.165984,0,0
234,20,-6.00,-46.00,0,0.165487,12,9
235,20,124.00,184.00,0,0.164990,10,1
236,20,-62.00,-62.00,0,0.164495,15,12
237,1,50.00,50.00,1,0.164002,0,0
238,13,89.00,89.00,1,0.163510,6,1
239,2,100.00,100.00,1,0.163019,0,0
240,20,-52.00,-92.00,0,0.162530,14,8
241,20,-45.00,-45.00,0,0.162042,13,10
242,2,100.00,100.00,1,0.161556,0,0
243,20,144.00,164.00,0,0.161072,10,2
244,20,6.00,-34.00,0,0.160588,11,9
245,20,-2.00,48.00,0,0.160107,12,4
246,20,-67.00,-57.00,0,0.159626,14,12
247,4,32.00,32.00,1,0.159147,2,3
248,6,100.00,100.00,1,0.158670,2,0
249,3,99.00,89.00,1,0.158194,1,1
250,20,9.00,-41.00,0,0.157719,13,7
251,20,-35.00,-55.00,0,0.157246,15,9
252,20,85.00,135.00,0,0.156775,10,0
253,0,0.00,0.00,1,0.156304,0,0
254,20,-43.00,-73.00,0,0.155835,11,8
255,20,63.00,83.00,0,0.155368,11,3
256,20,-69.00,-59.00,0,0.154902,14,10
257,1,50.00,50.00,1,0.154437,0,0
258,6,100.00,100.00,1,0.153974,2,0
259,2,100.00,100.00,1,0.153512,0,0
260,20,-74.00,-104.00,0,0.153051,15,8
261,20,-55.00,-45.00,0,0.152592,13,10
262,0,0.00,0.00,1,0.152134,0,0
263,1,50.00,50.00,1,0.151678,0,0
264,20,-4.00,-34.00,0,0.151223,11,9
265,20,58.00,78.00,0,0.150769,11,3
266,20,-45.00,-45.00,0,0.150317,15,8
267,1,50.00,50.00,1,0.149866,0,0
268,4,100.00,100.00,1,0.149416,1,0
269,2,100.00,100.00,1,0.148968,0,0
270,20,-66.00,-136.00,0,0.148521,14,12
271,20,-55.00,-35.00,0,0.148076,15,10
272,0,0.00,0.00,1,0.147631,0,0
273,2,100.00,100.00,1,0.147188,0,0
274,20,50.00,50.00,0,0.146747,10,2
275,20,124.00,174.00,0,0.146307,10,2
276,20,-89.00,-89.00,0,0.145868,13,7
277,20,-57.00,-57.00,0,0.145430,14,9
278,6,78.00,88.00,1,0.144994,3,2
279,2,100.00,100.00,1,0.144559,0,0
280,20,14.00,-46.00,0,0.144125,12,8
281,20,-32.00,-82.00,0,0.143693,15,11
282,0,0.00,0.00,1,0.143262,0,0
283,0,0.00,0.00,1,0.142832,0,0
284,20,-55.00,-75.00,0,0.142403,12,10
285,20,134.00,174.00,0,0.141976,10,1
286,20,-90.00,-80.00,0,0.141550,14,9
287,20,-40.00,-20.00,0,0.141126,11,2
288,5,89.00,99.00,1,0.140702,2,1
289,2,100.00,100.00,1,0.140280,0,0
290,20,-13.00,-63.00,0,0.139859,14,10
291,20,-77.00,-47.00,0,0.139440,16,10
292,20,59.00,89.00,0,0.139021,10,2
293,20,25.00,65.00,0,0.138604,11,2
294,20,-32.00,-32.00,0,0.138189,12,9
295,20,27.00,47.00,0,0.137774,12,2
296,20,-92.00,-102.00,0,0.137361,15,9
297,1,50.00,50.00,1,0.136949,0,0
298,3,89.00,89.00,1,0.136538,1,1
299,2,100.00,100.00,1,0.136128,0,0
300,20,-68.00,-38.00,0,0.135720,12,5
301,20,-40.00,-50.00,0,0.135313,14,8
302,4,39.00,39.00,1,0.134907,2,1
303,20,-138.00,-118.00,0,0.134502,17,12
304,20,-5.00,-5.00,0,0.134098,11,5
305,20,68.00,98.00,0,0.133696,10,3
306,20,-62.00,-62.00,0,0.133295,15,11
307,0,0.00,0.00,1,0.132895,0,0
308,2,100.00,100.00,1,0.132496,0,0
309,2,100.00,100.00,1,0.132099,0,0
310,20,27.00,37.00,0,0.131703,11,0
311,20,-40.00,-50.00,0,0.131308,14,9
312,20,-114.00,-94.00,0,0.130914,13,9
313,0,0.00,0.00,1,0.130521,0,0
314,20,25.00,15.00,0,0.130129,11,4
315,20,49.00,89.00,0,0.129739,10,2
316,20,26.00,-4.00,0,0.129350,14,9
317,0,0.00,0.00,1,0.128962,0,0
318,4,100.00,100.00,1,0.128575,1,0
319,2,100.00,100.00,1,0.128189,0,0
320,20,45.00,-5.00,0,0.127805,12,2
321,20,-40.00,-50.00,0,0.127421,14,12
322,1,50.00,50.00,1,0.127039,0,0
323,2,100.00,100.00,1,0.126658,0,0
324,20,35.00,25.00,0,0.126278,9,6
325,20,49.00,89.00,0,0.125899,10,2
326,20,-69.00,-79.00,0,0.125521,15,13
327,0,0.00,0.00,1,0.125145,0,0
328,3,89.00,89.00,1,0.124769,1,1
329,2,100.00,100.00,1,0.124395,0,0
330,20,42.00,22.00,0,0.124022,10,2
331,20,-38.00,-28.00,0,0.123650,15,6
332,4,27.00,27.00,1,0.123279,3,3
333,20,-57.00,-47.00,0,0.122909,14,9
334,20,25.00,-5.00,0,0.122540,12,4
335,20,124.00,184.00,0,0.122173,10,0
336,20,-28.00,-8.00,0,0.121806,12,5
337,0,0.00,0.00,1,0.121441,0,0
338,4,100.00,100.00,1,0.121076,1,0
339,2,100.00,100.00,1,0.120713,0,0
340,20,-12.00,-12.00,0,0.120351,11,1
341,20,-33.00,-33.00,0,0.119990,12,7
342,2,100.00,100.00,1,0.119630,0,0
343,1,50.00,50.00,1,0.119271,0,0
344,20,-25.00,-25.00,0,0.118913,12,5
345,20,74.00,134.00,0,0.118556,11,1
346,20,-59.00,-49.00,0,0.118201,13,12
347,0,0.00,0.00,1,0.117846,0,0
348,2,100.00,100.00,1,0.117493,0,0
349,2,100.00,100.00,1,0.117140,0,0
350,20,-43.00,-53.00,0,0.116789,13,3
351,20,-62.00,-62.00,0,0.116438,17,12
352,20,-55.00,-65.00,0,0.116089,12,4
353,0,0.00,0.00,1,0.115741,0,0
354,20,25.00,15.00,0,0.115394,11,4
355,20,124.00,174.00,0,0.115047,10,1
356,20,-17.00,-37.00,0,0.114702,13,8
357,20,-85.00,-85.00,0,0.114358,16,12
358,2,100.00,100.00,1,0.114015,0,0
359,2,100.00,100.00,1,0.113673,0,0
360,20,-23.00,-33.00,0,0.113332,14,8
361,20,-23.00,-33.00,0,0.112992,14,5
362,20,-155.00,-115.00,0,0.112653,17,13
363,0,0.00,0.00,1,0.112315,0,0
364,20,-5.00,-15.00,0,0.111978,13,8
365,20,85.00,135.00,0,0.111642,10,0
366,20,-21.00,-21.00,0,0.111307,13,7
367,20,-94.00,-64.00,0,0.110973,16,12
368,2,100.00,100.00,1,0.110640,0,0
369,3,89.00,99.00,1,0.110308,1,1
370,20,-38.00,-18.00,0,0.109978,13,6
371,20,-33.00,-33.00,0,0.109648,14,8
372,20,-68.00,12.00,0,0.109319,15,3
373,0,0.00,0.00,1,0.108991,0,0
374,20,-5.00,-15.00,0,0.108664,11,3
375,20,85.00,135.00,0,0.108338,10,0
376,20,-8.00,-28.00,0,0.108013,14,8
377,20,-170.00,-150.00,0,0.107689,16,11
378,5,89.00,89.00,1,0.107366,2,1
379,3,94.00,94.00,1,0.107044,0,1
380,20,-43.00,-43.00,0,0.106722,14,8
381,20,-33.00,-33.00,0,0.106402,12,9
382,2,100.00,100.00,1,0.106083,0,0
383,20,-120.00,-130.00,0,0.105765,16,12
384,20,16.00,26.00,0,0.105448,13,6
385,20,49.00,99.00,0,0.105131,10,2
386,20,-72.00,-42.00,0,0.104816,15,10
387,20,-67.00,-57.00,0,0.104501,16,10
388,2,100.00,100.00,1,0.104188,0,0
389,2,100.00,100.00,1,0.103875,0,0
390,20,-21.00,-21.00,0,0.103564,13,8
391,20,-25.00,-55.00,0,0.103253,13,9
392,20,-43.00,-43.00,0,0.102943,12,2
393,20,-162.00,-162.00,0,0.102634,16,12
394,20,62.00,62.00,0,0.102326,11,5
395,20,144.00,164.00,0,0.102019,10,1
396,20,-63.00,-73.00,0,0.101713,14,7
397,20,-74.00,-64.00,0,0.101408,16,12
398,2,100.00,100.00,1,0.101104,0,0
399,2,100.00,100.00,1,0.100801,0,0
400,20,-43.00,-23.00,0,0.100498,14,7
401,20,-21.00,-21.00,0,0.100197,13,6
402,20,-111.00,-101.00,0,0.099896,17,9
403,0,0.00,0.00,1,0.099597,0,0
404,20,15.00,25.00,0,0.099298,11,4
405,20,85.00,135.00,0,0.099000,10,0
406,20,-8.00,-8.00,0,0.098703,13,6
407,20,-11.00,-21.00,0,0.098407,13,5
408,2,100.00,100.00,1,0.098112,0,0
409,2,100.00,100.00,1,0.097817,0,0
410,20,-48.00,-18.00,0,0.097524,15,7
411,20,-62.00,-52.00,0,0.097231,15,10
412,2,100.00,100.00,1,0.096940,0,0
413,20,-80.00,-100.00,0,0.096649,17,11
414,20,10.00,10.00,0,0.096359,11,4
415,20,144.00,184.00,0,0.096070,9,0
416,20,-44.00,-14.00,0,0.095781,12,10
417,0,0.00,0.00,1,0.095494,0,0
418,2,100.00,100.00,1,0.095208,0,0
419,2,100.00,100.00,1,0.094922,0,0
420,20,-43.00,-23.00,0,0.094637,14,10
421,20,-31.00,-11.00,0,0.094353,13,7
422,0,0.00,0.00,1,0.094070,0,0
423,0,0.00,0.00,1,0.093788,0,0
424,20,31.00,31.00,0,0.093507,11,6
425,20,104.00,134.00,0,0.093226,10,1
426,20,0.00,-20.00,0,0.092946,13,7
427,20,40.00,90.00,0,0.092668,10,2
428,2,100.00,100.00,1,0.092390,0,0
429,2,100.00,100.00,1,0.092112,0,0
430,20,-60.00,-30.00,0,0.091836,14,9
431,20,-40.00,-50.00,0,0.091561,14,10
432,1,50.00,50.00,1,0.091286,0,0
433,1,50.00,50.00,1,0.091012,0,0
434,20,31.00,31.00,0,0.090739,13,4
435,20,124.00,184.00,0,0.090467,10,1
436,20,-43.00,-63.00,0,0.090195,12,7
437,20,29.00,79.00,0,0.089925,11,4
438,4,100.00,100.00,1,0.089655,1,0
439,2,100.00,100.00,1,0.089386,0,0
440,20,-33.00,-53.00,0,0.089118,14,10
441,20,-23.00,-33.00,0,0.088851,14,7
442,2,39.00,49.00,1,0.088584,1,1
443,20,-75.00,-65.00,0,0.088318,14,10
444,20,31.00,31.00,0,0.088053,11,5
445,20,24.00,84.00,0,0.087789,12,2
446,20,-40.00,-10.00,0,0.087526,12,6
447,20,-40.00,-80.00,0,0.087263,13,7
448,2,100.00,100.00,1,0.087001,0,0
449,4,83.00,93.00,1,0.086740,1,2
450,20,-55.00,-45.00,0,0.086480,15,10
451,20,-33.00,-43.00,0,0.086221,14,9
452,20,-67.00,-47.00,0,0.085962,14,12
453,0,0.00,0.00,1,0.085704,0,0
454,20,26.00,36.00,0,0.085447,12,4
455,20,50.00,80.00,0,0.085191,11,5
456,20,12.00,-8.00,0,0.084935,12,4
457,0,0.00,0.00,1,0.084680,0,0
458,2,100.00,100.00,1,0.084426,0,0
459,2,100.00,100.00,1,0.084173,0,0
460,20,-23.00,-53.00,0,0.083921,14,8
461,20,-89.00,-89.00,0,0.083669,14,10
462,0,0.00,0.00,1,0.083418,0,0
463,20,-4.00,-14.00,0,0.083168,13,5
464,20,12.00,32.00,0,0.082918,13,1
465,20,134.00,174.00,0,0.082669,10,2
466,20,-34.00,-54.00,0,0.082421,15,6
467,1,50.00,50.00,1,0.082174,0,0
468,3,89.00,99.00,1,0.081927,1,1
469,2,100.00,100.00,1,0.081682,0,0
470,20,-9.00,-9.00,0,0.081437,12,6
471,20,-82.00,-62.00,0,0.081192,14,4
472,0,0.00,0.00,1,0.080949,0,0
473,0,0.00,0.00,1,0.080706,0,0
474,20,17.00,-3.00,0,0.080464,13,5
475,20,124.00,184.00,0,0.080222,10,1
476,20,-84.00,-64.00,0,0.079982,14,8
477,2,100.00,100.00,1,0.079742,0,0
478,2,100.00,100.00,1,0.079503,0,0
479,2,100.00,100.00,1,0.079264,0,0
480,20,-60.00,-40.00,0,0.079026,14,11
481,20,-52.00,-72.00,0,0.078789,15,11
482,1,50.00,50.00,1,0.078553,0,0
483,0,0.00,0.00,1,0.078317,0,0
484,20,57.00,87.00,0,0.078082,11,2
485,20,134.00,174.00,0,0.077848,10,2
486,20,-7.00,3.00,0,0.077614,11,6
487,20,84.00,124.00,0,0.077382,9,3
488,2,100.00,100.00,1,0.077149,0,0
489,2,100.00,100.00,1,0.076918,0,0
490,20,-28.00,-38.00,0,0.076687,13,8
491,20,-33.00,-23.00,0,0.076457,14,8
492,2,100.00,100.00,1,0.076228,0,0
493,20,-90.00,-50.00,0,0.075999,14,10
494,20,38.00,38.00,0,0.075771,12,3
495,20,134.00,174.00,0,0.075544,10,1
496,20,-72.00,-82.00,0,0.075317,13,9
497,20,104.00,134.00,0,0.075091,10,1
498,2,100.00,100.00,1,0.074866,0,0
499,2,100.00,100.00,1,0.074641,0,0
500,20,-67.00,-87.00,0,0.074417,15,7
501,20,-14.00,-14.00,0,0.074194,13,5
502,0,0.00,0.00,1,0.073972,0,0
503,0,0.00,0.00,1,0.073750,0,0
504,20,36.00,56.00,0,0.073528,11,2
505,20,98.00,128.00,0,0.073308,10,3
506,20,-38.00,2.00,0,0.073088,13,4
507,0,0.00,0.00,1,0.072869,0,0
508,3,89.00,89.00,1,0.072650,1,1
509,2,100.00,100.00,1,0.072432,0,0
510,20,-65.00,-25.00,0,0.072215,15,9
511,20,-60.00,-40.00,0,0.071998,14,9
512,2,100.00,100.00,1,0.071782,0,0
513,20,-70.00,-80.00,0,0.071567,13,6
514,20,-38.00,-38.00,0,0.071352,15,6
515,20,59.00,89.00,0,0.071138,10,2
516,20,-25.00,-5.00,0,0.070925,12,8
517,0,0.00,0.00,1,0.070712,0,0
518,2,100.00,100.00,1,0.070500,0,0
519,2,100.00,100.00,1,0.070288,0,0
520,20,-57.00,-67.00,0,0.070077,14,11
521,20,-28.00,-38.00,0,0.069867,13,9
522,2,100.00,100.00,1,0.069658,0,0
523,20,-55.00,-65.00,0,0.069449,14,4
524,20,22.00,32.00,0,0.069240,11,3
525,20,85.00,135.00,0,0.069033,10,0
526,20,-50.00,-70.00,0,0.068825,13,5
527,2,100.00,100.00,1,0.068619,0,0
528,2,100.00,100.00,1,0.068413,0,0
529,2,100.00,100.00,1,0.068208,0,0
530,20,-48.00,-18.00,0,0.068003,15,6
531,20,-52.00,-62.00,0,0.067799,15,10
532,0,0.00,0.00,1,0.067596,0,0
533,3,50.00,50.00,1,0.067393,1,0
534,20,82.00,82.00,0,0.067191,11,0
535,20,124.00,174.00,0,0.066989,10,2
536,20,-23.00,-43.00,0,0.066788,14,8
537,0,0.00,0.00,1,0.066588,0,0
538,2,100.00,100.00,1,0.066388,0,0
539,2,100.00,100.00,1,0.066189,0,0
540,20,-84.00,-84.00,0,0.065990,13,9
541,20,-28.00,-38.00,0,0.065792,15,8
542,2,39.00,49.00,1,0.065595,1,1
543,1,50.00,50.00,1,0.065398,0,0
544,20,47.00,37.00,0,0.065202,13,5
545,20,144.00,184.00,0,0.065007,9,0
546,20,-77.00,-47.00,0,0.064811,13,7
547,1,50.00,50.00,1,0.064617,0,0
548,2,100.00,100.00,1,0.064423,0,0
549,2,100.00,100.00,1,0.064230,0,0
550,20,-63.00,-23.00,0,0.064037,14,9
551,20,-19.00,1.00,0,0.063845,12,5
552,20,-50.00,-40.00,0,0.063654,13,7
553,0,0.00,0.00,1,0.063463,0,0
554,20,62.00,72.00,0,0.063272,12,0
555,20,85.00,135.00,0,0.063082,10,0
556,20,-40.00,-60.00,0,0.062893,14,10
557,2,39.00,39.00,1,0.062705,1,1
558,2,100.00,100.00,1,0.062516,0,0
559,2,100.00,100.00,1,0.062329,0,0
560,20,-45.00,-45.00,0,0.062142,15,8
561,20,-19.00,1.00,0,0.061955,12,6
562,2,100.00,100.00,1,0.061770,0,0
563,20,-38.00,-28.00,0,0.061584,13,8
564,20,67.00,57.00,0,0.061400,12,4
565,20,63.00,123.00,0,0.061215,12,3
566,20,12.00,-8.00,0,0.061032,12,4
567,0,0.00,0.00,1,0.060849,0,0
568,2,100.00,100.00,1,0.060666,0,0
569,2,100.00,100.00,1,0.060484,0,0
570,20,-101.00,-111.00,0,0.060303,17,9
571,20,-45.00,-45.00,0,0.060122,15,10
572,0,0.00,0.00,1,0.059941,0,0
573,20,-130.00,-130.00,0,0.059761,16,12
574,20,52.00,62.00,0,0.059582,11,3
575,20,99.00,139.00,0,0.059403,9,1
576,20,-37.00,3.00,0,0.059225,12,6
577,20,-80.00,-80.00,0,0.059048,15,13
578,2,100.00,100.00,1,0.058870,0,0
579,2,100.00,100.00,1,0.058694,0,0
580,20,-92.00,-72.00,0,0.058518,12,9
581,20,-16.00,-16.00,0,0.058342,12,6
582,0,0.00,0.00,1,0.058167,0,0
583,20,-60.00,-60.00,0,0.057993,14,5
584,20,42.00,42.00,0,0.057819,13,1
585,20,124.00,184.00,0,0.057645,10,1
586,20,-40.00,-30.00,0,0.057472,10,5
587,20,17.00,27.00,0,0.057300,12,1
588,2,100.00,100.00,1,0.057128,0,0
589,3,89.00,99.00,1,0.056957,1,1
590,20,-123.00,-103.00,0,0.056786,16,11
591,20,13.00,-7.00,0,0.056615,11,4
592,1,50.00,50.00,1,0.056445,0,0
593,1,50.00,50.00,1,0.056276,0,0
594,20,52.00,62.00,0,0.056107,13,1
595,20,49.00,79.00,0,0.055939,11,2
596,20,-15.00,-25.00,0,0.055771,15,4
597,0,0.00,0.00,1,0.055604,0,0
598,2,100.00,100.00,1,0.055437,0,0
599,2,100.00,100.00,1,0.055271,0,0
600,20,-84.00,-84.00,0,0.055105,15,7
601,20,-16.00,-16.00,0,0.054940,14,6
602,20,-145.00,-145.00,0,0.054775,17,14
603,20,-62.00,-62.00,0,0.054610,15,11
604,20,52.00,62.00,0,0.054447,13,2
605,20,124.00,174.00,0,0.054283,10,1
606,20,-50.00,-50.00,0,0.054120,13,10
607,20,-47.00,-67.00,0,0.053958,14,11
608,2,100.00,100.00,1,0.053796,0,0
609,2,100.00,100.00,1,0.053635,0,0
610,20,-40.00,-70.00,0,0.053474,14,10
611,20,-16.00,-26.00,0,0.053314,12,7
612,1,50.00,50.00,1,0.053154,0,0
613,20,-120.00,-120.00,0,0.052994,15,12
614,20,52.00,72.00,0,0.052835,13,2
615,20,85.00,135.00,0,0.052677,10,0
616,20,-17.00,-7.00,0,0.052519,12,6
617,1,50.00,50.00,1,0.052361,0,0
618,2,100.00,100.00,1,0.052204,0,0
619,2,100.00,100.00,1,0.052047,0,0
620,20,-26.00,-6.00,0,0.051891,14,7
621,20,-111.00,-101.00,0,0.051736,17,9
622,0,0.00,0.00,1,0.051580,0,0
623,0,0.00,0.00,1,0.051426,0,0
624,20,47.00,37.00,0,0.051271,11,5
625,20,96.00,136.00,0,0.051117,10,1
626,20,-18.00,2.00,0,0.050964,13,3
627,0,0.00,0.00,1,0.050811,0,0
628,2,100.00,100.00,1,0.050659,0,0
629,3,89.00,99.00,1,0.050507,1,1
630,20,-79.00,-99.00,0,0.050355,14,7
631,20,-26.00,-6.00,0,0.050204,12,7
632,0,0.00,0.00,1,0.050054,0,0
633,1,50.00,50.00,1,0.049903,0,0
634,20,72.00,62.00,0,0.049754,12,1
635,20,85.00,135.00,0,0.049605,10,0
636,20,-52.00,-82.00,0,0.049456,12,7
637,1,50.00,50.00,1,0.049307,0,0
638,2,100.00,100.00,1,0.049159,0,0
639,2,100.00,100.00,1,0.049012,0,0
640,20,-38.00,-18.00,0,0.048865,13,8
641,20,-19.00,11.00,0,0.048718,14,3
642,20,-17.00,23.00,0,0.048572,14,2
643,2,100.00,100.00,1,0.048426,0,0
644,20,52.00,62.00,0,0.048281,13,1
645,20,85.00,135.00,0,0.048136,10,0
646,20,-79.00,-49.00,0,0.047992,13,7
647,0,0.00,0.00,1,0.047848,0,0
648,2,100.00,100.00,1,0.047704,0,0
649,2,100.00,100.00,1,0.047561,0,0
650,20,-50.00,-60.00,0,0.047419,14,11
651,20,-37.00,-87.00,0,0.047276,14,11
652,0,0.00,0.00,1,0.047134,0,0
653,20,-62.00,-62.00,0,0.046993,15,11
654,20,67.00,67.00,0,0.046852,11,1
655,20,134.00,174.00,0,0.046712,10,2
656,20,-10.00,10.00,0,0.046571,12,6
657,1,50.00,50.00,1,0.046432,0,0
658,2,100.00,100.00,1,0.046292,0,0
659,2,100.00,100.00,1,0.046154,0,0
660,20,-45.00,-45.00,0,0.046015,15,8
661,20,-14.00,-4.00,0,0.045877,13,5
662,20,-85.00,-85.00,0,0.045739,15,11
663,20,-26.00,-56.00,0,0.045602,13,5
664,20,8.00,-2.00,0,0.045465,13,2
665,20,124.00,174.00,0,0.045329,10,1
666,20,-34.00,-24.00,0,0.045193,12,7
667,20,-123.00,-113.00,0,0.045057,16,11
668,2,100.00,100.00,1,0.044922,0,0
669,2,100.00,100.00,1,0.044787,0,0
670,20,-80.00,-40.00,0,0.044653,13,5
671,20,-4.00,-14.00,0,0.044519,11,7
672,0,0.00,0.00,1,0.044386,0,0
673,1,50.00,50.00,1,0.044252,0,0
674,20,52.00,62.00,0,0.044120,13,3
675,20,85.00,135.00,0,0.043987,10,0
676,20,-75.00,-65.00,0,0.043855,13,9
677,1,50.00,50.00,1,0.043724,0,0
678,2,100.00,100.00,1,0.043593,0,0
679,2,100.00,100.00,1,0.043462,0,0
680,20,-43.00,-33.00,0,0.043331,14,9
681,20,3.00,13.00,0,0.043201,13,3
682,0,0.00,0.00,1,0.043072,0,0
683,20,-36.00,-16.00,0,0.042943,12,5
684,20,62.00,52.00,0,0.042814,13,2
685,20,144.00,164.00,0,0.042685,10,0
686,20,-15.00,15.00,0,0.042557,11,4
687,20,-49.00,-79.00,0,0.042430,15,12
688,2,100.00,100.00,1,0.042302,0,0
689,2,100.00,100.00,1,0.042175,0,0
690,20,-52.00,-62.00,0,0.042049,15,10
691,20,-55.00,-35.00,0,0.041923,15,8
692,1,50.00,50.00,1,0.041797,0,0
693,20,85.00,135.00,0,0.041672,10,0
694,20,57.00,57.00,0,0.041547,12,1
695,20,124.00,174.00,0,0.041422,10,1
696,20,-10.00,-40.00,0,0.041298,14,6
697,1,50.00,50.00,1,0.041174,0,0
698,2,100.00,100.00,1,0.041050,0,0
699,2,100.00,100.00,1,0.040927,0,0
700,20,-1.00,-41.00,0,0.040804,13,5
701,20,-41.00,-41.00,0,0.040682,12,4
702,2,100.00,100.00,1,0.040560,0,0
703,20,-84.00,-74.00,0,0.040438,16,12
704,20,57.00,57.00,0,0.040317,12,2
705,20,134.00,174.00,0,0.040196,10,1
706,20,-2.00,-2.00,0,0.040075,12,4
707,1,50.00,50.00,1,0.039955,0,0
708,2,100.00,100.00,1,0.039835,0,0
709,2,100.00,100.00,1,0.039716,0,0
710,20,-28.00,-38.00,0,0.039597,15,8
711,20,-54.00,-94.00,0,0.039478,16,12
712,20,7.00,-3.00,0,0.039359,13,4
713,20,13.00,23.00,0,0.039241,13,1
714,20,42.00,52.00,0,0.039124,12,3
715,20,144.00,164.00,0,0.039006,10,0
716,20,10.00,0.00,0,0.038889,11,4
717,0,0.00,0.00,1,0.038773,0,0
718,2,100.00,100.00,1,0.038656,0,0
719,2,100.00,100.00,1,0.038540,0,0
720,20,-55.00,-45.00,0,0.038425,15,9
721,20,-12.00,28.00,0,0.038309,12,3
722,0,0.00,0.00,1,0.038194,0,0
723,0,0.00,0.00,1,0.038080,0,0
724,20,67.00,47.00,0,0.037966,12,2
725,20,85.00,135.00,0,0.037852,10,0
726,20,-48.00,-8.00,0,0.037738,14,6
727,20,-69.00,-69.00,0,0.037625,15,12
728,2,100.00,100.00,1,0.037512,0,0
729,2,100.00,100.00,1,0.037400,0,0
730,20,-38.00,-28.00,0,0.037287,13,7
731,20,-31.00,-41.00,0,0.037175,12,4
732,20,-79.00,-69.00,0,0.037064,15,13
733,2,100.00,100.00,1,0.036953,0,0
734,20,52.00,52.00,0,0.036842,13,2
735,20,134.00,174.00,0,0.036731,10,1
736,20,-35.00,-25.00,0,0.036621,13,8
737,0,0.00,0.00,1,0.036511,0,0
738,2,100.00,100.00,1,0.036402,0,0
739,2,100.00,100.00,1,0.036293,0,0
740,20,1.00,-9.00,0,0.036184,12,6
741,20,-106.00,-96.00,0,0.036075,14,10
742,2,100.00,100.00,1,0.035967,0,0
743,1,50.00,50.00,1,0.035859,0,0
744,20,62.00,52.00,0,0.035751,13,1
745,20,85.00,135.00,0,0.035644,10,0
746,20,0.00,-10.00,0,0.035537,12,4
747,20,94.00,144.00,0,0.035431,10,0
748,2,100.00,100.00,1,0.035324,0,0
749,2,100.00,100.00,1,0.035218,0,0
750,20,-77.00,-37.00,0,0.035113,14,11
751,20,25.00,5.00,0,0.035007,10,3
752,20,-105.00,-115.00,0,0.034902,15,11
753,0,0.00,0.00,1,0.034798,0,0
754,20,-7.00,13.00,0,0.034693,14,2
755,20,85.00,135.00,0,0.034589,10,0
756,20,-81.00,-91.00,0,0.034485,13,6
757,1,50.00,50.00,1,0.034382,0,0
758,2,100.00,100.00,1,0.034279,0,0
759,2,100.00,100.00,1,0.034176,0,0
760,20,-21.00,-21.00,0,0.034073,15,4
761,20,-28.00,-38.00,0,0.033971,15,7
762,20,62.00,72.00,0,0.033869,12,0
763,2,100.00,100.00,1,0.033768,0,0
764,20,93.00,93.00,0,0.033666,12,0
765,20,85.00,135.00,0,0.033565,10,0
766,20,-58.00,-58.00,0,0.033465,14,5
767,20,-85.00,-65.00,0,0.033364,15,10
768,2,100.00,100.00,1,0.033264,0,0
769,2,100.00,100.00,1,0.033164,0,0
770,20,-41.00,-1.00,0,0.033065,13,6
771,20,17.00,47.00,0,0.032966,11,1
772,0,0.00,0.00,1,0.032867,0,0
773,0,0.00,0.00,1,0.032768,0,0
774,20,47.00,67.00,0,0.032670,12,2
775,20,85.00,135.00,0,0.032572,10,0
776,20,-43.00,-33.00,0,0.032474,13,5
777,0,0.00,0.00,1,0.032377,0,0
778,2,100.00,100.00,1,0.032280,0,0
779,2,100.00,100.00,1,0.032183,0,0
780,20,-37.00,-87.00,0,0.032086,16,11
781,20,-74.00,-94.00,0,0.031990,13,8
782,20,-85.00,-45.00,0,0.031894,14,4
783,0,0.00,0.00,1,0.031798,0,0
784,20,62.00,52.00,0,0.031703,13,4
785,20,85.00,135.00,0,0.031608,10,0
786,20,-40.00,-50.00,0,0.031513,13,10
787,0,0.00,0.00,1,0.031418,0,0
788,2,100.00,100.00,1,0.031324,0,0
789,2,100.00,100.00,1,0.031230,0,0
790,20,-35.00,-55.00,0,0.031137,13,10
791,20,15.00,25.00,0,0.031043,12,4
792,0,0.00,0.00,1,0.030950,0,0
793,20,2.00,12.00,0,0.030857,14,2
794,20,42.00,42.00,0,0.030765,12,4
795,20,129.00,179.00,0,0.030672,9,1
796,20,7.00,7.00,0,0.030580,12,2
797,20,-146.00,-96.00,0,0.030489,15,6
798,2,100.00,100.00,1,0.030397,0,0
799,2,100.00,100.00,1,0.030306,0,0
800,20,-1.00,-51.00,0,0.030215,13,8
801,20,-77.00,-77.00,0,0.030124,13,8
802,20,-65.00,-85.00,0,0.030034,15,11
803,20,85.00,135.00,0,0.029944,10,0
804,20,67.00,67.00,0,0.029854,11,1
805,20,85.00,135.00,0,0.029764,10,0
806,20,-40.00,-30.00,0,0.029675,13,8
807,20,-140.00,-140.00,0,0.029586,16,15
808,2,100.00,100.00,1,0.029497,0,0
809,2,100.00,100.00,1,0.029409,0,0
810,20,-60.00,-20.00,0,0.029321,16,8
811,20,44.00,44.00,0,0.029233,9,1
812,0,0.00,0.00,1,0.029145,0,0
813,0,0.00,0.00,1,0.029058,0,0
814,20,93.00,93.00,0,0.028970,12,0
815,20,85.00,135.00,0,0.028883,10,0
816,20,-28.00,-18.00,0,0.028797,11,3
817,0,0.00,0.00,1,0.028710,0,0
818,2,100.00,100.00,1,0.028624,0,0
819,2,100.00,100.00,1,0.028538,0,0
820,20,-28.00,-28.00,0,0.028453,11,8
821,20,1.00,-19.00,0,0.028367,14,3
822,20,-89.00,-99.00,0,0.028282,16,8
823,20,-12.00,-22.00,0,0.028198,11,1
824,20,52.00,62.00,0,0.028113,11,3
825,20,85.00,135.00,0,0.028029,10,0
826,20,-8.00,12.00,0,0.027944,12,2
827,1,50.00,50.00,1,0.027861,0,0
828,2,100.00,100.00,1,0.027777,0,0
829,2,100.00,100.00,1,0.027694,0,0
830,20,-11.00,-31.00,0,0.027611,13,6
831,20,-19.00,1.00,0,0.027528,12,5
832,20,-79.00,-79.00,0,0.027445,17,12
833,20,-40.00,-50.00,0,0.027363,14,9
834,20,8.00,-2.00,0,0.027281,13,2
835,20,144.00,184.00,0,0.027199,9,0
836,20,-43.00,-63.00,0,0.027117,13,7
837,20,-8.00,-8.00,0,0.027036,13,3
838,2,100.00,100.00,1,0.026955,0,0
839,2,100.00,100.00,1,0.026874,0,0
840,20,-51.00,-1.00,0,0.026793,13,6
841,20,-12.00,-12.00,0,0.026713,11,2
842,2,44.00,44.00,1,0.026633,0,1
843,0,0.00,0.00,1,0.026553,0,0
844,20,-7.00,13.00,0,0.026473,14,2
845,20,134.00,174.00,0,0.026394,10,1
846,20,-15.00,-5.00,0,0.026315,12,6
847,0,0.00,0.00,1,0.026236,0,0
848,2,100.00,100.00,1,0.026157,0,0
849,2,100.00,100.00,1,0.026079,0,0
850,20,-86.00,-126.00,0,0.026000,16,11
851,20,-46.00,-36.00,0,0.025922,13,2
852,1,50.00,50.00,1,0.025845,0,0
853,0,0.00,0.00,1,0.025767,0,0
854,20,93.00,93.00,0,0.025690,12,0
855,20,85.00,135.00,0,0.025613,10,0
856,20,-8.00,-8.00,0,0.025536,12,4
857,20,-39.00,-49.00,0,0.025459,14,7
858,2,100.00,100.00,1,0.025383,0,0
859,2,100.00,100.00,1,0.025307,0,0
860,20,-87.00,-57.00,0,0.025231,13,6
861,20,44.00,44.00,0,0.025155,9,1
862,0,0.00,0.00,1,0.025080,0,0
863,1,50.00,50.00,1,0.025004,0,0
864,20,62.00,52.00,0,0.024929,13,1
865,20,85.00,135.00,0,0.024855,10,0
866,20,-27.00,-7.00,0,0.024780,12,4
867,2,39.00,39.00,1,0.024706,1,1
868,2,100.00,100.00,1,0.024632,0,0
869,2,100.00,100.00,1,0.024558,0,0
870,20,-38.00,-28.00,0,0.024484,15,8
871,20,1.00,-19.00,0,0.024411,12,6
872,1,50.00,50.00,1,0.024337,0,0
873,0,0.00,0.00,1,0.024264,0,0
874,20,82.00,62.00,0,0.024192,12,0
875,20,129.00,179.00,0,0.024119,9,1
876,20,-18.00,12.00,0,0.024047,12,6
877,1,50.00,50.00,1,0.023974,0,0
878,2,100.00,100.00,1,0.023903,0,0
879,2,100.00,100.00,1,0.023831,0,0
880,20,-77.00,-77.00,0,0.023759,13,7
881,20,-12.00,-12.00,0,0.023688,11,2
882,20,-64.00,-84.00,0,0.023617,16,12
883,20,-16.00,-26.00,0,0.023546,11,1
884,20,22.00,-18.00,0,0.023476,13,5
885,20,85.00,135.00,0,0.023405,10,0
886,20,-3.00,7.00,0,0.023335,11,5
887,20,-70.00,-90.00,0,0.023265,15,13
888,2,100.00,100.00,1,0.023195,0,0
889,2,100.00,100.00,1,0.023126,0,0
890,20,-21.00,-21.00,0,0.023056,13,6
891,20,49.00,39.00,0,0.022987,10,1
892,20,57.00,37.00,0,0.022918,13,4
893,20,-74.00,-64.00,0,0.022849,16,11
894,20,-7.00,3.00,0,0.022781,14,2
895,20,85.00,135.00,0,0.022712,10,0
896,20,-28.00,2.00,0,0.022644,13,6
897,0,0.00,0.00,1,0.022576,0,0
898,2,100.00,100.00,1,0.022509,0,0
899,2,100.00,100.00,1,0.022441,0,0
900,20,-67.00,-77.00,0,0.022374,15,7
901,20,17.00,47.00,0,0.022307,11,1
902,20,-85.00,-55.00,0,0.022240,15,10
903,20,-50.00,-70.00,0,0.022173,13,5
904,20,57.00,47.00,0,0.022106,12,2
905,20,85.00,135.00,0,0.022040,10,0
906,20,19.00,9.00,0,0.021974,12,2
907,0,0.00,0.00,1,0.021908,0,0
908,2,100.00,100.00,1,0.021842,0,0
909,2,100.00,100.00,1,0.021777,0,0
910,20,-99.00,-89.00,0,0.021711,14,9
911,20,49.00,39.00,0,0.021646,10,1
912,20,-72.00,-82.00,0,0.021581,14,8
913,20,-62.00,-42.00,0,0.021517,12,4
914,20,42.00,72.00,0,0.021452,13,3
915,20,85.00,135.00,0,0.021388,10,0
916,20,-50.00,-70.00,0,0.021324,14,7
917,1,50.00,50.00,1,0.021260,0,0
918,2,100.00,100.00,1,0.021196,0,0
919,2,100.00,100.00,1,0.021132,0,0
920,20,-53.00,-33.00,0,0.021069,14,8
921,20,32.00,32.00,0,0.021006,10,3
922,20,-105.00,-105.00,0,0.020943,14,11
923,0,0.00,0.00,1,0.020880,0,0
924,20,43.00,43.00,0,0.020817,13,1
925,20,124.00,184.00,0,0.020755,10,1
926,20,-55.00,-25.00,0,0.020692,11,5
927,2,100.00,100.00,1,0.020630,0,0
928,2,100.00,100.00,1,0.020568,0,0
929,2,100.00,100.00,1,0.020507,0,0
930,20,-50.00,-70.00,0,0.020445,13,6
931,20,-44.00,-14.00,0,0.020384,12,2
932,0,0.00,0.00,1,0.020323,0,0
933,2,100.00,100.00,1,0.020262,0,0
934,20,13.00,13.00,0,0.020201,13,0
935,20,85.00,135.00,0,0.020140,10,0
936,20,-6.00,-36.00,0,0.020080,13,4
937,2,100.00,100.00,1,0.020020,0,0
938,2,100.00,100.00,1,0.019960,0,0
939,2,100.00,100.00,1,0.019900,0,0
940,20,-99.00,-79.00,0,0.019840,14,8
941,20,27.00,27.00,0,0.019781,11,2
942,1,50.00,50.00,1,0.019721,0,0
943,20,26.00,6.00,0,0.019662,11,2
944,20,48.00,48.00,0,0.019603,12,1
945,20,85.00,135.00,0,0.019544,10,0
946,20,1.00,31.00,0,0.019486,12,4
947,20,-47.00,-77.00,0,0.019427,14,11
948,2,100.00,100.00,1,0.019369,0,0
949,2,100.00,100.00,1,0.019311,0,0
950,20,-14.00,-4.00,0,0.019253,13,5
951,20,39.00,39.00,0,0.019195,10,1
952,20,-80.00,-80.00,0,0.019138,16,9
953,20,-100.00,-120.00,0,0.019080,14,11
954,20,-18.00,-38.00,0,0.019023,14,2
955,20,124.00,174.00,0,0.018966,10,1
956,20,-31.00,19.00,0,0.018909,12,5
957,20,-65.00,-55.00,0,0.018852,14,5
958,2,100.00,100.00,1,0.018796,0,0
959,2,100.00,100.00,1,0.018739,0,0
960,20,-38.00,-28.00,0,0.018683,13,8
961,20,0.00,0.00,0,0.018627,10,0
962,0,0.00,0.00,1,0.018571,0,0
963,20,-75.00,-65.00,0,0.018515,13,6
964,20,-7.00,-7.00,0,0.018460,14,2
965,20,85.00,135.00,0,0.018404,10,0
966,20,-36.00,-26.00,0,0.018349,12,5
967,2,100.00,100.00,1,0.018294,0,0
968,2,100.00,100.00,1,0.018239,0,0
969,2,100.00,100.00,1,0.018185,0,0
970,20,-43.00,-23.00,0,0.018130,14,7
971,20,0.00,0.00,0,0.018076,10,0
972,20,-28.00,-28.00,0,0.018021,10,2
973,2,100.00,100.00,1,0.017967,0,0
974,20,37.00,57.00,0,0.017913,13,3
975,20,144.00,164.00,0,0.017860,10,0
976,20,-45.00,-65.00,0,0.017806,13,5
977,0,0.00,0.00,1,0.017753,0,0
978,2,100.00,100.00,1,0.017699,0,0
979,2,100.00,100.00,1,0.017646,0,0
980,20,-65.00,-65.00,0,0.017593,14,7
981,20,-31.00,-41.00,0,0.017541,12,2
982,20,85.00,135.00,0,0.017488,10,0
983,1,50.00,50.00,1,0.017436,0,0
984,20,67.00,47.00,0,0.017383,12,2
985,20,85.00,135.00,0,0.017331,10,0
986,20,-40.00,-10.00,0,0.017279,11,3
987,20,-64.00,-84.00,0,0.017227,16,11
988,2,100.00,100.00,1,0.017176,0,0
989,2,100.00,100.00,1,0.017124,0,0
990,20,-19.00,11.00,0,0.017073,12,4
991,20,0.00,0.00,0,0.017021,10,0
992,20,16.00,6.00,0,0.016970,11,4
993,20,-60.00,-60.00,0,0.016920,14,8
994,20,52.00,42.00,0,0.016869,12,3
995,20,85.00,135.00,0,0.016818,10,0
996,20,-4.00,-4.00,0,0.016768,12,4
997,20,-125.00,-115.00,0,0.016717,16,13
998,2,100.00,100.00,1,0.016667,0,0
999,2,100.00,100.00,1,0.016617,0,0
1000,20,-35.00,-55.00,0,0.016567,13,11
1001,20,40.00,0.00,0,0.016518,11,3
1002,20,52.00,62.00,0,0.016468,13,1
1003,0,0.00,0.00,1,0.016419,0,0
1004,20,64.00,74.00,0,0.016369,12,0
1005,20,144.00,184.00,0,0.016320,9,0
1006,20,-62.00,-72.00,0,0.016271,14,4
1007,20,-65.00,-75.00,0,0.016223,15,10
1008,2,100.00,100.00,1,0.016174,0,0
1009,2,100.00,100.00,1,0.016125,0,0
1010,20,-28.00,-38.00,0,0.016077,15,6
1011,20,39.00,49.00,0,0.016029,10,1
1012,20,-62.00,-52.00,0,0.015981,15,11
1013,20,85.00,135.00,0,0.015933,10,0
1014,20,27.00,57.00,0,0.015885,13,2
1015,20,85.00,135.00,0,0.015837,10,0
1016,20,-16.00,-16.00,0,0.015790,11,5
1017,1,50.00,50.00,1,0.015742,0,0
1018,2,100.00,100.00,1,0.015695,0,0
1019,2,100.00,100.00,1,0.015648,0,0
1020,20,3.00,13.00,0,0.015601,11,4
1021,20,0.00,0.00,0,0.015554,10,0
1022,20,-27.00,-37.00,0,0.015508,14,1
1023,20,43.00,53.00,0,0.015461,13,1
1024,20,62.00,62.00,0,0.015415,13,2
1025,20,85.00,135.00,0,0.015369,10,0
1026,20,-59.00,-59.00,0,0.015322,13,4
1027,20,47.00,17.00,0,0.015276,11,2
1028,2,100.00,100.00,1,0.015231,0,0
1029,2,100.00,100.00,1,0.015185,0,0
1030,20,-33.00,-43.00,0,0.015139,16,7
1031,20,0.00,0.00,0,0.015094,10,0
1032,20,23.00,3.00,0,0.015049,13,2
1033,0,0.00,0.00,1,0.015004,0,0
1034,20,53.00,43.00,0,0.014959,13,1
1035,20,85.00,135.00,0,0.014914,10,0
1036,20,27.00,37.00,0,0.014869,11,1
1037,0,0.00,0.00,1,0.014824,0,0
1038,2,100.00,100.00,1,0.014780,0,0
1039,2,100.00,100.00,1,0.014736,0,0
1040,20,-92.00,-92.00,0,0.014691,14,9
1041,20,39.00,39.00,0,0.014647,10,1
1042,0,0.00,0.00,1,0.014603,0,0
1043,20,-125.00,-125.00,0,0.014559,17,11
1044,20,93.00,93.00,0,0.014516,12,0
1045,20,85.00,135.00,0,0.014472,10,0
1046,20,41.00,51.00,0,0.014429,10,3
1047,20,-48.00,-8.00,0,0.014386,13,7
1048,2,100.00,100.00,1,0.014342,0,0
1049,2,100.00,100.00,1,0.014299,0,0
1050,20,-50.00,-70.00,0,0.014256,13,5
1051,20,0.00,0.00,0,0.014214,10,0
1052,1,50.00,50.00,1,0.014171,0,0
1053,20,-21.00,-11.00,0,0.014129,13,6
1054,20,43.00,43.00,0,0.014086,13,1
1055,20,85.00,135.00,0,0.014044,10,0
1056,20,-14.00,26.00,0,0.014002,11,3
1057,20,0.00,0.00,0,0.013960,10,0
1058,2,100.00,100.00,1,0.013918,0,0
1059,2,100.00,100.00,1,0.013876,0,0
1060,20,-4.00,-4.00,0,0.013834,13,5
1061,20,-38.00,-28.00,0,0.013793,13,8
1062,0,0.00,0.00,1,0.013752,0,0
1063,0,0.00,0.00,1,0.013710,0,0
1064,20,62.00,62.00,0,0.013669,11,4
1065,20,124.00,184.00,0,0.013628,10,0
1066,20,-25.00,-65.00,0,0.013587,12,4
1067,0,0.00,0.00,1,0.013547,0,0
1068,2,100.00,100.00,1,0.013506,0,0
1069,2,100.00,100.00,1,0.013465,0,0
1070,20,-2.00,8.00,0,0.013425,12,4
1071,20,0.00,0.00,0,0.013385,10,0
1072,1,50.00,50.00,1,0.013345,0,0
1073,20,-89.00,-89.00,0,0.013305,14,8
1074,20,62.00,62.00,0,0.013265,11,4
1075,20,85.00,135.00,0,0.013225,10,0
1076,20,-45.00,-25.00,0,0.013185,11,5
1077,20,-130.00,-140.00,0,0.013146,15,7
1078,2,100.00,100.00,1,0.013106,0,0
1079,2,100.00,100.00,1,0.013067,0,0
1080,20,-50.00,-50.00,0,0.013028,16,8
1081,20,49.00,39.00,0,0.012989,10,0
1082,20,-46.00,-46.00,0,0.012950,14,1
1083,0,0.00,0.00,1,0.012911,0,0
1084,20,43.00,53.00,0,0.012872,13,1
1085,20,85.00,135.00,0,0.012833,10,0
1086,20,15.00,45.00,0,0.012795,11,2
1087,20,85.00,135.00,0,0.012757,10,0
1088,2,100.00,100.00,1,0.012718,0,0
1089,3,89.00,99.00,1,0.012680,1,1
1090,20,-48.00,-48.00,0,0.012642,12,4
1091,20,39.00,39.00,0,0.012604,10,1
1092,0,0.00,0.00,1,0.012566,0,0
1093,20,-24.00,-4.00,0,0.012529,12,8
1094,20,62.00,52.00,0,0.012491,13,1
1095,20,144.00,184.00,0,0.012454,9,0
1096,20,0.00,0.00,0,0.012416,10,0
1097,20,-28.00,-38.00,0,0.012379,13,9
1098,2,100.00,100.00,1,0.012342,0,0
1099,2,100.00,100.00,1,0.012305,0,0
1100,20,-94.00,-84.00,0,0.012268,15,8
1101,20,39.00,49.00,0,0.012231,10,1
1102,20,-79.00,-79.00,0,0.012194,15,14
1103,20,-2.00,8.00,0,0.012158,13,2
1104,20,93.00,93.00,0,0.012121,12,0
1105,20,85.00,135.00,0,0.012085,10,0
1106,20,-75.00,-55.00,0,0.012049,13,5
1107,0,0.00,0.00,1,0.012013,0,0
1108,2,100.00,100.00,1,0.011977,0,0
1109,2,100.00,100.00,1,0.011941,0,0
1110,20,-53.00,-53.00,0,0.011905,13,4
1111,20,0.00,0.00,0,0.011869,10,0
1112,1,50.00,50.00,1,0.011833,0,0
1113,20,-70.00,-50.00,0,0.011798,13,7
1114,20,22.00,22.00,0,0.011763,13,1
1115,20,85.00,135.00,0,0.011727,10,0
1116,20,49.00,39.00,0,0.011692,10,1
1117,0,0.00,0.00,1,0.011657,0,0
1118,2,100.00,100.00,1,0.011622,0,0
1119,2,100.00,100.00,1,0.011587,0,0
1120,20,-26.00,-16.00,0,0.011552,12,9
1121,20,44.00,44.00,0,0.011518,9,1
1122,20,85.00,135.00,0,0.011483,10,0
1123,20,-58.00,-78.00,0,0.011449,12,6
1124,20,13.00,13.00,0,0.011414,13,0
1125,20,134.00,164.00,0,0.011380,10,2
1126,20,39.00,49.00,0,0.011346,10,1
1127,20,95.00,125.00,0,0.011312,10,0
1128,2,100.00,100.00,1,0.011278,0,0
1129,2,100.00,100.00,1,0.011244,0,0
1130,20,-9.00,-9.00,0,0.011210,10,7
1131,20,0.00,0.00,0,0.011177,10,0
1132,20,93.00,93.00,0,0.011143,12,0
1133,0,0.00,0.00,1,0.011110,0,0
1134,20,43.00,43.00,0,0.011077,13,1
1135,20,85.00,135.00,0,0.011043,10,0
1136,20,19.00,9.00,0,0.011010,12,2
1137,1,50.00,50.00,1,0.010977,0,0
1138,2,100.00,100.00,1,0.010944,0,0
1139,2,100.00,100.00,1,0.010911,0,0
1140,20,-13.00,-53.00,0,0.010879,16,6
1141,20,0.00,0.00,0,0.010846,10,0
1142,0,0.00,0.00,1,0.010814,0,0
1143,2,100.00,100.00,1,0.010781,0,0
1144,20,57.00,57.00,0,0.010749,12,1
1145,20,85.00,135.00,0,0.010716,10,0
1146,20,0.00,0.00,0,0.010684,10,0
1147,20,85.00,135.00,0,0.010652,10,0
1148,2,100.00,100.00,1,0.010620,0,0
1149,2,100.00,100.00,1,0.010588,0,0
1150,20,-58.00,-38.00,0,0.010557,12,4
1151,20,0.00,0.00,0,0.010525,10,0
1152,20,-74.00,-74.00,0,0.010493,16,11
1153,0,0.00,0.00,1,0.010462,0,0
1154,20,53.00,43.00,0,0.010431,13,1
1155,20,134.00,174.00,0,0.010399,10,1
1156,20,6.00,16.00,0,0.010368,11,3
1157,0,0.00,0.00,1,0.010337,0,0
1158,2,100.00,100.00,1,0.010306,0,0
1159,2,100.00,100.00,1,0.010275,0,0
1160,20,-53.00,-53.00,0,0.010244,13,4
1161,20,0.00,0.00,0,0.010213,10,0
1162,20,-57.00,-57.00,0,0.010183,14,11
1163,20,0.00,0.00,0,0.010152,10,0
1164,20,47.00,47.00,0,0.010122,13,3
1165,20,85.00,135.00,0,0.010091,10,0
1166,20,-2.00,-2.00,0,0.010061,12,4
1167,0,0.00,0.00,1,0.010031,0,0
1168,2,100.00,100.00,1,0.010001,0,0
1169,2,100.00,100.00,1,0.010000,0,0
1170,20,-9.00,1.00,0,0.010000,12,7
1171,20,0.00,0.00,0,0.010000,10,0
1172,20,-1.00,-1.00,0,0.010000,11,4
1173,20,12.00,12.00,0,0.010000,14,2
1174,20,93.00,93.00,0,0.010000,12,0
1175,20,85.00,135.00,0,0.010000,10,0
1176,20,64.00,54.00,0,0.010000,10,2
1177,20,-64.00,-94.00,0,0.010000,16,13
1178,2,100.00,100.00,1,0.010000,0,0
1179,2,100.00,100.00,1,0.010000,0,0
1180,20,-87.00,-77.00,0,0.010000,15,7
1181,20,0.00,0.00,0,0.010000,10,0
1182,1,50.00,50.00,1,0.010000,0,0
1183,20,-35.00,-65.00,0,0.010000,13,10
1184,20,57.00,57.00,0,0.010000,12,1
1185,20,85.00,135.00,0,0.010000,10,0
1186,20,10.00,30.00,0,0.010000,11,6
1187,20,-15.00,-25.00,0,0.010000,14,6
1188,2,100.00,100.00,1,0.010000,0,0
1189,2,100.00,100.00,1,0.010000,0,0
1190,20,-53.00,-43.00,0,0.010000,13,4
1191,20,0.00,0.00,0,0.010000,10,0
1192,20,-53.00,-43.00,0,0.010000,13,3
1193,20,-67.00,-37.00,0,0.010000,14,10
1194,20,37.00,47.00,0,0.010000,13,4
1195,20,134.00,174.00,0,0.010000,10,1
1196,20,20.00,10.00,0,0.010000,11,6
1197,1,50.00,50.00,1,0.010000,0,0
1198,2,100.00,100.00,1,0.010000,0,0
1199,2,100.00,100.00,1,0.010000,0,0
1200,20,1.00,-19.00,0,0.010000,14,5
1201,20,39.00,39.00,0,0.010000,10,1
1202,20,-62.00,-62.00,0,0.010000,15,11
1203,2,100.00,100.00,1,0.010000,0,0
1204,20,3.00,-7.00,0,0.010000,14,2
1205,20,85.00,135.00,0,0.010000,10,0
1206,20,15.00,25.00,0,0.010000,11,4
1207,4,22.00,32.00,1,0.010000,2,3
1208,2,100.00,100.00,1,0.010000,0,0
1209,2,100.00,100.00,1,0.010000,0,0
1210,20,-63.00,-43.00,0,0.010000,13,5
1211,20,0.00,0.00,0,0.010000,10,0
1212,20,-62.00,-52.00,0,0.010000,15,10
1213,20,-120.00,-110.00,0,0.010000,15,13
1214,20,52.00,52.00,0,0.010000,13,0
1215,20,85.00,135.00,0,0.010000,10,0
1216,20,36.00,26.00,0,0.010000,10,3
1217,20,-12.00,-12.00,0,0.010000,11,0
1218,2,100.00,100.00,1,0.010000,0,0
1219,2,100.00,100.00,1,0.010000,0,0
1220,20,-77.00,-77.00,0,0.010000,13,8
1221,20,0.00,0.00,0,0.010000,10,0
1222,20,-24.00,-14.00,0,0.010000,11,3
1223,0,0.00,0.00,1,0.010000,0,0
1224,20,93.00,93.00,0,0.010000,12,0
1225,20,85.00,135.00,0,0.010000,10,0
1226,20,-18.00,-8.00,0,0.010000,13,4
1227,20,-130.00,-150.00,0,0.010000,16,9
1228,2,100.00,100.00,1,0.010000,0,0
1229,2,100.00,100.00,1,0.010000,0,0
1230,20,-2.00,8.00,0,0.010000,12,4
1231,20,0.00,0.00,0,0.010000,10,0
1232,1,50.00,50.00,1,0.010000,0,0
1233,2,100.00,100.00,1,0.010000,0,0
1234,20,42.00,72.00,0,0.010000,13,0
1235,20,129.00,179.00,0,0.010000,9,1
1236,20,36.00,26.00,0,0.010000,10,3
1237,0,0.00,0.00,1,0.010000,0,0
1238,2,100.00,100.00,1,0.010000,0,0
1239,2,100.00,100.00,1,0.010000,0,0
1240,20,28.00,-12.00,0,0.010000,12,4
1241,20,0.00,0.00,0,0.010000,10,0
1242,1,50.00,50.00,1,0.010000,0,0
1243,20,-130.00,-130.00,0,0.010000,16,14
1244,20,47.00,57.00,0,0.010000,12,2
1245,20,85.00,135.00,0,0.010000,10,0
1246,20,67.00,47.00,0,0.010000,10,3
1247,0,0.00,0.00,1,0.010000,0,0
1248,2,100.00,100.00,1,0.010000,0,0
1249,2,100.00,100.00,1,0.010000,0,0
1250,20,-38.00,-18.00,0,0.010000,13,6
1251,20,0.00,0.00,0,0.010000,10,0
1252,20,0.00,0.00,0,0.010000,10,0
1253,20,94.00,144.00,0,0.010000,10,0
1254,20,93.00,93.00,0,0.010000,12,0
1255,20,85.00,135.00,0,0.010000,10,0
1256,20,66.00,36.00,0,0.010000,11,3
1257,0,0.00,0.00,1,0.010000,0,0
1258,2,100.00,100.00,1,0.010000,0,0
1259,2,100.00,100.00,1,0.010000,0,0
1260,20,-41.00,-31.00,0,0.010000,12,4
1261,20,0.00,0.00,0,0.010000,10,0
1262,20,-62.00,-52.00,0,0.010000,15,11
1263,20,-80.00,-70.00,0,0.010000,14,11
1264,20,93.00,93.00,0,0.010000,12,0
1265,20,85.00,135.00,0,0.010000,10,0
1266,20,67.00,37.00,0,0.010000,10,3
1267,0,0.00,0.00,1,0.010000,0,0
1268,2,100.00,100.00,1,0.010000,0,0
1269,2,100.00,100.00,1,0.010000,0,0
1270,20,-24.00,-4.00,0,0.010000,13,6
1271,20,0.00,0.00,0,0.010000,10,0
1272,20,25.00,15.00,0,0.010000,12,4
1273,1,50.00,50.00,1,0.010000,0,0
1274,20,53.00,43.00,0,0.010000,13,1
1275,20,144.00,184.00,0,0.010000,9,0
1276,20,122.00,102.00,0,0.010000,9,0
1277,1,50.00,50.00,1,0.010000,0,0
1278,2,100.00,100.00,1,0.010000,0,0
1279,2,100.00,100.00,1,0.010000,0,0
1280,20,-33.00,-43.00,0,0.010000,14,8
1281,20,39.00,49.00,0,0.010000,10,1
1282,20,-60.00,-60.00,0,0.010000,14,9
1283,2,100.00,100.00,1,0.010000,0,0
1284,20,93.00,93.00,0,0.010000,12,0
1285,20,85.00,135.00,0,0.010000,10,0
1286,20,67.00,47.00,0,0.010000,10,3
1287,0,0.00,0.00,1,0.010000,0,0
1288,2,100.00,100.00,1,0.010000,0,0
1289,2,100.00,100.00,1,0.010000,0,0
1290,20,-7.00,13.00,0,0.010000,11,4
1291,20,0.00,0.00,0,0.010000,10,0
1292,20,64.00,34.00,0,0.010000,10,0
1293,20,7.00,17.00,0,0.010000,13,2
1294,20,62.00,32.00,0,0.010000,14,1
1295,20,85.00,135.00,0,0.010000,10,0
1296,20,113.00,73.00,0,0.010000,10,1
1297,1,50.00,50.00,1,0.010000,0,0
1298,2,100.00,100.00,1,0.010000,0,0
1299,2,100.00,100.00,1,0.010000,0,0
1300,20,-41.00,-31.00,0,0.010000,12,3
1301,20,0.00,0.00,0,0.010000,10,0
1302,20,64.00,84.00,0,0.010000,11,0
1303,20,-105.00,-115.00,0,0.010000,16,9
1304,20,53.00,43.00,0,0.010000,13,1
1305,20,85.00,135.00,0,0.010000,10,0
1306,20,108.00,78.00,0,0.010000,9,1
1307,0,0.00,0.00,1,0.010000,0,0
1308,2,100.00,100.00,1,0.010000,0,0
1309,2,100.00,100.00,1,0.010000,0,0
1310,20,18.00,-2.00,0,0.010000,12,3
1311,20,0.00,0.00,0,0.010000,10,0
1312,1,50.00,50.00,1,0.010000,0,0
1313,20,-69.00,-69.00,0,0.010000,17,10
1314,20,93.00,93.00,0,0.010000,12,0
1315,20,85.00,135.00,0,0.010000,10,0
1316,20,73.00,43.00,0,0.010000,10,0
1317,20,-68.00,-68.00,0,0.010000,11,3
1318,2,100.00,100.00,1,0.010000,0,0
1319,2,100.00,100.00,1,0.010000,0,0
1320,20,10.00,30.00,0,0.010000,11,4
1321,20,0.00,0.00,0,0.010000,10,0
1322,20,-67.00,-57.00,0,0.010000,14,11
1323,20,-195.00,-165.00,0,0.010000,17,12
1324,20,93.00,93.00,0,0.010000,12,0
1325,20,85.00,135.00,0,0.010000,10,0
1326,20,153.00,123.00,0,0.010000,9,0
1327,20,0.00,0.00,0,0.010000,10,0
1328,2,100.00,100.00,1,0.010000,0,0
1329,2,100.00,100.00,1,0.010000,0,0
1330,20,-50.00,-70.00,0,0.010000,13,6
1331,20,39.00,49.00,0,0.010000,10,1
1332,20,-59.00,-89.00,0,0.010000,15,13
1333,1,50.00,50.00,1,0.010000,0,0
1334,20,57.00,57.00,0,0.010000,12,2
1335,20,124.00,174.00,0,0.010000,10,1
1336,20,153.00,123.00,0,0.010000,9,0
1337,0,0.00,0.00,1,0.010000,0,0
1338,2,100.00,100.00,1,0.010000,0,0
1339,2,100.00,100.00,1,0.010000,0,0
1340,20,-63.00,-43.00,0,0.010000,11,5
1341,20,0.00,0.00,0,0.010000,10,0
1342,0,0.00,0.00,1,0.010000,0,0
1343,20,0.00,0.00,0,0.010000,10,0
1344,20,93.00,93.00,0,0.010000,12,0
1345,20,85.00,135.00,0,0.010000,10,0
1346,20,153.00,123.00,0,0.010000,9,0
1347,20,45.00,85.00,0,0.010000,11,0
1348,2,100.00,100.00,1,0.010000,0,0
1349,2,100.00,100.00,1,0.010000,0,0
1350,20,5.00,35.00,0,0.010000,12,2
1351,20,39.00,39.00,0,0.010000,10,1
1352,0,0.00,0.00,1,0.010000,0,0
1353,0,0.00,0.00,1,0.010000,0,0
1354,20,42.00,62.00,0,0.010000,13,3
1355,20,85.00,135.00,0,0.010000,10,0
1356,20,153.00,123.00,0,0.010000,9,0
1357,0,0.00,0.00,1,0.010000,0,0
1358,2,100.00,100.00,1,0.010000,0,0
1359,2,100.00,100.00,1,0.010000,0,0
1360,20,40.00,0.00,0,0.010000,11,3
1361,20,0.00,0.00,0,0.010000,10,0
1362,20,95.00,125.00,0,0.010000,10,0
1363,0,0.00,0.00,1,0.010000,0,0
1364,20,43.00,43.00,0,0.010000,13,1
1365,20,85.00,135.00,0,0.010000,10,0
1366,20,153.00,123.00,0,0.010000,9,0
1367,0,0.00,0.00,1,0.010000,0,0
1368,2,100.00,100.00,1,0.010000,0,0
1369,2,100.00,100.00,1,0.010000,0,0
1370,20,-24.00,-14.00,0,0.010000,13,6
1371,20,39.00,39.00,0,0.010000,10,1
1372,1,50.00,50.00,1,0.010000,0,0
1373,0,0.00,0.00,1,0.010000,0,0
1374,20,15.00,15.00,0,0.010000,13,0
1375,20,85.00,135.00,0,0.010000,10,0
1376,20,153.00,123.00,0,0.010000,9,0
1377,0,0.00,0.00,1,0.010000,0,0
1378,2,100.00,100.00,1,0.010000,0,0
1379,2,100.00,100.00,1,0.010000,0,0
1380,20,-11.00,-31.00,0,0.010000,13,7
1381,20,0.00,0.00,0,0.010000,10,0
1382,20,94.00,144.00,0,0.010000,10,0
1383,1,50.00,50.00,1,0.010000,0,0
1384,20,93.00,93.00,0,0.010000,12,0
1385,20,144.00,164.00,0,0.010000,10,0
1386,20,153.00,123.00,0,0.010000,9,0
1387,0,0.00,0.00,1,0.010000,0,0
1388,2,100.00,100.00,1,0.010000,0,0
1389,2,100.00,100.00,1,0.010000,0,0
1390,20,-34.00,-14.00,0,0.010000,12,2
1391,20,0.00,0.00,0,0.010000,10,0
1392,2,100.00,100.00,1,0.010000,0,0
1393,0,0.00,0.00,1,0.010000,0,0
1394,20,43.00,53.00,0,0.010000,13,1
1395,20,85.00,135.00,0,0.010000,10,0
1396,20,58.00,38.00,0,0.010000,10,2
1397,0,0.00,0.00,1,0.010000,0,0
1398,2,100.00,100.00,1,0.010000,0,0
1399,2,100.00,100.00,1,0.010000,0,0
1400,20,-19.00,-29.00,0,0.010000,11,3
1401,20,0.00,0.00,0,0.010000,10,0
1402,20,-28.00,-38.00,0,0.010000,15,7
1403,1,50.00,50.00,1,0.010000,0,0
1404,20,93.00,93.00,0,0.010000,12,0
1405,20,85.00,135.00,0,0.010000,10,0
1406,20,153.00,123.00,0,0.010000,9,0
1407,1,50.00,50.00,1,0.010000,0,0
1408,2,100.00,100.00,1,0.010000,0,0
1409,2,100.00,100.00,1,0.010000,0,0
1410,20,-82.00,-62.00,0,0.010000,14,6
1411,20,0.00,0.00,0,0.010000,10,0
1412,0,0.00,0.00,1,0.010000,0,0
1413,20,94.00,144.00,0,0.010000,10,0
1414,20,-2.00,8.00,0,0.010000,13,2
1415,20,85.00,135.00,0,0.010000,10,0
1416,20,153.00,123.00,0,0.010000,9,0
1417,0,0.00,0.00,1,0.010000,0,0
1418,2,100.00,100.00,1,0.010000,0,0
1419,3,94.00,94.00,1,0.010000,0,1
1420,20,15.00,25.00,0,0.010000,12,3
1421,20,0.00,0.00,0,0.010000,10,0
1422,0,0.00,0.00,1,0.010000,0,0
1423,20,5.00,55.00,0,0.010000,11,0
1424,20,13.00,13.00,0,0.010000,13,0
1425,20,134.00,174.00,0,0.010000,10,1
1426,20,153.00,123.00,0,0.010000,9,0
1427,1,50.00,50.00,1,0.010000,0,0
1428,2,100.00,100.00,1,0.010000,0,0
1429,2,100.00,100.00,1,0.010000,0,0
1430,20,-21.00,-61.00,0,0.010000,12,3
1431,20,0.00,0.00,0,0.010000,10,0
1432,20,-34.00,-14.00,0,0.010000,12,2
1433,0,0.00,0.00,1,0.010000,0,0
1434,20,13.00,13.00,0,0.010000,13,0
1435,20,85.00,135.00,0,0.010000,10,0
1436,20,153.00,123.00,0,0.010000,9,0
1437,20,39.00,49.00,0,0.010000,10,0
1438,2,100.00,100.00,1,0.010000,0,0
1439,2,100.00,100.00,1,0.010000,0,0
1440,20,22.00,42.00,0,0.010000,10,2
1441,20,49.00,39.00,0,0.010000,10,1
1442,20,-39.00,-59.00,0,0.010000,13,9
1443,1,50.00,50.00,1,0.010000,0,0
1444,20,8.00,-2.00,0,0.010000,13,2
1445,20,85.00,135.00,0,0.010000,10,0
1446,20,153.00,123.00,0,0.010000,9,0
1447,0,0.00,0.00,1,0.010000,0,0
1448,2,100.00,100.00,1,0.010000,0,0
1449,2,100.00,100.00,1,0.010000,0,0
1450,20,32.00,32.00,0,0.010000,10,2
1451,20,0.00,0.00,0,0.010000,10,0
1452,20,-73.00,-63.00,0,0.010000,12,2
1453,1,50.00,50.00,1,0.010000,0,0
1454,20,93.00,93.00,0,0.010000,12,0
1455,20,129.00,179.00,0,0.010000,9,1
1456,20,153.00,123.00,0,0.010000,9,0
1457,20,-55.00,-45.00,0,0.010000,13,9
1458,2,100.00,100.00,1,0.010000,0,0
1459,2,100.00,100.00,1,0.010000,0,0
1460,20,49.00,39.00,0,0.010000,10,1
1461,20,0.00,0.00,0,0.010000,10,0
1462,0,0.00,0.00,1,0.010000,0,0
1463,20,-90.00,-90.00,0,0.010000,12,4
1464,20,13.00,13.00,0,0.010000,13,0
1465,20,85.00,135.00,0,0.010000,10,0
1466,20,153.00,123.00,0,0.010000,9,0
1467,20,-110.00,-120.00,0,0.010000,15,11
1468,2,100.00,100.00,1,0.010000,0,0
1469,2,100.00,100.00,1,0.010000,0,0
1470,20,-36.00,-36.00,0,0.010000,11,2
1471,20,0.00,0.00,0,0.010000,10,0
1472,20,85.00,135.00,0,0.010000,10,0
1473,20,0.00,0.00,0,0.010000,10,0
1474,20,93.00,93.00,0,0.010000,12,0
1475,20,85.00,135.00,0,0.010000,10,0
1476,20,153.00,123.00,0,0.010000,9,0
1477,2,100.00,100.00,1,0.010000,0,0
1478,2,100.00,100.00,1,0.010000,0,0
1479,2,100.00,100.00,1,0.010000,0,0
1480,20,-53.00,-53.00,0,0.010000,13,5
1481,20,0.00,0.00,0,0.010000,10,0
1482,20,-50.00,-50.00,0,0.010000,14,9
1483,2,100.00,100.00,1,0.010000,0,0
1484,20,43.00,53.00,0,0.010000,13,1
1485,20,85.00,135.00,0,0.010000,10,0
1486,20,153.00,123.00,0,0.010000,9,0
1487,0,0.00,0.00,1,0.010000,0,0
1488,2,100.00,100.00,1,0.010000,0,0
1489,2,100.00,100.00,1,0.010000,0,0
1490,20,-2.00,8.00,0,0.010000,12,5
1491,20,-22.00,-2.00,0,0.010000,11,0
1492,20,-41.00,-41.00,0,0.010000,13,1
1493,20,4.00,4.00,0,0.010000,13,0
1494,20,93.00,93.00,0,0.010000,12,0
1495,20,85.00,135.00,0,0.010000,10,0
1496,20,153.00,123.00,0,0.010000,9,0
1497,20,94.00,144.00,0,0.010000,10,0
1498,2,100.00,100.00,1,0.010000,0,0
1499,2,100.00,100.00,1,0.010000,0,0
1500,20,-12.00,-22.00,0,0.010000,11,2
1501,20,0.00,0.00,0,0.010000,10,0
1502,1,50.00,50.00,1,0.010000,0,0
1503,20,53.00,43.00,0,0.010000,13,1
1504,20,93.00,93.00,0,0.010000,12,0
1505,20,85.00,135.00,0,0.010000,10,0
1506,20,153.00,123.00,0,0.010000,9,0
1507,0,0.00,0.00,1,0.010000,0,0
1508,2,100.00,100.00,1,0.010000,0,0
1509,2,100.00,100.00,1,0.010000,0,0
1510,20,8.00,8.00,0,0.010000,12,4
1511,20,0.00,0.00,0,0.010000,10,0
1512,20,-36.00,-46.00,0,0.010000,14,0
1513,0,0.00,0.00,1,0.010000,0,0
1514,20,93.00,93.00,0,0.010000,12,0
1515,20,85.00,135.00,0,0.010000,10,0
1516,20,153.00,123.00,0,0.010000,9,0
1517,0,0.00,0.00,1,0.010000,0,0
1518,2,100.00,100.00,1,0.010000,0,0
1519,2,100.00,100.00,1,0.010000,0,0
1520,20,-46.00,-36.00,0,0.010000,11,3
1521,20,0.00,0.00,0,0.010000,10,0
1522,0,0.00,0.00,1,0.010000,0,0
1523,0,0.00,0.00,1,0.010000,0,0
1524,20,93.00,93.00,0,0.010000,12,0
1525,20,85.00,135.00,0,0.010000,10,0
1526,20,103.00,73.00,0,0.010000,10,1
1527,20,94.00,144.00,0,0.010000,10,0
1528,2,100.00,100.00,1,0.010000,0,0
1529,2,100.00,100.00,1,0.010000,0,0
1530,20,-17.00,-7.00,0,0.010000,10,2
1531,20,0.00,0.00,0,0.010000,10,0
1532,0,0.00,0.00,1,0.010000,0,0
1533,20,-12.00,-12.00,0,0.010000,11,0
1534,20,93.00,93.00,0,0.010000,12,0
1535,20,85.00,135.00,0,0.010000,10,0
1536,20,153.00,123.00,0,0.010000,9,0
1537,20,27.00,37.00,0,0.010000,11,1
1538,2,100.00,100.00,1,0.010000,0,0
1539,2,100.00,100.00,1,0.010000,0,0
1540,20,-36.00,-46.00,0,0.010000,13,2
1541,20,0.00,0.00,0,0.010000,10,0
1542,0,0.00,0.00,1,0.010000,0,0
1543,2,100.00,100.00,1,0.010000,0,0
1544,20,93.00,93.00,0,0.010000,12,0
1545,20,85.00,135.00,0,0.010000,10,0
1546,20,153.00,123.00,0,0.010000,9,0
1547,0,0.00,0.00,1,0.010000,0,0
1548,2,100.00,100.00,1,0.010000,0,0
1549,2,100.00,100.00,1,0.010000,0,0
1550,20,3.00,13.00,0,0.010000,11,4
1551,20,0.00,0.00,0,0.010000,10,0
1552,20,-74.00,-74.00,0,0.010000,16,11
1553,0,0.00,0.00,1,0.010000,0,0
1554,20,93.00,93.00,0,0.010000,12,0
1555,20,85.00,135.00,0,0.010000,10,0
1556,20,73.00,43.00,0,0.010000,10,0
1557,0,0.00,0.00,1,0.010000,0,0
1558,2,100.00,100.00,1,0.010000,0,0
1559,2,100.00,100.00,1,0.010000,0,0
1560,20,49.00,39.00,0,0.010000,10,1
1561,20,0.00,0.00,0,0.010000,10,0
1562,20,153.00,123.00,0,0.010000,9,0
1563,20,85.00,135.00,0,0.010000,10,0
1564,20,43.00,53.00,0,0.010000,13,1
1565,20,85.00,135.00,0,0.010000,10,0
1566,20,153.00,123.00,0,0.010000,9,0
1567,0,0.00,0.00,1,0.010000,0,0
1568,2,100.00,100.00,1,0.010000,0,0
1569,2,100.00,100.00,1,0.010000,0,0
1570,20,32.00,32.00,0,0.010000,10,2
1571,20,0.00,0.00,0,0.010000,10,0
1572,0,0.00,0.00,1,0.010000,0,0
1573,1,50.00,50.00,1,0.010000,0,0
1574,20,62.00,52.00,0,0.010000,13,2
1575,20,85.00,135.00,0,0.010000,10,0
1576,20,153.00,123.00,0,0.010000,9,0
1577,20,-41.00,-31.00,0,0.010000,12,2
1578,2,100.00,100.00,1,0.010000,0,0
1579,2,100.00,100.00,1,0.010000,0,0
1580,20,49.00,39.00,0,0.010000,10,0
1581,20,49.00,39.00,0,0.010000,10,1
1582,20,-50.00,-70.00,0,0.010000,14,9
1583,2,100.00,100.00,1,0.010000,0,0
1584,20,13.00,13.00,0,0.010000,13,0
1585,20,85.00,135.00,0,0.010000,10,0
1586,20,153.00,123.00,0,0.010000,9,0
1587,20,-52.00,-72.00,0,0.010000,15,12
1588,2,100.00,100.00,1,0.010000,0,0
1589,2,100.00,100.00,1,0.010000,0,0
1590,20,39.00,49.00,0,0.010000,10,1
1591,20,39.00,39.00,0,0.010000,10,1
1592,20,24.00,54.00,0,0.010000,11,1
1593,20,0.00,0.00,0,0.010000,10,0
1594,20,93.00,93.00,0,0.010000,12,0
1595,20,124.00,174.00,0,0.010000,10,1
1596,20,153.00,123.00,0,0.010000,9,0
1597,20,-118.00,-108.00,0,0.010000,15,12
1598,2,100.00,100.00,1,0.010000,0,0
1599,2,100.00,100.00,1,0.010000,0,0
1600,20,-2.00,18.00,0,0.010000,12,4
1601,20,0.00,0.00,0,0.010000,10,0
1602,20,85.00,135.00,0,0.010000,10,0
1603,20,0.00,0.00,0,0.010000,10,0
1604,20,48.00,48.00,0,0.010000,12,1
1605,20,85.00,135.00,0,0.010000,10,0
1606,20,153.00,123.00,0,0.010000,9,0
1607,1,50.00,50.00,1,0.010000,0,0
1608,2,100.00,100.00,1,0.010000,0,0
1609,2,100.00,100.00,1,0.010000,0,0
1610,20,49.00,39.00,0,0.010000,10,1
1611,20,0.00,0.00,0,0.010000,10,0
1612,20,49.00,39.00,0,0.010000,10,0
1613,20,-55.00,-45.00,0,0.010000,14,6
1614,20,43.00,43.00,0,0.010000,13,1
1615,20,85.00,135.00,0,0.010000,10,0
1616,20,153.00,123.00,0,0.010000,9,0
1617,20,-57.00,-77.00,0,0.010000,16,11
1618,2,100.00,100.00,1,0.010000,0,0
1619,2,100.00,100.00,1,0.010000,0,0
1620,20,-2.00,-22.00,0,0.010000,11,1
1621,20,0.00,0.00,0,0.010000,10,0
1622,0,0.00,0.00,1,0.010000,0,0
1623,20,-29.00,-19.00,0,0.010000,11,2
1624,20,53.00,43.00,0,0.010000,13,1
1625,20,85.00,135.00,0,0.010000,10,0
1626,20,153.00,123.00,0,0.010000,9,0
1627,20,32.00,32.00,0,0.010000,10,1
1628,2,100.00,100.00,1,0.010000,0,0
1629,3,99.00,89.00,1,0.010000,1,1
1630,20,0.00,0.00,0,0.010000,10,0
1631,20,0.00,0.00,0,0.010000,10,0
1632,2,100.00,100.00,1,0.010000,0,0
1633,20,-74.00,-54.00,0,0.010000,16,11
1634,20,53.00,43.00,0,0.010000,13,1
1635,20,85.00,135.00,0,0.010000,10,0
1636,20,153.00,123.00,0,0.010000,9,0
1637,20,73.00,43.00,0,0.010000,10,0
1638,3,89.00,89.00,1,0.010000,1,1
1639,2,100.00,100.00,1,0.010000,0,0
1640,20,-14.00,-14.00,0,0.010000,13,4
1641,20,0.00,0.00,0,0.010000,10,0
1642,20,39.00,49.00,0,0.010000,10,0
1643,20,85.00,135.00,0,0.010000,10,0
1644,20,93.00,93.00,0,0.010000,12,0
1645,20,85.00,135.00,0,0.010000,10,0
1646,20,153.00,123.00,0,0.010000,9,0
1647,0,0.00,0.00,1,0.010000,0,0
1648,2,100.00,100.00,1,0.010000,0,0
1649,2,100.00,100.00,1,0.010000,0,0
1650,20,27.00,37.00,0,0.010000,11,3
1651,20,0.00,0.00,0,0.010000,10,0
1652,0,0.00,0.00,1,0.010000,0,0
1653,2,100.00,100.00,1,0.010000,0,0
1654,20,93.00,93.00,0,0.010000,12,0
1655,20,85.00,135.00,0,0.010000,10,0
1656,20,153.00,123.00,0,0.010000,9,0
1657,20,-38.00,-28.00,0,0.010000,13,8
1658,2,100.00,100.00,1,0.010000,0,0
1659,2,100.00,100.00,1,0.010000,0,0
1660,20,39.00,39.00,0,0.010000,10,1
1661,20,0.00,0.00,0,0.010000,10,0
1662,20,-21.00,-21.00,0,0.010000,13,7
1663,0,0.00,0.00,1,0.010000,0,0
1664,20,93.00,93.00,0,0.010000,12,0
1665,20,85.00,135.00,0,0.010000,10,0
1666,20,153.00,123.00,0,0.010000,9,0
1667,20,85.00,135.00,0,0.010000,10,0
1668,2,100.00,100.00,1,0.010000,0,0
1669,2,100.00,100.00,1,0.010000,0,0
1670,20,0.00,0.00,0,0.010000,10,0
1671,20,30.00,10.00,0,0.010000,11,3
1672,0,0.00,0.00,1,0.010000,0,0
1673,0,0.00,0.00,1,0.010000,0,0
1674,20,53.00,43.00,0,0.010000,13,1
1675,20,85.00,135.00,0,0.010000,10,0
1676,20,153.00,123.00,0,0.010000,9,0
1677,0,0.00,0.00,1,0.010000,0,0
1678,2,100.00,100.00,1,0.010000,0,0
1679,2,100.00,100.00,1,0.010000,0,0
1680,20,-12.00,-12.00,0,0.010000,11,1
1681,20,0.00,0.00,0,0.010000,10,0
1682,20,94.00,144.00,0,0.010000,10,0
1683,0,0.00,0.00,1,0.010000,0,0
1684,20,93.00,93.00,0,0.010000,12,0
1685,20,85.00,135.00,0,0.010000,10,0
1686,20,153.00,123.00,0,0.010000,9,0
1687,20,-25.00,-25.00,0,0.010000,14,11
1688,2,100.00,100.00,1,0.010000,0,0
1689,2,100.00,100.00,1,0.010000,0,0
1690,20,44.00,44.00,0,0.010000,9,1
1691,20,0.00,0.00,0,0.010000,10,0
1692,20,-123.00,-123.00,0,0.010000,16,12
1693,20,3.00,3.00,0,0.010000,14,1
1694,20,8.00,-2.00,0,0.010000,13,2
1695,20,85.00,135.00,0,0.010000,10,0
1696,20,153.00,123.00,0,0.010000,9,0
1697,20,49.00,39.00,0,0.010000,10,0
1698,2,100.00,100.00,1,0.010000,0,0
1699,2,100.00,100.00,1,0.010000,0,0
1700,20,49.00,39.00,0,0.010000,10,1
1701,20,0.00,0.00,0,0.010000,10,0
1702,0,0.00,0.00,1,0.010000,0,0
1703,20,23.00,3.00,0,0.010000,13,0
1704,20,93.00,93.00,0,0.010000,12,0
1705,20,85.00,135.00,0,0.010000,10,0
1706,20,153.00,123.00,0,0.010000,9,0
1707,2,100.00,100.00,1,0.010000,0,0
1708,2,100.00,100.00,1,0.010000,0,0
1709,2,100.00,100.00,1,0.010000,0,0
1710,20,0.00,0.00,0,0.010000,10,0
1711,20,15.00,25.00,0,0.010000,12,1
1712,2,100.00,100.00,1,0.010000,0,0
1713,20,-101.00,-101.00,0,0.010000,15,10
1714,20,93.00,93.00,0,0.010000,12,0
1715,20,85.00,135.00,0,0.010000,10,0
1716,20,153.00,123.00,0,0.010000,9,0
1717,0,0.00,0.00,1,0.010000,0,0
1718,2,100.00,100.00,1,0.010000,0,0
1719,2,100.00,100.00,1,0.010000,0,0
1720,20,0.00,0.00,0,0.010000,10,0
1721,20,0.00,0.00,0,0.010000,10,0
1722,20,-54.00,-84.00,0,0.010000,16,12
1723,0,0.00,0.00,1,0.010000,0,0
1724,20,93.00,93.00,0,0.010000,12,0
1725,20,85.00,135.00,0,0.010000,10,0
1726,20,153.00,123.00,0,0.010000,9,0
1727,20,153.00,123.00,0,0.010000,9,0
1728,2,100.00,100.00,1,0.010000,0,0
1729,2,100.00,100.00,1,0.010000,0,0
1730,20,0.00,0.00,0,0.010000,10,0
1731,20,0.00,0.00,0,0.010000,10,0
1732,2,100.00,100.00,1,0.010000,0,0
1733,0,0.00,0.00,1,0.010000,0,0
1734,20,93.00,93.00,0,0.010000,12,0
1735,20,85.00,135.00,0,0.010000,10,0
1736,20,153.00,123.00,0,0.010000,9,0
1737,1,50.00,50.00,1,0.010000,0,0
1738,2,100.00,100.00,1,0.010000,0,0
1739,2,100.00,100.00,1,0.010000,0,0
1740,20,0.00,0.00,0,0.010000,10,0
1741,20,0.00,0.00,0,0.010000,10,0
1742,0,0.00,0.00,1,0.010000,0,0
1743,20,94.00,144.00,0,0.010000,10,0
1744,20,93.00,93.00,0,0.010000,12,0
1745,20,85.00,135.00,0,0.010000,10,0
1746,20,153.00,123.00,0,0.010000,9,0
1747,0,0.00,0.00,1,0.010000,0,0
1748,2,100.00,100.00,1,0.010000,0,0
1749,2,100.00,100.00,1,0.010000,0,0
1750,20,44.00,44.00,0,0.010000,9,1
1751,20,0.00,0.00,0,0.010000,10,0
1752,20,28.00,-2.00,0,0.010000,10,1
1753,20,-101.00,-101.00,0,0.010000,15,9
1754,20,93.00,93.00,0,0.010000,12,0
1755,20,124.00,184.00,0,0.010000,10,0
1756,20,153.00,123.00,0,0.010000,9,0
1757,20,-57.00,-57.00,0,0.010000,14,11
1758,2,100.00,100.00,1,0.010000,0,0
1759,2,100.00,100.00,1,0.010000,0,0
1760,20,15.00,25.00,0,0.010000,12,1
1761,20,0.00,0.00,0,0.010000,10,0
1762,20,-95.00,-95.00,0,0.010000,14,8
1763,20,85.00,135.00,0,0.010000,10,0
1764,20,93.00,93.00,0,0.010000,12,0
1765,20,129.00,179.00,0,0.010000,9,1
1766,20,153.00,123.00,0,0.010000,9,0
1767,1,50.00,50.00,1,0.010000,0,0
1768,2,100.00,100.00,1,0.010000,0,0
1769,2,100.00,100.00,1,0.010000,0,0
1770,20,0.00,0.00,0,0.010000,10,0
1771,20,49.00,39.00,0,0.010000,10,1
1772,0,0.00,0.00,1,0.010000,0,0
1773,20,3.00,-7.00,0,0.010000,14,0
1774,20,43.00,43.00,0,0.010000,13,1
1775,20,85.00,135.00,0,0.010000,10,0
1776,20,153.00,123.00,0,0.010000,9,0
1777,0,0.00,0.00,1,0.010000,0,0
1778,2,100.00,100.00,1,0.010000,0,0
1779,2,100.00,100.00,1,0.010000,0,0
1780,20,0.00,0.00,0,0.010000,10,0
1781,20,0.00,0.00,0,0.010000,10,0
1782,20,43.00,43.00,0,0.010000,13,0
1783,20,-84.00,-74.00,0,0.010000,16,12
1784,20,93.00,93.00,0,0.010000,12,0
1785,20,85.00,135.00,0,0.010000,10,0
1786,20,153.00,123.00,0,0.010000,9,0
1787,0,0.00,0.00,1,0.010000,0,0
1788,2,100.00,100.00,1,0.010000,0,0
1789,2,100.00,100.00,1,0.010000,0,0
1790,20,0.00,0.00,0,0.010000,10,0
1791,20,0.00,0.00,0,0.010000,10,0
1792,20,-26.00,4.00,0,0.010000,12,2
1793,1,50.00,50.00,1,0.010000,0,0
1794,20,93.00,93.00,0,0.010000,12,0
1795,20,85.00,135.00,0,0.010000,10,0
1796,20,153.00,123.00,0,0.010000,9,0
1797,20,-109.00,-99.00,0,0.010000,14,8
1798,2,100.00,100.00,1,0.010000,0,0
1799,2,100.00,100.00,1,0.010000,0,0
1800,20,0.00,0.00,0,0.010000,10,0
1801,20,0.00,0.00,0,0.010000,10,0
1802,20,153.00,123.00,0,0.010000,9,0
1803,0,0.00,0.00,1,0.010000,0,0
1804,20,13.00,13.00,0,0.010000,13,0
1805,20,85.00,135.00,0,0.010000,10,0
1806,20,108.00,78.00,0,0.010000,9,1
1807,0,0.00,0.00,1,0.010000,0,0
1808,2,100.00,100.00,1,0.010000,0,0
1809,2,100.00,100.00,1,0.010000,0,0
1810,20,0.00,0.00,0,0.010000,10,0
1811,20,0.00,0.00,0,0.010000,10,0
1812,20,-140.00,-120.00,0,0.010000,16,13
1813,0,0.00,0.00,1,0.010000,0,0
1814,20,93.00,93.00,0,0.010000,12,0
1815,20,74.00,144.00,0,0.010000,11,1
1816,20,153.00,123.00,0,0.010000,9,0
1817,20,-45.00,-55.00,0,0.010000,13,9
1818,2,100.00,100.00,1,0.010000,0,0
1819,2,100.00,100.00,1,0.010000,0,0
1820,20,0.00,0.00,0,0.010000,10,0
1821,20,0.00,0.00,0,0.010000,10,0
1822,20,49.00,39.00,0,0.010000,10,1
1823,0,0.00,0.00,1,0.010000,0,0
1824,20,48.00,48.00,0,0.010000,12,1
1825,20,85.00,135.00,0,0.010000,10,0
1826,20,153.00,123.00,0,0.010000,9,0
1827,0,0.00,0.00,1,0.010000,0,0
1828,2,100.00,100.00,1,0.010000,0,0
1829,2,100.00,100.00,1,0.010000,0,0
1830,20,0.00,0.00,0,0.010000,10,0
1831,20,0.00,0.00,0,0.010000,10,0
1832,1,50.00,50.00,1,0.010000,0,0
1833,20,-64.00,-64.00,0,0.010000,16,11
1834,20,43.00,53.00,0,0.010000,13,1
1835,20,85.00,135.00,0,0.010000,10,0
1836,20,153.00,123.00,0,0.010000,9,0
1837,20,-36.00,-46.00,0,0.010000,14,0
1838,2,100.00,100.00,1,0.010000,0,0
1839,2,100.00,100.00,1,0.010000,0,0
1840,20,49.00,39.00,0,0.010000,10,0
1841,20,0.00,0.00,0,0.010000,10,0
1842,0,0.00,0.00,1,0.010000,0,0
1843,0,0.00,0.00,1,0.010000,0,0
1844,20,93.00,93.00,0,0.010000,12,0
1845,20,85.00,135.00,0,0.010000,10,0
1846,20,153.00,123.00,0,0.010000,9,0
1847,0,0.00,0.00,1,0.010000,0,0
1848,2,100.00,100.00,1,0.010000,0,0
1849,2,100.00,100.00,1,0.010000,0,0
1850,20,0.00,0.00,0,0.010000,10,0
1851,20,39.00,39.00,0,0.010000,10,1
1852,20,-70.00,-90.00,0,0.010000,12,3
1853,0,0.00,0.00,1,0.010000,0,0
1854,20,13.00,13.00,0,0.010000,13,0
1855,20,144.00,164.00,0,0.010000,10,0
1856,20,153.00,123.00,0,0.010000,9,0
1857,20,-138.00,-128.00,0,0.010000,14,8
1858,2,100.00,100.00,1,0.010000,0,0
1859,2,100.00,100.00,1,0.010000,0,0
1860,20,39.00,49.00,0,0.010000,10,1
1861,20,0.00,0.00,0,0.010000,10,0
1862,20,49.00,39.00,0,0.010000,10,0
1863,20,5.00,55.00,0,0.010000,11,0
1864,20,93.00,93.00,0,0.010000,12,0
1865,20,85.00,135.00,0,0.010000,10,0
1866,20,112.00,82.00,0,0.010000,10,1
1867,20,-89.00,-109.00,0,0.010000,14,7
1868,2,100.00,100.00,1,0.010000,0,0
1869,2,100.00,100.00,1,0.010000,0,0
1870,20,0.00,0.00,0,0.010000,10,0
1871,20,0.00,0.00,0,0.010000,10,0
1872,1,50.00,50.00,1,0.010000,0,0
1873,0,0.00,0.00,1,0.010000,0,0
1874,20,93.00,93.00,0,0.010000,12,0
1875,20,85.00,135.00,0,0.010000,10,0
1876,20,153.00,123.00,0,0.010000,9,0
1877,1,50.00,50.00,1,0.010000,0,0
1878,2,100.00,100.00,1,0.010000,0,0
1879,3,99.00,89.00,1,0.010000,1,1
1880,20,0.00,0.00,0,0.010000,10,0
1881,20,0.00,0.00,0,0.010000,10,0
1882,0,0.00,0.00,1,0.010000,0,0
1883,20,-111.00,-111.00,0,0.010000,15,11
1884,20,93.00,93.00,0,0.010000,12,0
1885,20,85.00,135.00,0,0.010000,10,0
1886,20,153.00,123.00,0,0.010000,9,0
1887,20,-64.00,-74.00,0,0.010000,16,11
1888,2,100.00,100.00,1,0.010000,0,0
1889,2,100.00,100.00,1,0.010000,0,0
1890,20,0.00,0.00,0,0.010000,10,0
1891,20,0.00,0.00,0,0.010000,10,0
1892,1,50.00,50.00,1,0.010000,0,0
1893,1,50.00,50.00,1,0.010000,0,0
1894,20,59.00,59.00,0,0.010000,12,1
1895,20,85.00,135.00,0,0.010000,10,0
1896,20,153.00,123.00,0,0.010000,9,0
1897,20,73.00,43.00,0,0.010000,10,0
1898,2,100.00,100.00,1,0.010000,0,0
1899,2,100.00,100.00,1,0.010000,0,0
1900,20,0.00,0.00,0,0.010000,10,0
1901,20,0.00,0.00,0,0.010000,10,0
1902,20,-22.00,-12.00,0,0.010000,11,1
1903,2,100.00,100.00,1,0.010000,0,0
1904,20,93.00,93.00,0,0.010000,12,0
1905,20,124.00,184.00,0,0.010000,10,0
1906,20,153.00,123.00,0,0.010000,9,0
1907,20,64.00,34.00,0,0.010000,10,0
1908,2,100.00,100.00,1,0.010000,0,0
1909,2,100.00,100.00,1,0.010000,0,0
1910,20,0.00,0.00,0,0.010000,10,0
1911,20,0.00,0.00,0,0.010000,10,0
1912,20,85.00,135.00,0,0.010000,10,0
1913,0,0.00,0.00,1,0.010000,0,0
1914,20,93.00,93.00,0,0.010000,12,0
1915,20,85.00,135.00,0,0.010000,10,0
1916,20,153.00,123.00,0,0.010000,9,0
1917,20,33.00,-7.00,0,0.010000,11,1
1918,2,100.00,100.00,1,0.010000,0,0
1919,2,100.00,100.00,1,0.010000,0,0
1920,20,0.00,0.00,0,0.010000,10,0
1921,20,0.00,0.00,0,0.010000,10,0
1922,20,43.00,43.00,0,0.010000,13,0
1923,0,0.00,0.00,1,0.010000,0,0
1924,20,93.00,93.00,0,0.010000,12,0
1925,20,85.00,135.00,0,0.010000,10,0
1926,20,108.00,78.00,0,0.010000,9,1
1927,0,0.00,0.00,1,0.010000,0,0
1928,2,100.00,100.00,1,0.010000,0,0
1929,2,100.00,100.00,1,0.010000,0,0
1930,20,0.00,0.00,0,0.010000,10,0
1931,20,0.00,0.00,0,0.010000,10,0
1932,20,93.00,93.00,0,0.010000,12,0
1933,1,50.00,50.00,1,0.010000,0,0
1934,20,93.00,93.00,0,0.010000,12,0
1935,20,85.00,135.00,0,0.010000,10,0
1936,20,153.00,123.00,0,0.010000,9,0
1937,20,-118.00,-108.00,0,0.010000,15,13
1938,2,100.00,100.00,1,0.010000,0,0
1939,2,100.00,100.00,1,0.010000,0,0
1940,20,0.00,0.00,0,0.010000,10,0
1941,20,32.00,32.00,0,0.010000,10,1
1942,20,94.00,144.00,0,0.010000,10,0
1943,20,73.00,43.00,0,0.010000,10,0
1944,20,93.00,93.00,0,0.010000,12,0
1945,20,129.00,179.00,0,0.010000,9,2
1946,20,153.00,123.00,0,0.010000,9,0
1947,0,0.00,0.00,1,0.010000,0,0
1948,2,100.00,100.00,1,0.010000,0,0
1949,2,100.00,100.00,1,0.010000,0,0
1950,20,0.00,0.00,0,0.010000,10,0
1951,20,0.00,0.00,0,0.010000,10,0
1952,20,49.00,39.00,0,0.010000,10,0
1953,0,0.00,0.00,1,0.010000,0,0
1954,20,93.00,93.00,0,0.010000,12,0
1955,20,85.00,135.00,0,0.010000,10,0
1956,20,153.00,123.00,0,0.010000,9,0
1957,0,0.00,0.00,1,0.010000,0,0
1958,2,100.00,100.00,1,0.010000,0,0
1959,2,100.00,100.00,1,0.010000,0,0
1960,20,39.00,49.00,0,0.010000,10,1
1961,20,0.00,0.00,0,0.010000,10,0
1962,20,-41.00,-31.00,0,0.010000,12,3
1963,2,100.00,100.00,1,0.010000,0,0
1964,20,93.00,93.00,0,0.010000,12,0
1965,20,85.00,135.00,0,0.010000,10,0
1966,20,153.00,123.00,0,0.010000,9,0
1967,20,49.00,99.00,0,0.010000,10,2
1968,2,100.00,100.00,1,0.010000,0,0
1969,2,100.00,100.00,1,0.010000,0,0
1970,20,0.00,0.00,0,0.010000,10,0
1971,20,0.00,0.00,0,0.010000,10,0
1972,20,-57.00,-67.00,0,0.010000,16,9
1973,1,50.00,50.00,1,0.010000,0,0
1974,20,47.00,57.00,0,0.010000,12,1
1975,20,85.00,135.00,0,0.010000,10,0
1976,20,153.00,123.00,0,0.010000,9,0
1977,1,50.00,50.00,1,0.010000,0,0
1978,2,100.00,100.00,1,0.010000,0,0
1979,2,100.00,100.00,1,0.010000,0,0
1980,20,0.00,0.00,0,0.010000,10,0
1981,20,0.00,0.00,0,0.010000,10,0
1982,20,113.00,73.00,0,0.010000,10,0
1983,0,0.00,0.00,1,0.010000,0,0
1984,20,93.00,93.00,0,0.010000,12,0
1985,20,85.00,135.00,0,0.010000,10,0
1986,20,153.00,123.00,0,0.010000,9,0
1987,0,0.00,0.00,1,0.010000,0,0
1988,2,100.00,100.00,1,0.010000,0,0
1989,2,100.00,100.00,1,0.010000,0,0
1990,20,0.00,0.00,0,0.010000,10,0
1991,20,-2.00,-22.00,0,0.010000,11,0
1992,0,0.00,0.00,1,0.010000,0,0
1993,20,-74.00,-64.00,0,0.010000,14,13
1994,20,53.00,43.00,0,0.010000,13,1
1995,20,85.00,135.00,0,0.010000,10,0
1996,20,153.00,123.00,0,0.010000,9,0
1997,20,44.00,104.00,0,0.010000,11,1
1998,2,100.00,100.00,1,0.010000,0,0
1999,2,100.00,100.00,1,0.010000,0,0
2000,20,0.00,30.00,0,0.010000,11,3
2001,20,0.00,0.00,0,0.010000,10,0
2002,20,-40.00,-40.00,0,0.010000,13,8
2003,20,85.00,135.00,0,0.010000,10,0
2004,20,52.00,52.00,0,0.010000,13,0
2005,20,85.00,135.00,0,0.010000,10,0
2006,20,153.00,123.00,0,0.010000,9,0
2007,20,-40.00,-50.00,0,0.010000,14,9
2008,2,100.00,100.00,1,0.010000,0,0
2009,2,100.00,100.00,1,0.010000,0,0
2010,20,39.00,39.00,0,0.010000,10,1
2011,20,0.00,0.00,0,0.010000,10,0
2012,20,-84.00,-104.00,0,0.010000,15,9
2013,20,-45.00,-45.00,0,0.010000,14,5
2014,20,93.00,93.00,0,0.010000,12,0
2015,20,85.00,135.00,0,0.010000,10,0
2016,20,153.00,123.00,0,0.010000,9,0
2017,20,-105.00,-115.00,0,0.010000,15,11
2018,2,100.00,100.00,1,0.010000,0,0
2019,2,100.00,100.00,1,0.010000,0,0
2020,20,0.00,0.00,0,0.010000,10,0
2021,20,0.00,0.00,0,0.010000,10,0
2022,2,100.00,100.00,1,0.010000,0,0
2023,20,-49.00,-49.00,0,0.010000,13,8
2024,20,43.00,43.00,0,0.010000,13,1
2025,20,85.00,135.00,0,0.010000,10,0
2026,20,153.00,123.00,0,0.010000,9,0
2027,2,100.00,100.00,1,0.010000,0,0
2028,2,100.00,100.00,1,0.010000,0,0
2029,2,100.00,100.00,1,0.010000,0,0
2030,20,0.00,0.00,0,0.010000,10,0
2031,20,0.00,0.00,0,0.010000,10,0
2032,20,94.00,144.00,0,0.010000,10,0
2033,20,0.00,0.00,0,0.010000,10,0
2034,20,53.00,43.00,0,0.010000,13,1
2035,20,144.00,184.00,0,0.010000,9,0
2036,20,153.00,123.00,0,0.010000,9,0
2037,20,-7.00,3.00,0,0.010000,14,0
2038,2,100.00,100.00,1,0.010000,0,0
2039,2,100.00,100.00,1,0.010000,0,0
2040,20,-63.00,-33.00,0,0.010000,13,3
2041,20,0.00,0.00,0,0.010000,10,0
2042,0,0.00,0.00,1,0.010000,0,0
2043,20,73.00,43.00,0,0.010000,10,0
2044,20,-7.00,13.00,0,0.010000,14,0
2045,20,85.00,135.00,0,0.010000,10,0
2046,20,153.00,123.00,0,0.010000,9,0
2047,1,50.00,50.00,1,0.010000,0,0
2048,2,100.00,100.00,1,0.010000,0,0
2049,2,100.00,100.00,1,0.010000,0,0
2050,20,39.00,39.00,0,0.010000,10,1
2051,20,0.00,0.00,0,0.010000,10,0
2052,20,-57.00,-57.00,0,0.010000,14,11
2053,0,0.00,0.00,1,0.010000,0,0
2054,20,93.00,93.00,0,0.010000,12,0
2055,20,85.00,135.00,0,0.010000,10,0
2056,20,153.00,123.00,0,0.010000,9,0
2057,1,50.00,50.00,1,0.010000,0,0
2058,2,100.00,100.00,1,0.010000,0,0
2059,2,100.00,100.00,1,0.010000,0,0
2060,20,0.00,0.00,0,0.010000,10,0
2061,20,0.00,0.00,0,0.010000,10,0
2062,0,0.00,0.00,1,0.010000,0,0
2063,20,49.00,39.00,0,0.010000,10,0
2064,20,93.00,93.00,0,0.010000,12,0
2065,20,85.00,135.00,0,0.010000,10,0
2066,20,153.00,123.00,0,0.010000,9,0
2067,2,100.00,100.00,1,0.010000,0,0
2068,2,100.00,100.00,1,0.010000,0,0
2069,2,100.00,100.00,1,0.010000,0,0
2070,20,0.00,0.00,0,0.010000,10,0
2071,20,0.00,0.00,0,0.010000,10,0
2072,20,85.00,135.00,0,0.010000,10,0
2073,0,0.00,0.00,1,0.010000,0,0
2074,20,93.00,93.00,0,0.010000,12,0
2075,20,85.00,135.00,0,0.010000,10,0
2076,20,113.00,73.00,0,0.010000,10,1
2077,20,-72.00,-72.00,0,0.010000,14,7
2078,2,100.00,100.00,1,0.010000,0,0
2079,2,100.00,100.00,1,0.010000,0,0
2080,20,0.00,0.00,0,0.010000,10,0
2081,20,0.00,0.00,0,0.010000,10,0
2082,20,-19.00,-29.00,0,0.010000,11,3
2083,0,0.00,0.00,1,0.010000,0,0
2084,20,93.00,93.00,0,0.010000,12,0
2085,20,85.00,135.00,0,0.010000,10,0
2086,20,153.00,123.00,0,0.010000,9,0
2087,1,50.00,50.00,1,0.010000,0,0
2088,2,100.00,100.00,1,0.010000,0,0
2089,2,100.00,100.00,1,0.010000,0,0
2090,20,0.00,0.00,0,0.010000,10,0
2091,20,44.00,44.00,0,0.010000,9,1
2092,2,100.00,100.00,1,0.010000,0,0
2093,1,50.00,50.00,1,0.010000,0,0
2094,20,93.00,93.00,0,0.010000,12,0
2095,20,85.00,135.00,0,0.010000,10,0
2096,20,113.00,73.00,0,0.010000,10,1
2097,20,-49.00,-29.00,0,0.010000,12,6
2098,2,100.00,100.00,1,0.010000,0,0
2099,2,100.00,100.00,1,0.010000,0,0
2100,20,0.00,0.00,0,0.010000,10,0
2101,20,0.00,0.00,0,0.010000,10,0
2102,20,0.00,0.00,0,0.010000,10,0
2103,0,0.00,0.00,1,0.010000,0,0
2104,20,93.00,93.00,0,0.010000,12,0
2105,20,85.00,135.00,0,0.010000,10,0
2106,20,108.00,78.00,0,0.010000,9,1
2107,20,0.00,0.00,0,0.010000,10,0
2108,2,100.00,100.00,1,0.010000,0,0
2109,2,100.00,100.00,1,0.010000,0,0
2110,20,0.00,0.00,0,0.010000,10,0
2111,20,0.00,0.00,0,0.010000,10,0
2112,20,-12.00,-12.00,0,0.010000,11,0
2113,20,85.00,135.00,0,0.010000,10,0
2114,20,93.00,93.00,0,0.010000,12,0
2115,20,85.00,135.00,0,0.010000,10,0
2116,20,107.00,87.00,0,0.010000,9,2
2117,20,-61.00,-51.00,0,0.010000,11,0
2118,2,100.00,100.00,1,0.010000,0,0
2119,2,100.00,100.00,1,0.010000,0,0
2120,20,0.00,0.00,0,0.010000,10,0
2121,20,0.00,0.00,0,0.010000,10,0
2122,20,26.00,26.00,0,0.010000,11,8
2123,20,17.00,47.00,0,0.010000,11,1
2124,20,93.00,93.00,0,0.010000,12,0
2125,20,85.00,135.00,0,0.010000,10,0
2126,20,113.00,73.00,0,0.010000,10,1
2127,20,15.00,15.00,0,0.010000,13,0
2128,2,100.00,100.00,1,0.010000,0,0
2129,2,100.00,100.00,1,0.010000,0,0
2130,20,0.00,0.00,0,0.010000,10,0
2131,20,39.00,39.00,0,0.010000,10,1
2132,0,0.00,0.00,1,0.010000,0,0
2133,20,43.00,43.00,0,0.010000,13,0
2134,20,93.00,93.00,0,0.010000,12,0
2135,20,85.00,135.00,0,0.010000,10,0
2136,20,153.00,123.00,0,0.010000,9,0
2137,1,50.00,50.00,1,0.010000,0,0
2138,2,100.00,100.00,1,0.010000,0,0
2139,2,100.00,100.00,1,0.010000,0,0
2140,20,0.00,0.00,0,0.010000,10,0
2141,20,49.00,39.00,0,0.010000,10,1
2142,20,-46.00,-36.00,0,0.010000,14,0
2143,20,16.00,-4.00,0,0.010000,12,5
2144,20,43.00,53.00,0,0.010000,13,1
2145,20,85.00,135.00,0,0.010000,10,0
2146,20,153.00,123.00,0,0.010000,9,0
2147,0,0.00,0.00,1,0.010000,0,0
2148,2,100.00,100.00,1,0.010000,0,0
2149,2,100.00,100.00,1,0.010000,0,0
2150,20,0.00,0.00,0,0.010000,10,0
2151,20,0.00,0.00,0,0.010000,10,0
2152,1,50.00,50.00,1,0.010000,0,0
2153,20,38.00,18.00,0,0.010000,12,3
2154,20,52.00,62.00,0,0.010000,13,1
2155,20,85.00,135.00,0,0.010000,10,0
2156,20,153.00,123.00,0,0.010000,9,0
2157,20,8.00,-2.00,0,0.010000,11,2
2158,2,100.00,100.00,1,0.010000,0,0
2159,2,100.00,100.00,1,0.010000,0,0
2160,20,0.00,0.00,0,0.010000,10,0
2161,20,0.00,0.00,0,0.010000,10,0
2162,0,0.00,0.00,1,0.010000,0,0
2163,20,-26.00,-46.00,0,0.010000,11,5
2164,20,93.00,93.00,0,0.010000,12,0
2165,20,85.00,135.00,0,0.010000,10,0
2166,20,153.00,123.00,0,0.010000,9,0
2167,0,0.00,0.00,1,0.010000,0,0
2168,2,100.00,100.00,1,0.010000,0,0
2169,2,100.00,100.00,1,0.010000,0,0
2170,20,0.00,0.00,0,0.010000,10,0
2171,20,0.00,0.00,0,0.010000,10,0
2172,0,0.00,0.00,1,0.010000,0,0
2173,2,100.00,100.00,1,0.010000,0,0
2174,20,93.00,93.00,0,0.010000,12,0
2175,20,85.00,135.00,0,0.010000,10,0
2176,20,153.00,123.00,0,0.010000,9,0
2177,1,50.00,50.00,1,0.010000,0,0
2178,2,100.00,100.00,1,0.010000,0,0
2179,2,100.00,100.00,1,0.010000,0,0
2180,20,0.00,0.00,0,0.010000,10,0
2181,20,0.00,0.00,0,0.010000,10,0
2182,20,-45.00,-55.00,0,0.010000,15,10
2183,20,43.00,43.00,0,0.010000,13,0
2184,20,93.00,93.00,0,0.010000,12,0
2185,20,85.00,135.00,0,0.010000,10,0
2186,20,153.00,123.00,0,0.010000,9,0
2187,20,95.00,125.00,0,0.010000,10,0
2188,2,100.00,100.00,1,0.010000,0,0
2189,2,100.00,100.00,1,0.010000,0,0
2190,20,0.00,0.00,0,0.010000,10,0
2191,20,0.00,0.00,0,0.010000,10,0
2192,20,-123.00,-113.00,0,0.010000,16,11
2193,20,0.00,0.00,0,0.010000,10,0
2194,20,93.00,93.00,0,0.010000,12,0
2195,20,85.00,135.00,0,0.010000,10,0
2196,20,153.00,123.00,0,0.010000,9,0
2197,20,13.00,3.00,0,0.010000,12,6
2198,4,100.00,100.00,1,0.010000,1,0
2199,2,100.00,100.00,1,0.010000,0,0
2200,20,0.00,0.00,0,0.010000,10,0
2201,20,0.00,0.00,0,0.010000,10,0
2202,2,100.00,100.00,1,0.010000,0,0
2203,1,50.00,50.00,1,0.010000,0,0
2204,20,93.00,93.00,0,0.010000,12,0
2205,20,85.00,135.00,0,0.010000,10,0
2206,20,153.00,123.00,0,0.010000,9,0
2207,1,50.00,50.00,1,0.010000,0,0
2208,2,100.00,100.00,1,0.010000,0,0
2209,2,100.00,100.00,1,0.010000,0,0
2210,20,0.00,0.00,0,0.010000,10,0
2211,20,0.00,0.00,0,0.010000,10,0
2212,1,50.00,50.00,1,0.010000,0,0
2213,20,73.00,43.00,0,0.010000,10,0
2214,20,93.00,93.00,0,0.010000,12,0
2215,20,85.00,135.00,0,0.010000,10,0
2216,20,108.00,78.00,0,0.010000,9,1
2217,0,0.00,0.00,1,0.010000,0,0
2218,2,100.00,100.00,1,0.010000,0,0
2219,2,100.00,100.00,1,0.010000,0,0
2220,20,0.00,0.00,0,0.010000,10,0
2221,20,0.00,0.00,0,0.010000,10,0
2222,20,-94.00,-104.00,0,0.010000,15,9
2223,1,50.00,50.00,1,0.010000,0,0
2224,20,93.00,93.00,0,0.010000,12,0
2225,20,85.00,135.00,0,0.010000,10,0
2226,20,73.00,43.00,0,0.010000,10,0
2227,20,85.00,135.00,0,0.010000,10,0
2228,2,100.00,100.00,1,0.010000,0,0
2229,2,100.00,100.00,1,0.010000,0,0
2230,20,0.00,0.00,0,0.010000,10,0
2231,20,0.00,0.00,0,0.010000,10,0
2232,20,104.00,134.00,0,0.010000,10,1
2233,20,3.00,-7.00,0,0.010000,14,0
2234,20,93.00,93.00,0,0.010000,12,0
2235,20,85.00,135.00,0,0.010000,10,0
2236,20,103.00,73.00,0,0.010000,10,1
2237,20,73.00,43.00,0,0.010000,10,0
2238,2,100.00,100.00,1,0.010000,0,0
2239,2,100.00,100.00,1,0.010000,0,0
2240,20,0.00,0.00,0,0.010000,10,0
2241,20,0.00,0.00,0,0.010000,10,0
2242,1,50.00,50.00,1,0.010000,0,0
2243,0,0.00,0.00,1,0.010000,0,0
2244,20,93.00,93.00,0,0.010000,12,0
2245,20,85.00,135.00,0,0.010000,10,0
2246,20,153.00,123.00,0,0.010000,9,0
2247,20,24.00,-16.00,0,0.010000,11,1
2248,2,100.00,100.00,1,0.010000,0,0
2249,2,100.00,100.00,1,0.010000,0,0
2250,20,0.00,0.00,0,0.010000,10,0
2251,20,-17.00,-7.00,0,0.010000,10,2
2252,20,-45.00,-45.00,0,0.010000,13,10
2253,1,50.00,50.00,1,0.010000,0,0
2254,20,93.00,93.00,0,0.010000,12,0
2255,20,85.00,135.00,0,0.010000,10,0
2256,20,113.00,73.00,0,0.010000,10,1
2257,20,-118.00,-118.00,0,0.010000,17,10
2258,2,100.00,100.00,1,0.010000,0,0
2259,2,100.00,100.00,1,0.010000,0,0
2260,20,0.00,0.00,0,0.010000,10,0
2261,20,0.00,0.00,0,0.010000,10,0
2262,20,113.00,73.00,0,0.010000,10,0
2263,20,-46.00,-36.00,0,0.010000,14,0
2264,20,93.00,93.00,0,0.010000,12,0
2265,20,85.00,135.00,0,0.010000,10,0
2266,20,108.00,78.00,0,0.010000,9,1
2267,20,73.00,43.00,0,0.010000,10,0
2268,2,100.00,100.00,1,0.010000,0,0
2269,2,100.00,100.00,1,0.010000,0,0
2270,20,0.00,0.00,0,0.010000,10,0
2271,20,39.00,39.00,0,0.010000,10,1
2272,20,-53.00,-43.00,0,0.010000,13,4
2273,20,73.00,43.00,0,0.010000,10,0
2274,20,48.00,48.00,0,0.010000,12,1
2275,20,85.00,135.00,0,0.010000,10,0
2276,20,122.00,102.00,0,0.010000,9,0
2277,20,49.00,39.00,0,0.010000,10,0
2278,2,100.00,100.00,1,0.010000,0,0
2279,2,100.00,100.00,1,0.010000,0,0
2280,20,0.00,0.00,0,0.010000,10,0
2281,20,0.00,0.00,0,0.010000,10,0
2282,20,94.00,144.00,0,0.010000,10,0
2283,20,5.00,55.00,0,0.010000,11,0
2284,20,93.00,93.00,0,0.010000,12,0
2285,20,85.00,135.00,0,0.010000,10,0
2286,20,103.00,83.00,0,0.010000,10,1
2287,20,0.00,0.00,0,0.010000,10,0
2288,2,100.00,100.00,1,0.010000,0,0
2289,2,100.00,100.00,1,0.010000,0,0
2290,20,0.00,0.00,0,0.010000,10,0
2291,20,0.00,0.00,0,0.010000,10,0
2292,20,-123.00,-103.00,0,0.010000,16,10
2293,1,50.00,50.00,1,0.010000,0,0
2294,20,93.00,93.00,0,0.010000,12,0
2295,20,85.00,135.00,0,0.010000,10,0
2296,20,153.00,123.00,0,0.010000,9,0
2297,0,0.00,0.00,1,0.010000,0,0
2298,2,100.00,100.00,1,0.010000,0,0
2299,2,100.00,100.00,1,0.010000,0,0
2300,20,0.00,0.00,0,0.010000,10,0
2301,20,0.00,0.00,0,0.010000,10,0
2302,1,50.00,50.00,1,0.010000,0,0
2303,20,0.00,0.00,0,0.010000,10,0
2304,20,93.00,93.00,0,0.010000,12,0
2305,20,85.00,135.00,0,0.010000,10,0
2306,20,153.00,123.00,0,0.010000,9,0
2307,1,50.00,50.00,1,0.010000,0,0
2308,2,100.00,100.00,1,0.010000,0,0
2309,2,100.00,100.00,1,0.010000,0,0
2310,20,0.00,0.00,0,0.010000,10,0
2311,20,-22.00,-2.00,0,0.010000,11,0
2312,20,0.00,0.00,0,0.010000,10,0
2313,20,-12.00,-12.00,0,0.010000,11,1
2314,20,93.00,93.00,0,0.010000,12,0
2315,20,85.00,135.00,0,0.010000,10,0
2316,20,153.00,123.00,0,0.010000,9,0
2317,0,0.00,0.00,1,0.010000,0,0
2318,2,100.00,100.00,1,0.010000,0,0
2319,2,100.00,100.00,1,0.010000,0,0
2320,20,0.00,0.00,0,0.010000,10,0
2321,20,0.00,0.00,0,0.010000,10,0
2322,1,50.00,50.00,1,0.010000,0,0
2323,20,135.00,85.00,0,0.010000,10,0
2324,20,93.00,93.00,0,0.010000,12,0
2325,20,85.00,135.00,0,0.010000,10,0
2326,20,153.00,123.00,0,0.010000,9,0
2327,20,-61.00,-51.00,0,0.010000,11,0
2328,2,100.00,100.00,1,0.010000,0,0
2329,2,100.00,100.00,1,0.010000,0,0
2330,20,0.00,0.00,0,0.010000,10,0
2331,20,0.00,0.00,0,0.010000,10,0
2332,0,0.00,0.00,1,0.010000,0,0
2333,20,104.00,64.00,0,0.010000,10,0
2334,20,93.00,93.00,0,0.010000,12,0
2335,20,85.00,135.00,0,0.010000,10,0
2336,20,153.00,123.00,0,0.010000,9,0
2337,20,124.00,184.00,0,0.010000,10,1
2338,2,100.00,100.00,1,0.010000,0,0
2339,2,100.00,100.00,1,0.010000,0,0
2340,20,39.00,49.00,0,0.010000,10,1
2341,20,0.00,0.00,0,0.010000,10,0
2342,20,0.00,0.00,0,0.010000,10,0
2343,20,-35.00,-55.00,0,0.010000,13,10
2344,20,93.00,93.00,0,0.010000,12,0
2345,20,85.00,135.00,0,0.010000,10,0
2346,20,153.00,123.00,0,0.010000,9,0
2347,20,85.00,135.00,0,0.010000,10,0
2348,2,100.00,100.00,1,0.010000,0,0
2349,2,100.00,100.00,1,0.010000,0,0
2350,20,0.00,0.00,0,0.010000,10,0
2351,20,39.00,39.00,0,0.010000,10,1
2352,1,50.00,50.00,1,0.010000,0,0
2353,20,33.00,-7.00,0,0.010000,11,1
2354,20,93.00,93.00,0,0.010000,12,0
2355,20,85.00,135.00,0,0.010000,10,0
2356,20,153.00,123.00,0,0.010000,9,0
2357,20,-30.00,-50.00,0,0.010000,14,10
2358,2,100.00,100.00,1,0.010000,0,0
2359,2,100.00,100.00,1,0.010000,0,0
2360,20,0.00,0.00,0,0.010000,10,0
2361,20,-41.00,-41.00,0,0.010000,12,4
2362,1,50.00,50.00,1,0.010000,0,0
2363,1,50.00,50.00,1,0.010000,0,0
2364,20,93.00,93.00,0,0.010000,12,0
2365,20,85.00,135.00,0,0.010000,10,0
2366,20,103.00,73.00,0,0.010000,10,1
2367,20,0.00,0.00,0,0.010000,10,0
2368,2,100.00,100.00,1,0.010000,0,0
2369,2,100.00,100.00,1,0.010000,0,0
2370,20,0.00,0.00,0,0.010000,10,0
2371,20,0.00,0.00,0,0.010000,10,0
2372,0,0.00,0.00,1,0.010000,0,0
2373,0,0.00,0.00,1,0.010000,0,0
2374,20,93.00,93.00,0,0.010000,12,0
2375,20,85.00,135.00,0,0.010000,10,0
2376,20,153.00,123.00,0,0.010000,9,0
2377,0,0.00,0.00,1,0.010000,0,0
2378,2,100.00,100.00,1,0.010000,0,0
2379,2,100.00,100.00,1,0.010000,0,0
2380,20,39.00,39.00,0,0.010000,10,1
2381,20,0.00,0.00,0,0.010000,10,0
2382,0,0.00,0.00,1,0.010000,0,0
2383,20,43.00,43.00,0,0.010000,13,0
2384,20,93.00,93.00,0,0.010000,12,0
2385,20,85.00,135.00,0,0.010000,10,0
2386,20,153.00,123.00,0,0.010000,9,0
2387,20,93.00,93.00,0,0.010000,12,0
2388,2,100.00,100.00,1,0.010000,0,0
2389,2,100.00,100.00,1,0.010000,0,0
2390,20,0.00,0.00,0,0.010000,10,0
2391,20,0.00,0.00,0,0.010000,10,0
2392,2,100.00,100.00,1,0.010000,0,0
2393,20,-50.00,-50.00,0,0.010000,14,10
2394,20,93.00,93.00,0,0.010000,12,0
2395,20,85.00,135.00,0,0.010000,10,0
2396,20,153.00,123.00,0,0.010000,9,0
2397,20,64.00,34.00,0,0.010000,10,0
2398,2,100.00,100.00,1,0.010000,0,0
2399,2,100.00,100.00,1,0.010000,0,0
2400,20,0.00,0.00,0,0.010000,10,0
2401,20,0.00,0.00,0,0.010000,10,0
2402,0,0.00,0.00,1,0.010000,0,0
2403,0,0.00,0.00,1,0.010000,0,0
2404,20,43.00,53.00,0,0.010000,13,1
2405,20,85.00,135.00,0,0.010000,10,0
2406,20,153.00,123.00,0,0.010000,9,0
2407,20,-43.00,-23.00,0,0.010000,14,7
2408,2,100.00,100.00,1,0.010000,0,0
2409,2,100.00,100.00,1,0.010000,0,0
2410,20,0.00,0.00,0,0.010000,10,0
2411,20,0.00,0.00,0,0.010000,10,0
2412,20,44.00,44.00,0,0.010000,9,1
2413,1,50.00,50.00,1,0.010000,0,0
2414,20,48.00,48.00,0,0.010000,12,1
2415,20,85.00,135.00,0,0.010000,10,0
2416,20,153.00,123.00,0,0.010000,9,0
2417,20,45.00,85.00,0,0.010000,11,0
2418,2,100.00,100.00,1,0.010000,0,0
2419,2,100.00,100.00,1,0.010000,0,0
2420,20,0.00,0.00,0,0.010000,10,0
2421,20,0.00,0.00,0,0.010000,10,0
2422,1,50.00,50.00,1,0.010000,0,0
2423,0,0.00,0.00,1,0.010000,0,0
2424,20,93.00,93.00,0,0.010000,12,0
2425,20,85.00,135.00,0,0.010000,10,0
2426,20,153.00,123.00,0,0.010000,9,0
2427,20,-2.00,8.00,0,0.010000,12,4
2428,2,100.00,100.00,1,0.010000,0,0
2429,2,100.00,100.00,1,0.010000,0,0
2430,20,0.00,0.00,0,0.010000,10,0
2431,20,0.00,0.00,0,0.010000,10,0
2432,2,100.00,100.00,1,0.010000,0,0
2433,1,50.00,50.00,1,0.010000,0,0
2434,20,93.00,93.00,0,0.010000,12,0
2435,20,85.00,135.00,0,0.010000,10,0
2436,20,153.00,123.00,0,0.010000,9,0
2437,1,50.00,50.00,1,0.010000,0,0
2438,2,100.00,100.00,1,0.010000,0,0
2439,2,100.00,100.00,1,0.010000,0,0
2440,20,0.00,0.00,0,0.010000,10,0
2441,20,0.00,0.00,0,0.010000,10,0
2442,0,0.00,0.00,1,0.010000,0,0
2443,20,135.00,85.00,0,0.010000,10,0
2444,20,93.00,93.00,0,0.010000,12,0
2445,20,85.00,135.00,0,0.010000,10,0
2446,20,153.00,123.00,0,0.010000,9,0
2447,20,-72.00,-82.00,0,0.010000,14,8
2448,2,100.00,100.00,1,0.010000,0,0
2449,2,100.00,100.00,1,0.010000,0,0
2450,20,0.00,0.00,0,0.010000,10,0
2451,20,0.00,0.00,0,0.010000,10,0
2452,20,85.00,135.00,0,0.010000,10,0
2453,20,-94.00,-84.00,0,0.010000,15,8
2454,20,93.00,93.00,0,0.010000,12,0
2455,20,85.00,135.00,0,0.010000,10,0
2456,20,153.00,123.00,0,0.010000,9,0
2457,20,-21.00,-31.00,0,0.010000,13,7
2458,2,100.00,100.00,1,0.010000,0,0
2459,2,100.00,100.00,1,0.010000,0,0
2460,20,0.00,0.00,0,0.010000,10,0
2461,20,0.00,0.00,0,0.010000,10,0
2462,20,43.00,43.00,0,0.010000,13,0
2463,0,0.00,0.00,1,0.010000,0,0
2464,20,93.00,93.00,0,0.010000,12,0
2465,20,85.00,135.00,0,0.010000,10,0
2466,20,103.00,73.00,0,0.010000,10,1
2467,1,50.00,50.00,1,0.010000,0,0
2468,2,100.00,100.00,1,0.010000,0,0
2469,2,100.00,100.00,1,0.010000,0,0
2470,20,0.00,0.00,0,0.010000,10,0
2471,20,0.00,0.00,0,0.010000,10,0
2472,0,0.00,0.00,1,0.010000,0,0
2473,0,0.00,0.00,1,0.010000,0,0
2474,20,93.00,93.00,0,0.010000,12,0
2475,20,85.00,135.00,0,0.010000,10,0
2476,20,153.00,123.00,0,0.010000,9,0
2477,20,-47.00,-67.00,0,0.010000,16,10
2478,2,100.00,100.00,1,0.010000,0,0
2479,2,100.00,100.00,1,0.010000,0,0
2480,20,0.00,0.00,0,0.010000,10,0
2481,20,0.00,0.00,0,0.010000,10,0
2482,20,73.00,43.00,0,0.010000,10,0
2483,0,0.00,0.00,1,0.010000,0,0
2484,20,93.00,93.00,0,0.010000,12,0
2485,20,144.00,184.00,0,0.010000,9,0
2486,20,153.00,123.00,0,0.010000,9,0
2487,20,-51.00,-61.00,0,0.010000,11,0
2488,2,100.00,100.00,1,0.010000,0,0
2489,2,100.00,100.00,1,0.010000,0,0
2490,20,0.00,0.00,0,0.010000,10,0
2491,20,-22.00,-2.00,0,0.010000,11,0
2492,20,43.00,43.00,0,0.010000,13,0
2493,0,0.00,0.00,1,0.010000,0,0
2494,20,52.00,62.00,0,0.010000,13,1
2495,20,85.00,135.00,0,0.010000,10,0
2496,20,153.00,123.00,0,0.010000,9,0
2497,2,100.00,100.00,1,0.010000,0,0
2498,2,100.00,100.00,1,0.010000,0,0
2499,2,100.00,100.00,1,0.010000,0,0
2500,20,39.00,39.00,0,0.010000,10,1
2501,20,0.00,0.00,0,0.010000,10,0
2502,20,73.00,43.00,0,0.010000,10,0
2503,20,0.00,0.00,0,0.010000,10,0
2504,20,93.00,93.00,0,0.010000,12,0
2505,20,85.00,135.00,0,0.010000,10,0
2506,20,153.00,123.00,0,0.010000,9,0
2507,20,43.00,43.00,0,0.010000,13,0
2508,2,100.00,100.00,1,0.010000,0,0
2509,2,100.00,100.00,1,0.010000,0,0
2510,20,0.00,0.00,0,0.010000,10,0
2511,20,0.00,0.00,0,0.010000,10,0
2512,0,0.00,0.00,1,0.010000,0,0
2513,1,50.00,50.00,1,0.010000,0,0
2514,20,93.00,93.00,0,0.010000,12,0
2515,20,85.00,135.00,0,0.010000,10,0
2516,20,153.00,123.00,0,0.010000,9,0
2517,1,50.00,50.00,1,0.010000,0,0
2518,2,100.00,100.00,1,0.010000,0,0
2519,2,100.00,100.00,1,0.010000,0,0
2520,20,0.00,0.00,0,0.010000,10,0
2521,20,0.00,0.00,0,0.010000,10,0
2522,2,100.00,100.00,1,0.010000,0,0
2523,0,0.00,0.00,1,0.010000,0,0
2524,20,93.00,93.00,0,0.010000,12,0
2525,20,124.00,174.00,0,0.010000,10,2
2526,20,153.00,123.00,0,0.010000,9,0
2527,0,0.00,0.00,1,0.010000,0,0
2528,2,100.00,100.00,1,0.010000,0,0
2529,2,100.00,100.00,1,0.010000,0,0
2530,20,0.00,0.00,0,0.010000,10,0
2531,20,-22.00,-2.00,0,0.010000,11,0
2532,20,73.00,43.00,0,0.010000,10,0
2533,0,0.00,0.00,1,0.010000,0,0
2534,20,93.00,93.00,0,0.010000,12,0
2535,20,85.00,135.00,0,0.010000,10,0
2536,20,153.00,123.00,0,0.010000,9,0
2537,20,64.00,34.00,0,0.010000,10,0
2538,2,100.00,100.00,1,0.010000,0,0
2539,2,100.00,100.00,1,0.010000,0,0
2540,20,0.00,0.00,0,0.010000,10,0
2541,20,0.00,0.00,0,0.010000,10,0
2542,20,0.00,0.00,0,0.010000,10,0
2543,2,100.00,100.00,1,0.010000,0,0
2544,20,93.00,93.00,0,0.010000,12,0
2545,20,85.00,135.00,0,0.010000,10,0
2546,20,153.00,123.00,0,0.010000,9,0
2547,0,0.00,0.00,1,0.010000,0,0
2548,2,100.00,100.00,1,0.010000,0,0
2549,2,100.00,100.00,1,0.010000,0,0
2550,20,44.00,44.00,0,0.010000,9,1
2551,20,0.00,0.00,0,0.010000,10,0
2552,20,-26.00,-6.00,0,0.010000,12,7
2553,1,50.00,50.00,1,0.010000,0,0
2554,20,93.00,93.00,0,0.010000,12,0
2555,20,85.00,135.00,0,0.010000,10,0
2556,20,153.00,123.00,0,0.010000,9,0
2557,20,135.00,85.00,0,0.010000,10,0
2558,2,100.00,100.00,1,0.010000,0,0
2559,2,100.00,100.00,1,0.010000,0,0
2560,20,0.00,0.00,0,0.010000,10,0
2561,20,0.00,0.00,0,0.010000,10,0
2562,1,50.00,50.00,1,0.010000,0,0
2563,1,50.00,50.00,1,0.010000,0,0
2564,20,93.00,93.00,0,0.010000,12,0
2565,20,85.00,135.00,0,0.010000,10,0
2566,20,153.00,123.00,0,0.010000,9,0
2567,0,0.00,0.00,1,0.010000,0,0
2568,2,100.00,100.00,1,0.010000,0,0
2569,2,100.00,100.00,1,0.010000,0,0
2570,20,39.00,49.00,0,0.010000,10,0
2571,20,0.00,0.00,0,0.010000,10,0
2572,20,17.00,37.00,0,0.010000,11,2
2573,2,100.00,100.00,1,0.010000,0,0
2574,20,93.00,93.00,0,0.010000,12,0
2575,20,85.00,135.00,0,0.010000,10,0
2576,20,112.00,92.00,0,0.010000,10,0
2577,0,0.00,0.00,1,0.010000,0,0
2578,2,100.00,100.00,1,0.010000,0,0
2579,2,100.00,100.00,1,0.010000,0,0
2580,20,0.00,0.00,0,0.010000,10,0
2581,20,0.00,0.00,0,0.010000,10,0
2582,20,13.00,13.00,0,0.010000,13,0
2583,20,135.00,85.00,0,0.010000,10,0
2584,20,13.00,13.00,0,0.010000,13,0
2585,20,124.00,174.00,0,0.010000,10,1
2586,20,153.00,123.00,0,0.010000,9,0
2587,20,94.00,144.00,0,0.010000,10,0
2588,2,100.00,100.00,1,0.010000,0,0
2589,2,100.00,100.00,1,0.010000,0,0
2590,20,0.00,0.00,0,0.010000,10,0
2591,20,0.00,0.00,0,0.010000,10,0
2592,20,85.00,135.00,0,0.010000,10,0
2593,20,-123.00,-153.00,0,0.010000,15,9
2594,20,43.00,43.00,0,0.010000,13,1
2595,20,144.00,164.00,0,0.010000,10,0
2596,20,153.00,123.00,0,0.010000,9,0
2597,20,-50.00,-50.00,0,0.010000,14,11
2598,2,100.00,100.00,1,0.010000,0,0
2599,2,100.00,100.00,1,0.010000,0,0
2600,20,0.00,0.00,0,0.010000,10,0
2601,20,0.00,0.00,0,0.010000,10,0
2602,1,50.00,50.00,1,0.010000,0,0
2603,1,50.00,50.00,1,0.010000,0,0
2604,20,93.00,93.00,0,0.010000,12,0
2605,20,85.00,135.00,0,0.010000,10,0
2606,20,153.00,123.00,0,0.010000,9,0
2607,0,0.00,0.00,1,0.010000,0,0
2608,2,100.00,100.00,1,0.010000,0,0
2609,2,100.00,100.00,1,0.010000,0,0
2610,20,0.00,0.00,0,0.010000,10,0
2611,20,0.00,0.00,0,0.010000,10,0
2612,0,0.00,0.00,1,0.010000,0,0
2613,20,85.00,135.00,0,0.010000,10,0
2614,20,93.00,93.00,0,0.010000,12,0
2615,20,124.00,184.00,0,0.010000,10,1
2616,20,153.00,123.00,0,0.010000,9,0
2617,20,0.00,0.00,0,0.010000,10,0
2618,2,100.00,100.00,1,0.010000,0,0
2619,2,100.00,100.00,1,0.010000,0,0
2620,20,39.00,49.00,0,0.010000,10,1
2621,20,39.00,39.00,0,0.010000,10,1
2622,1,50.00,50.00,1,0.010000,0,0
2623,20,-51.00,-61.00,0,0.010000,11,0
2624,20,93.00,93.00,0,0.010000,12,0
2625,20,85.00,135.00,0,0.010000,10,0
2626,20,153.00,123.00,0,0.010000,9,0
2627,20,-82.00,-42.00,0,0.010000,15,11
2628,2,100.00,100.00,1,0.010000,0,0
2629,2,100.00,100.00,1,0.010000,0,0
2630,20,0.00,0.00,0,0.010000,10,0
2631,20,0.00,0.00,0,0.010000,10,0
2632,2,100.00,100.00,1,0.010000,0,0
2633,20,-38.00,-28.00,0,0.010000,13,8
2634,20,93.00,93.00,0,0.010000,12,0
2635,20,85.00,135.00,0,0.010000,10,0
2636,20,153.00,123.00,0,0.010000,9,0
2637,20,-86.00,-106.00,0,0.010000,16,9
2638,2,100.00,100.00,1,0.010000,0,0
2639,2,100.00,100.00,1,0.010000,0,0
2640,20,44.00,44.00,0,0.010000,9,1
2641,20,0.00,0.00,0,0.010000,10,0
2642,20,-41.00,-51.00,0,0.010000,12,5
2643,20,184.00,124.00,0,0.010000,10,1
2644,20,93.00,93.00,0,0.010000,12,0
2645,20,85.00,135.00,0,0.010000,10,0
2646,20,113.00,73.00,0,0.010000,10,1
2647,1,50.00,50.00,1,0.010000,0,0
2648,2,100.00,100.00,1,0.010000,0,0
2649,2,100.00,100.00,1,0.010000,0,0
2650,20,0.00,0.00,0,0.010000,10,0
2651,20,0.00,0.00,0,0.010000,10,0
2652,2,100.00,100.00,1,0.010000,0,0
2653,1,50.00,50.00,1,0.010000,0,0
2654,20,93.00,93.00,0,0.010000,12,0
2655,20,85.00,135.00,0,0.010000,10,0
2656,20,153.00,123.00,0,0.010000,9,0
2657,1,50.00,50.00,1,0.010000,0,0
2658,2,100.00,100.00,1,0.010000,0,0
2659,2,100.00,100.00,1,0.010000,0,0
2660,20,0.00,0.00,0,0.010000,10,0
2661,20,0.00,0.00,0,0.010000,10,0
2662,0,0.00,0.00,1,0.010000,0,0
2663,0,0.00,0.00,1,0.010000,0,0
2664,20,93.00,93.00,0,0.010000,12,0
2665,20,85.00,135.00,0,0.010000,10,0
2666,20,113.00,73.00,0,0.010000,10,1
2667,20,-12.00,-12.00,0,0.010000,11,1
2668,2,100.00,100.00,1,0.010000,0,0
2669,2,100.00,100.00,1,0.010000,0,0
2670,20,0.00,0.00,0,0.010000,10,0
2671,20,0.00,0.00,0,0.010000,10,0
2672,20,43.00,43.00,0,0.010000,13,0
2673,20,85.00,135.00,0,0.010000,10,0
2674,20,93.00,93.00,0,0.010000,12,0
2675,20,85.00,135.00,0,0.010000,10,0
2676,20,153.00,123.00,0,0.010000,9,0
2677,20,135.00,85.00,0,0.010000,10,0
2678,2,100.00,100.00,1,0.010000,0,0
2679,2,100.00,100.00,1,0.010000,0,0
2680,20,0.00,0.00,0,0.010000,10,0
2681,20,39.00,49.00,0,0.010000,10,1
2682,20,95.00,125.00,0,0.010000,10,0
2683,0,0.00,0.00,1,0.010000,0,0
2684,20,93.00,93.00,0,0.010000,12,0
2685,20,85.00,135.00,0,0.010000,10,0
2686,20,153.00,123.00,0,0.010000,9,0
2687,1,50.00,50.00,1,0.010000,0,0
2688,2,100.00,100.00,1,0.010000,0,0
2689,2,100.00,100.00,1,0.010000,0,0
2690,20,0.00,0.00,0,0.010000,10,0
2691,20,0.00,0.00,0,0.010000,10,0
2692,20,39.00,49.00,0,0.010000,10,0
2693,1,50.00,50.00,1,0.010000,0,0
2694,20,43.00,43.00,0,0.010000,13,1
2695,20,85.00,135.00,0,0.010000,10,0
2696,20,153.00,123.00,0,0.010000,9,0
2697,1,50.00,50.00,1,0.010000,0,0
2698,2,100.00,100.00,1,0.010000,0,0
2699,2,100.00,100.00,1,0.010000,0,0
2700,20,0.00,0.00,0,0.010000,10,0
2701,20,0.00,0.00,0,0.010000,10,0
2702,0,0.00,0.00,1,0.010000,0,0
2703,20,85.00,135.00,0,0.010000,10,0
2704,20,93.00,93.00,0,0.010000,12,0
2705,20,85.00,135.00,0,0.010000,10,0
2706,20,153.00,123.00,0,0.010000,9,0
2707,20,0.00,0.00,0,0.010000,10,0
2708,2,100.00,100.00,1,0.010000,0,0
2709,2,100.00,100.00,1,0.010000,0,0
2710,20,0.00,0.00,0,0.010000,10,0
2711,20,0.00,0.00,0,0.010000,10,0
2712,20,-6.00,-26.00,0,0.010000,12,7
2713,1,50.00,50.00,1,0.010000,0,0
2714,20,93.00,93.00,0,0.010000,12,0
2715,20,85.00,135.00,0,0.010000,10,0
2716,20,153.00,123.00,0,0.010000,9,0
2717,0,0.00,0.00,1,0.010000,0,0
2718,2,100.00,100.00,1,0.010000,0,0
2719,2,100.00,100.00,1,0.010000,0,0
2720,20,0.00,0.00,0,0.010000,10,0
2721,20,0.00,0.00,0,0.010000,10,0
2722,0,0.00,0.00,1,0.010000,0,0
2723,0,0.00,0.00,1,0.010000,0,0
2724,20,93.00,93.00,0,0.010000,12,0
2725,20,85.00,135.00,0,0.010000,10,0
2726,20,153.00,123.00,0,0.010000,9,0
2727,0,0.00,0.00,1,0.010000,0,0
2728,2,100.00,100.00,1,0.010000,0,0
2729,2,100.00,100.00,1,0.010000,0,0
2730,20,0.00,0.00,0,0.010000,10,0
2731,20,39.00,49.00,0,0.010000,10,1
2732,20,-31.00,-21.00,0,0.010000,13,7
2733,2,100.00,100.00,1,0.010000,0,0
2734,20,93.00,93.00,0,0.010000,12,0
2735,20,85.00,135.00,0,0.010000,10,0
2736,20,153.00,123.00,0,0.010000,9,0
2737,20,85.00,135.00,0,0.010000,10,0
2738,2,100.00,100.00,1,0.010000,0,0
2739,2,100.00,100.00,1,0.010000,0,0
2740,20,0.00,0.00,0,0.010000,10,0
2741,20,0.00,0.00,0,0.010000,10,0
2742,20,-46.00,-36.00,0,0.010000,14,0
2743,20,94.00,134.00,0,0.010000,10,1
2744,20,93.00,93.00,0,0.010000,12,0
2745,20,85.00,135.00,0,0.010000,10,0
2746,20,153.00,123.00,0,0.010000,9,0
2747,2,100.00,100.00,1,0.010000,0,0
2748,2,100.00,100.00,1,0.010000,0,0
2749,2,100.00,100.00,1,0.010000,0,0
2750,20,0.00,0.00,0,0.010000,10,0
2751,20,0.00,0.00,0,0.010000,10,0
2752,0,0.00,0.00,1,0.010000,0,0
2753,1,50.00,50.00,1,0.010000,0,0
2754,20,93.00,93.00,0,0.010000,12,0
2755,20,85.00,135.00,0,0.010000,10,0
2756,20,153.00,123.00,0,0.010000,9,0
2757,1,50.00,50.00,1,0.010000,0,0
2758,2,100.00,100.00,1,0.010000,0,0
2759,2,100.00,100.00,1,0.010000,0,0
2760,20,0.00,0.00,0,0.010000,10,0
2761,20,0.00,0.00,0,0.010000,10,0
2762,20,53.00,43.00,0,0.010000,13,1
2763,20,-14.00,-34.00,0,0.010000,12,2
2764,20,93.00,93.00,0,0.010000,12,0
2765,20,85.00,135.00,0,0.010000,10,0
2766,20,153.00,123.00,0,0.010000,9,0
2767,0,0.00,0.00,1,0.010000,0,0
2768,2,100.00,100.00,1,0.010000,0,0
2769,2,100.00,100.00,1,0.010000,0,0
2770,20,0.00,0.00,0,0.010000,10,0
2771,20,0.00,0.00,0,0.010000,10,0
2772,20,73.00,43.00,0,0.010000,10,0
2773,0,0.00,0.00,1,0.010000,0,0
2774,20,93.00,93.00,0,0.010000,12,0
2775,20,85.00,135.00,0,0.010000,10,0
2776,20,153.00,123.00,0,0.010000,9,0
2777,1,50.00,50.00,1,0.010000,0,0
2778,2,100.00,100.00,1,0.010000,0,0
2779,2,100.00,100.00,1,0.010000,0,0
2780,20,0.00,0.00,0,0.010000,10,0
2781,20,0.00,0.00,0,0.010000,10,0
2782,0,0.00,0.00,1,0.010000,0,0
2783,20,0.00,0.00,0,0.010000,10,0
2784,20,48.00,48.00,0,0.010000,12,1
2785,20,85.00,135.00,0,0.010000,10,0
2786,20,153.00,123.00,0,0.010000,9,0
2787,20,-50.00,-40.00,0,0.010000,14,10
2788,2,100.00,100.00,1,0.010000,0,0
2789,2,100.00,100.00,1,0.010000,0,0
2790,20,0.00,0.00,0,0.010000,10,0
2791,20,0.00,0.00,0,0.010000,10,0
2792,20,103.00,73.00,0,0.010000,10,1
2793,0,0.00,0.00,1,0.010000,0,0
2794,20,15.00,15.00,0,0.010000,13,0
2795,20,85.00,135.00,0,0.010000,10,0
2796,20,153.00,123.00,0,0.010000,9,0
2797,20,85.00,135.00,0,0.010000,10,0
2798,2,100.00,100.00,1,0.010000,0,0
2799,2,100.00,100.00,1,0.010000,0,0
2800,20,39.00,49.00,0,0.010000,10,1
2801,20,49.00,39.00,0,0.010000,10,1
2802,20,93.00,93.00,0,0.010000,12,0
2803,0,0.00,0.00,1,0.010000,0,0
2804,20,93.00,93.00,0,0.010000,12,0
2805,20,104.00,114.00,0,0.010000,11,1
2806,20,108.00,78.00,0,0.010000,9,1
2807,0,0.00,0.00,1,0.010000,0,0
2808,2,100.00,100.00,1,0.010000,0,0
2809,2,100.00,100.00,1,0.010000,0,0
2810,20,0.00,0.00,0,0.010000,10,0
2811,20,0.00,0.00,0,0.010000,10,0
2812,20,0.00,0.00,0,0.010000,10,0
2813,1,50.00,50.00,1,0.010000,0,0
2814,20,93.00,93.00,0,0.010000,12,0
2815,20,85.00,135.00,0,0.010000,10,0
2816,20,153.00,123.00,0,0.010000,9,0
2817,20,135.00,85.00,0,0.010000,10,0
2818,2,100.00,100.00,1,0.010000,0,0
2819,2,100.00,100.00,1,0.010000,0,0
2820,20,0.00,0.00,0,0.010000,10,0
2821,20,0.00,0.00,0,0.010000,10,0
2822,20,-61.00,-51.00,0,0.010000,11,0
2823,0,0.00,0.00,1,0.010000,0,0
2824,20,93.00,93.00,0,0.010000,12,0
2825,20,85.00,135.00,0,0.010000,10,0
2826,20,153.00,123.00,0,0.010000,9,0
2827,0,0.00,0.00,1,0.010000,0,0
2828,2,100.00,100.00,1,0.010000,0,0
2829,2,100.00,100.00,1,0.010000,0,0
2830,20,0.00,0.00,0,0.010000,10,0
2831,20,0.00,0.00,0,0.010000,10,0
2832,0,0.00,0.00,1,0.010000,0,0
2833,1,50.00,50.00,1,0.010000,0,0
2834,20,93.00,93.00,0,0.010000,12,0
2835,20,85.00,135.00,0,0.010000,10,0
2836,20,153.00,123.00,0,0.010000,9,0
2837,2,100.00,100.00,1,0.010000,0,0
2838,2,100.00,100.00,1,0.010000,0,0
2839,2,100.00,100.00,1,0.010000,0,0
2840,20,0.00,0.00,0,0.010000,10,0
2841,20,0.00,0.00,0,0.010000,10,0
2842,0,0.00,0.00,1,0.010000,0,0
2843,0,0.00,0.00,1,0.010000,0,0
2844,20,93.00,93.00,0,0.010000,12,0
2845,20,85.00,135.00,0,0.010000,10,0
2846,20,153.00,123.00,0,0.010000,9,0
2847,0,0.00,0.00,1,0.010000,0,0
2848,2,100.00,100.00,1,0.010000,0,0
2849,2,100.00,100.00,1,0.010000,0,0
2850,20,0.00,0.00,0,0.010000,10,0
2851,20,0.00,0.00,0,0.010000,10,0
2852,0,0.00,0.00,1,0.010000,0,0
2853,2,100.00,100.00,1,0.010000,0,0
2854,20,93.00,93.00,0,0.010000,12,0
2855,20,85.00,135.00,0,0.010000,10,0
2856,20,153.00,123.00,0,0.010000,9,0
2857,20,-78.00,-108.00,0,0.010000,13,7
2858,2,100.00,100.00,1,0.010000,0,0
2859,2,100.00,100.00,1,0.010000,0,0
2860,20,0.00,0.00,0,0.010000,10,0
2861,20,0.00,0.00,0,0.010000,10,0
2862,20,135.00,85.00,0,0.010000,10,0
2863,20,3.00,3.00,0,0.010000,14,0
2864,20,13.00,-7.00,0,0.010000,14,0
2865,20,85.00,135.00,0,0.010000,10,0
2866,20,153.00,123.00,0,0.010000,9,0
2867,0,0.00,0.00,1,0.010000,0,0
2868,2,100.00,100.00,1,0.010000,0,0
2869,2,100.00,100.00,1,0.010000,0,0
2870,20,39.00,39.00,0,0.010000,10,1
2871,20,0.00,0.00,0,0.010000,10,0
2872,2,100.00,100.00,1,0.010000,0,0
2873,20,144.00,94.00,0,0.010000,10,0
2874,20,93.00,93.00,0,0.010000,12,0
2875,20,124.00,184.00,0,0.010000,10,1
2876,20,153.00,123.00,0,0.010000,9,0
2877,0,0.00,0.00,1,0.010000,0,0
2878,2,100.00,100.00,1,0.010000,0,0
2879,2,100.00,100.00,1,0.010000,0,0
2880,20,0.00,0.00,0,0.010000,10,0
2881,20,-22.00,-12.00,0,0.010000,11,2
2882,2,100.00,100.00,1,0.010000,0,0
2883,1,50.00,50.00,1,0.010000,0,0
2884,20,93.00,93.00,0,0.010000,12,0
2885,20,85.00,135.00,0,0.010000,10,0
2886,20,153.00,123.00,0,0.010000,9,0
2887,20,55.00,5.00,0,0.010000,11,0
2888,2,100.00,100.00,1,0.010000,0,0
2889,2,100.00,100.00,1,0.010000,0,0
2890,20,0.00,0.00,0,0.010000,10,0
2891,20,0.00,0.00,0,0.010000,10,0
2892,2,100.00,100.00,1,0.010000,0,0
2893,20,153.00,123.00,0,0.010000,9,0
2894,20,43.00,53.00,0,0.010000,13,1
2895,20,85.00,135.00,0,0.010000,10,0
2896,20,153.00,123.00,0,0.010000,9,0
2897,0,0.00,0.00,1,0.010000,0,0
2898,2,100.00,100.00,1,0.010000,0,0
2899,2,100.00,100.00,1,0.010000,0,0
2900,20,0.00,0.00,0,0.010000,10,0
2901,20,44.00,44.00,0,0.010000,9,1
2902,0,0.00,0.00,1,0.010000,0,0
2903,20,39.00,49.00,0,0.010000,10,0
2904,20,43.00,43.00,0,0.010000,13,1
2905,20,85.00,135.00,0,0.010000,10,0
2906,20,153.00,123.00,0,0.010000,9,0
2907,20,0.00,0.00,0,0.010000,10,0
2908,2,100.00,100.00,1,0.010000,0,0
2909,2,100.00,100.00,1,0.010000,0,0
2910,20,0.00,0.00,0,0.010000,10,0
2911,20,0.00,0.00,0,0.010000,10,0
2912,20,94.00,34.00,0,0.010000,12,0
2913,0,0.00,0.00,1,0.010000,0,0
2914,20,93.00,93.00,0,0.010000,12,0
2915,20,85.00,135.00,0,0.010000,10,0
2916,20,153.00,123.00,0,0.010000,9,0
2917,20,-18.00,-48.00,0,0.010000,13,9
2918,2,100.00,100.00,1,0.010000,0,0
2919,2,100.00,100.00,1,0.010000,0,0
2920,20,0.00,0.00,0,0.010000,10,0
2921,20,0.00,0.00,0,0.010000,10,0
2922,1,50.00,50.00,1,0.010000,0,0
2923,0,0.00,0.00,1,0.010000,0,0
2924,20,93.00,93.00,0,0.010000,12,0
2925,20,85.00,135.00,0,0.010000,10,0
2926,20,153.00,123.00,0,0.010000,9,0
2927,20,-21.00,-11.00,0,0.010000,13,5
2928,2,100.00,100.00,1,0.010000,0,0
2929,2,100.00,100.00,1,0.010000,0,0
2930,20,0.00,0.00,0,0.010000,10,0
2931,20,0.00,0.00,0,0.010000,10,0
2932,0,0.00,0.00,1,0.010000,0,0
2933,0,0.00,0.00,1,0.010000,0,0
2934,20,93.00,93.00,0,0.010000,12,0
2935,20,85.00,135.00,0,0.010000,10,0
2936,20,153.00,123.00,0,0.010000,9,0
2937,1,50.00,50.00,1,0.010000,0,0
2938,2,100.00,100.00,1,0.010000,0,0
2939,2,100.00,100.00,1,0.010000,0,0
2940,20,0.00,0.00,0,0.010000,10,0
2941,20,0.00,0.00,0,0.010000,10,0
2942,0,0.00,0.00,1,0.010000,0,0
2943,20,3.00,3.00,0,0.010000,14,0
2944,20,43.00,43.00,0,0.010000,13,1
2945,20,124.00,174.00,0,0.010000,10,1
2946,20,153.00,123.00,0,0.010000,9,0
2947,0,0.00,0.00,1,0.010000,0,0
2948,2,100.00,100.00,1,0.010000,0,0
2949,2,100.00,100.00,1,0.010000,0,0
2950,20,0.00,0.00,0,0.010000,10,0
2951,20,0.00,0.00,0,0.010000,10,0
2952,20,5.00,55.00,0,0.010000,11,0
2953,2,100.00,100.00,1,0.010000,0,0
2954,20,93.00,93.00,0,0.010000,12,0
2955,20,85.00,135.00,0,0.010000,10,0
2956,20,153.00,123.00,0,0.010000,9,0
2957,0,0.00,0.00,1,0.010000,0,0
2958,2,100.00,100.00,1,0.010000,0,0
2959,2,100.00,100.00,1,0.010000,0,0
2960,20,0.00,0.00,0,0.010000,10,0
2961,20,0.00,0.00,0,0.010000,10,0
2962,0,0.00,0.00,1,0.010000,0,0
2963,0,0.00,0.00,1,0.010000,0,0
2964,20,13.00,13.00,0,0.010000,13,0
2965,20,85.00,135.00,0,0.010000,10,0
2966,20,153.00,123.00,0,0.010000,9,0
2967,0,0.00,0.00,1,0.010000,0,0
2968,2,100.00,100.00,1,0.010000,0,0
2969,2,100.00,100.00,1,0.010000,0,0
2970,20,0.00,0.00,0,0.010000,10,0
2971,20,0.00,0.00,0,0.010000,10,0
2972,1,50.00,50.00,1,0.010000,0,0
2973,20,45.00,85.00,0,0.010000,11,0
2974,20,93.00,93.00,0,0.010000,12,0
2975,20,85.00,135.00,0,0.010000,10,0
2976,20,153.00,123.00,0,0.010000,9,0
2977,20,153.00,123.00,0,0.010000,9,0
2978,2,100.00,100.00,1,0.010000,0,0
2979,2,100.00,100.00,1,0.010000,0,0
2980,20,0.00,0.00,0,0.010000,10,0
2981,20,0.00,0.00,0,0.010000,10,0
2982,1,50.00,50.00,1,0.010000,0,0
2983,20,-70.00,-70.00,0,0.010000,13,8
2984,20,93.00,93.00,0,0.010000,12,0
2985,20,85.00,135.00,0,0.010000,10,0
2986,20,153.00,123.00,0,0.010000,9,0
2987,20,0.00,0.00,0,0.010000,10,0
2988,2,100.00,100.00,1,0.010000,0,0
2989,2,100.00,100.00,1,0.010000,0,0
2990,20,39.00,39.00,0,0.010000,10,1
2991,20,44.00,44.00,0,0.010000,9,1
2992,20,-16.00,-26.00,0,0.010000,14,6
2993,20,93.00,93.00,0,0.010000,12,0
2994,20,43.00,43.00,0,0.010000,13,1
2995,20,129.00,179.00,0,0.010000,9,1
2996,20,114.00,84.00,0,0.010000,10,2
2997,0,0.00,0.00,1,0.010000,0,0
2998,2,100.00,100.00,1,0.010000,0,0
2999,2,100.00,100.00,1,0.010000,0,0
3000,20,0.00,0.00,0,0.010000,10,0
3001,20,0.00,0.00,0,0.010000,10,0
3002,0,0.00,0.00,1,0.010000,0,0
3003,20,85.00,135.00,0,0.010000,10,0
3004,20,93.00,93.00,0,0.010000,12,0
3005,20,85.00,135.00,0,0.010000,10,0
3006,20,153.00,123.00,0,0.010000,9,0
3007,20,43.00,43.00,0,0.010000,13,0
3008,2,100.00,100.00,1,0.010000,0,0
3009,2,100.00,100.00,1,0.010000,0,0
3010,20,0.00,0.00,0,0.010000,10,0
3011,20,0.00,0.00,0,0.010000,10,0
3012,0,0.00,0.00,1,0.010000,0,0
3013,20,0.00,0.00,0,0.010000,10,0
3014,20,93.00,93.00,0,0.010000,12,0
3015,20,85.00,135.00,0,0.010000,10,0
3016,20,153.00,123.00,0,0.010000,9,0
3017,2,100.00,100.00,1,0.010000,0,0
3018,2,100.00,100.00,1,0.010000,0,0
3019,2,100.00,100.00,1,0.010000,0,0
3020,20,0.00,0.00,0,0.010000,10,0
3021,20,0.00,0.00,0,0.010000,10,0
3022,20,53.00,43.00,0,0.010000,13,1
3023,20,55.00,5.00,0,0.010000,11,0
3024,20,93.00,93.00,0,0.010000,12,0
3025,20,85.00,135.00,0,0.010000,10,0
3026,20,113.00,73.00,0,0.010000,10,1
3027,20,-60.00,-60.00,0,0.010000,13,6
3028,2,100.00,100.00,1,0.010000,0,0
3029,2,100.00,100.00,1,0.010000,0,0
3030,20,0.00,0.00,0,0.010000,10,0
3031,20,39.00,49.00,0,0.010000,10,1
3032,1,50.00,50.00,1,0.010000,0,0
3033,1,50.00,50.00,1,0.010000,0,0
3034,20,93.00,93.00,0,0.010000,12,0
3035,20,85.00,135.00,0,0.010000,10,0
3036,20,153.00,123.00,0,0.010000,9,0
3037,20,55.00,5.00,0,0.010000,11,0
3038,2,100.00,100.00,1,0.010000,0,0
3039,2,100.00,100.00,1,0.010000,0,0
3040,20,39.00,39.00,0,0.010000,10,1
3041,20,0.00,0.00,0,0.010000,10,0
3042,20,32.00,32.00,0,0.010000,10,1
3043,20,15.00,15.00,0,0.010000,13,0
3044,20,93.00,93.00,0,0.010000,12,0
3045,20,85.00,135.00,0,0.010000,10,0
3046,20,103.00,83.00,0,0.010000,10,1
3047,20,39.00,49.00,0,0.010000,10,0
3048,2,100.00,100.00,1,0.010000,0,0
3049,3,94.00,94.00,1,0.010000,0,1
3050,20,0.00,0.00,0,0.010000,10,0
3051,20,0.00,0.00,0,0.010000,10,0
3052,20,5.00,55.00,0,0.010000,11,0
3053,20,85.00,135.00,0,0.010000,10,0
3054,20,48.00,48.00,0,0.010000,12,1
3055,20,94.00,134.00,0,0.010000,10,1
3056,20,153.00,123.00,0,0.010000,9,0
3057,20,43.00,43.00,0,0.010000,13,0
3058,2,100.00,100.00,1,0.010000,0,0
3059,2,100.00,100.00,1,0.010000,0,0
3060,20,0.00,0.00,0,0.010000,10,0
3061,20,0.00,0.00,0,0.010000,10,0
3062,20,-58.00,-38.00,0,0.010000,12,4
3063,1,50.00,50.00,1,0.010000,0,0
3064,20,93.00,93.00,0,0.010000,12,0
3065,20,85.00,135.00,0,0.010000,10,0
3066,20,153.00,123.00,0,0.010000,9,0
3067,0,0.00,0.00,1,0.010000,0,0
3068,2,100.00,100.00,1,0.010000,0,0
3069,2,100.00,100.00,1,0.010000,0,0
3070,20,0.00,0.00,0,0.010000,10,0
3071,20,0.00,0.00,0,0.010000,10,0
3072,20,-99.00,-79.00,0,0.010000,14,9
3073,20,45.00,85.00,0,0.010000,11,0
3074,20,93.00,93.00,0,0.010000,12,0
3075,20,85.00,135.00,0,0.010000,10,0
3076,20,153.00,123.00,0,0.010000,9,0
3077,20,-31.00,-41.00,0,0.010000,12,3
3078,2,100.00,100.00,1,0.010000,0,0
3079,2,100.00,100.00,1,0.010000,0,0
3080,20,0.00,0.00,0,0.010000,10,0
3081,20,0.00,0.00,0,0.010000,10,0
3082,20,-46.00,-36.00,0,0.010000,14,0
3083,20,135.00,85.00,0,0.010000,10,0
3084,20,93.00,93.00,0,0.010000,12,0
3085,20,85.00,135.00,0,0.010000,10,0
3086,20,153.00,123.00,0,0.010000,9,0
3087,20,63.00,33.00,0,0.010000,11,0
3088,2,100.00,100.00,1,0.010000,0,0
3089,2,100.00,100.00,1,0.010000,0,0
3090,20,0.00,0.00,0,0.010000,10,0
3091,20,-22.00,-2.00,0,0.010000,11,0
3092,0,0.00,0.00,1,0.010000,0,0
3093,0,0.00,0.00,1,0.010000,0,0
3094,20,93.00,93.00,0,0.010000,12,0
3095,20,85.00,135.00,0,0.010000,10,0
3096,20,153.00,123.00,0,0.010000,9,0
3097,20,85.00,135.00,0,0.010000,10,0
3098,2,100.00,100.00,1,0.010000,0,0
3099,2,100.00,100.00,1,0.010000,0,0
3100,20,0.00,0.00,0,0.010000,10,0
3101,20,0.00,0.00,0,0.010000,10,0
3102,1,50.00,50.00,1,0.010000,0,0
3103,0,0.00,0.00,1,0.010000,0,0
3104,20,93.00,93.00,0,0.010000,12,0
3105,20,85.00,135.00,0,0.010000,10,0
3106,20,153.00,123.00,0,0.010000,9,0
3107,20,48.00,48.00,0,0.010000,12,1
3108,2,100.00,100.00,1,0.010000,0,0
3109,2,100.00,100.00,1,0.010000,0,0
3110,20,0.00,0.00,0,0.010000,10,0
3111,20,39.00,49.00,0,0.010000,10,1
3112,20,-19.00,1.00,0,0.010000,12,6
3113,20,35.00,95.00,0,0.010000,11,0
3114,20,93.00,93.00,0,0.010000,12,0
3115,20,85.00,135.00,0,0.010000,10,0
3116,20,153.00,123.00,0,0.010000,9,0
3117,0,0.00,0.00,1,0.010000,0,0
3118,2,100.00,100.00,1,0.010000,0,0
3119,2,100.00,100.00,1,0.010000,0,0
3120,20,0.00,0.00,0,0.010000,10,0
3121,20,0.00,0.00,0,0.010000,10,0
3122,20,-35.00,-55.00,0,0.010000,15,7
3123,20,0.00,0.00,0,0.010000,10,0
3124,20,93.00,93.00,0,0.010000,12,0
3125,20,85.00,135.00,0,0.010000,10,0
3126,20,153.00,123.00,0,0.010000,9,0
3127,0,0.00,0.00,1,0.010000,0,0
3128,2,100.00,100.00,1,0.010000,0,0
3129,2,100.00,100.00,1,0.010000,0,0
3130,20,0.00,0.00,0,0.010000,10,0
3131,20,0.00,0.00,0,0.010000,10,0
3132,20,73.00,43.00,0,0.010000,10,0
3133,2,100.00,100.00,1,0.010000,0,0
3134,20,93.00,93.00,0,0.010000,12,0
3135,20,85.00,135.00,0,0.010000,10,0
3136,20,153.00,123.00,0,0.010000,9,0
3137,20,-46.00,-36.00,0,0.010000,14,1
3138,2,100.00,100.00,1,0.010000,0,0
3139,2,100.00,100.00,1,0.010000,0,0
3140,20,0.00,0.00,0,0.010000,10,0
3141,20,0.00,0.00,0,0.010000,10,0
3142,20,-63.00,-53.00,0,0.010000,13,6
3143,0,0.00,0.00,1,0.010000,0,0
3144,20,93.00,93.00,0,0.010000,12,0
3145,20,85.00,135.00,0,0.010000,10,0
3146,20,153.00,123.00,0,0.010000,9,0
3147,2,100.00,100.00,1,0.010000,0,0
3148,2,100.00,100.00,1,0.010000,0,0
3149,2,100.00,100.00,1,0.010000,0,0
3150,20,0.00,0.00,0,0.010000,10,0
3151,20,39.00,39.00,0,0.010000,10,1
3152,20,55.00,5.00,0,0.010000,11,0
3153,20,-92.00,-82.00,0,0.010000,14,9
3154,20,93.00,93.00,0,0.010000,12,0
3155,20,85.00,135.00,0,0.010000,10,0
3156,20,153.00,123.00,0,0.010000,9,0
3157,0,0.00,0.00,1,0.010000,0,0
3158,2,100.00,100.00,1,0.010000,0,0
3159,2,100.00,100.00,1,0.010000,0,0
3160,20,0.00,0.00,0,0.010000,10,0
3161,20,0.00,0.00,0,0.010000,10,0
3162,20,-7.00,-7.00,0,0.010000,14,0
3163,20,-50.00,-70.00,0,0.010000,13,6
3164,20,93.00,93.00,0,0.010000,12,0
3165,20,144.00,184.00,0,0.010000,9,0
3166,20,113.00,73.00,0,0.010000,10,1
3167,0,0.00,0.00,1,0.010000,0,0
3168,2,100.00,100.00,1,0.010000,0,0
3169,2,100.00,100.00,1,0.010000,0,0
3170,20,39.00,49.00,0,0.010000,10,1
3171,20,0.00,0.00,0,0.010000,10,0
3172,2,100.00,100.00,1,0.010000,0,0
3173,20,95.00,125.00,0,0.010000,10,0
3174,20,93.00,93.00,0,0.010000,12,0
3175,20,85.00,135.00,0,0.010000,10,0
3176,20,153.00,123.00,0,0.010000,9,0
3177,1,50.00,50.00,1,0.010000,0,0
3178,2,100.00,100.00,1,0.010000,0,0
3179,2,100.00,100.00,1,0.010000,0,0
3180,20,44.00,44.00,0,0.010000,9,1
3181,20,0.00,0.00,0,0.010000,10,0
3182,20,146.00,96.00,0,0.010000,10,0
3183,0,0.00,0.00,1,0.010000,0,0
3184,20,93.00,93.00,0,0.010000,12,0
3185,20,85.00,135.00,0,0.010000,10,0
3186,20,103.00,83.00,0,0.010000,10,1
3187,20,3.00,-7.00,0,0.010000,14,0
3188,2,100.00,100.00,1,0.010000,0,0
3189,2,100.00,100.00,1,0.010000,0,0
3190,20,0.00,0.00,0,0.010000,10,0
3191,20,0.00,0.00,0,0.010000,10,0
3192,0,0.00,0.00,1,0.010000,0,0
3193,20,6.00,-14.00,0,0.010000,13,4
3194,20,93.00,93.00,0,0.010000,12,0
3195,20,85.00,135.00,0,0.010000,10,0
3196,20,103.00,73.00,0,0.010000,10,1
3197,1,50.00,50.00,1,0.010000,0,0
3198,2,100.00,100.00,1,0.010000,0,0
3199,2,100.00,100.00,1,0.010000,0,0
3200,20,0.00,0.00,0,0.010000,10,0
3201,20,0.00,0.00,0,0.010000,10,0
3202,0,0.00,0.00,1,0.010000,0,0
3203,1,50.00,50.00,1,0.010000,0,0
3204,20,93.00,93.00,0,0.010000,12,0
3205,20,85.00,135.00,0,0.010000,10,0
3206,20,153.00,123.00,0,0.010000,9,0
3207,20,135.00,85.00,0,0.010000,10,0
3208,2,100.00,100.00,1,0.010000,0,0
3209,2,100.00,100.00,1,0.010000,0,0
3210,20,0.00,0.00,0,0.010000,10,0
3211,20,0.00,0.00,0,0.010000,10,0
3212,1,50.00,50.00,1,0.010000,0,0
3213,0,0.00,0.00,1,0.010000,0,0
3214,20,93.00,93.00,0,0.010000,12,0
3215,20,85.00,135.00,0,0.010000,10,0
3216,20,113.00,73.00,0,0.010000,10,1
3217,20,-48.00,-18.00,0,0.010000,15,8
3218,2,100.00,100.00,1,0.010000,0,0
3219,2,100.00,100.00,1,0.010000,0,0
3220,20,0.00,0.00,0,0.010000,10,0
3221,20,0.00,0.00,0,0.010000,10,0
3222,0,0.00,0.00,1,0.010000,0,0
3223,20,-21.00,-21.00,0,0.010000,13,6
3224,20,93.00,93.00,0,0.010000,12,0
3225,20,85.00,135.00,0,0.010000,10,0
3226,20,153.00,123.00,0,0.010000,9,0
3227,20,43.00,43.00,0,0.010000,13,0
3228,2,100.00,100.00,1,0.010000,0,0
3229,2,100.00,100.00,1,0.010000,0,0
3230,20,0.00,0.00,0,0.010000,10,0
3231,20,0.00,0.00,0,0.010000,10,0
3232,1,50.00,50.00,1,0.010000,0,0
3233,1,50.00,50.00,1,0.010000,0,0
3234,20,93.00,93.00,0,0.010000,12,0
3235,20,85.00,135.00,0,0.010000,10,0
3236,20,153.00,123.00,0,0.010000,9,0
3237,0,0.00,0.00,1,0.010000,0,0
3238,2,100.00,100.00,1,0.010000,0,0
3239,2,100.00,100.00,1,0.010000,0,0
3240,20,0.00,0.00,0,0.010000,10,0
3241,20,0.00,0.00,0,0.010000,10,0
3242,20,-118.00,-148.00,0,0.010000,14,8
3243,20,153.00,123.00,0,0.010000,9,0
3244,20,93.00,93.00,0,0.010000,12,0
3245,20,124.00,184.00,0,0.010000,10,0
3246,20,153.00,123.00,0,0.010000,9,0
3247,20,73.00,43.00,0,0.010000,10,0
3248,2,100.00,100.00,1,0.010000,0,0
3249,2,100.00,100.00,1,0.010000,0,0
3250,20,49.00,39.00,0,0.010000,10,0
3251,20,0.00,0.00,0,0.010000,10,0
3252,0,0.00,0.00,1,0.010000,0,0
3253,20,144.00,94.00,0,0.010000,10,0
3254,20,48.00,48.00,0,0.010000,12,1
3255,20,124.00,174.00,0,0.010000,10,2
3256,20,153.00,123.00,0,0.010000,9,0
3257,0,0.00,0.00,1,0.010000,0,0
3258,2,100.00,100.00,1,0.010000,0,0
3259,2,100.00,100.00,1,0.010000,0,0
3260,20,0.00,0.00,0,0.010000,10,0
3261,20,0.00,0.00,0,0.010000,10,0
3262,20,125.00,95.00,0,0.010000,10,0
3263,0,0.00,0.00,1,0.010000,0,0
3264,20,48.00,48.00,0,0.010000,12,1
3265,20,85.00,135.00,0,0.010000,10,0
3266,20,153.00,123.00,0,0.010000,9,0
3267,1,50.00,50.00,1,0.010000,0,0
3268,2,100.00,100.00,1,0.010000,0,0
3269,2,100.00,100.00,1,0.010000,0,0
3270,20,0.00,0.00,0,0.010000,10,0
3271,20,0.00,0.00,0,0.010000,10,0
3272,20,24.00,-16.00,0,0.010000,11,0
3273,0,0.00,0.00,1,0.010000,0,0
3274,20,3.00,3.00,0,0.010000,14,2
3275,20,85.00,135.00,0,0.010000,10,0
3276,20,153.00,123.00,0,0.010000,9,0
3277,1,50.00,50.00,1,0.010000,0,0
3278,2,100.00,100.00,1,0.010000,0,0
3279,2,100.00,100.00,1,0.010000,0,0
3280,20,0.00,0.00,0,0.010000,10,0
3281,20,0.00,0.00,0,0.010000,10,0
3282,20,85.00,135.00,0,0.010000,10,0
3283,20,0.00,0.00,0,0.010000,10,0
3284,20,93.00,93.00,0,0.010000,12,0
3285,20,144.00,164.00,0,0.010000,10,0
3286,20,153.00,123.00,0,0.010000,9,0
3287,20,135.00,85.00,0,0.010000,10,0
3288,2,100.00,100.00,1,0.010000,0,0
3289,2,100.00,100.00,1,0.010000,0,0
3290,20,49.00,39.00,0,0.010000,10,0
3291,20,-22.00,-2.00,0,0.010000,11,0
3292,1,50.00,50.00,1,0.010000,0,0
3293,1,50.00,50.00,1,0.010000,0,0
3294,20,93.00,93.00,0,0.010000,12,0
3295,20,85.00,135.00,0,0.010000,10,0
3296,20,73.00,43.00,0,0.010000,10,0
3297,20,144.00,94.00,0,0.010000,10,0
3298,2,100.00,100.00,1,0.010000,0,0
3299,2,100.00,100.00,1,0.010000,0,0
3300,20,0.00,0.00,0,0.010000,10,0
3301,20,0.00,0.00,0,0.010000,10,0
3302,20,-19.00,-29.00,0,0.010000,11,3
3303,20,184.00,124.00,0,0.010000,10,1
3304,20,48.00,48.00,0,0.010000,12,1
3305,20,85.00,135.00,0,0.010000,10,0
3306,20,153.00,123.00,0,0.010000,9,0
3307,20,4.00,4.00,0,0.010000,13,0
3308,2,100.00,100.00,1,0.010000,0,0
3309,2,100.00,100.00,1,0.010000,0,0
3310,20,0.00,0.00,0,0.010000,10,0
3311,20,0.00,0.00,0,0.010000,10,0
3312,20,-82.00,-62.00,0,0.010000,14,7
3313,0,0.00,0.00,1,0.010000,0,0
3314,20,93.00,93.00,0,0.010000,12,0
3315,20,85.00,135.00,0,0.010000,10,0
3316,20,153.00,123.00,0,0.010000,9,0
3317,20,5.00,55.00,0,0.010000,11,0
3318,2,100.00,100.00,1,0.010000,0,0
3319,2,100.00,100.00,1,0.010000,0,0
3320,20,0.00,0.00,0,0.010000,10,0
3321,20,0.00,0.00,0,0.010000,10,0
3322,1,50.00,50.00,1,0.010000,0,0
3323,20,3.00,3.00,0,0.010000,14,0
3324,20,93.00,93.00,0,0.010000,12,0
3325,20,85.00,135.00,0,0.010000,10,0
3326,20,153.00,123.00,0,0.010000,9,0
3327,20,-70.00,-60.00,0,0.010000,13,6
3328,2,100.00,100.00,1,0.010000,0,0
3329,2,100.00,100.00,1,0.010000,0,0
3330,20,39.00,39.00,0,0.010000,10,1
3331,20,0.00,0.00,0,0.010000,10,0
3332,20,43.00,43.00,0,0.010000,13,0
3333,1,50.00,50.00,1,0.010000,0,0
3334,20,93.00,93.00,0,0.010000,12,0
3335,20,85.00,135.00,0,0.010000,10,0
3336,20,153.00,123.00,0,0.010000,9,0
3337,20,0.00,0.00,0,0.010000,10,0
3338,2,100.00,100.00,1,0.010000,0,0
3339,2,100.00,100.00,1,0.010000,0,0
3340,20,39.00,49.00,0,0.010000,10,1
3341,20,0.00,0.00,0,0.010000,10,0
3342,20,73.00,43.00,0,0.010000,10,0
3343,20,73.00,43.00,0,0.010000,10,0
3344,20,93.00,93.00,0,0.010000,12,0
3345,20,85.00,135.00,0,0.010000,10,0
3346,20,153.00,123.00,0,0.010000,9,0
3347,1,50.00,50.00,1,0.010000,0,0
3348,2,100.00,100.00,1,0.010000,0,0
3349,2,100.00,100.00,1,0.010000,0,0
3350,20,0.00,0.00,0,0.010000,10,0
3351,20,39.00,49.00,0,0.010000,10,1
3352,20,6.00,-24.00,0,0.010000,13,6
3353,20,4.00,4.00,0,0.010000,13,0
3354,20,93.00,93.00,0,0.010000,12,0
3355,20,85.00,135.00,0,0.010000,10,0
3356,20,153.00,123.00,0,0.010000,9,0
3357,20,135.00,85.00,0,0.010000,10,0
3358,2,100.00,100.00,1,0.010000,0,0
3359,2,100.00,100.00,1,0.010000,0,0
3360,20,0.00,0.00,0,0.010000,10,0
3361,20,0.00,0.00,0,0.010000,10,0
3362,20,85.00,135.00,0,0.010000,10,0
3363,0,0.00,0.00,1,0.010000,0,0
3364,20,93.00,93.00,0,0.010000,12,0
3365,20,85.00,135.00,0,0.010000,10,0
3366,20,153.00,123.00,0,0.010000,9,0
3367,1,50.00,50.00,1,0.010000,0,0
3368,2,100.00,100.00,1,0.010000,0,0
3369,2,100.00,100.00,1,0.010000,0,0
3370,20,0.00,0.00,0,0.010000,10,0
3371,20,49.00,39.00,0,0.010000,10,1
3372,20,85.00,135.00,0,0.010000,10,0
3373,20,85.00,135.00,0,0.010000,10,0
3374,20,93.00,93.00,0,0.010000,12,0
3375,20,85.00,135.00,0,0.010000,10,0
3376,20,153.00,123.00,0,0.010000,9,0
3377,0,0.00,0.00,1,0.010000,0,0
3378,2,100.00,100.00,1,0.010000,0,0
3379,2,100.00,100.00,1,0.010000,0,0
3380,20,49.00,39.00,0,0.010000,10,0
3381,20,0.00,0.00,0,0.010000,10,0
3382,0,0.00,0.00,1,0.010000,0,0
3383,20,-28.00,-38.00,0,0.010000,13,8
3384,20,93.00,93.00,0,0.010000,12,0
3385,20,85.00,135.00,0,0.010000,10,0
3386,20,153.00,123.00,0,0.010000,9,0
3387,20,39.00,49.00,0,0.010000,10,0
3388,2,100.00,100.00,1,0.010000,0,0
3389,2,100.00,100.00,1,0.010000,0,0
3390,20,0.00,0.00,0,0.010000,10,0
3391,20,0.00,0.00,0,0.010000,10,0
3392,0,0.00,0.00,1,0.010000,0,0
3393,20,144.00,94.00,0,0.010000,10,0
3394,20,93.00,93.00,0,0.010000,12,0
3395,20,85.00,135.00,0,0.010000,10,0
3396,20,73.00,43.00,0,0.010000,10,0
3397,20,-7.00,3.00,0,0.010000,14,0
3398,2,100.00,100.00,1,0.010000,0,0
3399,2,100.00,100.00,1,0.010000,0,0
3400,20,0.00,0.00,0,0.010000,10,0
3401,20,0.00,0.00,0,0.010000,10,0
3402,2,100.00,100.00,1,0.010000,0,0
3403,20,-58.00,-38.00,0,0.010000,12,6
3404,20,93.00,93.00,0,0.010000,12,0
3405,20,85.00,135.00,0,0.010000,10,0
3406,20,153.00,123.00,0,0.010000,9,0
3407,20,43.00,43.00,0,0.010000,13,0
3408,2,100.00,100.00,1,0.010000,0,0
3409,2,100.00,100.00,1,0.010000,0,0
3410,20,0.00,0.00,0,0.010000,10,0
3411,20,0.00,0.00,0,0.010000,10,0
3412,20,-7.00,3.00,0,0.010000,14,0
3413,20,13.00,-7.00,0,0.010000,11,5
3414,20,93.00,93.00,0,0.010000,12,0
3415,20,85.00,135.00,0,0.010000,10,0
3416,20,122.00,102.00,0,0.010000,9,0
3417,20,43.00,43.00,0,0.010000,13,0
3418,2,100.00,100.00,1,0.010000,0,0
3419,2,100.00,100.00,1,0.010000,0,0
3420,20,0.00,0.00,0,0.010000,10,0
3421,20,0.00,0.00,0,0.010000,10,0
3422,1,50.00,50.00,1,0.010000,0,0
3423,0,0.00,0.00,1,0.010000,0,0
3424,20,93.00,93.00,0,0.010000,12,0
3425,20,85.00,135.00,0,0.010000,10,0
3426,20,153.00,123.00,0,0.010000,9,0
3427,2,100.00,100.00,1,0.010000,0,0
3428,2,100.00,100.00,1,0.010000,0,0
3429,2,100.00,100.00,1,0.010000,0,0
3430,20,0.00,0.00,0,0.010000,10,0
3431,20,0.00,0.00,0,0.010000,10,0
3432,20,55.00,5.00,0,0.010000,11,0
3433,20,54.00,94.00,0,0.010000,11,1
3434,20,93.00,93.00,0,0.010000,12,0
3435,20,85.00,135.00,0,0.010000,10,0
3436,20,108.00,78.00,0,0.010000,9,1
3437,1,50.00,50.00,1,0.010000,0,0
3438,2,100.00,100.00,1,0.010000,0,0
3439,2,100.00,100.00,1,0.010000,0,0
3440,20,0.00,0.00,0,0.010000,10,0
3441,20,0.00,0.00,0,0.010000,10,0
3442,20,-87.00,-57.00,0,0.010000,15,6
3443,1,50.00,50.00,1,0.010000,0,0
3444,20,93.00,93.00,0,0.010000,12,0
3445,20,85.00,135.00,0,0.010000,10,0
3446,20,153.00,123.00,0,0.010000,9,0
3447,20,144.00,94.00,0,0.010000,10,0
3448,2,100.00,100.00,1,0.010000,0,0
3449,2,100.00,100.00,1,0.010000,0,0
3450,20,27.00,37.00,0,0.010000,11,0
3451,20,0.00,0.00,0,0.010000,10,0
3452,1,50.00,50.00,1,0.010000,0,0
3453,1,50.00,50.00,1,0.010000,0,0
3454,20,93.00,93.00,0,0.010000,12,0
3455,20,124.00,174.00,0,0.010000,10,1
3456,20,153.00,123.00,0,0.010000,9,0
3457,20,49.00,39.00,0,0.010000,10,0
3458,2,100.00,100.00,1,0.010000,0,0
3459,2,100.00,100.00,1,0.010000,0,0
3460,20,0.00,0.00,0,0.010000,10,0
3461,20,0.00,0.00,0,0.010000,10,0
3462,20,23.00,3.00,0,0.010000,11,0
3463,1,50.00,50.00,1,0.010000,0,0
3464,20,93.00,93.00,0,0.010000,12,0
3465,20,85.00,135.00,0,0.010000,10,0
3466,20,153.00,123.00,0,0.010000,9,0
3467,20,144.00,184.00,0,0.010000,9,0
3468,2,100.00,100.00,1,0.010000,0,0
3469,2,100.00,100.00,1,0.010000,0,0
3470,20,0.00,0.00,0,0.010000,10,0
3471,20,0.00,0.00,0,0.010000,10,0
3472,2,100.00,100.00,1,0.010000,0,0
3473,0,0.00,0.00,1,0.010000,0,0
3474,20,93.00,93.00,0,0.010000,12,0
3475,20,85.00,135.00,0,0.010000,10,0
3476,20,153.00,123.00,0,0.010000,9,0
3477,20,73.00,43.00,0,0.010000,10,0
3478,2,100.00,100.00,1,0.010000,0,0
3479,2,100.00,100.00,1,0.010000,0,0
3480,20,0.00,0.00,0,0.010000,10,0
3481,20,0.00,0.00,0,0.010000,10,0
3482,2,100.00,100.00,1,0.010000,0,0
3483,0,0.00,0.00,1,0.010000,0,0
3484,20,93.00,93.00,0,0.010000,12,0
3485,20,85.00,135.00,0,0.010000,10,0
3486,20,153.00,123.00,0,0.010000,9,0
3487,20,0.00,0.00,0,0.010000,10,0
3488,2,100.00,100.00,1,0.010000,0,0
3489,2,100.00,100.00,1,0.010000,0,0
3490,20,0.00,0.00,0,0.010000,10,0
3491,20,0.00,0.00,0,0.010000,10,0
3492,0,0.00,0.00,1,0.010000,0,0
3493,0,0.00,0.00,1,0.010000,0,0
3494,20,93.00,93.00,0,0.010000,12,0
3495,20,85.00,135.00,0,0.010000,10,0
3496,20,153.00,123.00,0,0.010000,9,0
3497,0,0.00,0.00,1,0.010000,0,0
3498,2,100.00,100.00,1,0.010000,0,0
3499,2,100.00,100.00,1,0.010000,0,0
3500,20,0.00,0.00,0,0.010000,10,0
3501,20,0.00,0.00,0,0.010000,10,0
3502,0,0.00,0.00,1,0.010000,0,0
3503,20,113.00,73.00,0,0.010000,10,0
3504,20,53.00,43.00,0,0.010000,13,1
3505,20,85.00,135.00,0,0.010000,10,0
3506,20,103.00,73.00,0,0.010000,10,1
3507,20,-48.00,-48.00,0,0.010000,12,6
3508,2,100.00,100.00,1,0.010000,0,0
3509,2,100.00,100.00,1,0.010000,0,0
3510,20,39.00,39.00,0,0.010000,10,1
3511,20,0.00,0.00,0,0.010000,10,0
3512,2,100.00,100.00,1,0.010000,0,0
3513,20,-31.00,-41.00,0,0.010000,12,3
3514,20,93.00,93.00,0,0.010000,12,0
3515,20,85.00,135.00,0,0.010000,10,0
3516,20,153.00,123.00,0,0.010000,9,0
3517,20,-11.00,-31.00,0,0.010000,13,8
3518,2,100.00,100.00,1,0.010000,0,0
3519,2,100.00,100.00,1,0.010000,0,0
3520,20,0.00,0.00,0,0.010000,10,0
3521,20,0.00,0.00,0,0.010000,10,0
3522,0,0.00,0.00,1,0.010000,0,0
3523,20,-68.00,-68.00,0,0.010000,11,2
3524,20,93.00,93.00,0,0.010000,12,0
3525,20,85.00,135.00,0,0.010000,10,0
3526,20,153.00,123.00,0,0.010000,9,0
3527,20,-2.00,8.00,0,0.010000,12,3
3528,2,100.00,100.00,1,0.010000,0,0
3529,2,100.00,100.00,1,0.010000,0,0
3530,20,0.00,0.00,0,0.010000,10,0
3531,20,0.00,0.00,0,0.010000,10,0
3532,0,0.00,0.00,1,0.010000,0,0
3533,20,-4.00,-24.00,0,0.010000,13,4
3534,20,93.00,93.00,0,0.010000,12,0
3535,20,85.00,135.00,0,0.010000,10,0
3536,20,153.00,123.00,0,0.010000,9,0
3537,20,8.00,-2.00,0,0.010000,12,5
3538,2,100.00,100.00,1,0.010000,0,0
3539,2,100.00,100.00,1,0.010000,0,0
3540,20,0.00,0.00,0,0.010000,10,0
3541,20,49.00,39.00,0,0.010000,10,1
3542,20,-70.00,-60.00,0,0.010000,13,7
3543,20,3.00,-7.00,0,0.010000,14,0
3544,20,93.00,93.00,0,0.010000,12,0
3545,20,85.00,135.00,0,0.010000,10,0
3546,20,153.00,123.00,0,0.010000,9,0
3547,1,50.00,50.00,1,0.010000,0,0
3548,2,100.00,100.00,1,0.010000,0,0
3549,2,100.00,100.00,1,0.010000,0,0
3550,20,0.00,0.00,0,0.010000,10,0
3551,20,0.00,0.00,0,0.010000,10,0
3552,20,-48.00,-58.00,0,0.010000,12,6
3553,0,0.00,0.00,1,0.010000,0,0
3554,20,93.00,93.00,0,0.010000,12,0
3555,20,85.00,135.00,0,0.010000,10,0
3556,20,153.00,123.00,0,0.010000,9,0
3557,1,50.00,50.00,1,0.010000,0,0
3558,2,100.00,100.00,1,0.010000,0,0
3559,2,100.00,100.00,1,0.010000,0,0
3560,20,0.00,0.00,0,0.010000,10,0
3561,20,0.00,0.00,0,0.010000,10,0
3562,20,-21.00,-21.00,0,0.010000,15,6
3563,20,153.00,123.00,0,0.010000,9,0
3564,20,93.00,93.00,0,0.010000,12,0
3565,20,85.00,135.00,0,0.010000,10,0
3566,20,153.00,123.00,0,0.010000,9,0
3567,0,0.00,0.00,1,0.010000,0,0
3568,2,100.00,100.00,1,0.010000,0,0
3569,2,100.00,100.00,1,0.010000,0,0
3570,20,0.00,0.00,0,0.010000,10,0
3571,20,0.00,0.00,0,0.010000,10,0
3572,0,0.00,0.00,1,0.010000,0,0
3573,20,113.00,73.00,0,0.010000,10,0
3574,20,48.00,48.00,0,0.010000,12,1
3575,20,85.00,135.00,0,0.010000,10,0
3576,20,153.00,123.00,0,0.010000,9,0
3577,20,-87.00,-97.00,0,0.010000,12,5
3578,2,100.00,100.00,1,0.010000,0,0
3579,2,100.00,100.00,1,0.010000,0,0
3580,20,0.00,0.00,0,0.010000,10,0
3581,20,0.00,0.00,0,0.010000,10,0
3582,20,0.00,0.00,0,0.010000,10,0
3583,20,85.00,135.00,0,0.010000,10,0
3584,20,93.00,93.00,0,0.010000,12,0
3585,20,85.00,135.00,0,0.010000,10,0
3586,20,153.00,123.00,0,0.010000,9,0
3587,1,50.00,50.00,1,0.010000,0,0
3588,2,100.00,100.00,1,0.010000,0,0
3589,2,100.00,100.00,1,0.010000,0,0
3590,20,0.00,0.00,0,0.010000,10,0
3591,20,0.00,0.00,0,0.010000,10,0
3592,20,94.00,144.00,0,0.010000,10,0
3593,0,0.00,0.00,1,0.010000,0,0
3594,20,93.00,93.00,0,0.010000,12,0
3595,20,85.00,135.00,0,0.010000,10,0
3596,20,153.00,123.00,0,0.010000,9,0
3597,20,-31.00,-41.00,0,0.010000,12,3
3598,2,100.00,100.00,1,0.010000,0,0
3599,2,100.00,100.00,1,0.010000,0,0
3600,20,0.00,0.00,0,0.010000,10,0
3601,20,0.00,0.00,0,0.010000,10,0
3602,0,0.00,0.00,1,0.010000,0,0
3603,2,100.00,100.00,1,0.010000,0,0
3604,20,93.00,93.00,0,0.010000,12,0
3605,20,85.00,135.00,0,0.010000,10,0
3606,20,153.00,123.00,0,0.010000,9,0
3607,20,43.00,43.00,0,0.010000,13,0
3608,2,100.00,100.00,1,0.010000,0,0
3609,2,100.00,100.00,1,0.010000,0,0
3610,20,0.00,0.00,0,0.010000,10,0
3611,20,39.00,39.00,0,0.010000,10,1
3612,1,50.00,50.00,1,0.010000,0,0
3613,20,64.00,34.00,0,0.010000,10,0
3614,20,93.00,93.00,0,0.010000,12,0
3615,20,85.00,135.00,0,0.010000,10,0
3616,20,153.00,123.00,0,0.010000,9,0
3617,20,0.00,0.00,0,0.010000,10,0
3618,2,100.00,100.00,1,0.010000,0,0
3619,2,100.00,100.00,1,0.010000,0,0
3620,20,0.00,0.00,0,0.010000,10,0
3621,20,0.00,0.00,0,0.010000,10,0
3622,0,0.00,0.00,1,0.010000,0,0
3623,20,113.00,73.00,0,0.010000,10,0
3624,20,93.00,93.00,0,0.010000,12,0
3625,20,85.00,135.00,0,0.010000,10,0
3626,20,153.00,123.00,0,0.010000,9,0
3627,0,0.00,0.00,1,0.010000,0,0
3628,2,100.00,100.00,1,0.010000,0,0
3629,2,100.00,100.00,1,0.010000,0,0
3630,20,0.00,0.00,0,0.010000,10,0
3631,20,0.00,0.00,0,0.010000,10,0
3632,20,0.00,0.00,0,0.010000,10,0
3633,1,50.00,50.00,1,0.010000,0,0
3634,20,93.00,93.00,0,0.010000,12,0
3635,20,85.00,135.00,0,0.010000,10,0
3636,20,153.00,123.00,0,0.010000,9,0
3637,20,3.00,13.00,0,0.010000,11,5
3638,2,100.00,100.00,1,0.010000,0,0
3639,2,100.00,100.00,1,0.010000,0,0
3640,20,0.00,0.00,0,0.010000,10,0
3641,20,0.00,0.00,0,0.010000,10,0
3642,20,0.00,0.00,0,0.010000,10,0
3643,20,-63.00,-53.00,0,0.010000,13,5
3644,20,93.00,93.00,0,0.010000,12,0
3645,20,85.00,135.00,0,0.010000,10,0
3646,20,153.00,123.00,0,0.010000,9,0
3647,20,73.00,43.00,0,0.010000,10,0
3648,2,100.00,100.00,1,0.010000,0,0
3649,2,100.00,100.00,1,0.010000,0,0
3650,20,0.00,0.00,0,0.010000,10,0
3651,20,39.00,49.00,0,0.010000,10,1
3652,20,-73.00,-63.00,0,0.010000,12,0
3653,20,3.00,13.00,0,0.010000,11,3
3654,20,93.00,93.00,0,0.010000,12,0
3655,20,85.00,135.00,0,0.010000,10,0
3656,20,103.00,73.00,0,0.010000,10,1
3657,1,50.00,50.00,1,0.010000,0,0
3658,2,100.00,100.00,1,0.010000,0,0
3659,2,100.00,100.00,1,0.010000,0,0
3660,20,0.00,0.00,0,0.010000,10,0
3661,20,0.00,0.00,0,0.010000,10,0
3662,20,0.00,0.00,0,0.010000,10,0
3663,0,0.00,0.00,1,0.010000,0,0
3664,20,93.00,93.00,0,0.010000,12,0
3665,20,85.00,135.00,0,0.010000,10,0
3666,20,153.00,123.00,0,0.010000,9,0
3667,0,0.00,0.00,1,0.010000,0,0
3668,2,100.00,100.00,1,0.010000,0,0
3669,2,100.00,100.00,1,0.010000,0,0
3670,20,0.00,0.00,0,0.010000,10,0
3671,20,0.00,0.00,0,0.010000,10,0
3672,1,50.00,50.00,1,0.010000,0,0
3673,0,0.00,0.00,1,0.010000,0,0
3674,20,93.00,93.00,0,0.010000,12,0
3675,20,85.00,135.00,0,0.010000,10,0
3676,20,153.00,123.00,0,0.010000,9,0
3677,0,0.00,0.00,1,0.010000,0,0
3678,2,100.00,100.00,1,0.010000,0,0
3679,2,100.00,100.00,1,0.010000,0,0
3680,20,39.00,49.00,0,0.010000,10,1
3681,20,0.00,0.00,0,0.010000,10,0
3682,20,85.00,135.00,0,0.010000,10,0
3683,1,50.00,50.00,1,0.010000,0,0
3684,20,93.00,93.00,0,0.010000,12,0
3685,20,85.00,135.00,0,0.010000,10,0
3686,20,153.00,123.00,0,0.010000,9,0
3687,20,-22.00,-2.00,0,0.010000,11,1
3688,2,100.00,100.00,1,0.010000,0,0
3689,2,100.00,100.00,1,0.010000,0,0
3690,20,0.00,0.00,0,0.010000,10,0
3691,20,0.00,0.00,0,0.010000,10,0
3692,20,-34.00,-24.00,0,0.010000,12,3
3693,1,50.00,50.00,1,0.010000,0,0
3694,20,93.00,93.00,0,0.010000,12,0
3695,20,85.00,135.00,0,0.010000,10,0
3696,20,153.00,123.00,0,0.010000,9,0
3697,0,0.00,0.00,1,0.010000,0,0
3698,2,100.00,100.00,1,0.010000,0,0
3699,2,100.00,100.00,1,0.010000,0,0
3700,20,0.00,0.00,0,0.010000,10,0
3701,20,0.00,0.00,0,0.010000,10,0
3702,20,-92.00,-92.00,0,0.010000,13,3
3703,0,0.00,0.00,1,0.010000,0,0
3704,20,93.00,93.00,0,0.010000,12,0
3705,20,85.00,135.00,0,0.010000,10,0
3706,20,153.00,123.00,0,0.010000,9,0
3707,20,1.00,-9.00,0,0.010000,12,7
3708,2,100.00,100.00,1,0.010000,0,0
3709,2,100.00,100.00,1,0.010000,0,0
3710,20,0.00,0.00,0,0.010000,10,0
3711,20,0.00,0.00,0,0.010000,10,0
3712,20,64.00,34.00,0,0.010000,10,0
3713,1,50.00,50.00,1,0.010000,0,0
3714,20,93.00,93.00,0,0.010000,12,0
3715,20,85.00,135.00,0,0.010000,10,0
3716,20,153.00,123.00,0,0.010000,9,0
3717,20,27.00,27.00,0,0.010000,11,1
3718,2,100.00,100.00,1,0.010000,0,0
3719,2,100.00,100.00,1,0.010000,0,0
3720,20,0.00,0.00,0,0.010000,10,0
3721,20,0.00,0.00,0,0.010000,10,0
3722,0,0.00,0.00,1,0.010000,0,0
3723,0,0.00,0.00,1,0.010000,0,0
3724,20,43.00,53.00,0,0.010000,13,1
3725,20,85.00,135.00,0,0.010000,10,0
3726,20,153.00,123.00,0,0.010000,9,0
3727,20,3.00,3.00,0,0.010000,14,0
3728,2,100.00,100.00,1,0.010000,0,0
3729,2,100.00,100.00,1,0.010000,0,0
3730,20,39.00,49.00,0,0.010000,10,1
3731,20,0.00,0.00,0,0.010000,10,0
3732,0,0.00,0.00,1,0.010000,0,0
3733,20,144.00,94.00,0,0.010000,10,0
3734,20,93.00,93.00,0,0.010000,12,0
3735,20,85.00,135.00,0,0.010000,10,0
3736,20,153.00,123.00,0,0.010000,9,0
3737,20,-80.00,-80.00,0,0.010000,12,3
3738,2,100.00,100.00,1,0.010000,0,0
3739,2,100.00,100.00,1,0.010000,0,0
3740,20,0.00,0.00,0,0.010000,10,0
3741,20,0.00,0.00,0,0.010000,10,0
3742,0,0.00,0.00,1,0.010000,0,0
3743,0,0.00,0.00,1,0.010000,0,0
3744,20,93.00,93.00,0,0.010000,12,0
3745,20,85.00,135.00,0,0.010000,10,0
3746,20,153.00,123.00,0,0.010000,9,0
3747,0,0.00,0.00,1,0.010000,0,0
3748,2,100.00,100.00,1,0.010000,0,0
3749,2,100.00,100.00,1,0.010000,0,0
3750,20,0.00,0.00,0,0.010000,10,0
3751,20,0.00,0.00,0,0.010000,10,0
3752,0,0.00,0.00,1,0.010000,0,0
3753,20,39.00,49.00,0,0.010000,10,1
3754,20,93.00,93.00,0,0.010000,12,0
3755,20,85.00,135.00,0,0.010000,10,0
3756,20,153.00,123.00,0,0.010000,9,0
3757,20,39.00,49.00,0,0.010000,10,0
3758,2,100.00,100.00,1,0.010000,0,0
3759,2,100.00,100.00,1,0.010000,0,0
3760,20,0.00,0.00,0,0.010000,10,0
3761,20,0.00,0.00,0,0.010000,10,0
3762,1,50.00,50.00,1,0.010000,0,0
3763,1,50.00,50.00,1,0.010000,0,0
3764,20,93.00,93.00,0,0.010000,12,0
3765,20,85.00,135.00,0,0.010000,10,0
3766,20,153.00,123.00,0,0.010000,9,0
3767,0,0.00,0.00,1,0.010000,0,0
3768,2,100.00,100.00,1,0.010000,0,0
3769,2,100.00,100.00,1,0.010000,0,0
3770,20,39.00,49.00,0,0.010000,10,1
3771,20,39.00,39.00,0,0.010000,10,1
3772,0,0.00,0.00,1,0.010000,0,0
3773,1,50.00,50.00,1,0.010000,0,0
3774,20,93.00,93.00,0,0.010000,12,0
3775,20,124.00,174.00,0,0.010000,10,1
3776,20,153.00,123.00,0,0.010000,9,0
3777,2,100.00,100.00,1,0.010000,0,0
3778,2,100.00,100.00,1,0.010000,0,0
3779,2,100.00,100.00,1,0.010000,0,0
3780,20,0.00,0.00,0,0.010000,10,0
3781,20,0.00,0.00,0,0.010000,10,0
3782,20,0.00,0.00,0,0.010000,10,0
3783,20,85.00,135.00,0,0.010000,10,0
3784,20,13.00,-7.00,0,0.010000,14,0
3785,20,85.00,135.00,0,0.010000,10,0
3786,20,153.00,123.00,0,0.010000,9,0
3787,1,50.00,50.00,1,0.010000,0,0
3788,2,100.00,100.00,1,0.010000,0,0
3789,2,100.00,100.00,1,0.010000,0,0
3790,20,0.00,0.00,0,0.010000,10,0
3791,20,0.00,0.00,0,0.010000,10,0
3792,2,100.00,100.00,1,0.010000,0,0
3793,20,-87.00,-97.00,0,0.010000,12,5
3794,20,93.00,93.00,0,0.010000,12,0
3795,20,85.00,135.00,0,0.010000,10,0
3796,20,153.00,123.00,0,0.010000,9,0
3797,1,50.00,50.00,1,0.010000,0,0
3798,2,100.00,100.00,1,0.010000,0,0
3799,2,100.00,100.00,1,0.010000,0,0
3800,20,0.00,0.00,0,0.010000,10,0
3801,20,0.00,0.00,0,0.010000,10,0
3802,20,-48.00,-58.00,0,0.010000,12,6
3803,20,43.00,43.00,0,0.010000,13,0
3804,20,93.00,93.00,0,0.010000,12,0
3805,20,124.00,184.00,0,0.010000,10,1
3806,20,153.00,123.00,0,0.010000,9,0
3807,0,0.00,0.00,1,0.010000,0,0
3808,2,100.00,100.00,1,0.010000,0,0
3809,2,100.00,100.00,1,0.010000,0,0
3810,20,0.00,0.00,0,0.010000,10,0
3811,20,0.00,0.00,0,0.010000,10,0
3812,20,85.00,135.00,0,0.010000,10,0
3813,0,0.00,0.00,1,0.010000,0,0
3814,20,93.00,93.00,0,0.010000,12,0
3815,20,124.00,174.00,0,0.010000,10,1
3816,20,153.00,123.00,0,0.010000,9,0
3817,0,0.00,0.00,1,0.010000,0,0
3818,2,100.00,100.00,1,0.010000,0,0
3819,2,100.00,100.00,1,0.010000,0,0
3820,20,0.00,0.00,0,0.010000,10,0
3821,20,-2.00,-22.00,0,0.010000,11,0
3822,20,0.00,0.00,0,0.010000,10,0
3823,20,-14.00,-4.00,0,0.010000,13,5
3824,20,93.00,93.00,0,0.010000,12,0
3825,20,124.00,184.00,0,0.010000,10,1
3826,20,153.00,123.00,0,0.010000,9,0
3827,20,-65.00,-65.00,0,0.010000,14,5
3828,2,100.00,100.00,1,0.010000,0,0
3829,2,100.00,100.00,1,0.010000,0,0
3830,20,0.00,0.00,0,0.010000,10,0
3831,20,-31.00,-41.00,0,0.010000,12,4
3832,20,-17.00,-7.00,0,0.010000,10,1
3833,20,73.00,43.00,0,0.010000,10,0
3834,20,93.00,93.00,0,0.010000,12,0
3835,20,124.00,174.00,0,0.010000,10,1
3836,20,153.00,123.00,0,0.010000,9,0
3837,20,-87.00,-87.00,0,0.010000,15,7
3838,2,100.00,100.00,1,0.010000,0,0
3839,2,100.00,100.00,1,0.010000,0,0
3840,20,0.00,0.00,0,0.010000,10,0
3841,20,0.00,0.00,0,0.010000,10,0
3842,1,50.00,50.00,1,0.010000,0,0
3843,0,0.00,0.00,1,0.010000,0,0
3844,20,93.00,93.00,0,0.010000,12,0
3845,20,85.00,135.00,0,0.010000,10,0
3846,20,153.00,123.00,0,0.010000,9,0
3847,20,20.00,20.00,0,0.010000,11,3
3848,2,100.00,100.00,1,0.010000,0,0
3849,2,100.00,100.00,1,0.010000,0,0
3850,20,0.00,0.00,0,0.010000,10,0
3851,20,0.00,0.00,0,0.010000,10,0
3852,20,49.00,39.00,0,0.010000,10,0
3853,0,0.00,0.00,1,0.010000,0,0
3854,20,43.00,43.00,0,0.010000,13,1
3855,20,85.00,135.00,0,0.010000,10,0
3856,20,73.00,43.00,0,0.010000,10,0
3857,20,89.00,129.00,0,0.010000,10,2
3858,2,100.00,100.00,1,0.010000,0,0
3859,2,100.00,100.00,1,0.010000,0,0
3860,20,0.00,0.00,0,0.010000,10,0
3861,20,0.00,0.00,0,0.010000,10,0
3862,0,0.00,0.00,1,0.010000,0,0
3863,20,85.00,135.00,0,0.010000,10,0
3864,20,93.00,93.00,0,0.010000,12,0
3865,20,144.00,164.00,0,0.010000,10,0
3866,20,153.00,123.00,0,0.010000,9,0
3867,1,50.00,50.00,1,0.010000,0,0
3868,2,100.00,100.00,1,0.010000,0,0
3869,2,100.00,100.00,1,0.010000,0,0
3870,20,0.00,0.00,0,0.010000,10,0
3871,20,0.00,0.00,0,0.010000,10,0
3872,0,0.00,0.00,1,0.010000,0,0
3873,2,100.00,100.00,1,0.010000,0,0
3874,20,93.00,93.00,0,0.010000,12,0
3875,20,85.00,135.00,0,0.010000,10,0
3876,20,153.00,123.00,0,0.010000,9,0
3877,20,30.00,10.00,0,0.010000,11,3
3878,2,100.00,100.00,1,0.010000,0,0
3879,2,100.00,100.00,1,0.010000,0,0
3880,20,0.00,0.00,0,0.010000,10,0
3881,20,0.00,0.00,0,0.010000,10,0
3882,2,100.00,100.00,1,0.010000,0,0
3883,0,0.00,0.00,1,0.010000,0,0
3884,20,93.00,93.00,0,0.010000,12,0
3885,20,85.00,135.00,0,0.010000,10,0
3886,20,153.00,123.00,0,0.010000,9,0
3887,0,0.00,0.00,1,0.010000,0,0
3888,2,100.00,100.00,1,0.010000,0,0
3889,2,100.00,100.00,1,0.010000,0,0
3890,20,0.00,0.00,0,0.010000,10,0
3891,20,0.00,0.00,0,0.010000,10,0
3892,20,144.00,94.00,0,0.010000,10,0
3893,0,0.00,0.00,1,0.010000,0,0
3894,20,93.00,93.00,0,0.010000,12,0
3895,20,85.00,135.00,0,0.010000,10,0
3896,20,153.00,123.00,0,0.010000,9,0
3897,1,50.00,50.00,1,0.010000,0,0
3898,2,100.00,100.00,1,0.010000,0,0
3899,2,100.00,100.00,1,0.010000,0,0
3900,20,0.00,0.00,0,0.010000,10,0
3901,20,44.00,44.00,0,0.010000,9,1
3902,20,85.00,135.00,0,0.010000,10,0
3903,20,10.00,20.00,0,0.010000,11,4
3904,20,93.00,93.00,0,0.010000,12,0
3905,20,85.00,135.00,0,0.010000,10,0
3906,20,153.00,123.00,0,0.010000,9,0
3907,1,50.00,50.00,1,0.010000,0,0
3908,2,100.00,100.00,1,0.010000,0,0
3909,2,100.00,100.00,1,0.010000,0,0
3910,20,0.00,0.00,0,0.010000,10,0
3911,20,0.00,0.00,0,0.010000,10,0
3912,0,0.00,0.00,1,0.010000,0,0
3913,0,0.00,0.00,1,0.010000,0,0
3914,20,43.00,53.00,0,0.010000,13,1
3915,20,85.00,135.00,0,0.010000,10,0
3916,20,153.00,123.00,0,0.010000,9,0
3917,0,0.00,0.00,1,0.010000,0,0
3918,2,100.00,100.00,1,0.010000,0,0
3919,2,100.00,100.00,1,0.010000,0,0
3920,20,0.00,0.00,0,0.010000,10,0
3921,20,39.00,49.00,0,0.010000,10,1
3922,20,43.00,43.00,0,0.010000,13,0
3923,20,99.00,49.00,0,0.010000,10,1
3924,20,93.00,93.00,0,0.010000,12,0
3925,20,85.00,135.00,0,0.010000,10,0
3926,20,153.00,123.00,0,0.010000,9,0
3927,20,-58.00,-38.00,0,0.010000,12,6
3928,2,100.00,100.00,1,0.010000,0,0
3929,2,100.00,100.00,1,0.010000,0,0
3930,20,0.00,0.00,0,0.010000,10,0
3931,20,0.00,0.00,0,0.010000,10,0
3932,20,-4.00,-4.00,0,0.010000,13,3
3933,20,144.00,94.00,0,0.010000,10,0
3934,20,93.00,93.00,0,0.010000,12,0
3935,20,85.00,135.00,0,0.010000,10,0
3936,20,103.00,83.00,0,0.010000,10,1
3937,20,3.00,-7.00,0,0.010000,14,0
3938,2,100.00,100.00,1,0.010000,0,0
3939,2,100.00,100.00,1,0.010000,0,0
3940,20,0.00,0.00,0,0.010000,10,0
3941,20,0.00,0.00,0,0.010000,10,0
3942,20,135.00,85.00,0,0.010000,10,0
3943,0,0.00,0.00,1,0.010000,0,0
3944,20,93.00,93.00,0,0.010000,12,0
3945,20,85.00,135.00,0,0.010000,10,0
3946,20,153.00,123.00,0,0.010000,9,0
3947,20,85.00,135.00,0,0.010000,10,0
3948,2,100.00,100.00,1,0.010000,0,0
3949,2,100.00,100.00,1,0.010000,0,0
3950,20,0.00,0.00,0,0.010000,10,0
3951,20,0.00,0.00,0,0.010000,10,0
3952,20,3.00,13.00,0,0.010000,11,5
3953,20,-22.00,-12.00,0,0.010000,11,1
3954,20,93.00,93.00,0,0.010000,12,0
3955,20,85.00,135.00,0,0.010000,10,0
3956,20,153.00,123.00,0,0.010000,9,0
3957,0,0.00,0.00,1,0.010000,0,0
3958,2,100.00,100.00,1,0.010000,0,0
3959,2,100.00,100.00,1,0.010000,0,0
3960,20,0.00,0.00,0,0.010000,10,0
3961,20,0.00,0.00,0,0.010000,10,0
3962,0,0.00,0.00,1,0.010000,0,0
3963,20,30.00,10.00,0,0.010000,11,3
3964,20,93.00,93.00,0,0.010000,12,0
3965,20,85.00,135.00,0,0.010000,10,0
3966,20,153.00,123.00,0,0.010000,9,0
3967,0,0.00,0.00,1,0.010000,0,0
3968,2,100.00,100.00,1,0.010000,0,0
3969,2,100.00,100.00,1,0.010000,0,0
3970,20,0.00,0.00,0,0.010000,10,0
3971,20,0.00,0.00,0,0.010000,10,0
3972,20,135.00,85.00,0,0.010000,10,0
3973,0,0.00,0.00,1,0.010000,0,0
3974,20,93.00,93.00,0,0.010000,12,0
3975,20,85.00,135.00,0,0.010000,10,0
3976,20,153.00,123.00,0,0.010000,9,0
3977,0,0.00,0.00,1,0.010000,0,0
3978,2,100.00,100.00,1,0.010000,0,0
3979,2,100.00,100.00,1,0.010000,0,0
3980,20,0.00,0.00,0,0.010000,10,0
3981,20,0.00,0.00,0,0.010000,10,0
3982,20,113.00,73.00,0,0.010000,10,0
3983,0,0.00,0.00,1,0.010000,0,0
3984,20,93.00,93.00,0,0.010000,12,0
3985,20,104.00,134.00,0,0.010000,10,1
3986,20,153.00,123.00,0,0.010000,9,0
3987,0,0.00,0.00,1,0.010000,0,0
3988,2,100.00,100.00,1,0.010000,0,0
3989,2,100.00,100.00,1,0.010000,0,0
3990,20,0.00,0.00,0,0.010000,10,0
3991,20,39.00,49.00,0,0.010000,10,1
3992,0,0.00,0.00,1,0.010000,0,0
3993,20,0.00,0.00,0,0.010000,10,0
3994,20,93.00,93.00,0,0.010000,12,0
3995,20,144.00,184.00,0,0.010000,9,0
3996,20,153.00,123.00,0,0.010000,9,0
3997,0,0.00,0.00,1,0.010000,0,0
3998,2,100.00,100.00,1,0.010000,0,0
3999,2,100.00,100.00,1,0.010000,0,0

# Summary
# FirstGoalEpisode,8
# TotalGoalCount,1062
# GoalRate_last100,0.34
